stem,canonical_raw_path,machine,serial_number,filename_date,width,height,aspect_ratio,channels,dtype,bit_depth,file_size_bytes,intensity_definition,min_intensity,max_intensity,mean_intensity,std_intensity,p01,p05,p25,p50,p75,p95,p99,dynamic_range,min_value_pixel_fraction,max_value_pixel_fraction,colored_palette_entries,notes
001_20200622_203305(8),4. X-ray 검사장비 AI 데이터셋/dataset/test1/yolov3/X선이물검출기(06.23_09.22)/3호기(2020.09.22)/SN12053_20200622_NgImage/001_20200622_203305(8).bmp,3호기(2020.09.22),SN12053,20200622,576,444,1.2972972972972974,1 indexed channel with RGB palette,uint8 palette index,8,256822,BT.601 luma decoded from BMP palette; no artifact removal,26.999999999999996,210.0,191.8061646803053,37.22593816473744,85.0,103.99999999999999,206.0,210.0,210.0,210.0,210.0,183.0,3.91016016016016e-06,0.6512645457957958,12,Basic whole-image structural statistic; colored palette entries remain present.
001_20200622_203309(1),4. X-ray 검사장비 AI 데이터셋/dataset/test1/yolov3/X선이물검출기(06.23_09.22)/3호기(2020.09.22)/SN12053_20200622_NgImage/001_20200622_203309(1).bmp,3호기(2020.09.22),SN12053,20200622,576,444,1.2972972972972974,1 indexed channel with RGB palette,uint8 palette index,8,256822,BT.601 luma decoded from BMP palette; no artifact removal,29.07,210.0,191.9439677177177,37.309307365609996,84.0,103.0,206.0,210.0,210.0,210.0,210.0,180.93,0.00028153153153153153,0.6703187562562563,12,Basic whole-image structural statistic; colored palette entries remain present.
001_20200622_203312(6),4. X-ray 검사장비 AI 데이터셋/dataset/test1/yolov3/X선이물검출기(06.23_09.22)/3호기(2020.09.22)/SN12053_20200622_NgImage/001_20200622_203312(6).bmp,3호기(2020.09.22),SN12053,20200622,576,444,1.2972972972972974,1 indexed channel with RGB palette,uint8 palette index,8,256822,BT.601 luma decoded from BMP palette; no artifact removal,47.0,225.93,191.97906062312313,37.29355133721321,84.0,103.0,206.0,210.0,210.0,210.0,210.0,178.93,7.82032032032032e-06,0.000656906906906907,12,Basic whole-image structural statistic; colored palette entries remain present.
001_20200622_203316(0),4. X-ray 검사장비 AI 데이터셋/dataset/test1/yolov3/X선이물검출기(06.23_09.22)/3호기(2020.09.22)/SN12053_20200622_NgImage/001_20200622_203316(0).bmp,3호기(2020.09.22),SN12053,20200622,576,444,1.2972972972972974,1 indexed channel with RGB palette,uint8 palette index,8,256822,BT.601 luma decoded from BMP palette; no artifact removal,41.0,225.93,191.84348465653153,37.569850049681904,84.0,100.99999999999999,206.0,210.0,210.0,210.0,210.0,184.93,7.82032032032032e-06,0.00017204704704704705,12,Basic whole-image structural statistic; colored palette entries remain present.
001_20200622_203319(4),4. X-ray 검사장비 AI 데이터셋/dataset/test1/yolov3/X선이물검출기(06.23_09.22)/3호기(2020.09.22)/SN12053_20200622_NgImage/001_20200622_203319(4).bmp,3호기(2020.09.22),SN12053,20200622,576,444,1.2972972972972974,1 indexed channel with RGB palette,uint8 palette index,8,256822,BT.601 luma decoded from BMP palette; no artifact removal,29.07,210.0,191.77154396584086,37.808680699547565,83.0,100.99999999999999,206.0,210.0,210.0,210.0,210.0,180.93,0.0013294544544544544,0.6699551113613613,12,Basic whole-image structural statistic; colored palette entries remain present.
001_20200622_203330(3),4. X-ray 검사장비 AI 데이터셋/dataset/test1/yolov3/X선이물검출기(06.23_09.22)/3호기(2020.09.22)/SN12053_20200622_NgImage/001_20200622_203330(3).bmp,3호기(2020.09.22),SN12053,20200622,576,444,1.2972972972972974,1 indexed channel with RGB palette,uint8 palette index,8,256822,BT.601 luma decoded from BMP palette; no artifact removal,29.07,210.0,191.91580471096097,36.847321621101486,86.0,105.0,206.0,210.0,210.0,210.0,210.0,180.93,0.00040665665665665665,0.6642306368868869,12,Basic whole-image structural statistic; colored palette entries remain present.
001_20200623_003516(8),4. X-ray 검사장비 AI 데이터셋/dataset/test1/yolov3/X선이물검출기(06.23_09.22)/3호기(2020.09.22)/SN12053_20200623_NgImage/001_20200623_003516(8).bmp,3호기(2020.09.22),SN12053,20200623,576,444,1.2972972972972974,1 indexed channel with RGB palette,uint8 palette index,8,256822,BT.601 luma decoded from BMP palette; no artifact removal,29.07,210.0,192.12071743618617,36.54177039301701,87.99999999999999,106.0,206.0,210.0,210.0,210.0,210.0,180.93,0.0009384384384384384,0.6726961336336337,12,Basic whole-image structural statistic; colored palette entries remain present.
001_20200623_003520(5),4. X-ray 검사장비 AI 데이터셋/dataset/test1/yolov3/X선이물검출기(06.23_09.22)/3호기(2020.09.22)/SN12053_20200623_NgImage/001_20200623_003520(5).bmp,3호기(2020.09.22),SN12053,20200623,576,444,1.2972972972972974,1 indexed channel with RGB palette,uint8 palette index,8,256822,BT.601 luma decoded from BMP palette; no artifact removal,29.07,210.0,192.12494392830328,36.6523102922625,87.0,105.315,206.0,210.0,210.0,210.0,210.0,180.93,0.0010792042042042042,0.6760471408908909,12,Basic whole-image structural statistic; colored palette entries remain present.
001_20200623_003524(0),4. X-ray 검사장비 AI 데이터셋/dataset/test1/yolov3/X선이물검출기(06.23_09.22)/3호기(2020.09.22)/SN12053_20200623_NgImage/001_20200623_003524(0).bmp,3호기(2020.09.22),SN12053,20200623,576,444,1.2972972972972974,1 indexed channel with RGB palette,uint8 palette index,8,256822,BT.601 luma decoded from BMP palette; no artifact removal,29.07,210.0,192.0761985422923,36.600485906129,87.0,106.0,206.0,210.0,210.0,210.0,210.0,180.93,0.0008133133133133133,0.6667331393893894,12,Basic whole-image structural statistic; colored palette entries remain present.
001_20200623_003529(0),4. X-ray 검사장비 AI 데이터셋/dataset/test1/yolov3/X선이물검출기(06.23_09.22)/3호기(2020.09.22)/SN12053_20200623_NgImage/001_20200623_003529(0).bmp,3호기(2020.09.22),SN12053,20200623,576,444,1.2972972972972974,1 indexed channel with RGB palette,uint8 palette index,8,256822,BT.601 luma decoded from BMP palette; no artifact removal,29.07,210.0,192.10923165352852,36.36542227661567,87.99999999999999,106.0,206.0,210.0,210.0,210.0,210.0,180.93,0.0004222972972972973,0.6597769644644644,12,Basic whole-image structural statistic; colored palette entries remain present.
001_20200623_003532(5),4. X-ray 검사장비 AI 데이터셋/dataset/test1/yolov3/X선이물검출기(06.23_09.22)/3호기(2020.09.22)/SN12053_20200623_NgImage/001_20200623_003532(5).bmp,3호기(2020.09.22),SN12053,20200623,576,444,1.2972972972972974,1 indexed channel with RGB palette,uint8 palette index,8,256822,BT.601 luma decoded from BMP palette; no artifact removal,29.07,210.0,192.19664328390888,36.34895046944661,87.99999999999999,106.0,206.0,210.0,210.0,210.0,210.0,180.93,0.0006412662662662662,0.6744166041041041,12,Basic whole-image structural statistic; colored palette entries remain present.
001_20200623_003536(0),4. X-ray 검사장비 AI 데이터셋/dataset/test1/yolov3/X선이물검출기(06.23_09.22)/3호기(2020.09.22)/SN12053_20200623_NgImage/001_20200623_003536(0).bmp,3호기(2020.09.22),SN12053,20200623,576,444,1.2972972972972974,1 indexed channel with RGB palette,uint8 palette index,8,256822,BT.601 luma decoded from BMP palette; no artifact removal,29.07,225.93,192.1595341435185,36.30847203028486,87.99999999999999,106.0,206.0,210.0,210.0,210.0,210.0,196.86,0.0004222972972972973,0.00028153153153153153,12,Basic whole-image structural statistic; colored palette entries remain present.
001_20200623_043227(1),4. X-ray 검사장비 AI 데이터셋/dataset/test1/yolov3/X선이물검출기(06.23_09.22)/3호기(2020.09.22)/SN12053_20200623_NgImage/001_20200623_043227(1).bmp,3호기(2020.09.22),SN12053,20200623,576,444,1.2972972972972974,1 indexed channel with RGB palette,uint8 palette index,8,256822,BT.601 luma decoded from BMP palette; no artifact removal,29.07,210.0,192.23831479917416,36.285464532200976,87.99999999999999,106.0,206.0,210.0,210.0,210.0,210.0,180.93,0.0007976726726726727,0.6755466403903904,12,Basic whole-image structural statistic; colored palette entries remain present.
001_20200623_043231(6),4. X-ray 검사장비 AI 데이터셋/dataset/test1/yolov3/X선이물검출기(06.23_09.22)/3호기(2020.09.22)/SN12053_20200623_NgImage/001_20200623_043231(6).bmp,3호기(2020.09.22),SN12053,20200623,576,444,1.2972972972972974,1 indexed channel with RGB palette,uint8 palette index,8,256822,BT.601 luma decoded from BMP palette; no artifact removal,29.07,210.0,192.23354831393894,36.12938981223031,89.0,106.0,206.0,210.0,210.0,210.0,210.0,180.93,0.0004222972972972973,0.6736032907907908,12,Basic whole-image structural statistic; colored palette entries remain present.
001_20200623_043236(1),4. X-ray 검사장비 AI 데이터셋/dataset/test1/yolov3/X선이물검출기(06.23_09.22)/3호기(2020.09.22)/SN12053_20200623_NgImage/001_20200623_043236(1).bmp,3호기(2020.09.22),SN12053,20200623,576,444,1.2972972972972974,1 indexed channel with RGB palette,uint8 palette index,8,256822,BT.601 luma decoded from BMP palette; no artifact removal,29.07,210.0,192.23514960272774,36.16296881681016,89.0,106.0,206.0,210.0,210.0,210.0,210.0,180.93,0.0008289539539539539,0.6745417292292293,12,Basic whole-image structural statistic; colored palette entries remain present.
001_20200623_043240(6),4. X-ray 검사장비 AI 데이터셋/dataset/test1/yolov3/X선이물검출기(06.23_09.22)/3호기(2020.09.22)/SN12053_20200623_NgImage/001_20200623_043240(6).bmp,3호기(2020.09.22),SN12053,20200623,576,444,1.2972972972972974,1 indexed channel with RGB palette,uint8 palette index,8,256822,BT.601 luma decoded from BMP palette; no artifact removal,29.07,210.0,192.1519628221972,36.02566270506309,89.0,106.0,206.0,210.0,210.0,210.0,210.0,180.93,0.0004222972972972973,0.6424784159159159,12,Basic whole-image structural statistic; colored palette entries remain present.
001_20200623_043245(2),4. X-ray 검사장비 AI 데이터셋/dataset/test1/yolov3/X선이물검출기(06.23_09.22)/3호기(2020.09.22)/SN12053_20200623_NgImage/001_20200623_043245(2).bmp,3호기(2020.09.22),SN12053,20200623,576,444,1.2972972972972974,1 indexed channel with RGB palette,uint8 palette index,8,256822,BT.601 luma decoded from BMP palette; no artifact removal,29.07,210.0,192.231992774024,36.22599252297872,89.0,106.0,206.0,210.0,210.0,210.0,210.0,180.93,0.0007820320320320321,0.6762426488988988,12,Basic whole-image structural statistic; colored palette entries remain present.
001_20200623_043249(6),4. X-ray 검사장비 AI 데이터셋/dataset/test1/yolov3/X선이물검출기(06.23_09.22)/3호기(2020.09.22)/SN12053_20200623_NgImage/001_20200623_043249(6).bmp,3호기(2020.09.22),SN12053,20200623,576,444,1.2972972972972974,1 indexed channel with RGB palette,uint8 palette index,8,256822,BT.601 luma decoded from BMP palette; no artifact removal,29.07,210.0,192.29829430993493,36.05269833033966,90.0,106.0,207.0,210.0,210.0,210.0,210.0,180.93,0.00039101601601601604,0.6783111236236237,12,Basic whole-image structural statistic; colored palette entries remain present.
001_20200623_082407(9),4. X-ray 검사장비 AI 데이터셋/dataset/test1/yolov3/X선이물검출기(06.23_09.22)/3호기(2020.09.22)/SN12053_20200623_NgImage/001_20200623_082407(9).bmp,3호기(2020.09.22),SN12053,20200623,576,444,1.2972972972972974,1 indexed channel with RGB palette,uint8 palette index,8,256822,BT.601 luma decoded from BMP palette; no artifact removal,29.07,210.0,192.25109234234233,36.297901668660515,87.99999999999999,106.0,207.0,210.0,210.0,210.0,210.0,180.93,0.0008445945945945946,0.6818889201701702,12,Basic whole-image structural statistic; colored palette entries remain present.
001_20200623_082411(0),4. X-ray 검사장비 AI 데이터셋/dataset/test1/yolov3/X선이물검출기(06.23_09.22)/3호기(2020.09.22)/SN12053_20200623_NgImage/001_20200623_082411(0).bmp,3호기(2020.09.22),SN12053,20200623,576,444,1.2972972972972974,1 indexed channel with RGB palette,uint8 palette index,8,256822,BT.601 luma decoded from BMP palette; no artifact removal,29.07,210.0,192.30525197072072,36.09132712962252,87.99999999999999,106.0,207.0,210.0,210.0,210.0,210.0,180.93,0.00028153153153153153,0.679980762012012,12,Basic whole-image structural statistic; colored palette entries remain present.
001_20200623_082414(1),4. X-ray 검사장비 AI 데이터셋/dataset/test1/yolov3/X선이물검출기(06.23_09.22)/3호기(2020.09.22)/SN12053_20200623_NgImage/001_20200623_082414(1).bmp,3호기(2020.09.22),SN12053,20200623,576,444,1.2972972972972974,1 indexed channel with RGB palette,uint8 palette index,8,256822,BT.601 luma decoded from BMP palette; no artifact removal,29.07,210.0,192.13775079767265,36.20050833569608,87.99999999999999,106.0,206.0,210.0,210.0,210.0,210.0,180.93,0.0006725475475475476,0.6586234672172172,12,Basic whole-image structural statistic; colored palette entries remain present.
001_20200623_082416(7),4. X-ray 검사장비 AI 데이터셋/dataset/test1/yolov3/X선이물검출기(06.23_09.22)/3호기(2020.09.22)/SN12053_20200623_NgImage/001_20200623_082416(7).bmp,3호기(2020.09.22),SN12053,20200623,576,444,1.2972972972972974,1 indexed channel with RGB palette,uint8 palette index,8,256822,BT.601 luma decoded from BMP palette; no artifact removal,29.07,210.0,192.14236267517518,36.178943625315895,87.99999999999999,106.0,206.0,210.0,210.0,210.0,210.0,180.93,0.00043793793793793793,0.6794255192692693,12,Basic whole-image structural statistic; colored palette entries remain present.
001_20200623_082419(6),4. X-ray 검사장비 AI 데이터셋/dataset/test1/yolov3/X선이물검출기(06.23_09.22)/3호기(2020.09.22)/SN12053_20200623_NgImage/001_20200623_082419(6).bmp,3호기(2020.09.22),SN12053,20200623,576,444,1.2972972972972974,1 indexed channel with RGB palette,uint8 palette index,8,256822,BT.601 luma decoded from BMP palette; no artifact removal,29.07,210.0,192.16779021208708,36.11024358875402,87.99999999999999,106.0,206.0,210.0,210.0,210.0,210.0,180.93,0.0002658908908908909,0.6766180242742743,12,Basic whole-image structural statistic; colored palette entries remain present.
001_20200623_082422(5),4. X-ray 검사장비 AI 데이터셋/dataset/test1/yolov3/X선이물검출기(06.23_09.22)/3호기(2020.09.22)/SN12053_20200623_NgImage/001_20200623_082422(5).bmp,3호기(2020.09.22),SN12053,20200623,576,444,1.2972972972972974,1 indexed channel with RGB palette,uint8 palette index,8,256822,BT.601 luma decoded from BMP palette; no artifact removal,29.07,210.0,192.11161333208207,36.20937401140886,87.99999999999999,106.0,206.0,210.0,210.0,210.0,210.0,180.93,0.0005317817817817818,0.6781664476976977,12,Basic whole-image structural statistic; colored palette entries remain present.
001_20200623_123214(3),4. X-ray 검사장비 AI 데이터셋/dataset/test1/yolov3/X선이물검출기(06.23_09.22)/3호기(2020.09.22)/SN12053_20200623_NgImage/001_20200623_123214(3).bmp,3호기(2020.09.22),SN12053,20200623,576,444,1.2972972972972974,1 indexed channel with RGB palette,uint8 palette index,8,256822,BT.601 luma decoded from BMP palette; no artifact removal,29.07,210.0,191.9493171296296,36.210603714384575,89.0,106.0,206.0,210.0,210.0,210.0,210.0,180.93,0.00028153153153153153,0.6525314376876877,12,Basic whole-image structural statistic; colored palette entries remain present.
001_20200623_123223(3),4. X-ray 검사장비 AI 데이터셋/dataset/test1/yolov3/X선이물검출기(06.23_09.22)/3호기(2020.09.22)/SN12053_20200623_NgImage/001_20200623_123223(3).bmp,3호기(2020.09.22),SN12053,20200623,576,444,1.2972972972972974,1 indexed channel with RGB palette,uint8 palette index,8,256822,BT.601 luma decoded from BMP palette; no artifact removal,31.0,210.0,192.07746918793794,36.25354416785992,87.99999999999999,106.0,206.0,210.0,210.0,210.0,210.0,179.0,3.91016016016016e-06,0.6784636198698699,12,Basic whole-image structural statistic; colored palette entries remain present.
001_20200623_123232(3),4. X-ray 검사장비 AI 데이터셋/dataset/test1/yolov3/X선이물검출기(06.23_09.22)/3호기(2020.09.22)/SN12053_20200623_NgImage/001_20200623_123232(3).bmp,3호기(2020.09.22),SN12053,20200623,576,444,1.2972972972972974,1 indexed channel with RGB palette,uint8 palette index,8,256822,BT.601 luma decoded from BMP palette; no artifact removal,29.07,210.0,192.10935122622624,36.15334047185647,89.0,106.0,206.0,210.0,210.0,210.0,210.0,180.93,0.0005317817817817818,0.6753863238238238,12,Basic whole-image structural statistic; colored palette entries remain present.
001_20200623_123236(9),4. X-ray 검사장비 AI 데이터셋/dataset/test1/yolov3/X선이물검출기(06.23_09.22)/3호기(2020.09.22)/SN12053_20200623_NgImage/001_20200623_123236(9).bmp,3호기(2020.09.22),SN12053,20200623,576,444,1.2972972972972974,1 indexed channel with RGB palette,uint8 palette index,8,256822,BT.601 luma decoded from BMP palette; no artifact removal,29.07,210.0,192.1767411161161,36.09626902540501,87.99999999999999,106.0,206.0,210.0,210.0,210.0,210.0,180.93,0.0003128128128128128,0.6505568068068068,12,Basic whole-image structural statistic; colored palette entries remain present.
001_20200623_123241(3),4. X-ray 검사장비 AI 데이터셋/dataset/test1/yolov3/X선이물검출기(06.23_09.22)/3호기(2020.09.22)/SN12053_20200623_NgImage/001_20200623_123241(3).bmp,3호기(2020.09.22),SN12053,20200623,576,444,1.2972972972972974,1 indexed channel with RGB palette,uint8 palette index,8,256822,BT.601 luma decoded from BMP palette; no artifact removal,29.07,210.0,192.21292824074072,36.412051523623965,87.0,106.0,207.0,210.0,210.0,210.0,210.0,180.93,0.000656906906906907,0.6811342592592593,12,Basic whole-image structural statistic; colored palette entries remain present.
001_20200623_123245(8),4. X-ray 검사장비 AI 데이터셋/dataset/test1/yolov3/X선이물검출기(06.23_09.22)/3호기(2020.09.22)/SN12053_20200623_NgImage/001_20200623_123245(8).bmp,3호기(2020.09.22),SN12053,20200623,576,444,1.2972972972972974,1 indexed channel with RGB palette,uint8 palette index,8,256822,BT.601 luma decoded from BMP palette; no artifact removal,29.07,210.0,192.2263578422172,36.471145541361764,87.99999999999999,106.0,207.0,210.0,210.0,210.0,210.0,180.93,0.0016422672672672673,0.6802622935435435,12,Basic whole-image structural statistic; colored palette entries remain present.
001_20200623_163159(5),4. X-ray 검사장비 AI 데이터셋/dataset/test1/yolov3/X선이물검출기(06.23_09.22)/3호기(2020.09.22)/SN12053_20200623_NgImage/001_20200623_163159(5).bmp,3호기(2020.09.22),SN12053,20200623,576,444,1.2972972972972974,1 indexed channel with RGB palette,uint8 palette index,8,256822,BT.601 luma decoded from BMP palette; no artifact removal,29.07,210.0,192.15681251564064,36.12967297738466,90.99999999999999,107.0,207.0,210.0,210.0,210.0,210.0,180.93,0.0005474224224224224,0.6810130442942943,12,Basic whole-image structural statistic; colored palette entries remain present.
001_20200623_163209(3),4. X-ray 검사장비 AI 데이터셋/dataset/test1/yolov3/X선이물검출기(06.23_09.22)/3호기(2020.09.22)/SN12053_20200623_NgImage/001_20200623_163209(3).bmp,3호기(2020.09.22),SN12053,20200623,576,444,1.2972972972972974,1 indexed channel with RGB palette,uint8 palette index,8,256822,BT.601 luma decoded from BMP palette; no artifact removal,38.0,210.0,192.20827561936937,36.05134262291584,89.0,106.0,206.0,210.0,210.0,210.0,210.0,172.0,3.91016016016016e-06,0.680637668918919,12,Basic whole-image structural statistic; colored palette entries remain present.
001_20200623_163212(9),4. X-ray 검사장비 AI 데이터셋/dataset/test1/yolov3/X선이물검출기(06.23_09.22)/3호기(2020.09.22)/SN12053_20200623_NgImage/001_20200623_163212(9).bmp,3호기(2020.09.22),SN12053,20200623,576,444,1.2972972972972974,1 indexed channel with RGB palette,uint8 palette index,8,256822,BT.601 luma decoded from BMP palette; no artifact removal,29.07,225.93,192.2223438282032,35.984301895333004,90.0,107.0,206.0,210.0,210.0,210.0,210.0,196.86,0.0002658908908908909,0.0005005005005005005,12,Basic whole-image structural statistic; colored palette entries remain present.
001_20200623_163216(2),4. X-ray 검사장비 AI 데이터셋/dataset/test1/yolov3/X선이물검출기(06.23_09.22)/3호기(2020.09.22)/SN12053_20200623_NgImage/001_20200623_163216(2).bmp,3호기(2020.09.22),SN12053,20200623,576,444,1.2972972972972974,1 indexed channel with RGB palette,uint8 palette index,8,256822,BT.601 luma decoded from BMP palette; no artifact removal,29.07,210.0,192.31030585272774,36.166455600314265,89.0,106.0,207.0,210.0,210.0,210.0,210.0,180.93,0.0004222972972972973,0.6865576514014013,12,Basic whole-image structural statistic; colored palette entries remain present.
001_20200623_163219(5),4. X-ray 검사장비 AI 데이터셋/dataset/test1/yolov3/X선이물검출기(06.23_09.22)/3호기(2020.09.22)/SN12053_20200623_NgImage/001_20200623_163219(5).bmp,3호기(2020.09.22),SN12053,20200623,576,444,1.2972972972972974,1 indexed channel with RGB palette,uint8 palette index,8,256822,BT.601 luma decoded from BMP palette; no artifact removal,29.0,210.0,192.2657300269019,36.28141631631254,87.99999999999999,106.0,207.0,210.0,210.0,210.0,210.0,181.0,3.91016016016016e-06,0.6831401714214215,12,Basic whole-image structural statistic; colored palette entries remain present.
001_20200623_163222(9),4. X-ray 검사장비 AI 데이터셋/dataset/test1/yolov3/X선이물검출기(06.23_09.22)/3호기(2020.09.22)/SN12053_20200623_NgImage/001_20200623_163222(9).bmp,3호기(2020.09.22),SN12053,20200623,576,444,1.2972972972972974,1 indexed channel with RGB palette,uint8 palette index,8,256822,BT.601 luma decoded from BMP palette; no artifact removal,29.07,210.0,192.27899946821822,36.30356348548084,89.0,106.0,207.0,210.0,210.0,210.0,210.0,180.93,0.0010948448448448449,0.6830502377377378,12,Basic whole-image structural statistic; colored palette entries remain present.
001_20200623_203217(4),4. X-ray 검사장비 AI 데이터셋/dataset/test1/yolov3/X선이물검출기(06.23_09.22)/3호기(2020.09.22)/SN12053_20200623_NgImage/001_20200623_203217(4).bmp,3호기(2020.09.22),SN12053,20200623,576,444,1.2972972972972974,1 indexed channel with RGB palette,uint8 palette index,8,256822,BT.601 luma decoded from BMP palette; no artifact removal,29.07,210.0,192.209546265015,36.63962910182028,87.0,106.0,207.0,210.0,210.0,210.0,210.0,180.93,0.001313813813813814,0.6904599912412412,12,Basic whole-image structural statistic; colored palette entries remain present.
001_20200623_203222(0),4. X-ray 검사장비 AI 데이터셋/dataset/test1/yolov3/X선이물검출기(06.23_09.22)/3호기(2020.09.22)/SN12053_20200623_NgImage/001_20200623_203222(0).bmp,3호기(2020.09.22),SN12053,20200623,576,444,1.2972972972972974,1 indexed channel with RGB palette,uint8 palette index,8,256822,BT.601 luma decoded from BMP palette; no artifact removal,29.07,225.93,192.2352273367117,36.5883068937774,87.0,106.0,207.0,210.0,210.0,210.0,210.0,196.86,0.00028153153153153153,0.00017204704704704705,12,Basic whole-image structural statistic; colored palette entries remain present.
001_20200623_203226(3),4. X-ray 검사장비 AI 데이터셋/dataset/test1/yolov3/X선이물검출기(06.23_09.22)/3호기(2020.09.22)/SN12053_20200623_NgImage/001_20200623_203226(3).bmp,3호기(2020.09.22),SN12053,20200623,576,444,1.2972972972972974,1 indexed channel with RGB palette,uint8 palette index,8,256822,BT.601 luma decoded from BMP palette; no artifact removal,29.07,210.0,192.24706190565567,36.52543131821817,87.0,106.0,207.0,210.0,210.0,210.0,210.0,180.93,0.00040665665665665665,0.6908431869369369,12,Basic whole-image structural statistic; colored palette entries remain present.
001_20200623_203230(9),4. X-ray 검사장비 AI 데이터셋/dataset/test1/yolov3/X선이물검출기(06.23_09.22)/3호기(2020.09.22)/SN12053_20200623_NgImage/001_20200623_203230(9).bmp,3호기(2020.09.22),SN12053,20200623,576,444,1.2972972972972974,1 indexed channel with RGB palette,uint8 palette index,8,256822,BT.601 luma decoded from BMP palette; no artifact removal,29.07,210.0,192.10513779404405,36.74240555815005,87.0,105.315,206.0,210.0,210.0,210.0,210.0,180.93,0.001438938938938939,0.6690362237237237,12,Basic whole-image structural statistic; colored palette entries remain present.
001_20200623_203235(3),4. X-ray 검사장비 AI 데이터셋/dataset/test1/yolov3/X선이물검출기(06.23_09.22)/3호기(2020.09.22)/SN12053_20200623_NgImage/001_20200623_203235(3).bmp,3호기(2020.09.22),SN12053,20200623,576,444,1.2972972972972974,1 indexed channel with RGB palette,uint8 palette index,8,256822,BT.601 luma decoded from BMP palette; no artifact removal,40.0,210.0,192.31334381256255,36.486324275520765,87.0,105.315,207.0,210.0,210.0,210.0,210.0,170.0,3.91016016016016e-06,0.6900572447447447,12,Basic whole-image structural statistic; colored palette entries remain present.
001_20200623_203247(5),4. X-ray 검사장비 AI 데이터셋/dataset/test1/yolov3/X선이물검출기(06.23_09.22)/3호기(2020.09.22)/SN12053_20200623_NgImage/001_20200623_203247(5).bmp,3호기(2020.09.22),SN12053,20200623,576,444,1.2972972972972974,1 indexed channel with RGB palette,uint8 palette index,8,256822,BT.601 luma decoded from BMP palette; no artifact removal,26.999999999999996,210.0,192.25410801426426,36.739698493716034,86.0,105.0,207.0,210.0,210.0,210.0,210.0,183.0,3.91016016016016e-06,0.6930211461461462,12,Basic whole-image structural statistic; colored palette entries remain present.
001_20200624_003240(4),4. X-ray 검사장비 AI 데이터셋/dataset/test1/yolov3/X선이물검출기(06.23_09.22)/3호기(2020.09.22)/SN12053_20200624_NgImage/001_20200624_003240(4).bmp,3호기(2020.09.22),SN12053,20200624,576,444,1.2972972972972974,1 indexed channel with RGB palette,uint8 palette index,8,256822,BT.601 luma decoded from BMP palette; no artifact removal,29.07,210.0,192.32796374499497,36.12805864671078,90.0,107.0,207.0,210.0,210.0,210.0,210.0,180.93,0.0013450950950950951,0.690526463963964,12,Basic whole-image structural statistic; colored palette entries remain present.
001_20200624_003244(2),4. X-ray 검사장비 AI 데이터셋/dataset/test1/yolov3/X선이물검출기(06.23_09.22)/3호기(2020.09.22)/SN12053_20200624_NgImage/001_20200624_003244(2).bmp,3호기(2020.09.22),SN12053,20200624,576,444,1.2972972972972974,1 indexed channel with RGB palette,uint8 palette index,8,256822,BT.601 luma decoded from BMP palette; no artifact removal,29.07,210.0,192.35753323636135,36.045506763050774,90.0,106.0,207.0,210.0,210.0,210.0,210.0,180.93,0.0007038288288288288,0.691699512012012,12,Basic whole-image structural statistic; colored palette entries remain present.
001_20200624_003247(7),4. X-ray 검사장비 AI 데이터셋/dataset/test1/yolov3/X선이물검출기(06.23_09.22)/3호기(2020.09.22)/SN12053_20200624_NgImage/001_20200624_003247(7).bmp,3호기(2020.09.22),SN12053,20200624,576,444,1.2972972972972974,1 indexed channel with RGB palette,uint8 palette index,8,256822,BT.601 luma decoded from BMP palette; no artifact removal,29.07,210.0,192.33136339464463,36.16274727507786,89.0,106.0,207.0,210.0,210.0,210.0,210.0,180.93,0.001313813813813814,0.6907884446946947,12,Basic whole-image structural statistic; colored palette entries remain present.
001_20200624_003251(1),4. X-ray 검사장비 AI 데이터셋/dataset/test1/yolov3/X선이물검출기(06.23_09.22)/3호기(2020.09.22)/SN12053_20200624_NgImage/001_20200624_003251(1).bmp,3호기(2020.09.22),SN12053,20200624,576,444,1.2972972972972974,1 indexed channel with RGB palette,uint8 palette index,8,256822,BT.601 luma decoded from BMP palette; no artifact removal,29.07,210.0,192.16963033345846,36.275046842651065,87.99999999999999,106.0,206.0,210.0,210.0,210.0,210.0,180.93,0.0002971721721721722,0.676880005005005,12,Basic whole-image structural statistic; colored palette entries remain present.
001_20200624_003254(3),4. X-ray 검사장비 AI 데이터셋/dataset/test1/yolov3/X선이물검출기(06.23_09.22)/3호기(2020.09.22)/SN12053_20200624_NgImage/001_20200624_003254(3).bmp,3호기(2020.09.22),SN12053,20200624,576,444,1.2972972972972974,1 indexed channel with RGB palette,uint8 palette index,8,256822,BT.601 luma decoded from BMP palette; no artifact removal,29.07,210.0,192.331538648023,36.074344763619855,89.0,106.0,207.0,210.0,210.0,210.0,210.0,180.93,0.00039101601601601604,0.691089527027027,12,Basic whole-image structural statistic; colored palette entries remain present.
001_20200624_003303(5),4. X-ray 검사장비 AI 데이터셋/dataset/test1/yolov3/X선이물검출기(06.23_09.22)/3호기(2020.09.22)/SN12053_20200624_NgImage/001_20200624_003303(5).bmp,3호기(2020.09.22),SN12053,20200624,576,444,1.2972972972972974,1 indexed channel with RGB palette,uint8 palette index,8,256822,BT.601 luma decoded from BMP palette; no artifact removal,29.07,210.0,192.20602070820823,36.14580085356707,87.99999999999999,106.0,206.0,210.0,210.0,210.0,210.0,180.93,0.00028153153153153153,0.6645356293793794,12,Basic whole-image structural statistic; colored palette entries remain present.
001_20200624_043315(2),4. X-ray 검사장비 AI 데이터셋/dataset/test1/yolov3/X선이물검출기(06.23_09.22)/3호기(2020.09.22)/SN12053_20200624_NgImage/001_20200624_043315(2).bmp,3호기(2020.09.22),SN12053,20200624,576,444,1.2972972972972974,1 indexed channel with RGB palette,uint8 palette index,8,256822,BT.601 luma decoded from BMP palette; no artifact removal,29.07,210.0,192.37653966466465,36.15024349900872,89.0,106.0,207.0,210.0,210.0,210.0,210.0,180.93,0.001001001001001001,0.6949918668668669,12,Basic whole-image structural statistic; colored palette entries remain present.
001_20200624_043324(2),4. X-ray 검사장비 AI 데이터셋/dataset/test1/yolov3/X선이물검출기(06.23_09.22)/3호기(2020.09.22)/SN12053_20200624_NgImage/001_20200624_043324(2).bmp,3호기(2020.09.22),SN12053,20200624,576,444,1.2972972972972974,1 indexed channel with RGB palette,uint8 palette index,8,256822,BT.601 luma decoded from BMP palette; no artifact removal,29.07,210.0,192.21717146834334,36.12191098880509,89.0,106.0,206.0,210.0,210.0,210.0,210.0,180.93,0.0006412662662662662,0.6757186874374375,12,Basic whole-image structural statistic; colored palette entries remain present.
001_20200624_043328(7),4. X-ray 검사장비 AI 데이터셋/dataset/test1/yolov3/X선이물검출기(06.23_09.22)/3호기(2020.09.22)/SN12053_20200624_NgImage/001_20200624_043328(7).bmp,3호기(2020.09.22),SN12053,20200624,576,444,1.2972972972972974,1 indexed channel with RGB palette,uint8 palette index,8,256822,BT.601 luma decoded from BMP palette; no artifact removal,25.0,225.93,192.46451631318817,35.91412920765582,90.0,107.0,207.0,210.0,210.0,210.0,210.0,200.93,3.91016016016016e-06,0.0005005005005005005,12,Basic whole-image structural statistic; colored palette entries remain present.
001_20200624_043333(2),4. X-ray 검사장비 AI 데이터셋/dataset/test1/yolov3/X선이물검출기(06.23_09.22)/3호기(2020.09.22)/SN12053_20200624_NgImage/001_20200624_043333(2).bmp,3호기(2020.09.22),SN12053,20200624,576,444,1.2972972972972974,1 indexed channel with RGB palette,uint8 palette index,8,256822,BT.601 luma decoded from BMP palette; no artifact removal,29.07,225.93,192.4439746778028,36.05657443947892,89.0,106.0,207.0,210.0,210.0,210.0,210.0,196.86,0.0007820320320320321,0.0002658908908908909,12,Basic whole-image structural statistic; colored palette entries remain present.
001_20200624_043337(8),4. X-ray 검사장비 AI 데이터셋/dataset/test1/yolov3/X선이물검출기(06.23_09.22)/3호기(2020.09.22)/SN12053_20200624_NgImage/001_20200624_043337(8).bmp,3호기(2020.09.22),SN12053,20200624,576,444,1.2972972972972974,1 indexed channel with RGB palette,uint8 palette index,8,256822,BT.601 luma decoded from BMP palette; no artifact removal,29.07,210.0,192.37212712712713,36.208860899290904,89.0,106.0,207.0,210.0,210.0,210.0,210.0,180.93,0.0010322822822822822,0.695680055055055,12,Basic whole-image structural statistic; colored palette entries remain present.
001_20200624_043349(7),4. X-ray 검사장비 AI 데이터셋/dataset/test1/yolov3/X선이물검출기(06.23_09.22)/3호기(2020.09.22)/SN12053_20200624_NgImage/001_20200624_043349(7).bmp,3호기(2020.09.22),SN12053,20200624,576,444,1.2972972972972974,1 indexed channel with RGB palette,uint8 palette index,8,256822,BT.601 luma decoded from BMP palette; no artifact removal,29.07,210.0,192.35324996871873,36.18336553560903,89.0,106.0,207.0,210.0,210.0,210.0,210.0,180.93,0.0008133133133133133,0.6953594219219219,12,Basic whole-image structural statistic; colored palette entries remain present.
001_20200624_083150(7),4. X-ray 검사장비 AI 데이터셋/dataset/test1/yolov3/X선이물검출기(06.23_09.22)/3호기(2020.09.22)/SN12053_20200624_NgImage/001_20200624_083150(7).bmp,3호기(2020.09.22),SN12053,20200624,576,444,1.2972972972972974,1 indexed channel with RGB palette,uint8 palette index,8,256822,BT.601 luma decoded from BMP palette; no artifact removal,29.07,210.0,192.40460859296797,36.07620073111486,87.99999999999999,107.0,207.0,210.0,210.0,210.0,210.0,180.93,0.000954079079079079,0.6966575950950951,12,Basic whole-image structural statistic; colored palette entries remain present.
001_20200624_083153(8),4. X-ray 검사장비 AI 데이터셋/dataset/test1/yolov3/X선이물검출기(06.23_09.22)/3호기(2020.09.22)/SN12053_20200624_NgImage/001_20200624_083153(8).bmp,3호기(2020.09.22),SN12053,20200624,576,444,1.2972972972972974,1 indexed channel with RGB palette,uint8 palette index,8,256822,BT.601 luma decoded from BMP palette; no artifact removal,29.07,210.0,192.22961234672172,36.162450244912804,87.99999999999999,106.0,206.0,210.0,210.0,210.0,210.0,180.93,0.0003284534534534535,0.6780061311311312,12,Basic whole-image structural statistic; colored palette entries remain present.
001_20200624_083156(9),4. X-ray 검사장비 AI 데이터셋/dataset/test1/yolov3/X선이물검출기(06.23_09.22)/3호기(2020.09.22)/SN12053_20200624_NgImage/001_20200624_083156(9).bmp,3호기(2020.09.22),SN12053,20200624,576,444,1.2972972972972974,1 indexed channel with RGB palette,uint8 palette index,8,256822,BT.601 luma decoded from BMP palette; no artifact removal,29.07,210.0,192.32427177177178,36.32405799727353,87.99999999999999,106.0,207.0,210.0,210.0,210.0,210.0,180.93,0.0011886886886886888,0.7002236611611612,12,Basic whole-image structural statistic; colored palette entries remain present.
001_20200624_083159(6),4. X-ray 검사장비 AI 데이터셋/dataset/test1/yolov3/X선이물검출기(06.23_09.22)/3호기(2020.09.22)/SN12053_20200624_NgImage/001_20200624_083159(6).bmp,3호기(2020.09.22),SN12053,20200624,576,444,1.2972972972972974,1 indexed channel with RGB palette,uint8 palette index,8,256822,BT.601 luma decoded from BMP palette; no artifact removal,29.07,210.0,192.2395310935936,36.07763512882181,90.0,107.0,207.0,210.0,210.0,210.0,210.0,180.93,0.0005005005005005005,0.6958051801801802,12,Basic whole-image structural statistic; colored palette entries remain present.
001_20200624_083202(6),4. X-ray 검사장비 AI 데이터셋/dataset/test1/yolov3/X선이물검출기(06.23_09.22)/3호기(2020.09.22)/SN12053_20200624_NgImage/001_20200624_083202(6).bmp,3호기(2020.09.22),SN12053,20200624,576,444,1.2972972972972974,1 indexed channel with RGB palette,uint8 palette index,8,256822,BT.601 luma decoded from BMP palette; no artifact removal,29.07,210.0,192.3125958771271,35.93511200240788,90.0,107.0,207.0,210.0,210.0,210.0,210.0,180.93,0.00028153153153153153,0.6956135823323323,12,Basic whole-image structural statistic; colored palette entries remain present.
001_20200624_083205(7),4. X-ray 검사장비 AI 데이터셋/dataset/test1/yolov3/X선이물검출기(06.23_09.22)/3호기(2020.09.22)/SN12053_20200624_NgImage/001_20200624_083205(7).bmp,3호기(2020.09.22),SN12053,20200624,576,444,1.2972972972972974,1 indexed channel with RGB palette,uint8 palette index,8,256822,BT.601 luma decoded from BMP palette; no artifact removal,29.07,210.0,192.29267447134634,35.99248336486059,89.0,107.0,207.0,210.0,210.0,210.0,210.0,180.93,0.00014076576576576576,0.6963174111611612,12,Basic whole-image structural statistic; colored palette entries remain present.
001_20200624_123313(4),4. X-ray 검사장비 AI 데이터셋/dataset/test1/yolov3/X선이물검출기(06.23_09.22)/3호기(2020.09.22)/SN12053_20200624_NgImage/001_20200624_123313(4).bmp,3호기(2020.09.22),SN12053,20200624,576,444,1.2972972972972974,1 indexed channel with RGB palette,uint8 palette index,8,256822,BT.601 luma decoded from BMP palette; no artifact removal,29.07,210.0,192.219209131006,36.031309855379156,90.0,107.0,207.0,210.0,210.0,210.0,210.0,180.93,0.00014076576576576576,0.6926418606106106,12,Basic whole-image structural statistic; colored palette entries remain present.
001_20200624_123317(8),4. X-ray 검사장비 AI 데이터셋/dataset/test1/yolov3/X선이물검출기(06.23_09.22)/3호기(2020.09.22)/SN12053_20200624_NgImage/001_20200624_123317(8).bmp,3호기(2020.09.22),SN12053,20200624,576,444,1.2972972972972974,1 indexed channel with RGB palette,uint8 palette index,8,256822,BT.601 luma decoded from BMP palette; no artifact removal,29.07,210.0,192.24242774024023,36.09070336682221,89.0,106.0,207.0,210.0,210.0,210.0,210.0,180.93,0.00028153153153153153,0.6918598285785785,12,Basic whole-image structural statistic; colored palette entries remain present.
001_20200624_123322(3),4. X-ray 검사장비 AI 데이터셋/dataset/test1/yolov3/X선이물검출기(06.23_09.22)/3호기(2020.09.22)/SN12053_20200624_NgImage/001_20200624_123322(3).bmp,3호기(2020.09.22),SN12053,20200624,576,444,1.2972972972972974,1 indexed channel with RGB palette,uint8 palette index,8,256822,BT.601 luma decoded from BMP palette; no artifact removal,29.07,210.0,192.09750907157158,36.19606852033229,89.0,106.0,206.0,210.0,210.0,210.0,210.0,180.93,0.0005005005005005005,0.6740764201701702,12,Basic whole-image structural statistic; colored palette entries remain present.
001_20200624_123326(6),4. X-ray 검사장비 AI 데이터셋/dataset/test1/yolov3/X선이물검출기(06.23_09.22)/3호기(2020.09.22)/SN12053_20200624_NgImage/001_20200624_123326(6).bmp,3호기(2020.09.22),SN12053,20200624,576,444,1.2972972972972974,1 indexed channel with RGB palette,uint8 palette index,8,256822,BT.601 luma decoded from BMP palette; no artifact removal,29.07,210.0,192.3569442098348,36.10083054546421,87.99999999999999,106.0,207.0,210.0,210.0,210.0,210.0,180.93,0.0005787037037037037,0.6948706519019019,12,Basic whole-image structural statistic; colored palette entries remain present.
001_20200624_123331(2),4. X-ray 검사장비 AI 데이터셋/dataset/test1/yolov3/X선이물검출기(06.23_09.22)/3호기(2020.09.22)/SN12053_20200624_NgImage/001_20200624_123331(2).bmp,3호기(2020.09.22),SN12053,20200624,576,444,1.2972972972972974,1 indexed channel with RGB palette,uint8 palette index,8,256822,BT.601 luma decoded from BMP palette; no artifact removal,42.0,210.0,192.3577316378879,36.06307282599761,87.99999999999999,106.0,207.0,210.0,210.0,210.0,210.0,168.0,3.91016016016016e-06,0.6968922047047047,12,Basic whole-image structural statistic; colored palette entries remain present.
001_20200624_123335(6),4. X-ray 검사장비 AI 데이터셋/dataset/test1/yolov3/X선이물검출기(06.23_09.22)/3호기(2020.09.22)/SN12053_20200624_NgImage/001_20200624_123335(6).bmp,3호기(2020.09.22),SN12053,20200624,576,444,1.2972972972972974,1 indexed channel with RGB palette,uint8 palette index,8,256822,BT.601 luma decoded from BMP palette; no artifact removal,29.07,210.0,192.29678154717217,36.22082835173901,87.99999999999999,106.0,207.0,210.0,210.0,210.0,210.0,180.93,0.0006412662662662662,0.6970486111111112,12,Basic whole-image structural statistic; colored palette entries remain present.
001_20200624_162816(3),4. X-ray 검사장비 AI 데이터셋/dataset/test1/yolov3/X선이물검출기(06.23_09.22)/3호기(2020.09.22)/SN12053_20200624_NgImage/001_20200624_162816(3).bmp,3호기(2020.09.22),SN12053,20200624,576,444,1.2972972972972974,1 indexed channel with RGB palette,uint8 palette index,8,256822,BT.601 luma decoded from BMP palette; no artifact removal,29.07,210.0,192.37872497497497,36.224011051516776,87.99999999999999,106.0,207.0,210.0,210.0,210.0,210.0,180.93,0.0010635635635635637,0.6988081831831832,12,Basic whole-image structural statistic; colored palette entries remain present.
001_20200624_162821(2),4. X-ray 검사장비 AI 데이터셋/dataset/test1/yolov3/X선이물검출기(06.23_09.22)/3호기(2020.09.22)/SN12053_20200624_NgImage/001_20200624_162821(2).bmp,3호기(2020.09.22),SN12053,20200624,576,444,1.2972972972972974,1 indexed channel with RGB palette,uint8 palette index,8,256822,BT.601 luma decoded from BMP palette; no artifact removal,29.07,210.0,192.37758461586586,36.190208458442015,87.99999999999999,106.0,207.0,210.0,210.0,210.0,210.0,180.93,0.0007820320320320321,0.6976976976976977,12,Basic whole-image structural statistic; colored palette entries remain present.
001_20200624_162831(2),4. X-ray 검사장비 AI 데이터셋/dataset/test1/yolov3/X선이물검출기(06.23_09.22)/3호기(2020.09.22)/SN12053_20200624_NgImage/001_20200624_162831(2).bmp,3호기(2020.09.22),SN12053,20200624,576,444,1.2972972972972974,1 indexed channel with RGB palette,uint8 palette index,8,256822,BT.601 luma decoded from BMP palette; no artifact removal,29.07,210.0,192.24518244807305,36.13317487287175,90.0,107.0,207.0,210.0,210.0,210.0,210.0,180.93,0.0009227977977977978,0.6972754004004004,12,Basic whole-image structural statistic; colored palette entries remain present.
001_20200624_162835(8),4. X-ray 검사장비 AI 데이터셋/dataset/test1/yolov3/X선이물검출기(06.23_09.22)/3호기(2020.09.22)/SN12053_20200624_NgImage/001_20200624_162835(8).bmp,3호기(2020.09.22),SN12053,20200624,576,444,1.2972972972972974,1 indexed channel with RGB palette,uint8 palette index,8,256822,BT.601 luma decoded from BMP palette; no artifact removal,29.07,210.0,192.31147014201701,35.953071769386256,89.0,107.0,207.0,210.0,210.0,210.0,210.0,180.93,0.0004222972972972973,0.6968531031031031,12,Basic whole-image structural statistic; colored palette entries remain present.
001_20200624_203149(7),4. X-ray 검사장비 AI 데이터셋/dataset/test1/yolov3/X선이물검출기(06.23_09.22)/3호기(2020.09.22)/SN12053_20200624_NgImage/001_20200624_203149(7).bmp,3호기(2020.09.22),SN12053,20200624,576,444,1.2972972972972974,1 indexed channel with RGB palette,uint8 palette index,8,256822,BT.601 luma decoded from BMP palette; no artifact removal,29.07,210.0,192.03244236423922,37.06859242929284,85.0,103.99999999999999,207.0,210.0,210.0,210.0,210.0,180.93,0.0011417667667667668,0.7032501251251251,12,Basic whole-image structural statistic; colored palette entries remain present.
001_20200624_203154(3),4. X-ray 검사장비 AI 데이터셋/dataset/test1/yolov3/X선이물검출기(06.23_09.22)/3호기(2020.09.22)/SN12053_20200624_NgImage/001_20200624_203154(3).bmp,3호기(2020.09.22),SN12053,20200624,576,444,1.2972972972972974,1 indexed channel with RGB palette,uint8 palette index,8,256822,BT.601 luma decoded from BMP palette; no artifact removal,29.07,210.0,191.87390578078077,37.52920023171967,84.0,100.99999999999999,206.0,210.0,210.0,210.0,210.0,180.93,0.0009071571571571572,0.6753003003003003,12,Basic whole-image structural statistic; colored palette entries remain present.
001_20200624_203203(1),4. X-ray 검사장비 AI 데이터셋/dataset/test1/yolov3/X선이물검출기(06.23_09.22)/3호기(2020.09.22)/SN12053_20200624_NgImage/001_20200624_203203(1).bmp,3호기(2020.09.22),SN12053,20200624,576,444,1.2972972972972974,1 indexed channel with RGB palette,uint8 palette index,8,256822,BT.601 luma decoded from BMP palette; no artifact removal,29.07,210.0,192.06584420357856,37.36555720798583,84.0,103.0,207.0,210.0,210.0,210.0,210.0,180.93,0.001173048048048048,0.7041846534034034,12,Basic whole-image structural statistic; colored palette entries remain present.
001_20200624_203207(8),4. X-ray 검사장비 AI 데이터셋/dataset/test1/yolov3/X선이물검출기(06.23_09.22)/3호기(2020.09.22)/SN12053_20200624_NgImage/001_20200624_203207(8).bmp,3호기(2020.09.22),SN12053,20200624,576,444,1.2972972972972974,1 indexed channel with RGB palette,uint8 palette index,8,256822,BT.601 luma decoded from BMP palette; no artifact removal,29.07,210.0,192.06761886886886,37.43536968783064,84.0,100.99999999999999,207.0,210.0,210.0,210.0,210.0,180.93,0.00028153153153153153,0.7046186811811812,12,Basic whole-image structural statistic; colored palette entries remain present.
001_20200624_203212(2),4. X-ray 검사장비 AI 데이터셋/dataset/test1/yolov3/X선이물검출기(06.23_09.22)/3호기(2020.09.22)/SN12053_20200624_NgImage/001_20200624_203212(2).bmp,3호기(2020.09.22),SN12053,20200624,576,444,1.2972972972972974,1 indexed channel with RGB palette,uint8 palette index,8,256822,BT.601 luma decoded from BMP palette; no artifact removal,29.07,210.0,191.95152996746745,37.54891787057307,83.0,100.99999999999999,207.0,210.0,210.0,210.0,210.0,180.93,0.00040665665665665665,0.6881803678678678,12,Basic whole-image structural statistic; colored palette entries remain present.
001_20200624_203225(8),4. X-ray 검사장비 AI 데이터셋/dataset/test1/yolov3/X선이물검출기(06.23_09.22)/3호기(2020.09.22)/SN12053_20200624_NgImage/001_20200624_203225(8).bmp,3호기(2020.09.22),SN12053,20200624,576,444,1.2972972972972974,1 indexed channel with RGB palette,uint8 palette index,8,256822,BT.601 luma decoded from BMP palette; no artifact removal,50.0,210.0,192.23359687812814,36.68159929462716,86.0,105.0,207.0,210.0,210.0,210.0,210.0,160.0,3.91016016016016e-06,0.7016313188188188,12,Basic whole-image structural statistic; colored palette entries remain present.
001_20200625_003507(0),4. X-ray 검사장비 AI 데이터셋/dataset/test1/yolov3/X선이물검출기(06.23_09.22)/3호기(2020.09.22)/SN12053_20200625_NgImage/001_20200625_003507(0).bmp,3호기(2020.09.22),SN12053,20200625,576,444,1.2972972972972974,1 indexed channel with RGB palette,uint8 palette index,8,256822,BT.601 luma decoded from BMP palette; no artifact removal,29.07,210.0,192.39499804491993,36.04678430847924,89.0,106.0,207.0,210.0,210.0,210.0,210.0,180.93,0.001047922922922923,0.6992578516016016,12,Basic whole-image structural statistic; colored palette entries remain present.
001_20200625_003511(4),4. X-ray 검사장비 AI 데이터셋/dataset/test1/yolov3/X선이물검출기(06.23_09.22)/3호기(2020.09.22)/SN12053_20200625_NgImage/001_20200625_003511(4).bmp,3호기(2020.09.22),SN12053,20200625,576,444,1.2972972972972974,1 indexed channel with RGB palette,uint8 palette index,8,256822,BT.601 luma decoded from BMP palette; no artifact removal,29.07,210.0,192.4492411943193,35.899234389667974,89.0,107.0,207.0,210.0,210.0,210.0,210.0,180.93,0.00014076576576576576,0.7003135948448449,12,Basic whole-image structural statistic; colored palette entries remain present.
001_20200625_003515(9),4. X-ray 검사장비 AI 데이터셋/dataset/test1/yolov3/X선이물검출기(06.23_09.22)/3호기(2020.09.22)/SN12053_20200625_NgImage/001_20200625_003515(9).bmp,3호기(2020.09.22),SN12053,20200625,576,444,1.2972972972972974,1 indexed channel with RGB palette,uint8 palette index,8,256822,BT.601 luma decoded from BMP palette; no artifact removal,29.07,210.0,192.38153591091088,35.98140849300262,90.0,106.0,207.0,210.0,210.0,210.0,210.0,180.93,0.0005630630630630631,0.7005012825325325,12,Basic whole-image structural statistic; colored palette entries remain present.
001_20200625_003520(4),4. X-ray 검사장비 AI 데이터셋/dataset/test1/yolov3/X선이물검출기(06.23_09.22)/3호기(2020.09.22)/SN12053_20200625_NgImage/001_20200625_003520(4).bmp,3호기(2020.09.22),SN12053,20200625,576,444,1.2972972972972974,1 indexed channel with RGB palette,uint8 palette index,8,256822,BT.601 luma decoded from BMP palette; no artifact removal,29.07,210.0,192.2978410441692,36.055407036908086,89.0,106.0,207.0,210.0,210.0,210.0,210.0,180.93,0.00039101601601601604,0.6861705455455456,12,Basic whole-image structural statistic; colored palette entries remain present.
001_20200625_003524(9),4. X-ray 검사장비 AI 데이터셋/dataset/test1/yolov3/X선이물검출기(06.23_09.22)/3호기(2020.09.22)/SN12053_20200625_NgImage/001_20200625_003524(9).bmp,3호기(2020.09.22),SN12053,20200625,576,444,1.2972972972972974,1 indexed channel with RGB palette,uint8 palette index,8,256822,BT.601 luma decoded from BMP palette; no artifact removal,29.07,210.0,192.29360172672673,35.97467879444505,90.0,106.0,207.0,210.0,210.0,210.0,210.0,180.93,0.000656906906906907,0.6820844281781782,12,Basic whole-image structural statistic; colored palette entries remain present.
001_20200625_003529(2),4. X-ray 검사장비 AI 데이터셋/dataset/test1/yolov3/X선이물검출기(06.23_09.22)/3호기(2020.09.22)/SN12053_20200625_NgImage/001_20200625_003529(2).bmp,3호기(2020.09.22),SN12053,20200625,576,444,1.2972972972972974,1 indexed channel with RGB palette,uint8 palette index,8,256822,BT.601 luma decoded from BMP palette; no artifact removal,29.07,210.0,192.41957433996495,35.9221996063329,90.0,107.0,207.0,210.0,210.0,210.0,210.0,180.93,0.0006725475475475476,0.6997661724224224,12,Basic whole-image structural statistic; colored palette entries remain present.
001_20200625_043323(7),4. X-ray 검사장비 AI 데이터셋/dataset/test1/yolov3/X선이물검출기(06.23_09.22)/3호기(2020.09.22)/SN12053_20200625_NgImage/001_20200625_043323(7).bmp,3호기(2020.09.22),SN12053,20200625,576,444,1.2972972972972974,1 indexed channel with RGB palette,uint8 palette index,8,256822,BT.601 luma decoded from BMP palette; no artifact removal,29.07,225.93,192.46591138013014,35.98138056798198,89.0,106.0,207.0,210.0,210.0,210.0,210.0,196.86,0.00014076576576576576,0.0002658908908908909,12,Basic whole-image structural statistic; colored palette entries remain present.
001_20200625_043328(3),4. X-ray 검사장비 AI 데이터셋/dataset/test1/yolov3/X선이물검출기(06.23_09.22)/3호기(2020.09.22)/SN12053_20200625_NgImage/001_20200625_043328(3).bmp,3호기(2020.09.22),SN12053,20200625,576,444,1.2972972972972974,1 indexed channel with RGB palette,uint8 palette index,8,256822,BT.601 luma decoded from BMP palette; no artifact removal,29.07,210.0,192.40318028966465,36.08774602904141,90.0,106.0,207.0,210.0,210.0,210.0,210.0,180.93,0.0010792042042042042,0.7028708395895896,12,Basic whole-image structural statistic; colored palette entries remain present.
001_20200625_043337(3),4. X-ray 검사장비 AI 데이터셋/dataset/test1/yolov3/X선이물검출기(06.23_09.22)/3호기(2020.09.22)/SN12053_20200625_NgImage/001_20200625_043337(3).bmp,3호기(2020.09.22),SN12053,20200625,576,444,1.2972972972972974,1 indexed channel with RGB palette,uint8 palette index,8,256822,BT.601 luma decoded from BMP palette; no artifact removal,29.07,210.0,192.25414422234735,36.180418291958425,89.0,106.0,206.0,210.0,210.0,210.0,210.0,180.93,0.0006725475475475476,0.6744361549049049,12,Basic whole-image structural statistic; colored palette entries remain present.
001_20200625_043341(7),4. X-ray 검사장비 AI 데이터셋/dataset/test1/yolov3/X선이물검출기(06.23_09.22)/3호기(2020.09.22)/SN12053_20200625_NgImage/001_20200625_043341(7).bmp,3호기(2020.09.22),SN12053,20200625,576,444,1.2972972972972974,1 indexed channel with RGB palette,uint8 palette index,8,256822,BT.601 luma decoded from BMP palette; no artifact removal,29.07,210.0,192.3746023367117,36.299518490563734,87.99999999999999,106.0,207.0,210.0,210.0,210.0,210.0,180.93,0.0006412662662662662,0.7046890640640641,12,Basic whole-image structural statistic; colored palette entries remain present.
001_20200625_043346(2),4. X-ray 검사장비 AI 데이터셋/dataset/test1/yolov3/X선이물검출기(06.23_09.22)/3호기(2020.09.22)/SN12053_20200625_NgImage/001_20200625_043346(2).bmp,3호기(2020.09.22),SN12053,20200625,576,444,1.2972972972972974,1 indexed channel with RGB palette,uint8 palette index,8,256822,BT.601 luma decoded from BMP palette; no artifact removal,29.07,225.93,192.48408666478977,36.157599272888476,89.0,106.0,207.0,210.0,210.0,210.0,210.0,196.86,0.0007820320320320321,0.00039101601601601604,12,Basic whole-image structural statistic; colored palette entries remain present.
001_20200625_043359(8),4. X-ray 검사장비 AI 데이터셋/dataset/test1/yolov3/X선이물검출기(06.23_09.22)/3호기(2020.09.22)/SN12053_20200625_NgImage/001_20200625_043359(8).bmp,3호기(2020.09.22),SN12053,20200625,576,444,1.2972972972972974,1 indexed channel with RGB palette,uint8 palette index,8,256822,BT.601 luma decoded from BMP palette; no artifact removal,29.07,210.0,192.3479715653153,36.154550386144834,89.0,106.0,207.0,210.0,210.0,210.0,210.0,180.93,0.00028153153153153153,0.6909526714214215,12,Basic whole-image structural statistic; colored palette entries remain present.
001_20200629_082825(1),4. X-ray 검사장비 AI 데이터셋/dataset/test1/yolov3/X선이물검출기(06.23_09.22)/3호기(2020.09.22)/SN12053_20200629_NgImage/001_20200629_082825(1).bmp,3호기(2020.09.22),SN12053,20200629,576,444,1.2972972972972974,1 indexed channel with RGB palette,uint8 palette index,8,256822,BT.601 luma decoded from BMP palette; no artifact removal,29.07,210.0,192.88131537787785,35.37863780506912,93.0,110.0,207.99999999999997,210.0,210.0,210.0,210.0,180.93,0.00121996996996997,0.7204000875875876,12,Basic whole-image structural statistic; colored palette entries remain present.
001_20200629_082828(0),4. X-ray 검사장비 AI 데이터셋/dataset/test1/yolov3/X선이물검출기(06.23_09.22)/3호기(2020.09.22)/SN12053_20200629_NgImage/001_20200629_082828(0).bmp,3호기(2020.09.22),SN12053,20200629,576,444,1.2972972972972974,1 indexed channel with RGB palette,uint8 palette index,8,256822,BT.601 luma decoded from BMP palette; no artifact removal,29.07,210.0,192.92606927239737,35.23946498953404,94.0,110.0,207.99999999999997,210.0,210.0,210.0,210.0,180.93,0.0006725475475475476,0.7241108295795796,12,Basic whole-image structural statistic; colored palette entries remain present.
001_20200629_082831(0),4. X-ray 검사장비 AI 데이터셋/dataset/test1/yolov3/X선이물검출기(06.23_09.22)/3호기(2020.09.22)/SN12053_20200629_NgImage/001_20200629_082831(0).bmp,3호기(2020.09.22),SN12053,20200629,576,444,1.2972972972972974,1 indexed channel with RGB palette,uint8 palette index,8,256822,BT.601 luma decoded from BMP palette; no artifact removal,29.07,210.0,192.94951076076077,35.111625105761114,94.0,110.0,207.99999999999997,210.0,210.0,210.0,210.0,180.93,0.0005005005005005005,0.7230707269769769,12,Basic whole-image structural statistic; colored palette entries remain present.
001_20200629_082834(2),4. X-ray 검사장비 AI 데이터셋/dataset/test1/yolov3/X선이물검출기(06.23_09.22)/3호기(2020.09.22)/SN12053_20200629_NgImage/001_20200629_082834(2).bmp,3호기(2020.09.22),SN12053,20200629,576,444,1.2972972972972974,1 indexed channel with RGB palette,uint8 palette index,8,256822,BT.601 luma decoded from BMP palette; no artifact removal,29.07,210.0,192.91716372622622,35.12578402554443,94.0,110.0,207.99999999999997,210.0,210.0,210.0,210.0,180.93,0.0005317817817817818,0.7214558308308309,12,Basic whole-image structural statistic; colored palette entries remain present.
001_20200629_082837(2),4. X-ray 검사장비 AI 데이터셋/dataset/test1/yolov3/X선이물검출기(06.23_09.22)/3호기(2020.09.22)/SN12053_20200629_NgImage/001_20200629_082837(2).bmp,3호기(2020.09.22),SN12053,20200629,576,444,1.2972972972972974,1 indexed channel with RGB palette,uint8 palette index,8,256822,BT.601 luma decoded from BMP palette; no artifact removal,29.07,210.0,192.80402003566064,35.19126487245006,94.0,110.0,207.0,210.0,210.0,210.0,210.0,180.93,0.0006412662662662662,0.6981004441941941,12,Basic whole-image structural statistic; colored palette entries remain present.
001_20200629_082840(2),4. X-ray 검사장비 AI 데이터셋/dataset/test1/yolov3/X선이물검출기(06.23_09.22)/3호기(2020.09.22)/SN12053_20200629_NgImage/001_20200629_082840(2).bmp,3호기(2020.09.22),SN12053,20200629,576,444,1.2972972972972974,1 indexed channel with RGB palette,uint8 palette index,8,256822,BT.601 luma decoded from BMP palette; no artifact removal,29.07,210.0,192.95565510823323,35.111577636697305,94.0,110.0,207.99999999999997,210.0,210.0,210.0,210.0,180.93,0.00039101601601601604,0.7234812937937938,12,Basic whole-image structural statistic; colored palette entries remain present.
001_20200629_082905(4),4. X-ray 검사장비 AI 데이터셋/dataset/test1/yolov3/X선이물검출기(06.23_09.22)/3호기(2020.09.22)/SN12053_20200629_NgImage/001_20200629_082905(4).bmp,3호기(2020.09.22),SN12053,20200629,576,444,1.2972972972972974,1 indexed channel with RGB palette,uint8 palette index,8,256822,BT.601 luma decoded from BMP palette; no artifact removal,29.07,210.0,192.85844359984983,35.29840093750758,93.0,110.0,207.99999999999997,210.0,210.0,210.0,210.0,180.93,0.0005630630630630631,0.7216943506006006,12,Basic whole-image structural statistic; colored palette entries remain present.
001_20200629_123107(1),4. X-ray 검사장비 AI 데이터셋/dataset/test1/yolov3/X선이물검출기(06.23_09.22)/3호기(2020.09.22)/SN12053_20200629_NgImage/001_20200629_123107(1).bmp,3호기(2020.09.22),SN12053,20200629,576,444,1.2972972972972974,1 indexed channel with RGB palette,uint8 palette index,8,256822,BT.601 luma decoded from BMP palette; no artifact removal,42.0,225.93,192.0541972441191,35.98119306246412,89.0,106.0,205.0,210.0,210.0,210.0,210.0,183.93,3.91016016016016e-06,0.00017204704704704705,12,Basic whole-image structural statistic; colored palette entries remain present.
001_20200629_123111(6),4. X-ray 검사장비 AI 데이터셋/dataset/test1/yolov3/X선이물검출기(06.23_09.22)/3호기(2020.09.22)/SN12053_20200629_NgImage/001_20200629_123111(6).bmp,3호기(2020.09.22),SN12053,20200629,576,444,1.2972972972972974,1 indexed channel with RGB palette,uint8 palette index,8,256822,BT.601 luma decoded from BMP palette; no artifact removal,29.07,210.0,191.93605402277277,36.24847512362629,89.0,106.0,205.0,210.0,210.0,210.0,210.0,180.93,0.001313813813813814,0.6226382632632632,12,Basic whole-image structural statistic; colored palette entries remain present.
001_20200629_123116(1),4. X-ray 검사장비 AI 데이터셋/dataset/test1/yolov3/X선이물검출기(06.23_09.22)/3호기(2020.09.22)/SN12053_20200629_NgImage/001_20200629_123116(1).bmp,3호기(2020.09.22),SN12053,20200629,576,444,1.2972972972972974,1 indexed channel with RGB palette,uint8 palette index,8,256822,BT.601 luma decoded from BMP palette; no artifact removal,29.07,210.0,191.97447924486985,36.13624473064435,89.0,106.0,205.0,210.0,210.0,210.0,210.0,180.93,0.0007038288288288288,0.6241358546046046,12,Basic whole-image structural statistic; colored palette entries remain present.
001_20200629_123120(6),4. X-ray 검사장비 AI 데이터셋/dataset/test1/yolov3/X선이물검출기(06.23_09.22)/3호기(2020.09.22)/SN12053_20200629_NgImage/001_20200629_123120(6).bmp,3호기(2020.09.22),SN12053,20200629,576,444,1.2972972972972974,1 indexed channel with RGB palette,uint8 palette index,8,256822,BT.601 luma decoded from BMP palette; no artifact removal,29.07,225.93,191.88802646396397,35.91919487810963,89.0,107.0,203.99999999999997,210.0,210.0,210.0,210.0,196.86,0.0001564064064064064,0.0005005005005005005,12,Basic whole-image structural statistic; colored palette entries remain present.
001_20200629_123125(2),4. X-ray 검사장비 AI 데이터셋/dataset/test1/yolov3/X선이물검출기(06.23_09.22)/3호기(2020.09.22)/SN12053_20200629_NgImage/001_20200629_123125(2).bmp,3호기(2020.09.22),SN12053,20200629,576,444,1.2972972972972974,1 indexed channel with RGB palette,uint8 palette index,8,256822,BT.601 luma decoded from BMP palette; no artifact removal,29.07,210.0,192.03805281844345,36.0208047222631,89.0,106.0,205.0,210.0,210.0,210.0,210.0,180.93,0.0004222972972972973,0.6238699637137137,12,Basic whole-image structural statistic; colored palette entries remain present.
001_20200727_204954(7),4. X-ray 검사장비 AI 데이터셋/dataset/test1/yolov3/X선이물검출기(06.23_09.22)/3호기(2020.09.22)/SN12053_20200727_NgImage/001_20200727_204954(7).bmp,3호기(2020.09.22),SN12053,20200727,576,444,1.2972972972972974,1 indexed channel with RGB palette,uint8 palette index,8,256822,BT.601 luma decoded from BMP palette; no artifact removal,46.0,210.0,193.78181838088088,31.826650709817116,103.0,125.0,207.0,210.0,210.0,210.0,210.0,164.0,3.91016016016016e-06,0.7049041228728729,12,Basic whole-image structural statistic; colored palette entries remain present.
001_20200727_204958(2),4. X-ray 검사장비 AI 데이터셋/dataset/test1/yolov3/X선이물검출기(06.23_09.22)/3호기(2020.09.22)/SN12053_20200727_NgImage/001_20200727_204958(2).bmp,3호기(2020.09.22),SN12053,20200727,576,444,1.2972972972972974,1 indexed channel with RGB palette,uint8 palette index,8,256822,BT.601 luma decoded from BMP palette; no artifact removal,40.0,210.0,193.83267783408408,31.847387138127615,100.99999999999999,124.0,207.0,210.0,210.0,210.0,210.0,170.0,3.91016016016016e-06,0.7052599474474475,12,Basic whole-image structural statistic; colored palette entries remain present.
001_20200728_014351(3),4. X-ray 검사장비 AI 데이터셋/dataset/test1/yolov3/X선이물검출기(06.23_09.22)/3호기(2020.09.22)/SN12053_20200728_NgImage/001_20200728_014351(3).bmp,3호기(2020.09.22),SN12053,20200728,576,444,1.2972972972972974,1 indexed channel with RGB palette,uint8 palette index,8,256822,BT.601 luma decoded from BMP palette; no artifact removal,45.0,210.0,193.77442802177177,31.88571036458324,100.99999999999999,125.0,207.0,210.0,210.0,210.0,210.0,165.0,3.91016016016016e-06,0.7048806619119119,12,Basic whole-image structural statistic; colored palette entries remain present.
001_20200728_014355(2),4. X-ray 검사장비 AI 데이터셋/dataset/test1/yolov3/X선이물검출기(06.23_09.22)/3호기(2020.09.22)/SN12053_20200728_NgImage/001_20200728_014355(2).bmp,3호기(2020.09.22),SN12053,20200728,576,444,1.2972972972972974,1 indexed channel with RGB palette,uint8 palette index,8,256822,BT.601 luma decoded from BMP palette; no artifact removal,29.07,210.0,193.83596080455456,31.98676705665488,100.99999999999999,124.0,207.0,210.0,210.0,210.0,210.0,180.93,0.0005005005005005005,0.7074613676176176,12,Basic whole-image structural statistic; colored palette entries remain present.
001_20200728_043138(3),4. X-ray 검사장비 AI 데이터셋/dataset/test1/yolov3/X선이물검출기(06.23_09.22)/3호기(2020.09.22)/SN12053_20200728_NgImage/001_20200728_043138(3).bmp,3호기(2020.09.22),SN12053,20200728,576,444,1.2972972972972974,1 indexed channel with RGB palette,uint8 palette index,8,256822,BT.601 luma decoded from BMP palette; no artifact removal,29.07,210.0,193.8101344313063,31.953173786082512,103.0,124.0,207.0,210.0,210.0,210.0,210.0,180.93,0.00014076576576576576,0.7005951263763763,12,Basic whole-image structural statistic; colored palette entries remain present.
001_20200728_043141(5),4. X-ray 검사장비 AI 데이터셋/dataset/test1/yolov3/X선이물검출기(06.23_09.22)/3호기(2020.09.22)/SN12053_20200728_NgImage/001_20200728_043141(5).bmp,3호기(2020.09.22),SN12053,20200728,576,444,1.2972972972972974,1 indexed channel with RGB palette,uint8 palette index,8,256822,BT.601 luma decoded from BMP palette; no artifact removal,50.99999999999999,210.0,193.7983818193193,32.26961205331079,99.0,123.0,207.0,210.0,210.0,210.0,210.0,159.0,3.91016016016016e-06,0.711058714964965,12,Basic whole-image structural statistic; colored palette entries remain present.
001_20200728_083108(2),4. X-ray 검사장비 AI 데이터셋/dataset/test1/yolov3/X선이물검출기(06.23_09.22)/3호기(2020.09.22)/SN12053_20200728_NgImage/001_20200728_083108(2).bmp,3호기(2020.09.22),SN12053,20200728,576,444,1.2972972972972974,1 indexed channel with RGB palette,uint8 palette index,8,256822,BT.601 luma decoded from BMP palette; no artifact removal,29.07,210.0,193.7856761448949,32.22382690994072,99.0,121.99999999999999,207.0,210.0,210.0,210.0,210.0,180.93,0.0005005005005005005,0.70507616991992,12,Basic whole-image structural statistic; colored palette entries remain present.
001_20200728_083116(1),4. X-ray 검사장비 AI 데이터셋/dataset/test1/yolov3/X선이물검출기(06.23_09.22)/3호기(2020.09.22)/SN12053_20200728_NgImage/001_20200728_083116(1).bmp,3호기(2020.09.22),SN12053,20200728,576,444,1.2972972972972974,1 indexed channel with RGB palette,uint8 palette index,8,256822,BT.601 luma decoded from BMP palette; no artifact removal,45.0,210.0,193.81337337337337,32.675181364399926,97.0,120.0,207.99999999999997,210.0,210.0,210.0,210.0,165.0,3.91016016016016e-06,0.7165016579079079,12,Basic whole-image structural statistic; colored palette entries remain present.
001_20200728_123129(2),4. X-ray 검사장비 AI 데이터셋/dataset/test1/yolov3/X선이물검출기(06.23_09.22)/3호기(2020.09.22)/SN12053_20200728_NgImage/001_20200728_123129(2).bmp,3호기(2020.09.22),SN12053,20200728,576,444,1.2972972972972974,1 indexed channel with RGB palette,uint8 palette index,8,256822,BT.601 luma decoded from BMP palette; no artifact removal,42.0,210.0,193.9396285347848,31.85905418787409,100.0,124.0,207.0,210.0,210.0,210.0,210.0,168.0,3.91016016016016e-06,0.7160519894894894,12,Basic whole-image structural statistic; colored palette entries remain present.
001_20200728_123132(4),4. X-ray 검사장비 AI 데이터셋/dataset/test1/yolov3/X선이물검출기(06.23_09.22)/3호기(2020.09.22)/SN12053_20200728_NgImage/001_20200728_123132(4).bmp,3호기(2020.09.22),SN12053,20200728,576,444,1.2972972972972974,1 indexed channel with RGB palette,uint8 palette index,8,256822,BT.601 luma decoded from BMP palette; no artifact removal,45.0,210.0,193.9183103415916,31.99065439679837,99.0,124.0,207.99999999999997,210.0,210.0,210.0,210.0,165.0,3.91016016016016e-06,0.7172445883383384,12,Basic whole-image structural statistic; colored palette entries remain present.
001_20200728_163910(5),4. X-ray 검사장비 AI 데이터셋/dataset/test1/yolov3/X선이물검출기(06.23_09.22)/3호기(2020.09.22)/SN12053_20200728_NgImage/001_20200728_163910(5).bmp,3호기(2020.09.22),SN12053,20200728,576,444,1.2972972972972974,1 indexed channel with RGB palette,uint8 palette index,8,256822,BT.601 luma decoded from BMP palette; no artifact removal,53.0,210.0,193.83737393643642,31.956196203929068,100.99999999999999,124.0,207.0,210.0,210.0,210.0,210.0,157.0,3.91016016016016e-06,0.7160519894894894,12,Basic whole-image structural statistic; colored palette entries remain present.
001_20200728_163913(6),4. X-ray 검사장비 AI 데이터셋/dataset/test1/yolov3/X선이물검출기(06.23_09.22)/3호기(2020.09.22)/SN12053_20200728_NgImage/001_20200728_163913(6).bmp,3호기(2020.09.22),SN12053,20200728,576,444,1.2972972972972974,1 indexed channel with RGB palette,uint8 palette index,8,256822,BT.601 luma decoded from BMP palette; no artifact removal,56.99999999999999,210.0,193.8404786036036,31.86047879120734,101.99999999999999,125.0,207.0,210.0,210.0,210.0,210.0,153.0,3.91016016016016e-06,0.7144136323823824,12,Basic whole-image structural statistic; colored palette entries remain present.
001_20200810_085043(8),4. X-ray 검사장비 AI 데이터셋/dataset/test1/yolov3/X선이물검출기(06.23_09.22)/3호기(2020.09.22)/SN12053_20200810_NgImage/001_20200810_085043(8).bmp,3호기(2020.09.22),SN12053,20200810,576,444,1.2972972972972974,1 indexed channel with RGB palette,uint8 palette index,8,256822,BT.601 luma decoded from BMP palette; no artifact removal,43.99999999999999,210.0,193.4465845533033,32.31157033793001,98.0,121.0,205.0,210.0,210.0,210.0,210.0,166.0,7.82032032032032e-06,0.651440503003003,12,Basic whole-image structural statistic; colored palette entries remain present.
001_20200810_123047(8),4. X-ray 검사장비 AI 데이터셋/dataset/test1/yolov3/X선이물검출기(06.23_09.22)/3호기(2020.09.22)/SN12053_20200810_NgImage/001_20200810_123047(8).bmp,3호기(2020.09.22),SN12053,20200810,576,444,1.2972972972972974,1 indexed channel with RGB palette,uint8 palette index,8,256822,BT.601 luma decoded from BMP palette; no artifact removal,29.07,225.93,193.32601148023022,32.84927160364455,97.0,119.0,205.0,210.0,210.0,210.0,210.0,196.86,0.00039101601601601604,0.00014076576576576576,12,Basic whole-image structural statistic; colored palette entries remain present.
001_20200810_123051(3),4. X-ray 검사장비 AI 데이터셋/dataset/test1/yolov3/X선이물검출기(06.23_09.22)/3호기(2020.09.22)/SN12053_20200810_NgImage/001_20200810_123051(3).bmp,3호기(2020.09.22),SN12053,20200810,576,444,1.2972972972972974,1 indexed channel with RGB palette,uint8 palette index,8,256822,BT.601 luma decoded from BMP palette; no artifact removal,34.0,210.0,193.20166776151152,33.180671683911555,96.0,117.99999999999999,205.0,210.0,210.0,210.0,210.0,176.0,3.91016016016016e-06,0.6464394081581581,12,Basic whole-image structural statistic; colored palette entries remain present.
001_20200810_163112(8),4. X-ray 검사장비 AI 데이터셋/dataset/test1/yolov3/X선이물검출기(06.23_09.22)/3호기(2020.09.22)/SN12053_20200810_NgImage/001_20200810_163112(8).bmp,3호기(2020.09.22),SN12053,20200810,576,444,1.2972972972972974,1 indexed channel with RGB palette,uint8 palette index,8,256822,BT.601 luma decoded from BMP palette; no artifact removal,29.07,210.0,193.42934723786286,32.585076769279055,96.0,121.0,206.0,210.0,210.0,210.0,210.0,180.93,0.00014076576576576576,0.6896857795295295,12,Basic whole-image structural statistic; colored palette entries remain present.
001_20200810_163116(0),4. X-ray 검사장비 AI 데이터셋/dataset/test1/yolov3/X선이물검출기(06.23_09.22)/3호기(2020.09.22)/SN12053_20200810_NgImage/001_20200810_163116(0).bmp,3호기(2020.09.22),SN12053,20200810,576,444,1.2972972972972974,1 indexed channel with RGB palette,uint8 palette index,8,256822,BT.601 luma decoded from BMP palette; no artifact removal,38.99999999999999,210.0,193.506855762012,32.51735334665525,97.0,121.0,206.0,210.0,210.0,210.0,210.0,171.0,3.91016016016016e-06,0.6892009196696697,12,Basic whole-image structural statistic; colored palette entries remain present.
001_20200810_203208(7),4. X-ray 검사장비 AI 데이터셋/dataset/test1/yolov3/X선이물검출기(06.23_09.22)/3호기(2020.09.22)/SN12053_20200810_NgImage/001_20200810_203208(7).bmp,3호기(2020.09.22),SN12053,20200810,576,444,1.2972972972972974,1 indexed channel with RGB palette,uint8 palette index,8,256822,BT.601 luma decoded from BMP palette; no artifact removal,29.07,210.0,193.45296476163662,32.6641592288857,98.0,121.0,206.0,210.0,210.0,210.0,210.0,180.93,0.00014076576576576576,0.6908001751751752,12,Basic whole-image structural statistic; colored palette entries remain present.
001_20200810_203212(6),4. X-ray 검사장비 AI 데이터셋/dataset/test1/yolov3/X선이물검출기(06.23_09.22)/3호기(2020.09.22)/SN12053_20200810_NgImage/001_20200810_203212(6).bmp,3호기(2020.09.22),SN12053,20200810,576,444,1.2972972972972974,1 indexed channel with RGB palette,uint8 palette index,8,256822,BT.601 luma decoded from BMP palette; no artifact removal,45.0,210.0,193.60807823448448,32.345199062279924,99.0,123.0,207.0,210.0,210.0,210.0,210.0,165.0,3.91016016016016e-06,0.7039031218718719,12,Basic whole-image structural statistic; colored palette entries remain present.
001_20200811_003323(2),4. X-ray 검사장비 AI 데이터셋/dataset/test1/yolov3/X선이물검출기(06.23_09.22)/3호기(2020.09.22)/SN12053_20200811_NgImage/001_20200811_003323(2).bmp,3호기(2020.09.22),SN12053,20200811,576,444,1.2972972972972974,1 indexed channel with RGB palette,uint8 palette index,8,256822,BT.601 luma decoded from BMP palette; no artifact removal,29.07,210.0,193.88657782782784,32.15114366475788,100.99999999999999,124.0,207.99999999999997,210.0,210.0,210.0,210.0,180.93,0.0005005005005005005,0.7290689126626627,12,Basic whole-image structural statistic; colored palette entries remain present.
001_20200811_003327(0),4. X-ray 검사장비 AI 데이터셋/dataset/test1/yolov3/X선이물검출기(06.23_09.22)/3호기(2020.09.22)/SN12053_20200811_NgImage/001_20200811_003327(0).bmp,3호기(2020.09.22),SN12053,20200811,576,444,1.2972972972972974,1 indexed channel with RGB palette,uint8 palette index,8,256822,BT.601 luma decoded from BMP palette; no artifact removal,29.07,210.0,193.92802161536537,31.71259251244912,105.0,126.0,207.0,210.0,210.0,210.0,210.0,180.93,0.0005005005005005005,0.7165798611111112,12,Basic whole-image structural statistic; colored palette entries remain present.
001_20200811_043037(3),4. X-ray 검사장비 AI 데이터셋/dataset/test1/yolov3/X선이물검출기(06.23_09.22)/3호기(2020.09.22)/SN12053_20200811_NgImage/001_20200811_043037(3).bmp,3호기(2020.09.22),SN12053,20200811,576,444,1.2972972972972974,1 indexed channel with RGB palette,uint8 palette index,8,256822,BT.601 luma decoded from BMP palette; no artifact removal,29.07,225.93,193.8222733671171,32.738135933258015,97.0,121.0,207.99999999999997,210.0,210.0,210.0,210.0,196.86,0.00039101601601601604,0.00014076576576576576,12,Basic whole-image structural statistic; colored palette entries remain present.
001_20200811_043041(6),4. X-ray 검사장비 AI 데이터셋/dataset/test1/yolov3/X선이물검출기(06.23_09.22)/3호기(2020.09.22)/SN12053_20200811_NgImage/001_20200811_043041(6).bmp,3호기(2020.09.22),SN12053,20200811,576,444,1.2972972972972974,1 indexed channel with RGB palette,uint8 palette index,8,256822,BT.601 luma decoded from BMP palette; no artifact removal,51.99999999999999,210.0,193.75481872497497,32.26167513835445,100.99999999999999,123.0,207.99999999999997,210.0,210.0,210.0,210.0,158.0,3.91016016016016e-06,0.7226992617617618,12,Basic whole-image structural statistic; colored palette entries remain present.
001_20200814_033012(7),4. X-ray 검사장비 AI 데이터셋/dataset/test1/yolov3/X선이물검출기(06.23_09.22)/3호기(2020.09.22)/SN12053_20200814_NgImage/001_20200814_033012(7).bmp,3호기(2020.09.22),SN12053,20200814,576,444,1.2972972972972974,1 indexed channel with RGB palette,uint8 palette index,8,256822,BT.601 luma decoded from BMP palette; no artifact removal,35.0,210.0,193.42638482232232,32.70083059337035,99.0,120.0,206.0,210.0,210.0,210.0,210.0,175.0,3.91016016016016e-06,0.683742336086086,12,Basic whole-image structural statistic; colored palette entries remain present.
001_20200814_033016(6),4. X-ray 검사장비 AI 데이터셋/dataset/test1/yolov3/X선이물검출기(06.23_09.22)/3호기(2020.09.22)/SN12053_20200814_NgImage/001_20200814_033016(6).bmp,3호기(2020.09.22),SN12053,20200814,576,444,1.2972972972972974,1 indexed channel with RGB palette,uint8 palette index,8,256822,BT.601 luma decoded from BMP palette; no artifact removal,29.07,210.0,193.39665454517015,32.01975683907493,100.99999999999999,124.0,206.0,210.0,210.0,210.0,210.0,180.93,0.00014076576576576576,0.6759689376876877,12,Basic whole-image structural statistic; colored palette entries remain present.
001_20200814_043321(6),4. X-ray 검사장비 AI 데이터셋/dataset/test1/yolov3/X선이물검출기(06.23_09.22)/3호기(2020.09.22)/SN12053_20200814_NgImage/001_20200814_043321(6).bmp,3호기(2020.09.22),SN12053,20200814,576,444,1.2972972972972974,1 indexed channel with RGB palette,uint8 palette index,8,256822,BT.601 luma decoded from BMP palette; no artifact removal,51.99999999999999,210.0,193.5030278716216,31.854032666615186,100.99999999999999,124.0,205.0,210.0,210.0,210.0,210.0,158.0,3.91016016016016e-06,0.6622247247247247,12,Basic whole-image structural statistic; colored palette entries remain present.
001_20200814_083045(8),4. X-ray 검사장비 AI 데이터셋/dataset/test1/yolov3/X선이물검출기(06.23_09.22)/3호기(2020.09.22)/SN12053_20200814_NgImage/001_20200814_083045(8).bmp,3호기(2020.09.22),SN12053,20200814,576,444,1.2972972972972974,1 indexed channel with RGB palette,uint8 palette index,8,256822,BT.601 luma decoded from BMP palette; no artifact removal,38.0,210.0,193.58940330955954,32.124010421127814,99.0,123.0,206.0,210.0,210.0,210.0,210.0,172.0,3.91016016016016e-06,0.6901158971471472,12,Basic whole-image structural statistic; colored palette entries remain present.
001_20200814_083051(9),4. X-ray 검사장비 AI 데이터셋/dataset/test1/yolov3/X선이물검출기(06.23_09.22)/3호기(2020.09.22)/SN12053_20200814_NgImage/001_20200814_083051(9).bmp,3호기(2020.09.22),SN12053,20200814,576,444,1.2972972972972974,1 indexed channel with RGB palette,uint8 palette index,8,256822,BT.601 luma decoded from BMP palette; no artifact removal,36.0,225.93,193.58358741554053,32.25101396026935,99.0,123.0,206.0,210.0,210.0,210.0,210.0,189.93,3.91016016016016e-06,0.00014076576576576576,12,Basic whole-image structural statistic; colored palette entries remain present.
001_20200814_123136(2),4. X-ray 검사장비 AI 데이터셋/dataset/test1/yolov3/X선이물검출기(06.23_09.22)/3호기(2020.09.22)/SN12053_20200814_NgImage/001_20200814_123136(2).bmp,3호기(2020.09.22),SN12053,20200814,576,444,1.2972972972972974,1 indexed channel with RGB palette,uint8 palette index,8,256822,BT.601 luma decoded from BMP palette; no artifact removal,29.07,210.0,193.3178494119119,33.0338336882277,97.0,120.0,206.0,210.0,210.0,210.0,210.0,180.93,0.0005630630630630631,0.6829368430930931,12,Basic whole-image structural statistic; colored palette entries remain present.
001_20200814_123143(5),4. X-ray 검사장비 AI 데이터셋/dataset/test1/yolov3/X선이물검출기(06.23_09.22)/3호기(2020.09.22)/SN12053_20200814_NgImage/001_20200814_123143(5).bmp,3호기(2020.09.22),SN12053,20200814,576,444,1.2972972972972974,1 indexed channel with RGB palette,uint8 palette index,8,256822,BT.601 luma decoded from BMP palette; no artifact removal,29.07,210.0,193.50625609984985,32.71703818062794,97.0,121.0,207.0,210.0,210.0,210.0,210.0,180.93,0.0005005005005005005,0.6966849662162162,12,Basic whole-image structural statistic; colored palette entries remain present.
001_20200814_163101(7),4. X-ray 검사장비 AI 데이터셋/dataset/test1/yolov3/X선이물검출기(06.23_09.22)/3호기(2020.09.22)/SN12053_20200814_NgImage/001_20200814_163101(7).bmp,3호기(2020.09.22),SN12053,20200814,576,444,1.2972972972972974,1 indexed channel with RGB palette,uint8 palette index,8,256822,BT.601 luma decoded from BMP palette; no artifact removal,38.99999999999999,210.0,193.9434839527027,31.941672311288794,100.0,124.0,207.0,210.0,210.0,210.0,210.0,171.0,3.91016016016016e-06,0.7177020770770771,12,Basic whole-image structural statistic; colored palette entries remain present.
001_20200814_163105(1),4. X-ray 검사장비 AI 데이터셋/dataset/test1/yolov3/X선이물검출기(06.23_09.22)/3호기(2020.09.22)/SN12053_20200814_NgImage/001_20200814_163105(1).bmp,3호기(2020.09.22),SN12053,20200814,576,444,1.2972972972972974,1 indexed channel with RGB palette,uint8 palette index,8,256822,BT.601 luma decoded from BMP palette; no artifact removal,29.07,210.0,193.95252267892894,32.12597520383042,100.0,124.0,207.99999999999997,210.0,210.0,210.0,210.0,180.93,0.0005005005005005005,0.734496214964965,12,Basic whole-image structural statistic; colored palette entries remain present.
001_20200814_203438(9),4. X-ray 검사장비 AI 데이터셋/dataset/test1/yolov3/X선이물검출기(06.23_09.22)/3호기(2020.09.22)/SN12053_20200814_NgImage/001_20200814_203438(9).bmp,3호기(2020.09.22),SN12053,20200814,576,444,1.2972972972972974,1 indexed channel with RGB palette,uint8 palette index,8,256822,BT.601 luma decoded from BMP palette; no artifact removal,29.07,210.0,193.92548376501503,31.80240740278172,101.99999999999999,125.0,207.99999999999997,210.0,210.0,210.0,210.0,180.93,0.0003440940940940941,0.7363066191191191,12,Basic whole-image structural statistic; colored palette entries remain present.
001_20200814_203442(4),4. X-ray 검사장비 AI 데이터셋/dataset/test1/yolov3/X선이물검출기(06.23_09.22)/3호기(2020.09.22)/SN12053_20200814_NgImage/001_20200814_203442(4).bmp,3호기(2020.09.22),SN12053,20200814,576,444,1.2972972972972974,1 indexed channel with RGB palette,uint8 palette index,8,256822,BT.601 luma decoded from BMP palette; no artifact removal,50.99999999999999,210.0,193.83304538913913,32.41320723607637,100.0,121.99999999999999,207.99999999999997,210.0,210.0,210.0,210.0,159.0,3.91016016016016e-06,0.7244744744744744,12,Basic whole-image structural statistic; colored palette entries remain present.
001_20200815_003438(6),4. X-ray 검사장비 AI 데이터셋/dataset/test1/yolov3/X선이물검출기(06.23_09.22)/3호기(2020.09.22)/SN12053_20200815_NgImage/001_20200815_003438(6).bmp,3호기(2020.09.22),SN12053,20200815,576,444,1.2972972972972974,1 indexed channel with RGB palette,uint8 palette index,8,256822,BT.601 luma decoded from BMP palette; no artifact removal,40.0,210.0,193.65057776526527,32.05078185595242,103.0,124.0,207.0,210.0,210.0,210.0,210.0,170.0,3.91016016016016e-06,0.7129473223223223,12,Basic whole-image structural statistic; colored palette entries remain present.
001_20200815_003529(0),4. X-ray 검사장비 AI 데이터셋/dataset/test1/yolov3/X선이물검출기(06.23_09.22)/3호기(2020.09.22)/SN12053_20200815_NgImage/001_20200815_003529(0).bmp,3호기(2020.09.22),SN12053,20200815,576,444,1.2972972972972974,1 indexed channel with RGB palette,uint8 palette index,8,256822,BT.601 luma decoded from BMP palette; no artifact removal,42.0,210.0,193.76798032407407,32.095835054952815,100.0,123.0,207.99999999999997,210.0,210.0,210.0,210.0,168.0,3.91016016016016e-06,0.7258273898898899,12,Basic whole-image structural statistic; colored palette entries remain present.
001_20200818_083145(2),4. X-ray 검사장비 AI 데이터셋/dataset/test1/yolov3/X선이물검출기(06.23_09.22)/3호기(2020.09.22)/SN12053_20200818_NgImage/001_20200818_083145(2).bmp,3호기(2020.09.22),SN12053,20200818,576,444,1.2972972972972974,1 indexed channel with RGB palette,uint8 palette index,8,256822,BT.601 luma decoded from BMP palette; no artifact removal,50.0,210.0,193.83846487112112,31.245640739625035,105.0,126.99999999999999,206.0,210.0,210.0,210.0,210.0,160.0,3.91016016016016e-06,0.6938383696196196,12,Basic whole-image structural statistic; colored palette entries remain present.
001_20200818_083159(7),4. X-ray 검사장비 AI 데이터셋/dataset/test1/yolov3/X선이물검출기(06.23_09.22)/3호기(2020.09.22)/SN12053_20200818_NgImage/001_20200818_083159(7).bmp,3호기(2020.09.22),SN12053,20200818,576,444,1.2972972972972974,1 indexed channel with RGB palette,uint8 palette index,8,256822,BT.601 luma decoded from BMP palette; no artifact removal,50.99999999999999,210.0,193.97063610485486,31.180153751515054,107.0,126.99999999999999,206.0,210.0,210.0,210.0,210.0,159.0,3.91016016016016e-06,0.6951052615115115,12,Basic whole-image structural statistic; colored palette entries remain present.
001_20200818_123634(4),4. X-ray 검사장비 AI 데이터셋/dataset/test1/yolov3/X선이물검출기(06.23_09.22)/3호기(2020.09.22)/SN12053_20200818_NgImage/001_20200818_123634(4).bmp,3호기(2020.09.22),SN12053,20200818,576,444,1.2972972972972974,1 indexed channel with RGB palette,uint8 palette index,8,256822,BT.601 luma decoded from BMP palette; no artifact removal,29.07,210.0,193.46059762887887,31.955824492272576,101.99999999999999,125.0,205.0,210.0,210.0,210.0,210.0,180.93,0.0005630630630630631,0.6683323948948949,12,Basic whole-image structural statistic; colored palette entries remain present.
001_20200818_163230(6),4. X-ray 검사장비 AI 데이터셋/dataset/test1/yolov3/X선이물검출기(06.23_09.22)/3호기(2020.09.22)/SN12053_20200818_NgImage/001_20200818_163230(6).bmp,3호기(2020.09.22),SN12053,20200818,576,444,1.2972972972972974,1 indexed channel with RGB palette,uint8 palette index,8,256822,BT.601 luma decoded from BMP palette; no artifact removal,49.0,225.93,193.72002486861862,32.0137440363566,100.0,123.0,207.0,210.0,210.0,210.0,210.0,176.93,3.91016016016016e-06,0.0005005005005005005,12,Basic whole-image structural statistic; colored palette entries remain present.
001_20200818_163233(9),4. X-ray 검사장비 AI 데이터셋/dataset/test1/yolov3/X선이물검출기(06.23_09.22)/3호기(2020.09.22)/SN12053_20200818_NgImage/001_20200818_163233(9).bmp,3호기(2020.09.22),SN12053,20200818,576,444,1.2972972972972974,1 indexed channel with RGB palette,uint8 palette index,8,256822,BT.601 luma decoded from BMP palette; no artifact removal,41.0,210.0,193.54535535535535,32.269313680984766,100.0,124.0,206.0,210.0,210.0,210.0,210.0,169.0,3.91016016016016e-06,0.691992774024024,12,Basic whole-image structural statistic; colored palette entries remain present.
001_20200818_203601(4),4. X-ray 검사장비 AI 데이터셋/dataset/test1/yolov3/X선이물검출기(06.23_09.22)/3호기(2020.09.22)/SN12053_20200818_NgImage/001_20200818_203601(4).bmp,3호기(2020.09.22),SN12053,20200818,576,444,1.2972972972972974,1 indexed channel with RGB palette,uint8 palette index,8,256822,BT.601 luma decoded from BMP palette; no artifact removal,47.0,225.93,193.7813479104104,32.22403702144432,99.0,121.99999999999999,207.0,210.0,210.0,210.0,210.0,178.93,3.91016016016016e-06,0.0005005005005005005,12,Basic whole-image structural statistic; colored palette entries remain present.
001_20200818_203607(4),4. X-ray 검사장비 AI 데이터셋/dataset/test1/yolov3/X선이물검출기(06.23_09.22)/3호기(2020.09.22)/SN12053_20200818_NgImage/001_20200818_203607(4).bmp,3호기(2020.09.22),SN12053,20200818,576,444,1.2972972972972974,1 indexed channel with RGB palette,uint8 palette index,8,256822,BT.601 luma decoded from BMP palette; no artifact removal,36.0,210.0,193.59915133883882,32.77195650897915,97.0,120.0,207.0,210.0,210.0,210.0,210.0,174.0,3.91016016016016e-06,0.7073870745745746,12,Basic whole-image structural statistic; colored palette entries remain present.
001_20200819_003039(4),4. X-ray 검사장비 AI 데이터셋/dataset/test1/yolov3/X선이물검출기(06.23_09.22)/3호기(2020.09.22)/SN12053_20200819_NgImage/001_20200819_003039(4).bmp,3호기(2020.09.22),SN12053,20200819,576,444,1.2972972972972974,1 indexed channel with RGB palette,uint8 palette index,8,256822,BT.601 luma decoded from BMP palette; no artifact removal,46.0,210.0,193.78714010885886,31.73280135978332,101.99999999999999,126.0,207.0,210.0,210.0,210.0,210.0,164.0,3.91016016016016e-06,0.7159385948448449,12,Basic whole-image structural statistic; colored palette entries remain present.
001_20200819_003044(1),4. X-ray 검사장비 AI 데이터셋/dataset/test1/yolov3/X선이물검출기(06.23_09.22)/3호기(2020.09.22)/SN12053_20200819_NgImage/001_20200819_003044(1).bmp,3호기(2020.09.22),SN12053,20200819,576,444,1.2972972972972974,1 indexed channel with RGB palette,uint8 palette index,8,256822,BT.601 luma decoded from BMP palette; no artifact removal,51.99999999999999,210.0,193.76283064314313,31.879755583858522,100.99999999999999,126.0,207.0,210.0,210.0,210.0,210.0,158.0,3.91016016016016e-06,0.7196141453953954,12,Basic whole-image structural statistic; colored palette entries remain present.
001_20200819_043209(9),4. X-ray 검사장비 AI 데이터셋/dataset/test1/yolov3/X선이물검출기(06.23_09.22)/3호기(2020.09.22)/SN12053_20200819_NgImage/001_20200819_043209(9).bmp,3호기(2020.09.22),SN12053,20200819,576,444,1.2972972972972974,1 indexed channel with RGB palette,uint8 palette index,8,256822,BT.601 luma decoded from BMP palette; no artifact removal,29.07,210.0,193.80524282094592,31.835213294120177,101.99999999999999,125.0,207.99999999999997,210.0,210.0,210.0,210.0,180.93,0.00014076576576576576,0.7241303803803804,12,Basic whole-image structural statistic; colored palette entries remain present.
001_20200819_043216(0),4. X-ray 검사장비 AI 데이터셋/dataset/test1/yolov3/X선이물검출기(06.23_09.22)/3호기(2020.09.22)/SN12053_20200819_NgImage/001_20200819_043216(0).bmp,3호기(2020.09.22),SN12053,20200819,576,444,1.2972972972972974,1 indexed channel with RGB palette,uint8 palette index,8,256822,BT.601 luma decoded from BMP palette; no artifact removal,49.0,225.93,193.63576091716718,32.956994851078434,96.0,120.0,207.0,210.0,210.0,210.0,210.0,176.93,3.91016016016016e-06,0.0005005005005005005,12,Basic whole-image structural statistic; colored palette entries remain present.
001_20200819_083353(5),4. X-ray 검사장비 AI 데이터셋/dataset/test1/yolov3/X선이물검출기(06.23_09.22)/3호기(2020.09.22)/SN12053_20200819_NgImage/001_20200819_083353(5).bmp,3호기(2020.09.22),SN12053,20200819,576,444,1.2972972972972974,1 indexed channel with RGB palette,uint8 palette index,8,256822,BT.601 luma decoded from BMP palette; no artifact removal,29.07,210.0,193.84082136824324,31.934300063300118,100.0,124.0,207.0,210.0,210.0,210.0,210.0,180.93,0.00014076576576576576,0.7158291103603603,12,Basic whole-image structural statistic; colored palette entries remain present.
001_20200819_083401(0),4. X-ray 검사장비 AI 데이터셋/dataset/test1/yolov3/X선이물검출기(06.23_09.22)/3호기(2020.09.22)/SN12053_20200819_NgImage/001_20200819_083401(0).bmp,3호기(2020.09.22),SN12053,20200819,576,444,1.2972972972972974,1 indexed channel with RGB palette,uint8 palette index,8,256822,BT.601 luma decoded from BMP palette; no artifact removal,45.0,210.0,193.7680663475976,31.982417437445147,103.0,125.0,207.99999999999997,210.0,210.0,210.0,210.0,165.0,3.91016016016016e-06,0.7334795733233234,12,Basic whole-image structural statistic; colored palette entries remain present.
001_20200819_124414(0),4. X-ray 검사장비 AI 데이터셋/dataset/test1/yolov3/X선이물검출기(06.23_09.22)/3호기(2020.09.22)/SN12053_20200819_NgImage/001_20200819_124414(0).bmp,3호기(2020.09.22),SN12053,20200819,576,444,1.2972972972972974,1 indexed channel with RGB palette,uint8 palette index,8,256822,BT.601 luma decoded from BMP palette; no artifact removal,29.07,210.0,193.95276510885887,31.923701130920584,100.99999999999999,124.0,208.99999999999997,210.0,210.0,210.0,210.0,180.93,0.0005005005005005005,0.739771021021021,12,Basic whole-image structural statistic; colored palette entries remain present.
001_20200819_124415(9),4. X-ray 검사장비 AI 데이터셋/dataset/test1/yolov3/X선이물검출기(06.23_09.22)/3호기(2020.09.22)/SN12053_20200819_NgImage/001_20200819_124415(9).bmp,3호기(2020.09.22),SN12053,20200819,576,444,1.2972972972972974,1 indexed channel with RGB palette,uint8 palette index,8,256822,BT.601 luma decoded from BMP palette; no artifact removal,53.0,210.0,193.785360985986,31.671554110365904,105.0,126.0,207.99999999999997,210.0,210.0,210.0,210.0,157.0,3.91016016016016e-06,0.7277238175675675,12,Basic whole-image structural statistic; colored palette entries remain present.
001_20200819_162723(4),4. X-ray 검사장비 AI 데이터셋/dataset/test1/yolov3/X선이물검출기(06.23_09.22)/3호기(2020.09.22)/SN12053_20200819_NgImage/001_20200819_162723(4).bmp,3호기(2020.09.22),SN12053,20200819,576,444,1.2972972972972974,1 indexed channel with RGB palette,uint8 palette index,8,256822,BT.601 luma decoded from BMP palette; no artifact removal,42.0,210.0,193.66711383258257,32.46946077049509,98.0,121.99999999999999,207.99999999999997,210.0,210.0,210.0,210.0,168.0,3.91016016016016e-06,0.7254129129129129,12,Basic whole-image structural statistic; colored palette entries remain present.
001_20200821_150525(5),4. X-ray 검사장비 AI 데이터셋/dataset/test1/yolov3/X선이물검출기(06.23_09.22)/3호기(2020.09.22)/SN12053_20200821_NgImage/001_20200821_150525(5).bmp,3호기(2020.09.22),SN12053,20200821,576,444,1.2972972972972974,1 indexed channel with RGB palette,uint8 palette index,8,256822,BT.601 luma decoded from BMP palette; no artifact removal,38.99999999999999,210.0,192.95102665165166,32.06299751300648,99.0,124.0,203.99999999999997,210.0,210.0,210.0,210.0,171.0,3.91016016016016e-06,0.5958223848848849,12,Basic whole-image structural statistic; colored palette entries remain present.
001_20200821_150529(4),4. X-ray 검사장비 AI 데이터셋/dataset/test1/yolov3/X선이물검출기(06.23_09.22)/3호기(2020.09.22)/SN12053_20200821_NgImage/001_20200821_150529(4).bmp,3호기(2020.09.22),SN12053,20200821,576,444,1.2972972972972974,1 indexed channel with RGB palette,uint8 palette index,8,256822,BT.601 luma decoded from BMP palette; no artifact removal,43.0,210.0,193.22347488113112,31.895317422558467,100.0,124.0,203.99999999999997,210.0,210.0,210.0,210.0,167.0,3.91016016016016e-06,0.6142118681181181,12,Basic whole-image structural statistic; colored palette entries remain present.
001_20200821_163349(7),4. X-ray 검사장비 AI 데이터셋/dataset/test1/yolov3/X선이물검출기(06.23_09.22)/3호기(2020.09.22)/SN12053_20200821_NgImage/001_20200821_163349(7).bmp,3호기(2020.09.22),SN12053,20200821,576,444,1.2972972972972974,1 indexed channel with RGB palette,uint8 palette index,8,256822,BT.601 luma decoded from BMP palette; no artifact removal,45.0,225.93,193.26019003378377,32.33350582484598,99.0,121.99999999999999,205.0,210.0,210.0,210.0,210.0,180.93,3.91016016016016e-06,0.0005005005005005005,12,Basic whole-image structural statistic; colored palette entries remain present.
001_20200821_163353(8),4. X-ray 검사장비 AI 데이터셋/dataset/test1/yolov3/X선이물검출기(06.23_09.22)/3호기(2020.09.22)/SN12053_20200821_NgImage/001_20200821_163353(8).bmp,3호기(2020.09.22),SN12053,20200821,576,444,1.2972972972972974,1 indexed channel with RGB palette,uint8 palette index,8,256822,BT.601 luma decoded from BMP palette; no artifact removal,49.0,210.0,193.16102180305305,31.876728367056423,101.99999999999999,125.0,203.99999999999997,210.0,210.0,210.0,210.0,161.0,3.91016016016016e-06,0.6164602102102102,12,Basic whole-image structural statistic; colored palette entries remain present.
001_20200826_023328(3),4. X-ray 검사장비 AI 데이터셋/dataset/test1/yolov3/X선이물검출기(06.23_09.22)/3호기(2020.09.22)/SN12053_20200826_NgImage/001_20200826_023328(3).bmp,3호기(2020.09.22),SN12053,20200826,576,444,1.2972972972972974,1 indexed channel with RGB palette,uint8 palette index,8,256822,BT.601 luma decoded from BMP palette; no artifact removal,56.0,210.0,193.88874562062063,31.390976133448234,105.0,126.0,207.0,210.0,210.0,210.0,210.0,154.0,3.91016016016016e-06,0.7103196946946947,12,Basic whole-image structural statistic; colored palette entries remain present.
001_20200826_023332(5),4. X-ray 검사장비 AI 데이터셋/dataset/test1/yolov3/X선이물검출기(06.23_09.22)/3호기(2020.09.22)/SN12053_20200826_NgImage/001_20200826_023332(5).bmp,3호기(2020.09.22),SN12053,20200826,576,444,1.2972972972972974,1 indexed channel with RGB palette,uint8 palette index,8,256822,BT.601 luma decoded from BMP palette; no artifact removal,29.07,210.0,193.94541651026026,31.95557494632146,103.99999999999999,123.0,207.0,210.0,210.0,210.0,210.0,180.93,9.384384384384384e-05,0.7160050675675675,12,Basic whole-image structural statistic; colored palette entries remain present.
001_20200826_043252(8),4. X-ray 검사장비 AI 데이터셋/dataset/test1/yolov3/X선이물검출기(06.23_09.22)/3호기(2020.09.22)/SN12053_20200826_NgImage/001_20200826_043252(8).bmp,3호기(2020.09.22),SN12053,20200826,576,444,1.2972972972972974,1 indexed channel with RGB palette,uint8 palette index,8,256822,BT.601 luma decoded from BMP palette; no artifact removal,29.07,210.0,193.46830040978477,32.44726598102976,100.0,121.99999999999999,206.0,210.0,210.0,210.0,210.0,180.93,0.00014076576576576576,0.6751204329329329,12,Basic whole-image structural statistic; colored palette entries remain present.
001_20200826_043255(8),4. X-ray 검사장비 AI 데이터셋/dataset/test1/yolov3/X선이물검출기(06.23_09.22)/3호기(2020.09.22)/SN12053_20200826_NgImage/001_20200826_043255(8).bmp,3호기(2020.09.22),SN12053,20200826,576,444,1.2972972972972974,1 indexed channel with RGB palette,uint8 palette index,8,256822,BT.601 luma decoded from BMP palette; no artifact removal,29.07,210.0,193.39535222722722,32.28388880554384,100.0,123.0,205.0,210.0,210.0,210.0,210.0,180.93,0.0005005005005005005,0.6529068130630631,12,Basic whole-image structural statistic; colored palette entries remain present.
001_20200826_123711(3),4. X-ray 검사장비 AI 데이터셋/dataset/test1/yolov3/X선이물검출기(06.23_09.22)/3호기(2020.09.22)/SN12053_20200826_NgImage/001_20200826_123711(3).bmp,3호기(2020.09.22),SN12053,20200826,576,444,1.2972972972972974,1 indexed channel with RGB palette,uint8 palette index,8,256822,BT.601 luma decoded from BMP palette; no artifact removal,42.0,210.0,193.8087593843844,32.52097295083714,98.0,121.0,207.0,210.0,210.0,210.0,210.0,168.0,3.91016016016016e-06,0.71240381006006,12,Basic whole-image structural statistic; colored palette entries remain present.
001_20200826_123714(5),4. X-ray 검사장비 AI 데이터셋/dataset/test1/yolov3/X선이물검출기(06.23_09.22)/3호기(2020.09.22)/SN12053_20200826_NgImage/001_20200826_123714(5).bmp,3호기(2020.09.22),SN12053,20200826,576,444,1.2972972972972974,1 indexed channel with RGB palette,uint8 palette index,8,256822,BT.601 luma decoded from BMP palette; no artifact removal,29.07,210.0,193.709199512012,32.7687816562192,97.0,121.0,207.0,210.0,210.0,210.0,210.0,180.93,0.0005317817817817818,0.7127322635135135,12,Basic whole-image structural statistic; colored palette entries remain present.
001_20200831_083711(6),4. X-ray 검사장비 AI 데이터셋/dataset/test1/yolov3/X선이물검출기(06.23_09.22)/3호기(2020.09.22)/SN12053_20200831_NgImage/001_20200831_083711(6).bmp,3호기(2020.09.22),SN12053,20200831,576,444,1.2972972972972974,1 indexed channel with RGB palette,uint8 palette index,8,256822,BT.601 luma decoded from BMP palette; no artifact removal,29.07,210.0,193.94539836711712,32.583840132219485,100.99999999999999,121.99999999999999,208.99999999999997,210.0,210.0,210.0,210.0,180.93,0.0005005005005005005,0.7457418355855856,12,Basic whole-image structural statistic; colored palette entries remain present.
001_20200831_083714(8),4. X-ray 검사장비 AI 데이터셋/dataset/test1/yolov3/X선이물검출기(06.23_09.22)/3호기(2020.09.22)/SN12053_20200831_NgImage/001_20200831_083714(8).bmp,3호기(2020.09.22),SN12053,20200831,576,444,1.2972972972972974,1 indexed channel with RGB palette,uint8 palette index,8,256822,BT.601 luma decoded from BMP palette; no artifact removal,29.07,225.93,193.8316186498999,33.5018052466935,97.0,117.99999999999999,208.99999999999997,210.0,210.0,210.0,210.0,196.86,0.00039101601601601604,0.00014076576576576576,12,Basic whole-image structural statistic; colored palette entries remain present.
001_20200831_123316(5),4. X-ray 검사장비 AI 데이터셋/dataset/test1/yolov3/X선이물검출기(06.23_09.22)/3호기(2020.09.22)/SN12053_20200831_NgImage/001_20200831_123316(5).bmp,3호기(2020.09.22),SN12053,20200831,576,444,1.2972972972972974,1 indexed channel with RGB palette,uint8 palette index,8,256822,BT.601 luma decoded from BMP palette; no artifact removal,45.0,225.93,193.53843703078078,33.85165856900431,96.0,117.0,207.99999999999997,210.0,210.0,210.0,210.0,180.93,3.91016016016016e-06,0.0005005005005005005,12,Basic whole-image structural statistic; colored palette entries remain present.
001_20200922_163332(2),4. X-ray 검사장비 AI 데이터셋/dataset/test1/yolov3/X선이물검출기(06.23_09.22)/3호기(2020.09.22)/SN12053_20200922_NgImage/001_20200922_163332(2).bmp,3호기(2020.09.22),SN12053,20200922,576,444,1.2972972972972974,1 indexed channel with RGB palette,uint8 palette index,8,256822,BT.601 luma decoded from BMP palette; no artifact removal,29.07,225.93,193.28716403903903,34.92246887429021,92.0,113.0,207.99999999999997,210.0,210.0,210.0,210.0,196.86,0.00039101601601601604,0.00014076576576576576,12,Basic whole-image structural statistic; colored palette entries remain present.
001_20200922_163335(3),4. X-ray 검사장비 AI 데이터셋/dataset/test1/yolov3/X선이물검출기(06.23_09.22)/3호기(2020.09.22)/SN12053_20200922_NgImage/001_20200922_163335(3).bmp,3호기(2020.09.22),SN12053,20200922,576,444,1.2972972972972974,1 indexed channel with RGB palette,uint8 palette index,8,256822,BT.601 luma decoded from BMP palette; no artifact removal,34.0,225.93,193.27340246496496,35.171849365271704,92.0,111.0,207.99999999999997,210.0,210.0,210.0,210.0,191.93,3.91016016016016e-06,0.0003128128128128128,12,Basic whole-image structural statistic; colored palette entries remain present.
002_20200622_203053(2),4. X-ray 검사장비 AI 데이터셋/dataset/test1/yolov3/X선이물검출기(06.23_09.22)/1호기(2020.09.22)/SN77128_20200622_NgImage/002_20200622_203053(2).bmp,1호기(2020.09.22),SN77128,20200622,352,332,1.0602409638554218,1 indexed channel with RGB palette,uint8 palette index,8,117942,BT.601 luma decoded from BMP palette; no artifact removal,60.99999999999999,213.0,193.70388725355969,30.980673780533433,107.99999999999997,121.0,210.0,210.0,210.0,210.0,213.0,152.0,8.556955093099671e-06,0.017319277108433735,12,Basic whole-image structural statistic; colored palette entries remain present.
002_20200622_203057(3),4. X-ray 검사장비 AI 데이터셋/dataset/test1/yolov3/X선이물검출기(06.23_09.22)/1호기(2020.09.22)/SN77128_20200622_NgImage/002_20200622_203057(3).bmp,1호기(2020.09.22),SN77128,20200622,352,332,1.0602409638554218,1 indexed channel with RGB palette,uint8 palette index,8,117942,BT.601 luma decoded from BMP palette; no artifact removal,50.0,213.0,193.640976177437,31.154086042272095,107.0,120.0,210.0,210.0,210.0,210.0,213.0,163.0,8.556955093099671e-06,0.017319277108433735,12,Basic whole-image structural statistic; colored palette entries remain present.
002_20200622_203101(3),4. X-ray 검사장비 AI 데이터셋/dataset/test1/yolov3/X선이물검출기(06.23_09.22)/1호기(2020.09.22)/SN77128_20200622_NgImage/002_20200622_203101(3).bmp,1호기(2020.09.22),SN77128,20200622,352,332,1.0602409638554218,1 indexed channel with RGB palette,uint8 palette index,8,117942,BT.601 luma decoded from BMP palette; no artifact removal,50.99999999999999,213.0,193.66686130887183,31.093882551266027,109.0,121.0,210.0,210.0,210.0,210.0,213.0,162.0,8.556955093099671e-06,0.017319277108433735,12,Basic whole-image structural statistic; colored palette entries remain present.
002_20200622_203105(4),4. X-ray 검사장비 AI 데이터셋/dataset/test1/yolov3/X선이물검출기(06.23_09.22)/1호기(2020.09.22)/SN77128_20200622_NgImage/002_20200622_203105(4).bmp,1호기(2020.09.22),SN77128,20200622,352,332,1.0602409638554218,1 indexed channel with RGB palette,uint8 palette index,8,117942,BT.601 luma decoded from BMP palette; no artifact removal,55.0,213.0,193.61454374315443,31.219399152496695,107.99999999999997,120.0,210.0,210.0,210.0,210.0,213.0,158.0,8.556955093099671e-06,0.017319277108433735,12,Basic whole-image structural statistic; colored palette entries remain present.
002_20200622_203109(3),4. X-ray 검사장비 AI 데이터셋/dataset/test1/yolov3/X선이물검출기(06.23_09.22)/1호기(2020.09.22)/SN77128_20200622_NgImage/002_20200622_203109(3).bmp,1호기(2020.09.22),SN77128,20200622,352,332,1.0602409638554218,1 indexed channel with RGB palette,uint8 palette index,8,117942,BT.601 luma decoded from BMP palette; no artifact removal,50.0,213.0,193.63485829682364,31.40948117802737,107.99999999999997,120.0,210.0,210.0,210.0,210.0,213.0,163.0,8.556955093099671e-06,0.017319277108433735,12,Basic whole-image structural statistic; colored palette entries remain present.
002_20200622_203121(4),4. X-ray 검사장비 AI 데이터셋/dataset/test1/yolov3/X선이물검출기(06.23_09.22)/1호기(2020.09.22)/SN77128_20200622_NgImage/002_20200622_203121(4).bmp,1호기(2020.09.22),SN77128,20200622,352,332,1.0602409638554218,1 indexed channel with RGB palette,uint8 palette index,8,117942,BT.601 luma decoded from BMP palette; no artifact removal,55.0,213.0,193.69100047918948,31.136214658030756,110.0,120.0,210.0,210.0,210.0,210.0,213.0,158.0,1.7113910186199342e-05,0.017319277108433735,12,Basic whole-image structural statistic; colored palette entries remain present.
002_20200622_203136(3),4. X-ray 검사장비 AI 데이터셋/dataset/test1/yolov3/X선이물검출기(06.23_09.22)/2호기(2020.09.22)/SN77127_20200622_NgImage/002_20200622_203136(3).bmp,2호기(2020.09.22),SN77127,20200622,316,332,0.9518072289156626,1 indexed channel with RGB palette,uint8 palette index,8,105990,BT.601 luma decoded from BMP palette; no artifact removal,38.0,213.0,182.36508692999848,45.92813507317103,76.0,80.99999999999999,174.0,207.99999999999997,210.0,210.0,213.0,175.0,1.9063596156779016e-05,0.01860606984901632,12,Basic whole-image structural statistic; colored palette entries remain present.
002_20200622_203140(8),4. X-ray 검사장비 AI 데이터셋/dataset/test1/yolov3/X선이물검출기(06.23_09.22)/2호기(2020.09.22)/SN77127_20200622_NgImage/002_20200622_203140(8).bmp,2호기(2020.09.22),SN77127,20200622,316,332,0.9518072289156626,1 indexed channel with RGB palette,uint8 palette index,8,105990,BT.601 luma decoded from BMP palette; no artifact removal,34.0,213.0,182.4734150526155,45.888102311209444,75.0,80.99999999999999,173.0,208.99999999999997,210.0,210.0,213.0,179.0,9.531798078389508e-06,0.01860606984901632,12,Basic whole-image structural statistic; colored palette entries remain present.
002_20200622_203145(3),4. X-ray 검사장비 AI 데이터셋/dataset/test1/yolov3/X선이물검출기(06.23_09.22)/2호기(2020.09.22)/SN77127_20200622_NgImage/002_20200622_203145(3).bmp,2호기(2020.09.22),SN77127,20200622,316,332,0.9518072289156626,1 indexed channel with RGB palette,uint8 palette index,8,105990,BT.601 luma decoded from BMP palette; no artifact removal,37.0,213.0,182.39015555894463,45.73230005464728,76.0,82.0,172.0,207.99999999999997,210.0,210.0,213.0,176.0,9.531798078389508e-06,0.01860606984901632,12,Basic whole-image structural statistic; colored palette entries remain present.
002_20200622_203149(8),4. X-ray 검사장비 AI 데이터셋/dataset/test1/yolov3/X선이물검출기(06.23_09.22)/2호기(2020.09.22)/SN77127_20200622_NgImage/002_20200622_203149(8).bmp,2호기(2020.09.22),SN77127,20200622,316,332,0.9518072289156626,1 indexed channel with RGB palette,uint8 palette index,8,105990,BT.601 luma decoded from BMP palette; no artifact removal,38.99999999999999,213.0,182.33065845661125,45.75565013170594,76.0,83.0,171.0,207.99999999999997,210.0,210.0,213.0,174.0,2.859539423516852e-05,0.01860606984901632,12,Basic whole-image structural statistic; colored palette entries remain present.
002_20200622_203154(3),4. X-ray 검사장비 AI 데이터셋/dataset/test1/yolov3/X선이물검출기(06.23_09.22)/2호기(2020.09.22)/SN77127_20200622_NgImage/002_20200622_203154(3).bmp,2호기(2020.09.22),SN77127,20200622,316,332,0.9518072289156626,1 indexed channel with RGB palette,uint8 palette index,8,105990,BT.601 luma decoded from BMP palette; no artifact removal,36.0,213.0,182.52199977123684,45.78070305035113,75.0,83.0,172.0,208.99999999999997,210.0,210.0,213.0,177.0,9.531798078389508e-06,0.01860606984901632,12,Basic whole-image structural statistic; colored palette entries remain present.
002_20200622_203158(8),4. X-ray 검사장비 AI 데이터셋/dataset/test1/yolov3/X선이물검출기(06.23_09.22)/2호기(2020.09.22)/SN77127_20200622_NgImage/002_20200622_203158(8).bmp,2호기(2020.09.22),SN77127,20200622,316,332,0.9518072289156626,1 indexed channel with RGB palette,uint8 palette index,8,105990,BT.601 luma decoded from BMP palette; no artifact removal,37.0,213.0,182.3395123532103,45.800257460536045,75.0,82.0,171.0,207.99999999999997,210.0,210.0,213.0,176.0,9.531798078389508e-06,0.01860606984901632,12,Basic whole-image structural statistic; colored palette entries remain present.
002_20200623_003346(4),4. X-ray 검사장비 AI 데이터셋/dataset/test1/yolov3/X선이물검출기(06.23_09.22)/1호기(2020.09.22)/SN77128_20200623_NgImage/002_20200623_003346(4).bmp,1호기(2020.09.22),SN77128,20200623,352,332,1.0602409638554218,1 indexed channel with RGB palette,uint8 palette index,8,117942,BT.601 luma decoded from BMP palette; no artifact removal,29.07,213.0,193.85611257530118,30.990603249031263,110.0,121.0,210.0,210.0,210.0,210.0,213.0,183.93,0.0003080503833515882,0.017319277108433735,12,Basic whole-image structural statistic; colored palette entries remain present.
002_20200623_003350(4),4. X-ray 검사장비 AI 데이터셋/dataset/test1/yolov3/X선이물검출기(06.23_09.22)/1호기(2020.09.22)/SN77128_20200623_NgImage/002_20200623_003350(4).bmp,1호기(2020.09.22),SN77128,20200623,352,332,1.0602409638554218,1 indexed channel with RGB palette,uint8 palette index,8,117942,BT.601 luma decoded from BMP palette; no artifact removal,46.0,213.0,193.88699753559692,30.778630607978705,112.0,121.0,210.0,210.0,210.0,210.0,213.0,167.0,8.556955093099671e-06,0.017319277108433735,12,Basic whole-image structural statistic; colored palette entries remain present.
002_20200623_003351(2),4. X-ray 검사장비 AI 데이터셋/dataset/test1/yolov3/X선이물검출기(06.23_09.22)/2호기(2020.09.22)/SN77127_20200623_NgImage/002_20200623_003351(2).bmp,2호기(2020.09.22),SN77127,20200623,316,332,0.9518072289156626,1 indexed channel with RGB palette,uint8 palette index,8,105990,BT.601 luma decoded from BMP palette; no artifact removal,34.0,213.0,182.97534161964313,46.25019900079982,74.11000000000013,79.0,188.0,210.0,210.0,210.0,213.0,179.0,9.531798078389508e-06,0.01860606984901632,12,Basic whole-image structural statistic; colored palette entries remain present.
002_20200623_003354(3),4. X-ray 검사장비 AI 데이터셋/dataset/test1/yolov3/X선이물검출기(06.23_09.22)/1호기(2020.09.22)/SN77128_20200623_NgImage/002_20200623_003354(3).bmp,1호기(2020.09.22),SN77128,20200623,352,332,1.0602409638554218,1 indexed channel with RGB palette,uint8 palette index,8,117942,BT.601 luma decoded from BMP palette; no artifact removal,50.0,213.0,193.8602310377875,30.90300576386257,110.0,121.0,210.0,210.0,210.0,210.0,213.0,163.0,1.7113910186199342e-05,0.017319277108433735,12,Basic whole-image structural statistic; colored palette entries remain present.
002_20200623_003355(7),4. X-ray 검사장비 AI 데이터셋/dataset/test1/yolov3/X선이물검출기(06.23_09.22)/2호기(2020.09.22)/SN77127_20200623_NgImage/002_20200623_003355(7).bmp,2호기(2020.09.22),SN77127,20200623,316,332,0.9518072289156626,1 indexed channel with RGB palette,uint8 palette index,8,105990,BT.601 luma decoded from BMP palette; no artifact removal,31.999999999999996,213.0,183.07368118041788,45.9961965943385,76.0,80.99999999999999,185.0,210.0,210.0,210.0,213.0,181.0,9.531798078389508e-06,0.01860606984901632,12,Basic whole-image structural statistic; colored palette entries remain present.
002_20200623_003358(2),4. X-ray 검사장비 AI 데이터셋/dataset/test1/yolov3/X선이물검출기(06.23_09.22)/1호기(2020.09.22)/SN77128_20200623_NgImage/002_20200623_003358(2).bmp,1호기(2020.09.22),SN77128,20200623,352,332,1.0602409638554218,1 indexed channel with RGB palette,uint8 palette index,8,117942,BT.601 luma decoded from BMP palette; no artifact removal,50.99999999999999,213.0,193.93649096385542,30.660314597967822,111.0,121.99999999999999,210.0,210.0,210.0,210.0,213.0,162.0,8.556955093099671e-06,0.017319277108433735,12,Basic whole-image structural statistic; colored palette entries remain present.
002_20200623_003400(2),4. X-ray 검사장비 AI 데이터셋/dataset/test1/yolov3/X선이물검출기(06.23_09.22)/2호기(2020.09.22)/SN77127_20200623_NgImage/002_20200623_003400(2).bmp,2호기(2020.09.22),SN77127,20200623,316,332,0.9518072289156626,1 indexed channel with RGB palette,uint8 palette index,8,105990,BT.601 luma decoded from BMP palette; no artifact removal,34.0,213.0,182.9036339026994,45.8967175376062,76.0,80.99999999999999,181.99999999999997,208.99999999999997,210.0,210.0,213.0,179.0,9.531798078389508e-06,0.01860606984901632,12,Basic whole-image structural statistic; colored palette entries remain present.
002_20200623_003402(2),4. X-ray 검사장비 AI 데이터셋/dataset/test1/yolov3/X선이물검출기(06.23_09.22)/1호기(2020.09.22)/SN77128_20200623_NgImage/002_20200623_003402(2).bmp,1호기(2020.09.22),SN77128,20200623,352,332,1.0602409638554218,1 indexed channel with RGB palette,uint8 palette index,8,117942,BT.601 luma decoded from BMP palette; no artifact removal,50.99999999999999,213.0,193.91858947152244,30.69718334947898,111.0,121.99999999999999,210.0,210.0,210.0,210.0,213.0,162.0,8.556955093099671e-06,0.017319277108433735,12,Basic whole-image structural statistic; colored palette entries remain present.
002_20200623_003404(7),4. X-ray 검사장비 AI 데이터셋/dataset/test1/yolov3/X선이물검출기(06.23_09.22)/2호기(2020.09.22)/SN77127_20200623_NgImage/002_20200623_003404(7).bmp,2호기(2020.09.22),SN77127,20200623,316,332,0.9518072289156626,1 indexed channel with RGB palette,uint8 palette index,8,105990,BT.601 luma decoded from BMP palette; no artifact removal,31.0,213.0,182.9414656092725,45.847325778914644,76.0,82.0,181.0,210.0,210.0,210.0,213.0,182.0,9.531798078389508e-06,0.01860606984901632,12,Basic whole-image structural statistic; colored palette entries remain present.
002_20200623_003409(2),4. X-ray 검사장비 AI 데이터셋/dataset/test1/yolov3/X선이물검출기(06.23_09.22)/2호기(2020.09.22)/SN77127_20200623_NgImage/002_20200623_003409(2).bmp,2호기(2020.09.22),SN77127,20200623,316,332,0.9518072289156626,1 indexed channel with RGB palette,uint8 palette index,8,105990,BT.601 luma decoded from BMP palette; no artifact removal,35.0,213.0,183.03381005032787,45.85843627702757,76.0,82.0,181.0,210.0,210.0,210.0,213.0,178.0,9.531798078389508e-06,0.01860606984901632,12,Basic whole-image structural statistic; colored palette entries remain present.
002_20200623_003410(2),4. X-ray 검사장비 AI 데이터셋/dataset/test1/yolov3/X선이물검출기(06.23_09.22)/1호기(2020.09.22)/SN77128_20200623_NgImage/002_20200623_003410(2).bmp,1호기(2020.09.22),SN77128,20200623,352,332,1.0602409638554218,1 indexed channel with RGB palette,uint8 palette index,8,117942,BT.601 luma decoded from BMP palette; no artifact removal,43.0,213.0,193.51534330503833,32.08214838639744,107.0,114.99999999999999,210.0,210.0,210.0,210.0,213.0,170.0,8.556955093099671e-06,0.017319277108433735,12,Basic whole-image structural statistic; colored palette entries remain present.
002_20200623_003413(7),4. X-ray 검사장비 AI 데이터셋/dataset/test1/yolov3/X선이물검출기(06.23_09.22)/2호기(2020.09.22)/SN77127_20200623_NgImage/002_20200623_003413(7).bmp,2호기(2020.09.22),SN77127,20200623,316,332,0.9518072289156626,1 indexed channel with RGB palette,uint8 palette index,8,105990,BT.601 luma decoded from BMP palette; no artifact removal,34.0,213.0,182.85695668750952,45.80650339258868,76.0,82.0,180.0,208.99999999999997,210.0,210.0,213.0,179.0,9.531798078389508e-06,0.01860606984901632,12,Basic whole-image structural statistic; colored palette entries remain present.
002_20200623_043039(3),4. X-ray 검사장비 AI 데이터셋/dataset/test1/yolov3/X선이물검출기(06.23_09.22)/1호기(2020.09.22)/SN77128_20200623_NgImage/002_20200623_043039(3).bmp,1호기(2020.09.22),SN77128,20200623,352,332,1.0602409638554218,1 indexed channel with RGB palette,uint8 palette index,8,117942,BT.601 luma decoded from BMP palette; no artifact removal,50.99999999999999,213.0,193.91226553943045,30.90315478394546,110.0,121.0,210.0,210.0,210.0,210.0,213.0,162.0,1.7113910186199342e-05,0.017319277108433735,12,Basic whole-image structural statistic; colored palette entries remain present.
002_20200623_043043(2),4. X-ray 검사장비 AI 데이터셋/dataset/test1/yolov3/X선이물검출기(06.23_09.22)/1호기(2020.09.22)/SN77128_20200623_NgImage/002_20200623_043043(2).bmp,1호기(2020.09.22),SN77128,20200623,352,332,1.0602409638554218,1 indexed channel with RGB palette,uint8 palette index,8,117942,BT.601 luma decoded from BMP palette; no artifact removal,47.0,213.0,193.8893678121577,30.88914058615978,110.0,121.0,210.0,210.0,210.0,210.0,213.0,166.0,8.556955093099671e-06,0.017319277108433735,12,Basic whole-image structural statistic; colored palette entries remain present.
002_20200623_043047(2),4. X-ray 검사장비 AI 데이터셋/dataset/test1/yolov3/X선이물검출기(06.23_09.22)/1호기(2020.09.22)/SN77128_20200623_NgImage/002_20200623_043047(2).bmp,1호기(2020.09.22),SN77128,20200623,352,332,1.0602409638554218,1 indexed channel with RGB palette,uint8 palette index,8,117942,BT.601 luma decoded from BMP palette; no artifact removal,46.0,213.0,193.91374657721795,30.837719434927052,111.0,121.0,210.0,210.0,210.0,210.0,213.0,167.0,8.556955093099671e-06,0.017319277108433735,12,Basic whole-image structural statistic; colored palette entries remain present.
002_20200623_043051(3),4. X-ray 검사장비 AI 데이터셋/dataset/test1/yolov3/X선이물검출기(06.23_09.22)/1호기(2020.09.22)/SN77128_20200623_NgImage/002_20200623_043051(3).bmp,1호기(2020.09.22),SN77128,20200623,352,332,1.0602409638554218,1 indexed channel with RGB palette,uint8 palette index,8,117942,BT.601 luma decoded from BMP palette; no artifact removal,50.0,213.0,193.93852751916756,30.77433811361753,111.0,121.0,210.0,210.0,210.0,210.0,213.0,163.0,8.556955093099671e-06,0.017319277108433735,12,Basic whole-image structural statistic; colored palette entries remain present.
002_20200623_043055(3),4. X-ray 검사장비 AI 데이터셋/dataset/test1/yolov3/X선이물검출기(06.23_09.22)/1호기(2020.09.22)/SN77128_20200623_NgImage/002_20200623_043055(3).bmp,1호기(2020.09.22),SN77128,20200623,352,332,1.0602409638554218,1 indexed channel with RGB palette,uint8 palette index,8,117942,BT.601 luma decoded from BMP palette; no artifact removal,46.0,213.0,193.9457749178532,30.71009305433871,111.0,121.0,210.0,210.0,210.0,210.0,213.0,167.0,8.556955093099671e-06,0.017319277108433735,12,Basic whole-image structural statistic; colored palette entries remain present.
002_20200623_043056(0),4. X-ray 검사장비 AI 데이터셋/dataset/test1/yolov3/X선이물검출기(06.23_09.22)/2호기(2020.09.22)/SN77127_20200623_NgImage/002_20200623_043056(0).bmp,2호기(2020.09.22),SN77127,20200623,316,332,0.9518072289156626,1 indexed channel with RGB palette,uint8 palette index,8,105990,BT.601 luma decoded from BMP palette; no artifact removal,29.0,213.0,183.00688272075644,45.682128668309225,76.0,83.0,175.99999999999997,210.0,210.0,210.0,213.0,184.0,9.531798078389508e-06,0.01860606984901632,12,Basic whole-image structural statistic; colored palette entries remain present.
002_20200623_043059(4),4. X-ray 검사장비 AI 데이터셋/dataset/test1/yolov3/X선이물검출기(06.23_09.22)/1호기(2020.09.22)/SN77128_20200623_NgImage/002_20200623_043059(4).bmp,1호기(2020.09.22),SN77128,20200623,352,332,1.0602409638554218,1 indexed channel with RGB palette,uint8 palette index,8,117942,BT.601 luma decoded from BMP palette; no artifact removal,29.07,213.0,193.9360687636911,30.765068428308584,111.0,121.99999999999999,210.0,210.0,210.0,210.0,213.0,183.93,0.0003080503833515882,0.017319277108433735,12,Basic whole-image structural statistic; colored palette entries remain present.
002_20200623_043100(6),4. X-ray 검사장비 AI 데이터셋/dataset/test1/yolov3/X선이물검출기(06.23_09.22)/2호기(2020.09.22)/SN77127_20200623_NgImage/002_20200623_043100(6).bmp,2호기(2020.09.22),SN77127,20200623,316,332,0.9518072289156626,1 indexed channel with RGB palette,uint8 palette index,8,105990,BT.601 luma decoded from BMP palette; no artifact removal,31.999999999999996,213.0,182.97880128107366,45.68538606183816,76.0,83.0,174.0,210.0,210.0,210.0,213.0,181.0,9.531798078389508e-06,0.01860606984901632,12,Basic whole-image structural statistic; colored palette entries remain present.
002_20200623_043105(0),4. X-ray 검사장비 AI 데이터셋/dataset/test1/yolov3/X선이물검출기(06.23_09.22)/2호기(2020.09.22)/SN77127_20200623_NgImage/002_20200623_043105(0).bmp,2호기(2020.09.22),SN77127,20200623,316,332,0.9518072289156626,1 indexed channel with RGB palette,uint8 palette index,8,105990,BT.601 luma decoded from BMP palette; no artifact removal,35.0,213.0,183.05810622235776,45.63654820538649,76.24499999999999,84.0,177.0,210.0,210.0,210.0,213.0,178.0,1.9063596156779016e-05,0.01860606984901632,12,Basic whole-image structural statistic; colored palette entries remain present.
002_20200623_043109(4),4. X-ray 검사장비 AI 데이터셋/dataset/test1/yolov3/X선이물검출기(06.23_09.22)/2호기(2020.09.22)/SN77127_20200623_NgImage/002_20200623_043109(4).bmp,2호기(2020.09.22),SN77127,20200623,316,332,0.9518072289156626,1 indexed channel with RGB palette,uint8 palette index,8,105990,BT.601 luma decoded from BMP palette; no artifact removal,31.999999999999996,213.0,183.011428625896,45.65489947666341,76.0,83.0,175.99999999999997,210.0,210.0,210.0,213.0,181.0,1.9063596156779016e-05,0.01860606984901632,12,Basic whole-image structural statistic; colored palette entries remain present.
002_20200623_043115(4),4. X-ray 검사장비 AI 데이터셋/dataset/test1/yolov3/X선이물검출기(06.23_09.22)/2호기(2020.09.22)/SN77127_20200623_NgImage/002_20200623_043115(4).bmp,2호기(2020.09.22),SN77127,20200623,316,332,0.9518072289156626,1 indexed channel with RGB palette,uint8 palette index,8,105990,BT.601 luma decoded from BMP palette; no artifact removal,31.0,213.0,183.0927920542931,45.680338449624784,76.0,83.0,175.99999999999997,210.0,210.0,210.0,213.0,182.0,1.9063596156779016e-05,0.01860606984901632,12,Basic whole-image structural statistic; colored palette entries remain present.
002_20200623_043120(0),4. X-ray 검사장비 AI 데이터셋/dataset/test1/yolov3/X선이물검출기(06.23_09.22)/2호기(2020.09.22)/SN77127_20200623_NgImage/002_20200623_043120(0).bmp,2호기(2020.09.22),SN77127,20200623,316,332,0.9518072289156626,1 indexed channel with RGB palette,uint8 palette index,8,105990,BT.601 luma decoded from BMP palette; no artifact removal,35.0,213.0,182.92005680951655,45.70755928439453,76.0,83.0,175.99999999999997,210.0,210.0,210.0,213.0,178.0,1.9063596156779016e-05,0.01860606984901632,12,Basic whole-image structural statistic; colored palette entries remain present.
002_20200623_082249(3),4. X-ray 검사장비 AI 데이터셋/dataset/test1/yolov3/X선이물검출기(06.23_09.22)/2호기(2020.09.22)/SN77127_20200623_NgImage/002_20200623_082249(3).bmp,2호기(2020.09.22),SN77127,20200623,316,332,0.9518072289156626,1 indexed channel with RGB palette,uint8 palette index,8,105990,BT.601 luma decoded from BMP palette; no artifact removal,38.0,213.0,183.12286525850234,45.55532822001289,75.0,83.0,171.75,210.0,210.0,210.0,213.0,175.0,9.531798078389508e-06,0.01860606984901632,12,Basic whole-image structural statistic; colored palette entries remain present.
002_20200623_082253(8),4. X-ray 검사장비 AI 데이터셋/dataset/test1/yolov3/X선이물검출기(06.23_09.22)/2호기(2020.09.22)/SN77127_20200623_NgImage/002_20200623_082253(8).bmp,2호기(2020.09.22),SN77127,20200623,316,332,0.9518072289156626,1 indexed channel with RGB palette,uint8 palette index,8,105990,BT.601 luma decoded from BMP palette; no artifact removal,41.0,213.0,182.9738070001525,45.81362004982343,75.0,83.0,171.0,210.0,210.0,210.0,213.0,172.0,9.531798078389508e-06,0.01860606984901632,12,Basic whole-image structural statistic; colored palette entries remain present.
002_20200623_082258(4),4. X-ray 검사장비 AI 데이터셋/dataset/test1/yolov3/X선이물검출기(06.23_09.22)/2호기(2020.09.22)/SN77127_20200623_NgImage/002_20200623_082258(4).bmp,2호기(2020.09.22),SN77127,20200623,316,332,0.9518072289156626,1 indexed channel with RGB palette,uint8 palette index,8,105990,BT.601 luma decoded from BMP palette; no artifact removal,40.0,213.0,183.21808792130545,45.46355456860448,75.0,84.0,172.0,210.0,210.0,210.0,213.0,173.0,1.9063596156779016e-05,0.01860606984901632,12,Basic whole-image structural statistic; colored palette entries remain present.
002_20200623_082258(6),4. X-ray 검사장비 AI 데이터셋/dataset/test1/yolov3/X선이물검출기(06.23_09.22)/1호기(2020.09.22)/SN77128_20200623_NgImage/002_20200623_082258(6).bmp,1호기(2020.09.22),SN77128,20200623,352,332,1.0602409638554218,1 indexed channel with RGB palette,uint8 palette index,8,117942,BT.601 luma decoded from BMP palette; no artifact removal,50.99999999999999,213.0,193.9413253012048,30.77527545066035,110.0,121.0,210.0,210.0,210.0,210.0,213.0,162.0,8.556955093099671e-06,0.017319277108433735,12,Basic whole-image structural statistic; colored palette entries remain present.
002_20200623_082302(6),4. X-ray 검사장비 AI 데이터셋/dataset/test1/yolov3/X선이물검출기(06.23_09.22)/1호기(2020.09.22)/SN77128_20200623_NgImage/002_20200623_082302(6).bmp,1호기(2020.09.22),SN77128,20200623,352,332,1.0602409638554218,1 indexed channel with RGB palette,uint8 palette index,8,117942,BT.601 luma decoded from BMP palette; no artifact removal,46.0,213.0,194.0036031626506,30.61894424172376,110.0,121.99999999999999,210.0,210.0,210.0,210.0,213.0,167.0,8.556955093099671e-06,0.017319277108433735,12,Basic whole-image structural statistic; colored palette entries remain present.
002_20200623_082302(7),4. X-ray 검사장비 AI 데이터셋/dataset/test1/yolov3/X선이물검출기(06.23_09.22)/2호기(2020.09.22)/SN77127_20200623_NgImage/002_20200623_082302(7).bmp,2호기(2020.09.22),SN77127,20200623,316,332,0.9518072289156626,1 indexed channel with RGB palette,uint8 palette index,8,105990,BT.601 luma decoded from BMP palette; no artifact removal,34.0,213.0,182.7806923898124,46.171566365963,74.0,80.99999999999999,173.0,210.0,210.0,210.0,213.0,179.0,9.531798078389508e-06,0.01860606984901632,12,Basic whole-image structural statistic; colored palette entries remain present.
002_20200623_082306(5),4. X-ray 검사장비 AI 데이터셋/dataset/test1/yolov3/X선이물검출기(06.23_09.22)/1호기(2020.09.22)/SN77128_20200623_NgImage/002_20200623_082306(5).bmp,1호기(2020.09.22),SN77128,20200623,352,332,1.0602409638554218,1 indexed channel with RGB palette,uint8 palette index,8,117942,BT.601 luma decoded from BMP palette; no artifact removal,55.0,213.0,194.00106174698794,30.630816785290428,111.0,121.0,210.0,210.0,210.0,210.0,213.0,158.0,8.556955093099671e-06,0.017319277108433735,12,Basic whole-image structural statistic; colored palette entries remain present.
002_20200623_082307(2),4. X-ray 검사장비 AI 데이터셋/dataset/test1/yolov3/X선이물검출기(06.23_09.22)/2호기(2020.09.22)/SN77127_20200623_NgImage/002_20200623_082307(2).bmp,2호기(2020.09.22),SN77127,20200623,316,332,0.9518072289156626,1 indexed channel with RGB palette,uint8 palette index,8,105990,BT.601 luma decoded from BMP palette; no artifact removal,31.999999999999996,213.0,183.0594219917645,45.912576177054916,74.0,83.0,174.99999999999997,210.0,210.0,210.0,213.0,181.0,9.531798078389508e-06,0.01860606984901632,12,Basic whole-image structural statistic; colored palette entries remain present.
002_20200623_082310(6),4. X-ray 검사장비 AI 데이터셋/dataset/test1/yolov3/X선이물검출기(06.23_09.22)/1호기(2020.09.22)/SN77128_20200623_NgImage/002_20200623_082310(6).bmp,1호기(2020.09.22),SN77128,20200623,352,332,1.0602409638554218,1 indexed channel with RGB palette,uint8 palette index,8,117942,BT.601 luma decoded from BMP palette; no artifact removal,55.0,213.0,193.81611137732747,30.84745528830015,110.0,121.0,210.0,210.0,210.0,210.0,213.0,158.0,8.556955093099671e-06,0.017319277108433735,12,Basic whole-image structural statistic; colored palette entries remain present.
002_20200623_082311(8),4. X-ray 검사장비 AI 데이터셋/dataset/test1/yolov3/X선이물검출기(06.23_09.22)/2호기(2020.09.22)/SN77127_20200623_NgImage/002_20200623_082311(8).bmp,2호기(2020.09.22),SN77127,20200623,316,332,0.9518072289156626,1 indexed channel with RGB palette,uint8 palette index,8,105990,BT.601 luma decoded from BMP palette; no artifact removal,29.0,213.0,183.18800518529815,45.75903575186872,75.0,83.0,174.99999999999997,210.0,210.0,210.0,213.0,184.0,9.531798078389508e-06,0.01860606984901632,12,Basic whole-image structural statistic; colored palette entries remain present.
002_20200623_082314(4),4. X-ray 검사장비 AI 데이터셋/dataset/test1/yolov3/X선이물검출기(06.23_09.22)/1호기(2020.09.22)/SN77128_20200623_NgImage/002_20200623_082314(4).bmp,1호기(2020.09.22),SN77128,20200623,352,332,1.0602409638554218,1 indexed channel with RGB palette,uint8 palette index,8,117942,BT.601 luma decoded from BMP palette; no artifact removal,56.0,213.0,193.84179114184008,30.765271285331576,110.0,121.0,210.0,210.0,210.0,210.0,213.0,157.0,8.556955093099671e-06,0.017319277108433735,12,Basic whole-image structural statistic; colored palette entries remain present.
002_20200623_082318(5),4. X-ray 검사장비 AI 데이터셋/dataset/test1/yolov3/X선이물검출기(06.23_09.22)/1호기(2020.09.22)/SN77128_20200623_NgImage/002_20200623_082318(5).bmp,1호기(2020.09.22),SN77128,20200623,352,332,1.0602409638554218,1 indexed channel with RGB palette,uint8 palette index,8,117942,BT.601 luma decoded from BMP palette; no artifact removal,60.0,213.0,193.8948357064622,30.654152657304056,110.0,121.0,210.0,210.0,210.0,210.0,213.0,153.0,1.7113910186199342e-05,0.017319277108433735,12,Basic whole-image structural statistic; colored palette entries remain present.
002_20200623_123032(7),4. X-ray 검사장비 AI 데이터셋/dataset/test1/yolov3/X선이물검출기(06.23_09.22)/1호기(2020.09.22)/SN77128_20200623_NgImage/002_20200623_123032(7).bmp,1호기(2020.09.22),SN77128,20200623,352,332,1.0602409638554218,1 indexed channel with RGB palette,uint8 palette index,8,117942,BT.601 luma decoded from BMP palette; no artifact removal,56.0,213.0,193.92270536692223,30.579546494928508,110.0,121.99999999999999,210.0,210.0,210.0,210.0,213.0,157.0,8.556955093099671e-06,0.017319277108433735,12,Basic whole-image structural statistic; colored palette entries remain present.
002_20200623_123036(5),4. X-ray 검사장비 AI 데이터셋/dataset/test1/yolov3/X선이물검출기(06.23_09.22)/1호기(2020.09.22)/SN77128_20200623_NgImage/002_20200623_123036(5).bmp,1호기(2020.09.22),SN77128,20200623,352,332,1.0602409638554218,1 indexed channel with RGB palette,uint8 palette index,8,117942,BT.601 luma decoded from BMP palette; no artifact removal,55.0,213.0,193.90799630339538,30.586865318875613,111.0,121.0,210.0,210.0,210.0,210.0,213.0,158.0,8.556955093099671e-06,0.017319277108433735,12,Basic whole-image structural statistic; colored palette entries remain present.
002_20200623_123040(5),4. X-ray 검사장비 AI 데이터셋/dataset/test1/yolov3/X선이물검출기(06.23_09.22)/1호기(2020.09.22)/SN77128_20200623_NgImage/002_20200623_123040(5).bmp,1호기(2020.09.22),SN77128,20200623,352,332,1.0602409638554218,1 indexed channel with RGB palette,uint8 palette index,8,117942,BT.601 luma decoded from BMP palette; no artifact removal,55.0,213.0,193.91039190854326,30.605079875786423,111.0,121.0,210.0,210.0,210.0,210.0,213.0,158.0,8.556955093099671e-06,0.017319277108433735,12,Basic whole-image structural statistic; colored palette entries remain present.
002_20200623_123042(0),4. X-ray 검사장비 AI 데이터셋/dataset/test1/yolov3/X선이물검출기(06.23_09.22)/2호기(2020.09.22)/SN77127_20200623_NgImage/002_20200623_123042(0).bmp,2호기(2020.09.22),SN77127,20200623,316,332,0.9518072289156626,1 indexed channel with RGB palette,uint8 palette index,8,105990,BT.601 luma decoded from BMP palette; no artifact removal,37.0,213.0,182.75200205886838,46.16967927178892,76.24499999999999,83.0,168.0,210.0,210.0,210.0,213.0,176.0,9.531798078389508e-06,0.01860606984901632,12,Basic whole-image structural statistic; colored palette entries remain present.
002_20200623_123044(3),4. X-ray 검사장비 AI 데이터셋/dataset/test1/yolov3/X선이물검출기(06.23_09.22)/1호기(2020.09.22)/SN77128_20200623_NgImage/002_20200623_123044(3).bmp,1호기(2020.09.22),SN77128,20200623,352,332,1.0602409638554218,1 indexed channel with RGB palette,uint8 palette index,8,117942,BT.601 luma decoded from BMP palette; no artifact removal,50.99999999999999,213.0,193.99376232201533,30.652638374379784,110.0,121.0,210.0,210.0,210.0,210.0,213.0,162.0,8.556955093099671e-06,0.017319277108433735,12,Basic whole-image structural statistic; colored palette entries remain present.
002_20200623_123046(4),4. X-ray 검사장비 AI 데이터셋/dataset/test1/yolov3/X선이물검출기(06.23_09.22)/2호기(2020.09.22)/SN77127_20200623_NgImage/002_20200623_123046(4).bmp,2호기(2020.09.22),SN77127,20200623,316,332,0.9518072289156626,1 indexed channel with RGB palette,uint8 palette index,8,105990,BT.601 luma decoded from BMP palette; no artifact removal,38.0,213.0,182.66879937471404,46.174996346020336,76.0,82.0,167.0,210.0,210.0,210.0,213.0,175.0,1.9063596156779016e-05,0.01860606984901632,12,Basic whole-image structural statistic; colored palette entries remain present.
002_20200623_123048(4),4. X-ray 검사장비 AI 데이터셋/dataset/test1/yolov3/X선이물검출기(06.23_09.22)/1호기(2020.09.22)/SN77128_20200623_NgImage/002_20200623_123048(4).bmp,1호기(2020.09.22),SN77128,20200623,352,332,1.0602409638554218,1 indexed channel with RGB palette,uint8 palette index,8,117942,BT.601 luma decoded from BMP palette; no artifact removal,50.99999999999999,213.0,194.00605045180723,30.596900302944594,110.0,121.99999999999999,210.0,210.0,210.0,210.0,213.0,162.0,8.556955093099671e-06,0.017319277108433735,12,Basic whole-image structural statistic; colored palette entries remain present.
002_20200623_123051(1),4. X-ray 검사장비 AI 데이터셋/dataset/test1/yolov3/X선이물검출기(06.23_09.22)/2호기(2020.09.22)/SN77127_20200623_NgImage/002_20200623_123051(1).bmp,2호기(2020.09.22),SN77127,20200623,316,332,0.9518072289156626,1 indexed channel with RGB palette,uint8 palette index,8,105990,BT.601 luma decoded from BMP palette; no artifact removal,38.0,213.0,183.02674622540795,45.67602614941287,76.24499999999999,83.0,168.0,210.0,210.0,210.0,213.0,175.0,9.531798078389508e-06,0.01860606984901632,12,Basic whole-image structural statistic; colored palette entries remain present.
002_20200623_123052(5),4. X-ray 검사장비 AI 데이터셋/dataset/test1/yolov3/X선이물검출기(06.23_09.22)/1호기(2020.09.22)/SN77128_20200623_NgImage/002_20200623_123052(5).bmp,1호기(2020.09.22),SN77128,20200623,352,332,1.0602409638554218,1 indexed channel with RGB palette,uint8 palette index,8,117942,BT.601 luma decoded from BMP palette; no artifact removal,29.07,213.0,193.95999332557503,30.683048432165684,109.0,121.0,210.0,210.0,210.0,210.0,213.0,183.93,0.0003080503833515882,0.017319277108433735,12,Basic whole-image structural statistic; colored palette entries remain present.
002_20200623_123055(5),4. X-ray 검사장비 AI 데이터셋/dataset/test1/yolov3/X선이물검출기(06.23_09.22)/2호기(2020.09.22)/SN77127_20200623_NgImage/002_20200623_123055(5).bmp,2호기(2020.09.22),SN77127,20200623,316,332,0.9518072289156626,1 indexed channel with RGB palette,uint8 palette index,8,105990,BT.601 luma decoded from BMP palette; no artifact removal,35.0,213.0,183.1066612017691,46.12098770586715,74.0,80.99999999999999,174.99999999999997,210.0,210.0,210.0,213.0,178.0,2.859539423516852e-05,0.01860606984901632,12,Basic whole-image structural statistic; colored palette entries remain present.
002_20200623_123100(0),4. X-ray 검사장비 AI 데이터셋/dataset/test1/yolov3/X선이물검출기(06.23_09.22)/2호기(2020.09.22)/SN77127_20200623_NgImage/002_20200623_123100(0).bmp,2호기(2020.09.22),SN77127,20200623,316,332,0.9518072289156626,1 indexed channel with RGB palette,uint8 palette index,8,105990,BT.601 luma decoded from BMP palette; no artifact removal,33.0,213.0,183.2519067408876,45.820088529929436,75.0,83.0,174.99999999999997,210.0,210.0,210.0,213.0,180.0,9.531798078389508e-06,0.01860606984901632,12,Basic whole-image structural statistic; colored palette entries remain present.
002_20200623_123104(5),4. X-ray 검사장비 AI 데이터셋/dataset/test1/yolov3/X선이물검출기(06.23_09.22)/2호기(2020.09.22)/SN77127_20200623_NgImage/002_20200623_123104(5).bmp,2호기(2020.09.22),SN77127,20200623,316,332,0.9518072289156626,1 indexed channel with RGB palette,uint8 palette index,8,105990,BT.601 luma decoded from BMP palette; no artifact removal,35.0,213.0,182.95225484215342,46.27019804425959,74.0,80.99999999999999,174.99999999999997,210.0,210.0,210.0,213.0,178.0,9.531798078389508e-06,0.01860606984901632,12,Basic whole-image structural statistic; colored palette entries remain present.
002_20200623_163020(3),4. X-ray 검사장비 AI 데이터셋/dataset/test1/yolov3/X선이물검출기(06.23_09.22)/2호기(2020.09.22)/SN77127_20200623_NgImage/002_20200623_163020(3).bmp,2호기(2020.09.22),SN77127,20200623,316,332,0.9518072289156626,1 indexed channel with RGB palette,uint8 palette index,8,105990,BT.601 luma decoded from BMP palette; no artifact removal,40.0,213.0,183.08884627116058,45.877624839785966,76.24499999999999,83.0,170.0,210.0,210.0,210.0,213.0,173.0,9.531798078389508e-06,0.01860606984901632,12,Basic whole-image structural statistic; colored palette entries remain present.
002_20200623_163023(3),4. X-ray 검사장비 AI 데이터셋/dataset/test1/yolov3/X선이물검출기(06.23_09.22)/2호기(2020.09.22)/SN77127_20200623_NgImage/002_20200623_163023(3).bmp,2호기(2020.09.22),SN77127,20200623,316,332,0.9518072289156626,1 indexed channel with RGB palette,uint8 palette index,8,105990,BT.601 luma decoded from BMP palette; no artifact removal,35.0,213.0,182.95190826597528,46.073993783668996,75.0,80.99999999999999,170.0,210.0,210.0,210.0,213.0,178.0,9.531798078389508e-06,0.01860606984901632,12,Basic whole-image structural statistic; colored palette entries remain present.
002_20200623_163026(3),4. X-ray 검사장비 AI 데이터셋/dataset/test1/yolov3/X선이물검출기(06.23_09.22)/2호기(2020.09.22)/SN77127_20200623_NgImage/002_20200623_163026(3).bmp,2호기(2020.09.22),SN77127,20200623,316,332,0.9518072289156626,1 indexed channel with RGB palette,uint8 palette index,8,105990,BT.601 luma decoded from BMP palette; no artifact removal,35.0,213.0,183.053378069239,45.92595096605801,76.24499999999999,83.0,168.99999999999997,210.0,210.0,210.0,213.0,178.0,9.531798078389508e-06,0.01860606984901632,12,Basic whole-image structural statistic; colored palette entries remain present.
002_20200623_163029(6),4. X-ray 검사장비 AI 데이터셋/dataset/test1/yolov3/X선이물검출기(06.23_09.22)/2호기(2020.09.22)/SN77127_20200623_NgImage/002_20200623_163029(6).bmp,2호기(2020.09.22),SN77127,20200623,316,332,0.9518072289156626,1 indexed channel with RGB palette,uint8 palette index,8,105990,BT.601 luma decoded from BMP palette; no artifact removal,30.0,213.0,183.06445401860606,46.251702829214956,74.0,82.0,175.99999999999997,210.0,210.0,210.0,213.0,183.0,9.531798078389508e-06,0.01860606984901632,12,Basic whole-image structural statistic; colored palette entries remain present.
002_20200623_163032(5),4. X-ray 검사장비 AI 데이터셋/dataset/test1/yolov3/X선이물검출기(06.23_09.22)/2호기(2020.09.22)/SN77127_20200623_NgImage/002_20200623_163032(5).bmp,2호기(2020.09.22),SN77127,20200623,316,332,0.9518072289156626,1 indexed channel with RGB palette,uint8 palette index,8,105990,BT.601 luma decoded from BMP palette; no artifact removal,31.999999999999996,213.0,183.43926376391641,45.75211600200276,75.0,83.0,177.0,210.0,210.0,210.0,213.0,181.0,9.531798078389508e-06,0.01860606984901632,12,Basic whole-image structural statistic; colored palette entries remain present.
002_20200623_163035(5),4. X-ray 검사장비 AI 데이터셋/dataset/test1/yolov3/X선이물검출기(06.23_09.22)/2호기(2020.09.22)/SN77127_20200623_NgImage/002_20200623_163035(5).bmp,2호기(2020.09.22),SN77127,20200623,316,332,0.9518072289156626,1 indexed channel with RGB palette,uint8 palette index,8,105990,BT.601 luma decoded from BMP palette; no artifact removal,30.0,213.0,183.02281950587158,46.2653737642424,75.0,82.0,174.99999999999997,210.0,210.0,210.0,213.0,183.0,9.531798078389508e-06,0.01860606984901632,12,Basic whole-image structural statistic; colored palette entries remain present.
002_20200623_163039(5),4. X-ray 검사장비 AI 데이터셋/dataset/test1/yolov3/X선이물검출기(06.23_09.22)/1호기(2020.09.22)/SN77128_20200623_NgImage/002_20200623_163039(5).bmp,1호기(2020.09.22),SN77128,20200623,352,332,1.0602409638554218,1 indexed channel with RGB palette,uint8 palette index,8,117942,BT.601 luma decoded from BMP palette; no artifact removal,56.0,213.0,193.88902553395397,30.486331052003532,113.99999999999997,121.99999999999999,210.0,210.0,210.0,210.0,213.0,157.0,8.556955093099671e-06,0.017319277108433735,12,Basic whole-image structural statistic; colored palette entries remain present.
002_20200623_163043(7),4. X-ray 검사장비 AI 데이터셋/dataset/test1/yolov3/X선이물검출기(06.23_09.22)/1호기(2020.09.22)/SN77128_20200623_NgImage/002_20200623_163043(7).bmp,1호기(2020.09.22),SN77128,20200623,352,332,1.0602409638554218,1 indexed channel with RGB palette,uint8 palette index,8,117942,BT.601 luma decoded from BMP palette; no artifact removal,55.0,213.0,193.91758009309964,30.45672670245,113.0,121.99999999999999,210.0,210.0,210.0,210.0,213.0,158.0,8.556955093099671e-06,0.017319277108433735,12,Basic whole-image structural statistic; colored palette entries remain present.
002_20200623_163047(6),4. X-ray 검사장비 AI 데이터셋/dataset/test1/yolov3/X선이물검출기(06.23_09.22)/1호기(2020.09.22)/SN77128_20200623_NgImage/002_20200623_163047(6).bmp,1호기(2020.09.22),SN77128,20200623,352,332,1.0602409638554218,1 indexed channel with RGB palette,uint8 palette index,8,117942,BT.601 luma decoded from BMP palette; no artifact removal,56.0,213.0,193.89448418674698,30.47588958105512,113.0,121.99999999999999,210.0,210.0,210.0,210.0,213.0,157.0,8.556955093099671e-06,0.017319277108433735,12,Basic whole-image structural statistic; colored palette entries remain present.
002_20200623_163051(7),4. X-ray 검사장비 AI 데이터셋/dataset/test1/yolov3/X선이물검출기(06.23_09.22)/1호기(2020.09.22)/SN77128_20200623_NgImage/002_20200623_163051(7).bmp,1호기(2020.09.22),SN77128,20200623,352,332,1.0602409638554218,1 indexed channel with RGB palette,uint8 palette index,8,117942,BT.601 luma decoded from BMP palette; no artifact removal,47.0,213.0,193.96033029846657,30.77102040999359,107.99999999999997,121.99999999999999,210.0,210.0,210.0,210.0,213.0,166.0,8.556955093099671e-06,0.017319277108433735,12,Basic whole-image structural statistic; colored palette entries remain present.
002_20200623_163055(6),4. X-ray 검사장비 AI 데이터셋/dataset/test1/yolov3/X선이물검출기(06.23_09.22)/1호기(2020.09.22)/SN77128_20200623_NgImage/002_20200623_163055(6).bmp,1호기(2020.09.22),SN77128,20200623,352,332,1.0602409638554218,1 indexed channel with RGB palette,uint8 palette index,8,117942,BT.601 luma decoded from BMP palette; no artifact removal,50.0,213.0,193.96966627875136,30.658593523685475,111.0,121.0,210.0,210.0,210.0,210.0,213.0,163.0,8.556955093099671e-06,0.017319277108433735,12,Basic whole-image structural statistic; colored palette entries remain present.
002_20200623_163059(6),4. X-ray 검사장비 AI 데이터셋/dataset/test1/yolov3/X선이물검출기(06.23_09.22)/1호기(2020.09.22)/SN77128_20200623_NgImage/002_20200623_163059(6).bmp,1호기(2020.09.22),SN77128,20200623,352,332,1.0602409638554218,1 indexed channel with RGB palette,uint8 palette index,8,117942,BT.601 luma decoded from BMP palette; no artifact removal,55.0,213.0,194.00588786966046,30.66226889900798,111.0,121.0,210.0,210.0,210.0,210.0,213.0,158.0,8.556955093099671e-06,0.017319277108433735,12,Basic whole-image structural statistic; colored palette entries remain present.
002_20200623_203033(6),4. X-ray 검사장비 AI 데이터셋/dataset/test1/yolov3/X선이물검출기(06.23_09.22)/2호기(2020.09.22)/SN77127_20200623_NgImage/002_20200623_203033(6).bmp,2호기(2020.09.22),SN77127,20200623,316,332,0.9518072289156626,1 indexed channel with RGB palette,uint8 palette index,8,105990,BT.601 luma decoded from BMP palette; no artifact removal,31.999999999999996,213.0,183.62352257129785,45.69721654686995,76.0,84.0,179.0,210.0,210.0,210.0,213.0,181.0,9.531798078389508e-06,0.01860606984901632,12,Basic whole-image structural statistic; colored palette entries remain present.
002_20200623_203038(0),4. X-ray 검사장비 AI 데이터셋/dataset/test1/yolov3/X선이물검출기(06.23_09.22)/2호기(2020.09.22)/SN77127_20200623_NgImage/002_20200623_203038(0).bmp,2호기(2020.09.22),SN77127,20200623,316,332,0.9518072289156626,1 indexed channel with RGB palette,uint8 palette index,8,105990,BT.601 luma decoded from BMP palette; no artifact removal,31.0,213.0,183.60406817141987,45.70079600392295,76.0,84.0,178.0,210.0,210.0,210.0,213.0,182.0,9.531798078389508e-06,0.01860606984901632,12,Basic whole-image structural statistic; colored palette entries remain present.
002_20200623_203040(4),4. X-ray 검사장비 AI 데이터셋/dataset/test1/yolov3/X선이물검출기(06.23_09.22)/1호기(2020.09.22)/SN77128_20200623_NgImage/002_20200623_203040(4).bmp,1호기(2020.09.22),SN77128,20200623,352,332,1.0602409638554218,1 indexed channel with RGB palette,uint8 palette index,8,117942,BT.601 luma decoded from BMP palette; no artifact removal,47.0,213.0,194.05735761226725,30.513987360875923,110.0,121.99999999999999,210.0,210.0,210.0,210.0,213.0,166.0,8.556955093099671e-06,0.017319277108433735,12,Basic whole-image structural statistic; colored palette entries remain present.
002_20200623_203042(5),4. X-ray 검사장비 AI 데이터셋/dataset/test1/yolov3/X선이물검출기(06.23_09.22)/2호기(2020.09.22)/SN77127_20200623_NgImage/002_20200623_203042(5).bmp,2호기(2020.09.22),SN77127,20200623,316,332,0.9518072289156626,1 indexed channel with RGB palette,uint8 palette index,8,105990,BT.601 luma decoded from BMP palette; no artifact removal,31.999999999999996,213.0,183.58171648619796,45.70822366787924,76.0,84.0,178.0,210.0,210.0,210.0,213.0,181.0,9.531798078389508e-06,0.01860606984901632,12,Basic whole-image structural statistic; colored palette entries remain present.
002_20200623_203044(0),4. X-ray 검사장비 AI 데이터셋/dataset/test1/yolov3/X선이물검출기(06.23_09.22)/1호기(2020.09.22)/SN77128_20200623_NgImage/002_20200623_203044(0).bmp,1호기(2020.09.22),SN77128,20200623,352,332,1.0602409638554218,1 indexed channel with RGB palette,uint8 palette index,8,117942,BT.601 luma decoded from BMP palette; no artifact removal,50.0,213.0,194.03834440032858,30.58366895854714,111.0,121.99999999999999,210.0,210.0,210.0,210.0,213.0,163.0,8.556955093099671e-06,0.017319277108433735,12,Basic whole-image structural statistic; colored palette entries remain present.
002_20200623_203047(0),4. X-ray 검사장비 AI 데이터셋/dataset/test1/yolov3/X선이물검출기(06.23_09.22)/2호기(2020.09.22)/SN77127_20200623_NgImage/002_20200623_203047(0).bmp,2호기(2020.09.22),SN77127,20200623,316,332,0.9518072289156626,1 indexed channel with RGB palette,uint8 palette index,8,105990,BT.601 luma decoded from BMP palette; no artifact removal,35.0,213.0,183.61966181180418,45.701321081924426,76.0,84.0,178.0,210.0,210.0,210.0,213.0,178.0,9.531798078389508e-06,0.01860606984901632,12,Basic whole-image structural statistic; colored palette entries remain present.
002_20200623_203047(7),4. X-ray 검사장비 AI 데이터셋/dataset/test1/yolov3/X선이물검출기(06.23_09.22)/1호기(2020.09.22)/SN77128_20200623_NgImage/002_20200623_203047(7).bmp,1호기(2020.09.22),SN77128,20200623,352,332,1.0602409638554218,1 indexed channel with RGB palette,uint8 palette index,8,117942,BT.601 luma decoded from BMP palette; no artifact removal,51.99999999999999,213.0,193.9956530668127,30.693916216251864,110.0,121.99999999999999,210.0,210.0,210.0,210.0,213.0,161.0,8.556955093099671e-06,0.017319277108433735,12,Basic whole-image structural statistic; colored palette entries remain present.
002_20200623_203050(0),4. X-ray 검사장비 AI 데이터셋/dataset/test1/yolov3/X선이물검출기(06.23_09.22)/2호기(2020.09.22)/SN77127_20200623_NgImage/002_20200623_203050(0).bmp,2호기(2020.09.22),SN77127,20200623,316,332,0.9518072289156626,1 indexed channel with RGB palette,uint8 palette index,8,105990,BT.601 luma decoded from BMP palette; no artifact removal,30.0,213.0,183.2670241726399,46.17529791690478,74.0,83.0,177.0,210.0,210.0,210.0,213.0,183.0,9.531798078389508e-06,0.01860606984901632,12,Basic whole-image structural statistic; colored palette entries remain present.
002_20200623_203051(2),4. X-ray 검사장비 AI 데이터셋/dataset/test1/yolov3/X선이물검출기(06.23_09.22)/1호기(2020.09.22)/SN77128_20200623_NgImage/002_20200623_203051(2).bmp,1호기(2020.09.22),SN77128,20200623,352,332,1.0602409638554218,1 indexed channel with RGB palette,uint8 palette index,8,117942,BT.601 luma decoded from BMP palette; no artifact removal,47.0,213.0,193.99931510131435,30.73074539694976,110.0,121.99999999999999,210.0,210.0,210.0,210.0,213.0,166.0,8.556955093099671e-06,0.017319277108433735,12,Basic whole-image structural statistic; colored palette entries remain present.
002_20200623_203054(6),4. X-ray 검사장비 AI 데이터셋/dataset/test1/yolov3/X선이물검출기(06.23_09.22)/2호기(2020.09.22)/SN77127_20200623_NgImage/002_20200623_203054(6).bmp,2호기(2020.09.22),SN77127,20200623,316,332,0.9518072289156626,1 indexed channel with RGB palette,uint8 palette index,8,105990,BT.601 luma decoded from BMP palette; no artifact removal,35.0,213.0,183.6272495043465,45.6611690980522,76.0,84.0,177.0,210.0,210.0,210.0,213.0,178.0,9.531798078389508e-06,0.01860606984901632,12,Basic whole-image structural statistic; colored palette entries remain present.
002_20200623_203054(7),4. X-ray 검사장비 AI 데이터셋/dataset/test1/yolov3/X선이물검출기(06.23_09.22)/1호기(2020.09.22)/SN77128_20200623_NgImage/002_20200623_203054(7).bmp,1호기(2020.09.22),SN77128,20200623,352,332,1.0602409638554218,1 indexed channel with RGB palette,uint8 palette index,8,117942,BT.601 luma decoded from BMP palette; no artifact removal,50.0,213.0,194.02360932365826,30.665109420446612,110.0,121.99999999999999,210.0,210.0,210.0,210.0,213.0,163.0,8.556955093099671e-06,0.017319277108433735,12,Basic whole-image structural statistic; colored palette entries remain present.
002_20200623_203058(3),4. X-ray 검사장비 AI 데이터셋/dataset/test1/yolov3/X선이물검출기(06.23_09.22)/1호기(2020.09.22)/SN77128_20200623_NgImage/002_20200623_203058(3).bmp,1호기(2020.09.22),SN77128,20200623,352,332,1.0602409638554218,1 indexed channel with RGB palette,uint8 palette index,8,117942,BT.601 luma decoded from BMP palette; no artifact removal,50.0,213.0,194.0006078860898,30.726200652638553,110.0,121.0,210.0,210.0,210.0,210.0,213.0,163.0,8.556955093099671e-06,0.017319277108433735,12,Basic whole-image structural statistic; colored palette entries remain present.
002_20200624_003107(0),4. X-ray 검사장비 AI 데이터셋/dataset/test1/yolov3/X선이물검출기(06.23_09.22)/1호기(2020.09.22)/SN77128_20200624_NgImage/002_20200624_003107(0).bmp,1호기(2020.09.22),SN77128,20200624,352,332,1.0602409638554218,1 indexed channel with RGB palette,uint8 palette index,8,117942,BT.601 luma decoded from BMP palette; no artifact removal,50.99999999999999,213.0,194.0802392524644,30.459514550083806,107.99999999999997,121.99999999999999,210.0,210.0,210.0,210.0,213.0,162.0,8.556955093099671e-06,0.017319277108433735,12,Basic whole-image structural statistic; colored palette entries remain present.
002_20200624_003111(0),4. X-ray 검사장비 AI 데이터셋/dataset/test1/yolov3/X선이물검출기(06.23_09.22)/1호기(2020.09.22)/SN77128_20200624_NgImage/002_20200624_003111(0).bmp,1호기(2020.09.22),SN77128,20200624,352,332,1.0602409638554218,1 indexed channel with RGB palette,uint8 palette index,8,117942,BT.601 luma decoded from BMP palette; no artifact removal,46.0,213.0,194.01198007940854,30.513176171752267,111.0,121.99999999999999,210.0,210.0,210.0,210.0,213.0,167.0,8.556955093099671e-06,0.017319277108433735,12,Basic whole-image structural statistic; colored palette entries remain present.
002_20200624_003115(1),4. X-ray 검사장비 AI 데이터셋/dataset/test1/yolov3/X선이물검출기(06.23_09.22)/1호기(2020.09.22)/SN77128_20200624_NgImage/002_20200624_003115(1).bmp,1호기(2020.09.22),SN77128,20200624,352,332,1.0602409638554218,1 indexed channel with RGB palette,uint8 palette index,8,117942,BT.601 luma decoded from BMP palette; no artifact removal,50.0,213.0,194.084800109529,30.369084602218294,110.0,123.0,210.0,210.0,210.0,210.0,213.0,163.0,8.556955093099671e-06,0.017319277108433735,12,Basic whole-image structural statistic; colored palette entries remain present.
002_20200624_003115(6),4. X-ray 검사장비 AI 데이터셋/dataset/test1/yolov3/X선이물검출기(06.23_09.22)/2호기(2020.09.22)/SN77127_20200624_NgImage/002_20200624_003115(6).bmp,2호기(2020.09.22),SN77127,20200624,316,332,0.9518072289156626,1 indexed channel with RGB palette,uint8 palette index,8,105990,BT.601 luma decoded from BMP palette; no artifact removal,29.0,213.0,183.59024782675002,45.53048770337783,76.24499999999999,84.0,173.0,210.0,210.0,210.0,213.0,184.0,9.531798078389508e-06,0.01860606984901632,12,Basic whole-image structural statistic; colored palette entries remain present.
002_20200624_003118(6),4. X-ray 검사장비 AI 데이터셋/dataset/test1/yolov3/X선이물검출기(06.23_09.22)/2호기(2020.09.22)/SN77127_20200624_NgImage/002_20200624_003118(6).bmp,2호기(2020.09.22),SN77127,20200624,316,332,0.9518072289156626,1 indexed channel with RGB palette,uint8 palette index,8,105990,BT.601 luma decoded from BMP palette; no artifact removal,31.999999999999996,213.0,183.533561461034,45.61419405797538,76.24499999999999,84.0,174.0,210.0,210.0,210.0,213.0,181.0,9.531798078389508e-06,0.01860606984901632,12,Basic whole-image structural statistic; colored palette entries remain present.
002_20200624_003119(1),4. X-ray 검사장비 AI 데이터셋/dataset/test1/yolov3/X선이물검출기(06.23_09.22)/1호기(2020.09.22)/SN77128_20200624_NgImage/002_20200624_003119(1).bmp,1호기(2020.09.22),SN77128,20200624,352,332,1.0602409638554218,1 indexed channel with RGB palette,uint8 palette index,8,117942,BT.601 luma decoded from BMP palette; no artifact removal,51.99999999999999,213.0,194.09465772179627,30.402075668874083,113.0,121.99999999999999,210.0,210.0,210.0,210.0,213.0,161.0,8.556955093099671e-06,0.017319277108433735,12,Basic whole-image structural statistic; colored palette entries remain present.
002_20200624_003123(0),4. X-ray 검사장비 AI 데이터셋/dataset/test1/yolov3/X선이물검출기(06.23_09.22)/2호기(2020.09.22)/SN77127_20200624_NgImage/002_20200624_003123(0).bmp,2호기(2020.09.22),SN77127,20200624,316,332,0.9518072289156626,1 indexed channel with RGB palette,uint8 palette index,8,105990,BT.601 luma decoded from BMP palette; no artifact removal,31.0,213.0,183.59266852219002,45.54420481318094,76.0,84.0,174.99999999999997,210.0,210.0,210.0,213.0,182.0,9.531798078389508e-06,0.01860606984901632,12,Basic whole-image structural statistic; colored palette entries remain present.
002_20200624_003123(1),4. X-ray 검사장비 AI 데이터셋/dataset/test1/yolov3/X선이물검출기(06.23_09.22)/1호기(2020.09.22)/SN77128_20200624_NgImage/002_20200624_003123(1).bmp,1호기(2020.09.22),SN77128,20200624,352,332,1.0602409638554218,1 indexed channel with RGB palette,uint8 palette index,8,117942,BT.601 luma decoded from BMP palette; no artifact removal,50.0,213.0,194.0946060377875,30.409039737922797,113.0,121.99999999999999,210.0,210.0,210.0,210.0,213.0,163.0,8.556955093099671e-06,0.017319277108433735,12,Basic whole-image structural statistic; colored palette entries remain present.
002_20200624_003127(0),4. X-ray 검사장비 AI 데이터셋/dataset/test1/yolov3/X선이물검출기(06.23_09.22)/1호기(2020.09.22)/SN77128_20200624_NgImage/002_20200624_003127(0).bmp,1호기(2020.09.22),SN77128,20200624,352,332,1.0602409638554218,1 indexed channel with RGB palette,uint8 palette index,8,117942,BT.601 luma decoded from BMP palette; no artifact removal,47.0,213.0,194.04594297645124,30.480268082003494,111.0,121.99999999999999,210.0,210.0,210.0,210.0,213.0,166.0,8.556955093099671e-06,0.017319277108433735,12,Basic whole-image structural statistic; colored palette entries remain present.
002_20200624_003127(5),4. X-ray 검사장비 AI 데이터셋/dataset/test1/yolov3/X선이물검출기(06.23_09.22)/2호기(2020.09.22)/SN77127_20200624_NgImage/002_20200624_003127(5).bmp,2호기(2020.09.22),SN77127,20200624,316,332,0.9518072289156626,1 indexed channel with RGB palette,uint8 palette index,8,105990,BT.601 luma decoded from BMP palette; no artifact removal,34.0,213.0,183.70976628031113,45.53077873084587,76.24499999999999,84.0,175.99999999999997,210.0,210.0,210.0,213.0,179.0,9.531798078389508e-06,0.01860606984901632,12,Basic whole-image structural statistic; colored palette entries remain present.
002_20200624_003132(0),4. X-ray 검사장비 AI 데이터셋/dataset/test1/yolov3/X선이물검출기(06.23_09.22)/2호기(2020.09.22)/SN77127_20200624_NgImage/002_20200624_003132(0).bmp,2호기(2020.09.22),SN77127,20200624,316,332,0.9518072289156626,1 indexed channel with RGB palette,uint8 palette index,8,105990,BT.601 luma decoded from BMP palette; no artifact removal,31.999999999999996,213.0,183.5575529967973,45.546793878391775,76.24499999999999,84.0,174.0,210.0,210.0,210.0,213.0,181.0,9.531798078389508e-06,0.01860606984901632,12,Basic whole-image structural statistic; colored palette entries remain present.
002_20200624_003136(5),4. X-ray 검사장비 AI 데이터셋/dataset/test1/yolov3/X선이물검출기(06.23_09.22)/2호기(2020.09.22)/SN77127_20200624_NgImage/002_20200624_003136(5).bmp,2호기(2020.09.22),SN77127,20200624,316,332,0.9518072289156626,1 indexed channel with RGB palette,uint8 palette index,8,105990,BT.601 luma decoded from BMP palette; no artifact removal,34.0,213.0,183.59198147018455,45.50650037620717,77.0,84.0,174.0,210.0,210.0,210.0,213.0,179.0,9.531798078389508e-06,0.01860606984901632,12,Basic whole-image structural statistic; colored palette entries remain present.
002_20200624_043128(1),4. X-ray 검사장비 AI 데이터셋/dataset/test1/yolov3/X선이물검출기(06.23_09.22)/1호기(2020.09.22)/SN77128_20200624_NgImage/002_20200624_043128(1).bmp,1호기(2020.09.22),SN77128,20200624,352,332,1.0602409638554218,1 indexed channel with RGB palette,uint8 palette index,8,117942,BT.601 luma decoded from BMP palette; no artifact removal,29.07,213.0,193.96438338581598,30.816161561930965,109.0,121.0,210.0,210.0,210.0,210.0,213.0,183.93,0.0003080503833515882,0.017319277108433735,12,Basic whole-image structural statistic; colored palette entries remain present.
002_20200624_043132(2),4. X-ray 검사장비 AI 데이터셋/dataset/test1/yolov3/X선이물검출기(06.23_09.22)/1호기(2020.09.22)/SN77128_20200624_NgImage/002_20200624_043132(2).bmp,1호기(2020.09.22),SN77128,20200624,352,332,1.0602409638554218,1 indexed channel with RGB palette,uint8 palette index,8,117942,BT.601 luma decoded from BMP palette; no artifact removal,50.99999999999999,213.0,194.06108023001093,30.46428735524785,111.0,121.15000000000055,210.0,210.0,210.0,210.0,213.0,162.0,8.556955093099671e-06,0.017319277108433735,12,Basic whole-image structural statistic; colored palette entries remain present.
002_20200624_043136(1),4. X-ray 검사장비 AI 데이터셋/dataset/test1/yolov3/X선이물검출기(06.23_09.22)/1호기(2020.09.22)/SN77128_20200624_NgImage/002_20200624_043136(1).bmp,1호기(2020.09.22),SN77128,20200624,352,332,1.0602409638554218,1 indexed channel with RGB palette,uint8 palette index,8,117942,BT.601 luma decoded from BMP palette; no artifact removal,29.07,213.0,194.06701516292443,30.516971579247098,113.0,121.99999999999999,210.0,210.0,210.0,210.0,213.0,183.93,0.0003080503833515882,0.017319277108433735,12,Basic whole-image structural statistic; colored palette entries remain present.
002_20200624_043136(9),4. X-ray 검사장비 AI 데이터셋/dataset/test1/yolov3/X선이물검출기(06.23_09.22)/2호기(2020.09.22)/SN77127_20200624_NgImage/002_20200624_043136(9).bmp,2호기(2020.09.22),SN77127,20200624,316,332,0.9518072289156626,1 indexed channel with RGB palette,uint8 palette index,8,105990,BT.601 luma decoded from BMP palette; no artifact removal,31.0,213.0,183.79419017843523,45.48092401917279,76.0,84.0,174.99999999999997,210.0,210.0,210.0,213.0,182.0,9.531798078389508e-06,0.01860606984901632,12,Basic whole-image structural statistic; colored palette entries remain present.
002_20200624_043140(2),4. X-ray 검사장비 AI 데이터셋/dataset/test1/yolov3/X선이물검출기(06.23_09.22)/1호기(2020.09.22)/SN77128_20200624_NgImage/002_20200624_043140(2).bmp,1호기(2020.09.22),SN77128,20200624,352,332,1.0602409638554218,1 indexed channel with RGB palette,uint8 palette index,8,117942,BT.601 luma decoded from BMP palette; no artifact removal,55.0,213.0,194.13171720974807,30.349258996280998,113.0,121.99999999999999,210.0,210.0,210.0,210.0,213.0,158.0,8.556955093099671e-06,0.017319277108433735,12,Basic whole-image structural statistic; colored palette entries remain present.
002_20200624_043141(4),4. X-ray 검사장비 AI 데이터셋/dataset/test1/yolov3/X선이물검출기(06.23_09.22)/2호기(2020.09.22)/SN77127_20200624_NgImage/002_20200624_043141(4).bmp,2호기(2020.09.22),SN77127,20200624,316,332,0.9518072289156626,1 indexed channel with RGB palette,uint8 palette index,8,105990,BT.601 luma decoded from BMP palette; no artifact removal,33.0,213.0,183.7383041024859,45.565675633028086,76.24499999999999,84.0,174.0,210.0,210.0,210.0,213.0,180.0,9.531798078389508e-06,0.01860606984901632,12,Basic whole-image structural statistic; colored palette entries remain present.
002_20200624_043144(2),4. X-ray 검사장비 AI 데이터셋/dataset/test1/yolov3/X선이물검출기(06.23_09.22)/1호기(2020.09.22)/SN77128_20200624_NgImage/002_20200624_043144(2).bmp,1호기(2020.09.22),SN77128,20200624,352,332,1.0602409638554218,1 indexed channel with RGB palette,uint8 palette index,8,117942,BT.601 luma decoded from BMP palette; no artifact removal,29.07,213.0,194.07855917990142,30.420039969603064,111.0,121.99999999999999,210.0,210.0,210.0,210.0,213.0,183.93,0.0003080503833515882,0.017319277108433735,12,Basic whole-image structural statistic; colored palette entries remain present.
002_20200624_043145(8),4. X-ray 검사장비 AI 데이터셋/dataset/test1/yolov3/X선이물검출기(06.23_09.22)/2호기(2020.09.22)/SN77127_20200624_NgImage/002_20200624_043145(8).bmp,2호기(2020.09.22),SN77127,20200624,316,332,0.9518072289156626,1 indexed channel with RGB palette,uint8 palette index,8,105990,BT.601 luma decoded from BMP palette; no artifact removal,31.0,213.0,183.69750915052614,45.50819422519059,76.24499999999999,84.0,173.0,210.0,210.0,210.0,213.0,182.0,9.531798078389508e-06,0.01860606984901632,12,Basic whole-image structural statistic; colored palette entries remain present.
002_20200624_043148(1),4. X-ray 검사장비 AI 데이터셋/dataset/test1/yolov3/X선이물검출기(06.23_09.22)/1호기(2020.09.22)/SN77128_20200624_NgImage/002_20200624_043148(1).bmp,1호기(2020.09.22),SN77128,20200624,352,332,1.0602409638554218,1 indexed channel with RGB palette,uint8 palette index,8,117942,BT.601 luma decoded from BMP palette; no artifact removal,50.99999999999999,213.0,194.06287719058048,30.421907467958437,113.0,121.99999999999999,210.0,210.0,210.0,210.0,213.0,162.0,8.556955093099671e-06,0.017319277108433735,12,Basic whole-image structural statistic; colored palette entries remain present.
002_20200624_043150(3),4. X-ray 검사장비 AI 데이터셋/dataset/test1/yolov3/X선이물검출기(06.23_09.22)/2호기(2020.09.22)/SN77127_20200624_NgImage/002_20200624_043150(3).bmp,2호기(2020.09.22),SN77127,20200624,316,332,0.9518072289156626,1 indexed channel with RGB palette,uint8 palette index,8,105990,BT.601 luma decoded from BMP palette; no artifact removal,31.999999999999996,213.0,183.73178549641602,45.489090492250504,76.24499999999999,84.0,174.0,210.0,210.0,210.0,213.0,181.0,9.531798078389508e-06,0.01860606984901632,12,Basic whole-image structural statistic; colored palette entries remain present.
002_20200624_043154(8),4. X-ray 검사장비 AI 데이터셋/dataset/test1/yolov3/X선이물검출기(06.23_09.22)/2호기(2020.09.22)/SN77127_20200624_NgImage/002_20200624_043154(8).bmp,2호기(2020.09.22),SN77127,20200624,316,332,0.9518072289156626,1 indexed channel with RGB palette,uint8 palette index,8,105990,BT.601 luma decoded from BMP palette; no artifact removal,34.0,213.0,183.73228038737227,45.495623077865154,76.24499999999999,84.0,173.0,210.0,210.0,210.0,213.0,179.0,9.531798078389508e-06,0.01860606984901632,12,Basic whole-image structural statistic; colored palette entries remain present.
002_20200624_043159(4),4. X-ray 검사장비 AI 데이터셋/dataset/test1/yolov3/X선이물검출기(06.23_09.22)/2호기(2020.09.22)/SN77127_20200624_NgImage/002_20200624_043159(4).bmp,2호기(2020.09.22),SN77127,20200624,316,332,0.9518072289156626,1 indexed channel with RGB palette,uint8 palette index,8,105990,BT.601 luma decoded from BMP palette; no artifact removal,35.0,213.0,183.67875019063595,45.49447507842382,76.24499999999999,84.0,172.0,210.0,210.0,210.0,213.0,178.0,9.531798078389508e-06,0.01860606984901632,12,Basic whole-image structural statistic; colored palette entries remain present.
002_20200624_083032(4),4. X-ray 검사장비 AI 데이터셋/dataset/test1/yolov3/X선이물검출기(06.23_09.22)/2호기(2020.09.22)/SN77127_20200624_NgImage/002_20200624_083032(4).bmp,2호기(2020.09.22),SN77127,20200624,316,332,0.9518072289156626,1 indexed channel with RGB palette,uint8 palette index,8,105990,BT.601 luma decoded from BMP palette; no artifact removal,38.99999999999999,213.0,183.4322106146103,45.749645680016535,76.24499999999999,83.0,171.0,210.0,210.0,210.0,213.0,174.0,1.9063596156779016e-05,0.01860606984901632,12,Basic whole-image structural statistic; colored palette entries remain present.
002_20200624_083036(9),4. X-ray 검사장비 AI 데이터셋/dataset/test1/yolov3/X선이물검출기(06.23_09.22)/2호기(2020.09.22)/SN77127_20200624_NgImage/002_20200624_083036(9).bmp,2호기(2020.09.22),SN77127,20200624,316,332,0.9518072289156626,1 indexed channel with RGB palette,uint8 palette index,8,105990,BT.601 luma decoded from BMP palette; no artifact removal,35.0,213.0,183.58643434497483,45.527841743189306,76.24499999999999,83.0,171.0,210.0,210.0,210.0,213.0,178.0,9.531798078389508e-06,0.01860606984901632,12,Basic whole-image structural statistic; colored palette entries remain present.
002_20200624_083041(3),4. X-ray 검사장비 AI 데이터셋/dataset/test1/yolov3/X선이물검출기(06.23_09.22)/2호기(2020.09.22)/SN77127_20200624_NgImage/002_20200624_083041(3).bmp,2호기(2020.09.22),SN77127,20200624,316,332,0.9518072289156626,1 indexed channel with RGB palette,uint8 palette index,8,105990,BT.601 luma decoded from BMP palette; no artifact removal,38.0,213.0,183.70596347414977,45.45828339303627,76.24499999999999,84.0,172.0,210.0,210.0,210.0,213.0,175.0,9.531798078389508e-06,0.01860606984901632,12,Basic whole-image structural statistic; colored palette entries remain present.
002_20200624_083045(5),4. X-ray 검사장비 AI 데이터셋/dataset/test1/yolov3/X선이물검출기(06.23_09.22)/1호기(2020.09.22)/SN77128_20200624_NgImage/002_20200624_083045(5).bmp,1호기(2020.09.22),SN77128,20200624,352,332,1.0602409638554218,1 indexed channel with RGB palette,uint8 palette index,8,117942,BT.601 luma decoded from BMP palette; no artifact removal,47.0,213.0,194.0038427573932,30.585939090979974,110.0,121.99999999999999,210.0,210.0,210.0,210.0,213.0,166.0,8.556955093099671e-06,0.017319277108433735,12,Basic whole-image structural statistic; colored palette entries remain present.
002_20200624_083045(8),4. X-ray 검사장비 AI 데이터셋/dataset/test1/yolov3/X선이물검출기(06.23_09.22)/2호기(2020.09.22)/SN77127_20200624_NgImage/002_20200624_083045(8).bmp,2호기(2020.09.22),SN77127,20200624,316,332,0.9518072289156626,1 indexed channel with RGB palette,uint8 palette index,8,105990,BT.601 luma decoded from BMP palette; no artifact removal,34.0,213.0,183.4591661583041,46.003864567282,74.0,83.0,174.0,210.0,210.0,210.0,213.0,179.0,9.531798078389508e-06,0.01860606984901632,12,Basic whole-image structural statistic; colored palette entries remain present.
002_20200624_083049(6),4. X-ray 검사장비 AI 데이터셋/dataset/test1/yolov3/X선이물검출기(06.23_09.22)/1호기(2020.09.22)/SN77128_20200624_NgImage/002_20200624_083049(6).bmp,1호기(2020.09.22),SN77128,20200624,352,332,1.0602409638554218,1 indexed channel with RGB palette,uint8 palette index,8,117942,BT.601 luma decoded from BMP palette; no artifact removal,47.0,213.0,194.0865542853231,30.428406434528394,110.0,121.99999999999999,210.0,210.0,210.0,210.0,213.0,166.0,8.556955093099671e-06,0.017319277108433735,12,Basic whole-image structural statistic; colored palette entries remain present.
002_20200624_083050(4),4. X-ray 검사장비 AI 데이터셋/dataset/test1/yolov3/X선이물검출기(06.23_09.22)/2호기(2020.09.22)/SN77127_20200624_NgImage/002_20200624_083050(4).bmp,2호기(2020.09.22),SN77127,20200624,316,332,0.9518072289156626,1 indexed channel with RGB palette,uint8 palette index,8,105990,BT.601 luma decoded from BMP palette; no artifact removal,29.0,213.0,183.74650183010522,45.55215630599979,76.0,85.0,174.0,210.0,210.0,210.0,213.0,184.0,9.531798078389508e-06,0.01860606984901632,12,Basic whole-image structural statistic; colored palette entries remain present.
002_20200624_083053(3),4. X-ray 검사장비 AI 데이터셋/dataset/test1/yolov3/X선이물검출기(06.23_09.22)/1호기(2020.09.22)/SN77128_20200624_NgImage/002_20200624_083053(3).bmp,1호기(2020.09.22),SN77128,20200624,352,332,1.0602409638554218,1 indexed channel with RGB palette,uint8 palette index,8,117942,BT.601 luma decoded from BMP palette; no artifact removal,47.0,213.0,194.07522487677983,30.450908920773863,111.0,121.99999999999999,210.0,210.0,210.0,210.0,213.0,166.0,8.556955093099671e-06,0.017319277108433735,12,Basic whole-image structural statistic; colored palette entries remain present.
002_20200624_083054(9),4. X-ray 검사장비 AI 데이터셋/dataset/test1/yolov3/X선이물검출기(06.23_09.22)/2호기(2020.09.22)/SN77127_20200624_NgImage/002_20200624_083054(9).bmp,2호기(2020.09.22),SN77127,20200624,316,332,0.9518072289156626,1 indexed channel with RGB palette,uint8 palette index,8,105990,BT.601 luma decoded from BMP palette; no artifact removal,35.0,213.0,183.76360149458594,45.70817036927496,76.0,84.0,175.74999999999997,210.0,210.0,210.0,213.0,178.0,1.9063596156779016e-05,0.01860606984901632,12,Basic whole-image structural statistic; colored palette entries remain present.
002_20200624_083057(4),4. X-ray 검사장비 AI 데이터셋/dataset/test1/yolov3/X선이물검출기(06.23_09.22)/1호기(2020.09.22)/SN77128_20200624_NgImage/002_20200624_083057(4).bmp,1호기(2020.09.22),SN77128,20200624,352,332,1.0602409638554218,1 indexed channel with RGB palette,uint8 palette index,8,117942,BT.601 luma decoded from BMP palette; no artifact removal,60.0,213.0,194.02449069003285,30.341351342252537,113.0,121.99999999999999,210.0,210.0,210.0,210.0,213.0,153.0,1.7113910186199342e-05,0.017319277108433735,12,Basic whole-image structural statistic; colored palette entries remain present.
002_20200624_083101(4),4. X-ray 검사장비 AI 데이터셋/dataset/test1/yolov3/X선이물검출기(06.23_09.22)/1호기(2020.09.22)/SN77128_20200624_NgImage/002_20200624_083101(4).bmp,1호기(2020.09.22),SN77128,20200624,352,332,1.0602409638554218,1 indexed channel with RGB palette,uint8 palette index,8,117942,BT.601 luma decoded from BMP palette; no artifact removal,60.0,213.0,194.01702834063528,30.31817911587249,113.99999999999997,121.99999999999999,210.0,210.0,210.0,210.0,213.0,153.0,8.556955093099671e-06,0.017319277108433735,12,Basic whole-image structural statistic; colored palette entries remain present.
002_20200624_083105(5),4. X-ray 검사장비 AI 데이터셋/dataset/test1/yolov3/X선이물검출기(06.23_09.22)/1호기(2020.09.22)/SN77128_20200624_NgImage/002_20200624_083105(5).bmp,1호기(2020.09.22),SN77128,20200624,352,332,1.0602409638554218,1 indexed channel with RGB palette,uint8 palette index,8,117942,BT.601 luma decoded from BMP palette; no artifact removal,56.0,213.0,193.98856756571743,30.392762095850813,113.99999999999997,121.99999999999999,210.0,210.0,210.0,210.0,213.0,157.0,8.556955093099671e-06,0.017319277108433735,12,Basic whole-image structural statistic; colored palette entries remain present.
002_20200624_123122(6),4. X-ray 검사장비 AI 데이터셋/dataset/test1/yolov3/X선이물검출기(06.23_09.22)/1호기(2020.09.22)/SN77128_20200624_NgImage/002_20200624_123122(6).bmp,1호기(2020.09.22),SN77128,20200624,352,332,1.0602409638554218,1 indexed channel with RGB palette,uint8 palette index,8,117942,BT.601 luma decoded from BMP palette; no artifact removal,50.99999999999999,213.0,194.02687739594742,30.64793642682848,110.0,121.0,210.0,210.0,210.0,210.0,213.0,162.0,1.7113910186199342e-05,0.017319277108433735,12,Basic whole-image structural statistic; colored palette entries remain present.
002_20200624_123126(4),4. X-ray 검사장비 AI 데이터셋/dataset/test1/yolov3/X선이물검출기(06.23_09.22)/1호기(2020.09.22)/SN77128_20200624_NgImage/002_20200624_123126(4).bmp,1호기(2020.09.22),SN77128,20200624,352,332,1.0602409638554218,1 indexed channel with RGB palette,uint8 palette index,8,117942,BT.601 luma decoded from BMP palette; no artifact removal,56.0,213.0,194.05338752738223,30.602240251955482,110.0,121.99999999999999,210.0,210.0,210.0,210.0,213.0,157.0,1.7113910186199342e-05,0.017319277108433735,12,Basic whole-image structural statistic; colored palette entries remain present.
002_20200624_123129(9),4. X-ray 검사장비 AI 데이터셋/dataset/test1/yolov3/X선이물검출기(06.23_09.22)/1호기(2020.09.22)/SN77128_20200624_NgImage/002_20200624_123129(9).bmp,1호기(2020.09.22),SN77128,20200624,352,332,1.0602409638554218,1 indexed channel with RGB palette,uint8 palette index,8,117942,BT.601 luma decoded from BMP palette; no artifact removal,50.99999999999999,213.0,194.14562294633077,30.362881771896987,109.0,123.0,210.0,210.0,210.0,210.0,213.0,162.0,8.556955093099671e-06,0.017319277108433735,12,Basic whole-image structural statistic; colored palette entries remain present.
002_20200624_123133(0),4. X-ray 검사장비 AI 데이터셋/dataset/test1/yolov3/X선이물검출기(06.23_09.22)/1호기(2020.09.22)/SN77128_20200624_NgImage/002_20200624_123133(0).bmp,1호기(2020.09.22),SN77128,20200624,352,332,1.0602409638554218,1 indexed channel with RGB palette,uint8 palette index,8,117942,BT.601 luma decoded from BMP palette; no artifact removal,29.07,213.0,194.10764050520262,30.18523678688496,111.0,121.99999999999999,210.0,210.0,210.0,210.0,213.0,183.93,3.4227820372398685e-05,0.017319277108433735,12,Basic whole-image structural statistic; colored palette entries remain present.
002_20200624_123136(5),4. X-ray 검사장비 AI 데이터셋/dataset/test1/yolov3/X선이물검출기(06.23_09.22)/1호기(2020.09.22)/SN77128_20200624_NgImage/002_20200624_123136(5).bmp,1호기(2020.09.22),SN77128,20200624,352,332,1.0602409638554218,1 indexed channel with RGB palette,uint8 palette index,8,117942,BT.601 luma decoded from BMP palette; no artifact removal,56.0,213.0,194.0604983570646,30.202161528701016,113.0,121.99999999999999,210.0,210.0,210.0,210.0,213.0,157.0,8.556955093099671e-06,0.017319277108433735,12,Basic whole-image structural statistic; colored palette entries remain present.
002_20200624_123143(7),4. X-ray 검사장비 AI 데이터셋/dataset/test1/yolov3/X선이물검출기(06.23_09.22)/1호기(2020.09.22)/SN77128_20200624_NgImage/002_20200624_123143(7).bmp,1호기(2020.09.22),SN77128,20200624,352,332,1.0602409638554218,1 indexed channel with RGB palette,uint8 palette index,8,117942,BT.601 luma decoded from BMP palette; no artifact removal,56.0,213.0,194.09603504928805,30.151791350952074,113.0,121.99999999999999,210.0,210.0,210.0,210.0,213.0,157.0,8.556955093099671e-06,0.017319277108433735,12,Basic whole-image structural statistic; colored palette entries remain present.
002_20200624_123144(0),4. X-ray 검사장비 AI 데이터셋/dataset/test1/yolov3/X선이물검출기(06.23_09.22)/2호기(2020.09.22)/SN77127_20200624_NgImage/002_20200624_123144(0).bmp,2호기(2020.09.22),SN77127,20200624,316,332,0.9518072289156626,1 indexed channel with RGB palette,uint8 palette index,8,105990,BT.601 luma decoded from BMP palette; no artifact removal,38.99999999999999,213.0,183.55596118651823,45.80006282885326,76.24499999999999,83.0,172.0,210.0,210.0,210.0,213.0,174.0,1.9063596156779016e-05,0.01860606984901632,12,Basic whole-image structural statistic; colored palette entries remain present.
002_20200624_123148(2),4. X-ray 검사장비 AI 데이터셋/dataset/test1/yolov3/X선이물검출기(06.23_09.22)/2호기(2020.09.22)/SN77127_20200624_NgImage/002_20200624_123148(2).bmp,2호기(2020.09.22),SN77127,20200624,316,332,0.9518072289156626,1 indexed channel with RGB palette,uint8 palette index,8,105990,BT.601 luma decoded from BMP palette; no artifact removal,36.0,213.0,183.78527756596003,45.60518622879076,76.0,83.0,174.0,210.0,210.0,210.0,213.0,177.0,9.531798078389508e-06,0.01860606984901632,12,Basic whole-image structural statistic; colored palette entries remain present.
002_20200624_123152(7),4. X-ray 검사장비 AI 데이터셋/dataset/test1/yolov3/X선이물검출기(06.23_09.22)/2호기(2020.09.22)/SN77127_20200624_NgImage/002_20200624_123152(7).bmp,2호기(2020.09.22),SN77127,20200624,316,332,0.9518072289156626,1 indexed channel with RGB palette,uint8 palette index,8,105990,BT.601 luma decoded from BMP palette; no artifact removal,38.99999999999999,213.0,183.3924721671496,46.05433106531041,76.0,82.0,171.0,210.0,210.0,210.0,213.0,174.0,9.531798078389508e-06,0.01860606984901632,12,Basic whole-image structural statistic; colored palette entries remain present.
002_20200624_123157(4),4. X-ray 검사장비 AI 데이터셋/dataset/test1/yolov3/X선이물검출기(06.23_09.22)/2호기(2020.09.22)/SN77127_20200624_NgImage/002_20200624_123157(4).bmp,2호기(2020.09.22),SN77127,20200624,316,332,0.9518072289156626,1 indexed channel with RGB palette,uint8 palette index,8,105990,BT.601 luma decoded from BMP palette; no artifact removal,31.999999999999996,213.0,183.4981790452951,46.272585953536314,74.0,80.99999999999999,177.0,210.0,210.0,210.0,213.0,181.0,9.531798078389508e-06,0.01860606984901632,12,Basic whole-image structural statistic; colored palette entries remain present.
002_20200624_123201(7),4. X-ray 검사장비 AI 데이터셋/dataset/test1/yolov3/X선이물검출기(06.23_09.22)/2호기(2020.09.22)/SN77127_20200624_NgImage/002_20200624_123201(7).bmp,2호기(2020.09.22),SN77127,20200624,316,332,0.9518072289156626,1 indexed channel with RGB palette,uint8 palette index,8,105990,BT.601 luma decoded from BMP palette; no artifact removal,38.0,213.0,183.78993861522036,45.89860414614872,75.0,83.0,178.0,210.0,210.0,210.0,213.0,175.0,2.859539423516852e-05,0.01860606984901632,12,Basic whole-image structural statistic; colored palette entries remain present.
002_20200624_123206(2),4. X-ray 검사장비 AI 데이터셋/dataset/test1/yolov3/X선이물검출기(06.23_09.22)/2호기(2020.09.22)/SN77127_20200624_NgImage/002_20200624_123206(2).bmp,2호기(2020.09.22),SN77127,20200624,316,332,0.9518072289156626,1 indexed channel with RGB palette,uint8 palette index,8,105990,BT.601 luma decoded from BMP palette; no artifact removal,31.999999999999996,213.0,183.6599245081592,46.12843581882656,74.0,83.0,179.0,210.0,210.0,210.0,213.0,181.0,9.531798078389508e-06,0.01860606984901632,12,Basic whole-image structural statistic; colored palette entries remain present.
002_20200624_162522(0),4. X-ray 검사장비 AI 데이터셋/dataset/test1/yolov3/X선이물검출기(06.23_09.22)/1호기(2020.09.22)/SN77128_20200624_NgImage/002_20200624_162522(0).bmp,1호기(2020.09.22),SN77128,20200624,352,332,1.0602409638554218,1 indexed channel with RGB palette,uint8 palette index,8,117942,BT.601 luma decoded from BMP palette; no artifact removal,50.0,213.0,194.24222241237678,30.250908092931247,110.0,124.0,210.0,210.0,210.0,210.0,213.0,163.0,8.556955093099671e-06,0.017319277108433735,12,Basic whole-image structural statistic; colored palette entries remain present.
002_20200624_162527(8),4. X-ray 검사장비 AI 데이터셋/dataset/test1/yolov3/X선이물검출기(06.23_09.22)/1호기(2020.09.22)/SN77128_20200624_NgImage/002_20200624_162527(8).bmp,1호기(2020.09.22),SN77128,20200624,352,332,1.0602409638554218,1 indexed channel with RGB palette,uint8 palette index,8,117942,BT.601 luma decoded from BMP palette; no artifact removal,29.07,213.0,194.15487832009856,30.520526739372333,110.0,121.99999999999999,210.0,210.0,210.0,210.0,213.0,183.93,0.000650328587075575,0.017319277108433735,12,Basic whole-image structural statistic; colored palette entries remain present.
002_20200624_162531(7),4. X-ray 검사장비 AI 데이터셋/dataset/test1/yolov3/X선이물검출기(06.23_09.22)/1호기(2020.09.22)/SN77128_20200624_NgImage/002_20200624_162531(7).bmp,1호기(2020.09.22),SN77128,20200624,352,332,1.0602409638554218,1 indexed channel with RGB palette,uint8 palette index,8,117942,BT.601 luma decoded from BMP palette; no artifact removal,55.0,213.0,194.22908714403067,30.292224203642238,113.0,121.99999999999999,210.0,210.0,210.0,210.0,213.0,158.0,8.556955093099671e-06,0.017319277108433735,12,Basic whole-image structural statistic; colored palette entries remain present.
002_20200624_162536(8),4. X-ray 검사장비 AI 데이터셋/dataset/test1/yolov3/X선이물검출기(06.23_09.22)/1호기(2020.09.22)/SN77128_20200624_NgImage/002_20200624_162536(8).bmp,1호기(2020.09.22),SN77128,20200624,352,332,1.0602409638554218,1 indexed channel with RGB palette,uint8 palette index,8,117942,BT.601 luma decoded from BMP palette; no artifact removal,50.99999999999999,213.0,194.07122877875136,30.42178498780815,113.0,121.99999999999999,210.0,210.0,210.0,210.0,213.0,162.0,8.556955093099671e-06,0.017319277108433735,12,Basic whole-image structural statistic; colored palette entries remain present.
002_20200624_162540(3),4. X-ray 검사장비 AI 데이터셋/dataset/test1/yolov3/X선이물검출기(06.23_09.22)/1호기(2020.09.22)/SN77128_20200624_NgImage/002_20200624_162540(3).bmp,1호기(2020.09.22),SN77128,20200624,352,332,1.0602409638554218,1 indexed channel with RGB palette,uint8 palette index,8,117942,BT.601 luma decoded from BMP palette; no artifact removal,58.99999999999999,213.0,194.16720324479738,30.189958128047238,113.0,121.99999999999999,210.0,210.0,210.0,210.0,213.0,154.0,8.556955093099671e-06,0.017319277108433735,12,Basic whole-image structural statistic; colored palette entries remain present.
002_20200624_162543(7),4. X-ray 검사장비 AI 데이터셋/dataset/test1/yolov3/X선이물검출기(06.23_09.22)/1호기(2020.09.22)/SN77128_20200624_NgImage/002_20200624_162543(7).bmp,1호기(2020.09.22),SN77128,20200624,352,332,1.0602409638554218,1 indexed channel with RGB palette,uint8 palette index,8,117942,BT.601 luma decoded from BMP palette; no artifact removal,55.0,213.0,194.16432845016428,30.257981156706975,111.0,121.99999999999999,210.0,210.0,210.0,210.0,213.0,158.0,8.556955093099671e-06,0.017319277108433735,12,Basic whole-image structural statistic; colored palette entries remain present.
002_20200624_162708(9),4. X-ray 검사장비 AI 데이터셋/dataset/test1/yolov3/X선이물검출기(06.23_09.22)/2호기(2020.09.22)/SN77127_20200624_NgImage/002_20200624_162708(9).bmp,2호기(2020.09.22),SN77127,20200624,316,332,0.9518072289156626,1 indexed channel with RGB palette,uint8 palette index,8,105990,BT.601 luma decoded from BMP palette; no artifact removal,38.99999999999999,213.0,183.8514091810279,45.4791712404007,76.24499999999999,84.0,174.99999999999997,210.0,210.0,210.0,213.0,174.0,9.531798078389508e-06,0.01860606984901632,12,Basic whole-image structural statistic; colored palette entries remain present.
002_20200624_162713(4),4. X-ray 검사장비 AI 데이터셋/dataset/test1/yolov3/X선이물검출기(06.23_09.22)/2호기(2020.09.22)/SN77127_20200624_NgImage/002_20200624_162713(4).bmp,2호기(2020.09.22),SN77127,20200624,316,332,0.9518072289156626,1 indexed channel with RGB palette,uint8 palette index,8,105990,BT.601 luma decoded from BMP palette; no artifact removal,41.0,213.0,183.762172487418,45.65554090042175,76.0,84.0,174.0,210.0,210.0,210.0,213.0,172.0,9.531798078389508e-06,0.01860606984901632,12,Basic whole-image structural statistic; colored palette entries remain present.
002_20200624_162717(9),4. X-ray 검사장비 AI 데이터셋/dataset/test1/yolov3/X선이물검출기(06.23_09.22)/2호기(2020.09.22)/SN77127_20200624_NgImage/002_20200624_162717(9).bmp,2호기(2020.09.22),SN77127,20200624,316,332,0.9518072289156626,1 indexed channel with RGB palette,uint8 palette index,8,105990,BT.601 luma decoded from BMP palette; no artifact removal,34.0,213.0,183.59192542321182,45.94437685275437,76.0,84.0,173.0,210.0,210.0,210.0,213.0,179.0,9.531798078389508e-06,0.01860606984901632,12,Basic whole-image structural statistic; colored palette entries remain present.
002_20200624_162722(4),4. X-ray 검사장비 AI 데이터셋/dataset/test1/yolov3/X선이물검출기(06.23_09.22)/2호기(2020.09.22)/SN77127_20200624_NgImage/002_20200624_162722(4).bmp,2호기(2020.09.22),SN77127,20200624,316,332,0.9518072289156626,1 indexed channel with RGB palette,uint8 palette index,8,105990,BT.601 luma decoded from BMP palette; no artifact removal,31.999999999999996,213.0,183.49885694677442,46.34514722709505,73.0,82.0,180.0,210.0,210.0,210.0,213.0,181.0,9.531798078389508e-06,0.01860606984901632,12,Basic whole-image structural statistic; colored palette entries remain present.
002_20200624_203003(9),4. X-ray 검사장비 AI 데이터셋/dataset/test1/yolov3/X선이물검출기(06.23_09.22)/1호기(2020.09.22)/SN77128_20200625_NgImage/002_20200624_203003(9).bmp,1호기(2020.09.22),SN77128,20200624,352,332,1.0602409638554218,1 indexed channel with RGB palette,uint8 palette index,8,117942,BT.601 luma decoded from BMP palette; no artifact removal,50.0,213.0,194.20092620481927,30.48727597795895,110.0,121.99999999999999,210.0,210.0,210.0,210.0,213.0,163.0,8.556955093099671e-06,0.017319277108433735,12,Basic whole-image structural statistic; colored palette entries remain present.
002_20200624_203012(9),4. X-ray 검사장비 AI 데이터셋/dataset/test1/yolov3/X선이물검출기(06.23_09.22)/1호기(2020.09.22)/SN77128_20200625_NgImage/002_20200624_203012(9).bmp,1호기(2020.09.22),SN77128,20200624,352,332,1.0602409638554218,1 indexed channel with RGB palette,uint8 palette index,8,117942,BT.601 luma decoded from BMP palette; no artifact removal,50.99999999999999,213.0,194.13199958926614,30.482277715523725,113.0,121.99999999999999,210.0,210.0,210.0,210.0,213.0,162.0,1.7113910186199342e-05,0.017319277108433735,12,Basic whole-image structural statistic; colored palette entries remain present.
002_20200624_203017(4),4. X-ray 검사장비 AI 데이터셋/dataset/test1/yolov3/X선이물검출기(06.23_09.22)/1호기(2020.09.22)/SN77128_20200625_NgImage/002_20200624_203017(4).bmp,1호기(2020.09.22),SN77128,20200624,352,332,1.0602409638554218,1 indexed channel with RGB palette,uint8 palette index,8,117942,BT.601 luma decoded from BMP palette; no artifact removal,50.99999999999999,213.0,194.24355695509308,30.272967019452263,113.0,121.99999999999999,210.0,210.0,210.0,210.0,213.0,162.0,8.556955093099671e-06,0.017319277108433735,12,Basic whole-image structural statistic; colored palette entries remain present.
002_20200624_203021(9),4. X-ray 검사장비 AI 데이터셋/dataset/test1/yolov3/X선이물검출기(06.23_09.22)/1호기(2020.09.22)/SN77128_20200625_NgImage/002_20200624_203021(9).bmp,1호기(2020.09.22),SN77128,20200624,352,332,1.0602409638554218,1 indexed channel with RGB palette,uint8 palette index,8,117942,BT.601 luma decoded from BMP palette; no artifact removal,50.99999999999999,213.0,194.20916655257392,30.28621670136877,113.0,121.99999999999999,210.0,210.0,210.0,210.0,213.0,162.0,8.556955093099671e-06,0.017319277108433735,12,Basic whole-image structural statistic; colored palette entries remain present.
002_20200624_203026(4),4. X-ray 검사장비 AI 데이터셋/dataset/test1/yolov3/X선이물검출기(06.23_09.22)/1호기(2020.09.22)/SN77128_20200625_NgImage/002_20200624_203026(4).bmp,1호기(2020.09.22),SN77128,20200624,352,332,1.0602409638554218,1 indexed channel with RGB palette,uint8 palette index,8,117942,BT.601 luma decoded from BMP palette; no artifact removal,55.0,213.0,194.22938697973711,30.24206347555009,113.0,121.99999999999999,210.0,210.0,210.0,210.0,213.0,158.0,8.556955093099671e-06,0.017319277108433735,12,Basic whole-image structural statistic; colored palette entries remain present.
002_20200624_203044(4),4. X-ray 검사장비 AI 데이터셋/dataset/test1/yolov3/X선이물검출기(06.23_09.22)/1호기(2020.09.22)/SN77128_20200625_NgImage/002_20200624_203044(4).bmp,1호기(2020.09.22),SN77128,20200624,352,332,1.0602409638554218,1 indexed channel with RGB palette,uint8 palette index,8,117942,BT.601 luma decoded from BMP palette; no artifact removal,51.99999999999999,213.0,194.23621542990142,30.264395797641598,113.0,121.99999999999999,210.0,210.0,210.0,210.0,213.0,161.0,8.556955093099671e-06,0.017319277108433735,12,Basic whole-image structural statistic; colored palette entries remain present.
002_20200624_203111(4),4. X-ray 검사장비 AI 데이터셋/dataset/test1/yolov3/X선이물검출기(06.23_09.22)/2호기(2020.09.22)/SN77127_20200624_NgImage/002_20200624_203111(4).bmp,2호기(2020.09.22),SN77127,20200624,316,332,0.9518072289156626,1 indexed channel with RGB palette,uint8 palette index,8,105990,BT.601 luma decoded from BMP palette; no artifact removal,37.0,213.0,183.90573890498703,45.540694961163624,76.0,84.0,173.0,210.0,210.0,210.0,213.0,176.0,9.531798078389508e-06,0.01860606984901632,12,Basic whole-image structural statistic; colored palette entries remain present.
002_20200624_203114(3),4. X-ray 검사장비 AI 데이터셋/dataset/test1/yolov3/X선이물검출기(06.23_09.22)/2호기(2020.09.22)/SN77127_20200624_NgImage/002_20200624_203114(3).bmp,2호기(2020.09.22),SN77127,20200624,316,332,0.9518072289156626,1 indexed channel with RGB palette,uint8 palette index,8,105990,BT.601 luma decoded from BMP palette; no artifact removal,38.0,213.0,183.64754842153425,46.21226922700235,71.0,82.0,178.0,210.0,210.0,210.0,213.0,175.0,9.531798078389508e-06,0.01860606984901632,12,Basic whole-image structural statistic; colored palette entries remain present.
002_20200624_203117(3),4. X-ray 검사장비 AI 데이터셋/dataset/test1/yolov3/X선이물검출기(06.23_09.22)/2호기(2020.09.22)/SN77127_20200624_NgImage/002_20200624_203117(3).bmp,2호기(2020.09.22),SN77127,20200624,316,332,0.9518072289156626,1 indexed channel with RGB palette,uint8 palette index,8,105990,BT.601 luma decoded from BMP palette; no artifact removal,40.0,213.0,183.432991078237,46.513219033973456,70.0,79.0,177.0,210.0,210.0,210.0,213.0,173.0,1.9063596156779016e-05,0.01860606984901632,12,Basic whole-image structural statistic; colored palette entries remain present.
002_20200624_203120(3),4. X-ray 검사장비 AI 데이터셋/dataset/test1/yolov3/X선이물검출기(06.23_09.22)/2호기(2020.09.22)/SN77127_20200624_NgImage/002_20200624_203120(3).bmp,2호기(2020.09.22),SN77127,20200624,316,332,0.9518072289156626,1 indexed channel with RGB palette,uint8 palette index,8,105990,BT.601 luma decoded from BMP palette; no artifact removal,36.0,213.0,183.49999084947385,46.61136949686888,70.0,80.0,181.0,210.0,210.0,210.0,213.0,177.0,9.531798078389508e-06,0.01860606984901632,12,Basic whole-image structural statistic; colored palette entries remain present.
002_20200624_203123(3),4. X-ray 검사장비 AI 데이터셋/dataset/test1/yolov3/X선이물검출기(06.23_09.22)/2호기(2020.09.22)/SN77127_20200624_NgImage/002_20200624_203123(3).bmp,2호기(2020.09.22),SN77127,20200624,316,332,0.9518072289156626,1 indexed channel with RGB palette,uint8 palette index,8,105990,BT.601 luma decoded from BMP palette; no artifact removal,38.0,213.0,183.75157579685833,46.21898464776381,71.0,82.0,180.0,210.0,210.0,210.0,213.0,175.0,9.531798078389508e-06,0.01860606984901632,12,Basic whole-image structural statistic; colored palette entries remain present.
002_20200624_203126(3),4. X-ray 검사장비 AI 데이터셋/dataset/test1/yolov3/X선이물검출기(06.23_09.22)/2호기(2020.09.22)/SN77127_20200624_NgImage/002_20200624_203126(3).bmp,2호기(2020.09.22),SN77127,20200624,316,332,0.9518072289156626,1 indexed channel with RGB palette,uint8 palette index,8,105990,BT.601 luma decoded from BMP palette; no artifact removal,36.0,213.0,183.61434306847644,46.122371957805335,72.0,82.0,174.99999999999997,210.0,210.0,210.0,213.0,177.0,9.531798078389508e-06,0.01860606984901632,12,Basic whole-image structural statistic; colored palette entries remain present.
002_20200625_003116(4),4. X-ray 검사장비 AI 데이터셋/dataset/test1/yolov3/X선이물검출기(06.23_09.22)/1호기(2020.09.22)/SN77128_20200625_NgImage/002_20200625_003116(4).bmp,1호기(2020.09.22),SN77128,20200625,352,332,1.0602409638554218,1 indexed channel with RGB palette,uint8 palette index,8,117942,BT.601 luma decoded from BMP palette; no artifact removal,50.99999999999999,213.0,194.30438834884993,30.167105217316216,111.0,124.0,210.0,210.0,210.0,210.0,213.0,162.0,1.7113910186199342e-05,0.017319277108433735,12,Basic whole-image structural statistic; colored palette entries remain present.
002_20200625_003120(7),4. X-ray 검사장비 AI 데이터셋/dataset/test1/yolov3/X선이물검출기(06.23_09.22)/1호기(2020.09.22)/SN77128_20200625_NgImage/002_20200625_003120(7).bmp,1호기(2020.09.22),SN77128,20200625,352,332,1.0602409638554218,1 indexed channel with RGB palette,uint8 palette index,8,117942,BT.601 luma decoded from BMP palette; no artifact removal,29.07,213.0,194.20006794222343,30.43844273185215,111.0,121.99999999999999,210.0,210.0,210.0,210.0,213.0,183.93,0.0003080503833515882,0.017319277108433735,12,Basic whole-image structural statistic; colored palette entries remain present.
002_20200625_003125(4),4. X-ray 검사장비 AI 데이터셋/dataset/test1/yolov3/X선이물검출기(06.23_09.22)/1호기(2020.09.22)/SN77128_20200625_NgImage/002_20200625_003125(4).bmp,1호기(2020.09.22),SN77128,20200625,352,332,1.0602409638554218,1 indexed channel with RGB palette,uint8 palette index,8,117942,BT.601 luma decoded from BMP palette; no artifact removal,50.99999999999999,213.0,194.24004038882802,30.32455116602966,111.0,121.99999999999999,210.0,210.0,210.0,210.0,213.0,162.0,8.556955093099671e-06,0.017319277108433735,12,Basic whole-image structural statistic; colored palette entries remain present.
002_20200625_003130(0),4. X-ray 검사장비 AI 데이터셋/dataset/test1/yolov3/X선이물검출기(06.23_09.22)/1호기(2020.09.22)/SN77128_20200625_NgImage/002_20200625_003130(0).bmp,1호기(2020.09.22),SN77128,20200625,352,332,1.0602409638554218,1 indexed channel with RGB palette,uint8 palette index,8,117942,BT.601 luma decoded from BMP palette; no artifact removal,50.0,213.0,194.241050109529,30.289132696302207,111.0,123.0,210.0,210.0,210.0,210.0,213.0,163.0,1.7113910186199342e-05,0.017319277108433735,12,Basic whole-image structural statistic; colored palette entries remain present.
002_20200625_003134(4),4. X-ray 검사장비 AI 데이터셋/dataset/test1/yolov3/X선이물검출기(06.23_09.22)/1호기(2020.09.22)/SN77128_20200625_NgImage/002_20200625_003134(4).bmp,1호기(2020.09.22),SN77128,20200625,352,332,1.0602409638554218,1 indexed channel with RGB palette,uint8 palette index,8,117942,BT.601 luma decoded from BMP palette; no artifact removal,42.0,213.0,194.27164978094194,30.2495802613157,113.0,121.99999999999999,210.0,210.0,210.0,210.0,213.0,171.0,8.556955093099671e-06,0.017319277108433735,12,Basic whole-image structural statistic; colored palette entries remain present.
002_20200625_003139(0),4. X-ray 검사장비 AI 데이터셋/dataset/test1/yolov3/X선이물검출기(06.23_09.22)/1호기(2020.09.22)/SN77128_20200625_NgImage/002_20200625_003139(0).bmp,1호기(2020.09.22),SN77128,20200625,352,332,1.0602409638554218,1 indexed channel with RGB palette,uint8 palette index,8,117942,BT.601 luma decoded from BMP palette; no artifact removal,47.0,213.0,194.31267182365826,30.12475218333341,112.63000000000011,123.0,210.0,210.0,210.0,210.0,213.0,166.0,8.556955093099671e-06,0.017319277108433735,12,Basic whole-image structural statistic; colored palette entries remain present.
002_20200625_003352(9),4. X-ray 검사장비 AI 데이터셋/dataset/test1/yolov3/X선이물검출기(06.23_09.22)/2호기(2020.09.22)/SN77127_20200625_NgImage/002_20200625_003352(9).bmp,2호기(2020.09.22),SN77127,20200625,316,332,0.9518072289156626,1 indexed channel with RGB palette,uint8 palette index,8,105990,BT.601 luma decoded from BMP palette; no artifact removal,33.0,213.0,184.22290109806315,45.407699585801225,77.0,85.0,179.0,210.0,210.0,210.0,213.0,180.0,9.531798078389508e-06,0.01860606984901632,12,Basic whole-image structural statistic; colored palette entries remain present.
002_20200625_003357(4),4. X-ray 검사장비 AI 데이터셋/dataset/test1/yolov3/X선이물검출기(06.23_09.22)/2호기(2020.09.22)/SN77127_20200625_NgImage/002_20200625_003357(4).bmp,2호기(2020.09.22),SN77127,20200625,316,332,0.9518072289156626,1 indexed channel with RGB palette,uint8 palette index,8,105990,BT.601 luma decoded from BMP palette; no artifact removal,31.999999999999996,213.0,184.13483757816073,45.423320086987005,77.0,85.0,178.0,210.0,210.0,210.0,213.0,181.0,9.531798078389508e-06,0.01860606984901632,12,Basic whole-image structural statistic; colored palette entries remain present.
002_20200625_003401(8),4. X-ray 검사장비 AI 데이터셋/dataset/test1/yolov3/X선이물검출기(06.23_09.22)/2호기(2020.09.22)/SN77127_20200625_NgImage/002_20200625_003401(8).bmp,2호기(2020.09.22),SN77127,20200625,316,332,0.9518072289156626,1 indexed channel with RGB palette,uint8 palette index,8,105990,BT.601 luma decoded from BMP palette; no artifact removal,31.999999999999996,213.0,184.15241307000153,45.38213865556896,77.0,85.0,178.0,210.0,210.0,210.0,213.0,181.0,9.531798078389508e-06,0.01860606984901632,12,Basic whole-image structural statistic; colored palette entries remain present.
002_20200625_003406(3),4. X-ray 검사장비 AI 데이터셋/dataset/test1/yolov3/X선이물검출기(06.23_09.22)/2호기(2020.09.22)/SN77127_20200625_NgImage/002_20200625_003406(3).bmp,2호기(2020.09.22),SN77127,20200625,316,332,0.9518072289156626,1 indexed channel with RGB palette,uint8 palette index,8,105990,BT.601 luma decoded from BMP palette; no artifact removal,31.999999999999996,213.0,184.23857175537592,45.28831463231238,77.0,85.0,178.0,210.0,210.0,210.0,213.0,181.0,9.531798078389508e-06,0.01860606984901632,12,Basic whole-image structural statistic; colored palette entries remain present.
002_20200625_003410(8),4. X-ray 검사장비 AI 데이터셋/dataset/test1/yolov3/X선이물검출기(06.23_09.22)/2호기(2020.09.22)/SN77127_20200625_NgImage/002_20200625_003410(8).bmp,2호기(2020.09.22),SN77127,20200625,316,332,0.9518072289156626,1 indexed channel with RGB palette,uint8 palette index,8,105990,BT.601 luma decoded from BMP palette; no artifact removal,35.0,213.0,184.1339602714656,45.375362674989844,77.0,85.0,178.0,210.0,210.0,210.0,213.0,178.0,1.9063596156779016e-05,0.01860606984901632,12,Basic whole-image structural statistic; colored palette entries remain present.
002_20200625_003415(4),4. X-ray 검사장비 AI 데이터셋/dataset/test1/yolov3/X선이물검출기(06.23_09.22)/2호기(2020.09.22)/SN77127_20200625_NgImage/002_20200625_003415(4).bmp,2호기(2020.09.22),SN77127,20200625,316,332,0.9518072289156626,1 indexed channel with RGB palette,uint8 palette index,8,105990,BT.601 luma decoded from BMP palette; no artifact removal,34.0,213.0,184.13043312490467,45.363650322480495,77.0,85.0,174.99999999999997,210.0,210.0,210.0,213.0,179.0,1.9063596156779016e-05,0.01860606984901632,12,Basic whole-image structural statistic; colored palette entries remain present.
002_20200625_042934(9),4. X-ray 검사장비 AI 데이터셋/dataset/test1/yolov3/X선이물검출기(06.23_09.22)/1호기(2020.09.22)/SN77128_20200625_NgImage/002_20200625_042934(9).bmp,1호기(2020.09.22),SN77128,20200625,352,332,1.0602409638554218,1 indexed channel with RGB palette,uint8 palette index,8,117942,BT.601 luma decoded from BMP palette; no artifact removal,47.0,213.0,194.38333515881706,30.21212080810242,111.0,121.99999999999999,210.0,210.0,210.0,210.0,213.0,166.0,8.556955093099671e-06,0.017319277108433735,12,Basic whole-image structural statistic; colored palette entries remain present.
002_20200625_042939(2),4. X-ray 검사장비 AI 데이터셋/dataset/test1/yolov3/X선이물검출기(06.23_09.22)/1호기(2020.09.22)/SN77128_20200625_NgImage/002_20200625_042939(2).bmp,1호기(2020.09.22),SN77128,20200625,352,332,1.0602409638554218,1 indexed channel with RGB palette,uint8 palette index,8,117942,BT.601 luma decoded from BMP palette; no artifact removal,47.0,213.0,194.40750821467688,30.1249954992248,113.0,121.99999999999999,210.0,210.0,210.0,210.0,213.0,166.0,8.556955093099671e-06,0.017319277108433735,12,Basic whole-image structural statistic; colored palette entries remain present.
002_20200625_042943(7),4. X-ray 검사장비 AI 데이터셋/dataset/test1/yolov3/X선이물검출기(06.23_09.22)/1호기(2020.09.22)/SN77128_20200625_NgImage/002_20200625_042943(7).bmp,1호기(2020.09.22),SN77128,20200625,352,332,1.0602409638554218,1 indexed channel with RGB palette,uint8 palette index,8,117942,BT.601 luma decoded from BMP palette; no artifact removal,50.0,213.0,194.39049733023,30.16593831025203,111.0,121.99999999999999,210.0,210.0,210.0,210.0,213.0,163.0,1.7113910186199342e-05,0.017319277108433735,12,Basic whole-image structural statistic; colored palette entries remain present.
002_20200625_042948(3),4. X-ray 검사장비 AI 데이터셋/dataset/test1/yolov3/X선이물검출기(06.23_09.22)/1호기(2020.09.22)/SN77128_20200625_NgImage/002_20200625_042948(3).bmp,1호기(2020.09.22),SN77128,20200625,352,332,1.0602409638554218,1 indexed channel with RGB palette,uint8 palette index,8,117942,BT.601 luma decoded from BMP palette; no artifact removal,47.0,213.0,194.3866634720701,30.158145670349207,111.0,123.0,210.0,210.0,210.0,210.0,213.0,166.0,8.556955093099671e-06,0.017319277108433735,12,Basic whole-image structural statistic; colored palette entries remain present.
002_20200625_042952(8),4. X-ray 검사장비 AI 데이터셋/dataset/test1/yolov3/X선이물검출기(06.23_09.22)/1호기(2020.09.22)/SN77128_20200625_NgImage/002_20200625_042952(8).bmp,1호기(2020.09.22),SN77128,20200625,352,332,1.0602409638554218,1 indexed channel with RGB palette,uint8 palette index,8,117942,BT.601 luma decoded from BMP palette; no artifact removal,50.0,213.0,194.40853504928805,30.08425844149179,113.0,123.0,210.0,210.0,210.0,210.0,213.0,163.0,8.556955093099671e-06,0.017319277108433735,12,Basic whole-image structural statistic; colored palette entries remain present.
002_20200625_042957(3),4. X-ray 검사장비 AI 데이터셋/dataset/test1/yolov3/X선이물검출기(06.23_09.22)/1호기(2020.09.22)/SN77128_20200625_NgImage/002_20200625_042957(3).bmp,1호기(2020.09.22),SN77128,20200625,352,332,1.0602409638554218,1 indexed channel with RGB palette,uint8 palette index,8,117942,BT.601 luma decoded from BMP palette; no artifact removal,47.0,213.0,194.44421789430447,29.964178374282866,112.0,125.0,210.0,210.0,210.0,210.0,213.0,166.0,8.556955093099671e-06,0.017319277108433735,12,Basic whole-image structural statistic; colored palette entries remain present.
002_20200629_082630(7),4. X-ray 검사장비 AI 데이터셋/dataset/test1/yolov3/X선이물검출기(06.23_09.22)/1호기(2020.09.22)/SN77128_20200629_NgImage/002_20200629_082630(7).bmp,1호기(2020.09.22),SN77128,20200629,352,332,1.0602409638554218,1 indexed channel with RGB palette,uint8 palette index,8,117942,BT.601 luma decoded from BMP palette; no artifact removal,42.0,213.0,193.36785562705364,31.484321597538845,109.0,120.0,210.0,210.0,210.0,210.0,213.0,171.0,8.556955093099671e-06,0.017319277108433735,12,Basic whole-image structural statistic; colored palette entries remain present.
002_20200629_082639(2),4. X-ray 검사장비 AI 데이터셋/dataset/test1/yolov3/X선이물검출기(06.23_09.22)/1호기(2020.09.22)/SN77128_20200629_NgImage/002_20200629_082639(2).bmp,1호기(2020.09.22),SN77128,20200629,352,332,1.0602409638554218,1 indexed channel with RGB palette,uint8 palette index,8,117942,BT.601 luma decoded from BMP palette; no artifact removal,48.0,213.0,193.36849705640745,31.440723469086638,107.99999999999997,121.0,210.0,210.0,210.0,210.0,213.0,165.0,8.556955093099671e-06,0.017319277108433735,12,Basic whole-image structural statistic; colored palette entries remain present.
002_20200629_082642(2),4. X-ray 검사장비 AI 데이터셋/dataset/test1/yolov3/X선이물검출기(06.23_09.22)/1호기(2020.09.22)/SN77128_20200629_NgImage/002_20200629_082642(2).bmp,1호기(2020.09.22),SN77128,20200629,352,332,1.0602409638554218,1 indexed channel with RGB palette,uint8 palette index,8,117942,BT.601 luma decoded from BMP palette; no artifact removal,47.0,213.0,193.4047703313253,31.446845044263423,110.0,120.0,210.0,210.0,210.0,210.0,213.0,166.0,8.556955093099671e-06,0.017319277108433735,12,Basic whole-image structural statistic; colored palette entries remain present.
002_20200629_082645(4),4. X-ray 검사장비 AI 데이터셋/dataset/test1/yolov3/X선이물검출기(06.23_09.22)/1호기(2020.09.22)/SN77128_20200629_NgImage/002_20200629_082645(4).bmp,1호기(2020.09.22),SN77128,20200629,352,332,1.0602409638554218,1 indexed channel with RGB palette,uint8 palette index,8,117942,BT.601 luma decoded from BMP palette; no artifact removal,46.0,213.0,193.38084508488498,31.542433343079125,110.0,119.0,210.0,210.0,210.0,210.0,213.0,167.0,8.556955093099671e-06,0.017319277108433735,12,Basic whole-image structural statistic; colored palette entries remain present.
002_20200629_082823(5),4. X-ray 검사장비 AI 데이터셋/dataset/test1/yolov3/X선이물검출기(06.23_09.22)/2호기(2020.09.22)/SN77127_20200629_NgImage/002_20200629_082823(5).bmp,2호기(2020.09.22),SN77127,20200629,316,332,0.9518072289156626,1 indexed channel with RGB palette,uint8 palette index,8,105990,BT.601 luma decoded from BMP palette; no artifact removal,31.999999999999996,213.0,181.55504537135883,45.5967140918593,76.0,85.0,168.99999999999997,206.0,210.0,210.0,213.0,181.0,9.531798078389508e-06,0.01860606984901632,12,Basic whole-image structural statistic; colored palette entries remain present.
002_20200629_082828(5),4. X-ray 검사장비 AI 데이터셋/dataset/test1/yolov3/X선이물검출기(06.23_09.22)/2호기(2020.09.22)/SN77127_20200629_NgImage/002_20200629_082828(5).bmp,2호기(2020.09.22),SN77127,20200629,316,332,0.9518072289156626,1 indexed channel with RGB palette,uint8 palette index,8,105990,BT.601 luma decoded from BMP palette; no artifact removal,31.0,213.0,181.63535115144123,45.30746920706574,76.0,85.0,170.0,206.0,210.0,210.0,213.0,182.0,9.531798078389508e-06,0.01860606984901632,12,Basic whole-image structural statistic; colored palette entries remain present.
002_20200629_082831(3),4. X-ray 검사장비 AI 데이터셋/dataset/test1/yolov3/X선이물검출기(06.23_09.22)/2호기(2020.09.22)/SN77127_20200629_NgImage/002_20200629_082831(3).bmp,2호기(2020.09.22),SN77127,20200629,316,332,0.9518072289156626,1 indexed channel with RGB palette,uint8 palette index,8,105990,BT.601 luma decoded from BMP palette; no artifact removal,31.0,213.0,181.45396141528138,45.56070823057007,76.0,85.0,170.0,206.0,210.0,210.0,213.0,182.0,9.531798078389508e-06,0.01860606984901632,12,Basic whole-image structural statistic; colored palette entries remain present.
002_20200629_082834(2),4. X-ray 검사장비 AI 데이터셋/dataset/test1/yolov3/X선이물검출기(06.23_09.22)/2호기(2020.09.22)/SN77127_20200629_NgImage/002_20200629_082834(2).bmp,2호기(2020.09.22),SN77127,20200629,316,332,0.9518072289156626,1 indexed channel with RGB palette,uint8 palette index,8,105990,BT.601 luma decoded from BMP palette; no artifact removal,30.0,213.0,181.38547582736007,45.66700496050035,76.0,84.0,170.0,206.0,210.0,210.0,213.0,183.0,9.531798078389508e-06,0.01860606984901632,12,Basic whole-image structural statistic; colored palette entries remain present.
002_20200629_082837(0),4. X-ray 검사장비 AI 데이터셋/dataset/test1/yolov3/X선이물검출기(06.23_09.22)/2호기(2020.09.22)/SN77127_20200629_NgImage/002_20200629_082837(0).bmp,2호기(2020.09.22),SN77127,20200629,316,332,0.9518072289156626,1 indexed channel with RGB palette,uint8 palette index,8,105990,BT.601 luma decoded from BMP palette; no artifact removal,30.0,213.0,181.31605574195515,45.7478125657721,75.0,84.0,171.0,206.0,210.0,210.0,213.0,183.0,9.531798078389508e-06,0.01860606984901632,12,Basic whole-image structural statistic; colored palette entries remain present.
002_20200629_082839(9),4. X-ray 검사장비 AI 데이터셋/dataset/test1/yolov3/X선이물검출기(06.23_09.22)/2호기(2020.09.22)/SN77127_20200629_NgImage/002_20200629_082839(9).bmp,2호기(2020.09.22),SN77127,20200629,316,332,0.9518072289156626,1 indexed channel with RGB palette,uint8 palette index,8,105990,BT.601 luma decoded from BMP palette; no artifact removal,30.0,213.0,181.53762276955922,45.43430946085767,76.0,85.0,170.0,206.0,210.0,210.0,213.0,183.0,9.531798078389508e-06,0.01860606984901632,12,Basic whole-image structural statistic; colored palette entries remain present.
002_20200629_123442(5),4. X-ray 검사장비 AI 데이터셋/dataset/test1/yolov3/X선이물검출기(06.23_09.22)/2호기(2020.09.22)/SN77127_20200629_NgImage/002_20200629_123442(5).bmp,2호기(2020.09.22),SN77127,20200629,316,332,0.9518072289156626,1 indexed channel with RGB palette,uint8 palette index,8,105990,BT.601 luma decoded from BMP palette; no artifact removal,31.999999999999996,213.0,182.82082164099435,45.562383889180744,76.24499999999999,84.0,173.0,208.99999999999997,210.0,210.0,213.0,181.0,9.531798078389508e-06,0.01860606984901632,12,Basic whole-image structural statistic; colored palette entries remain present.
002_20200629_123447(0),4. X-ray 검사장비 AI 데이터셋/dataset/test1/yolov3/X선이물검출기(06.23_09.22)/2호기(2020.09.22)/SN77127_20200629_NgImage/002_20200629_123447(0).bmp,2호기(2020.09.22),SN77127,20200629,316,332,0.9518072289156626,1 indexed channel with RGB palette,uint8 palette index,8,105990,BT.601 luma decoded from BMP palette; no artifact removal,31.0,213.0,182.6748505414061,45.583840137491954,76.24499999999999,84.0,172.0,208.99999999999997,210.0,210.0,213.0,182.0,9.531798078389508e-06,0.01860606984901632,12,Basic whole-image structural statistic; colored palette entries remain present.
002_20200629_123451(5),4. X-ray 검사장비 AI 데이터셋/dataset/test1/yolov3/X선이물검출기(06.23_09.22)/2호기(2020.09.22)/SN77127_20200629_NgImage/002_20200629_123451(5).bmp,2호기(2020.09.22),SN77127,20200629,316,332,0.9518072289156626,1 indexed channel with RGB palette,uint8 palette index,8,105990,BT.601 luma decoded from BMP palette; no artifact removal,35.0,213.0,182.7483704438005,45.47076205011784,76.24499999999999,84.0,171.0,208.99999999999997,210.0,210.0,213.0,178.0,9.531798078389508e-06,0.01860606984901632,12,Basic whole-image structural statistic; colored palette entries remain present.
002_20200629_123456(0),4. X-ray 검사장비 AI 데이터셋/dataset/test1/yolov3/X선이물검출기(06.23_09.22)/2호기(2020.09.22)/SN77127_20200629_NgImage/002_20200629_123456(0).bmp,2호기(2020.09.22),SN77127,20200629,316,332,0.9518072289156626,1 indexed channel with RGB palette,uint8 palette index,8,105990,BT.601 luma decoded from BMP palette; no artifact removal,30.0,213.0,182.80109081897209,45.48942938449292,76.24499999999999,84.0,171.0,208.99999999999997,210.0,210.0,213.0,183.0,9.531798078389508e-06,0.01860606984901632,12,Basic whole-image structural statistic; colored palette entries remain present.
002_20200629_123500(5),4. X-ray 검사장비 AI 데이터셋/dataset/test1/yolov3/X선이물검출기(06.23_09.22)/2호기(2020.09.22)/SN77127_20200629_NgImage/002_20200629_123500(5).bmp,2호기(2020.09.22),SN77127,20200629,316,332,0.9518072289156626,1 indexed channel with RGB palette,uint8 palette index,8,105990,BT.601 luma decoded from BMP palette; no artifact removal,35.0,213.0,182.65897094707947,45.48178807550068,76.24499999999999,84.0,170.0,208.99999999999997,210.0,210.0,213.0,178.0,1.9063596156779016e-05,0.01860606984901632,12,Basic whole-image structural statistic; colored palette entries remain present.
002_20200629_123505(0),4. X-ray 검사장비 AI 데이터셋/dataset/test1/yolov3/X선이물검출기(06.23_09.22)/2호기(2020.09.22)/SN77127_20200629_NgImage/002_20200629_123505(0).bmp,2호기(2020.09.22),SN77127,20200629,316,332,0.9518072289156626,1 indexed channel with RGB palette,uint8 palette index,8,105990,BT.601 luma decoded from BMP palette; no artifact removal,35.0,213.0,182.67457526307763,45.5252494996924,76.24499999999999,84.0,170.0,208.99999999999997,210.0,210.0,213.0,178.0,9.531798078389508e-06,0.01860606984901632,12,Basic whole-image structural statistic; colored palette entries remain present.
002_20200629_163656(7),4. X-ray 검사장비 AI 데이터셋/dataset/test1/yolov3/X선이물검출기(06.23_09.22)/2호기(2020.09.22)/SN77127_20200629_NgImage/002_20200629_163656(7).bmp,2호기(2020.09.22),SN77127,20200629,316,332,0.9518072289156626,1 indexed channel with RGB palette,uint8 palette index,8,105990,BT.601 luma decoded from BMP palette; no artifact removal,35.0,213.0,183.22905863962177,45.59796171548739,76.24499999999999,83.0,173.75,210.0,210.0,210.0,213.0,178.0,9.531798078389508e-06,0.01860606984901632,12,Basic whole-image structural statistic; colored palette entries remain present.
002_20200629_163659(7),4. X-ray 검사장비 AI 데이터셋/dataset/test1/yolov3/X선이물검출기(06.23_09.22)/2호기(2020.09.22)/SN77127_20200629_NgImage/002_20200629_163659(7).bmp,2호기(2020.09.22),SN77127,20200629,316,332,0.9518072289156626,1 indexed channel with RGB palette,uint8 palette index,8,105990,BT.601 luma decoded from BMP palette; no artifact removal,31.999999999999996,213.0,182.94002630776268,46.019417522355035,75.0,82.0,173.0,210.0,210.0,210.0,213.0,181.0,9.531798078389508e-06,0.01860606984901632,12,Basic whole-image structural statistic; colored palette entries remain present.
002_20200629_163702(8),4. X-ray 검사장비 AI 데이터셋/dataset/test1/yolov3/X선이물검출기(06.23_09.22)/2호기(2020.09.22)/SN77127_20200629_NgImage/002_20200629_163702(8).bmp,2호기(2020.09.22),SN77127,20200629,316,332,0.9518072289156626,1 indexed channel with RGB palette,uint8 palette index,8,105990,BT.601 luma decoded from BMP palette; no artifact removal,35.0,213.0,183.22882110721366,45.562381802338685,76.24499999999999,84.0,173.0,210.0,210.0,210.0,213.0,178.0,9.531798078389508e-06,0.01860606984901632,12,Basic whole-image structural statistic; colored palette entries remain present.
002_20200629_163705(8),4. X-ray 검사장비 AI 데이터셋/dataset/test1/yolov3/X선이물검출기(06.23_09.22)/2호기(2020.09.22)/SN77127_20200629_NgImage/002_20200629_163705(8).bmp,2호기(2020.09.22),SN77127,20200629,316,332,0.9518072289156626,1 indexed channel with RGB palette,uint8 palette index,8,105990,BT.601 luma decoded from BMP palette; no artifact removal,31.0,213.0,183.09909295409486,45.701352360208176,76.24499999999999,83.0,174.0,210.0,210.0,210.0,213.0,182.0,9.531798078389508e-06,0.01860606984901632,12,Basic whole-image structural statistic; colored palette entries remain present.
002_20200629_163708(9),4. X-ray 검사장비 AI 데이터셋/dataset/test1/yolov3/X선이물검출기(06.23_09.22)/2호기(2020.09.22)/SN77127_20200629_NgImage/002_20200629_163708(9).bmp,2호기(2020.09.22),SN77127,20200629,316,332,0.9518072289156626,1 indexed channel with RGB palette,uint8 palette index,8,105990,BT.601 luma decoded from BMP palette; no artifact removal,31.999999999999996,213.0,183.14109043770014,45.620146437273405,76.24499999999999,83.0,173.0,210.0,210.0,210.0,213.0,181.0,9.531798078389508e-06,0.01860606984901632,12,Basic whole-image structural statistic; colored palette entries remain present.
002_20200629_163711(8),4. X-ray 검사장비 AI 데이터셋/dataset/test1/yolov3/X선이물검출기(06.23_09.22)/2호기(2020.09.22)/SN77127_20200629_NgImage/002_20200629_163711(8).bmp,2호기(2020.09.22),SN77127,20200629,316,332,0.9518072289156626,1 indexed channel with RGB palette,uint8 palette index,8,105990,BT.601 luma decoded from BMP palette; no artifact removal,35.0,213.0,183.11345699252706,45.67661959452876,76.24499999999999,83.0,173.0,210.0,210.0,210.0,213.0,178.0,9.531798078389508e-06,0.01860606984901632,12,Basic whole-image structural statistic; colored palette entries remain present.
002_20200714_042641(8),4. X-ray 검사장비 AI 데이터셋/dataset/test1/yolov3/X선이물검출기(06.23_09.22)/1호기(2020.09.22)/SN77128_20200714_NgImage/002_20200714_042641(8).bmp,1호기(2020.09.22),SN77128,20200714,352,332,1.0602409638554218,1 indexed channel with RGB palette,uint8 palette index,8,117942,BT.601 luma decoded from BMP palette; no artifact removal,46.0,213.0,194.01731140470974,30.44338516090377,111.0,123.0,210.0,210.0,210.0,210.0,213.0,167.0,8.556955093099671e-06,0.017319277108433735,12,Basic whole-image structural statistic; colored palette entries remain present.
002_20200714_083054(2),4. X-ray 검사장비 AI 데이터셋/dataset/test1/yolov3/X선이물검출기(06.23_09.22)/1호기(2020.09.22)/SN77128_20200714_NgImage/002_20200714_083054(2).bmp,1호기(2020.09.22),SN77128,20200714,352,332,1.0602409638554218,1 indexed channel with RGB palette,uint8 palette index,8,117942,BT.601 luma decoded from BMP palette; no artifact removal,48.0,213.0,194.16212075575027,30.166287188553117,113.99999999999997,123.0,210.0,210.0,210.0,210.0,213.0,165.0,8.556955093099671e-06,0.017319277108433735,12,Basic whole-image structural statistic; colored palette entries remain present.
002_20200714_083057(5),4. X-ray 검사장비 AI 데이터셋/dataset/test1/yolov3/X선이물검출기(06.23_09.22)/1호기(2020.09.22)/SN77128_20200714_NgImage/002_20200714_083057(5).bmp,1호기(2020.09.22),SN77128,20200714,352,332,1.0602409638554218,1 indexed channel with RGB palette,uint8 palette index,8,117942,BT.601 luma decoded from BMP palette; no artifact removal,29.07,213.0,193.96048997124862,30.781931128291692,110.0,121.99999999999999,210.0,210.0,210.0,210.0,213.0,183.93,0.0003080503833515882,0.017319277108433735,12,Basic whole-image structural statistic; colored palette entries remain present.
002_20200714_083101(7),4. X-ray 검사장비 AI 데이터셋/dataset/test1/yolov3/X선이물검출기(06.23_09.22)/1호기(2020.09.22)/SN77128_20200714_NgImage/002_20200714_083101(7).bmp,1호기(2020.09.22),SN77128,20200714,352,332,1.0602409638554218,1 indexed channel with RGB palette,uint8 palette index,8,117942,BT.601 luma decoded from BMP palette; no artifact removal,47.0,213.0,193.98653990963857,30.77235931147384,110.0,121.99999999999999,210.0,210.0,210.0,210.0,213.0,166.0,8.556955093099671e-06,0.017319277108433735,12,Basic whole-image structural statistic; colored palette entries remain present.
002_20200714_083106(2),4. X-ray 검사장비 AI 데이터셋/dataset/test1/yolov3/X선이물검출기(06.23_09.22)/1호기(2020.09.22)/SN77128_20200714_NgImage/002_20200714_083106(2).bmp,1호기(2020.09.22),SN77128,20200714,352,332,1.0602409638554218,1 indexed channel with RGB palette,uint8 palette index,8,117942,BT.601 luma decoded from BMP palette; no artifact removal,50.99999999999999,213.0,193.91842723165388,31.085850029789963,107.99999999999997,120.0,210.0,210.0,210.0,210.0,213.0,162.0,1.7113910186199342e-05,0.017319277108433735,12,Basic whole-image structural statistic; colored palette entries remain present.
002_20200714_083110(8),4. X-ray 검사장비 AI 데이터셋/dataset/test1/yolov3/X선이물검출기(06.23_09.22)/1호기(2020.09.22)/SN77128_20200714_NgImage/002_20200714_083110(8).bmp,1호기(2020.09.22),SN77128,20200714,352,332,1.0602409638554218,1 indexed channel with RGB palette,uint8 palette index,8,117942,BT.601 luma decoded from BMP palette; no artifact removal,47.0,213.0,193.9994787102957,30.896734241061125,110.0,121.0,210.0,210.0,210.0,210.0,213.0,166.0,8.556955093099671e-06,0.017319277108433735,12,Basic whole-image structural statistic; colored palette entries remain present.
002_20200714_083115(1),4. X-ray 검사장비 AI 데이터셋/dataset/test1/yolov3/X선이물검출기(06.23_09.22)/1호기(2020.09.22)/SN77128_20200714_NgImage/002_20200714_083115(1).bmp,1호기(2020.09.22),SN77128,20200714,352,332,1.0602409638554218,1 indexed channel with RGB palette,uint8 palette index,8,117942,BT.601 luma decoded from BMP palette; no artifact removal,47.0,213.0,194.14069379791894,30.593817640495896,111.0,121.99999999999999,210.0,210.0,210.0,210.0,213.0,166.0,8.556955093099671e-06,0.017319277108433735,12,Basic whole-image structural statistic; colored palette entries remain present.
002_20200714_123109(8),4. X-ray 검사장비 AI 데이터셋/dataset/test1/yolov3/X선이물검출기(06.23_09.22)/1호기(2020.09.22)/SN77128_20200714_NgImage/002_20200714_123109(8).bmp,1호기(2020.09.22),SN77128,20200714,352,332,1.0602409638554218,1 indexed channel with RGB palette,uint8 palette index,8,117942,BT.601 luma decoded from BMP palette; no artifact removal,55.0,213.0,194.19584337349397,30.214183966743068,110.0,121.99999999999999,210.0,210.0,210.0,210.0,213.0,158.0,1.7113910186199342e-05,0.017319277108433735,12,Basic whole-image structural statistic; colored palette entries remain present.
002_20200714_123113(1),4. X-ray 검사장비 AI 데이터셋/dataset/test1/yolov3/X선이물검출기(06.23_09.22)/1호기(2020.09.22)/SN77128_20200714_NgImage/002_20200714_123113(1).bmp,1호기(2020.09.22),SN77128,20200714,352,332,1.0602409638554218,1 indexed channel with RGB palette,uint8 palette index,8,117942,BT.601 luma decoded from BMP palette; no artifact removal,56.0,213.0,194.14204579682365,30.19340611279409,110.0,121.99999999999999,210.0,210.0,210.0,210.0,213.0,157.0,1.7113910186199342e-05,0.017319277108433735,12,Basic whole-image structural statistic; colored palette entries remain present.
002_20200714_123117(3),4. X-ray 검사장비 AI 데이터셋/dataset/test1/yolov3/X선이물검출기(06.23_09.22)/1호기(2020.09.22)/SN77128_20200714_NgImage/002_20200714_123117(3).bmp,1호기(2020.09.22),SN77128,20200714,352,332,1.0602409638554218,1 indexed channel with RGB palette,uint8 palette index,8,117942,BT.601 luma decoded from BMP palette; no artifact removal,55.0,213.0,194.20119181270536,30.11134692685388,113.0,121.99999999999999,210.0,210.0,210.0,210.0,213.0,158.0,8.556955093099671e-06,0.017319277108433735,12,Basic whole-image structural statistic; colored palette entries remain present.
002_20200714_123120(4),4. X-ray 검사장비 AI 데이터셋/dataset/test1/yolov3/X선이물검출기(06.23_09.22)/1호기(2020.09.22)/SN77128_20200714_NgImage/002_20200714_123120(4).bmp,1호기(2020.09.22),SN77128,20200714,352,332,1.0602409638554218,1 indexed channel with RGB palette,uint8 palette index,8,117942,BT.601 luma decoded from BMP palette; no artifact removal,51.99999999999999,213.0,194.13721967415114,30.241237770935708,113.0,121.99999999999999,210.0,210.0,210.0,210.0,213.0,161.0,8.556955093099671e-06,0.017319277108433735,12,Basic whole-image structural statistic; colored palette entries remain present.
002_20200714_123123(5),4. X-ray 검사장비 AI 데이터셋/dataset/test1/yolov3/X선이물검출기(06.23_09.22)/1호기(2020.09.22)/SN77128_20200714_NgImage/002_20200714_123123(5).bmp,1호기(2020.09.22),SN77128,20200714,352,332,1.0602409638554218,1 indexed channel with RGB palette,uint8 palette index,8,117942,BT.601 luma decoded from BMP palette; no artifact removal,50.99999999999999,213.0,194.21925554490687,30.031765876456102,111.0,124.0,210.0,210.0,210.0,210.0,213.0,162.0,1.7113910186199342e-05,0.017319277108433735,12,Basic whole-image structural statistic; colored palette entries remain present.
002_20200714_123126(4),4. X-ray 검사장비 AI 데이터셋/dataset/test1/yolov3/X선이물검출기(06.23_09.22)/1호기(2020.09.22)/SN77128_20200714_NgImage/002_20200714_123126(4).bmp,1호기(2020.09.22),SN77128,20200714,352,332,1.0602409638554218,1 indexed channel with RGB palette,uint8 palette index,8,117942,BT.601 luma decoded from BMP palette; no artifact removal,50.99999999999999,213.0,194.16998425520262,30.18120763951928,113.0,121.99999999999999,210.0,210.0,210.0,210.0,213.0,162.0,8.556955093099671e-06,0.017319277108433735,12,Basic whole-image structural statistic; colored palette entries remain present.
002_20200714_163046(2),4. X-ray 검사장비 AI 데이터셋/dataset/test1/yolov3/X선이물검출기(06.23_09.22)/1호기(2020.09.22)/SN77128_20200714_NgImage/002_20200714_163046(2).bmp,1호기(2020.09.22),SN77128,20200714,352,332,1.0602409638554218,1 indexed channel with RGB palette,uint8 palette index,8,117942,BT.601 luma decoded from BMP palette; no artifact removal,63.99999999999999,213.0,194.09157653340634,30.112047731574346,113.99999999999997,124.0,210.0,210.0,210.0,210.0,213.0,149.0,1.7113910186199342e-05,0.017319277108433735,12,Basic whole-image structural statistic; colored palette entries remain present.
002_20200714_163049(8),4. X-ray 검사장비 AI 데이터셋/dataset/test1/yolov3/X선이물검출기(06.23_09.22)/1호기(2020.09.22)/SN77128_20200714_NgImage/002_20200714_163049(8).bmp,1호기(2020.09.22),SN77128,20200714,352,332,1.0602409638554218,1 indexed channel with RGB palette,uint8 palette index,8,117942,BT.601 luma decoded from BMP palette; no artifact removal,58.99999999999999,213.0,194.00661521084336,30.38925205845272,113.0,121.99999999999999,210.0,210.0,210.0,210.0,213.0,154.0,8.556955093099671e-06,0.017319277108433735,12,Basic whole-image structural statistic; colored palette entries remain present.
002_20200714_163053(5),4. X-ray 검사장비 AI 데이터셋/dataset/test1/yolov3/X선이물검출기(06.23_09.22)/1호기(2020.09.22)/SN77128_20200714_NgImage/002_20200714_163053(5).bmp,1호기(2020.09.22),SN77128,20200714,352,332,1.0602409638554218,1 indexed channel with RGB palette,uint8 palette index,8,117942,BT.601 luma decoded from BMP palette; no artifact removal,58.99999999999999,213.0,193.98030257393208,30.663259126500922,111.0,121.0,210.0,210.0,210.0,210.0,213.0,154.0,1.7113910186199342e-05,0.017319277108433735,12,Basic whole-image structural statistic; colored palette entries remain present.
002_20200714_163056(8),4. X-ray 검사장비 AI 데이터셋/dataset/test1/yolov3/X선이물검출기(06.23_09.22)/1호기(2020.09.22)/SN77128_20200714_NgImage/002_20200714_163056(8).bmp,1호기(2020.09.22),SN77128,20200714,352,332,1.0602409638554218,1 indexed channel with RGB palette,uint8 palette index,8,117942,BT.601 luma decoded from BMP palette; no artifact removal,56.0,213.0,193.95221009036143,30.835081499010258,111.0,121.0,210.0,210.0,210.0,210.0,213.0,157.0,8.556955093099671e-06,0.017319277108433735,12,Basic whole-image structural statistic; colored palette entries remain present.
002_20200714_163100(2),4. X-ray 검사장비 AI 데이터셋/dataset/test1/yolov3/X선이물검출기(06.23_09.22)/1호기(2020.09.22)/SN77128_20200714_NgImage/002_20200714_163100(2).bmp,1호기(2020.09.22),SN77128,20200714,352,332,1.0602409638554218,1 indexed channel with RGB palette,uint8 palette index,8,117942,BT.601 luma decoded from BMP palette; no artifact removal,50.99999999999999,213.0,193.95861069277106,30.728795785775063,111.0,121.0,210.0,210.0,210.0,210.0,213.0,162.0,8.556955093099671e-06,0.017319277108433735,12,Basic whole-image structural statistic; colored palette entries remain present.
002_20200714_163103(5),4. X-ray 검사장비 AI 데이터셋/dataset/test1/yolov3/X선이물검출기(06.23_09.22)/1호기(2020.09.22)/SN77128_20200714_NgImage/002_20200714_163103(5).bmp,1호기(2020.09.22),SN77128,20200714,352,332,1.0602409638554218,1 indexed channel with RGB palette,uint8 palette index,8,117942,BT.601 luma decoded from BMP palette; no artifact removal,56.0,213.0,193.91670728368015,30.762748668068586,113.0,121.0,210.0,210.0,210.0,210.0,213.0,157.0,8.556955093099671e-06,0.017319277108433735,12,Basic whole-image structural statistic; colored palette entries remain present.
002_20200714_225756(0),4. X-ray 검사장비 AI 데이터셋/dataset/test1/yolov3/X선이물검출기(06.23_09.22)/1호기(2020.09.22)/SN77128_20200714_NgImage/002_20200714_225756(0).bmp,1호기(2020.09.22),SN77128,20200714,352,332,1.0602409638554218,1 indexed channel with RGB palette,uint8 palette index,8,117942,BT.601 luma decoded from BMP palette; no artifact removal,50.0,213.0,194.1682817634173,30.179147571963256,113.0,123.0,210.0,210.0,210.0,210.0,213.0,163.0,8.556955093099671e-06,0.017319277108433735,12,Basic whole-image structural statistic; colored palette entries remain present.
002_20200714_225759(8),4. X-ray 검사장비 AI 데이터셋/dataset/test1/yolov3/X선이물검출기(06.23_09.22)/1호기(2020.09.22)/SN77128_20200714_NgImage/002_20200714_225759(8).bmp,1호기(2020.09.22),SN77128,20200714,352,332,1.0602409638554218,1 indexed channel with RGB palette,uint8 palette index,8,117942,BT.601 luma decoded from BMP palette; no artifact removal,47.0,213.0,194.23025088992333,30.059738590324887,113.99999999999997,123.0,210.0,210.0,210.0,210.0,213.0,166.0,8.556955093099671e-06,0.017319277108433735,12,Basic whole-image structural statistic; colored palette entries remain present.
002_20200714_225803(3),4. X-ray 검사장비 AI 데이터셋/dataset/test1/yolov3/X선이물검출기(06.23_09.22)/1호기(2020.09.22)/SN77128_20200714_NgImage/002_20200714_225803(3).bmp,1호기(2020.09.22),SN77128,20200714,352,332,1.0602409638554218,1 indexed channel with RGB palette,uint8 palette index,8,117942,BT.601 luma decoded from BMP palette; no artifact removal,50.0,213.0,194.23603539156625,30.06342631153637,113.99999999999997,123.0,210.0,210.0,210.0,210.0,213.0,163.0,8.556955093099671e-06,0.017319277108433735,12,Basic whole-image structural statistic; colored palette entries remain present.
002_20200714_225807(3),4. X-ray 검사장비 AI 데이터셋/dataset/test1/yolov3/X선이물검출기(06.23_09.22)/1호기(2020.09.22)/SN77128_20200714_NgImage/002_20200714_225807(3).bmp,1호기(2020.09.22),SN77128,20200714,352,332,1.0602409638554218,1 indexed channel with RGB palette,uint8 palette index,8,117942,BT.601 luma decoded from BMP palette; no artifact removal,60.0,213.0,193.94278032584884,30.594562985059735,109.0,121.99999999999999,210.0,210.0,210.0,210.0,213.0,153.0,8.556955093099671e-06,0.017319277108433735,12,Basic whole-image structural statistic; colored palette entries remain present.
002_20200714_225810(5),4. X-ray 검사장비 AI 데이터셋/dataset/test1/yolov3/X선이물검출기(06.23_09.22)/1호기(2020.09.22)/SN77128_20200714_NgImage/002_20200714_225810(5).bmp,1호기(2020.09.22),SN77128,20200714,352,332,1.0602409638554218,1 indexed channel with RGB palette,uint8 palette index,8,117942,BT.601 luma decoded from BMP palette; no artifact removal,55.0,213.0,194.0297532174151,30.242179164711338,110.0,121.99999999999999,210.0,210.0,210.0,210.0,213.0,158.0,8.556955093099671e-06,0.017319277108433735,12,Basic whole-image structural statistic; colored palette entries remain present.
002_20200714_225817(4),4. X-ray 검사장비 AI 데이터셋/dataset/test1/yolov3/X선이물검출기(06.23_09.22)/1호기(2020.09.22)/SN77128_20200714_NgImage/002_20200714_225817(4).bmp,1호기(2020.09.22),SN77128,20200714,352,332,1.0602409638554218,1 indexed channel with RGB palette,uint8 palette index,8,117942,BT.601 luma decoded from BMP palette; no artifact removal,60.0,213.0,194.00327799835705,30.342747018591528,109.63000000000011,121.99999999999999,210.0,210.0,210.0,210.0,213.0,153.0,8.556955093099671e-06,0.017319277108433735,12,Basic whole-image structural statistic; colored palette entries remain present.
002_20200715_002443(4),4. X-ray 검사장비 AI 데이터셋/dataset/test1/yolov3/X선이물검출기(06.23_09.22)/1호기(2020.09.22)/SN77128_20200715_NgImage/002_20200715_002443(4).bmp,1호기(2020.09.22),SN77128,20200715,352,332,1.0602409638554218,1 indexed channel with RGB palette,uint8 palette index,8,117942,BT.601 luma decoded from BMP palette; no artifact removal,46.0,213.0,194.2257074890471,30.072771880558335,113.99999999999997,123.0,210.0,210.0,210.0,210.0,213.0,167.0,8.556955093099671e-06,0.017319277108433735,12,Basic whole-image structural statistic; colored palette entries remain present.
002_20200715_002447(9),4. X-ray 검사장비 AI 데이터셋/dataset/test1/yolov3/X선이물검출기(06.23_09.22)/1호기(2020.09.22)/SN77128_20200715_NgImage/002_20200715_002447(9).bmp,1호기(2020.09.22),SN77128,20200715,352,332,1.0602409638554218,1 indexed channel with RGB palette,uint8 palette index,8,117942,BT.601 luma decoded from BMP palette; no artifact removal,50.0,213.0,194.19140231380064,30.283759324425514,111.0,121.99999999999999,210.0,210.0,210.0,210.0,213.0,163.0,8.556955093099671e-06,0.017319277108433735,12,Basic whole-image structural statistic; colored palette entries remain present.
002_20200715_002456(9),4. X-ray 검사장비 AI 데이터셋/dataset/test1/yolov3/X선이물검출기(06.23_09.22)/1호기(2020.09.22)/SN77128_20200715_NgImage/002_20200715_002456(9).bmp,1호기(2020.09.22),SN77128,20200715,352,332,1.0602409638554218,1 indexed channel with RGB palette,uint8 palette index,8,117942,BT.601 luma decoded from BMP palette; no artifact removal,50.0,213.0,194.2199911007667,30.260639774569444,111.0,121.99999999999999,210.0,210.0,210.0,210.0,213.0,163.0,1.7113910186199342e-05,0.017319277108433735,12,Basic whole-image structural statistic; colored palette entries remain present.
002_20200715_002509(0),4. X-ray 검사장비 AI 데이터셋/dataset/test1/yolov3/X선이물검출기(06.23_09.22)/1호기(2020.09.22)/SN77128_20200715_NgImage/002_20200715_002509(0).bmp,1호기(2020.09.22),SN77128,20200715,352,332,1.0602409638554218,1 indexed channel with RGB palette,uint8 palette index,8,117942,BT.601 luma decoded from BMP palette; no artifact removal,55.0,213.0,194.14392011226724,29.933238878430814,113.99999999999997,121.99999999999999,210.0,210.0,210.0,210.0,213.0,158.0,8.556955093099671e-06,0.017319277108433735,12,Basic whole-image structural statistic; colored palette entries remain present.
002_20200715_002513(4),4. X-ray 검사장비 AI 데이터셋/dataset/test1/yolov3/X선이물검출기(06.23_09.22)/1호기(2020.09.22)/SN77128_20200715_NgImage/002_20200715_002513(4).bmp,1호기(2020.09.22),SN77128,20200715,352,332,1.0602409638554218,1 indexed channel with RGB palette,uint8 palette index,8,117942,BT.601 luma decoded from BMP palette; no artifact removal,50.99999999999999,213.0,194.14327799835706,29.988493685683597,113.99999999999997,121.99999999999999,210.0,210.0,210.0,210.0,213.0,162.0,8.556955093099671e-06,0.017319277108433735,12,Basic whole-image structural statistic; colored palette entries remain present.
002_20200831_163149(1),4. X-ray 검사장비 AI 데이터셋/dataset/test1/yolov3/X선이물검출기(06.23_09.22)/2호기(2020.09.22)/SN77127_20200831_NgImage/002_20200831_163149(1).bmp,2호기(2020.09.22),SN77127,20200831,316,332,0.9518072289156626,1 indexed channel with RGB palette,uint8 palette index,8,105990,BT.601 luma decoded from BMP palette; no artifact removal,35.0,213.0,183.17547430227236,43.73770533292911,77.0,98.0,163.0,207.99999999999997,210.0,210.0,213.0,178.0,9.531798078389508e-06,0.01860606984901632,12,Basic whole-image structural statistic; colored palette entries remain present.
002_20200831_163150(6),4. X-ray 검사장비 AI 데이터셋/dataset/test1/yolov3/X선이물검출기(06.23_09.22)/2호기(2020.09.22)/SN77127_20200831_NgImage/002_20200831_163150(6).bmp,2호기(2020.09.22),SN77127,20200831,316,332,0.9518072289156626,1 indexed channel with RGB palette,uint8 palette index,8,105990,BT.601 luma decoded from BMP palette; no artifact removal,31.0,213.0,183.96042702455392,44.120125552556466,76.0,99.0,180.0,210.0,210.0,210.0,213.0,182.0,9.531798078389508e-06,0.01860606984901632,12,Basic whole-image structural statistic; colored palette entries remain present.
002_20200831_203101(4),4. X-ray 검사장비 AI 데이터셋/dataset/test1/yolov3/X선이물검출기(06.23_09.22)/2호기(2020.09.22)/SN77127_20200831_NgImage/002_20200831_203101(4).bmp,2호기(2020.09.22),SN77127,20200831,316,332,0.9518072289156626,1 indexed channel with RGB palette,uint8 palette index,8,105990,BT.601 luma decoded from BMP palette; no artifact removal,26.999999999999996,213.0,184.6761319963398,43.59241526596237,77.0,100.99999999999999,179.0,210.0,210.0,210.0,213.0,186.0,9.531798078389508e-06,0.01860606984901632,12,Basic whole-image structural statistic; colored palette entries remain present.
002_20200831_203105(9),4. X-ray 검사장비 AI 데이터셋/dataset/test1/yolov3/X선이물검출기(06.23_09.22)/2호기(2020.09.22)/SN77127_20200831_NgImage/002_20200831_203105(9).bmp,2호기(2020.09.22),SN77127,20200831,316,332,0.9518072289156626,1 indexed channel with RGB palette,uint8 palette index,8,105990,BT.601 luma decoded from BMP palette; no artifact removal,26.999999999999996,213.0,184.53673898124143,43.48648629863164,77.0,101.99999999999999,174.0,210.0,210.0,210.0,213.0,186.0,9.531798078389508e-06,0.01860606984901632,12,Basic whole-image structural statistic; colored palette entries remain present.
002_20200901_003133(6),4. X-ray 검사장비 AI 데이터셋/dataset/test1/yolov3/X선이물검출기(06.23_09.22)/2호기(2020.09.22)/SN77127_20200901_NgImage/002_20200901_003133(6).bmp,2호기(2020.09.22),SN77127,20200901,316,332,0.9518072289156626,1 indexed channel with RGB palette,uint8 palette index,8,105990,BT.601 luma decoded from BMP palette; no artifact removal,35.0,213.0,185.07338874485282,43.55061728371484,77.0,101.99999999999999,177.0,210.0,210.0,210.0,213.0,178.0,1.9063596156779016e-05,0.01860606984901632,12,Basic whole-image structural statistic; colored palette entries remain present.
002_20200901_003136(6),4. X-ray 검사장비 AI 데이터셋/dataset/test1/yolov3/X선이물검출기(06.23_09.22)/2호기(2020.09.22)/SN77127_20200901_NgImage/002_20200901_003136(6).bmp,2호기(2020.09.22),SN77127,20200901,316,332,0.9518072289156626,1 indexed channel with RGB palette,uint8 palette index,8,105990,BT.601 luma decoded from BMP palette; no artifact removal,31.999999999999996,213.0,185.01497712368462,43.57246786309479,77.0,101.99999999999999,174.99999999999997,210.0,210.0,210.0,213.0,181.0,9.531798078389508e-06,0.01860606984901632,12,Basic whole-image structural statistic; colored palette entries remain present.
002_20200901_003139(6),4. X-ray 검사장비 AI 데이터셋/dataset/test1/yolov3/X선이물검출기(06.23_09.22)/2호기(2020.09.22)/SN77127_20200901_NgImage/002_20200901_003139(6).bmp,2호기(2020.09.22),SN77127,20200901,316,332,0.9518072289156626,1 indexed channel with RGB palette,uint8 palette index,8,105990,BT.601 luma decoded from BMP palette; no artifact removal,31.0,213.0,184.91354010980632,43.61922557720875,77.0,100.99999999999999,173.0,210.0,210.0,210.0,213.0,182.0,9.531798078389508e-06,0.01860606984901632,12,Basic whole-image structural statistic; colored palette entries remain present.
002_20200901_003142(6),4. X-ray 검사장비 AI 데이터셋/dataset/test1/yolov3/X선이물검출기(06.23_09.22)/2호기(2020.09.22)/SN77127_20200901_NgImage/002_20200901_003142(6).bmp,2호기(2020.09.22),SN77127,20200901,316,332,0.9518072289156626,1 indexed channel with RGB palette,uint8 palette index,8,105990,BT.601 luma decoded from BMP palette; no artifact removal,30.0,213.0,185.01127001677597,43.460755867512916,77.0,101.99999999999999,174.99999999999997,210.0,210.0,210.0,213.0,183.0,9.531798078389508e-06,0.01860606984901632,12,Basic whole-image structural statistic; colored palette entries remain present.
002_20200901_003148(6),4. X-ray 검사장비 AI 데이터셋/dataset/test1/yolov3/X선이물검출기(06.23_09.22)/2호기(2020.09.22)/SN77127_20200901_NgImage/002_20200901_003148(6).bmp,2호기(2020.09.22),SN77127,20200901,316,332,0.9518072289156626,1 indexed channel with RGB palette,uint8 palette index,8,105990,BT.601 luma decoded from BMP palette; no artifact removal,31.0,213.0,184.95767233490926,43.57810666588874,77.0,100.99999999999999,173.0,210.0,210.0,210.0,213.0,182.0,9.531798078389508e-06,0.01860606984901632,12,Basic whole-image structural statistic; colored palette entries remain present.
002_20200901_043133(6),4. X-ray 검사장비 AI 데이터셋/dataset/test1/yolov3/X선이물검출기(06.23_09.22)/2호기(2020.09.22)/SN77127_20200901_NgImage/002_20200901_043133(6).bmp,2호기(2020.09.22),SN77127,20200901,316,332,0.9518072289156626,1 indexed channel with RGB palette,uint8 palette index,8,105990,BT.601 luma decoded from BMP palette; no artifact removal,34.0,213.0,185.3062311270398,43.31412592703415,77.0,101.99999999999999,174.0,210.0,210.0,210.0,213.0,179.0,9.531798078389508e-06,0.01860606984901632,12,Basic whole-image structural statistic; colored palette entries remain present.
002_20200901_043136(6),4. X-ray 검사장비 AI 데이터셋/dataset/test1/yolov3/X선이물검출기(06.23_09.22)/2호기(2020.09.22)/SN77127_20200901_NgImage/002_20200901_043136(6).bmp,2호기(2020.09.22),SN77127,20200901,316,332,0.9518072289156626,1 indexed channel with RGB palette,uint8 palette index,8,105990,BT.601 luma decoded from BMP palette; no artifact removal,33.0,213.0,185.1561438157694,43.533453756369546,77.0,101.99999999999999,174.0,210.0,210.0,210.0,213.0,180.0,9.531798078389508e-06,0.01860606984901632,12,Basic whole-image structural statistic; colored palette entries remain present.
002_20200901_043139(6),4. X-ray 검사장비 AI 데이터셋/dataset/test1/yolov3/X선이물검출기(06.23_09.22)/2호기(2020.09.22)/SN77127_20200901_NgImage/002_20200901_043139(6).bmp,2호기(2020.09.22),SN77127,20200901,316,332,0.9518072289156626,1 indexed channel with RGB palette,uint8 palette index,8,105990,BT.601 luma decoded from BMP palette; no artifact removal,29.0,213.0,185.2370306542626,43.34167124006389,77.0,103.0,174.0,210.0,210.0,210.0,213.0,184.0,9.531798078389508e-06,0.01860606984901632,12,Basic whole-image structural statistic; colored palette entries remain present.
002_20200901_043142(6),4. X-ray 검사장비 AI 데이터셋/dataset/test1/yolov3/X선이물검출기(06.23_09.22)/2호기(2020.09.22)/SN77127_20200901_NgImage/002_20200901_043142(6).bmp,2호기(2020.09.22),SN77127,20200901,316,332,0.9518072289156626,1 indexed channel with RGB palette,uint8 palette index,8,105990,BT.601 luma decoded from BMP palette; no artifact removal,31.0,213.0,185.254464312948,43.334119557673105,77.0,101.99999999999999,174.0,210.0,210.0,210.0,213.0,182.0,9.531798078389508e-06,0.01860606984901632,12,Basic whole-image structural statistic; colored palette entries remain present.
002_20200901_043145(5),4. X-ray 검사장비 AI 데이터셋/dataset/test1/yolov3/X선이물검출기(06.23_09.22)/2호기(2020.09.22)/SN77127_20200901_NgImage/002_20200901_043145(5).bmp,2호기(2020.09.22),SN77127,20200901,316,332,0.9518072289156626,1 indexed channel with RGB palette,uint8 palette index,8,105990,BT.601 luma decoded from BMP palette; no artifact removal,35.0,213.0,185.2020680189111,43.382011127369225,77.0,103.0,173.0,210.0,210.0,210.0,213.0,178.0,9.531798078389508e-06,0.01860606984901632,12,Basic whole-image structural statistic; colored palette entries remain present.
002_20200901_043148(6),4. X-ray 검사장비 AI 데이터셋/dataset/test1/yolov3/X선이물검출기(06.23_09.22)/2호기(2020.09.22)/SN77127_20200901_NgImage/002_20200901_043148(6).bmp,2호기(2020.09.22),SN77127,20200901,316,332,0.9518072289156626,1 indexed channel with RGB palette,uint8 palette index,8,105990,BT.601 luma decoded from BMP palette; no artifact removal,31.0,213.0,185.05574538660971,43.57722121371791,76.0,100.99999999999999,172.0,210.0,210.0,210.0,213.0,182.0,9.531798078389508e-06,0.01860606984901632,12,Basic whole-image structural statistic; colored palette entries remain present.
002_20200901_083204(5),4. X-ray 검사장비 AI 데이터셋/dataset/test1/yolov3/X선이물검출기(06.23_09.22)/2호기(2020.09.22)/SN77127_20200901_NgImage/002_20200901_083204(5).bmp,2호기(2020.09.22),SN77127,20200901,316,332,0.9518072289156626,1 indexed channel with RGB palette,uint8 palette index,8,105990,BT.601 luma decoded from BMP palette; no artifact removal,37.0,213.0,185.1722708555742,42.71155084571589,80.99999999999999,105.0,163.0,210.0,210.0,210.0,213.0,176.0,9.531798078389508e-06,0.01860606984901632,12,Basic whole-image structural statistic; colored palette entries remain present.
002_20200901_083452(2),4. X-ray 검사장비 AI 데이터셋/dataset/test1/yolov3/X선이물검출기(06.23_09.22)/2호기(2020.09.22)/SN77127_20200901_NgImage/002_20200901_083452(2).bmp,2호기(2020.09.22),SN77127,20200901,316,332,0.9518072289156626,1 indexed channel with RGB palette,uint8 palette index,8,105990,BT.601 luma decoded from BMP palette; no artifact removal,35.0,213.0,185.62673745615373,42.86353896111488,79.0,100.99999999999999,173.0,210.0,210.0,210.0,213.0,178.0,1.9063596156779016e-05,0.01860606984901632,12,Basic whole-image structural statistic; colored palette entries remain present.
002_20200901_083456(7),4. X-ray 검사장비 AI 데이터셋/dataset/test1/yolov3/X선이물검출기(06.23_09.22)/2호기(2020.09.22)/SN77127_20200901_NgImage/002_20200901_083456(7).bmp,2호기(2020.09.22),SN77127,20200901,316,332,0.9518072289156626,1 indexed channel with RGB palette,uint8 palette index,8,105990,BT.601 luma decoded from BMP palette; no artifact removal,30.0,213.0,185.54120939454018,43.033962535711396,79.0,103.0,174.0,210.0,210.0,210.0,213.0,183.0,9.531798078389508e-06,0.01860606984901632,12,Basic whole-image structural statistic; colored palette entries remain present.
002_20200901_083501(2),4. X-ray 검사장비 AI 데이터셋/dataset/test1/yolov3/X선이물검출기(06.23_09.22)/2호기(2020.09.22)/SN77127_20200901_NgImage/002_20200901_083501(2).bmp,2호기(2020.09.22),SN77127,20200901,316,332,0.9518072289156626,1 indexed channel with RGB palette,uint8 palette index,8,105990,BT.601 luma decoded from BMP palette; no artifact removal,35.0,213.0,185.4796621930761,43.190841752392345,77.99999999999999,101.99999999999999,174.99999999999997,210.0,210.0,210.0,213.0,178.0,1.9063596156779016e-05,0.01860606984901632,12,Basic whole-image structural statistic; colored palette entries remain present.
002_20200901_083505(8),4. X-ray 검사장비 AI 데이터셋/dataset/test1/yolov3/X선이물검출기(06.23_09.22)/2호기(2020.09.22)/SN77127_20200901_NgImage/002_20200901_083505(8).bmp,2호기(2020.09.22),SN77127,20200901,316,332,0.9518072289156626,1 indexed channel with RGB palette,uint8 palette index,8,105990,BT.601 luma decoded from BMP palette; no artifact removal,38.99999999999999,213.0,185.54785992069543,42.20352752767949,80.99999999999999,103.99999999999999,164.0,210.0,210.0,210.0,213.0,174.0,9.531798078389508e-06,0.01860606984901632,12,Basic whole-image structural statistic; colored palette entries remain present.
002_20200901_083510(2),4. X-ray 검사장비 AI 데이터셋/dataset/test1/yolov3/X선이물검출기(06.23_09.22)/2호기(2020.09.22)/SN77127_20200901_NgImage/002_20200901_083510(2).bmp,2호기(2020.09.22),SN77127,20200901,316,332,0.9518072289156626,1 indexed channel with RGB palette,uint8 palette index,8,105990,BT.601 luma decoded from BMP palette; no artifact removal,35.0,213.0,185.21397323471098,42.78111048620663,79.0,100.99999999999999,164.0,210.0,210.0,210.0,213.0,178.0,9.531798078389508e-06,0.01860606984901632,12,Basic whole-image structural statistic; colored palette entries remain present.
002_20200901_083514(7),4. X-ray 검사장비 AI 데이터셋/dataset/test1/yolov3/X선이물검출기(06.23_09.22)/2호기(2020.09.22)/SN77127_20200901_NgImage/002_20200901_083514(7).bmp,2호기(2020.09.22),SN77127,20200901,316,332,0.9518072289156626,1 indexed channel with RGB palette,uint8 palette index,8,105990,BT.601 luma decoded from BMP palette; no artifact removal,38.99999999999999,213.0,185.29478381881958,42.58162120038059,79.0,103.0,164.0,210.0,210.0,210.0,213.0,174.0,9.531798078389508e-06,0.01860606984901632,12,Basic whole-image structural statistic; colored palette entries remain present.
002_20200901_123049(7),4. X-ray 검사장비 AI 데이터셋/dataset/test1/yolov3/X선이물검출기(06.23_09.22)/2호기(2020.09.22)/SN77127_20200901_NgImage/002_20200901_123049(7).bmp,2호기(2020.09.22),SN77127,20200901,316,332,0.9518072289156626,1 indexed channel with RGB palette,uint8 palette index,8,105990,BT.601 luma decoded from BMP palette; no artifact removal,31.0,213.0,185.4501517462254,43.7305572816645,77.0,98.0,181.99999999999997,210.0,210.0,210.0,213.0,182.0,1.9063596156779016e-05,0.01860606984901632,12,Basic whole-image structural statistic; colored palette entries remain present.
002_20200901_123052(7),4. X-ray 검사장비 AI 데이터셋/dataset/test1/yolov3/X선이물검출기(06.23_09.22)/2호기(2020.09.22)/SN77127_20200901_NgImage/002_20200901_123052(7).bmp,2호기(2020.09.22),SN77127,20200901,316,332,0.9518072289156626,1 indexed channel with RGB palette,uint8 palette index,8,105990,BT.601 luma decoded from BMP palette; no artifact removal,31.0,213.0,185.44172601799602,43.42007547942167,77.0,99.0,175.99999999999997,210.0,210.0,210.0,213.0,182.0,9.531798078389508e-06,0.01860606984901632,12,Basic whole-image structural statistic; colored palette entries remain present.
002_20200901_123100(3),4. X-ray 검사장비 AI 데이터셋/dataset/test1/yolov3/X선이물검출기(06.23_09.22)/2호기(2020.09.22)/SN77127_20200901_NgImage/002_20200901_123100(3).bmp,2호기(2020.09.22),SN77127,20200901,316,332,0.9518072289156626,1 indexed channel with RGB palette,uint8 palette index,8,105990,BT.601 luma decoded from BMP palette; no artifact removal,38.0,213.0,185.658050556657,42.217383517326944,80.99999999999999,103.99999999999999,165.0,210.0,210.0,210.0,213.0,175.0,1.9063596156779016e-05,0.01860606984901632,12,Basic whole-image structural statistic; colored palette entries remain present.
002_20200901_123104(8),4. X-ray 검사장비 AI 데이터셋/dataset/test1/yolov3/X선이물검출기(06.23_09.22)/2호기(2020.09.22)/SN77127_20200901_NgImage/002_20200901_123104(8).bmp,2호기(2020.09.22),SN77127,20200901,316,332,0.9518072289156626,1 indexed channel with RGB palette,uint8 palette index,8,105990,BT.601 luma decoded from BMP palette; no artifact removal,38.99999999999999,213.0,185.3775125819735,42.626814172089254,80.0,103.99999999999999,164.0,210.0,210.0,210.0,213.0,174.0,9.531798078389508e-06,0.01860606984901632,12,Basic whole-image structural statistic; colored palette entries remain present.
002_20200901_123109(2),4. X-ray 검사장비 AI 데이터셋/dataset/test1/yolov3/X선이물검출기(06.23_09.22)/2호기(2020.09.22)/SN77127_20200901_NgImage/002_20200901_123109(2).bmp,2호기(2020.09.22),SN77127,20200901,316,332,0.9518072289156626,1 indexed channel with RGB palette,uint8 palette index,8,105990,BT.601 luma decoded from BMP palette; no artifact removal,38.99999999999999,213.0,185.54420962330335,42.36824265688307,82.0,103.99999999999999,165.0,210.0,210.0,210.0,213.0,174.0,1.9063596156779016e-05,0.01860606984901632,12,Basic whole-image structural statistic; colored palette entries remain present.
002_20200901_191340(2),4. X-ray 검사장비 AI 데이터셋/dataset/test1/yolov3/X선이물검출기(06.23_09.22)/2호기(2020.09.22)/SN77127_20200901_NgImage/002_20200901_191340(2).bmp,2호기(2020.09.22),SN77127,20200901,316,332,0.9518072289156626,1 indexed channel with RGB palette,uint8 palette index,8,105990,BT.601 luma decoded from BMP palette; no artifact removal,31.999999999999996,213.0,185.2997495043465,43.55725019532885,77.0,100.99999999999999,174.0,210.0,210.0,210.0,213.0,181.0,9.531798078389508e-06,0.01860606984901632,12,Basic whole-image structural statistic; colored palette entries remain present.
002_20200901_191343(2),4. X-ray 검사장비 AI 데이터셋/dataset/test1/yolov3/X선이물검출기(06.23_09.22)/2호기(2020.09.22)/SN77127_20200901_NgImage/002_20200901_191343(2).bmp,2호기(2020.09.22),SN77127,20200901,316,332,0.9518072289156626,1 indexed channel with RGB palette,uint8 palette index,8,105990,BT.601 luma decoded from BMP palette; no artifact removal,38.99999999999999,213.0,185.58263420771695,42.568442039982195,80.99999999999999,103.99999999999999,168.99999999999997,210.0,210.0,210.0,213.0,174.0,9.531798078389508e-06,0.01860606984901632,12,Basic whole-image structural statistic; colored palette entries remain present.
002_20200901_191346(1),4. X-ray 검사장비 AI 데이터셋/dataset/test1/yolov3/X선이물검출기(06.23_09.22)/2호기(2020.09.22)/SN77127_20200901_NgImage/002_20200901_191346(1).bmp,2호기(2020.09.22),SN77127,20200901,316,332,0.9518072289156626,1 indexed channel with RGB palette,uint8 palette index,8,105990,BT.601 luma decoded from BMP palette; no artifact removal,31.999999999999996,213.0,185.54875857861828,42.39983378956539,80.99999999999999,103.99999999999999,165.0,210.0,210.0,210.0,213.0,181.0,9.531798078389508e-06,0.01860606984901632,12,Basic whole-image structural statistic; colored palette entries remain present.
002_20200901_191348(8),4. X-ray 검사장비 AI 데이터셋/dataset/test1/yolov3/X선이물검출기(06.23_09.22)/2호기(2020.09.22)/SN77127_20200901_NgImage/002_20200901_191348(8).bmp,2호기(2020.09.22),SN77127,20200901,316,332,0.9518072289156626,1 indexed channel with RGB palette,uint8 palette index,8,105990,BT.601 luma decoded from BMP palette; no artifact removal,34.0,213.0,185.41609501296324,43.50614475542235,77.0,99.0,175.99999999999997,210.0,210.0,210.0,213.0,179.0,1.9063596156779016e-05,0.01860606984901632,12,Basic whole-image structural statistic; colored palette entries remain present.
002_20200901_191351(5),4. X-ray 검사장비 AI 데이터셋/dataset/test1/yolov3/X선이물검출기(06.23_09.22)/2호기(2020.09.22)/SN77127_20200901_NgImage/002_20200901_191351(5).bmp,2호기(2020.09.22),SN77127,20200901,316,332,0.9518072289156626,1 indexed channel with RGB palette,uint8 palette index,8,105990,BT.601 luma decoded from BMP palette; no artifact removal,35.0,213.0,186.01639774287023,42.36738729579931,82.0,103.0,175.99999999999997,210.0,210.0,210.0,213.0,178.0,1.9063596156779016e-05,0.01860606984901632,12,Basic whole-image structural statistic; colored palette entries remain present.
002_20200904_230054(2),4. X-ray 검사장비 AI 데이터셋/dataset/test1/yolov3/X선이물검출기(06.23_09.22)/2호기(2020.09.22)/SN77127_20200904_NgImage/002_20200904_230054(2).bmp,2호기(2020.09.22),SN77127,20200904,316,332,0.9518072289156626,1 indexed channel with RGB palette,uint8 palette index,8,105990,BT.601 luma decoded from BMP palette; no artifact removal,30.0,213.0,182.05951959737686,45.274390475988504,69.0,92.0,188.75,206.0,210.0,210.0,213.0,183.0,9.531798078389508e-06,0.01860606984901632,12,Basic whole-image structural statistic; colored palette entries remain present.
002_20200904_230057(6),4. X-ray 검사장비 AI 데이터셋/dataset/test1/yolov3/X선이물검출기(06.23_09.22)/2호기(2020.09.22)/SN77127_20200904_NgImage/002_20200904_230057(6).bmp,2호기(2020.09.22),SN77127,20200904,316,332,0.9518072289156626,1 indexed channel with RGB palette,uint8 palette index,8,105990,BT.601 luma decoded from BMP palette; no artifact removal,26.999999999999996,213.0,182.5240044990087,44.78105016816571,71.0,94.0,187.0,206.0,210.0,210.0,213.0,186.0,9.531798078389508e-06,0.01860606984901632,12,Basic whole-image structural statistic; colored palette entries remain present.
002_20200904_230105(4),4. X-ray 검사장비 AI 데이터셋/dataset/test1/yolov3/X선이물검출기(06.23_09.22)/2호기(2020.09.22)/SN77127_20200904_NgImage/002_20200904_230105(4).bmp,2호기(2020.09.22),SN77127,20200904,316,332,0.9518072289156626,1 indexed channel with RGB palette,uint8 palette index,8,105990,BT.601 luma decoded from BMP palette; no artifact removal,29.0,213.0,182.06847033704437,45.22283817932443,70.0,93.0,189.0,206.0,210.0,210.0,213.0,184.0,9.531798078389508e-06,0.01860606984901632,12,Basic whole-image structural statistic; colored palette entries remain present.
002_20200905_003315(2),4. X-ray 검사장비 AI 데이터셋/dataset/test1/yolov3/X선이물검출기(06.23_09.22)/2호기(2020.09.22)/SN77127_20200905_NgImage/002_20200905_003315(2).bmp,2호기(2020.09.22),SN77127,20200905,316,332,0.9518072289156626,1 indexed channel with RGB palette,uint8 palette index,8,105990,BT.601 luma decoded from BMP palette; no artifact removal,31.0,213.0,183.3638317828275,44.08250388456278,74.0,97.0,181.0,207.99999999999997,210.0,210.0,213.0,182.0,9.531798078389508e-06,0.01860606984901632,12,Basic whole-image structural statistic; colored palette entries remain present.
002_20200905_003319(2),4. X-ray 검사장비 AI 데이터셋/dataset/test1/yolov3/X선이물검출기(06.23_09.22)/2호기(2020.09.22)/SN77127_20200905_NgImage/002_20200905_003319(2).bmp,2호기(2020.09.22),SN77127,20200905,316,332,0.9518072289156626,1 indexed channel with RGB palette,uint8 palette index,8,105990,BT.601 luma decoded from BMP palette; no artifact removal,33.0,213.0,183.4484459356413,43.53559365484038,76.24499999999999,99.0,172.0,207.99999999999997,210.0,210.0,213.0,180.0,9.531798078389508e-06,0.01860606984901632,12,Basic whole-image structural statistic; colored palette entries remain present.
002_20200905_003323(3),4. X-ray 검사장비 AI 데이터셋/dataset/test1/yolov3/X선이물검출기(06.23_09.22)/2호기(2020.09.22)/SN77127_20200905_NgImage/002_20200905_003323(3).bmp,2호기(2020.09.22),SN77127,20200905,316,332,0.9518072289156626,1 indexed channel with RGB palette,uint8 palette index,8,105990,BT.601 luma decoded from BMP palette; no artifact removal,31.0,213.0,183.3217584261095,43.438047326441996,77.0,99.0,170.0,207.99999999999997,210.0,210.0,213.0,182.0,9.531798078389508e-06,0.01860606984901632,12,Basic whole-image structural statistic; colored palette entries remain present.
002_20200905_003327(3),4. X-ray 검사장비 AI 데이터셋/dataset/test1/yolov3/X선이물검출기(06.23_09.22)/2호기(2020.09.22)/SN77127_20200905_NgImage/002_20200905_003327(3).bmp,2호기(2020.09.22),SN77127,20200905,316,332,0.9518072289156626,1 indexed channel with RGB palette,uint8 palette index,8,105990,BT.601 luma decoded from BMP palette; no artifact removal,31.999999999999996,213.0,183.44356527375325,43.36180653226109,77.0,99.0,168.99999999999997,207.99999999999997,210.0,210.0,213.0,181.0,9.531798078389508e-06,0.01860606984901632,12,Basic whole-image structural statistic; colored palette entries remain present.
002_20200905_003331(2),4. X-ray 검사장비 AI 데이터셋/dataset/test1/yolov3/X선이물검출기(06.23_09.22)/2호기(2020.09.22)/SN77127_20200905_NgImage/002_20200905_003331(2).bmp,2호기(2020.09.22),SN77127,20200905,316,332,0.9518072289156626,1 indexed channel with RGB palette,uint8 palette index,8,105990,BT.601 luma decoded from BMP palette; no artifact removal,31.999999999999996,213.0,183.35860873875248,43.656573259316936,76.0,97.0,173.0,207.99999999999997,210.0,210.0,213.0,181.0,9.531798078389508e-06,0.01860606984901632,12,Basic whole-image structural statistic; colored palette entries remain present.
002_20200905_003335(3),4. X-ray 검사장비 AI 데이터셋/dataset/test1/yolov3/X선이물검출기(06.23_09.22)/2호기(2020.09.22)/SN77127_20200905_NgImage/002_20200905_003335(3).bmp,2호기(2020.09.22),SN77127,20200905,316,332,0.9518072289156626,1 indexed channel with RGB palette,uint8 palette index,8,105990,BT.601 luma decoded from BMP palette; no artifact removal,29.0,213.0,183.44385160896752,43.47756365067584,76.0,97.0,168.99999999999997,207.99999999999997,210.0,210.0,213.0,184.0,9.531798078389508e-06,0.01860606984901632,12,Basic whole-image structural statistic; colored palette entries remain present.
002_20200905_043156(0),4. X-ray 검사장비 AI 데이터셋/dataset/test1/yolov3/X선이물검출기(06.23_09.22)/2호기(2020.09.22)/SN77127_20200905_NgImage/002_20200905_043156(0).bmp,2호기(2020.09.22),SN77127,20200905,316,332,0.9518072289156626,1 indexed channel with RGB palette,uint8 palette index,8,105990,BT.601 luma decoded from BMP palette; no artifact removal,42.0,213.0,183.3023997254842,42.63180014706412,80.0,103.0,158.0,207.99999999999997,210.0,210.0,213.0,171.0,9.531798078389508e-06,0.01860606984901632,12,Basic whole-image structural statistic; colored palette entries remain present.
002_20200905_043200(0),4. X-ray 검사장비 AI 데이터셋/dataset/test1/yolov3/X선이물검출기(06.23_09.22)/2호기(2020.09.22)/SN77127_20200905_NgImage/002_20200905_043200(0).bmp,2호기(2020.09.22),SN77127,20200905,316,332,0.9518072289156626,1 indexed channel with RGB palette,uint8 palette index,8,105990,BT.601 luma decoded from BMP palette; no artifact removal,35.0,213.0,183.45901669971022,42.620666453208926,80.99999999999999,103.99999999999999,158.0,207.99999999999997,210.0,210.0,213.0,178.0,9.531798078389508e-06,0.01860606984901632,12,Basic whole-image structural statistic; colored palette entries remain present.
002_20200905_043204(0),4. X-ray 검사장비 AI 데이터셋/dataset/test1/yolov3/X선이물검출기(06.23_09.22)/2호기(2020.09.22)/SN77127_20200905_NgImage/002_20200905_043204(0).bmp,2호기(2020.09.22),SN77127,20200905,316,332,0.9518072289156626,1 indexed channel with RGB palette,uint8 palette index,8,105990,BT.601 luma decoded from BMP palette; no artifact removal,38.0,213.0,183.34018339179502,42.62369599871074,80.99999999999999,103.0,156.99999999999997,207.99999999999997,210.0,210.0,213.0,175.0,9.531798078389508e-06,0.01860606984901632,12,Basic whole-image structural statistic; colored palette entries remain present.
002_20200905_043208(0),4. X-ray 검사장비 AI 데이터셋/dataset/test1/yolov3/X선이물검출기(06.23_09.22)/2호기(2020.09.22)/SN77127_20200905_NgImage/002_20200905_043208(0).bmp,2호기(2020.09.22),SN77127,20200905,316,332,0.9518072289156626,1 indexed channel with RGB palette,uint8 palette index,8,105990,BT.601 luma decoded from BMP palette; no artifact removal,38.99999999999999,213.0,183.44159219155102,42.6786282421363,80.99999999999999,101.99999999999999,158.0,207.99999999999997,210.0,210.0,213.0,174.0,9.531798078389508e-06,0.01860606984901632,12,Basic whole-image structural statistic; colored palette entries remain present.
002_20200905_043212(1),4. X-ray 검사장비 AI 데이터셋/dataset/test1/yolov3/X선이물검출기(06.23_09.22)/2호기(2020.09.22)/SN77127_20200905_NgImage/002_20200905_043212(1).bmp,2호기(2020.09.22),SN77127,20200905,316,332,0.9518072289156626,1 indexed channel with RGB palette,uint8 palette index,8,105990,BT.601 luma decoded from BMP palette; no artifact removal,35.0,213.0,183.31577245691628,42.66948881775398,80.0,101.99999999999999,156.99999999999997,207.99999999999997,210.0,210.0,213.0,178.0,9.531798078389508e-06,0.01860606984901632,12,Basic whole-image structural statistic; colored palette entries remain present.
002_20200905_043216(0),4. X-ray 검사장비 AI 데이터셋/dataset/test1/yolov3/X선이물검출기(06.23_09.22)/2호기(2020.09.22)/SN77127_20200905_NgImage/002_20200905_043216(0).bmp,2호기(2020.09.22),SN77127,20200905,316,332,0.9518072289156626,1 indexed channel with RGB palette,uint8 palette index,8,105990,BT.601 luma decoded from BMP palette; no artifact removal,40.0,213.0,183.46639354887907,42.62919665882343,80.0,100.99999999999999,158.0,207.99999999999997,210.0,210.0,213.0,173.0,1.9063596156779016e-05,0.01860606984901632,12,Basic whole-image structural statistic; colored palette entries remain present.
002_20200905_083407(3),4. X-ray 검사장비 AI 데이터셋/dataset/test1/yolov3/X선이물검출기(06.23_09.22)/2호기(2020.09.22)/SN77127_20200905_NgImage/002_20200905_083407(3).bmp,2호기(2020.09.22),SN77127,20200905,316,332,0.9518072289156626,1 indexed channel with RGB palette,uint8 palette index,8,105990,BT.601 luma decoded from BMP palette; no artifact removal,31.0,213.0,182.80720375171572,43.815254068475596,76.0,99.0,164.0,207.0,210.0,210.0,213.0,182.0,9.531798078389508e-06,0.01860606984901632,12,Basic whole-image structural statistic; colored palette entries remain present.
002_20200905_083410(5),4. X-ray 검사장비 AI 데이터셋/dataset/test1/yolov3/X선이물검출기(06.23_09.22)/2호기(2020.09.22)/SN77127_20200905_NgImage/002_20200905_083410(5).bmp,2호기(2020.09.22),SN77127,20200905,316,332,0.9518072289156626,1 indexed channel with RGB palette,uint8 palette index,8,105990,BT.601 luma decoded from BMP palette; no artifact removal,31.999999999999996,213.0,183.08999313710538,43.26324970267497,77.0,100.0,161.0,207.99999999999997,210.0,210.0,213.0,181.0,9.531798078389508e-06,0.01860606984901632,12,Basic whole-image structural statistic; colored palette entries remain present.
002_20200905_083413(6),4. X-ray 검사장비 AI 데이터셋/dataset/test1/yolov3/X선이물검출기(06.23_09.22)/2호기(2020.09.22)/SN77127_20200905_NgImage/002_20200905_083413(6).bmp,2호기(2020.09.22),SN77127,20200905,316,332,0.9518072289156626,1 indexed channel with RGB palette,uint8 palette index,8,105990,BT.601 luma decoded from BMP palette; no artifact removal,31.999999999999996,213.0,182.90388477962483,43.422406869828286,77.0,100.0,160.0,207.99999999999997,210.0,210.0,213.0,181.0,9.531798078389508e-06,0.01860606984901632,12,Basic whole-image structural statistic; colored palette entries remain present.
002_20200905_083416(3),4. X-ray 검사장비 AI 데이터셋/dataset/test1/yolov3/X선이물검출기(06.23_09.22)/2호기(2020.09.22)/SN77127_20200905_NgImage/002_20200905_083416(3).bmp,2호기(2020.09.22),SN77127,20200905,316,332,0.9518072289156626,1 indexed channel with RGB palette,uint8 palette index,8,105990,BT.601 luma decoded from BMP palette; no artifact removal,31.999999999999996,213.0,182.7403095928016,44.22047307500112,76.0,97.0,168.99999999999997,207.0,210.0,210.0,213.0,181.0,9.531798078389508e-06,0.01860606984901632,12,Basic whole-image structural statistic; colored palette entries remain present.
002_20200905_083419(3),4. X-ray 검사장비 AI 데이터셋/dataset/test1/yolov3/X선이물검출기(06.23_09.22)/2호기(2020.09.22)/SN77127_20200905_NgImage/002_20200905_083419(3).bmp,2호기(2020.09.22),SN77127,20200905,316,332,0.9518072289156626,1 indexed channel with RGB palette,uint8 palette index,8,105990,BT.601 luma decoded from BMP palette; no artifact removal,31.0,213.0,183.9255501753851,42.85492709128497,79.0,100.99999999999999,168.99999999999997,208.99999999999997,210.0,210.0,213.0,182.0,1.9063596156779016e-05,0.01860606984901632,12,Basic whole-image structural statistic; colored palette entries remain present.
002_20200905_083422(4),4. X-ray 검사장비 AI 데이터셋/dataset/test1/yolov3/X선이물검출기(06.23_09.22)/2호기(2020.09.22)/SN77127_20200905_NgImage/002_20200905_083422(4).bmp,2호기(2020.09.22),SN77127,20200905,316,332,0.9518072289156626,1 indexed channel with RGB palette,uint8 palette index,8,105990,BT.601 luma decoded from BMP palette; no artifact removal,26.999999999999996,213.0,183.6797350160134,43.202015890201395,77.99999999999999,99.0,168.0,207.99999999999997,210.0,210.0,213.0,186.0,9.531798078389508e-06,0.01860606984901632,12,Basic whole-image structural statistic; colored palette entries remain present.
002_20200905_123055(0),4. X-ray 검사장비 AI 데이터셋/dataset/test1/yolov3/X선이물검출기(06.23_09.22)/2호기(2020.09.22)/SN77127_20200905_NgImage/002_20200905_123055(0).bmp,2호기(2020.09.22),SN77127,20200905,316,332,0.9518072289156626,1 indexed channel with RGB palette,uint8 palette index,8,105990,BT.601 luma decoded from BMP palette; no artifact removal,31.999999999999996,213.0,182.88861445783132,43.65558845839499,77.0,98.0,159.0,207.99999999999997,210.0,210.0,213.0,181.0,9.531798078389508e-06,0.01860606984901632,12,Basic whole-image structural statistic; colored palette entries remain present.
002_20200905_123058(4),4. X-ray 검사장비 AI 데이터셋/dataset/test1/yolov3/X선이물검출기(06.23_09.22)/2호기(2020.09.22)/SN77127_20200905_NgImage/002_20200905_123058(4).bmp,2호기(2020.09.22),SN77127,20200905,316,332,0.9518072289156626,1 indexed channel with RGB palette,uint8 palette index,8,105990,BT.601 luma decoded from BMP palette; no artifact removal,35.0,213.0,183.5082003965228,42.93177770899327,77.99999999999999,101.99999999999999,158.0,208.99999999999997,210.0,210.0,213.0,178.0,9.531798078389508e-06,0.01860606984901632,12,Basic whole-image structural statistic; colored palette entries remain present.
002_20200905_123102(0),4. X-ray 검사장비 AI 데이터셋/dataset/test1/yolov3/X선이물검출기(06.23_09.22)/2호기(2020.09.22)/SN77127_20200905_NgImage/002_20200905_123102(0).bmp,2호기(2020.09.22),SN77127,20200905,316,332,0.9518072289156626,1 indexed channel with RGB palette,uint8 palette index,8,105990,BT.601 luma decoded from BMP palette; no artifact removal,35.0,213.0,183.41000419399114,43.139723459865486,77.0,100.99999999999999,158.0,208.99999999999997,210.0,210.0,213.0,178.0,9.531798078389508e-06,0.01860606984901632,12,Basic whole-image structural statistic; colored palette entries remain present.
002_20200905_123103(4),4. X-ray 검사장비 AI 데이터셋/dataset/test1/yolov3/X선이물검출기(06.23_09.22)/1호기(2020.09.22)/SN77128_20200905_NgImage/002_20200905_123103(4).bmp,1호기(2020.09.22),SN77128,20200905,316,332,0.9518072289156626,1 indexed channel with RGB palette,uint8 palette index,8,105990,BT.601 luma decoded from BMP palette; no artifact removal,43.0,213.0,193.6513302577398,29.094175650568904,113.0,137.0,179.0,210.0,210.0,210.0,213.0,170.0,9.531798078389508e-06,0.01860606984901632,12,Basic whole-image structural statistic; colored palette entries remain present.
002_20200905_123105(0),4. X-ray 검사장비 AI 데이터셋/dataset/test1/yolov3/X선이물검출기(06.23_09.22)/2호기(2020.09.22)/SN77127_20200905_NgImage/002_20200905_123105(0).bmp,2호기(2020.09.22),SN77127,20200905,316,332,0.9518072289156626,1 indexed channel with RGB palette,uint8 palette index,8,105990,BT.601 luma decoded from BMP palette; no artifact removal,31.999999999999996,213.0,183.8315094555437,43.34021179088533,77.0,100.0,172.0,208.99999999999997,210.0,210.0,213.0,181.0,9.531798078389508e-06,0.01860606984901632,12,Basic whole-image structural statistic; colored palette entries remain present.
002_20200905_123107(5),4. X-ray 검사장비 AI 데이터셋/dataset/test1/yolov3/X선이물검출기(06.23_09.22)/1호기(2020.09.22)/SN77128_20200905_NgImage/002_20200905_123107(5).bmp,1호기(2020.09.22),SN77128,20200905,316,332,0.9518072289156626,1 indexed channel with RGB palette,uint8 palette index,8,105990,BT.601 luma decoded from BMP palette; no artifact removal,50.99999999999999,213.0,193.59215647399725,29.193291599476623,113.99999999999999,138.0,179.0,210.0,210.0,210.0,213.0,162.0,9.531798078389508e-06,0.01860606984901632,12,Basic whole-image structural statistic; colored palette entries remain present.
002_20200905_123108(4),4. X-ray 검사장비 AI 데이터셋/dataset/test1/yolov3/X선이물검출기(06.23_09.22)/2호기(2020.09.22)/SN77127_20200905_NgImage/002_20200905_123108(4).bmp,2호기(2020.09.22),SN77127,20200905,316,332,0.9518072289156626,1 indexed channel with RGB palette,uint8 palette index,8,105990,BT.601 luma decoded from BMP palette; no artifact removal,31.999999999999996,213.0,183.79257244166538,43.53363391132179,76.24499999999999,99.0,171.0,208.99999999999997,210.0,210.0,213.0,181.0,9.531798078389508e-06,0.01860606984901632,12,Basic whole-image structural statistic; colored palette entries remain present.
002_20200905_123111(6),4. X-ray 검사장비 AI 데이터셋/dataset/test1/yolov3/X선이물검출기(06.23_09.22)/1호기(2020.09.22)/SN77128_20200905_NgImage/002_20200905_123111(6).bmp,1호기(2020.09.22),SN77128,20200905,316,332,0.9518072289156626,1 indexed channel with RGB palette,uint8 palette index,8,105990,BT.601 luma decoded from BMP palette; no artifact removal,50.99999999999999,213.0,193.66824919932895,29.105376868123095,111.0,138.0,179.0,210.0,210.0,210.0,213.0,162.0,9.531798078389508e-06,0.01860606984901632,12,Basic whole-image structural statistic; colored palette entries remain present.
002_20200905_123112(0),4. X-ray 검사장비 AI 데이터셋/dataset/test1/yolov3/X선이물검출기(06.23_09.22)/2호기(2020.09.22)/SN77127_20200905_NgImage/002_20200905_123112(0).bmp,2호기(2020.09.22),SN77127,20200905,316,332,0.9518072289156626,1 indexed channel with RGB palette,uint8 palette index,8,105990,BT.601 luma decoded from BMP palette; no artifact removal,34.0,213.0,183.6614339637029,43.681255406909,76.0,100.0,170.0,208.99999999999997,210.0,210.0,213.0,179.0,9.531798078389508e-06,0.01860606984901632,12,Basic whole-image structural statistic; colored palette entries remain present.
002_20200905_163920(4),4. X-ray 검사장비 AI 데이터셋/dataset/test1/yolov3/X선이물검출기(06.23_09.22)/1호기(2020.09.22)/SN77128_20200905_NgImage/002_20200905_163920(4).bmp,1호기(2020.09.22),SN77128,20200905,316,332,0.9518072289156626,1 indexed channel with RGB palette,uint8 palette index,8,105990,BT.601 luma decoded from BMP palette; no artifact removal,51.99999999999999,213.0,193.68021160591732,29.136365852647852,113.99999999999999,138.0,181.0,210.0,210.0,210.0,213.0,161.0,9.531798078389508e-06,0.01860606984901632,12,Basic whole-image structural statistic; colored palette entries remain present.
002_20200905_163922(9),4. X-ray 검사장비 AI 데이터셋/dataset/test1/yolov3/X선이물검출기(06.23_09.22)/2호기(2020.09.22)/SN77127_20200905_NgImage/002_20200905_163922(9).bmp,2호기(2020.09.22),SN77127,20200905,316,332,0.9518072289156626,1 indexed channel with RGB palette,uint8 palette index,8,105990,BT.601 luma decoded from BMP palette; no artifact removal,31.999999999999996,213.0,184.14988104315998,43.713110688624134,76.0,100.0,170.0,210.0,210.0,210.0,213.0,181.0,9.531798078389508e-06,0.01860606984901632,12,Basic whole-image structural statistic; colored palette entries remain present.
002_20200905_163924(2),4. X-ray 검사장비 AI 데이터셋/dataset/test1/yolov3/X선이물검출기(06.23_09.22)/1호기(2020.09.22)/SN77128_20200905_NgImage/002_20200905_163924(2).bmp,1호기(2020.09.22),SN77128,20200905,316,332,0.9518072289156626,1 indexed channel with RGB palette,uint8 palette index,8,105990,BT.601 luma decoded from BMP palette; no artifact removal,56.0,213.0,193.76819963397895,28.979328952453237,113.0,139.0,180.0,210.0,210.0,210.0,213.0,157.0,9.531798078389508e-06,0.01860606984901632,12,Basic whole-image structural statistic; colored palette entries remain present.
002_20200905_163926(4),4. X-ray 검사장비 AI 데이터셋/dataset/test1/yolov3/X선이물검출기(06.23_09.22)/2호기(2020.09.22)/SN77127_20200905_NgImage/002_20200905_163926(4).bmp,2호기(2020.09.22),SN77127,20200905,316,332,0.9518072289156626,1 indexed channel with RGB palette,uint8 palette index,8,105990,BT.601 luma decoded from BMP palette; no artifact removal,31.999999999999996,213.0,183.80417263992678,43.97656944574053,76.0,99.0,168.99999999999997,210.0,210.0,210.0,213.0,181.0,9.531798078389508e-06,0.01860606984901632,12,Basic whole-image structural statistic; colored palette entries remain present.
002_20200905_163928(3),4. X-ray 검사장비 AI 데이터셋/dataset/test1/yolov3/X선이물검출기(06.23_09.22)/1호기(2020.09.22)/SN77128_20200905_NgImage/002_20200905_163928(3).bmp,1호기(2020.09.22),SN77128,20200905,316,332,0.9518072289156626,1 indexed channel with RGB palette,uint8 palette index,8,105990,BT.601 luma decoded from BMP palette; no artifact removal,50.0,213.0,193.74518987341773,29.013143175002327,113.99999999999999,139.0,180.0,210.0,210.0,210.0,213.0,163.0,9.531798078389508e-06,0.01860606984901632,12,Basic whole-image structural statistic; colored palette entries remain present.
002_20200905_163929(7),4. X-ray 검사장비 AI 데이터셋/dataset/test1/yolov3/X선이물검출기(06.23_09.22)/2호기(2020.09.22)/SN77127_20200905_NgImage/002_20200905_163929(7).bmp,2호기(2020.09.22),SN77127,20200905,316,332,0.9518072289156626,1 indexed channel with RGB palette,uint8 palette index,8,105990,BT.601 luma decoded from BMP palette; no artifact removal,38.0,213.0,183.68381424431905,44.131252673662345,76.0,99.0,170.0,210.0,210.0,210.0,213.0,175.0,9.531798078389508e-06,0.01860606984901632,12,Basic whole-image structural statistic; colored palette entries remain present.
002_20200905_163932(3),4. X-ray 검사장비 AI 데이터셋/dataset/test1/yolov3/X선이물검출기(06.23_09.22)/1호기(2020.09.22)/SN77128_20200905_NgImage/002_20200905_163932(3).bmp,1호기(2020.09.22),SN77128,20200905,316,332,0.9518072289156626,1 indexed channel with RGB palette,uint8 palette index,8,105990,BT.601 luma decoded from BMP palette; no artifact removal,56.0,213.0,193.8233502363886,28.194575136390643,114.99999999999999,141.0,175.99999999999997,210.0,210.0,210.0,213.0,157.0,9.531798078389508e-06,0.01860606984901632,12,Basic whole-image structural statistic; colored palette entries remain present.
002_20200905_163932(9),4. X-ray 검사장비 AI 데이터셋/dataset/test1/yolov3/X선이물검출기(06.23_09.22)/2호기(2020.09.22)/SN77127_20200905_NgImage/002_20200905_163932(9).bmp,2호기(2020.09.22),SN77127,20200905,316,332,0.9518072289156626,1 indexed channel with RGB palette,uint8 palette index,8,105990,BT.601 luma decoded from BMP palette; no artifact removal,38.0,213.0,183.85529129174927,43.031811262830665,77.99999999999999,103.0,158.0,210.0,210.0,210.0,213.0,175.0,9.531798078389508e-06,0.01860606984901632,12,Basic whole-image structural statistic; colored palette entries remain present.
002_20200905_163936(2),4. X-ray 검사장비 AI 데이터셋/dataset/test1/yolov3/X선이물검출기(06.23_09.22)/2호기(2020.09.22)/SN77127_20200905_NgImage/002_20200905_163936(2).bmp,2호기(2020.09.22),SN77127,20200905,316,332,0.9518072289156626,1 indexed channel with RGB palette,uint8 palette index,8,105990,BT.601 luma decoded from BMP palette; no artifact removal,38.0,213.0,183.84481622693303,43.24474059955949,77.0,100.99999999999999,159.0,210.0,210.0,210.0,213.0,175.0,9.531798078389508e-06,0.01860606984901632,12,Basic whole-image structural statistic; colored palette entries remain present.
002_20200905_163936(3),4. X-ray 검사장비 AI 데이터셋/dataset/test1/yolov3/X선이물검출기(06.23_09.22)/1호기(2020.09.22)/SN77128_20200905_NgImage/002_20200905_163936(3).bmp,1호기(2020.09.22),SN77128,20200905,316,332,0.9518072289156626,1 indexed channel with RGB palette,uint8 palette index,8,105990,BT.601 luma decoded from BMP palette; no artifact removal,65.0,213.0,193.7534444105536,28.330248048015743,116.0,140.0,177.0,210.0,210.0,210.0,213.0,148.0,9.531798078389508e-06,0.01860606984901632,12,Basic whole-image structural statistic; colored palette entries remain present.
002_20200905_163939(7),4. X-ray 검사장비 AI 데이터셋/dataset/test1/yolov3/X선이물검출기(06.23_09.22)/2호기(2020.09.22)/SN77127_20200905_NgImage/002_20200905_163939(7).bmp,2호기(2020.09.22),SN77127,20200905,316,332,0.9518072289156626,1 indexed channel with RGB palette,uint8 palette index,8,105990,BT.601 luma decoded from BMP palette; no artifact removal,33.0,213.0,183.41075720603934,43.716991266192835,77.0,98.0,161.99999999999997,208.99999999999997,210.0,210.0,213.0,180.0,9.531798078389508e-06,0.01860606984901632,12,Basic whole-image structural statistic; colored palette entries remain present.
002_20200905_163940(2),4. X-ray 검사장비 AI 데이터셋/dataset/test1/yolov3/X선이물검출기(06.23_09.22)/1호기(2020.09.22)/SN77128_20200905_NgImage/002_20200905_163940(2).bmp,1호기(2020.09.22),SN77128,20200905,316,332,0.9518072289156626,1 indexed channel with RGB palette,uint8 palette index,8,105990,BT.601 luma decoded from BMP palette; no artifact removal,63.99999999999999,213.0,193.7643487875553,28.324190176467724,117.99999999999999,140.0,177.0,210.0,210.0,210.0,213.0,149.0,9.531798078389508e-06,0.01860606984901632,12,Basic whole-image structural statistic; colored palette entries remain present.
002_20200905_203836(3),4. X-ray 검사장비 AI 데이터셋/dataset/test1/yolov3/X선이물검출기(06.23_09.22)/1호기(2020.09.22)/SN77128_20200905_NgImage/002_20200905_203836(3).bmp,1호기(2020.09.22),SN77128,20200905,316,332,0.9518072289156626,1 indexed channel with RGB palette,uint8 palette index,8,105990,BT.601 luma decoded from BMP palette; no artifact removal,63.99999999999999,213.0,193.84464465456765,28.11502846165881,114.99999999999999,141.0,177.0,210.0,210.0,210.0,213.0,149.0,9.531798078389508e-06,0.01860606984901632,12,Basic whole-image structural statistic; colored palette entries remain present.
002_20200905_203840(3),4. X-ray 검사장비 AI 데이터셋/dataset/test1/yolov3/X선이물검출기(06.23_09.22)/1호기(2020.09.22)/SN77128_20200905_NgImage/002_20200905_203840(3).bmp,1호기(2020.09.22),SN77128,20200905,316,332,0.9518072289156626,1 indexed channel with RGB palette,uint8 palette index,8,105990,BT.601 luma decoded from BMP palette; no artifact removal,55.0,213.0,193.76591200244013,28.29001682318727,117.0,140.0,177.0,210.0,210.0,210.0,213.0,158.0,9.531798078389508e-06,0.01860606984901632,12,Basic whole-image structural statistic; colored palette entries remain present.
002_20200905_203844(2),4. X-ray 검사장비 AI 데이터셋/dataset/test1/yolov3/X선이물검출기(06.23_09.22)/1호기(2020.09.22)/SN77128_20200905_NgImage/002_20200905_203844(2).bmp,1호기(2020.09.22),SN77128,20200905,316,332,0.9518072289156626,1 indexed channel with RGB palette,uint8 palette index,8,105990,BT.601 luma decoded from BMP palette; no artifact removal,56.0,213.0,193.75531264297697,28.562491428412752,113.99999999999999,139.0,178.0,210.0,210.0,210.0,213.0,157.0,9.531798078389508e-06,0.01860606984901632,12,Basic whole-image structural statistic; colored palette entries remain present.
002_20200905_203848(4),4. X-ray 검사장비 AI 데이터셋/dataset/test1/yolov3/X선이물검출기(06.23_09.22)/1호기(2020.09.22)/SN77128_20200905_NgImage/002_20200905_203848(4).bmp,1호기(2020.09.22),SN77128,20200905,316,332,0.9518072289156626,1 indexed channel with RGB palette,uint8 palette index,8,105990,BT.601 luma decoded from BMP palette; no artifact removal,65.0,213.0,193.6496621930761,28.763552379196103,114.99999999999999,138.0,178.0,210.0,210.0,210.0,213.0,148.0,9.531798078389508e-06,0.01860606984901632,12,Basic whole-image structural statistic; colored palette entries remain present.
002_20200905_203856(3),4. X-ray 검사장비 AI 데이터셋/dataset/test1/yolov3/X선이물검출기(06.23_09.22)/1호기(2020.09.22)/SN77128_20200905_NgImage/002_20200905_203856(3).bmp,1호기(2020.09.22),SN77128,20200905,316,332,0.9518072289156626,1 indexed channel with RGB palette,uint8 palette index,8,105990,BT.601 luma decoded from BMP palette; no artifact removal,60.0,213.0,193.64636419094097,29.07252724616885,113.0,136.0,179.0,210.0,210.0,210.0,213.0,153.0,9.531798078389508e-06,0.01860606984901632,12,Basic whole-image structural statistic; colored palette entries remain present.
002_20200905_203900(3),4. X-ray 검사장비 AI 데이터셋/dataset/test1/yolov3/X선이물검출기(06.23_09.22)/1호기(2020.09.22)/SN77128_20200905_NgImage/002_20200905_203900(3).bmp,1호기(2020.09.22),SN77128,20200905,316,332,0.9518072289156626,1 indexed channel with RGB palette,uint8 palette index,8,105990,BT.601 luma decoded from BMP palette; no artifact removal,63.0,213.0,193.68004956535,28.867233521302072,113.99999999999999,136.0,179.0,210.0,210.0,210.0,213.0,150.0,9.531798078389508e-06,0.01860606984901632,12,Basic whole-image structural statistic; colored palette entries remain present.
002_20200905_204033(3),4. X-ray 검사장비 AI 데이터셋/dataset/test1/yolov3/X선이물검출기(06.23_09.22)/2호기(2020.09.22)/SN77127_20200905_NgImage/002_20200905_204033(3).bmp,2호기(2020.09.22),SN77127,20200905,316,332,0.9518072289156626,1 indexed channel with RGB palette,uint8 palette index,8,105990,BT.601 luma decoded from BMP palette; no artifact removal,38.0,213.0,184.37504155863962,43.23587998950738,77.0,99.0,167.0,210.0,210.0,210.0,213.0,175.0,9.531798078389508e-06,0.01860606984901632,12,Basic whole-image structural statistic; colored palette entries remain present.
002_20200905_204039(5),4. X-ray 검사장비 AI 데이터셋/dataset/test1/yolov3/X선이물검출기(06.23_09.22)/2호기(2020.09.22)/SN77127_20200905_NgImage/002_20200905_204039(5).bmp,2호기(2020.09.22),SN77127,20200905,316,332,0.9518072289156626,1 indexed channel with RGB palette,uint8 palette index,8,105990,BT.601 luma decoded from BMP palette; no artifact removal,37.0,213.0,184.87873989629404,42.278488844270086,79.0,101.99999999999999,163.0,210.0,210.0,210.0,213.0,176.0,9.531798078389508e-06,0.01860606984901632,12,Basic whole-image structural statistic; colored palette entries remain present.
002_20200905_204042(9),4. X-ray 검사장비 AI 데이터셋/dataset/test1/yolov3/X선이물검출기(06.23_09.22)/2호기(2020.09.22)/SN77127_20200905_NgImage/002_20200905_204042(9).bmp,2호기(2020.09.22),SN77127,20200905,316,332,0.9518072289156626,1 indexed channel with RGB palette,uint8 palette index,8,105990,BT.601 luma decoded from BMP palette; no artifact removal,36.0,213.0,184.17839103248437,43.20233306420902,76.24499999999999,100.0,163.0,210.0,210.0,210.0,213.0,177.0,9.531798078389508e-06,0.01860606984901632,12,Basic whole-image structural statistic; colored palette entries remain present.
002_20200905_204046(0),4. X-ray 검사장비 AI 데이터셋/dataset/test1/yolov3/X선이물검출기(06.23_09.22)/2호기(2020.09.22)/SN77127_20200905_NgImage/002_20200905_204046(0).bmp,2호기(2020.09.22),SN77127,20200905,316,332,0.9518072289156626,1 indexed channel with RGB palette,uint8 palette index,8,105990,BT.601 luma decoded from BMP palette; no artifact removal,34.0,213.0,184.3520695439988,42.87075140207333,79.0,101.99999999999999,161.99999999999997,210.0,210.0,210.0,213.0,179.0,9.531798078389508e-06,0.01860606984901632,12,Basic whole-image structural statistic; colored palette entries remain present.
002_20200905_204049(1),4. X-ray 검사장비 AI 데이터셋/dataset/test1/yolov3/X선이물검출기(06.23_09.22)/2호기(2020.09.22)/SN77127_20200905_NgImage/002_20200905_204049(1).bmp,2호기(2020.09.22),SN77127,20200905,316,332,0.9518072289156626,1 indexed channel with RGB palette,uint8 palette index,8,105990,BT.601 luma decoded from BMP palette; no artifact removal,35.0,213.0,183.9880120481928,43.60904612030494,76.0,99.0,165.0,210.0,210.0,210.0,213.0,178.0,9.531798078389508e-06,0.01860606984901632,12,Basic whole-image structural statistic; colored palette entries remain present.
002_20200905_204052(3),4. X-ray 검사장비 AI 데이터셋/dataset/test1/yolov3/X선이물검출기(06.23_09.22)/2호기(2020.09.22)/SN77127_20200905_NgImage/002_20200905_204052(3).bmp,2호기(2020.09.22),SN77127,20200905,316,332,0.9518072289156626,1 indexed channel with RGB palette,uint8 palette index,8,105990,BT.601 luma decoded from BMP palette; no artifact removal,38.99999999999999,213.0,184.3626120939454,42.951114908896635,77.99999999999999,100.0,164.0,210.0,210.0,210.0,213.0,174.0,1.9063596156779016e-05,0.01860606984901632,12,Basic whole-image structural statistic; colored palette entries remain present.
002_20200906_003059(0),4. X-ray 검사장비 AI 데이터셋/dataset/test1/yolov3/X선이물검출기(06.23_09.22)/1호기(2020.09.22)/SN77128_20200906_NgImage/002_20200906_003059(0).bmp,1호기(2020.09.22),SN77128,20200906,316,332,0.9518072289156626,1 indexed channel with RGB palette,uint8 palette index,8,105990,BT.601 luma decoded from BMP palette; no artifact removal,60.0,213.0,193.89902356260484,27.86265273459485,120.0,142.0,175.99999999999997,210.0,210.0,210.0,213.0,153.0,9.531798078389508e-06,0.01860606984901632,12,Basic whole-image structural statistic; colored palette entries remain present.
002_20200906_003114(0),4. X-ray 검사장비 AI 데이터셋/dataset/test1/yolov3/X선이물검출기(06.23_09.22)/2호기(2020.09.22)/SN77127_20200906_NgImage/002_20200906_003114(0).bmp,2호기(2020.09.22),SN77127,20200906,316,332,0.9518072289156626,1 indexed channel with RGB palette,uint8 palette index,8,105990,BT.601 luma decoded from BMP palette; no artifact removal,35.0,213.0,184.62241040109808,42.97625346804652,80.0,101.99999999999999,161.0,210.0,210.0,210.0,213.0,178.0,9.531798078389508e-06,0.01860606984901632,12,Basic whole-image structural statistic; colored palette entries remain present.
002_20200906_003114(8),4. X-ray 검사장비 AI 데이터셋/dataset/test1/yolov3/X선이물검출기(06.23_09.22)/1호기(2020.09.22)/SN77128_20200906_NgImage/002_20200906_003114(8).bmp,1호기(2020.09.22),SN77128,20200906,316,332,0.9518072289156626,1 indexed channel with RGB palette,uint8 palette index,8,105990,BT.601 luma decoded from BMP palette; no artifact removal,58.99999999999999,213.0,193.8708090590209,27.93966417907699,120.0,142.0,175.99999999999997,210.0,210.0,210.0,213.0,154.0,9.531798078389508e-06,0.01860606984901632,12,Basic whole-image structural statistic; colored palette entries remain present.
002_20200906_003117(3),4. X-ray 검사장비 AI 데이터셋/dataset/test1/yolov3/X선이물검출기(06.23_09.22)/2호기(2020.09.22)/SN77127_20200906_NgImage/002_20200906_003117(3).bmp,2호기(2020.09.22),SN77127,20200906,316,332,0.9518072289156626,1 indexed channel with RGB palette,uint8 palette index,8,105990,BT.601 luma decoded from BMP palette; no artifact removal,38.0,213.0,184.86747331096538,42.78187232891792,80.99999999999999,103.0,164.0,210.0,210.0,210.0,213.0,175.0,9.531798078389508e-06,0.01860606984901632,12,Basic whole-image structural statistic; colored palette entries remain present.
002_20200906_003118(7),4. X-ray 검사장비 AI 데이터셋/dataset/test1/yolov3/X선이물검출기(06.23_09.22)/1호기(2020.09.22)/SN77128_20200906_NgImage/002_20200906_003118(7).bmp,1호기(2020.09.22),SN77128,20200906,316,332,0.9518072289156626,1 indexed channel with RGB palette,uint8 palette index,8,105990,BT.601 luma decoded from BMP palette; no artifact removal,60.99999999999999,213.0,193.8338070001525,28.053838649796756,117.99999999999999,142.0,175.99999999999997,210.0,210.0,210.0,213.0,152.0,9.531798078389508e-06,0.01860606984901632,12,Basic whole-image structural statistic; colored palette entries remain present.
002_20200906_003120(8),4. X-ray 검사장비 AI 데이터셋/dataset/test1/yolov3/X선이물검출기(06.23_09.22)/2호기(2020.09.22)/SN77127_20200906_NgImage/002_20200906_003120(8).bmp,2호기(2020.09.22),SN77127,20200906,316,332,0.9518072289156626,1 indexed channel with RGB palette,uint8 palette index,8,105990,BT.601 luma decoded from BMP palette; no artifact removal,31.999999999999996,213.0,184.919583269788,42.48069562577867,80.99999999999999,103.0,160.0,210.0,210.0,210.0,213.0,181.0,9.531798078389508e-06,0.01860606984901632,12,Basic whole-image structural statistic; colored palette entries remain present.
002_20200906_003122(7),4. X-ray 검사장비 AI 데이터셋/dataset/test1/yolov3/X선이물검출기(06.23_09.22)/1호기(2020.09.22)/SN77128_20200906_NgImage/002_20200906_003122(7).bmp,1호기(2020.09.22),SN77128,20200906,316,332,0.9518072289156626,1 indexed channel with RGB palette,uint8 palette index,8,105990,BT.601 luma decoded from BMP palette; no artifact removal,56.0,213.0,193.7918670886076,28.17113432052955,117.99999999999999,141.0,177.0,210.0,210.0,210.0,213.0,157.0,9.531798078389508e-06,0.01860606984901632,12,Basic whole-image structural statistic; colored palette entries remain present.
002_20200906_003124(0),4. X-ray 검사장비 AI 데이터셋/dataset/test1/yolov3/X선이물검출기(06.23_09.22)/2호기(2020.09.22)/SN77127_20200906_NgImage/002_20200906_003124(0).bmp,2호기(2020.09.22),SN77127,20200906,316,332,0.9518072289156626,1 indexed channel with RGB palette,uint8 palette index,8,105990,BT.601 luma decoded from BMP palette; no artifact removal,37.0,213.0,184.65111064511208,42.94982661169208,79.0,101.99999999999999,161.99999999999997,210.0,210.0,210.0,213.0,176.0,9.531798078389508e-06,0.01860606984901632,12,Basic whole-image structural statistic; colored palette entries remain present.
002_20200906_003126(8),4. X-ray 검사장비 AI 데이터셋/dataset/test1/yolov3/X선이물검출기(06.23_09.22)/1호기(2020.09.22)/SN77128_20200906_NgImage/002_20200906_003126(8).bmp,1호기(2020.09.22),SN77128,20200906,316,332,0.9518072289156626,1 indexed channel with RGB palette,uint8 palette index,8,105990,BT.601 luma decoded from BMP palette; no artifact removal,58.99999999999999,213.0,193.80626963550404,28.160180067154442,117.99999999999999,141.0,177.0,210.0,210.0,210.0,213.0,154.0,9.531798078389508e-06,0.01860606984901632,12,Basic whole-image structural statistic; colored palette entries remain present.
002_20200906_003127(3),4. X-ray 검사장비 AI 데이터셋/dataset/test1/yolov3/X선이물검출기(06.23_09.22)/2호기(2020.09.22)/SN77127_20200906_NgImage/002_20200906_003127(3).bmp,2호기(2020.09.22),SN77127,20200906,316,332,0.9518072289156626,1 indexed channel with RGB palette,uint8 palette index,8,105990,BT.601 luma decoded from BMP palette; no artifact removal,33.0,213.0,184.7589915357633,42.73010563894992,80.99999999999999,103.0,161.99999999999997,210.0,210.0,210.0,213.0,180.0,9.531798078389508e-06,0.01860606984901632,12,Basic whole-image structural statistic; colored palette entries remain present.
002_20200906_003130(7),4. X-ray 검사장비 AI 데이터셋/dataset/test1/yolov3/X선이물검출기(06.23_09.22)/2호기(2020.09.22)/SN77127_20200906_NgImage/002_20200906_003130(7).bmp,2호기(2020.09.22),SN77127,20200906,316,332,0.9518072289156626,1 indexed channel with RGB palette,uint8 palette index,8,105990,BT.601 luma decoded from BMP palette; no artifact removal,31.999999999999996,213.0,184.66908761628795,43.021707316689685,77.99999999999999,101.99999999999999,161.99999999999997,210.0,210.0,210.0,213.0,181.0,9.531798078389508e-06,0.01860606984901632,12,Basic whole-image structural statistic; colored palette entries remain present.
002_20200906_003132(7),4. X-ray 검사장비 AI 데이터셋/dataset/test1/yolov3/X선이물검출기(06.23_09.22)/1호기(2020.09.22)/SN77128_20200906_NgImage/002_20200906_003132(7).bmp,1호기(2020.09.22),SN77128,20200906,316,332,0.9518072289156626,1 indexed channel with RGB palette,uint8 palette index,8,105990,BT.601 luma decoded from BMP palette; no artifact removal,65.0,213.0,193.8007221290224,28.06163430067711,117.99999999999999,141.0,177.0,210.0,210.0,210.0,213.0,148.0,9.531798078389508e-06,0.01860606984901632,12,Basic whole-image structural statistic; colored palette entries remain present.
002_20200907_184813(1),4. X-ray 검사장비 AI 데이터셋/dataset/test1/yolov3/X선이물검출기(06.23_09.22)/1호기(2020.09.22)/SN77128_20200907_NgImage/002_20200907_184813(1).bmp,1호기(2020.09.22),SN77128,20200907,316,332,0.9518072289156626,1 indexed channel with RGB palette,uint8 palette index,8,105990,BT.601 luma decoded from BMP palette; no artifact removal,60.99999999999999,213.0,193.29486960500228,28.492690271436246,114.99999999999999,140.0,174.0,210.0,210.0,210.0,213.0,152.0,9.531798078389508e-06,0.01860606984901632,12,Basic whole-image structural statistic; colored palette entries remain present.
002_20200907_184815(7),4. X-ray 검사장비 AI 데이터셋/dataset/test1/yolov3/X선이물검출기(06.23_09.22)/1호기(2020.09.22)/SN77128_20200907_NgImage/002_20200907_184815(7).bmp,1호기(2020.09.22),SN77128,20200907,316,332,0.9518072289156626,1 indexed channel with RGB palette,uint8 palette index,8,105990,BT.601 luma decoded from BMP palette; no artifact removal,63.0,213.0,193.32296896446545,28.498245095560552,114.99999999999999,141.0,173.0,210.0,210.0,210.0,213.0,150.0,9.531798078389508e-06,0.01860606984901632,12,Basic whole-image structural statistic; colored palette entries remain present.
002_20200907_184818(2),4. X-ray 검사장비 AI 데이터셋/dataset/test1/yolov3/X선이물검출기(06.23_09.22)/1호기(2020.09.22)/SN77128_20200907_NgImage/002_20200907_184818(2).bmp,1호기(2020.09.22),SN77128,20200907,316,332,0.9518072289156626,1 indexed channel with RGB palette,uint8 palette index,8,105990,BT.601 luma decoded from BMP palette; no artifact removal,58.99999999999999,213.0,193.2462955619948,28.810731871392278,113.99999999999999,140.0,174.99999999999997,210.0,210.0,210.0,213.0,154.0,9.531798078389508e-06,0.01860606984901632,12,Basic whole-image structural statistic; colored palette entries remain present.
002_20200907_184823(7),4. X-ray 검사장비 AI 데이터셋/dataset/test1/yolov3/X선이물검출기(06.23_09.22)/1호기(2020.09.22)/SN77128_20200907_NgImage/002_20200907_184823(7).bmp,1호기(2020.09.22),SN77128,20200907,316,332,0.9518072289156626,1 indexed channel with RGB palette,uint8 palette index,8,105990,BT.601 luma decoded from BMP palette; no artifact removal,60.0,213.0,193.24924088760102,28.90932773097419,113.0,139.0,174.99999999999997,210.0,210.0,210.0,213.0,153.0,9.531798078389508e-06,0.01860606984901632,12,Basic whole-image structural statistic; colored palette entries remain present.
002_20200907_184826(3),4. X-ray 검사장비 AI 데이터셋/dataset/test1/yolov3/X선이물검출기(06.23_09.22)/1호기(2020.09.22)/SN77128_20200907_NgImage/002_20200907_184826(3).bmp,1호기(2020.09.22),SN77128,20200907,316,332,0.9518072289156626,1 indexed channel with RGB palette,uint8 palette index,8,105990,BT.601 luma decoded from BMP palette; no artifact removal,56.0,213.0,193.18012581973463,29.077927124518474,111.0,138.0,174.99999999999997,210.0,210.0,210.0,213.0,157.0,9.531798078389508e-06,0.01860606984901632,12,Basic whole-image structural statistic; colored palette entries remain present.
002_20200907_184828(8),4. X-ray 검사장비 AI 데이터셋/dataset/test1/yolov3/X선이물검출기(06.23_09.22)/1호기(2020.09.22)/SN77128_20200907_NgImage/002_20200907_184828(8).bmp,1호기(2020.09.22),SN77128,20200907,316,332,0.9518072289156626,1 indexed channel with RGB palette,uint8 palette index,8,105990,BT.601 luma decoded from BMP palette; no artifact removal,56.0,213.0,193.20258273600732,29.01653228012831,113.0,138.0,174.99999999999997,210.0,210.0,210.0,213.0,157.0,9.531798078389508e-06,0.01860606984901632,12,Basic whole-image structural statistic; colored palette entries remain present.
002_20200907_204635(5),4. X-ray 검사장비 AI 데이터셋/dataset/test1/yolov3/X선이물검출기(06.23_09.22)/1호기(2020.09.22)/SN77128_20200907_NgImage/002_20200907_204635(5).bmp,1호기(2020.09.22),SN77128,20200907,316,332,0.9518072289156626,1 indexed channel with RGB palette,uint8 palette index,8,105990,BT.601 luma decoded from BMP palette; no artifact removal,50.99999999999999,213.0,193.17782865639774,29.03200241412015,113.99999999999999,138.0,175.99999999999997,210.0,210.0,210.0,213.0,162.0,9.531798078389508e-06,0.01860606984901632,12,Basic whole-image structural statistic; colored palette entries remain present.
002_20200907_204640(0),4. X-ray 검사장비 AI 데이터셋/dataset/test1/yolov3/X선이물검출기(06.23_09.22)/1호기(2020.09.22)/SN77128_20200907_NgImage/002_20200907_204640(0).bmp,1호기(2020.09.22),SN77128,20200907,316,332,0.9518072289156626,1 indexed channel with RGB palette,uint8 palette index,8,105990,BT.601 luma decoded from BMP palette; no artifact removal,56.0,213.0,193.3439964922983,28.557485461505205,117.0,140.0,174.0,210.0,210.0,210.0,213.0,157.0,9.531798078389508e-06,0.01860606984901632,12,Basic whole-image structural statistic; colored palette entries remain present.
002_20200907_204644(5),4. X-ray 검사장비 AI 데이터셋/dataset/test1/yolov3/X선이물검출기(06.23_09.22)/1호기(2020.09.22)/SN77128_20200907_NgImage/002_20200907_204644(5).bmp,1호기(2020.09.22),SN77128,20200907,316,332,0.9518072289156626,1 indexed channel with RGB palette,uint8 palette index,8,105990,BT.601 luma decoded from BMP palette; no artifact removal,56.0,213.0,193.2813249199329,28.708432582174606,114.99999999999999,139.0,174.0,210.0,210.0,210.0,213.0,157.0,9.531798078389508e-06,0.01860606984901632,12,Basic whole-image structural statistic; colored palette entries remain present.
002_20200907_204649(0),4. X-ray 검사장비 AI 데이터셋/dataset/test1/yolov3/X선이물검출기(06.23_09.22)/1호기(2020.09.22)/SN77128_20200907_NgImage/002_20200907_204649(0).bmp,1호기(2020.09.22),SN77128,20200907,316,332,0.9518072289156626,1 indexed channel with RGB palette,uint8 palette index,8,105990,BT.601 luma decoded from BMP palette; no artifact removal,50.0,213.0,193.312465304255,29.475035578174605,111.0,137.0,178.0,210.0,210.0,210.0,213.0,163.0,9.531798078389508e-06,0.01860606984901632,12,Basic whole-image structural statistic; colored palette entries remain present.
002_20200907_204653(4),4. X-ray 검사장비 AI 데이터셋/dataset/test1/yolov3/X선이물검출기(06.23_09.22)/1호기(2020.09.22)/SN77128_20200907_NgImage/002_20200907_204653(4).bmp,1호기(2020.09.22),SN77128,20200907,316,332,0.9518072289156626,1 indexed channel with RGB palette,uint8 palette index,8,105990,BT.601 luma decoded from BMP palette; no artifact removal,50.99999999999999,213.0,193.28465151746224,29.540416023152275,113.0,137.0,178.0,210.0,210.0,210.0,213.0,162.0,9.531798078389508e-06,0.01860606984901632,12,Basic whole-image structural statistic; colored palette entries remain present.
