stem,machine,serial_number,date,timestamp,previous_stem,time_gap_seconds,sequence_group,notes
001_20200622_203305(8),3호기(2020.09.22),SN12053,20200622,2020-06-22T20:33:05,,,3호기(2020.09.22)|SN12053|20200622|run001,"10-second adjacency is exploratory for leakage-risk screening, not a production threshold."
001_20200622_203309(1),3호기(2020.09.22),SN12053,20200622,2020-06-22T20:33:09,001_20200622_203305(8),4.0,3호기(2020.09.22)|SN12053|20200622|run001,"10-second adjacency is exploratory for leakage-risk screening, not a production threshold."
001_20200622_203312(6),3호기(2020.09.22),SN12053,20200622,2020-06-22T20:33:12,001_20200622_203309(1),3.0,3호기(2020.09.22)|SN12053|20200622|run001,"10-second adjacency is exploratory for leakage-risk screening, not a production threshold."
001_20200622_203316(0),3호기(2020.09.22),SN12053,20200622,2020-06-22T20:33:16,001_20200622_203312(6),4.0,3호기(2020.09.22)|SN12053|20200622|run001,"10-second adjacency is exploratory for leakage-risk screening, not a production threshold."
001_20200622_203319(4),3호기(2020.09.22),SN12053,20200622,2020-06-22T20:33:19,001_20200622_203316(0),3.0,3호기(2020.09.22)|SN12053|20200622|run001,"10-second adjacency is exploratory for leakage-risk screening, not a production threshold."
001_20200622_203330(3),3호기(2020.09.22),SN12053,20200622,2020-06-22T20:33:30,001_20200622_203319(4),11.0,3호기(2020.09.22)|SN12053|20200622|run002,"10-second adjacency is exploratory for leakage-risk screening, not a production threshold."
001_20200623_003516(8),3호기(2020.09.22),SN12053,20200623,2020-06-23T00:35:16,,,3호기(2020.09.22)|SN12053|20200623|run001,"10-second adjacency is exploratory for leakage-risk screening, not a production threshold."
001_20200623_003520(5),3호기(2020.09.22),SN12053,20200623,2020-06-23T00:35:20,001_20200623_003516(8),4.0,3호기(2020.09.22)|SN12053|20200623|run001,"10-second adjacency is exploratory for leakage-risk screening, not a production threshold."
001_20200623_003524(0),3호기(2020.09.22),SN12053,20200623,2020-06-23T00:35:24,001_20200623_003520(5),4.0,3호기(2020.09.22)|SN12053|20200623|run001,"10-second adjacency is exploratory for leakage-risk screening, not a production threshold."
001_20200623_003529(0),3호기(2020.09.22),SN12053,20200623,2020-06-23T00:35:29,001_20200623_003524(0),5.0,3호기(2020.09.22)|SN12053|20200623|run001,"10-second adjacency is exploratory for leakage-risk screening, not a production threshold."
001_20200623_003532(5),3호기(2020.09.22),SN12053,20200623,2020-06-23T00:35:32,001_20200623_003529(0),3.0,3호기(2020.09.22)|SN12053|20200623|run001,"10-second adjacency is exploratory for leakage-risk screening, not a production threshold."
001_20200623_003536(0),3호기(2020.09.22),SN12053,20200623,2020-06-23T00:35:36,001_20200623_003532(5),4.0,3호기(2020.09.22)|SN12053|20200623|run001,"10-second adjacency is exploratory for leakage-risk screening, not a production threshold."
001_20200623_043227(1),3호기(2020.09.22),SN12053,20200623,2020-06-23T04:32:27,001_20200623_003536(0),14211.0,3호기(2020.09.22)|SN12053|20200623|run002,"10-second adjacency is exploratory for leakage-risk screening, not a production threshold."
001_20200623_043231(6),3호기(2020.09.22),SN12053,20200623,2020-06-23T04:32:31,001_20200623_043227(1),4.0,3호기(2020.09.22)|SN12053|20200623|run002,"10-second adjacency is exploratory for leakage-risk screening, not a production threshold."
001_20200623_043236(1),3호기(2020.09.22),SN12053,20200623,2020-06-23T04:32:36,001_20200623_043231(6),5.0,3호기(2020.09.22)|SN12053|20200623|run002,"10-second adjacency is exploratory for leakage-risk screening, not a production threshold."
001_20200623_043240(6),3호기(2020.09.22),SN12053,20200623,2020-06-23T04:32:40,001_20200623_043236(1),4.0,3호기(2020.09.22)|SN12053|20200623|run002,"10-second adjacency is exploratory for leakage-risk screening, not a production threshold."
001_20200623_043245(2),3호기(2020.09.22),SN12053,20200623,2020-06-23T04:32:45,001_20200623_043240(6),5.0,3호기(2020.09.22)|SN12053|20200623|run002,"10-second adjacency is exploratory for leakage-risk screening, not a production threshold."
001_20200623_043249(6),3호기(2020.09.22),SN12053,20200623,2020-06-23T04:32:49,001_20200623_043245(2),4.0,3호기(2020.09.22)|SN12053|20200623|run002,"10-second adjacency is exploratory for leakage-risk screening, not a production threshold."
001_20200623_082407(9),3호기(2020.09.22),SN12053,20200623,2020-06-23T08:24:07,001_20200623_043249(6),13878.0,3호기(2020.09.22)|SN12053|20200623|run003,"10-second adjacency is exploratory for leakage-risk screening, not a production threshold."
001_20200623_082411(0),3호기(2020.09.22),SN12053,20200623,2020-06-23T08:24:11,001_20200623_082407(9),4.0,3호기(2020.09.22)|SN12053|20200623|run003,"10-second adjacency is exploratory for leakage-risk screening, not a production threshold."
001_20200623_082414(1),3호기(2020.09.22),SN12053,20200623,2020-06-23T08:24:14,001_20200623_082411(0),3.0,3호기(2020.09.22)|SN12053|20200623|run003,"10-second adjacency is exploratory for leakage-risk screening, not a production threshold."
001_20200623_082416(7),3호기(2020.09.22),SN12053,20200623,2020-06-23T08:24:16,001_20200623_082414(1),2.0,3호기(2020.09.22)|SN12053|20200623|run003,"10-second adjacency is exploratory for leakage-risk screening, not a production threshold."
001_20200623_082419(6),3호기(2020.09.22),SN12053,20200623,2020-06-23T08:24:19,001_20200623_082416(7),3.0,3호기(2020.09.22)|SN12053|20200623|run003,"10-second adjacency is exploratory for leakage-risk screening, not a production threshold."
001_20200623_082422(5),3호기(2020.09.22),SN12053,20200623,2020-06-23T08:24:22,001_20200623_082419(6),3.0,3호기(2020.09.22)|SN12053|20200623|run003,"10-second adjacency is exploratory for leakage-risk screening, not a production threshold."
001_20200623_123214(3),3호기(2020.09.22),SN12053,20200623,2020-06-23T12:32:14,001_20200623_082422(5),14872.0,3호기(2020.09.22)|SN12053|20200623|run004,"10-second adjacency is exploratory for leakage-risk screening, not a production threshold."
001_20200623_123223(3),3호기(2020.09.22),SN12053,20200623,2020-06-23T12:32:23,001_20200623_123214(3),9.0,3호기(2020.09.22)|SN12053|20200623|run004,"10-second adjacency is exploratory for leakage-risk screening, not a production threshold."
001_20200623_123232(3),3호기(2020.09.22),SN12053,20200623,2020-06-23T12:32:32,001_20200623_123223(3),9.0,3호기(2020.09.22)|SN12053|20200623|run004,"10-second adjacency is exploratory for leakage-risk screening, not a production threshold."
001_20200623_123236(9),3호기(2020.09.22),SN12053,20200623,2020-06-23T12:32:36,001_20200623_123232(3),4.0,3호기(2020.09.22)|SN12053|20200623|run004,"10-second adjacency is exploratory for leakage-risk screening, not a production threshold."
001_20200623_123241(3),3호기(2020.09.22),SN12053,20200623,2020-06-23T12:32:41,001_20200623_123236(9),5.0,3호기(2020.09.22)|SN12053|20200623|run004,"10-second adjacency is exploratory for leakage-risk screening, not a production threshold."
001_20200623_123245(8),3호기(2020.09.22),SN12053,20200623,2020-06-23T12:32:45,001_20200623_123241(3),4.0,3호기(2020.09.22)|SN12053|20200623|run004,"10-second adjacency is exploratory for leakage-risk screening, not a production threshold."
001_20200623_163159(5),3호기(2020.09.22),SN12053,20200623,2020-06-23T16:31:59,001_20200623_123245(8),14354.0,3호기(2020.09.22)|SN12053|20200623|run005,"10-second adjacency is exploratory for leakage-risk screening, not a production threshold."
001_20200623_163209(3),3호기(2020.09.22),SN12053,20200623,2020-06-23T16:32:09,001_20200623_163159(5),10.0,3호기(2020.09.22)|SN12053|20200623|run005,"10-second adjacency is exploratory for leakage-risk screening, not a production threshold."
001_20200623_163212(9),3호기(2020.09.22),SN12053,20200623,2020-06-23T16:32:12,001_20200623_163209(3),3.0,3호기(2020.09.22)|SN12053|20200623|run005,"10-second adjacency is exploratory for leakage-risk screening, not a production threshold."
001_20200623_163216(2),3호기(2020.09.22),SN12053,20200623,2020-06-23T16:32:16,001_20200623_163212(9),4.0,3호기(2020.09.22)|SN12053|20200623|run005,"10-second adjacency is exploratory for leakage-risk screening, not a production threshold."
001_20200623_163219(5),3호기(2020.09.22),SN12053,20200623,2020-06-23T16:32:19,001_20200623_163216(2),3.0,3호기(2020.09.22)|SN12053|20200623|run005,"10-second adjacency is exploratory for leakage-risk screening, not a production threshold."
001_20200623_163222(9),3호기(2020.09.22),SN12053,20200623,2020-06-23T16:32:22,001_20200623_163219(5),3.0,3호기(2020.09.22)|SN12053|20200623|run005,"10-second adjacency is exploratory for leakage-risk screening, not a production threshold."
001_20200623_203217(4),3호기(2020.09.22),SN12053,20200623,2020-06-23T20:32:17,001_20200623_163222(9),14395.0,3호기(2020.09.22)|SN12053|20200623|run006,"10-second adjacency is exploratory for leakage-risk screening, not a production threshold."
001_20200623_203222(0),3호기(2020.09.22),SN12053,20200623,2020-06-23T20:32:22,001_20200623_203217(4),5.0,3호기(2020.09.22)|SN12053|20200623|run006,"10-second adjacency is exploratory for leakage-risk screening, not a production threshold."
001_20200623_203226(3),3호기(2020.09.22),SN12053,20200623,2020-06-23T20:32:26,001_20200623_203222(0),4.0,3호기(2020.09.22)|SN12053|20200623|run006,"10-second adjacency is exploratory for leakage-risk screening, not a production threshold."
001_20200623_203230(9),3호기(2020.09.22),SN12053,20200623,2020-06-23T20:32:30,001_20200623_203226(3),4.0,3호기(2020.09.22)|SN12053|20200623|run006,"10-second adjacency is exploratory for leakage-risk screening, not a production threshold."
001_20200623_203235(3),3호기(2020.09.22),SN12053,20200623,2020-06-23T20:32:35,001_20200623_203230(9),5.0,3호기(2020.09.22)|SN12053|20200623|run006,"10-second adjacency is exploratory for leakage-risk screening, not a production threshold."
001_20200623_203247(5),3호기(2020.09.22),SN12053,20200623,2020-06-23T20:32:47,001_20200623_203235(3),12.0,3호기(2020.09.22)|SN12053|20200623|run007,"10-second adjacency is exploratory for leakage-risk screening, not a production threshold."
001_20200624_003240(4),3호기(2020.09.22),SN12053,20200624,2020-06-24T00:32:40,,,3호기(2020.09.22)|SN12053|20200624|run001,"10-second adjacency is exploratory for leakage-risk screening, not a production threshold."
001_20200624_003244(2),3호기(2020.09.22),SN12053,20200624,2020-06-24T00:32:44,001_20200624_003240(4),4.0,3호기(2020.09.22)|SN12053|20200624|run001,"10-second adjacency is exploratory for leakage-risk screening, not a production threshold."
001_20200624_003247(7),3호기(2020.09.22),SN12053,20200624,2020-06-24T00:32:47,001_20200624_003244(2),3.0,3호기(2020.09.22)|SN12053|20200624|run001,"10-second adjacency is exploratory for leakage-risk screening, not a production threshold."
001_20200624_003251(1),3호기(2020.09.22),SN12053,20200624,2020-06-24T00:32:51,001_20200624_003247(7),4.0,3호기(2020.09.22)|SN12053|20200624|run001,"10-second adjacency is exploratory for leakage-risk screening, not a production threshold."
001_20200624_003254(3),3호기(2020.09.22),SN12053,20200624,2020-06-24T00:32:54,001_20200624_003251(1),3.0,3호기(2020.09.22)|SN12053|20200624|run001,"10-second adjacency is exploratory for leakage-risk screening, not a production threshold."
001_20200624_003303(5),3호기(2020.09.22),SN12053,20200624,2020-06-24T00:33:03,001_20200624_003254(3),9.0,3호기(2020.09.22)|SN12053|20200624|run001,"10-second adjacency is exploratory for leakage-risk screening, not a production threshold."
001_20200624_043315(2),3호기(2020.09.22),SN12053,20200624,2020-06-24T04:33:15,001_20200624_003303(5),14412.0,3호기(2020.09.22)|SN12053|20200624|run002,"10-second adjacency is exploratory for leakage-risk screening, not a production threshold."
001_20200624_043324(2),3호기(2020.09.22),SN12053,20200624,2020-06-24T04:33:24,001_20200624_043315(2),9.0,3호기(2020.09.22)|SN12053|20200624|run002,"10-second adjacency is exploratory for leakage-risk screening, not a production threshold."
001_20200624_043328(7),3호기(2020.09.22),SN12053,20200624,2020-06-24T04:33:28,001_20200624_043324(2),4.0,3호기(2020.09.22)|SN12053|20200624|run002,"10-second adjacency is exploratory for leakage-risk screening, not a production threshold."
001_20200624_043333(2),3호기(2020.09.22),SN12053,20200624,2020-06-24T04:33:33,001_20200624_043328(7),5.0,3호기(2020.09.22)|SN12053|20200624|run002,"10-second adjacency is exploratory for leakage-risk screening, not a production threshold."
001_20200624_043337(8),3호기(2020.09.22),SN12053,20200624,2020-06-24T04:33:37,001_20200624_043333(2),4.0,3호기(2020.09.22)|SN12053|20200624|run002,"10-second adjacency is exploratory for leakage-risk screening, not a production threshold."
001_20200624_043349(7),3호기(2020.09.22),SN12053,20200624,2020-06-24T04:33:49,001_20200624_043337(8),12.0,3호기(2020.09.22)|SN12053|20200624|run003,"10-second adjacency is exploratory for leakage-risk screening, not a production threshold."
001_20200624_083150(7),3호기(2020.09.22),SN12053,20200624,2020-06-24T08:31:50,001_20200624_043349(7),14281.0,3호기(2020.09.22)|SN12053|20200624|run004,"10-second adjacency is exploratory for leakage-risk screening, not a production threshold."
001_20200624_083153(8),3호기(2020.09.22),SN12053,20200624,2020-06-24T08:31:53,001_20200624_083150(7),3.0,3호기(2020.09.22)|SN12053|20200624|run004,"10-second adjacency is exploratory for leakage-risk screening, not a production threshold."
001_20200624_083156(9),3호기(2020.09.22),SN12053,20200624,2020-06-24T08:31:56,001_20200624_083153(8),3.0,3호기(2020.09.22)|SN12053|20200624|run004,"10-second adjacency is exploratory for leakage-risk screening, not a production threshold."
001_20200624_083159(6),3호기(2020.09.22),SN12053,20200624,2020-06-24T08:31:59,001_20200624_083156(9),3.0,3호기(2020.09.22)|SN12053|20200624|run004,"10-second adjacency is exploratory for leakage-risk screening, not a production threshold."
001_20200624_083202(6),3호기(2020.09.22),SN12053,20200624,2020-06-24T08:32:02,001_20200624_083159(6),3.0,3호기(2020.09.22)|SN12053|20200624|run004,"10-second adjacency is exploratory for leakage-risk screening, not a production threshold."
001_20200624_083205(7),3호기(2020.09.22),SN12053,20200624,2020-06-24T08:32:05,001_20200624_083202(6),3.0,3호기(2020.09.22)|SN12053|20200624|run004,"10-second adjacency is exploratory for leakage-risk screening, not a production threshold."
001_20200624_123313(4),3호기(2020.09.22),SN12053,20200624,2020-06-24T12:33:13,001_20200624_083205(7),14468.0,3호기(2020.09.22)|SN12053|20200624|run005,"10-second adjacency is exploratory for leakage-risk screening, not a production threshold."
001_20200624_123317(8),3호기(2020.09.22),SN12053,20200624,2020-06-24T12:33:17,001_20200624_123313(4),4.0,3호기(2020.09.22)|SN12053|20200624|run005,"10-second adjacency is exploratory for leakage-risk screening, not a production threshold."
001_20200624_123322(3),3호기(2020.09.22),SN12053,20200624,2020-06-24T12:33:22,001_20200624_123317(8),5.0,3호기(2020.09.22)|SN12053|20200624|run005,"10-second adjacency is exploratory for leakage-risk screening, not a production threshold."
001_20200624_123326(6),3호기(2020.09.22),SN12053,20200624,2020-06-24T12:33:26,001_20200624_123322(3),4.0,3호기(2020.09.22)|SN12053|20200624|run005,"10-second adjacency is exploratory for leakage-risk screening, not a production threshold."
001_20200624_123331(2),3호기(2020.09.22),SN12053,20200624,2020-06-24T12:33:31,001_20200624_123326(6),5.0,3호기(2020.09.22)|SN12053|20200624|run005,"10-second adjacency is exploratory for leakage-risk screening, not a production threshold."
001_20200624_123335(6),3호기(2020.09.22),SN12053,20200624,2020-06-24T12:33:35,001_20200624_123331(2),4.0,3호기(2020.09.22)|SN12053|20200624|run005,"10-second adjacency is exploratory for leakage-risk screening, not a production threshold."
001_20200624_162816(3),3호기(2020.09.22),SN12053,20200624,2020-06-24T16:28:16,001_20200624_123335(6),14081.0,3호기(2020.09.22)|SN12053|20200624|run006,"10-second adjacency is exploratory for leakage-risk screening, not a production threshold."
001_20200624_162821(2),3호기(2020.09.22),SN12053,20200624,2020-06-24T16:28:21,001_20200624_162816(3),5.0,3호기(2020.09.22)|SN12053|20200624|run006,"10-second adjacency is exploratory for leakage-risk screening, not a production threshold."
001_20200624_162831(2),3호기(2020.09.22),SN12053,20200624,2020-06-24T16:28:31,001_20200624_162821(2),10.0,3호기(2020.09.22)|SN12053|20200624|run006,"10-second adjacency is exploratory for leakage-risk screening, not a production threshold."
001_20200624_162835(8),3호기(2020.09.22),SN12053,20200624,2020-06-24T16:28:35,001_20200624_162831(2),4.0,3호기(2020.09.22)|SN12053|20200624|run006,"10-second adjacency is exploratory for leakage-risk screening, not a production threshold."
001_20200624_203149(7),3호기(2020.09.22),SN12053,20200624,2020-06-24T20:31:49,001_20200624_162835(8),14594.0,3호기(2020.09.22)|SN12053|20200624|run007,"10-second adjacency is exploratory for leakage-risk screening, not a production threshold."
001_20200624_203154(3),3호기(2020.09.22),SN12053,20200624,2020-06-24T20:31:54,001_20200624_203149(7),5.0,3호기(2020.09.22)|SN12053|20200624|run007,"10-second adjacency is exploratory for leakage-risk screening, not a production threshold."
001_20200624_203203(1),3호기(2020.09.22),SN12053,20200624,2020-06-24T20:32:03,001_20200624_203154(3),9.0,3호기(2020.09.22)|SN12053|20200624|run007,"10-second adjacency is exploratory for leakage-risk screening, not a production threshold."
001_20200624_203207(8),3호기(2020.09.22),SN12053,20200624,2020-06-24T20:32:07,001_20200624_203203(1),4.0,3호기(2020.09.22)|SN12053|20200624|run007,"10-second adjacency is exploratory for leakage-risk screening, not a production threshold."
001_20200624_203212(2),3호기(2020.09.22),SN12053,20200624,2020-06-24T20:32:12,001_20200624_203207(8),5.0,3호기(2020.09.22)|SN12053|20200624|run007,"10-second adjacency is exploratory for leakage-risk screening, not a production threshold."
001_20200624_203225(8),3호기(2020.09.22),SN12053,20200624,2020-06-24T20:32:25,001_20200624_203212(2),13.0,3호기(2020.09.22)|SN12053|20200624|run008,"10-second adjacency is exploratory for leakage-risk screening, not a production threshold."
001_20200625_003507(0),3호기(2020.09.22),SN12053,20200625,2020-06-25T00:35:07,,,3호기(2020.09.22)|SN12053|20200625|run001,"10-second adjacency is exploratory for leakage-risk screening, not a production threshold."
001_20200625_003511(4),3호기(2020.09.22),SN12053,20200625,2020-06-25T00:35:11,001_20200625_003507(0),4.0,3호기(2020.09.22)|SN12053|20200625|run001,"10-second adjacency is exploratory for leakage-risk screening, not a production threshold."
001_20200625_003515(9),3호기(2020.09.22),SN12053,20200625,2020-06-25T00:35:15,001_20200625_003511(4),4.0,3호기(2020.09.22)|SN12053|20200625|run001,"10-second adjacency is exploratory for leakage-risk screening, not a production threshold."
001_20200625_003520(4),3호기(2020.09.22),SN12053,20200625,2020-06-25T00:35:20,001_20200625_003515(9),5.0,3호기(2020.09.22)|SN12053|20200625|run001,"10-second adjacency is exploratory for leakage-risk screening, not a production threshold."
001_20200625_003524(9),3호기(2020.09.22),SN12053,20200625,2020-06-25T00:35:24,001_20200625_003520(4),4.0,3호기(2020.09.22)|SN12053|20200625|run001,"10-second adjacency is exploratory for leakage-risk screening, not a production threshold."
001_20200625_003529(2),3호기(2020.09.22),SN12053,20200625,2020-06-25T00:35:29,001_20200625_003524(9),5.0,3호기(2020.09.22)|SN12053|20200625|run001,"10-second adjacency is exploratory for leakage-risk screening, not a production threshold."
001_20200625_043323(7),3호기(2020.09.22),SN12053,20200625,2020-06-25T04:33:23,001_20200625_003529(2),14274.0,3호기(2020.09.22)|SN12053|20200625|run002,"10-second adjacency is exploratory for leakage-risk screening, not a production threshold."
001_20200625_043328(3),3호기(2020.09.22),SN12053,20200625,2020-06-25T04:33:28,001_20200625_043323(7),5.0,3호기(2020.09.22)|SN12053|20200625|run002,"10-second adjacency is exploratory for leakage-risk screening, not a production threshold."
001_20200625_043337(3),3호기(2020.09.22),SN12053,20200625,2020-06-25T04:33:37,001_20200625_043328(3),9.0,3호기(2020.09.22)|SN12053|20200625|run002,"10-second adjacency is exploratory for leakage-risk screening, not a production threshold."
001_20200625_043341(7),3호기(2020.09.22),SN12053,20200625,2020-06-25T04:33:41,001_20200625_043337(3),4.0,3호기(2020.09.22)|SN12053|20200625|run002,"10-second adjacency is exploratory for leakage-risk screening, not a production threshold."
001_20200625_043346(2),3호기(2020.09.22),SN12053,20200625,2020-06-25T04:33:46,001_20200625_043341(7),5.0,3호기(2020.09.22)|SN12053|20200625|run002,"10-second adjacency is exploratory for leakage-risk screening, not a production threshold."
001_20200625_043359(8),3호기(2020.09.22),SN12053,20200625,2020-06-25T04:33:59,001_20200625_043346(2),13.0,3호기(2020.09.22)|SN12053|20200625|run003,"10-second adjacency is exploratory for leakage-risk screening, not a production threshold."
001_20200629_082825(1),3호기(2020.09.22),SN12053,20200629,2020-06-29T08:28:25,,,3호기(2020.09.22)|SN12053|20200629|run001,"10-second adjacency is exploratory for leakage-risk screening, not a production threshold."
001_20200629_082828(0),3호기(2020.09.22),SN12053,20200629,2020-06-29T08:28:28,001_20200629_082825(1),3.0,3호기(2020.09.22)|SN12053|20200629|run001,"10-second adjacency is exploratory for leakage-risk screening, not a production threshold."
001_20200629_082831(0),3호기(2020.09.22),SN12053,20200629,2020-06-29T08:28:31,001_20200629_082828(0),3.0,3호기(2020.09.22)|SN12053|20200629|run001,"10-second adjacency is exploratory for leakage-risk screening, not a production threshold."
001_20200629_082834(2),3호기(2020.09.22),SN12053,20200629,2020-06-29T08:28:34,001_20200629_082831(0),3.0,3호기(2020.09.22)|SN12053|20200629|run001,"10-second adjacency is exploratory for leakage-risk screening, not a production threshold."
001_20200629_082837(2),3호기(2020.09.22),SN12053,20200629,2020-06-29T08:28:37,001_20200629_082834(2),3.0,3호기(2020.09.22)|SN12053|20200629|run001,"10-second adjacency is exploratory for leakage-risk screening, not a production threshold."
001_20200629_082840(2),3호기(2020.09.22),SN12053,20200629,2020-06-29T08:28:40,001_20200629_082837(2),3.0,3호기(2020.09.22)|SN12053|20200629|run001,"10-second adjacency is exploratory for leakage-risk screening, not a production threshold."
001_20200629_082905(4),3호기(2020.09.22),SN12053,20200629,2020-06-29T08:29:05,001_20200629_082840(2),25.0,3호기(2020.09.22)|SN12053|20200629|run002,"10-second adjacency is exploratory for leakage-risk screening, not a production threshold."
001_20200629_123107(1),3호기(2020.09.22),SN12053,20200629,2020-06-29T12:31:07,001_20200629_082905(4),14522.0,3호기(2020.09.22)|SN12053|20200629|run003,"10-second adjacency is exploratory for leakage-risk screening, not a production threshold."
001_20200629_123111(6),3호기(2020.09.22),SN12053,20200629,2020-06-29T12:31:11,001_20200629_123107(1),4.0,3호기(2020.09.22)|SN12053|20200629|run003,"10-second adjacency is exploratory for leakage-risk screening, not a production threshold."
001_20200629_123116(1),3호기(2020.09.22),SN12053,20200629,2020-06-29T12:31:16,001_20200629_123111(6),5.0,3호기(2020.09.22)|SN12053|20200629|run003,"10-second adjacency is exploratory for leakage-risk screening, not a production threshold."
001_20200629_123120(6),3호기(2020.09.22),SN12053,20200629,2020-06-29T12:31:20,001_20200629_123116(1),4.0,3호기(2020.09.22)|SN12053|20200629|run003,"10-second adjacency is exploratory for leakage-risk screening, not a production threshold."
001_20200629_123125(2),3호기(2020.09.22),SN12053,20200629,2020-06-29T12:31:25,001_20200629_123120(6),5.0,3호기(2020.09.22)|SN12053|20200629|run003,"10-second adjacency is exploratory for leakage-risk screening, not a production threshold."
001_20200727_204954(7),3호기(2020.09.22),SN12053,20200727,2020-07-27T20:49:54,,,3호기(2020.09.22)|SN12053|20200727|run001,"10-second adjacency is exploratory for leakage-risk screening, not a production threshold."
001_20200727_204958(2),3호기(2020.09.22),SN12053,20200727,2020-07-27T20:49:58,001_20200727_204954(7),4.0,3호기(2020.09.22)|SN12053|20200727|run001,"10-second adjacency is exploratory for leakage-risk screening, not a production threshold."
001_20200728_014351(3),3호기(2020.09.22),SN12053,20200728,2020-07-28T01:43:51,,,3호기(2020.09.22)|SN12053|20200728|run001,"10-second adjacency is exploratory for leakage-risk screening, not a production threshold."
001_20200728_014355(2),3호기(2020.09.22),SN12053,20200728,2020-07-28T01:43:55,001_20200728_014351(3),4.0,3호기(2020.09.22)|SN12053|20200728|run001,"10-second adjacency is exploratory for leakage-risk screening, not a production threshold."
001_20200728_043138(3),3호기(2020.09.22),SN12053,20200728,2020-07-28T04:31:38,001_20200728_014355(2),10063.0,3호기(2020.09.22)|SN12053|20200728|run002,"10-second adjacency is exploratory for leakage-risk screening, not a production threshold."
001_20200728_043141(5),3호기(2020.09.22),SN12053,20200728,2020-07-28T04:31:41,001_20200728_043138(3),3.0,3호기(2020.09.22)|SN12053|20200728|run002,"10-second adjacency is exploratory for leakage-risk screening, not a production threshold."
001_20200728_083108(2),3호기(2020.09.22),SN12053,20200728,2020-07-28T08:31:08,001_20200728_043141(5),14367.0,3호기(2020.09.22)|SN12053|20200728|run003,"10-second adjacency is exploratory for leakage-risk screening, not a production threshold."
001_20200728_083116(1),3호기(2020.09.22),SN12053,20200728,2020-07-28T08:31:16,001_20200728_083108(2),8.0,3호기(2020.09.22)|SN12053|20200728|run003,"10-second adjacency is exploratory for leakage-risk screening, not a production threshold."
001_20200728_123129(2),3호기(2020.09.22),SN12053,20200728,2020-07-28T12:31:29,001_20200728_083116(1),14413.0,3호기(2020.09.22)|SN12053|20200728|run004,"10-second adjacency is exploratory for leakage-risk screening, not a production threshold."
001_20200728_123132(4),3호기(2020.09.22),SN12053,20200728,2020-07-28T12:31:32,001_20200728_123129(2),3.0,3호기(2020.09.22)|SN12053|20200728|run004,"10-second adjacency is exploratory for leakage-risk screening, not a production threshold."
001_20200728_163910(5),3호기(2020.09.22),SN12053,20200728,2020-07-28T16:39:10,001_20200728_123132(4),14858.0,3호기(2020.09.22)|SN12053|20200728|run005,"10-second adjacency is exploratory for leakage-risk screening, not a production threshold."
001_20200728_163913(6),3호기(2020.09.22),SN12053,20200728,2020-07-28T16:39:13,001_20200728_163910(5),3.0,3호기(2020.09.22)|SN12053|20200728|run005,"10-second adjacency is exploratory for leakage-risk screening, not a production threshold."
001_20200810_085043(8),3호기(2020.09.22),SN12053,20200810,2020-08-10T08:50:43,,,3호기(2020.09.22)|SN12053|20200810|run001,"10-second adjacency is exploratory for leakage-risk screening, not a production threshold."
001_20200810_123047(8),3호기(2020.09.22),SN12053,20200810,2020-08-10T12:30:47,001_20200810_085043(8),13204.0,3호기(2020.09.22)|SN12053|20200810|run002,"10-second adjacency is exploratory for leakage-risk screening, not a production threshold."
001_20200810_123051(3),3호기(2020.09.22),SN12053,20200810,2020-08-10T12:30:51,001_20200810_123047(8),4.0,3호기(2020.09.22)|SN12053|20200810|run002,"10-second adjacency is exploratory for leakage-risk screening, not a production threshold."
001_20200810_163112(8),3호기(2020.09.22),SN12053,20200810,2020-08-10T16:31:12,001_20200810_123051(3),14421.0,3호기(2020.09.22)|SN12053|20200810|run003,"10-second adjacency is exploratory for leakage-risk screening, not a production threshold."
001_20200810_163116(0),3호기(2020.09.22),SN12053,20200810,2020-08-10T16:31:16,001_20200810_163112(8),4.0,3호기(2020.09.22)|SN12053|20200810|run003,"10-second adjacency is exploratory for leakage-risk screening, not a production threshold."
001_20200810_203208(7),3호기(2020.09.22),SN12053,20200810,2020-08-10T20:32:08,001_20200810_163116(0),14452.0,3호기(2020.09.22)|SN12053|20200810|run004,"10-second adjacency is exploratory for leakage-risk screening, not a production threshold."
001_20200810_203212(6),3호기(2020.09.22),SN12053,20200810,2020-08-10T20:32:12,001_20200810_203208(7),4.0,3호기(2020.09.22)|SN12053|20200810|run004,"10-second adjacency is exploratory for leakage-risk screening, not a production threshold."
001_20200811_003323(2),3호기(2020.09.22),SN12053,20200811,2020-08-11T00:33:23,,,3호기(2020.09.22)|SN12053|20200811|run001,"10-second adjacency is exploratory for leakage-risk screening, not a production threshold."
001_20200811_003327(0),3호기(2020.09.22),SN12053,20200811,2020-08-11T00:33:27,001_20200811_003323(2),4.0,3호기(2020.09.22)|SN12053|20200811|run001,"10-second adjacency is exploratory for leakage-risk screening, not a production threshold."
001_20200811_043037(3),3호기(2020.09.22),SN12053,20200811,2020-08-11T04:30:37,001_20200811_003327(0),14230.0,3호기(2020.09.22)|SN12053|20200811|run002,"10-second adjacency is exploratory for leakage-risk screening, not a production threshold."
001_20200811_043041(6),3호기(2020.09.22),SN12053,20200811,2020-08-11T04:30:41,001_20200811_043037(3),4.0,3호기(2020.09.22)|SN12053|20200811|run002,"10-second adjacency is exploratory for leakage-risk screening, not a production threshold."
001_20200814_033012(7),3호기(2020.09.22),SN12053,20200814,2020-08-14T03:30:12,,,3호기(2020.09.22)|SN12053|20200814|run001,"10-second adjacency is exploratory for leakage-risk screening, not a production threshold."
001_20200814_033016(6),3호기(2020.09.22),SN12053,20200814,2020-08-14T03:30:16,001_20200814_033012(7),4.0,3호기(2020.09.22)|SN12053|20200814|run001,"10-second adjacency is exploratory for leakage-risk screening, not a production threshold."
001_20200814_043321(6),3호기(2020.09.22),SN12053,20200814,2020-08-14T04:33:21,001_20200814_033016(6),3785.0,3호기(2020.09.22)|SN12053|20200814|run002,"10-second adjacency is exploratory for leakage-risk screening, not a production threshold."
001_20200814_083045(8),3호기(2020.09.22),SN12053,20200814,2020-08-14T08:30:45,001_20200814_043321(6),14244.0,3호기(2020.09.22)|SN12053|20200814|run003,"10-second adjacency is exploratory for leakage-risk screening, not a production threshold."
001_20200814_083051(9),3호기(2020.09.22),SN12053,20200814,2020-08-14T08:30:51,001_20200814_083045(8),6.0,3호기(2020.09.22)|SN12053|20200814|run003,"10-second adjacency is exploratory for leakage-risk screening, not a production threshold."
001_20200814_123136(2),3호기(2020.09.22),SN12053,20200814,2020-08-14T12:31:36,001_20200814_083051(9),14445.0,3호기(2020.09.22)|SN12053|20200814|run004,"10-second adjacency is exploratory for leakage-risk screening, not a production threshold."
001_20200814_123143(5),3호기(2020.09.22),SN12053,20200814,2020-08-14T12:31:43,001_20200814_123136(2),7.0,3호기(2020.09.22)|SN12053|20200814|run004,"10-second adjacency is exploratory for leakage-risk screening, not a production threshold."
001_20200814_163101(7),3호기(2020.09.22),SN12053,20200814,2020-08-14T16:31:01,001_20200814_123143(5),14358.0,3호기(2020.09.22)|SN12053|20200814|run005,"10-second adjacency is exploratory for leakage-risk screening, not a production threshold."
001_20200814_163105(1),3호기(2020.09.22),SN12053,20200814,2020-08-14T16:31:05,001_20200814_163101(7),4.0,3호기(2020.09.22)|SN12053|20200814|run005,"10-second adjacency is exploratory for leakage-risk screening, not a production threshold."
001_20200814_203438(9),3호기(2020.09.22),SN12053,20200814,2020-08-14T20:34:38,001_20200814_163105(1),14613.0,3호기(2020.09.22)|SN12053|20200814|run006,"10-second adjacency is exploratory for leakage-risk screening, not a production threshold."
001_20200814_203442(4),3호기(2020.09.22),SN12053,20200814,2020-08-14T20:34:42,001_20200814_203438(9),4.0,3호기(2020.09.22)|SN12053|20200814|run006,"10-second adjacency is exploratory for leakage-risk screening, not a production threshold."
001_20200815_003438(6),3호기(2020.09.22),SN12053,20200815,2020-08-15T00:34:38,,,3호기(2020.09.22)|SN12053|20200815|run001,"10-second adjacency is exploratory for leakage-risk screening, not a production threshold."
001_20200815_003529(0),3호기(2020.09.22),SN12053,20200815,2020-08-15T00:35:29,001_20200815_003438(6),51.0,3호기(2020.09.22)|SN12053|20200815|run002,"10-second adjacency is exploratory for leakage-risk screening, not a production threshold."
001_20200818_083145(2),3호기(2020.09.22),SN12053,20200818,2020-08-18T08:31:45,,,3호기(2020.09.22)|SN12053|20200818|run001,"10-second adjacency is exploratory for leakage-risk screening, not a production threshold."
001_20200818_083159(7),3호기(2020.09.22),SN12053,20200818,2020-08-18T08:31:59,001_20200818_083145(2),14.0,3호기(2020.09.22)|SN12053|20200818|run002,"10-second adjacency is exploratory for leakage-risk screening, not a production threshold."
001_20200818_123634(4),3호기(2020.09.22),SN12053,20200818,2020-08-18T12:36:34,001_20200818_083159(7),14675.0,3호기(2020.09.22)|SN12053|20200818|run003,"10-second adjacency is exploratory for leakage-risk screening, not a production threshold."
001_20200818_163230(6),3호기(2020.09.22),SN12053,20200818,2020-08-18T16:32:30,001_20200818_123634(4),14156.0,3호기(2020.09.22)|SN12053|20200818|run004,"10-second adjacency is exploratory for leakage-risk screening, not a production threshold."
001_20200818_163233(9),3호기(2020.09.22),SN12053,20200818,2020-08-18T16:32:33,001_20200818_163230(6),3.0,3호기(2020.09.22)|SN12053|20200818|run004,"10-second adjacency is exploratory for leakage-risk screening, not a production threshold."
001_20200818_203601(4),3호기(2020.09.22),SN12053,20200818,2020-08-18T20:36:01,001_20200818_163233(9),14608.0,3호기(2020.09.22)|SN12053|20200818|run005,"10-second adjacency is exploratory for leakage-risk screening, not a production threshold."
001_20200818_203607(4),3호기(2020.09.22),SN12053,20200818,2020-08-18T20:36:07,001_20200818_203601(4),6.0,3호기(2020.09.22)|SN12053|20200818|run005,"10-second adjacency is exploratory for leakage-risk screening, not a production threshold."
001_20200819_003039(4),3호기(2020.09.22),SN12053,20200819,2020-08-19T00:30:39,,,3호기(2020.09.22)|SN12053|20200819|run001,"10-second adjacency is exploratory for leakage-risk screening, not a production threshold."
001_20200819_003044(1),3호기(2020.09.22),SN12053,20200819,2020-08-19T00:30:44,001_20200819_003039(4),5.0,3호기(2020.09.22)|SN12053|20200819|run001,"10-second adjacency is exploratory for leakage-risk screening, not a production threshold."
001_20200819_043209(9),3호기(2020.09.22),SN12053,20200819,2020-08-19T04:32:09,001_20200819_003044(1),14485.0,3호기(2020.09.22)|SN12053|20200819|run002,"10-second adjacency is exploratory for leakage-risk screening, not a production threshold."
001_20200819_043216(0),3호기(2020.09.22),SN12053,20200819,2020-08-19T04:32:16,001_20200819_043209(9),7.0,3호기(2020.09.22)|SN12053|20200819|run002,"10-second adjacency is exploratory for leakage-risk screening, not a production threshold."
001_20200819_083353(5),3호기(2020.09.22),SN12053,20200819,2020-08-19T08:33:53,001_20200819_043216(0),14497.0,3호기(2020.09.22)|SN12053|20200819|run003,"10-second adjacency is exploratory for leakage-risk screening, not a production threshold."
001_20200819_083401(0),3호기(2020.09.22),SN12053,20200819,2020-08-19T08:34:01,001_20200819_083353(5),8.0,3호기(2020.09.22)|SN12053|20200819|run003,"10-second adjacency is exploratory for leakage-risk screening, not a production threshold."
001_20200819_124414(0),3호기(2020.09.22),SN12053,20200819,2020-08-19T12:44:14,001_20200819_083401(0),15013.0,3호기(2020.09.22)|SN12053|20200819|run004,"10-second adjacency is exploratory for leakage-risk screening, not a production threshold."
001_20200819_124415(9),3호기(2020.09.22),SN12053,20200819,2020-08-19T12:44:15,001_20200819_124414(0),1.0,3호기(2020.09.22)|SN12053|20200819|run004,"10-second adjacency is exploratory for leakage-risk screening, not a production threshold."
001_20200819_162723(4),3호기(2020.09.22),SN12053,20200819,2020-08-19T16:27:23,001_20200819_124415(9),13388.0,3호기(2020.09.22)|SN12053|20200819|run005,"10-second adjacency is exploratory for leakage-risk screening, not a production threshold."
001_20200821_150525(5),3호기(2020.09.22),SN12053,20200821,2020-08-21T15:05:25,,,3호기(2020.09.22)|SN12053|20200821|run001,"10-second adjacency is exploratory for leakage-risk screening, not a production threshold."
001_20200821_150529(4),3호기(2020.09.22),SN12053,20200821,2020-08-21T15:05:29,001_20200821_150525(5),4.0,3호기(2020.09.22)|SN12053|20200821|run001,"10-second adjacency is exploratory for leakage-risk screening, not a production threshold."
001_20200821_163349(7),3호기(2020.09.22),SN12053,20200821,2020-08-21T16:33:49,001_20200821_150529(4),5300.0,3호기(2020.09.22)|SN12053|20200821|run002,"10-second adjacency is exploratory for leakage-risk screening, not a production threshold."
001_20200821_163353(8),3호기(2020.09.22),SN12053,20200821,2020-08-21T16:33:53,001_20200821_163349(7),4.0,3호기(2020.09.22)|SN12053|20200821|run002,"10-second adjacency is exploratory for leakage-risk screening, not a production threshold."
001_20200826_023328(3),3호기(2020.09.22),SN12053,20200826,2020-08-26T02:33:28,,,3호기(2020.09.22)|SN12053|20200826|run001,"10-second adjacency is exploratory for leakage-risk screening, not a production threshold."
001_20200826_023332(5),3호기(2020.09.22),SN12053,20200826,2020-08-26T02:33:32,001_20200826_023328(3),4.0,3호기(2020.09.22)|SN12053|20200826|run001,"10-second adjacency is exploratory for leakage-risk screening, not a production threshold."
001_20200826_043252(8),3호기(2020.09.22),SN12053,20200826,2020-08-26T04:32:52,001_20200826_023332(5),7160.0,3호기(2020.09.22)|SN12053|20200826|run002,"10-second adjacency is exploratory for leakage-risk screening, not a production threshold."
001_20200826_043255(8),3호기(2020.09.22),SN12053,20200826,2020-08-26T04:32:55,001_20200826_043252(8),3.0,3호기(2020.09.22)|SN12053|20200826|run002,"10-second adjacency is exploratory for leakage-risk screening, not a production threshold."
001_20200826_123711(3),3호기(2020.09.22),SN12053,20200826,2020-08-26T12:37:11,001_20200826_043255(8),29056.0,3호기(2020.09.22)|SN12053|20200826|run003,"10-second adjacency is exploratory for leakage-risk screening, not a production threshold."
001_20200826_123714(5),3호기(2020.09.22),SN12053,20200826,2020-08-26T12:37:14,001_20200826_123711(3),3.0,3호기(2020.09.22)|SN12053|20200826|run003,"10-second adjacency is exploratory for leakage-risk screening, not a production threshold."
001_20200831_083711(6),3호기(2020.09.22),SN12053,20200831,2020-08-31T08:37:11,,,3호기(2020.09.22)|SN12053|20200831|run001,"10-second adjacency is exploratory for leakage-risk screening, not a production threshold."
001_20200831_083714(8),3호기(2020.09.22),SN12053,20200831,2020-08-31T08:37:14,001_20200831_083711(6),3.0,3호기(2020.09.22)|SN12053|20200831|run001,"10-second adjacency is exploratory for leakage-risk screening, not a production threshold."
001_20200831_123316(5),3호기(2020.09.22),SN12053,20200831,2020-08-31T12:33:16,001_20200831_083714(8),14162.0,3호기(2020.09.22)|SN12053|20200831|run002,"10-second adjacency is exploratory for leakage-risk screening, not a production threshold."
001_20200922_163332(2),3호기(2020.09.22),SN12053,20200922,2020-09-22T16:33:32,,,3호기(2020.09.22)|SN12053|20200922|run001,"10-second adjacency is exploratory for leakage-risk screening, not a production threshold."
001_20200922_163335(3),3호기(2020.09.22),SN12053,20200922,2020-09-22T16:33:35,001_20200922_163332(2),3.0,3호기(2020.09.22)|SN12053|20200922|run001,"10-second adjacency is exploratory for leakage-risk screening, not a production threshold."
002_20200622_203053(2),1호기(2020.09.22),SN77128,20200622,2020-06-22T20:30:53,,,1호기(2020.09.22)|SN77128|20200622|run001,"10-second adjacency is exploratory for leakage-risk screening, not a production threshold."
002_20200622_203057(3),1호기(2020.09.22),SN77128,20200622,2020-06-22T20:30:57,002_20200622_203053(2),4.0,1호기(2020.09.22)|SN77128|20200622|run001,"10-second adjacency is exploratory for leakage-risk screening, not a production threshold."
002_20200622_203101(3),1호기(2020.09.22),SN77128,20200622,2020-06-22T20:31:01,002_20200622_203057(3),4.0,1호기(2020.09.22)|SN77128|20200622|run001,"10-second adjacency is exploratory for leakage-risk screening, not a production threshold."
002_20200622_203105(4),1호기(2020.09.22),SN77128,20200622,2020-06-22T20:31:05,002_20200622_203101(3),4.0,1호기(2020.09.22)|SN77128|20200622|run001,"10-second adjacency is exploratory for leakage-risk screening, not a production threshold."
002_20200622_203109(3),1호기(2020.09.22),SN77128,20200622,2020-06-22T20:31:09,002_20200622_203105(4),4.0,1호기(2020.09.22)|SN77128|20200622|run001,"10-second adjacency is exploratory for leakage-risk screening, not a production threshold."
002_20200622_203121(4),1호기(2020.09.22),SN77128,20200622,2020-06-22T20:31:21,002_20200622_203109(3),12.0,1호기(2020.09.22)|SN77128|20200622|run002,"10-second adjacency is exploratory for leakage-risk screening, not a production threshold."
002_20200622_203136(3),2호기(2020.09.22),SN77127,20200622,2020-06-22T20:31:36,,,2호기(2020.09.22)|SN77127|20200622|run001,"10-second adjacency is exploratory for leakage-risk screening, not a production threshold."
002_20200622_203140(8),2호기(2020.09.22),SN77127,20200622,2020-06-22T20:31:40,002_20200622_203136(3),4.0,2호기(2020.09.22)|SN77127|20200622|run001,"10-second adjacency is exploratory for leakage-risk screening, not a production threshold."
002_20200622_203145(3),2호기(2020.09.22),SN77127,20200622,2020-06-22T20:31:45,002_20200622_203140(8),5.0,2호기(2020.09.22)|SN77127|20200622|run001,"10-second adjacency is exploratory for leakage-risk screening, not a production threshold."
002_20200622_203149(8),2호기(2020.09.22),SN77127,20200622,2020-06-22T20:31:49,002_20200622_203145(3),4.0,2호기(2020.09.22)|SN77127|20200622|run001,"10-second adjacency is exploratory for leakage-risk screening, not a production threshold."
002_20200622_203154(3),2호기(2020.09.22),SN77127,20200622,2020-06-22T20:31:54,002_20200622_203149(8),5.0,2호기(2020.09.22)|SN77127|20200622|run001,"10-second adjacency is exploratory for leakage-risk screening, not a production threshold."
002_20200622_203158(8),2호기(2020.09.22),SN77127,20200622,2020-06-22T20:31:58,002_20200622_203154(3),4.0,2호기(2020.09.22)|SN77127|20200622|run001,"10-second adjacency is exploratory for leakage-risk screening, not a production threshold."
002_20200623_003346(4),1호기(2020.09.22),SN77128,20200623,2020-06-23T00:33:46,,,1호기(2020.09.22)|SN77128|20200623|run001,"10-second adjacency is exploratory for leakage-risk screening, not a production threshold."
002_20200623_003350(4),1호기(2020.09.22),SN77128,20200623,2020-06-23T00:33:50,002_20200623_003346(4),4.0,1호기(2020.09.22)|SN77128|20200623|run001,"10-second adjacency is exploratory for leakage-risk screening, not a production threshold."
002_20200623_003354(3),1호기(2020.09.22),SN77128,20200623,2020-06-23T00:33:54,002_20200623_003350(4),4.0,1호기(2020.09.22)|SN77128|20200623|run001,"10-second adjacency is exploratory for leakage-risk screening, not a production threshold."
002_20200623_003358(2),1호기(2020.09.22),SN77128,20200623,2020-06-23T00:33:58,002_20200623_003354(3),4.0,1호기(2020.09.22)|SN77128|20200623|run001,"10-second adjacency is exploratory for leakage-risk screening, not a production threshold."
002_20200623_003402(2),1호기(2020.09.22),SN77128,20200623,2020-06-23T00:34:02,002_20200623_003358(2),4.0,1호기(2020.09.22)|SN77128|20200623|run001,"10-second adjacency is exploratory for leakage-risk screening, not a production threshold."
002_20200623_003410(2),1호기(2020.09.22),SN77128,20200623,2020-06-23T00:34:10,002_20200623_003402(2),8.0,1호기(2020.09.22)|SN77128|20200623|run001,"10-second adjacency is exploratory for leakage-risk screening, not a production threshold."
002_20200623_043039(3),1호기(2020.09.22),SN77128,20200623,2020-06-23T04:30:39,002_20200623_003410(2),14189.0,1호기(2020.09.22)|SN77128|20200623|run002,"10-second adjacency is exploratory for leakage-risk screening, not a production threshold."
002_20200623_043043(2),1호기(2020.09.22),SN77128,20200623,2020-06-23T04:30:43,002_20200623_043039(3),4.0,1호기(2020.09.22)|SN77128|20200623|run002,"10-second adjacency is exploratory for leakage-risk screening, not a production threshold."
002_20200623_043047(2),1호기(2020.09.22),SN77128,20200623,2020-06-23T04:30:47,002_20200623_043043(2),4.0,1호기(2020.09.22)|SN77128|20200623|run002,"10-second adjacency is exploratory for leakage-risk screening, not a production threshold."
002_20200623_043051(3),1호기(2020.09.22),SN77128,20200623,2020-06-23T04:30:51,002_20200623_043047(2),4.0,1호기(2020.09.22)|SN77128|20200623|run002,"10-second adjacency is exploratory for leakage-risk screening, not a production threshold."
002_20200623_043055(3),1호기(2020.09.22),SN77128,20200623,2020-06-23T04:30:55,002_20200623_043051(3),4.0,1호기(2020.09.22)|SN77128|20200623|run002,"10-second adjacency is exploratory for leakage-risk screening, not a production threshold."
002_20200623_043059(4),1호기(2020.09.22),SN77128,20200623,2020-06-23T04:30:59,002_20200623_043055(3),4.0,1호기(2020.09.22)|SN77128|20200623|run002,"10-second adjacency is exploratory for leakage-risk screening, not a production threshold."
002_20200623_082258(6),1호기(2020.09.22),SN77128,20200623,2020-06-23T08:22:58,002_20200623_043059(4),13919.0,1호기(2020.09.22)|SN77128|20200623|run003,"10-second adjacency is exploratory for leakage-risk screening, not a production threshold."
002_20200623_082302(6),1호기(2020.09.22),SN77128,20200623,2020-06-23T08:23:02,002_20200623_082258(6),4.0,1호기(2020.09.22)|SN77128|20200623|run003,"10-second adjacency is exploratory for leakage-risk screening, not a production threshold."
002_20200623_082306(5),1호기(2020.09.22),SN77128,20200623,2020-06-23T08:23:06,002_20200623_082302(6),4.0,1호기(2020.09.22)|SN77128|20200623|run003,"10-second adjacency is exploratory for leakage-risk screening, not a production threshold."
002_20200623_082310(6),1호기(2020.09.22),SN77128,20200623,2020-06-23T08:23:10,002_20200623_082306(5),4.0,1호기(2020.09.22)|SN77128|20200623|run003,"10-second adjacency is exploratory for leakage-risk screening, not a production threshold."
002_20200623_082314(4),1호기(2020.09.22),SN77128,20200623,2020-06-23T08:23:14,002_20200623_082310(6),4.0,1호기(2020.09.22)|SN77128|20200623|run003,"10-second adjacency is exploratory for leakage-risk screening, not a production threshold."
002_20200623_082318(5),1호기(2020.09.22),SN77128,20200623,2020-06-23T08:23:18,002_20200623_082314(4),4.0,1호기(2020.09.22)|SN77128|20200623|run003,"10-second adjacency is exploratory for leakage-risk screening, not a production threshold."
002_20200623_123032(7),1호기(2020.09.22),SN77128,20200623,2020-06-23T12:30:32,002_20200623_082318(5),14834.0,1호기(2020.09.22)|SN77128|20200623|run004,"10-second adjacency is exploratory for leakage-risk screening, not a production threshold."
002_20200623_123036(5),1호기(2020.09.22),SN77128,20200623,2020-06-23T12:30:36,002_20200623_123032(7),4.0,1호기(2020.09.22)|SN77128|20200623|run004,"10-second adjacency is exploratory for leakage-risk screening, not a production threshold."
002_20200623_123040(5),1호기(2020.09.22),SN77128,20200623,2020-06-23T12:30:40,002_20200623_123036(5),4.0,1호기(2020.09.22)|SN77128|20200623|run004,"10-second adjacency is exploratory for leakage-risk screening, not a production threshold."
002_20200623_123044(3),1호기(2020.09.22),SN77128,20200623,2020-06-23T12:30:44,002_20200623_123040(5),4.0,1호기(2020.09.22)|SN77128|20200623|run004,"10-second adjacency is exploratory for leakage-risk screening, not a production threshold."
002_20200623_123048(4),1호기(2020.09.22),SN77128,20200623,2020-06-23T12:30:48,002_20200623_123044(3),4.0,1호기(2020.09.22)|SN77128|20200623|run004,"10-second adjacency is exploratory for leakage-risk screening, not a production threshold."
002_20200623_123052(5),1호기(2020.09.22),SN77128,20200623,2020-06-23T12:30:52,002_20200623_123048(4),4.0,1호기(2020.09.22)|SN77128|20200623|run004,"10-second adjacency is exploratory for leakage-risk screening, not a production threshold."
002_20200623_163039(5),1호기(2020.09.22),SN77128,20200623,2020-06-23T16:30:39,002_20200623_123052(5),14387.0,1호기(2020.09.22)|SN77128|20200623|run005,"10-second adjacency is exploratory for leakage-risk screening, not a production threshold."
002_20200623_163043(7),1호기(2020.09.22),SN77128,20200623,2020-06-23T16:30:43,002_20200623_163039(5),4.0,1호기(2020.09.22)|SN77128|20200623|run005,"10-second adjacency is exploratory for leakage-risk screening, not a production threshold."
002_20200623_163047(6),1호기(2020.09.22),SN77128,20200623,2020-06-23T16:30:47,002_20200623_163043(7),4.0,1호기(2020.09.22)|SN77128|20200623|run005,"10-second adjacency is exploratory for leakage-risk screening, not a production threshold."
002_20200623_163051(7),1호기(2020.09.22),SN77128,20200623,2020-06-23T16:30:51,002_20200623_163047(6),4.0,1호기(2020.09.22)|SN77128|20200623|run005,"10-second adjacency is exploratory for leakage-risk screening, not a production threshold."
002_20200623_163055(6),1호기(2020.09.22),SN77128,20200623,2020-06-23T16:30:55,002_20200623_163051(7),4.0,1호기(2020.09.22)|SN77128|20200623|run005,"10-second adjacency is exploratory for leakage-risk screening, not a production threshold."
002_20200623_163059(6),1호기(2020.09.22),SN77128,20200623,2020-06-23T16:30:59,002_20200623_163055(6),4.0,1호기(2020.09.22)|SN77128|20200623|run005,"10-second adjacency is exploratory for leakage-risk screening, not a production threshold."
002_20200623_203040(4),1호기(2020.09.22),SN77128,20200623,2020-06-23T20:30:40,002_20200623_163059(6),14381.0,1호기(2020.09.22)|SN77128|20200623|run006,"10-second adjacency is exploratory for leakage-risk screening, not a production threshold."
002_20200623_203044(0),1호기(2020.09.22),SN77128,20200623,2020-06-23T20:30:44,002_20200623_203040(4),4.0,1호기(2020.09.22)|SN77128|20200623|run006,"10-second adjacency is exploratory for leakage-risk screening, not a production threshold."
002_20200623_203047(7),1호기(2020.09.22),SN77128,20200623,2020-06-23T20:30:47,002_20200623_203044(0),3.0,1호기(2020.09.22)|SN77128|20200623|run006,"10-second adjacency is exploratory for leakage-risk screening, not a production threshold."
002_20200623_203051(2),1호기(2020.09.22),SN77128,20200623,2020-06-23T20:30:51,002_20200623_203047(7),4.0,1호기(2020.09.22)|SN77128|20200623|run006,"10-second adjacency is exploratory for leakage-risk screening, not a production threshold."
002_20200623_203054(7),1호기(2020.09.22),SN77128,20200623,2020-06-23T20:30:54,002_20200623_203051(2),3.0,1호기(2020.09.22)|SN77128|20200623|run006,"10-second adjacency is exploratory for leakage-risk screening, not a production threshold."
002_20200623_203058(3),1호기(2020.09.22),SN77128,20200623,2020-06-23T20:30:58,002_20200623_203054(7),4.0,1호기(2020.09.22)|SN77128|20200623|run006,"10-second adjacency is exploratory for leakage-risk screening, not a production threshold."
002_20200623_003351(2),2호기(2020.09.22),SN77127,20200623,2020-06-23T00:33:51,,,2호기(2020.09.22)|SN77127|20200623|run001,"10-second adjacency is exploratory for leakage-risk screening, not a production threshold."
002_20200623_003355(7),2호기(2020.09.22),SN77127,20200623,2020-06-23T00:33:55,002_20200623_003351(2),4.0,2호기(2020.09.22)|SN77127|20200623|run001,"10-second adjacency is exploratory for leakage-risk screening, not a production threshold."
002_20200623_003400(2),2호기(2020.09.22),SN77127,20200623,2020-06-23T00:34:00,002_20200623_003355(7),5.0,2호기(2020.09.22)|SN77127|20200623|run001,"10-second adjacency is exploratory for leakage-risk screening, not a production threshold."
002_20200623_003404(7),2호기(2020.09.22),SN77127,20200623,2020-06-23T00:34:04,002_20200623_003400(2),4.0,2호기(2020.09.22)|SN77127|20200623|run001,"10-second adjacency is exploratory for leakage-risk screening, not a production threshold."
002_20200623_003409(2),2호기(2020.09.22),SN77127,20200623,2020-06-23T00:34:09,002_20200623_003404(7),5.0,2호기(2020.09.22)|SN77127|20200623|run001,"10-second adjacency is exploratory for leakage-risk screening, not a production threshold."
002_20200623_003413(7),2호기(2020.09.22),SN77127,20200623,2020-06-23T00:34:13,002_20200623_003409(2),4.0,2호기(2020.09.22)|SN77127|20200623|run001,"10-second adjacency is exploratory for leakage-risk screening, not a production threshold."
002_20200623_043056(0),2호기(2020.09.22),SN77127,20200623,2020-06-23T04:30:56,002_20200623_003413(7),14203.0,2호기(2020.09.22)|SN77127|20200623|run002,"10-second adjacency is exploratory for leakage-risk screening, not a production threshold."
002_20200623_043100(6),2호기(2020.09.22),SN77127,20200623,2020-06-23T04:31:00,002_20200623_043056(0),4.0,2호기(2020.09.22)|SN77127|20200623|run002,"10-second adjacency is exploratory for leakage-risk screening, not a production threshold."
002_20200623_043105(0),2호기(2020.09.22),SN77127,20200623,2020-06-23T04:31:05,002_20200623_043100(6),5.0,2호기(2020.09.22)|SN77127|20200623|run002,"10-second adjacency is exploratory for leakage-risk screening, not a production threshold."
002_20200623_043109(4),2호기(2020.09.22),SN77127,20200623,2020-06-23T04:31:09,002_20200623_043105(0),4.0,2호기(2020.09.22)|SN77127|20200623|run002,"10-second adjacency is exploratory for leakage-risk screening, not a production threshold."
002_20200623_043115(4),2호기(2020.09.22),SN77127,20200623,2020-06-23T04:31:15,002_20200623_043109(4),6.0,2호기(2020.09.22)|SN77127|20200623|run002,"10-second adjacency is exploratory for leakage-risk screening, not a production threshold."
002_20200623_043120(0),2호기(2020.09.22),SN77127,20200623,2020-06-23T04:31:20,002_20200623_043115(4),5.0,2호기(2020.09.22)|SN77127|20200623|run002,"10-second adjacency is exploratory for leakage-risk screening, not a production threshold."
002_20200623_082249(3),2호기(2020.09.22),SN77127,20200623,2020-06-23T08:22:49,002_20200623_043120(0),13889.0,2호기(2020.09.22)|SN77127|20200623|run003,"10-second adjacency is exploratory for leakage-risk screening, not a production threshold."
002_20200623_082253(8),2호기(2020.09.22),SN77127,20200623,2020-06-23T08:22:53,002_20200623_082249(3),4.0,2호기(2020.09.22)|SN77127|20200623|run003,"10-second adjacency is exploratory for leakage-risk screening, not a production threshold."
002_20200623_082258(4),2호기(2020.09.22),SN77127,20200623,2020-06-23T08:22:58,002_20200623_082253(8),5.0,2호기(2020.09.22)|SN77127|20200623|run003,"10-second adjacency is exploratory for leakage-risk screening, not a production threshold."
002_20200623_082302(7),2호기(2020.09.22),SN77127,20200623,2020-06-23T08:23:02,002_20200623_082258(4),4.0,2호기(2020.09.22)|SN77127|20200623|run003,"10-second adjacency is exploratory for leakage-risk screening, not a production threshold."
002_20200623_082307(2),2호기(2020.09.22),SN77127,20200623,2020-06-23T08:23:07,002_20200623_082302(7),5.0,2호기(2020.09.22)|SN77127|20200623|run003,"10-second adjacency is exploratory for leakage-risk screening, not a production threshold."
002_20200623_082311(8),2호기(2020.09.22),SN77127,20200623,2020-06-23T08:23:11,002_20200623_082307(2),4.0,2호기(2020.09.22)|SN77127|20200623|run003,"10-second adjacency is exploratory for leakage-risk screening, not a production threshold."
002_20200623_123042(0),2호기(2020.09.22),SN77127,20200623,2020-06-23T12:30:42,002_20200623_082311(8),14851.0,2호기(2020.09.22)|SN77127|20200623|run004,"10-second adjacency is exploratory for leakage-risk screening, not a production threshold."
002_20200623_123046(4),2호기(2020.09.22),SN77127,20200623,2020-06-23T12:30:46,002_20200623_123042(0),4.0,2호기(2020.09.22)|SN77127|20200623|run004,"10-second adjacency is exploratory for leakage-risk screening, not a production threshold."
002_20200623_123051(1),2호기(2020.09.22),SN77127,20200623,2020-06-23T12:30:51,002_20200623_123046(4),5.0,2호기(2020.09.22)|SN77127|20200623|run004,"10-second adjacency is exploratory for leakage-risk screening, not a production threshold."
002_20200623_123055(5),2호기(2020.09.22),SN77127,20200623,2020-06-23T12:30:55,002_20200623_123051(1),4.0,2호기(2020.09.22)|SN77127|20200623|run004,"10-second adjacency is exploratory for leakage-risk screening, not a production threshold."
002_20200623_123100(0),2호기(2020.09.22),SN77127,20200623,2020-06-23T12:31:00,002_20200623_123055(5),5.0,2호기(2020.09.22)|SN77127|20200623|run004,"10-second adjacency is exploratory for leakage-risk screening, not a production threshold."
002_20200623_123104(5),2호기(2020.09.22),SN77127,20200623,2020-06-23T12:31:04,002_20200623_123100(0),4.0,2호기(2020.09.22)|SN77127|20200623|run004,"10-second adjacency is exploratory for leakage-risk screening, not a production threshold."
002_20200623_163020(3),2호기(2020.09.22),SN77127,20200623,2020-06-23T16:30:20,002_20200623_123104(5),14356.0,2호기(2020.09.22)|SN77127|20200623|run005,"10-second adjacency is exploratory for leakage-risk screening, not a production threshold."
002_20200623_163023(3),2호기(2020.09.22),SN77127,20200623,2020-06-23T16:30:23,002_20200623_163020(3),3.0,2호기(2020.09.22)|SN77127|20200623|run005,"10-second adjacency is exploratory for leakage-risk screening, not a production threshold."
002_20200623_163026(3),2호기(2020.09.22),SN77127,20200623,2020-06-23T16:30:26,002_20200623_163023(3),3.0,2호기(2020.09.22)|SN77127|20200623|run005,"10-second adjacency is exploratory for leakage-risk screening, not a production threshold."
002_20200623_163029(6),2호기(2020.09.22),SN77127,20200623,2020-06-23T16:30:29,002_20200623_163026(3),3.0,2호기(2020.09.22)|SN77127|20200623|run005,"10-second adjacency is exploratory for leakage-risk screening, not a production threshold."
002_20200623_163032(5),2호기(2020.09.22),SN77127,20200623,2020-06-23T16:30:32,002_20200623_163029(6),3.0,2호기(2020.09.22)|SN77127|20200623|run005,"10-second adjacency is exploratory for leakage-risk screening, not a production threshold."
002_20200623_163035(5),2호기(2020.09.22),SN77127,20200623,2020-06-23T16:30:35,002_20200623_163032(5),3.0,2호기(2020.09.22)|SN77127|20200623|run005,"10-second adjacency is exploratory for leakage-risk screening, not a production threshold."
002_20200623_203033(6),2호기(2020.09.22),SN77127,20200623,2020-06-23T20:30:33,002_20200623_163035(5),14398.0,2호기(2020.09.22)|SN77127|20200623|run006,"10-second adjacency is exploratory for leakage-risk screening, not a production threshold."
002_20200623_203038(0),2호기(2020.09.22),SN77127,20200623,2020-06-23T20:30:38,002_20200623_203033(6),5.0,2호기(2020.09.22)|SN77127|20200623|run006,"10-second adjacency is exploratory for leakage-risk screening, not a production threshold."
002_20200623_203042(5),2호기(2020.09.22),SN77127,20200623,2020-06-23T20:30:42,002_20200623_203038(0),4.0,2호기(2020.09.22)|SN77127|20200623|run006,"10-second adjacency is exploratory for leakage-risk screening, not a production threshold."
002_20200623_203047(0),2호기(2020.09.22),SN77127,20200623,2020-06-23T20:30:47,002_20200623_203042(5),5.0,2호기(2020.09.22)|SN77127|20200623|run006,"10-second adjacency is exploratory for leakage-risk screening, not a production threshold."
002_20200623_203050(0),2호기(2020.09.22),SN77127,20200623,2020-06-23T20:30:50,002_20200623_203047(0),3.0,2호기(2020.09.22)|SN77127|20200623|run006,"10-second adjacency is exploratory for leakage-risk screening, not a production threshold."
002_20200623_203054(6),2호기(2020.09.22),SN77127,20200623,2020-06-23T20:30:54,002_20200623_203050(0),4.0,2호기(2020.09.22)|SN77127|20200623|run006,"10-second adjacency is exploratory for leakage-risk screening, not a production threshold."
002_20200624_003107(0),1호기(2020.09.22),SN77128,20200624,2020-06-24T00:31:07,,,1호기(2020.09.22)|SN77128|20200624|run001,"10-second adjacency is exploratory for leakage-risk screening, not a production threshold."
002_20200624_003111(0),1호기(2020.09.22),SN77128,20200624,2020-06-24T00:31:11,002_20200624_003107(0),4.0,1호기(2020.09.22)|SN77128|20200624|run001,"10-second adjacency is exploratory for leakage-risk screening, not a production threshold."
002_20200624_003115(1),1호기(2020.09.22),SN77128,20200624,2020-06-24T00:31:15,002_20200624_003111(0),4.0,1호기(2020.09.22)|SN77128|20200624|run001,"10-second adjacency is exploratory for leakage-risk screening, not a production threshold."
002_20200624_003119(1),1호기(2020.09.22),SN77128,20200624,2020-06-24T00:31:19,002_20200624_003115(1),4.0,1호기(2020.09.22)|SN77128|20200624|run001,"10-second adjacency is exploratory for leakage-risk screening, not a production threshold."
002_20200624_003123(1),1호기(2020.09.22),SN77128,20200624,2020-06-24T00:31:23,002_20200624_003119(1),4.0,1호기(2020.09.22)|SN77128|20200624|run001,"10-second adjacency is exploratory for leakage-risk screening, not a production threshold."
002_20200624_003127(0),1호기(2020.09.22),SN77128,20200624,2020-06-24T00:31:27,002_20200624_003123(1),4.0,1호기(2020.09.22)|SN77128|20200624|run001,"10-second adjacency is exploratory for leakage-risk screening, not a production threshold."
002_20200624_043128(1),1호기(2020.09.22),SN77128,20200624,2020-06-24T04:31:28,002_20200624_003127(0),14401.0,1호기(2020.09.22)|SN77128|20200624|run002,"10-second adjacency is exploratory for leakage-risk screening, not a production threshold."
002_20200624_043132(2),1호기(2020.09.22),SN77128,20200624,2020-06-24T04:31:32,002_20200624_043128(1),4.0,1호기(2020.09.22)|SN77128|20200624|run002,"10-second adjacency is exploratory for leakage-risk screening, not a production threshold."
002_20200624_043136(1),1호기(2020.09.22),SN77128,20200624,2020-06-24T04:31:36,002_20200624_043132(2),4.0,1호기(2020.09.22)|SN77128|20200624|run002,"10-second adjacency is exploratory for leakage-risk screening, not a production threshold."
002_20200624_043140(2),1호기(2020.09.22),SN77128,20200624,2020-06-24T04:31:40,002_20200624_043136(1),4.0,1호기(2020.09.22)|SN77128|20200624|run002,"10-second adjacency is exploratory for leakage-risk screening, not a production threshold."
002_20200624_043144(2),1호기(2020.09.22),SN77128,20200624,2020-06-24T04:31:44,002_20200624_043140(2),4.0,1호기(2020.09.22)|SN77128|20200624|run002,"10-second adjacency is exploratory for leakage-risk screening, not a production threshold."
002_20200624_043148(1),1호기(2020.09.22),SN77128,20200624,2020-06-24T04:31:48,002_20200624_043144(2),4.0,1호기(2020.09.22)|SN77128|20200624|run002,"10-second adjacency is exploratory for leakage-risk screening, not a production threshold."
002_20200624_083045(5),1호기(2020.09.22),SN77128,20200624,2020-06-24T08:30:45,002_20200624_043148(1),14337.0,1호기(2020.09.22)|SN77128|20200624|run003,"10-second adjacency is exploratory for leakage-risk screening, not a production threshold."
002_20200624_083049(6),1호기(2020.09.22),SN77128,20200624,2020-06-24T08:30:49,002_20200624_083045(5),4.0,1호기(2020.09.22)|SN77128|20200624|run003,"10-second adjacency is exploratory for leakage-risk screening, not a production threshold."
002_20200624_083053(3),1호기(2020.09.22),SN77128,20200624,2020-06-24T08:30:53,002_20200624_083049(6),4.0,1호기(2020.09.22)|SN77128|20200624|run003,"10-second adjacency is exploratory for leakage-risk screening, not a production threshold."
002_20200624_083057(4),1호기(2020.09.22),SN77128,20200624,2020-06-24T08:30:57,002_20200624_083053(3),4.0,1호기(2020.09.22)|SN77128|20200624|run003,"10-second adjacency is exploratory for leakage-risk screening, not a production threshold."
002_20200624_083101(4),1호기(2020.09.22),SN77128,20200624,2020-06-24T08:31:01,002_20200624_083057(4),4.0,1호기(2020.09.22)|SN77128|20200624|run003,"10-second adjacency is exploratory for leakage-risk screening, not a production threshold."
002_20200624_083105(5),1호기(2020.09.22),SN77128,20200624,2020-06-24T08:31:05,002_20200624_083101(4),4.0,1호기(2020.09.22)|SN77128|20200624|run003,"10-second adjacency is exploratory for leakage-risk screening, not a production threshold."
002_20200624_123122(6),1호기(2020.09.22),SN77128,20200624,2020-06-24T12:31:22,002_20200624_083105(5),14417.0,1호기(2020.09.22)|SN77128|20200624|run004,"10-second adjacency is exploratory for leakage-risk screening, not a production threshold."
002_20200624_123126(4),1호기(2020.09.22),SN77128,20200624,2020-06-24T12:31:26,002_20200624_123122(6),4.0,1호기(2020.09.22)|SN77128|20200624|run004,"10-second adjacency is exploratory for leakage-risk screening, not a production threshold."
002_20200624_123129(9),1호기(2020.09.22),SN77128,20200624,2020-06-24T12:31:29,002_20200624_123126(4),3.0,1호기(2020.09.22)|SN77128|20200624|run004,"10-second adjacency is exploratory for leakage-risk screening, not a production threshold."
002_20200624_123133(0),1호기(2020.09.22),SN77128,20200624,2020-06-24T12:31:33,002_20200624_123129(9),4.0,1호기(2020.09.22)|SN77128|20200624|run004,"10-second adjacency is exploratory for leakage-risk screening, not a production threshold."
002_20200624_123136(5),1호기(2020.09.22),SN77128,20200624,2020-06-24T12:31:36,002_20200624_123133(0),3.0,1호기(2020.09.22)|SN77128|20200624|run004,"10-second adjacency is exploratory for leakage-risk screening, not a production threshold."
002_20200624_123143(7),1호기(2020.09.22),SN77128,20200624,2020-06-24T12:31:43,002_20200624_123136(5),7.0,1호기(2020.09.22)|SN77128|20200624|run004,"10-second adjacency is exploratory for leakage-risk screening, not a production threshold."
002_20200624_162522(0),1호기(2020.09.22),SN77128,20200624,2020-06-24T16:25:22,002_20200624_123143(7),14019.0,1호기(2020.09.22)|SN77128|20200624|run005,"10-second adjacency is exploratory for leakage-risk screening, not a production threshold."
002_20200624_162527(8),1호기(2020.09.22),SN77128,20200624,2020-06-24T16:25:27,002_20200624_162522(0),5.0,1호기(2020.09.22)|SN77128|20200624|run005,"10-second adjacency is exploratory for leakage-risk screening, not a production threshold."
002_20200624_162531(7),1호기(2020.09.22),SN77128,20200624,2020-06-24T16:25:31,002_20200624_162527(8),4.0,1호기(2020.09.22)|SN77128|20200624|run005,"10-second adjacency is exploratory for leakage-risk screening, not a production threshold."
002_20200624_162536(8),1호기(2020.09.22),SN77128,20200624,2020-06-24T16:25:36,002_20200624_162531(7),5.0,1호기(2020.09.22)|SN77128|20200624|run005,"10-second adjacency is exploratory for leakage-risk screening, not a production threshold."
002_20200624_162540(3),1호기(2020.09.22),SN77128,20200624,2020-06-24T16:25:40,002_20200624_162536(8),4.0,1호기(2020.09.22)|SN77128|20200624|run005,"10-second adjacency is exploratory for leakage-risk screening, not a production threshold."
002_20200624_162543(7),1호기(2020.09.22),SN77128,20200624,2020-06-24T16:25:43,002_20200624_162540(3),3.0,1호기(2020.09.22)|SN77128|20200624|run005,"10-second adjacency is exploratory for leakage-risk screening, not a production threshold."
002_20200624_203003(9),1호기(2020.09.22),SN77128,20200624,2020-06-24T20:30:03,002_20200624_162543(7),14660.0,1호기(2020.09.22)|SN77128|20200624|run006,"10-second adjacency is exploratory for leakage-risk screening, not a production threshold."
002_20200624_203012(9),1호기(2020.09.22),SN77128,20200624,2020-06-24T20:30:12,002_20200624_203003(9),9.0,1호기(2020.09.22)|SN77128|20200624|run006,"10-second adjacency is exploratory for leakage-risk screening, not a production threshold."
002_20200624_203017(4),1호기(2020.09.22),SN77128,20200624,2020-06-24T20:30:17,002_20200624_203012(9),5.0,1호기(2020.09.22)|SN77128|20200624|run006,"10-second adjacency is exploratory for leakage-risk screening, not a production threshold."
002_20200624_203021(9),1호기(2020.09.22),SN77128,20200624,2020-06-24T20:30:21,002_20200624_203017(4),4.0,1호기(2020.09.22)|SN77128|20200624|run006,"10-second adjacency is exploratory for leakage-risk screening, not a production threshold."
002_20200624_203026(4),1호기(2020.09.22),SN77128,20200624,2020-06-24T20:30:26,002_20200624_203021(9),5.0,1호기(2020.09.22)|SN77128|20200624|run006,"10-second adjacency is exploratory for leakage-risk screening, not a production threshold."
002_20200624_203044(4),1호기(2020.09.22),SN77128,20200624,2020-06-24T20:30:44,002_20200624_203026(4),18.0,1호기(2020.09.22)|SN77128|20200624|run007,"10-second adjacency is exploratory for leakage-risk screening, not a production threshold."
002_20200624_003115(6),2호기(2020.09.22),SN77127,20200624,2020-06-24T00:31:15,,,2호기(2020.09.22)|SN77127|20200624|run001,"10-second adjacency is exploratory for leakage-risk screening, not a production threshold."
002_20200624_003118(6),2호기(2020.09.22),SN77127,20200624,2020-06-24T00:31:18,002_20200624_003115(6),3.0,2호기(2020.09.22)|SN77127|20200624|run001,"10-second adjacency is exploratory for leakage-risk screening, not a production threshold."
002_20200624_003123(0),2호기(2020.09.22),SN77127,20200624,2020-06-24T00:31:23,002_20200624_003118(6),5.0,2호기(2020.09.22)|SN77127|20200624|run001,"10-second adjacency is exploratory for leakage-risk screening, not a production threshold."
002_20200624_003127(5),2호기(2020.09.22),SN77127,20200624,2020-06-24T00:31:27,002_20200624_003123(0),4.0,2호기(2020.09.22)|SN77127|20200624|run001,"10-second adjacency is exploratory for leakage-risk screening, not a production threshold."
002_20200624_003132(0),2호기(2020.09.22),SN77127,20200624,2020-06-24T00:31:32,002_20200624_003127(5),5.0,2호기(2020.09.22)|SN77127|20200624|run001,"10-second adjacency is exploratory for leakage-risk screening, not a production threshold."
002_20200624_003136(5),2호기(2020.09.22),SN77127,20200624,2020-06-24T00:31:36,002_20200624_003132(0),4.0,2호기(2020.09.22)|SN77127|20200624|run001,"10-second adjacency is exploratory for leakage-risk screening, not a production threshold."
002_20200624_043136(9),2호기(2020.09.22),SN77127,20200624,2020-06-24T04:31:36,002_20200624_003136(5),14400.0,2호기(2020.09.22)|SN77127|20200624|run002,"10-second adjacency is exploratory for leakage-risk screening, not a production threshold."
002_20200624_043141(4),2호기(2020.09.22),SN77127,20200624,2020-06-24T04:31:41,002_20200624_043136(9),5.0,2호기(2020.09.22)|SN77127|20200624|run002,"10-second adjacency is exploratory for leakage-risk screening, not a production threshold."
002_20200624_043145(8),2호기(2020.09.22),SN77127,20200624,2020-06-24T04:31:45,002_20200624_043141(4),4.0,2호기(2020.09.22)|SN77127|20200624|run002,"10-second adjacency is exploratory for leakage-risk screening, not a production threshold."
002_20200624_043150(3),2호기(2020.09.22),SN77127,20200624,2020-06-24T04:31:50,002_20200624_043145(8),5.0,2호기(2020.09.22)|SN77127|20200624|run002,"10-second adjacency is exploratory for leakage-risk screening, not a production threshold."
002_20200624_043154(8),2호기(2020.09.22),SN77127,20200624,2020-06-24T04:31:54,002_20200624_043150(3),4.0,2호기(2020.09.22)|SN77127|20200624|run002,"10-second adjacency is exploratory for leakage-risk screening, not a production threshold."
002_20200624_043159(4),2호기(2020.09.22),SN77127,20200624,2020-06-24T04:31:59,002_20200624_043154(8),5.0,2호기(2020.09.22)|SN77127|20200624|run002,"10-second adjacency is exploratory for leakage-risk screening, not a production threshold."
002_20200624_083032(4),2호기(2020.09.22),SN77127,20200624,2020-06-24T08:30:32,002_20200624_043159(4),14313.0,2호기(2020.09.22)|SN77127|20200624|run003,"10-second adjacency is exploratory for leakage-risk screening, not a production threshold."
002_20200624_083036(9),2호기(2020.09.22),SN77127,20200624,2020-06-24T08:30:36,002_20200624_083032(4),4.0,2호기(2020.09.22)|SN77127|20200624|run003,"10-second adjacency is exploratory for leakage-risk screening, not a production threshold."
002_20200624_083041(3),2호기(2020.09.22),SN77127,20200624,2020-06-24T08:30:41,002_20200624_083036(9),5.0,2호기(2020.09.22)|SN77127|20200624|run003,"10-second adjacency is exploratory for leakage-risk screening, not a production threshold."
002_20200624_083045(8),2호기(2020.09.22),SN77127,20200624,2020-06-24T08:30:45,002_20200624_083041(3),4.0,2호기(2020.09.22)|SN77127|20200624|run003,"10-second adjacency is exploratory for leakage-risk screening, not a production threshold."
002_20200624_083050(4),2호기(2020.09.22),SN77127,20200624,2020-06-24T08:30:50,002_20200624_083045(8),5.0,2호기(2020.09.22)|SN77127|20200624|run003,"10-second adjacency is exploratory for leakage-risk screening, not a production threshold."
002_20200624_083054(9),2호기(2020.09.22),SN77127,20200624,2020-06-24T08:30:54,002_20200624_083050(4),4.0,2호기(2020.09.22)|SN77127|20200624|run003,"10-second adjacency is exploratory for leakage-risk screening, not a production threshold."
002_20200624_123144(0),2호기(2020.09.22),SN77127,20200624,2020-06-24T12:31:44,002_20200624_083054(9),14450.0,2호기(2020.09.22)|SN77127|20200624|run004,"10-second adjacency is exploratory for leakage-risk screening, not a production threshold."
002_20200624_123148(2),2호기(2020.09.22),SN77127,20200624,2020-06-24T12:31:48,002_20200624_123144(0),4.0,2호기(2020.09.22)|SN77127|20200624|run004,"10-second adjacency is exploratory for leakage-risk screening, not a production threshold."
002_20200624_123152(7),2호기(2020.09.22),SN77127,20200624,2020-06-24T12:31:52,002_20200624_123148(2),4.0,2호기(2020.09.22)|SN77127|20200624|run004,"10-second adjacency is exploratory for leakage-risk screening, not a production threshold."
002_20200624_123157(4),2호기(2020.09.22),SN77127,20200624,2020-06-24T12:31:57,002_20200624_123152(7),5.0,2호기(2020.09.22)|SN77127|20200624|run004,"10-second adjacency is exploratory for leakage-risk screening, not a production threshold."
002_20200624_123201(7),2호기(2020.09.22),SN77127,20200624,2020-06-24T12:32:01,002_20200624_123157(4),4.0,2호기(2020.09.22)|SN77127|20200624|run004,"10-second adjacency is exploratory for leakage-risk screening, not a production threshold."
002_20200624_123206(2),2호기(2020.09.22),SN77127,20200624,2020-06-24T12:32:06,002_20200624_123201(7),5.0,2호기(2020.09.22)|SN77127|20200624|run004,"10-second adjacency is exploratory for leakage-risk screening, not a production threshold."
002_20200624_162708(9),2호기(2020.09.22),SN77127,20200624,2020-06-24T16:27:08,002_20200624_123206(2),14102.0,2호기(2020.09.22)|SN77127|20200624|run005,"10-second adjacency is exploratory for leakage-risk screening, not a production threshold."
002_20200624_162713(4),2호기(2020.09.22),SN77127,20200624,2020-06-24T16:27:13,002_20200624_162708(9),5.0,2호기(2020.09.22)|SN77127|20200624|run005,"10-second adjacency is exploratory for leakage-risk screening, not a production threshold."
002_20200624_162717(9),2호기(2020.09.22),SN77127,20200624,2020-06-24T16:27:17,002_20200624_162713(4),4.0,2호기(2020.09.22)|SN77127|20200624|run005,"10-second adjacency is exploratory for leakage-risk screening, not a production threshold."
002_20200624_162722(4),2호기(2020.09.22),SN77127,20200624,2020-06-24T16:27:22,002_20200624_162717(9),5.0,2호기(2020.09.22)|SN77127|20200624|run005,"10-second adjacency is exploratory for leakage-risk screening, not a production threshold."
002_20200624_203111(4),2호기(2020.09.22),SN77127,20200624,2020-06-24T20:31:11,002_20200624_162722(4),14629.0,2호기(2020.09.22)|SN77127|20200624|run006,"10-second adjacency is exploratory for leakage-risk screening, not a production threshold."
002_20200624_203114(3),2호기(2020.09.22),SN77127,20200624,2020-06-24T20:31:14,002_20200624_203111(4),3.0,2호기(2020.09.22)|SN77127|20200624|run006,"10-second adjacency is exploratory for leakage-risk screening, not a production threshold."
002_20200624_203117(3),2호기(2020.09.22),SN77127,20200624,2020-06-24T20:31:17,002_20200624_203114(3),3.0,2호기(2020.09.22)|SN77127|20200624|run006,"10-second adjacency is exploratory for leakage-risk screening, not a production threshold."
002_20200624_203120(3),2호기(2020.09.22),SN77127,20200624,2020-06-24T20:31:20,002_20200624_203117(3),3.0,2호기(2020.09.22)|SN77127|20200624|run006,"10-second adjacency is exploratory for leakage-risk screening, not a production threshold."
002_20200624_203123(3),2호기(2020.09.22),SN77127,20200624,2020-06-24T20:31:23,002_20200624_203120(3),3.0,2호기(2020.09.22)|SN77127|20200624|run006,"10-second adjacency is exploratory for leakage-risk screening, not a production threshold."
002_20200624_203126(3),2호기(2020.09.22),SN77127,20200624,2020-06-24T20:31:26,002_20200624_203123(3),3.0,2호기(2020.09.22)|SN77127|20200624|run006,"10-second adjacency is exploratory for leakage-risk screening, not a production threshold."
002_20200625_003116(4),1호기(2020.09.22),SN77128,20200625,2020-06-25T00:31:16,,,1호기(2020.09.22)|SN77128|20200625|run001,"10-second adjacency is exploratory for leakage-risk screening, not a production threshold."
002_20200625_003120(7),1호기(2020.09.22),SN77128,20200625,2020-06-25T00:31:20,002_20200625_003116(4),4.0,1호기(2020.09.22)|SN77128|20200625|run001,"10-second adjacency is exploratory for leakage-risk screening, not a production threshold."
002_20200625_003125(4),1호기(2020.09.22),SN77128,20200625,2020-06-25T00:31:25,002_20200625_003120(7),5.0,1호기(2020.09.22)|SN77128|20200625|run001,"10-second adjacency is exploratory for leakage-risk screening, not a production threshold."
002_20200625_003130(0),1호기(2020.09.22),SN77128,20200625,2020-06-25T00:31:30,002_20200625_003125(4),5.0,1호기(2020.09.22)|SN77128|20200625|run001,"10-second adjacency is exploratory for leakage-risk screening, not a production threshold."
002_20200625_003134(4),1호기(2020.09.22),SN77128,20200625,2020-06-25T00:31:34,002_20200625_003130(0),4.0,1호기(2020.09.22)|SN77128|20200625|run001,"10-second adjacency is exploratory for leakage-risk screening, not a production threshold."
002_20200625_003139(0),1호기(2020.09.22),SN77128,20200625,2020-06-25T00:31:39,002_20200625_003134(4),5.0,1호기(2020.09.22)|SN77128|20200625|run001,"10-second adjacency is exploratory for leakage-risk screening, not a production threshold."
002_20200625_042934(9),1호기(2020.09.22),SN77128,20200625,2020-06-25T04:29:34,002_20200625_003139(0),14275.0,1호기(2020.09.22)|SN77128|20200625|run002,"10-second adjacency is exploratory for leakage-risk screening, not a production threshold."
002_20200625_042939(2),1호기(2020.09.22),SN77128,20200625,2020-06-25T04:29:39,002_20200625_042934(9),5.0,1호기(2020.09.22)|SN77128|20200625|run002,"10-second adjacency is exploratory for leakage-risk screening, not a production threshold."
002_20200625_042943(7),1호기(2020.09.22),SN77128,20200625,2020-06-25T04:29:43,002_20200625_042939(2),4.0,1호기(2020.09.22)|SN77128|20200625|run002,"10-second adjacency is exploratory for leakage-risk screening, not a production threshold."
002_20200625_042948(3),1호기(2020.09.22),SN77128,20200625,2020-06-25T04:29:48,002_20200625_042943(7),5.0,1호기(2020.09.22)|SN77128|20200625|run002,"10-second adjacency is exploratory for leakage-risk screening, not a production threshold."
002_20200625_042952(8),1호기(2020.09.22),SN77128,20200625,2020-06-25T04:29:52,002_20200625_042948(3),4.0,1호기(2020.09.22)|SN77128|20200625|run002,"10-second adjacency is exploratory for leakage-risk screening, not a production threshold."
002_20200625_042957(3),1호기(2020.09.22),SN77128,20200625,2020-06-25T04:29:57,002_20200625_042952(8),5.0,1호기(2020.09.22)|SN77128|20200625|run002,"10-second adjacency is exploratory for leakage-risk screening, not a production threshold."
002_20200625_003352(9),2호기(2020.09.22),SN77127,20200625,2020-06-25T00:33:52,,,2호기(2020.09.22)|SN77127|20200625|run001,"10-second adjacency is exploratory for leakage-risk screening, not a production threshold."
002_20200625_003357(4),2호기(2020.09.22),SN77127,20200625,2020-06-25T00:33:57,002_20200625_003352(9),5.0,2호기(2020.09.22)|SN77127|20200625|run001,"10-second adjacency is exploratory for leakage-risk screening, not a production threshold."
002_20200625_003401(8),2호기(2020.09.22),SN77127,20200625,2020-06-25T00:34:01,002_20200625_003357(4),4.0,2호기(2020.09.22)|SN77127|20200625|run001,"10-second adjacency is exploratory for leakage-risk screening, not a production threshold."
002_20200625_003406(3),2호기(2020.09.22),SN77127,20200625,2020-06-25T00:34:06,002_20200625_003401(8),5.0,2호기(2020.09.22)|SN77127|20200625|run001,"10-second adjacency is exploratory for leakage-risk screening, not a production threshold."
002_20200625_003410(8),2호기(2020.09.22),SN77127,20200625,2020-06-25T00:34:10,002_20200625_003406(3),4.0,2호기(2020.09.22)|SN77127|20200625|run001,"10-second adjacency is exploratory for leakage-risk screening, not a production threshold."
002_20200625_003415(4),2호기(2020.09.22),SN77127,20200625,2020-06-25T00:34:15,002_20200625_003410(8),5.0,2호기(2020.09.22)|SN77127|20200625|run001,"10-second adjacency is exploratory for leakage-risk screening, not a production threshold."
002_20200629_082630(7),1호기(2020.09.22),SN77128,20200629,2020-06-29T08:26:30,,,1호기(2020.09.22)|SN77128|20200629|run001,"10-second adjacency is exploratory for leakage-risk screening, not a production threshold."
002_20200629_082639(2),1호기(2020.09.22),SN77128,20200629,2020-06-29T08:26:39,002_20200629_082630(7),9.0,1호기(2020.09.22)|SN77128|20200629|run001,"10-second adjacency is exploratory for leakage-risk screening, not a production threshold."
002_20200629_082642(2),1호기(2020.09.22),SN77128,20200629,2020-06-29T08:26:42,002_20200629_082639(2),3.0,1호기(2020.09.22)|SN77128|20200629|run001,"10-second adjacency is exploratory for leakage-risk screening, not a production threshold."
002_20200629_082645(4),1호기(2020.09.22),SN77128,20200629,2020-06-29T08:26:45,002_20200629_082642(2),3.0,1호기(2020.09.22)|SN77128|20200629|run001,"10-second adjacency is exploratory for leakage-risk screening, not a production threshold."
002_20200629_082823(5),2호기(2020.09.22),SN77127,20200629,2020-06-29T08:28:23,,,2호기(2020.09.22)|SN77127|20200629|run001,"10-second adjacency is exploratory for leakage-risk screening, not a production threshold."
002_20200629_082828(5),2호기(2020.09.22),SN77127,20200629,2020-06-29T08:28:28,002_20200629_082823(5),5.0,2호기(2020.09.22)|SN77127|20200629|run001,"10-second adjacency is exploratory for leakage-risk screening, not a production threshold."
002_20200629_082831(3),2호기(2020.09.22),SN77127,20200629,2020-06-29T08:28:31,002_20200629_082828(5),3.0,2호기(2020.09.22)|SN77127|20200629|run001,"10-second adjacency is exploratory for leakage-risk screening, not a production threshold."
002_20200629_082834(2),2호기(2020.09.22),SN77127,20200629,2020-06-29T08:28:34,002_20200629_082831(3),3.0,2호기(2020.09.22)|SN77127|20200629|run001,"10-second adjacency is exploratory for leakage-risk screening, not a production threshold."
002_20200629_082837(0),2호기(2020.09.22),SN77127,20200629,2020-06-29T08:28:37,002_20200629_082834(2),3.0,2호기(2020.09.22)|SN77127|20200629|run001,"10-second adjacency is exploratory for leakage-risk screening, not a production threshold."
002_20200629_082839(9),2호기(2020.09.22),SN77127,20200629,2020-06-29T08:28:39,002_20200629_082837(0),2.0,2호기(2020.09.22)|SN77127|20200629|run001,"10-second adjacency is exploratory for leakage-risk screening, not a production threshold."
002_20200629_123442(5),2호기(2020.09.22),SN77127,20200629,2020-06-29T12:34:42,002_20200629_082839(9),14763.0,2호기(2020.09.22)|SN77127|20200629|run002,"10-second adjacency is exploratory for leakage-risk screening, not a production threshold."
002_20200629_123447(0),2호기(2020.09.22),SN77127,20200629,2020-06-29T12:34:47,002_20200629_123442(5),5.0,2호기(2020.09.22)|SN77127|20200629|run002,"10-second adjacency is exploratory for leakage-risk screening, not a production threshold."
002_20200629_123451(5),2호기(2020.09.22),SN77127,20200629,2020-06-29T12:34:51,002_20200629_123447(0),4.0,2호기(2020.09.22)|SN77127|20200629|run002,"10-second adjacency is exploratory for leakage-risk screening, not a production threshold."
002_20200629_123456(0),2호기(2020.09.22),SN77127,20200629,2020-06-29T12:34:56,002_20200629_123451(5),5.0,2호기(2020.09.22)|SN77127|20200629|run002,"10-second adjacency is exploratory for leakage-risk screening, not a production threshold."
002_20200629_123500(5),2호기(2020.09.22),SN77127,20200629,2020-06-29T12:35:00,002_20200629_123456(0),4.0,2호기(2020.09.22)|SN77127|20200629|run002,"10-second adjacency is exploratory for leakage-risk screening, not a production threshold."
002_20200629_123505(0),2호기(2020.09.22),SN77127,20200629,2020-06-29T12:35:05,002_20200629_123500(5),5.0,2호기(2020.09.22)|SN77127|20200629|run002,"10-second adjacency is exploratory for leakage-risk screening, not a production threshold."
002_20200629_163656(7),2호기(2020.09.22),SN77127,20200629,2020-06-29T16:36:56,002_20200629_123505(0),14511.0,2호기(2020.09.22)|SN77127|20200629|run003,"10-second adjacency is exploratory for leakage-risk screening, not a production threshold."
002_20200629_163659(7),2호기(2020.09.22),SN77127,20200629,2020-06-29T16:36:59,002_20200629_163656(7),3.0,2호기(2020.09.22)|SN77127|20200629|run003,"10-second adjacency is exploratory for leakage-risk screening, not a production threshold."
002_20200629_163702(8),2호기(2020.09.22),SN77127,20200629,2020-06-29T16:37:02,002_20200629_163659(7),3.0,2호기(2020.09.22)|SN77127|20200629|run003,"10-second adjacency is exploratory for leakage-risk screening, not a production threshold."
002_20200629_163705(8),2호기(2020.09.22),SN77127,20200629,2020-06-29T16:37:05,002_20200629_163702(8),3.0,2호기(2020.09.22)|SN77127|20200629|run003,"10-second adjacency is exploratory for leakage-risk screening, not a production threshold."
002_20200629_163708(9),2호기(2020.09.22),SN77127,20200629,2020-06-29T16:37:08,002_20200629_163705(8),3.0,2호기(2020.09.22)|SN77127|20200629|run003,"10-second adjacency is exploratory for leakage-risk screening, not a production threshold."
002_20200629_163711(8),2호기(2020.09.22),SN77127,20200629,2020-06-29T16:37:11,002_20200629_163708(9),3.0,2호기(2020.09.22)|SN77127|20200629|run003,"10-second adjacency is exploratory for leakage-risk screening, not a production threshold."
002_20200714_042641(8),1호기(2020.09.22),SN77128,20200714,2020-07-14T04:26:41,,,1호기(2020.09.22)|SN77128|20200714|run001,"10-second adjacency is exploratory for leakage-risk screening, not a production threshold."
002_20200714_083054(2),1호기(2020.09.22),SN77128,20200714,2020-07-14T08:30:54,002_20200714_042641(8),14653.0,1호기(2020.09.22)|SN77128|20200714|run002,"10-second adjacency is exploratory for leakage-risk screening, not a production threshold."
002_20200714_083057(5),1호기(2020.09.22),SN77128,20200714,2020-07-14T08:30:57,002_20200714_083054(2),3.0,1호기(2020.09.22)|SN77128|20200714|run002,"10-second adjacency is exploratory for leakage-risk screening, not a production threshold."
002_20200714_083101(7),1호기(2020.09.22),SN77128,20200714,2020-07-14T08:31:01,002_20200714_083057(5),4.0,1호기(2020.09.22)|SN77128|20200714|run002,"10-second adjacency is exploratory for leakage-risk screening, not a production threshold."
002_20200714_083106(2),1호기(2020.09.22),SN77128,20200714,2020-07-14T08:31:06,002_20200714_083101(7),5.0,1호기(2020.09.22)|SN77128|20200714|run002,"10-second adjacency is exploratory for leakage-risk screening, not a production threshold."
002_20200714_083110(8),1호기(2020.09.22),SN77128,20200714,2020-07-14T08:31:10,002_20200714_083106(2),4.0,1호기(2020.09.22)|SN77128|20200714|run002,"10-second adjacency is exploratory for leakage-risk screening, not a production threshold."
002_20200714_083115(1),1호기(2020.09.22),SN77128,20200714,2020-07-14T08:31:15,002_20200714_083110(8),5.0,1호기(2020.09.22)|SN77128|20200714|run002,"10-second adjacency is exploratory for leakage-risk screening, not a production threshold."
002_20200714_123109(8),1호기(2020.09.22),SN77128,20200714,2020-07-14T12:31:09,002_20200714_083115(1),14394.0,1호기(2020.09.22)|SN77128|20200714|run003,"10-second adjacency is exploratory for leakage-risk screening, not a production threshold."
002_20200714_123113(1),1호기(2020.09.22),SN77128,20200714,2020-07-14T12:31:13,002_20200714_123109(8),4.0,1호기(2020.09.22)|SN77128|20200714|run003,"10-second adjacency is exploratory for leakage-risk screening, not a production threshold."
002_20200714_123117(3),1호기(2020.09.22),SN77128,20200714,2020-07-14T12:31:17,002_20200714_123113(1),4.0,1호기(2020.09.22)|SN77128|20200714|run003,"10-second adjacency is exploratory for leakage-risk screening, not a production threshold."
002_20200714_123120(4),1호기(2020.09.22),SN77128,20200714,2020-07-14T12:31:20,002_20200714_123117(3),3.0,1호기(2020.09.22)|SN77128|20200714|run003,"10-second adjacency is exploratory for leakage-risk screening, not a production threshold."
002_20200714_123123(5),1호기(2020.09.22),SN77128,20200714,2020-07-14T12:31:23,002_20200714_123120(4),3.0,1호기(2020.09.22)|SN77128|20200714|run003,"10-second adjacency is exploratory for leakage-risk screening, not a production threshold."
002_20200714_123126(4),1호기(2020.09.22),SN77128,20200714,2020-07-14T12:31:26,002_20200714_123123(5),3.0,1호기(2020.09.22)|SN77128|20200714|run003,"10-second adjacency is exploratory for leakage-risk screening, not a production threshold."
002_20200714_163046(2),1호기(2020.09.22),SN77128,20200714,2020-07-14T16:30:46,002_20200714_123126(4),14360.0,1호기(2020.09.22)|SN77128|20200714|run004,"10-second adjacency is exploratory for leakage-risk screening, not a production threshold."
002_20200714_163049(8),1호기(2020.09.22),SN77128,20200714,2020-07-14T16:30:49,002_20200714_163046(2),3.0,1호기(2020.09.22)|SN77128|20200714|run004,"10-second adjacency is exploratory for leakage-risk screening, not a production threshold."
002_20200714_163053(5),1호기(2020.09.22),SN77128,20200714,2020-07-14T16:30:53,002_20200714_163049(8),4.0,1호기(2020.09.22)|SN77128|20200714|run004,"10-second adjacency is exploratory for leakage-risk screening, not a production threshold."
002_20200714_163056(8),1호기(2020.09.22),SN77128,20200714,2020-07-14T16:30:56,002_20200714_163053(5),3.0,1호기(2020.09.22)|SN77128|20200714|run004,"10-second adjacency is exploratory for leakage-risk screening, not a production threshold."
002_20200714_163100(2),1호기(2020.09.22),SN77128,20200714,2020-07-14T16:31:00,002_20200714_163056(8),4.0,1호기(2020.09.22)|SN77128|20200714|run004,"10-second adjacency is exploratory for leakage-risk screening, not a production threshold."
002_20200714_163103(5),1호기(2020.09.22),SN77128,20200714,2020-07-14T16:31:03,002_20200714_163100(2),3.0,1호기(2020.09.22)|SN77128|20200714|run004,"10-second adjacency is exploratory for leakage-risk screening, not a production threshold."
002_20200714_225756(0),1호기(2020.09.22),SN77128,20200714,2020-07-14T22:57:56,002_20200714_163103(5),23213.0,1호기(2020.09.22)|SN77128|20200714|run005,"10-second adjacency is exploratory for leakage-risk screening, not a production threshold."
002_20200714_225759(8),1호기(2020.09.22),SN77128,20200714,2020-07-14T22:57:59,002_20200714_225756(0),3.0,1호기(2020.09.22)|SN77128|20200714|run005,"10-second adjacency is exploratory for leakage-risk screening, not a production threshold."
002_20200714_225803(3),1호기(2020.09.22),SN77128,20200714,2020-07-14T22:58:03,002_20200714_225759(8),4.0,1호기(2020.09.22)|SN77128|20200714|run005,"10-second adjacency is exploratory for leakage-risk screening, not a production threshold."
002_20200714_225807(3),1호기(2020.09.22),SN77128,20200714,2020-07-14T22:58:07,002_20200714_225803(3),4.0,1호기(2020.09.22)|SN77128|20200714|run005,"10-second adjacency is exploratory for leakage-risk screening, not a production threshold."
002_20200714_225810(5),1호기(2020.09.22),SN77128,20200714,2020-07-14T22:58:10,002_20200714_225807(3),3.0,1호기(2020.09.22)|SN77128|20200714|run005,"10-second adjacency is exploratory for leakage-risk screening, not a production threshold."
002_20200714_225817(4),1호기(2020.09.22),SN77128,20200714,2020-07-14T22:58:17,002_20200714_225810(5),7.0,1호기(2020.09.22)|SN77128|20200714|run005,"10-second adjacency is exploratory for leakage-risk screening, not a production threshold."
002_20200715_002443(4),1호기(2020.09.22),SN77128,20200715,2020-07-15T00:24:43,,,1호기(2020.09.22)|SN77128|20200715|run001,"10-second adjacency is exploratory for leakage-risk screening, not a production threshold."
002_20200715_002447(9),1호기(2020.09.22),SN77128,20200715,2020-07-15T00:24:47,002_20200715_002443(4),4.0,1호기(2020.09.22)|SN77128|20200715|run001,"10-second adjacency is exploratory for leakage-risk screening, not a production threshold."
002_20200715_002456(9),1호기(2020.09.22),SN77128,20200715,2020-07-15T00:24:56,002_20200715_002447(9),9.0,1호기(2020.09.22)|SN77128|20200715|run001,"10-second adjacency is exploratory for leakage-risk screening, not a production threshold."
002_20200715_002509(0),1호기(2020.09.22),SN77128,20200715,2020-07-15T00:25:09,002_20200715_002456(9),13.0,1호기(2020.09.22)|SN77128|20200715|run002,"10-second adjacency is exploratory for leakage-risk screening, not a production threshold."
002_20200715_002513(4),1호기(2020.09.22),SN77128,20200715,2020-07-15T00:25:13,002_20200715_002509(0),4.0,1호기(2020.09.22)|SN77128|20200715|run002,"10-second adjacency is exploratory for leakage-risk screening, not a production threshold."
002_20200831_163149(1),2호기(2020.09.22),SN77127,20200831,2020-08-31T16:31:49,,,2호기(2020.09.22)|SN77127|20200831|run001,"10-second adjacency is exploratory for leakage-risk screening, not a production threshold."
002_20200831_163150(6),2호기(2020.09.22),SN77127,20200831,2020-08-31T16:31:50,002_20200831_163149(1),1.0,2호기(2020.09.22)|SN77127|20200831|run001,"10-second adjacency is exploratory for leakage-risk screening, not a production threshold."
002_20200831_203101(4),2호기(2020.09.22),SN77127,20200831,2020-08-31T20:31:01,002_20200831_163150(6),14351.0,2호기(2020.09.22)|SN77127|20200831|run002,"10-second adjacency is exploratory for leakage-risk screening, not a production threshold."
002_20200831_203105(9),2호기(2020.09.22),SN77127,20200831,2020-08-31T20:31:05,002_20200831_203101(4),4.0,2호기(2020.09.22)|SN77127|20200831|run002,"10-second adjacency is exploratory for leakage-risk screening, not a production threshold."
002_20200901_003133(6),2호기(2020.09.22),SN77127,20200901,2020-09-01T00:31:33,,,2호기(2020.09.22)|SN77127|20200901|run001,"10-second adjacency is exploratory for leakage-risk screening, not a production threshold."
002_20200901_003136(6),2호기(2020.09.22),SN77127,20200901,2020-09-01T00:31:36,002_20200901_003133(6),3.0,2호기(2020.09.22)|SN77127|20200901|run001,"10-second adjacency is exploratory for leakage-risk screening, not a production threshold."
002_20200901_003139(6),2호기(2020.09.22),SN77127,20200901,2020-09-01T00:31:39,002_20200901_003136(6),3.0,2호기(2020.09.22)|SN77127|20200901|run001,"10-second adjacency is exploratory for leakage-risk screening, not a production threshold."
002_20200901_003142(6),2호기(2020.09.22),SN77127,20200901,2020-09-01T00:31:42,002_20200901_003139(6),3.0,2호기(2020.09.22)|SN77127|20200901|run001,"10-second adjacency is exploratory for leakage-risk screening, not a production threshold."
002_20200901_003148(6),2호기(2020.09.22),SN77127,20200901,2020-09-01T00:31:48,002_20200901_003142(6),6.0,2호기(2020.09.22)|SN77127|20200901|run001,"10-second adjacency is exploratory for leakage-risk screening, not a production threshold."
002_20200901_043133(6),2호기(2020.09.22),SN77127,20200901,2020-09-01T04:31:33,002_20200901_003148(6),14385.0,2호기(2020.09.22)|SN77127|20200901|run002,"10-second adjacency is exploratory for leakage-risk screening, not a production threshold."
002_20200901_043136(6),2호기(2020.09.22),SN77127,20200901,2020-09-01T04:31:36,002_20200901_043133(6),3.0,2호기(2020.09.22)|SN77127|20200901|run002,"10-second adjacency is exploratory for leakage-risk screening, not a production threshold."
002_20200901_043139(6),2호기(2020.09.22),SN77127,20200901,2020-09-01T04:31:39,002_20200901_043136(6),3.0,2호기(2020.09.22)|SN77127|20200901|run002,"10-second adjacency is exploratory for leakage-risk screening, not a production threshold."
002_20200901_043142(6),2호기(2020.09.22),SN77127,20200901,2020-09-01T04:31:42,002_20200901_043139(6),3.0,2호기(2020.09.22)|SN77127|20200901|run002,"10-second adjacency is exploratory for leakage-risk screening, not a production threshold."
002_20200901_043145(5),2호기(2020.09.22),SN77127,20200901,2020-09-01T04:31:45,002_20200901_043142(6),3.0,2호기(2020.09.22)|SN77127|20200901|run002,"10-second adjacency is exploratory for leakage-risk screening, not a production threshold."
002_20200901_043148(6),2호기(2020.09.22),SN77127,20200901,2020-09-01T04:31:48,002_20200901_043145(5),3.0,2호기(2020.09.22)|SN77127|20200901|run002,"10-second adjacency is exploratory for leakage-risk screening, not a production threshold."
002_20200901_083204(5),2호기(2020.09.22),SN77127,20200901,2020-09-01T08:32:04,002_20200901_043148(6),14416.0,2호기(2020.09.22)|SN77127|20200901|run003,"10-second adjacency is exploratory for leakage-risk screening, not a production threshold."
002_20200901_083452(2),2호기(2020.09.22),SN77127,20200901,2020-09-01T08:34:52,002_20200901_083204(5),168.0,2호기(2020.09.22)|SN77127|20200901|run004,"10-second adjacency is exploratory for leakage-risk screening, not a production threshold."
002_20200901_083456(7),2호기(2020.09.22),SN77127,20200901,2020-09-01T08:34:56,002_20200901_083452(2),4.0,2호기(2020.09.22)|SN77127|20200901|run004,"10-second adjacency is exploratory for leakage-risk screening, not a production threshold."
002_20200901_083501(2),2호기(2020.09.22),SN77127,20200901,2020-09-01T08:35:01,002_20200901_083456(7),5.0,2호기(2020.09.22)|SN77127|20200901|run004,"10-second adjacency is exploratory for leakage-risk screening, not a production threshold."
002_20200901_083505(8),2호기(2020.09.22),SN77127,20200901,2020-09-01T08:35:05,002_20200901_083501(2),4.0,2호기(2020.09.22)|SN77127|20200901|run004,"10-second adjacency is exploratory for leakage-risk screening, not a production threshold."
002_20200901_083510(2),2호기(2020.09.22),SN77127,20200901,2020-09-01T08:35:10,002_20200901_083505(8),5.0,2호기(2020.09.22)|SN77127|20200901|run004,"10-second adjacency is exploratory for leakage-risk screening, not a production threshold."
002_20200901_083514(7),2호기(2020.09.22),SN77127,20200901,2020-09-01T08:35:14,002_20200901_083510(2),4.0,2호기(2020.09.22)|SN77127|20200901|run004,"10-second adjacency is exploratory for leakage-risk screening, not a production threshold."
002_20200901_123049(7),2호기(2020.09.22),SN77127,20200901,2020-09-01T12:30:49,002_20200901_083514(7),14135.0,2호기(2020.09.22)|SN77127|20200901|run005,"10-second adjacency is exploratory for leakage-risk screening, not a production threshold."
002_20200901_123052(7),2호기(2020.09.22),SN77127,20200901,2020-09-01T12:30:52,002_20200901_123049(7),3.0,2호기(2020.09.22)|SN77127|20200901|run005,"10-second adjacency is exploratory for leakage-risk screening, not a production threshold."
002_20200901_123100(3),2호기(2020.09.22),SN77127,20200901,2020-09-01T12:31:00,002_20200901_123052(7),8.0,2호기(2020.09.22)|SN77127|20200901|run005,"10-second adjacency is exploratory for leakage-risk screening, not a production threshold."
002_20200901_123104(8),2호기(2020.09.22),SN77127,20200901,2020-09-01T12:31:04,002_20200901_123100(3),4.0,2호기(2020.09.22)|SN77127|20200901|run005,"10-second adjacency is exploratory for leakage-risk screening, not a production threshold."
002_20200901_123109(2),2호기(2020.09.22),SN77127,20200901,2020-09-01T12:31:09,002_20200901_123104(8),5.0,2호기(2020.09.22)|SN77127|20200901|run005,"10-second adjacency is exploratory for leakage-risk screening, not a production threshold."
002_20200901_191340(2),2호기(2020.09.22),SN77127,20200901,2020-09-01T19:13:40,002_20200901_123109(2),24151.0,2호기(2020.09.22)|SN77127|20200901|run006,"10-second adjacency is exploratory for leakage-risk screening, not a production threshold."
002_20200901_191343(2),2호기(2020.09.22),SN77127,20200901,2020-09-01T19:13:43,002_20200901_191340(2),3.0,2호기(2020.09.22)|SN77127|20200901|run006,"10-second adjacency is exploratory for leakage-risk screening, not a production threshold."
002_20200901_191346(1),2호기(2020.09.22),SN77127,20200901,2020-09-01T19:13:46,002_20200901_191343(2),3.0,2호기(2020.09.22)|SN77127|20200901|run006,"10-second adjacency is exploratory for leakage-risk screening, not a production threshold."
002_20200901_191348(8),2호기(2020.09.22),SN77127,20200901,2020-09-01T19:13:48,002_20200901_191346(1),2.0,2호기(2020.09.22)|SN77127|20200901|run006,"10-second adjacency is exploratory for leakage-risk screening, not a production threshold."
002_20200901_191351(5),2호기(2020.09.22),SN77127,20200901,2020-09-01T19:13:51,002_20200901_191348(8),3.0,2호기(2020.09.22)|SN77127|20200901|run006,"10-second adjacency is exploratory for leakage-risk screening, not a production threshold."
002_20200904_230054(2),2호기(2020.09.22),SN77127,20200904,2020-09-04T23:00:54,,,2호기(2020.09.22)|SN77127|20200904|run001,"10-second adjacency is exploratory for leakage-risk screening, not a production threshold."
002_20200904_230057(6),2호기(2020.09.22),SN77127,20200904,2020-09-04T23:00:57,002_20200904_230054(2),3.0,2호기(2020.09.22)|SN77127|20200904|run001,"10-second adjacency is exploratory for leakage-risk screening, not a production threshold."
002_20200904_230105(4),2호기(2020.09.22),SN77127,20200904,2020-09-04T23:01:05,002_20200904_230057(6),8.0,2호기(2020.09.22)|SN77127|20200904|run001,"10-second adjacency is exploratory for leakage-risk screening, not a production threshold."
002_20200905_003315(2),2호기(2020.09.22),SN77127,20200905,2020-09-05T00:33:15,,,2호기(2020.09.22)|SN77127|20200905|run001,"10-second adjacency is exploratory for leakage-risk screening, not a production threshold."
002_20200905_003319(2),2호기(2020.09.22),SN77127,20200905,2020-09-05T00:33:19,002_20200905_003315(2),4.0,2호기(2020.09.22)|SN77127|20200905|run001,"10-second adjacency is exploratory for leakage-risk screening, not a production threshold."
002_20200905_003323(3),2호기(2020.09.22),SN77127,20200905,2020-09-05T00:33:23,002_20200905_003319(2),4.0,2호기(2020.09.22)|SN77127|20200905|run001,"10-second adjacency is exploratory for leakage-risk screening, not a production threshold."
002_20200905_003327(3),2호기(2020.09.22),SN77127,20200905,2020-09-05T00:33:27,002_20200905_003323(3),4.0,2호기(2020.09.22)|SN77127|20200905|run001,"10-second adjacency is exploratory for leakage-risk screening, not a production threshold."
002_20200905_003331(2),2호기(2020.09.22),SN77127,20200905,2020-09-05T00:33:31,002_20200905_003327(3),4.0,2호기(2020.09.22)|SN77127|20200905|run001,"10-second adjacency is exploratory for leakage-risk screening, not a production threshold."
002_20200905_003335(3),2호기(2020.09.22),SN77127,20200905,2020-09-05T00:33:35,002_20200905_003331(2),4.0,2호기(2020.09.22)|SN77127|20200905|run001,"10-second adjacency is exploratory for leakage-risk screening, not a production threshold."
002_20200905_043156(0),2호기(2020.09.22),SN77127,20200905,2020-09-05T04:31:56,002_20200905_003335(3),14301.0,2호기(2020.09.22)|SN77127|20200905|run002,"10-second adjacency is exploratory for leakage-risk screening, not a production threshold."
002_20200905_043200(0),2호기(2020.09.22),SN77127,20200905,2020-09-05T04:32:00,002_20200905_043156(0),4.0,2호기(2020.09.22)|SN77127|20200905|run002,"10-second adjacency is exploratory for leakage-risk screening, not a production threshold."
002_20200905_043204(0),2호기(2020.09.22),SN77127,20200905,2020-09-05T04:32:04,002_20200905_043200(0),4.0,2호기(2020.09.22)|SN77127|20200905|run002,"10-second adjacency is exploratory for leakage-risk screening, not a production threshold."
002_20200905_043208(0),2호기(2020.09.22),SN77127,20200905,2020-09-05T04:32:08,002_20200905_043204(0),4.0,2호기(2020.09.22)|SN77127|20200905|run002,"10-second adjacency is exploratory for leakage-risk screening, not a production threshold."
002_20200905_043212(1),2호기(2020.09.22),SN77127,20200905,2020-09-05T04:32:12,002_20200905_043208(0),4.0,2호기(2020.09.22)|SN77127|20200905|run002,"10-second adjacency is exploratory for leakage-risk screening, not a production threshold."
002_20200905_043216(0),2호기(2020.09.22),SN77127,20200905,2020-09-05T04:32:16,002_20200905_043212(1),4.0,2호기(2020.09.22)|SN77127|20200905|run002,"10-second adjacency is exploratory for leakage-risk screening, not a production threshold."
002_20200905_083407(3),2호기(2020.09.22),SN77127,20200905,2020-09-05T08:34:07,002_20200905_043216(0),14511.0,2호기(2020.09.22)|SN77127|20200905|run003,"10-second adjacency is exploratory for leakage-risk screening, not a production threshold."
002_20200905_083410(5),2호기(2020.09.22),SN77127,20200905,2020-09-05T08:34:10,002_20200905_083407(3),3.0,2호기(2020.09.22)|SN77127|20200905|run003,"10-second adjacency is exploratory for leakage-risk screening, not a production threshold."
002_20200905_083413(6),2호기(2020.09.22),SN77127,20200905,2020-09-05T08:34:13,002_20200905_083410(5),3.0,2호기(2020.09.22)|SN77127|20200905|run003,"10-second adjacency is exploratory for leakage-risk screening, not a production threshold."
002_20200905_083416(3),2호기(2020.09.22),SN77127,20200905,2020-09-05T08:34:16,002_20200905_083413(6),3.0,2호기(2020.09.22)|SN77127|20200905|run003,"10-second adjacency is exploratory for leakage-risk screening, not a production threshold."
002_20200905_083419(3),2호기(2020.09.22),SN77127,20200905,2020-09-05T08:34:19,002_20200905_083416(3),3.0,2호기(2020.09.22)|SN77127|20200905|run003,"10-second adjacency is exploratory for leakage-risk screening, not a production threshold."
002_20200905_083422(4),2호기(2020.09.22),SN77127,20200905,2020-09-05T08:34:22,002_20200905_083419(3),3.0,2호기(2020.09.22)|SN77127|20200905|run003,"10-second adjacency is exploratory for leakage-risk screening, not a production threshold."
002_20200905_123055(0),2호기(2020.09.22),SN77127,20200905,2020-09-05T12:30:55,002_20200905_083422(4),14193.0,2호기(2020.09.22)|SN77127|20200905|run004,"10-second adjacency is exploratory for leakage-risk screening, not a production threshold."
002_20200905_123058(4),2호기(2020.09.22),SN77127,20200905,2020-09-05T12:30:58,002_20200905_123055(0),3.0,2호기(2020.09.22)|SN77127|20200905|run004,"10-second adjacency is exploratory for leakage-risk screening, not a production threshold."
002_20200905_123102(0),2호기(2020.09.22),SN77127,20200905,2020-09-05T12:31:02,002_20200905_123058(4),4.0,2호기(2020.09.22)|SN77127|20200905|run004,"10-second adjacency is exploratory for leakage-risk screening, not a production threshold."
002_20200905_123105(0),2호기(2020.09.22),SN77127,20200905,2020-09-05T12:31:05,002_20200905_123102(0),3.0,2호기(2020.09.22)|SN77127|20200905|run004,"10-second adjacency is exploratory for leakage-risk screening, not a production threshold."
002_20200905_123108(4),2호기(2020.09.22),SN77127,20200905,2020-09-05T12:31:08,002_20200905_123105(0),3.0,2호기(2020.09.22)|SN77127|20200905|run004,"10-second adjacency is exploratory for leakage-risk screening, not a production threshold."
002_20200905_123112(0),2호기(2020.09.22),SN77127,20200905,2020-09-05T12:31:12,002_20200905_123108(4),4.0,2호기(2020.09.22)|SN77127|20200905|run004,"10-second adjacency is exploratory for leakage-risk screening, not a production threshold."
002_20200905_163922(9),2호기(2020.09.22),SN77127,20200905,2020-09-05T16:39:22,002_20200905_123112(0),14890.0,2호기(2020.09.22)|SN77127|20200905|run005,"10-second adjacency is exploratory for leakage-risk screening, not a production threshold."
002_20200905_163926(4),2호기(2020.09.22),SN77127,20200905,2020-09-05T16:39:26,002_20200905_163922(9),4.0,2호기(2020.09.22)|SN77127|20200905|run005,"10-second adjacency is exploratory for leakage-risk screening, not a production threshold."
002_20200905_163929(7),2호기(2020.09.22),SN77127,20200905,2020-09-05T16:39:29,002_20200905_163926(4),3.0,2호기(2020.09.22)|SN77127|20200905|run005,"10-second adjacency is exploratory for leakage-risk screening, not a production threshold."
002_20200905_163932(9),2호기(2020.09.22),SN77127,20200905,2020-09-05T16:39:32,002_20200905_163929(7),3.0,2호기(2020.09.22)|SN77127|20200905|run005,"10-second adjacency is exploratory for leakage-risk screening, not a production threshold."
002_20200905_163936(2),2호기(2020.09.22),SN77127,20200905,2020-09-05T16:39:36,002_20200905_163932(9),4.0,2호기(2020.09.22)|SN77127|20200905|run005,"10-second adjacency is exploratory for leakage-risk screening, not a production threshold."
002_20200905_163939(7),2호기(2020.09.22),SN77127,20200905,2020-09-05T16:39:39,002_20200905_163936(2),3.0,2호기(2020.09.22)|SN77127|20200905|run005,"10-second adjacency is exploratory for leakage-risk screening, not a production threshold."
002_20200905_204033(3),2호기(2020.09.22),SN77127,20200905,2020-09-05T20:40:33,002_20200905_163939(7),14454.0,2호기(2020.09.22)|SN77127|20200905|run006,"10-second adjacency is exploratory for leakage-risk screening, not a production threshold."
002_20200905_204039(5),2호기(2020.09.22),SN77127,20200905,2020-09-05T20:40:39,002_20200905_204033(3),6.0,2호기(2020.09.22)|SN77127|20200905|run006,"10-second adjacency is exploratory for leakage-risk screening, not a production threshold."
002_20200905_204042(9),2호기(2020.09.22),SN77127,20200905,2020-09-05T20:40:42,002_20200905_204039(5),3.0,2호기(2020.09.22)|SN77127|20200905|run006,"10-second adjacency is exploratory for leakage-risk screening, not a production threshold."
002_20200905_204046(0),2호기(2020.09.22),SN77127,20200905,2020-09-05T20:40:46,002_20200905_204042(9),4.0,2호기(2020.09.22)|SN77127|20200905|run006,"10-second adjacency is exploratory for leakage-risk screening, not a production threshold."
002_20200905_204049(1),2호기(2020.09.22),SN77127,20200905,2020-09-05T20:40:49,002_20200905_204046(0),3.0,2호기(2020.09.22)|SN77127|20200905|run006,"10-second adjacency is exploratory for leakage-risk screening, not a production threshold."
002_20200905_204052(3),2호기(2020.09.22),SN77127,20200905,2020-09-05T20:40:52,002_20200905_204049(1),3.0,2호기(2020.09.22)|SN77127|20200905|run006,"10-second adjacency is exploratory for leakage-risk screening, not a production threshold."
002_20200905_123103(4),1호기(2020.09.22),SN77128,20200905,2020-09-05T12:31:03,,,1호기(2020.09.22)|SN77128|20200905|run001,"10-second adjacency is exploratory for leakage-risk screening, not a production threshold."
002_20200905_123107(5),1호기(2020.09.22),SN77128,20200905,2020-09-05T12:31:07,002_20200905_123103(4),4.0,1호기(2020.09.22)|SN77128|20200905|run001,"10-second adjacency is exploratory for leakage-risk screening, not a production threshold."
002_20200905_123111(6),1호기(2020.09.22),SN77128,20200905,2020-09-05T12:31:11,002_20200905_123107(5),4.0,1호기(2020.09.22)|SN77128|20200905|run001,"10-second adjacency is exploratory for leakage-risk screening, not a production threshold."
002_20200905_163920(4),1호기(2020.09.22),SN77128,20200905,2020-09-05T16:39:20,002_20200905_123111(6),14889.0,1호기(2020.09.22)|SN77128|20200905|run002,"10-second adjacency is exploratory for leakage-risk screening, not a production threshold."
002_20200905_163924(2),1호기(2020.09.22),SN77128,20200905,2020-09-05T16:39:24,002_20200905_163920(4),4.0,1호기(2020.09.22)|SN77128|20200905|run002,"10-second adjacency is exploratory for leakage-risk screening, not a production threshold."
002_20200905_163928(3),1호기(2020.09.22),SN77128,20200905,2020-09-05T16:39:28,002_20200905_163924(2),4.0,1호기(2020.09.22)|SN77128|20200905|run002,"10-second adjacency is exploratory for leakage-risk screening, not a production threshold."
002_20200905_163932(3),1호기(2020.09.22),SN77128,20200905,2020-09-05T16:39:32,002_20200905_163928(3),4.0,1호기(2020.09.22)|SN77128|20200905|run002,"10-second adjacency is exploratory for leakage-risk screening, not a production threshold."
002_20200905_163936(3),1호기(2020.09.22),SN77128,20200905,2020-09-05T16:39:36,002_20200905_163932(3),4.0,1호기(2020.09.22)|SN77128|20200905|run002,"10-second adjacency is exploratory for leakage-risk screening, not a production threshold."
002_20200905_163940(2),1호기(2020.09.22),SN77128,20200905,2020-09-05T16:39:40,002_20200905_163936(3),4.0,1호기(2020.09.22)|SN77128|20200905|run002,"10-second adjacency is exploratory for leakage-risk screening, not a production threshold."
002_20200905_203836(3),1호기(2020.09.22),SN77128,20200905,2020-09-05T20:38:36,002_20200905_163940(2),14336.0,1호기(2020.09.22)|SN77128|20200905|run003,"10-second adjacency is exploratory for leakage-risk screening, not a production threshold."
002_20200905_203840(3),1호기(2020.09.22),SN77128,20200905,2020-09-05T20:38:40,002_20200905_203836(3),4.0,1호기(2020.09.22)|SN77128|20200905|run003,"10-second adjacency is exploratory for leakage-risk screening, not a production threshold."
002_20200905_203844(2),1호기(2020.09.22),SN77128,20200905,2020-09-05T20:38:44,002_20200905_203840(3),4.0,1호기(2020.09.22)|SN77128|20200905|run003,"10-second adjacency is exploratory for leakage-risk screening, not a production threshold."
002_20200905_203848(4),1호기(2020.09.22),SN77128,20200905,2020-09-05T20:38:48,002_20200905_203844(2),4.0,1호기(2020.09.22)|SN77128|20200905|run003,"10-second adjacency is exploratory for leakage-risk screening, not a production threshold."
002_20200905_203856(3),1호기(2020.09.22),SN77128,20200905,2020-09-05T20:38:56,002_20200905_203848(4),8.0,1호기(2020.09.22)|SN77128|20200905|run003,"10-second adjacency is exploratory for leakage-risk screening, not a production threshold."
002_20200905_203900(3),1호기(2020.09.22),SN77128,20200905,2020-09-05T20:39:00,002_20200905_203856(3),4.0,1호기(2020.09.22)|SN77128|20200905|run003,"10-second adjacency is exploratory for leakage-risk screening, not a production threshold."
002_20200906_003059(0),1호기(2020.09.22),SN77128,20200906,2020-09-06T00:30:59,,,1호기(2020.09.22)|SN77128|20200906|run001,"10-second adjacency is exploratory for leakage-risk screening, not a production threshold."
002_20200906_003114(8),1호기(2020.09.22),SN77128,20200906,2020-09-06T00:31:14,002_20200906_003059(0),15.0,1호기(2020.09.22)|SN77128|20200906|run002,"10-second adjacency is exploratory for leakage-risk screening, not a production threshold."
002_20200906_003118(7),1호기(2020.09.22),SN77128,20200906,2020-09-06T00:31:18,002_20200906_003114(8),4.0,1호기(2020.09.22)|SN77128|20200906|run002,"10-second adjacency is exploratory for leakage-risk screening, not a production threshold."
002_20200906_003122(7),1호기(2020.09.22),SN77128,20200906,2020-09-06T00:31:22,002_20200906_003118(7),4.0,1호기(2020.09.22)|SN77128|20200906|run002,"10-second adjacency is exploratory for leakage-risk screening, not a production threshold."
002_20200906_003126(8),1호기(2020.09.22),SN77128,20200906,2020-09-06T00:31:26,002_20200906_003122(7),4.0,1호기(2020.09.22)|SN77128|20200906|run002,"10-second adjacency is exploratory for leakage-risk screening, not a production threshold."
002_20200906_003132(7),1호기(2020.09.22),SN77128,20200906,2020-09-06T00:31:32,002_20200906_003126(8),6.0,1호기(2020.09.22)|SN77128|20200906|run002,"10-second adjacency is exploratory for leakage-risk screening, not a production threshold."
002_20200906_003114(0),2호기(2020.09.22),SN77127,20200906,2020-09-06T00:31:14,,,2호기(2020.09.22)|SN77127|20200906|run001,"10-second adjacency is exploratory for leakage-risk screening, not a production threshold."
002_20200906_003117(3),2호기(2020.09.22),SN77127,20200906,2020-09-06T00:31:17,002_20200906_003114(0),3.0,2호기(2020.09.22)|SN77127|20200906|run001,"10-second adjacency is exploratory for leakage-risk screening, not a production threshold."
002_20200906_003120(8),2호기(2020.09.22),SN77127,20200906,2020-09-06T00:31:20,002_20200906_003117(3),3.0,2호기(2020.09.22)|SN77127|20200906|run001,"10-second adjacency is exploratory for leakage-risk screening, not a production threshold."
002_20200906_003124(0),2호기(2020.09.22),SN77127,20200906,2020-09-06T00:31:24,002_20200906_003120(8),4.0,2호기(2020.09.22)|SN77127|20200906|run001,"10-second adjacency is exploratory for leakage-risk screening, not a production threshold."
002_20200906_003127(3),2호기(2020.09.22),SN77127,20200906,2020-09-06T00:31:27,002_20200906_003124(0),3.0,2호기(2020.09.22)|SN77127|20200906|run001,"10-second adjacency is exploratory for leakage-risk screening, not a production threshold."
002_20200906_003130(7),2호기(2020.09.22),SN77127,20200906,2020-09-06T00:31:30,002_20200906_003127(3),3.0,2호기(2020.09.22)|SN77127|20200906|run001,"10-second adjacency is exploratory for leakage-risk screening, not a production threshold."
002_20200907_184813(1),1호기(2020.09.22),SN77128,20200907,2020-09-07T18:48:13,,,1호기(2020.09.22)|SN77128|20200907|run001,"10-second adjacency is exploratory for leakage-risk screening, not a production threshold."
002_20200907_184815(7),1호기(2020.09.22),SN77128,20200907,2020-09-07T18:48:15,002_20200907_184813(1),2.0,1호기(2020.09.22)|SN77128|20200907|run001,"10-second adjacency is exploratory for leakage-risk screening, not a production threshold."
002_20200907_184818(2),1호기(2020.09.22),SN77128,20200907,2020-09-07T18:48:18,002_20200907_184815(7),3.0,1호기(2020.09.22)|SN77128|20200907|run001,"10-second adjacency is exploratory for leakage-risk screening, not a production threshold."
002_20200907_184823(7),1호기(2020.09.22),SN77128,20200907,2020-09-07T18:48:23,002_20200907_184818(2),5.0,1호기(2020.09.22)|SN77128|20200907|run001,"10-second adjacency is exploratory for leakage-risk screening, not a production threshold."
002_20200907_184826(3),1호기(2020.09.22),SN77128,20200907,2020-09-07T18:48:26,002_20200907_184823(7),3.0,1호기(2020.09.22)|SN77128|20200907|run001,"10-second adjacency is exploratory for leakage-risk screening, not a production threshold."
002_20200907_184828(8),1호기(2020.09.22),SN77128,20200907,2020-09-07T18:48:28,002_20200907_184826(3),2.0,1호기(2020.09.22)|SN77128|20200907|run001,"10-second adjacency is exploratory for leakage-risk screening, not a production threshold."
002_20200907_204635(5),1호기(2020.09.22),SN77128,20200907,2020-09-07T20:46:35,002_20200907_184828(8),7087.0,1호기(2020.09.22)|SN77128|20200907|run002,"10-second adjacency is exploratory for leakage-risk screening, not a production threshold."
002_20200907_204640(0),1호기(2020.09.22),SN77128,20200907,2020-09-07T20:46:40,002_20200907_204635(5),5.0,1호기(2020.09.22)|SN77128|20200907|run002,"10-second adjacency is exploratory for leakage-risk screening, not a production threshold."
002_20200907_204644(5),1호기(2020.09.22),SN77128,20200907,2020-09-07T20:46:44,002_20200907_204640(0),4.0,1호기(2020.09.22)|SN77128|20200907|run002,"10-second adjacency is exploratory for leakage-risk screening, not a production threshold."
002_20200907_204649(0),1호기(2020.09.22),SN77128,20200907,2020-09-07T20:46:49,002_20200907_204644(5),5.0,1호기(2020.09.22)|SN77128|20200907|run002,"10-second adjacency is exploratory for leakage-risk screening, not a production threshold."
002_20200907_204653(4),1호기(2020.09.22),SN77128,20200907,2020-09-07T20:46:53,002_20200907_204649(0),4.0,1호기(2020.09.22)|SN77128|20200907|run002,"10-second adjacency is exploratory for leakage-risk screening, not a production threshold."
