"stem","width","height","chromatic_pixel_count","chromatic_pixel_fraction","artifact_component_count","thin_rectangle_like_component_count","gt_object_count","component_count_minus_gt","component_count_matches_gt","artifact_present","machine","date","resolution","notes"
"001_20200622_203305(8)","576","444","408","0.0015953453","3","3","3","0","TRUE","TRUE","3호기(2020.09.22)","20200622","576x444","Strong chromatic candidate uses channel range≥200; no color semantics assigned."
"001_20200622_203309(1)","576","444","424","0.0016579079","3","3","3","0","TRUE","TRUE","3호기(2020.09.22)","20200622","576x444","Strong chromatic candidate uses channel range≥200; no color semantics assigned."
"001_20200622_203312(6)","576","444","408","0.0015953453","3","3","3","0","TRUE","TRUE","3호기(2020.09.22)","20200622","576x444","Strong chromatic candidate uses channel range≥200; no color semantics assigned."
"001_20200622_203316(0)","576","444","416","0.0016266266","3","3","3","0","TRUE","TRUE","3호기(2020.09.22)","20200622","576x444","Strong chromatic candidate uses channel range≥200; no color semantics assigned."
"001_20200622_203319(4)","576","444","416","0.0016266266","3","3","3","0","TRUE","TRUE","3호기(2020.09.22)","20200622","576x444","Strong chromatic candidate uses channel range≥200; no color semantics assigned."
"001_20200622_203330(3)","576","444","416","0.0016266266","3","3","3","0","TRUE","TRUE","3호기(2020.09.22)","20200622","576x444","Strong chromatic candidate uses channel range≥200; no color semantics assigned."
"001_20200623_003516(8)","576","444","424","0.0016579079","3","3","3","0","TRUE","TRUE","3호기(2020.09.22)","20200623","576x444","Strong chromatic candidate uses channel range≥200; no color semantics assigned."
"001_20200623_003520(5)","576","444","424","0.0016579079","3","3","3","0","TRUE","TRUE","3호기(2020.09.22)","20200623","576x444","Strong chromatic candidate uses channel range≥200; no color semantics assigned."
"001_20200623_003524(0)","576","444","416","0.0016266266","3","3","3","0","TRUE","TRUE","3호기(2020.09.22)","20200623","576x444","Strong chromatic candidate uses channel range≥200; no color semantics assigned."
"001_20200623_003529(0)","576","444","424","0.0016579079","3","3","3","0","TRUE","TRUE","3호기(2020.09.22)","20200623","576x444","Strong chromatic candidate uses channel range≥200; no color semantics assigned."
"001_20200623_003532(5)","576","444","392","0.0015327828","3","3","3","0","TRUE","TRUE","3호기(2020.09.22)","20200623","576x444","Strong chromatic candidate uses channel range≥200; no color semantics assigned."
"001_20200623_003536(0)","576","444","416","0.0016266266","3","3","3","0","TRUE","TRUE","3호기(2020.09.22)","20200623","576x444","Strong chromatic candidate uses channel range≥200; no color semantics assigned."
"001_20200623_043227(1)","576","444","408","0.0015953453","3","3","3","0","TRUE","TRUE","3호기(2020.09.22)","20200623","576x444","Strong chromatic candidate uses channel range≥200; no color semantics assigned."
"001_20200623_043231(6)","576","444","416","0.0016266266","3","3","3","0","TRUE","TRUE","3호기(2020.09.22)","20200623","576x444","Strong chromatic candidate uses channel range≥200; no color semantics assigned."
"001_20200623_043236(1)","576","444","424","0.0016579079","3","3","3","0","TRUE","TRUE","3호기(2020.09.22)","20200623","576x444","Strong chromatic candidate uses channel range≥200; no color semantics assigned."
"001_20200623_043240(6)","576","444","416","0.0016266266","3","3","3","0","TRUE","TRUE","3호기(2020.09.22)","20200623","576x444","Strong chromatic candidate uses channel range≥200; no color semantics assigned."
"001_20200623_043245(2)","576","444","408","0.0015953453","3","3","3","0","TRUE","TRUE","3호기(2020.09.22)","20200623","576x444","Strong chromatic candidate uses channel range≥200; no color semantics assigned."
"001_20200623_043249(6)","576","444","416","0.0016266266","3","3","3","0","TRUE","TRUE","3호기(2020.09.22)","20200623","576x444","Strong chromatic candidate uses channel range≥200; no color semantics assigned."
"001_20200623_082407(9)","576","444","432","0.0016891892","3","3","3","0","TRUE","TRUE","3호기(2020.09.22)","20200623","576x444","Strong chromatic candidate uses channel range≥200; no color semantics assigned."
"001_20200623_082411(0)","576","444","440","0.0017204705","3","3","3","0","TRUE","TRUE","3호기(2020.09.22)","20200623","576x444","Strong chromatic candidate uses channel range≥200; no color semantics assigned."
"001_20200623_082414(1)","576","444","416","0.0016266266","3","3","3","0","TRUE","TRUE","3호기(2020.09.22)","20200623","576x444","Strong chromatic candidate uses channel range≥200; no color semantics assigned."
"001_20200623_082416(7)","576","444","456","0.001783033","3","3","3","0","TRUE","TRUE","3호기(2020.09.22)","20200623","576x444","Strong chromatic candidate uses channel range≥200; no color semantics assigned."
"001_20200623_082419(6)","576","444","424","0.0016579079","3","3","3","0","TRUE","TRUE","3호기(2020.09.22)","20200623","576x444","Strong chromatic candidate uses channel range≥200; no color semantics assigned."
"001_20200623_082422(5)","576","444","464","0.0018143143","3","3","3","0","TRUE","TRUE","3호기(2020.09.22)","20200623","576x444","Strong chromatic candidate uses channel range≥200; no color semantics assigned."
"001_20200623_123214(3)","576","444","408","0.0015953453","3","3","3","0","TRUE","TRUE","3호기(2020.09.22)","20200623","576x444","Strong chromatic candidate uses channel range≥200; no color semantics assigned."
"001_20200623_123223(3)","576","444","408","0.0015953453","3","3","3","0","TRUE","TRUE","3호기(2020.09.22)","20200623","576x444","Strong chromatic candidate uses channel range≥200; no color semantics assigned."
"001_20200623_123232(3)","576","444","408","0.0015953453","3","3","3","0","TRUE","TRUE","3호기(2020.09.22)","20200623","576x444","Strong chromatic candidate uses channel range≥200; no color semantics assigned."
"001_20200623_123236(9)","576","444","416","0.0016266266","3","3","3","0","TRUE","TRUE","3호기(2020.09.22)","20200623","576x444","Strong chromatic candidate uses channel range≥200; no color semantics assigned."
"001_20200623_123241(3)","576","444","432","0.0016891892","3","3","3","0","TRUE","TRUE","3호기(2020.09.22)","20200623","576x444","Strong chromatic candidate uses channel range≥200; no color semantics assigned."
"001_20200623_123245(8)","576","444","424","0.0016579079","3","3","3","0","TRUE","TRUE","3호기(2020.09.22)","20200623","576x444","Strong chromatic candidate uses channel range≥200; no color semantics assigned."
"001_20200623_163159(5)","576","444","496","0.0019394394","3","2","3","-1","FALSE","TRUE","3호기(2020.09.22)","20200623","576x444","Strong chromatic candidate uses channel range≥200; no color semantics assigned."
"001_20200623_163209(3)","576","444","408","0.0015953453","3","3","3","0","TRUE","TRUE","3호기(2020.09.22)","20200623","576x444","Strong chromatic candidate uses channel range≥200; no color semantics assigned."
"001_20200623_163212(9)","576","444","400","0.0015640641","3","3","3","0","TRUE","TRUE","3호기(2020.09.22)","20200623","576x444","Strong chromatic candidate uses channel range≥200; no color semantics assigned."
"001_20200623_163216(2)","576","444","432","0.0016891892","3","3","3","0","TRUE","TRUE","3호기(2020.09.22)","20200623","576x444","Strong chromatic candidate uses channel range≥200; no color semantics assigned."
"001_20200623_163219(5)","576","444","456","0.001783033","3","3","3","0","TRUE","TRUE","3호기(2020.09.22)","20200623","576x444","Strong chromatic candidate uses channel range≥200; no color semantics assigned."
"001_20200623_163222(9)","576","444","416","0.0016266266","3","3","3","0","TRUE","TRUE","3호기(2020.09.22)","20200623","576x444","Strong chromatic candidate uses channel range≥200; no color semantics assigned."
"001_20200623_203217(4)","576","444","408","0.0015953453","3","3","3","0","TRUE","TRUE","3호기(2020.09.22)","20200623","576x444","Strong chromatic candidate uses channel range≥200; no color semantics assigned."
"001_20200623_203222(0)","576","444","432","0.0016891892","3","3","3","0","TRUE","TRUE","3호기(2020.09.22)","20200623","576x444","Strong chromatic candidate uses channel range≥200; no color semantics assigned."
"001_20200623_203226(3)","576","444","400","0.0015640641","3","3","3","0","TRUE","TRUE","3호기(2020.09.22)","20200623","576x444","Strong chromatic candidate uses channel range≥200; no color semantics assigned."
"001_20200623_203230(9)","576","444","408","0.0015953453","3","3","3","0","TRUE","TRUE","3호기(2020.09.22)","20200623","576x444","Strong chromatic candidate uses channel range≥200; no color semantics assigned."
"001_20200623_203235(3)","576","444","408","0.0015953453","3","3","3","0","TRUE","TRUE","3호기(2020.09.22)","20200623","576x444","Strong chromatic candidate uses channel range≥200; no color semantics assigned."
"001_20200623_203247(5)","576","444","408","0.0015953453","3","3","3","0","TRUE","TRUE","3호기(2020.09.22)","20200623","576x444","Strong chromatic candidate uses channel range≥200; no color semantics assigned."
"001_20200624_003240(4)","576","444","416","0.0016266266","3","3","3","0","TRUE","TRUE","3호기(2020.09.22)","20200624","576x444","Strong chromatic candidate uses channel range≥200; no color semantics assigned."
"001_20200624_003244(2)","576","444","432","0.0016891892","3","3","3","0","TRUE","TRUE","3호기(2020.09.22)","20200624","576x444","Strong chromatic candidate uses channel range≥200; no color semantics assigned."
"001_20200624_003247(7)","576","444","408","0.0015953453","3","3","3","0","TRUE","TRUE","3호기(2020.09.22)","20200624","576x444","Strong chromatic candidate uses channel range≥200; no color semantics assigned."
"001_20200624_003251(1)","576","444","424","0.0016579079","3","3","3","0","TRUE","TRUE","3호기(2020.09.22)","20200624","576x444","Strong chromatic candidate uses channel range≥200; no color semantics assigned."
"001_20200624_003254(3)","576","444","408","0.0015953453","3","3","3","0","TRUE","TRUE","3호기(2020.09.22)","20200624","576x444","Strong chromatic candidate uses channel range≥200; no color semantics assigned."
"001_20200624_003303(5)","576","444","440","0.0017204705","3","3","3","0","TRUE","TRUE","3호기(2020.09.22)","20200624","576x444","Strong chromatic candidate uses channel range≥200; no color semantics assigned."
"001_20200624_043315(2)","576","444","392","0.0015327828","3","3","3","0","TRUE","TRUE","3호기(2020.09.22)","20200624","576x444","Strong chromatic candidate uses channel range≥200; no color semantics assigned."
"001_20200624_043324(2)","576","444","408","0.0015953453","3","3","3","0","TRUE","TRUE","3호기(2020.09.22)","20200624","576x444","Strong chromatic candidate uses channel range≥200; no color semantics assigned."
"001_20200624_043328(7)","576","444","416","0.0016266266","3","3","3","0","TRUE","TRUE","3호기(2020.09.22)","20200624","576x444","Strong chromatic candidate uses channel range≥200; no color semantics assigned."
"001_20200624_043333(2)","576","444","416","0.0016266266","3","3","3","0","TRUE","TRUE","3호기(2020.09.22)","20200624","576x444","Strong chromatic candidate uses channel range≥200; no color semantics assigned."
"001_20200624_043337(8)","576","444","416","0.0016266266","3","3","3","0","TRUE","TRUE","3호기(2020.09.22)","20200624","576x444","Strong chromatic candidate uses channel range≥200; no color semantics assigned."
"001_20200624_043349(7)","576","444","432","0.0016891892","3","3","3","0","TRUE","TRUE","3호기(2020.09.22)","20200624","576x444","Strong chromatic candidate uses channel range≥200; no color semantics assigned."
"001_20200624_083150(7)","576","444","424","0.0016579079","3","3","3","0","TRUE","TRUE","3호기(2020.09.22)","20200624","576x444","Strong chromatic candidate uses channel range≥200; no color semantics assigned."
"001_20200624_083153(8)","576","444","424","0.0016579079","3","3","3","0","TRUE","TRUE","3호기(2020.09.22)","20200624","576x444","Strong chromatic candidate uses channel range≥200; no color semantics assigned."
"001_20200624_083156(9)","576","444","416","0.0016266266","3","3","3","0","TRUE","TRUE","3호기(2020.09.22)","20200624","576x444","Strong chromatic candidate uses channel range≥200; no color semantics assigned."
"001_20200624_083159(6)","576","444","400","0.0015640641","3","3","3","0","TRUE","TRUE","3호기(2020.09.22)","20200624","576x444","Strong chromatic candidate uses channel range≥200; no color semantics assigned."
"001_20200624_083202(6)","576","444","280","0.0010948448","2","2","3","-1","FALSE","TRUE","3호기(2020.09.22)","20200624","576x444","Strong chromatic candidate uses channel range≥200; no color semantics assigned."
"001_20200624_083205(7)","576","444","392","0.0015327828","3","3","3","0","TRUE","TRUE","3호기(2020.09.22)","20200624","576x444","Strong chromatic candidate uses channel range≥200; no color semantics assigned."
"001_20200624_123313(4)","576","444","416","0.0016266266","3","3","3","0","TRUE","TRUE","3호기(2020.09.22)","20200624","576x444","Strong chromatic candidate uses channel range≥200; no color semantics assigned."
"001_20200624_123317(8)","576","444","416","0.0016266266","3","3","3","0","TRUE","TRUE","3호기(2020.09.22)","20200624","576x444","Strong chromatic candidate uses channel range≥200; no color semantics assigned."
"001_20200624_123322(3)","576","444","456","0.001783033","3","2","3","-1","FALSE","TRUE","3호기(2020.09.22)","20200624","576x444","Strong chromatic candidate uses channel range≥200; no color semantics assigned."
"001_20200624_123326(6)","576","444","424","0.0016579079","3","3","3","0","TRUE","TRUE","3호기(2020.09.22)","20200624","576x444","Strong chromatic candidate uses channel range≥200; no color semantics assigned."
"001_20200624_123331(2)","576","444","416","0.0016266266","3","3","3","0","TRUE","TRUE","3호기(2020.09.22)","20200624","576x444","Strong chromatic candidate uses channel range≥200; no color semantics assigned."
"001_20200624_123335(6)","576","444","400","0.0015640641","3","3","3","0","TRUE","TRUE","3호기(2020.09.22)","20200624","576x444","Strong chromatic candidate uses channel range≥200; no color semantics assigned."
"001_20200624_162816(3)","576","444","416","0.0016266266","3","3","3","0","TRUE","TRUE","3호기(2020.09.22)","20200624","576x444","Strong chromatic candidate uses channel range≥200; no color semantics assigned."
"001_20200624_162821(2)","576","444","416","0.0016266266","3","3","3","0","TRUE","TRUE","3호기(2020.09.22)","20200624","576x444","Strong chromatic candidate uses channel range≥200; no color semantics assigned."
"001_20200624_162831(2)","576","444","424","0.0016579079","3","3","3","0","TRUE","TRUE","3호기(2020.09.22)","20200624","576x444","Strong chromatic candidate uses channel range≥200; no color semantics assigned."
"001_20200624_162835(8)","576","444","400","0.0015640641","3","3","3","0","TRUE","TRUE","3호기(2020.09.22)","20200624","576x444","Strong chromatic candidate uses channel range≥200; no color semantics assigned."
"001_20200624_203149(7)","576","444","392","0.0015327828","3","3","3","0","TRUE","TRUE","3호기(2020.09.22)","20200624","576x444","Strong chromatic candidate uses channel range≥200; no color semantics assigned."
"001_20200624_203154(3)","576","444","416","0.0016266266","3","3","3","0","TRUE","TRUE","3호기(2020.09.22)","20200624","576x444","Strong chromatic candidate uses channel range≥200; no color semantics assigned."
"001_20200624_203203(1)","576","444","408","0.0015953453","3","3","3","0","TRUE","TRUE","3호기(2020.09.22)","20200624","576x444","Strong chromatic candidate uses channel range≥200; no color semantics assigned."
"001_20200624_203207(8)","576","444","424","0.0016579079","3","3","3","0","TRUE","TRUE","3호기(2020.09.22)","20200624","576x444","Strong chromatic candidate uses channel range≥200; no color semantics assigned."
"001_20200624_203212(2)","576","444","456","0.001783033","3","3","3","0","TRUE","TRUE","3호기(2020.09.22)","20200624","576x444","Strong chromatic candidate uses channel range≥200; no color semantics assigned."
"001_20200624_203225(8)","576","444","384","0.0015015015","3","3","3","0","TRUE","TRUE","3호기(2020.09.22)","20200624","576x444","Strong chromatic candidate uses channel range≥200; no color semantics assigned."
"001_20200625_003507(0)","576","444","400","0.0015640641","3","3","3","0","TRUE","TRUE","3호기(2020.09.22)","20200625","576x444","Strong chromatic candidate uses channel range≥200; no color semantics assigned."
"001_20200625_003511(4)","576","444","392","0.0015327828","3","3","3","0","TRUE","TRUE","3호기(2020.09.22)","20200625","576x444","Strong chromatic candidate uses channel range≥200; no color semantics assigned."
"001_20200625_003515(9)","576","444","424","0.0016579079","3","3","3","0","TRUE","TRUE","3호기(2020.09.22)","20200625","576x444","Strong chromatic candidate uses channel range≥200; no color semantics assigned."
"001_20200625_003520(4)","576","444","392","0.0015327828","3","3","3","0","TRUE","TRUE","3호기(2020.09.22)","20200625","576x444","Strong chromatic candidate uses channel range≥200; no color semantics assigned."
"001_20200625_003524(9)","576","444","416","0.0016266266","3","3","3","0","TRUE","TRUE","3호기(2020.09.22)","20200625","576x444","Strong chromatic candidate uses channel range≥200; no color semantics assigned."
"001_20200625_003529(2)","576","444","424","0.0016579079","3","3","3","0","TRUE","TRUE","3호기(2020.09.22)","20200625","576x444","Strong chromatic candidate uses channel range≥200; no color semantics assigned."
"001_20200625_043323(7)","576","444","416","0.0016266266","3","3","3","0","TRUE","TRUE","3호기(2020.09.22)","20200625","576x444","Strong chromatic candidate uses channel range≥200; no color semantics assigned."
"001_20200625_043328(3)","576","444","424","0.0016579079","3","3","3","0","TRUE","TRUE","3호기(2020.09.22)","20200625","576x444","Strong chromatic candidate uses channel range≥200; no color semantics assigned."
"001_20200625_043337(3)","576","444","416","0.0016266266","3","3","3","0","TRUE","TRUE","3호기(2020.09.22)","20200625","576x444","Strong chromatic candidate uses channel range≥200; no color semantics assigned."
"001_20200625_043341(7)","576","444","408","0.0015953453","3","3","3","0","TRUE","TRUE","3호기(2020.09.22)","20200625","576x444","Strong chromatic candidate uses channel range≥200; no color semantics assigned."
"001_20200625_043346(2)","576","444","408","0.0015953453","3","3","3","0","TRUE","TRUE","3호기(2020.09.22)","20200625","576x444","Strong chromatic candidate uses channel range≥200; no color semantics assigned."
"001_20200625_043359(8)","576","444","416","0.0016266266","3","3","3","0","TRUE","TRUE","3호기(2020.09.22)","20200625","576x444","Strong chromatic candidate uses channel range≥200; no color semantics assigned."
"001_20200629_082825(1)","576","444","424","0.0016579079","3","3","3","0","TRUE","TRUE","3호기(2020.09.22)","20200629","576x444","Strong chromatic candidate uses channel range≥200; no color semantics assigned."
"001_20200629_082828(0)","576","444","432","0.0016891892","3","3","3","0","TRUE","TRUE","3호기(2020.09.22)","20200629","576x444","Strong chromatic candidate uses channel range≥200; no color semantics assigned."
"001_20200629_082831(0)","576","444","400","0.0015640641","3","3","3","0","TRUE","TRUE","3호기(2020.09.22)","20200629","576x444","Strong chromatic candidate uses channel range≥200; no color semantics assigned."
"001_20200629_082834(2)","576","444","280","0.0010948448","2","2","3","-1","FALSE","TRUE","3호기(2020.09.22)","20200629","576x444","Strong chromatic candidate uses channel range≥200; no color semantics assigned."
"001_20200629_082837(2)","576","444","408","0.0015953453","3","3","3","0","TRUE","TRUE","3호기(2020.09.22)","20200629","576x444","Strong chromatic candidate uses channel range≥200; no color semantics assigned."
"001_20200629_082840(2)","576","444","408","0.0015953453","3","3","3","0","TRUE","TRUE","3호기(2020.09.22)","20200629","576x444","Strong chromatic candidate uses channel range≥200; no color semantics assigned."
"001_20200629_082905(4)","576","444","400","0.0015640641","3","3","3","0","TRUE","TRUE","3호기(2020.09.22)","20200629","576x444","Strong chromatic candidate uses channel range≥200; no color semantics assigned."
"001_20200629_123107(1)","576","444","424","0.0016579079","3","3","3","0","TRUE","TRUE","3호기(2020.09.22)","20200629","576x444","Strong chromatic candidate uses channel range≥200; no color semantics assigned."
"001_20200629_123111(6)","576","444","408","0.0015953453","3","3","3","0","TRUE","TRUE","3호기(2020.09.22)","20200629","576x444","Strong chromatic candidate uses channel range≥200; no color semantics assigned."
"001_20200629_123116(1)","576","444","432","0.0016891892","3","3","3","0","TRUE","TRUE","3호기(2020.09.22)","20200629","576x444","Strong chromatic candidate uses channel range≥200; no color semantics assigned."
"001_20200629_123120(6)","576","444","424","0.0016579079","3","3","3","0","TRUE","TRUE","3호기(2020.09.22)","20200629","576x444","Strong chromatic candidate uses channel range≥200; no color semantics assigned."
"001_20200629_123125(2)","576","444","424","0.0016579079","3","3","3","0","TRUE","TRUE","3호기(2020.09.22)","20200629","576x444","Strong chromatic candidate uses channel range≥200; no color semantics assigned."
"001_20200727_204954(7)","576","444","128","0.0005005005","1","1","1","0","TRUE","TRUE","3호기(2020.09.22)","20200727","576x444","Strong chromatic candidate uses channel range≥200; no color semantics assigned."
"001_20200727_204958(2)","576","444","128","0.0005005005","1","1","1","0","TRUE","TRUE","3호기(2020.09.22)","20200727","576x444","Strong chromatic candidate uses channel range≥200; no color semantics assigned."
"001_20200728_014351(3)","576","444","136","0.00053178178","1","1","1","0","TRUE","TRUE","3호기(2020.09.22)","20200728","576x444","Strong chromatic candidate uses channel range≥200; no color semantics assigned."
"001_20200728_014355(2)","576","444","128","0.0005005005","1","1","1","0","TRUE","TRUE","3호기(2020.09.22)","20200728","576x444","Strong chromatic candidate uses channel range≥200; no color semantics assigned."
"001_20200728_043138(3)","576","444","136","0.00053178178","1","1","1","0","TRUE","TRUE","3호기(2020.09.22)","20200728","576x444","Strong chromatic candidate uses channel range≥200; no color semantics assigned."
"001_20200728_043141(5)","576","444","128","0.0005005005","1","1","1","0","TRUE","TRUE","3호기(2020.09.22)","20200728","576x444","Strong chromatic candidate uses channel range≥200; no color semantics assigned."
"001_20200728_083108(2)","576","444","128","0.0005005005","1","1","1","0","TRUE","TRUE","3호기(2020.09.22)","20200728","576x444","Strong chromatic candidate uses channel range≥200; no color semantics assigned."
"001_20200728_083116(1)","576","444","128","0.0005005005","1","1","1","0","TRUE","TRUE","3호기(2020.09.22)","20200728","576x444","Strong chromatic candidate uses channel range≥200; no color semantics assigned."
"001_20200728_123129(2)","576","444","128","0.0005005005","1","1","1","0","TRUE","TRUE","3호기(2020.09.22)","20200728","576x444","Strong chromatic candidate uses channel range≥200; no color semantics assigned."
"001_20200728_123132(4)","576","444","128","0.0005005005","1","1","1","0","TRUE","TRUE","3호기(2020.09.22)","20200728","576x444","Strong chromatic candidate uses channel range≥200; no color semantics assigned."
"001_20200728_163910(5)","576","444","128","0.0005005005","1","1","1","0","TRUE","TRUE","3호기(2020.09.22)","20200728","576x444","Strong chromatic candidate uses channel range≥200; no color semantics assigned."
"001_20200728_163913(6)","576","444","128","0.0005005005","1","1","1","0","TRUE","TRUE","3호기(2020.09.22)","20200728","576x444","Strong chromatic candidate uses channel range≥200; no color semantics assigned."
"001_20200810_085043(8)","576","444","136","0.00053178178","1","1","1","0","TRUE","TRUE","3호기(2020.09.22)","20200810","576x444","Strong chromatic candidate uses channel range≥200; no color semantics assigned."
"001_20200810_123047(8)","576","444","136","0.00053178178","1","1","1","0","TRUE","TRUE","3호기(2020.09.22)","20200810","576x444","Strong chromatic candidate uses channel range≥200; no color semantics assigned."
"001_20200810_123051(3)","576","444","136","0.00053178178","1","1","1","0","TRUE","TRUE","3호기(2020.09.22)","20200810","576x444","Strong chromatic candidate uses channel range≥200; no color semantics assigned."
"001_20200810_163112(8)","576","444","144","0.00056306306","1","1","1","0","TRUE","TRUE","3호기(2020.09.22)","20200810","576x444","Strong chromatic candidate uses channel range≥200; no color semantics assigned."
"001_20200810_163116(0)","576","444","136","0.00053178178","1","1","1","0","TRUE","TRUE","3호기(2020.09.22)","20200810","576x444","Strong chromatic candidate uses channel range≥200; no color semantics assigned."
"001_20200810_203208(7)","576","444","136","0.00053178178","1","1","1","0","TRUE","TRUE","3호기(2020.09.22)","20200810","576x444","Strong chromatic candidate uses channel range≥200; no color semantics assigned."
"001_20200810_203212(6)","576","444","128","0.0005005005","1","1","1","0","TRUE","TRUE","3호기(2020.09.22)","20200810","576x444","Strong chromatic candidate uses channel range≥200; no color semantics assigned."
"001_20200811_003323(2)","576","444","128","0.0005005005","1","1","1","0","TRUE","TRUE","3호기(2020.09.22)","20200811","576x444","Strong chromatic candidate uses channel range≥200; no color semantics assigned."
"001_20200811_003327(0)","576","444","128","0.0005005005","1","1","1","0","TRUE","TRUE","3호기(2020.09.22)","20200811","576x444","Strong chromatic candidate uses channel range≥200; no color semantics assigned."
"001_20200811_043037(3)","576","444","136","0.00053178178","1","1","1","0","TRUE","TRUE","3호기(2020.09.22)","20200811","576x444","Strong chromatic candidate uses channel range≥200; no color semantics assigned."
"001_20200811_043041(6)","576","444","128","0.0005005005","1","1","1","0","TRUE","TRUE","3호기(2020.09.22)","20200811","576x444","Strong chromatic candidate uses channel range≥200; no color semantics assigned."
"001_20200814_033012(7)","576","444","128","0.0005005005","1","1","1","0","TRUE","TRUE","3호기(2020.09.22)","20200814","576x444","Strong chromatic candidate uses channel range≥200; no color semantics assigned."
"001_20200814_033016(6)","576","444","136","0.00053178178","1","1","1","0","TRUE","TRUE","3호기(2020.09.22)","20200814","576x444","Strong chromatic candidate uses channel range≥200; no color semantics assigned."
"001_20200814_043321(6)","576","444","128","0.0005005005","1","1","1","0","TRUE","TRUE","3호기(2020.09.22)","20200814","576x444","Strong chromatic candidate uses channel range≥200; no color semantics assigned."
"001_20200814_083045(8)","576","444","128","0.0005005005","1","1","1","0","TRUE","TRUE","3호기(2020.09.22)","20200814","576x444","Strong chromatic candidate uses channel range≥200; no color semantics assigned."
"001_20200814_083051(9)","576","444","136","0.00053178178","1","1","1","0","TRUE","TRUE","3호기(2020.09.22)","20200814","576x444","Strong chromatic candidate uses channel range≥200; no color semantics assigned."
"001_20200814_123136(2)","576","444","144","0.00056306306","1","1","1","0","TRUE","TRUE","3호기(2020.09.22)","20200814","576x444","Strong chromatic candidate uses channel range≥200; no color semantics assigned."
"001_20200814_123143(5)","576","444","128","0.0005005005","1","1","1","0","TRUE","TRUE","3호기(2020.09.22)","20200814","576x444","Strong chromatic candidate uses channel range≥200; no color semantics assigned."
"001_20200814_163101(7)","576","444","128","0.0005005005","1","1","1","0","TRUE","TRUE","3호기(2020.09.22)","20200814","576x444","Strong chromatic candidate uses channel range≥200; no color semantics assigned."
"001_20200814_163105(1)","576","444","128","0.0005005005","1","1","1","0","TRUE","TRUE","3호기(2020.09.22)","20200814","576x444","Strong chromatic candidate uses channel range≥200; no color semantics assigned."
"001_20200814_203438(9)","576","444","184","0.00071946947","1","1","1","0","TRUE","TRUE","3호기(2020.09.22)","20200814","576x444","Strong chromatic candidate uses channel range≥200; no color semantics assigned."
"001_20200814_203442(4)","576","444","128","0.0005005005","1","1","1","0","TRUE","TRUE","3호기(2020.09.22)","20200814","576x444","Strong chromatic candidate uses channel range≥200; no color semantics assigned."
"001_20200815_003438(6)","576","444","128","0.0005005005","1","1","1","0","TRUE","TRUE","3호기(2020.09.22)","20200815","576x444","Strong chromatic candidate uses channel range≥200; no color semantics assigned."
"001_20200815_003529(0)","576","444","128","0.0005005005","1","1","1","0","TRUE","TRUE","3호기(2020.09.22)","20200815","576x444","Strong chromatic candidate uses channel range≥200; no color semantics assigned."
"001_20200818_083145(2)","576","444","128","0.0005005005","1","1","1","0","TRUE","TRUE","3호기(2020.09.22)","20200818","576x444","Strong chromatic candidate uses channel range≥200; no color semantics assigned."
"001_20200818_083159(7)","576","444","128","0.0005005005","1","1","1","0","TRUE","TRUE","3호기(2020.09.22)","20200818","576x444","Strong chromatic candidate uses channel range≥200; no color semantics assigned."
"001_20200818_123634(4)","576","444","144","0.00056306306","1","1","1","0","TRUE","TRUE","3호기(2020.09.22)","20200818","576x444","Strong chromatic candidate uses channel range≥200; no color semantics assigned."
"001_20200818_163230(6)","576","444","128","0.0005005005","1","1","1","0","TRUE","TRUE","3호기(2020.09.22)","20200818","576x444","Strong chromatic candidate uses channel range≥200; no color semantics assigned."
"001_20200818_163233(9)","576","444","128","0.0005005005","1","1","1","0","TRUE","TRUE","3호기(2020.09.22)","20200818","576x444","Strong chromatic candidate uses channel range≥200; no color semantics assigned."
"001_20200818_203601(4)","576","444","128","0.0005005005","1","1","1","0","TRUE","TRUE","3호기(2020.09.22)","20200818","576x444","Strong chromatic candidate uses channel range≥200; no color semantics assigned."
"001_20200818_203607(4)","576","444","128","0.0005005005","1","1","1","0","TRUE","TRUE","3호기(2020.09.22)","20200818","576x444","Strong chromatic candidate uses channel range≥200; no color semantics assigned."
"001_20200819_003039(4)","576","444","128","0.0005005005","1","1","1","0","TRUE","TRUE","3호기(2020.09.22)","20200819","576x444","Strong chromatic candidate uses channel range≥200; no color semantics assigned."
"001_20200819_003044(1)","576","444","128","0.0005005005","1","1","1","0","TRUE","TRUE","3호기(2020.09.22)","20200819","576x444","Strong chromatic candidate uses channel range≥200; no color semantics assigned."
"001_20200819_043209(9)","576","444","136","0.00053178178","1","1","1","0","TRUE","TRUE","3호기(2020.09.22)","20200819","576x444","Strong chromatic candidate uses channel range≥200; no color semantics assigned."
"001_20200819_043216(0)","576","444","128","0.0005005005","1","1","1","0","TRUE","TRUE","3호기(2020.09.22)","20200819","576x444","Strong chromatic candidate uses channel range≥200; no color semantics assigned."
"001_20200819_083353(5)","576","444","136","0.00053178178","1","1","1","0","TRUE","TRUE","3호기(2020.09.22)","20200819","576x444","Strong chromatic candidate uses channel range≥200; no color semantics assigned."
"001_20200819_083401(0)","576","444","128","0.0005005005","1","1","1","0","TRUE","TRUE","3호기(2020.09.22)","20200819","576x444","Strong chromatic candidate uses channel range≥200; no color semantics assigned."
"001_20200819_124414(0)","576","444","128","0.0005005005","1","1","1","0","TRUE","TRUE","3호기(2020.09.22)","20200819","576x444","Strong chromatic candidate uses channel range≥200; no color semantics assigned."
"001_20200819_124415(9)","576","444","128","0.0005005005","1","1","1","0","TRUE","TRUE","3호기(2020.09.22)","20200819","576x444","Strong chromatic candidate uses channel range≥200; no color semantics assigned."
"001_20200819_162723(4)","576","444","128","0.0005005005","1","1","1","0","TRUE","TRUE","3호기(2020.09.22)","20200819","576x444","Strong chromatic candidate uses channel range≥200; no color semantics assigned."
"001_20200821_150525(5)","576","444","128","0.0005005005","1","1","1","0","TRUE","TRUE","3호기(2020.09.22)","20200821","576x444","Strong chromatic candidate uses channel range≥200; no color semantics assigned."
"001_20200821_150529(4)","576","444","128","0.0005005005","1","1","1","0","TRUE","TRUE","3호기(2020.09.22)","20200821","576x444","Strong chromatic candidate uses channel range≥200; no color semantics assigned."
"001_20200821_163349(7)","576","444","128","0.0005005005","1","1","1","0","TRUE","TRUE","3호기(2020.09.22)","20200821","576x444","Strong chromatic candidate uses channel range≥200; no color semantics assigned."
"001_20200821_163353(8)","576","444","128","0.0005005005","1","1","1","0","TRUE","TRUE","3호기(2020.09.22)","20200821","576x444","Strong chromatic candidate uses channel range≥200; no color semantics assigned."
"001_20200826_023328(3)","576","444","128","0.0005005005","1","1","1","0","TRUE","TRUE","3호기(2020.09.22)","20200826","576x444","Strong chromatic candidate uses channel range≥200; no color semantics assigned."
"001_20200826_023332(5)","576","444","200","0.00078203203","1","1","1","0","TRUE","TRUE","3호기(2020.09.22)","20200826","576x444","Strong chromatic candidate uses channel range≥200; no color semantics assigned."
"001_20200826_043252(8)","576","444","136","0.00053178178","1","1","1","0","TRUE","TRUE","3호기(2020.09.22)","20200826","576x444","Strong chromatic candidate uses channel range≥200; no color semantics assigned."
"001_20200826_043255(8)","576","444","128","0.0005005005","1","1","1","0","TRUE","TRUE","3호기(2020.09.22)","20200826","576x444","Strong chromatic candidate uses channel range≥200; no color semantics assigned."
"001_20200826_123711(3)","576","444","128","0.0005005005","1","1","1","0","TRUE","TRUE","3호기(2020.09.22)","20200826","576x444","Strong chromatic candidate uses channel range≥200; no color semantics assigned."
"001_20200826_123714(5)","576","444","136","0.00053178178","1","1","1","0","TRUE","TRUE","3호기(2020.09.22)","20200826","576x444","Strong chromatic candidate uses channel range≥200; no color semantics assigned."
"001_20200831_083711(6)","576","444","128","0.0005005005","1","1","1","0","TRUE","TRUE","3호기(2020.09.22)","20200831","576x444","Strong chromatic candidate uses channel range≥200; no color semantics assigned."
"001_20200831_083714(8)","576","444","136","0.00053178178","1","1","1","0","TRUE","TRUE","3호기(2020.09.22)","20200831","576x444","Strong chromatic candidate uses channel range≥200; no color semantics assigned."
"001_20200831_123316(5)","576","444","128","0.0005005005","1","1","1","0","TRUE","TRUE","3호기(2020.09.22)","20200831","576x444","Strong chromatic candidate uses channel range≥200; no color semantics assigned."
"001_20200922_163332(2)","576","444","136","0.00053178178","1","1","1","0","TRUE","TRUE","3호기(2020.09.22)","20200922","576x444","Strong chromatic candidate uses channel range≥200; no color semantics assigned."
"001_20200922_163335(3)","576","444","152","0.00059434434","1","1","1","0","TRUE","TRUE","3호기(2020.09.22)","20200922","576x444","Strong chromatic candidate uses channel range≥200; no color semantics assigned."
"002_20200622_203053(2)","352","332","384","0.0032858708","3","3","3","0","TRUE","TRUE","1호기(2020.09.22)","20200622","352x332","Strong chromatic candidate uses channel range≥200; no color semantics assigned."
"002_20200622_203057(3)","352","332","392","0.0033543264","3","3","3","0","TRUE","TRUE","1호기(2020.09.22)","20200622","352x332","Strong chromatic candidate uses channel range≥200; no color semantics assigned."
"002_20200622_203101(3)","352","332","384","0.0032858708","3","3","3","0","TRUE","TRUE","1호기(2020.09.22)","20200622","352x332","Strong chromatic candidate uses channel range≥200; no color semantics assigned."
"002_20200622_203105(4)","352","332","392","0.0033543264","3","3","3","0","TRUE","TRUE","1호기(2020.09.22)","20200622","352x332","Strong chromatic candidate uses channel range≥200; no color semantics assigned."
"002_20200622_203109(3)","352","332","384","0.0032858708","3","3","3","0","TRUE","TRUE","1호기(2020.09.22)","20200622","352x332","Strong chromatic candidate uses channel range≥200; no color semantics assigned."
"002_20200622_203121(4)","352","332","384","0.0032858708","3","3","3","0","TRUE","TRUE","1호기(2020.09.22)","20200622","352x332","Strong chromatic candidate uses channel range≥200; no color semantics assigned."
"002_20200622_203136(3)","316","332","400","0.0038127192","3","3","3","0","TRUE","TRUE","2호기(2020.09.22)","20200622","316x332","Strong chromatic candidate uses channel range≥200; no color semantics assigned."
"002_20200622_203140(8)","316","332","416","0.003965228","3","3","3","0","TRUE","TRUE","2호기(2020.09.22)","20200622","316x332","Strong chromatic candidate uses channel range≥200; no color semantics assigned."
"002_20200622_203145(3)","316","332","400","0.0038127192","3","3","3","0","TRUE","TRUE","2호기(2020.09.22)","20200622","316x332","Strong chromatic candidate uses channel range≥200; no color semantics assigned."
"002_20200622_203149(8)","316","332","392","0.0037364648","3","3","3","0","TRUE","TRUE","2호기(2020.09.22)","20200622","316x332","Strong chromatic candidate uses channel range≥200; no color semantics assigned."
"002_20200622_203154(3)","316","332","392","0.0037364648","3","3","3","0","TRUE","TRUE","2호기(2020.09.22)","20200622","316x332","Strong chromatic candidate uses channel range≥200; no color semantics assigned."
"002_20200622_203158(8)","316","332","416","0.003965228","3","3","3","0","TRUE","TRUE","2호기(2020.09.22)","20200622","316x332","Strong chromatic candidate uses channel range≥200; no color semantics assigned."
"002_20200623_003346(4)","352","332","392","0.0033543264","3","3","3","0","TRUE","TRUE","1호기(2020.09.22)","20200623","352x332","Strong chromatic candidate uses channel range≥200; no color semantics assigned."
"002_20200623_003350(4)","352","332","384","0.0032858708","3","3","3","0","TRUE","TRUE","1호기(2020.09.22)","20200623","352x332","Strong chromatic candidate uses channel range≥200; no color semantics assigned."
"002_20200623_003351(2)","316","332","392","0.0037364648","3","3","3","0","TRUE","TRUE","2호기(2020.09.22)","20200623","316x332","Strong chromatic candidate uses channel range≥200; no color semantics assigned."
"002_20200623_003354(3)","352","332","392","0.0033543264","3","3","3","0","TRUE","TRUE","1호기(2020.09.22)","20200623","352x332","Strong chromatic candidate uses channel range≥200; no color semantics assigned."
"002_20200623_003355(7)","316","332","392","0.0037364648","3","3","3","0","TRUE","TRUE","2호기(2020.09.22)","20200623","316x332","Strong chromatic candidate uses channel range≥200; no color semantics assigned."
"002_20200623_003358(2)","352","332","384","0.0032858708","3","3","3","0","TRUE","TRUE","1호기(2020.09.22)","20200623","352x332","Strong chromatic candidate uses channel range≥200; no color semantics assigned."
"002_20200623_003400(2)","316","332","392","0.0037364648","3","3","3","0","TRUE","TRUE","2호기(2020.09.22)","20200623","316x332","Strong chromatic candidate uses channel range≥200; no color semantics assigned."
"002_20200623_003402(2)","352","332","392","0.0033543264","3","3","3","0","TRUE","TRUE","1호기(2020.09.22)","20200623","352x332","Strong chromatic candidate uses channel range≥200; no color semantics assigned."
"002_20200623_003404(7)","316","332","392","0.0037364648","3","3","3","0","TRUE","TRUE","2호기(2020.09.22)","20200623","316x332","Strong chromatic candidate uses channel range≥200; no color semantics assigned."
"002_20200623_003409(2)","316","332","384","0.0036602105","3","3","3","0","TRUE","TRUE","2호기(2020.09.22)","20200623","316x332","Strong chromatic candidate uses channel range≥200; no color semantics assigned."
"002_20200623_003410(2)","352","332","384","0.0032858708","3","3","3","0","TRUE","TRUE","1호기(2020.09.22)","20200623","352x332","Strong chromatic candidate uses channel range≥200; no color semantics assigned."
"002_20200623_003413(7)","316","332","392","0.0037364648","3","3","3","0","TRUE","TRUE","2호기(2020.09.22)","20200623","316x332","Strong chromatic candidate uses channel range≥200; no color semantics assigned."
"002_20200623_043039(3)","352","332","400","0.003422782","3","3","3","0","TRUE","TRUE","1호기(2020.09.22)","20200623","352x332","Strong chromatic candidate uses channel range≥200; no color semantics assigned."
"002_20200623_043043(2)","352","332","384","0.0032858708","3","3","3","0","TRUE","TRUE","1호기(2020.09.22)","20200623","352x332","Strong chromatic candidate uses channel range≥200; no color semantics assigned."
"002_20200623_043047(2)","352","332","384","0.0032858708","3","3","3","0","TRUE","TRUE","1호기(2020.09.22)","20200623","352x332","Strong chromatic candidate uses channel range≥200; no color semantics assigned."
"002_20200623_043051(3)","352","332","384","0.0032858708","3","3","3","0","TRUE","TRUE","1호기(2020.09.22)","20200623","352x332","Strong chromatic candidate uses channel range≥200; no color semantics assigned."
"002_20200623_043055(3)","352","332","392","0.0033543264","3","3","3","0","TRUE","TRUE","1호기(2020.09.22)","20200623","352x332","Strong chromatic candidate uses channel range≥200; no color semantics assigned."
"002_20200623_043056(0)","316","332","384","0.0036602105","3","3","3","0","TRUE","TRUE","2호기(2020.09.22)","20200623","316x332","Strong chromatic candidate uses channel range≥200; no color semantics assigned."
"002_20200623_043059(4)","352","332","392","0.0033543264","3","3","3","0","TRUE","TRUE","1호기(2020.09.22)","20200623","352x332","Strong chromatic candidate uses channel range≥200; no color semantics assigned."
"002_20200623_043100(6)","316","332","400","0.0038127192","3","3","3","0","TRUE","TRUE","2호기(2020.09.22)","20200623","316x332","Strong chromatic candidate uses channel range≥200; no color semantics assigned."
"002_20200623_043105(0)","316","332","392","0.0037364648","3","3","3","0","TRUE","TRUE","2호기(2020.09.22)","20200623","316x332","Strong chromatic candidate uses channel range≥200; no color semantics assigned."
"002_20200623_043109(4)","316","332","400","0.0038127192","3","3","3","0","TRUE","TRUE","2호기(2020.09.22)","20200623","316x332","Strong chromatic candidate uses channel range≥200; no color semantics assigned."
"002_20200623_043115(4)","316","332","400","0.0038127192","3","3","3","0","TRUE","TRUE","2호기(2020.09.22)","20200623","316x332","Strong chromatic candidate uses channel range≥200; no color semantics assigned."
"002_20200623_043120(0)","316","332","400","0.0038127192","3","3","3","0","TRUE","TRUE","2호기(2020.09.22)","20200623","316x332","Strong chromatic candidate uses channel range≥200; no color semantics assigned."
"002_20200623_082249(3)","316","332","392","0.0037364648","3","3","3","0","TRUE","TRUE","2호기(2020.09.22)","20200623","316x332","Strong chromatic candidate uses channel range≥200; no color semantics assigned."
"002_20200623_082253(8)","316","332","392","0.0037364648","3","3","3","0","TRUE","TRUE","2호기(2020.09.22)","20200623","316x332","Strong chromatic candidate uses channel range≥200; no color semantics assigned."
"002_20200623_082258(4)","316","332","392","0.0037364648","3","3","3","0","TRUE","TRUE","2호기(2020.09.22)","20200623","316x332","Strong chromatic candidate uses channel range≥200; no color semantics assigned."
"002_20200623_082258(6)","352","332","392","0.0033543264","3","3","3","0","TRUE","TRUE","1호기(2020.09.22)","20200623","352x332","Strong chromatic candidate uses channel range≥200; no color semantics assigned."
"002_20200623_082302(6)","352","332","384","0.0032858708","3","3","3","0","TRUE","TRUE","1호기(2020.09.22)","20200623","352x332","Strong chromatic candidate uses channel range≥200; no color semantics assigned."
"002_20200623_082302(7)","316","332","400","0.0038127192","3","3","3","0","TRUE","TRUE","2호기(2020.09.22)","20200623","316x332","Strong chromatic candidate uses channel range≥200; no color semantics assigned."
"002_20200623_082306(5)","352","332","384","0.0032858708","3","3","3","0","TRUE","TRUE","1호기(2020.09.22)","20200623","352x332","Strong chromatic candidate uses channel range≥200; no color semantics assigned."
"002_20200623_082307(2)","316","332","384","0.0036602105","3","3","3","0","TRUE","TRUE","2호기(2020.09.22)","20200623","316x332","Strong chromatic candidate uses channel range≥200; no color semantics assigned."
"002_20200623_082310(6)","352","332","392","0.0033543264","3","3","3","0","TRUE","TRUE","1호기(2020.09.22)","20200623","352x332","Strong chromatic candidate uses channel range≥200; no color semantics assigned."
"002_20200623_082311(8)","316","332","400","0.0038127192","3","3","3","0","TRUE","TRUE","2호기(2020.09.22)","20200623","316x332","Strong chromatic candidate uses channel range≥200; no color semantics assigned."
"002_20200623_082314(4)","352","332","384","0.0032858708","3","3","3","0","TRUE","TRUE","1호기(2020.09.22)","20200623","352x332","Strong chromatic candidate uses channel range≥200; no color semantics assigned."
"002_20200623_082318(5)","352","332","384","0.0032858708","3","3","3","0","TRUE","TRUE","1호기(2020.09.22)","20200623","352x332","Strong chromatic candidate uses channel range≥200; no color semantics assigned."
"002_20200623_123032(7)","352","332","392","0.0033543264","3","3","3","0","TRUE","TRUE","1호기(2020.09.22)","20200623","352x332","Strong chromatic candidate uses channel range≥200; no color semantics assigned."
"002_20200623_123036(5)","352","332","384","0.0032858708","3","3","3","0","TRUE","TRUE","1호기(2020.09.22)","20200623","352x332","Strong chromatic candidate uses channel range≥200; no color semantics assigned."
"002_20200623_123040(5)","352","332","392","0.0033543264","3","3","3","0","TRUE","TRUE","1호기(2020.09.22)","20200623","352x332","Strong chromatic candidate uses channel range≥200; no color semantics assigned."
"002_20200623_123042(0)","316","332","392","0.0037364648","3","3","3","0","TRUE","TRUE","2호기(2020.09.22)","20200623","316x332","Strong chromatic candidate uses channel range≥200; no color semantics assigned."
"002_20200623_123044(3)","352","332","392","0.0033543264","3","3","3","0","TRUE","TRUE","1호기(2020.09.22)","20200623","352x332","Strong chromatic candidate uses channel range≥200; no color semantics assigned."
"002_20200623_123046(4)","316","332","384","0.0036602105","3","3","3","0","TRUE","TRUE","2호기(2020.09.22)","20200623","316x332","Strong chromatic candidate uses channel range≥200; no color semantics assigned."
"002_20200623_123048(4)","352","332","384","0.0032858708","3","3","3","0","TRUE","TRUE","1호기(2020.09.22)","20200623","352x332","Strong chromatic candidate uses channel range≥200; no color semantics assigned."
"002_20200623_123051(1)","316","332","400","0.0038127192","3","3","3","0","TRUE","TRUE","2호기(2020.09.22)","20200623","316x332","Strong chromatic candidate uses channel range≥200; no color semantics assigned."
"002_20200623_123052(5)","352","332","408","0.0034912377","3","3","3","0","TRUE","TRUE","1호기(2020.09.22)","20200623","352x332","Strong chromatic candidate uses channel range≥200; no color semantics assigned."
"002_20200623_123055(5)","316","332","392","0.0037364648","3","3","2","1","FALSE","TRUE","2호기(2020.09.22)","20200623","316x332","Strong chromatic candidate uses channel range≥200; no color semantics assigned."
"002_20200623_123100(0)","316","332","392","0.0037364648","3","3","3","0","TRUE","TRUE","2호기(2020.09.22)","20200623","316x332","Strong chromatic candidate uses channel range≥200; no color semantics assigned."
"002_20200623_123104(5)","316","332","408","0.0038889736","3","3","3","0","TRUE","TRUE","2호기(2020.09.22)","20200623","316x332","Strong chromatic candidate uses channel range≥200; no color semantics assigned."
"002_20200623_163020(3)","316","332","392","0.0037364648","3","3","3","0","TRUE","TRUE","2호기(2020.09.22)","20200623","316x332","Strong chromatic candidate uses channel range≥200; no color semantics assigned."
"002_20200623_163023(3)","316","332","424","0.0040414824","2","1","3","-2","FALSE","TRUE","2호기(2020.09.22)","20200623","316x332","Strong chromatic candidate uses channel range≥200; no color semantics assigned."
"002_20200623_163026(3)","316","332","400","0.0038127192","3","3","3","0","TRUE","TRUE","2호기(2020.09.22)","20200623","316x332","Strong chromatic candidate uses channel range≥200; no color semantics assigned."
"002_20200623_163029(6)","316","332","400","0.0038127192","3","3","3","0","TRUE","TRUE","2호기(2020.09.22)","20200623","316x332","Strong chromatic candidate uses channel range≥200; no color semantics assigned."
"002_20200623_163032(5)","316","332","392","0.0037364648","3","3","3","0","TRUE","TRUE","2호기(2020.09.22)","20200623","316x332","Strong chromatic candidate uses channel range≥200; no color semantics assigned."
"002_20200623_163035(5)","316","332","392","0.0037364648","3","3","3","0","TRUE","TRUE","2호기(2020.09.22)","20200623","316x332","Strong chromatic candidate uses channel range≥200; no color semantics assigned."
"002_20200623_163039(5)","352","332","384","0.0032858708","3","3","3","0","TRUE","TRUE","1호기(2020.09.22)","20200623","352x332","Strong chromatic candidate uses channel range≥200; no color semantics assigned."
"002_20200623_163043(7)","352","332","384","0.0032858708","3","3","3","0","TRUE","TRUE","1호기(2020.09.22)","20200623","352x332","Strong chromatic candidate uses channel range≥200; no color semantics assigned."
"002_20200623_163047(6)","352","332","400","0.003422782","3","3","3","0","TRUE","TRUE","1호기(2020.09.22)","20200623","352x332","Strong chromatic candidate uses channel range≥200; no color semantics assigned."
"002_20200623_163051(7)","352","332","392","0.0033543264","3","3","3","0","TRUE","TRUE","1호기(2020.09.22)","20200623","352x332","Strong chromatic candidate uses channel range≥200; no color semantics assigned."
"002_20200623_163055(6)","352","332","384","0.0032858708","3","3","3","0","TRUE","TRUE","1호기(2020.09.22)","20200623","352x332","Strong chromatic candidate uses channel range≥200; no color semantics assigned."
"002_20200623_163059(6)","352","332","384","0.0032858708","3","3","3","0","TRUE","TRUE","1호기(2020.09.22)","20200623","352x332","Strong chromatic candidate uses channel range≥200; no color semantics assigned."
"002_20200623_203033(6)","316","332","400","0.0038127192","3","3","3","0","TRUE","TRUE","2호기(2020.09.22)","20200623","316x332","Strong chromatic candidate uses channel range≥200; no color semantics assigned."
"002_20200623_203038(0)","316","332","400","0.0038127192","3","3","3","0","TRUE","TRUE","2호기(2020.09.22)","20200623","316x332","Strong chromatic candidate uses channel range≥200; no color semantics assigned."
"002_20200623_203040(4)","352","332","392","0.0033543264","3","3","3","0","TRUE","TRUE","1호기(2020.09.22)","20200623","352x332","Strong chromatic candidate uses channel range≥200; no color semantics assigned."
"002_20200623_203042(5)","316","332","392","0.0037364648","3","3","3","0","TRUE","TRUE","2호기(2020.09.22)","20200623","316x332","Strong chromatic candidate uses channel range≥200; no color semantics assigned."
"002_20200623_203044(0)","352","332","384","0.0032858708","3","3","3","0","TRUE","TRUE","1호기(2020.09.22)","20200623","352x332","Strong chromatic candidate uses channel range≥200; no color semantics assigned."
"002_20200623_203047(0)","316","332","408","0.0038889736","3","3","3","0","TRUE","TRUE","2호기(2020.09.22)","20200623","316x332","Strong chromatic candidate uses channel range≥200; no color semantics assigned."
"002_20200623_203047(7)","352","332","400","0.003422782","3","3","3","0","TRUE","TRUE","1호기(2020.09.22)","20200623","352x332","Strong chromatic candidate uses channel range≥200; no color semantics assigned."
"002_20200623_203050(0)","316","332","392","0.0037364648","3","3","3","0","TRUE","TRUE","2호기(2020.09.22)","20200623","316x332","Strong chromatic candidate uses channel range≥200; no color semantics assigned."
"002_20200623_203051(2)","352","332","408","0.0034912377","3","3","3","0","TRUE","TRUE","1호기(2020.09.22)","20200623","352x332","Strong chromatic candidate uses channel range≥200; no color semantics assigned."
"002_20200623_203054(6)","316","332","400","0.0038127192","3","3","3","0","TRUE","TRUE","2호기(2020.09.22)","20200623","316x332","Strong chromatic candidate uses channel range≥200; no color semantics assigned."
"002_20200623_203054(7)","352","332","384","0.0032858708","3","3","3","0","TRUE","TRUE","1호기(2020.09.22)","20200623","352x332","Strong chromatic candidate uses channel range≥200; no color semantics assigned."
"002_20200623_203058(3)","352","332","392","0.0033543264","3","3","3","0","TRUE","TRUE","1호기(2020.09.22)","20200623","352x332","Strong chromatic candidate uses channel range≥200; no color semantics assigned."
"002_20200624_003107(0)","352","332","384","0.0032858708","3","3","3","0","TRUE","TRUE","1호기(2020.09.22)","20200624","352x332","Strong chromatic candidate uses channel range≥200; no color semantics assigned."
"002_20200624_003111(0)","352","332","392","0.0033543264","3","3","3","0","TRUE","TRUE","1호기(2020.09.22)","20200624","352x332","Strong chromatic candidate uses channel range≥200; no color semantics assigned."
"002_20200624_003115(1)","352","332","384","0.0032858708","3","3","3","0","TRUE","TRUE","1호기(2020.09.22)","20200624","352x332","Strong chromatic candidate uses channel range≥200; no color semantics assigned."
"002_20200624_003115(6)","316","332","384","0.0036602105","3","3","3","0","TRUE","TRUE","2호기(2020.09.22)","20200624","316x332","Strong chromatic candidate uses channel range≥200; no color semantics assigned."
"002_20200624_003118(6)","316","332","400","0.0038127192","3","3","3","0","TRUE","TRUE","2호기(2020.09.22)","20200624","316x332","Strong chromatic candidate uses channel range≥200; no color semantics assigned."
"002_20200624_003119(1)","352","332","384","0.0032858708","3","3","3","0","TRUE","TRUE","1호기(2020.09.22)","20200624","352x332","Strong chromatic candidate uses channel range≥200; no color semantics assigned."
"002_20200624_003123(0)","316","332","392","0.0037364648","3","3","3","0","TRUE","TRUE","2호기(2020.09.22)","20200624","316x332","Strong chromatic candidate uses channel range≥200; no color semantics assigned."
"002_20200624_003123(1)","352","332","392","0.0033543264","3","3","3","0","TRUE","TRUE","1호기(2020.09.22)","20200624","352x332","Strong chromatic candidate uses channel range≥200; no color semantics assigned."
"002_20200624_003127(0)","352","332","384","0.0032858708","3","3","3","0","TRUE","TRUE","1호기(2020.09.22)","20200624","352x332","Strong chromatic candidate uses channel range≥200; no color semantics assigned."
"002_20200624_003127(5)","316","332","400","0.0038127192","3","3","3","0","TRUE","TRUE","2호기(2020.09.22)","20200624","316x332","Strong chromatic candidate uses channel range≥200; no color semantics assigned."
"002_20200624_003132(0)","316","332","400","0.0038127192","3","3","3","0","TRUE","TRUE","2호기(2020.09.22)","20200624","316x332","Strong chromatic candidate uses channel range≥200; no color semantics assigned."
"002_20200624_003136(5)","316","332","408","0.0038889736","3","3","3","0","TRUE","TRUE","2호기(2020.09.22)","20200624","316x332","Strong chromatic candidate uses channel range≥200; no color semantics assigned."
"002_20200624_043128(1)","352","332","400","0.003422782","3","3","3","0","TRUE","TRUE","1호기(2020.09.22)","20200624","352x332","Strong chromatic candidate uses channel range≥200; no color semantics assigned."
"002_20200624_043132(2)","352","332","384","0.0032858708","3","3","3","0","TRUE","TRUE","1호기(2020.09.22)","20200624","352x332","Strong chromatic candidate uses channel range≥200; no color semantics assigned."
"002_20200624_043136(1)","352","332","408","0.0034912377","3","3","3","0","TRUE","TRUE","1호기(2020.09.22)","20200624","352x332","Strong chromatic candidate uses channel range≥200; no color semantics assigned."
"002_20200624_043136(9)","316","332","384","0.0036602105","3","3","3","0","TRUE","TRUE","2호기(2020.09.22)","20200624","316x332","Strong chromatic candidate uses channel range≥200; no color semantics assigned."
"002_20200624_043140(2)","352","332","400","0.003422782","3","3","3","0","TRUE","TRUE","1호기(2020.09.22)","20200624","352x332","Strong chromatic candidate uses channel range≥200; no color semantics assigned."
"002_20200624_043141(4)","316","332","408","0.0038889736","3","3","3","0","TRUE","TRUE","2호기(2020.09.22)","20200624","316x332","Strong chromatic candidate uses channel range≥200; no color semantics assigned."
"002_20200624_043144(2)","352","332","392","0.0033543264","3","3","3","0","TRUE","TRUE","1호기(2020.09.22)","20200624","352x332","Strong chromatic candidate uses channel range≥200; no color semantics assigned."
"002_20200624_043145(8)","316","332","384","0.0036602105","3","3","3","0","TRUE","TRUE","2호기(2020.09.22)","20200624","316x332","Strong chromatic candidate uses channel range≥200; no color semantics assigned."
"002_20200624_043148(1)","352","332","384","0.0032858708","3","3","3","0","TRUE","TRUE","1호기(2020.09.22)","20200624","352x332","Strong chromatic candidate uses channel range≥200; no color semantics assigned."
"002_20200624_043150(3)","316","332","384","0.0036602105","3","3","3","0","TRUE","TRUE","2호기(2020.09.22)","20200624","316x332","Strong chromatic candidate uses channel range≥200; no color semantics assigned."
"002_20200624_043154(8)","316","332","400","0.0038127192","3","3","3","0","TRUE","TRUE","2호기(2020.09.22)","20200624","316x332","Strong chromatic candidate uses channel range≥200; no color semantics assigned."
"002_20200624_043159(4)","316","332","392","0.0037364648","3","3","3","0","TRUE","TRUE","2호기(2020.09.22)","20200624","316x332","Strong chromatic candidate uses channel range≥200; no color semantics assigned."
"002_20200624_083032(4)","316","332","384","0.0036602105","3","3","3","0","TRUE","TRUE","2호기(2020.09.22)","20200624","316x332","Strong chromatic candidate uses channel range≥200; no color semantics assigned."
"002_20200624_083036(9)","316","332","400","0.0038127192","3","3","3","0","TRUE","TRUE","2호기(2020.09.22)","20200624","316x332","Strong chromatic candidate uses channel range≥200; no color semantics assigned."
"002_20200624_083041(3)","316","332","392","0.0037364648","3","3","3","0","TRUE","TRUE","2호기(2020.09.22)","20200624","316x332","Strong chromatic candidate uses channel range≥200; no color semantics assigned."
"002_20200624_083045(5)","352","332","384","0.0032858708","3","3","3","0","TRUE","TRUE","1호기(2020.09.22)","20200624","352x332","Strong chromatic candidate uses channel range≥200; no color semantics assigned."
"002_20200624_083045(8)","316","332","392","0.0037364648","3","3","3","0","TRUE","TRUE","2호기(2020.09.22)","20200624","316x332","Strong chromatic candidate uses channel range≥200; no color semantics assigned."
"002_20200624_083049(6)","352","332","384","0.0032858708","3","3","3","0","TRUE","TRUE","1호기(2020.09.22)","20200624","352x332","Strong chromatic candidate uses channel range≥200; no color semantics assigned."
"002_20200624_083050(4)","316","332","400","0.0038127192","3","3","3","0","TRUE","TRUE","2호기(2020.09.22)","20200624","316x332","Strong chromatic candidate uses channel range≥200; no color semantics assigned."
"002_20200624_083053(3)","352","332","384","0.0032858708","3","3","3","0","TRUE","TRUE","1호기(2020.09.22)","20200624","352x332","Strong chromatic candidate uses channel range≥200; no color semantics assigned."
"002_20200624_083054(9)","316","332","408","0.0038889736","3","3","3","0","TRUE","TRUE","2호기(2020.09.22)","20200624","316x332","Strong chromatic candidate uses channel range≥200; no color semantics assigned."
"002_20200624_083057(4)","352","332","384","0.0032858708","3","3","3","0","TRUE","TRUE","1호기(2020.09.22)","20200624","352x332","Strong chromatic candidate uses channel range≥200; no color semantics assigned."
"002_20200624_083101(4)","352","332","400","0.003422782","3","3","3","0","TRUE","TRUE","1호기(2020.09.22)","20200624","352x332","Strong chromatic candidate uses channel range≥200; no color semantics assigned."
"002_20200624_083105(5)","352","332","408","0.0034912377","3","3","3","0","TRUE","TRUE","1호기(2020.09.22)","20200624","352x332","Strong chromatic candidate uses channel range≥200; no color semantics assigned."
"002_20200624_123122(6)","352","332","400","0.003422782","3","3","3","0","TRUE","TRUE","1호기(2020.09.22)","20200624","352x332","Strong chromatic candidate uses channel range≥200; no color semantics assigned."
"002_20200624_123126(4)","352","332","384","0.0032858708","3","3","3","0","TRUE","TRUE","1호기(2020.09.22)","20200624","352x332","Strong chromatic candidate uses channel range≥200; no color semantics assigned."
"002_20200624_123129(9)","352","332","384","0.0032858708","3","3","3","0","TRUE","TRUE","1호기(2020.09.22)","20200624","352x332","Strong chromatic candidate uses channel range≥200; no color semantics assigned."
"002_20200624_123133(0)","352","332","400","0.003422782","3","3","3","0","TRUE","TRUE","1호기(2020.09.22)","20200624","352x332","Strong chromatic candidate uses channel range≥200; no color semantics assigned."
"002_20200624_123136(5)","352","332","384","0.0032858708","3","3","3","0","TRUE","TRUE","1호기(2020.09.22)","20200624","352x332","Strong chromatic candidate uses channel range≥200; no color semantics assigned."
"002_20200624_123143(7)","352","332","392","0.0033543264","3","3","3","0","TRUE","TRUE","1호기(2020.09.22)","20200624","352x332","Strong chromatic candidate uses channel range≥200; no color semantics assigned."
"002_20200624_123144(0)","316","332","400","0.0038127192","3","3","3","0","TRUE","TRUE","2호기(2020.09.22)","20200624","316x332","Strong chromatic candidate uses channel range≥200; no color semantics assigned."
"002_20200624_123148(2)","316","332","392","0.0037364648","3","3","3","0","TRUE","TRUE","2호기(2020.09.22)","20200624","316x332","Strong chromatic candidate uses channel range≥200; no color semantics assigned."
"002_20200624_123152(7)","316","332","392","0.0037364648","3","3","3","0","TRUE","TRUE","2호기(2020.09.22)","20200624","316x332","Strong chromatic candidate uses channel range≥200; no color semantics assigned."
"002_20200624_123157(4)","316","332","408","0.0038889736","3","3","3","0","TRUE","TRUE","2호기(2020.09.22)","20200624","316x332","Strong chromatic candidate uses channel range≥200; no color semantics assigned."
"002_20200624_123201(7)","316","332","392","0.0037364648","3","3","3","0","TRUE","TRUE","2호기(2020.09.22)","20200624","316x332","Strong chromatic candidate uses channel range≥200; no color semantics assigned."
"002_20200624_123206(2)","316","332","400","0.0038127192","3","3","3","0","TRUE","TRUE","2호기(2020.09.22)","20200624","316x332","Strong chromatic candidate uses channel range≥200; no color semantics assigned."
"002_20200624_162522(0)","352","332","384","0.0032858708","3","3","3","0","TRUE","TRUE","1호기(2020.09.22)","20200624","352x332","Strong chromatic candidate uses channel range≥200; no color semantics assigned."
"002_20200624_162527(8)","352","332","400","0.003422782","3","3","3","0","TRUE","TRUE","1호기(2020.09.22)","20200624","352x332","Strong chromatic candidate uses channel range≥200; no color semantics assigned."
"002_20200624_162531(7)","352","332","392","0.0033543264","3","3","3","0","TRUE","TRUE","1호기(2020.09.22)","20200624","352x332","Strong chromatic candidate uses channel range≥200; no color semantics assigned."
"002_20200624_162536(8)","352","332","384","0.0032858708","3","3","3","0","TRUE","TRUE","1호기(2020.09.22)","20200624","352x332","Strong chromatic candidate uses channel range≥200; no color semantics assigned."
"002_20200624_162540(3)","352","332","392","0.0033543264","3","3","3","0","TRUE","TRUE","1호기(2020.09.22)","20200624","352x332","Strong chromatic candidate uses channel range≥200; no color semantics assigned."
"002_20200624_162543(7)","352","332","384","0.0032858708","3","3","3","0","TRUE","TRUE","1호기(2020.09.22)","20200624","352x332","Strong chromatic candidate uses channel range≥200; no color semantics assigned."
"002_20200624_162708(9)","316","332","392","0.0037364648","3","3","3","0","TRUE","TRUE","2호기(2020.09.22)","20200624","316x332","Strong chromatic candidate uses channel range≥200; no color semantics assigned."
"002_20200624_162713(4)","316","332","392","0.0037364648","3","3","3","0","TRUE","TRUE","2호기(2020.09.22)","20200624","316x332","Strong chromatic candidate uses channel range≥200; no color semantics assigned."
"002_20200624_162717(9)","316","332","384","0.0036602105","3","3","3","0","TRUE","TRUE","2호기(2020.09.22)","20200624","316x332","Strong chromatic candidate uses channel range≥200; no color semantics assigned."
"002_20200624_162722(4)","316","332","384","0.0036602105","3","3","3","0","TRUE","TRUE","2호기(2020.09.22)","20200624","316x332","Strong chromatic candidate uses channel range≥200; no color semantics assigned."
"002_20200624_203003(9)","352","332","392","0.0033543264","3","3","3","0","TRUE","TRUE","1호기(2020.09.22)","20200624","352x332","Strong chromatic candidate uses channel range≥200; no color semantics assigned."
"002_20200624_203012(9)","352","332","400","0.003422782","3","3","3","0","TRUE","TRUE","1호기(2020.09.22)","20200624","352x332","Strong chromatic candidate uses channel range≥200; no color semantics assigned."
"002_20200624_203017(4)","352","332","392","0.0033543264","3","3","3","0","TRUE","TRUE","1호기(2020.09.22)","20200624","352x332","Strong chromatic candidate uses channel range≥200; no color semantics assigned."
"002_20200624_203021(9)","352","332","392","0.0033543264","3","3","3","0","TRUE","TRUE","1호기(2020.09.22)","20200624","352x332","Strong chromatic candidate uses channel range≥200; no color semantics assigned."
"002_20200624_203026(4)","352","332","384","0.0032858708","3","3","3","0","TRUE","TRUE","1호기(2020.09.22)","20200624","352x332","Strong chromatic candidate uses channel range≥200; no color semantics assigned."
"002_20200624_203044(4)","352","332","384","0.0032858708","3","3","3","0","TRUE","TRUE","1호기(2020.09.22)","20200624","352x332","Strong chromatic candidate uses channel range≥200; no color semantics assigned."
"002_20200624_203111(4)","316","332","424","0.0040414824","3","3","3","0","TRUE","TRUE","2호기(2020.09.22)","20200624","316x332","Strong chromatic candidate uses channel range≥200; no color semantics assigned."
"002_20200624_203114(3)","316","332","424","0.0040414824","2","1","3","-2","FALSE","TRUE","2호기(2020.09.22)","20200624","316x332","Strong chromatic candidate uses channel range≥200; no color semantics assigned."
"002_20200624_203117(3)","316","332","408","0.0038889736","3","3","3","0","TRUE","TRUE","2호기(2020.09.22)","20200624","316x332","Strong chromatic candidate uses channel range≥200; no color semantics assigned."
"002_20200624_203120(3)","316","332","392","0.0037364648","3","3","3","0","TRUE","TRUE","2호기(2020.09.22)","20200624","316x332","Strong chromatic candidate uses channel range≥200; no color semantics assigned."
"002_20200624_203123(3)","316","332","432","0.0041177368","3","3","3","0","TRUE","TRUE","2호기(2020.09.22)","20200624","316x332","Strong chromatic candidate uses channel range≥200; no color semantics assigned."
"002_20200624_203126(3)","316","332","408","0.0038889736","3","3","3","0","TRUE","TRUE","2호기(2020.09.22)","20200624","316x332","Strong chromatic candidate uses channel range≥200; no color semantics assigned."
"002_20200625_003116(4)","352","332","392","0.0033543264","3","3","3","0","TRUE","TRUE","1호기(2020.09.22)","20200625","352x332","Strong chromatic candidate uses channel range≥200; no color semantics assigned."
"002_20200625_003120(7)","352","332","392","0.0033543264","3","3","3","0","TRUE","TRUE","1호기(2020.09.22)","20200625","352x332","Strong chromatic candidate uses channel range≥200; no color semantics assigned."
"002_20200625_003125(4)","352","332","384","0.0032858708","3","3","3","0","TRUE","TRUE","1호기(2020.09.22)","20200625","352x332","Strong chromatic candidate uses channel range≥200; no color semantics assigned."
"002_20200625_003130(0)","352","332","384","0.0032858708","3","3","3","0","TRUE","TRUE","1호기(2020.09.22)","20200625","352x332","Strong chromatic candidate uses channel range≥200; no color semantics assigned."
"002_20200625_003134(4)","352","332","384","0.0032858708","3","3","3","0","TRUE","TRUE","1호기(2020.09.22)","20200625","352x332","Strong chromatic candidate uses channel range≥200; no color semantics assigned."
"002_20200625_003139(0)","352","332","384","0.0032858708","3","3","3","0","TRUE","TRUE","1호기(2020.09.22)","20200625","352x332","Strong chromatic candidate uses channel range≥200; no color semantics assigned."
"002_20200625_003352(9)","316","332","400","0.0038127192","3","3","3","0","TRUE","TRUE","2호기(2020.09.22)","20200625","316x332","Strong chromatic candidate uses channel range≥200; no color semantics assigned."
"002_20200625_003357(4)","316","332","384","0.0036602105","3","3","3","0","TRUE","TRUE","2호기(2020.09.22)","20200625","316x332","Strong chromatic candidate uses channel range≥200; no color semantics assigned."
"002_20200625_003401(8)","316","332","408","0.0038889736","3","3","3","0","TRUE","TRUE","2호기(2020.09.22)","20200625","316x332","Strong chromatic candidate uses channel range≥200; no color semantics assigned."
"002_20200625_003406(3)","316","332","392","0.0037364648","3","3","3","0","TRUE","TRUE","2호기(2020.09.22)","20200625","316x332","Strong chromatic candidate uses channel range≥200; no color semantics assigned."
"002_20200625_003410(8)","316","332","392","0.0037364648","3","3","3","0","TRUE","TRUE","2호기(2020.09.22)","20200625","316x332","Strong chromatic candidate uses channel range≥200; no color semantics assigned."
"002_20200625_003415(4)","316","332","400","0.0038127192","3","3","3","0","TRUE","TRUE","2호기(2020.09.22)","20200625","316x332","Strong chromatic candidate uses channel range≥200; no color semantics assigned."
"002_20200625_042934(9)","352","332","384","0.0032858708","3","3","3","0","TRUE","TRUE","1호기(2020.09.22)","20200625","352x332","Strong chromatic candidate uses channel range≥200; no color semantics assigned."
"002_20200625_042939(2)","352","332","392","0.0033543264","3","3","3","0","TRUE","TRUE","1호기(2020.09.22)","20200625","352x332","Strong chromatic candidate uses channel range≥200; no color semantics assigned."
"002_20200625_042943(7)","352","332","384","0.0032858708","3","3","3","0","TRUE","TRUE","1호기(2020.09.22)","20200625","352x332","Strong chromatic candidate uses channel range≥200; no color semantics assigned."
"002_20200625_042948(3)","352","332","392","0.0033543264","3","3","3","0","TRUE","TRUE","1호기(2020.09.22)","20200625","352x332","Strong chromatic candidate uses channel range≥200; no color semantics assigned."
"002_20200625_042952(8)","352","332","392","0.0033543264","3","3","3","0","TRUE","TRUE","1호기(2020.09.22)","20200625","352x332","Strong chromatic candidate uses channel range≥200; no color semantics assigned."
"002_20200625_042957(3)","352","332","384","0.0032858708","3","3","3","0","TRUE","TRUE","1호기(2020.09.22)","20200625","352x332","Strong chromatic candidate uses channel range≥200; no color semantics assigned."
"002_20200629_082630(7)","352","332","384","0.0032858708","3","3","3","0","TRUE","TRUE","1호기(2020.09.22)","20200629","352x332","Strong chromatic candidate uses channel range≥200; no color semantics assigned."
"002_20200629_082639(2)","352","332","392","0.0033543264","3","3","3","0","TRUE","TRUE","1호기(2020.09.22)","20200629","352x332","Strong chromatic candidate uses channel range≥200; no color semantics assigned."
"002_20200629_082642(2)","352","332","384","0.0032858708","3","3","3","0","TRUE","TRUE","1호기(2020.09.22)","20200629","352x332","Strong chromatic candidate uses channel range≥200; no color semantics assigned."
"002_20200629_082645(4)","352","332","384","0.0032858708","3","3","3","0","TRUE","TRUE","1호기(2020.09.22)","20200629","352x332","Strong chromatic candidate uses channel range≥200; no color semantics assigned."
"002_20200629_082823(5)","316","332","416","0.003965228","3","3","3","0","TRUE","TRUE","2호기(2020.09.22)","20200629","316x332","Strong chromatic candidate uses channel range≥200; no color semantics assigned."
"002_20200629_082828(5)","316","332","408","0.0038889736","3","3","3","0","TRUE","TRUE","2호기(2020.09.22)","20200629","316x332","Strong chromatic candidate uses channel range≥200; no color semantics assigned."
"002_20200629_082831(3)","316","332","400","0.0038127192","3","3","3","0","TRUE","TRUE","2호기(2020.09.22)","20200629","316x332","Strong chromatic candidate uses channel range≥200; no color semantics assigned."
"002_20200629_082834(2)","316","332","392","0.0037364648","3","3","3","0","TRUE","TRUE","2호기(2020.09.22)","20200629","316x332","Strong chromatic candidate uses channel range≥200; no color semantics assigned."
"002_20200629_082837(0)","316","332","392","0.0037364648","3","3","3","0","TRUE","TRUE","2호기(2020.09.22)","20200629","316x332","Strong chromatic candidate uses channel range≥200; no color semantics assigned."
"002_20200629_082839(9)","316","332","384","0.0036602105","3","3","3","0","TRUE","TRUE","2호기(2020.09.22)","20200629","316x332","Strong chromatic candidate uses channel range≥200; no color semantics assigned."
"002_20200629_123442(5)","316","332","392","0.0037364648","3","3","3","0","TRUE","TRUE","2호기(2020.09.22)","20200629","316x332","Strong chromatic candidate uses channel range≥200; no color semantics assigned."
"002_20200629_123447(0)","316","332","416","0.003965228","3","3","3","0","TRUE","TRUE","2호기(2020.09.22)","20200629","316x332","Strong chromatic candidate uses channel range≥200; no color semantics assigned."
"002_20200629_123451(5)","316","332","392","0.0037364648","3","3","3","0","TRUE","TRUE","2호기(2020.09.22)","20200629","316x332","Strong chromatic candidate uses channel range≥200; no color semantics assigned."
"002_20200629_123456(0)","316","332","392","0.0037364648","3","3","3","0","TRUE","TRUE","2호기(2020.09.22)","20200629","316x332","Strong chromatic candidate uses channel range≥200; no color semantics assigned."
"002_20200629_123500(5)","316","332","408","0.0038889736","3","3","3","0","TRUE","TRUE","2호기(2020.09.22)","20200629","316x332","Strong chromatic candidate uses channel range≥200; no color semantics assigned."
"002_20200629_123505(0)","316","332","392","0.0037364648","3","3","3","0","TRUE","TRUE","2호기(2020.09.22)","20200629","316x332","Strong chromatic candidate uses channel range≥200; no color semantics assigned."
"002_20200629_163656(7)","316","332","400","0.0038127192","3","3","3","0","TRUE","TRUE","2호기(2020.09.22)","20200629","316x332","Strong chromatic candidate uses channel range≥200; no color semantics assigned."
"002_20200629_163659(7)","316","332","392","0.0037364648","3","3","3","0","TRUE","TRUE","2호기(2020.09.22)","20200629","316x332","Strong chromatic candidate uses channel range≥200; no color semantics assigned."
"002_20200629_163702(8)","316","332","384","0.0036602105","3","3","3","0","TRUE","TRUE","2호기(2020.09.22)","20200629","316x332","Strong chromatic candidate uses channel range≥200; no color semantics assigned."
"002_20200629_163705(8)","316","332","392","0.0037364648","3","3","3","0","TRUE","TRUE","2호기(2020.09.22)","20200629","316x332","Strong chromatic candidate uses channel range≥200; no color semantics assigned."
"002_20200629_163708(9)","316","332","384","0.0036602105","3","3","3","0","TRUE","TRUE","2호기(2020.09.22)","20200629","316x332","Strong chromatic candidate uses channel range≥200; no color semantics assigned."
"002_20200629_163711(8)","316","332","400","0.0038127192","3","3","3","0","TRUE","TRUE","2호기(2020.09.22)","20200629","316x332","Strong chromatic candidate uses channel range≥200; no color semantics assigned."
"002_20200714_042641(8)","352","332","384","0.0032858708","3","3","3","0","TRUE","TRUE","1호기(2020.09.22)","20200714","352x332","Strong chromatic candidate uses channel range≥200; no color semantics assigned."
"002_20200714_083054(2)","352","332","384","0.0032858708","3","3","3","0","TRUE","TRUE","1호기(2020.09.22)","20200714","352x332","Strong chromatic candidate uses channel range≥200; no color semantics assigned."
"002_20200714_083057(5)","352","332","400","0.003422782","3","3","3","0","TRUE","TRUE","1호기(2020.09.22)","20200714","352x332","Strong chromatic candidate uses channel range≥200; no color semantics assigned."
"002_20200714_083101(7)","352","332","400","0.003422782","3","3","3","0","TRUE","TRUE","1호기(2020.09.22)","20200714","352x332","Strong chromatic candidate uses channel range≥200; no color semantics assigned."
"002_20200714_083106(2)","352","332","384","0.0032858708","3","3","3","0","TRUE","TRUE","1호기(2020.09.22)","20200714","352x332","Strong chromatic candidate uses channel range≥200; no color semantics assigned."
"002_20200714_083110(8)","352","332","384","0.0032858708","3","3","3","0","TRUE","TRUE","1호기(2020.09.22)","20200714","352x332","Strong chromatic candidate uses channel range≥200; no color semantics assigned."
"002_20200714_083115(1)","352","332","392","0.0033543264","3","3","3","0","TRUE","TRUE","1호기(2020.09.22)","20200714","352x332","Strong chromatic candidate uses channel range≥200; no color semantics assigned."
"002_20200714_123109(8)","352","332","392","0.0033543264","3","3","3","0","TRUE","TRUE","1호기(2020.09.22)","20200714","352x332","Strong chromatic candidate uses channel range≥200; no color semantics assigned."
"002_20200714_123113(1)","352","332","392","0.0033543264","3","3","3","0","TRUE","TRUE","1호기(2020.09.22)","20200714","352x332","Strong chromatic candidate uses channel range≥200; no color semantics assigned."
"002_20200714_123117(3)","352","332","384","0.0032858708","3","3","3","0","TRUE","TRUE","1호기(2020.09.22)","20200714","352x332","Strong chromatic candidate uses channel range≥200; no color semantics assigned."
"002_20200714_123120(4)","352","332","392","0.0033543264","3","3","3","0","TRUE","TRUE","1호기(2020.09.22)","20200714","352x332","Strong chromatic candidate uses channel range≥200; no color semantics assigned."
"002_20200714_123123(5)","352","332","384","0.0032858708","3","3","3","0","TRUE","TRUE","1호기(2020.09.22)","20200714","352x332","Strong chromatic candidate uses channel range≥200; no color semantics assigned."
"002_20200714_123126(4)","352","332","392","0.0033543264","3","3","3","0","TRUE","TRUE","1호기(2020.09.22)","20200714","352x332","Strong chromatic candidate uses channel range≥200; no color semantics assigned."
"002_20200714_163046(2)","352","332","400","0.003422782","3","3","3","0","TRUE","TRUE","1호기(2020.09.22)","20200714","352x332","Strong chromatic candidate uses channel range≥200; no color semantics assigned."
"002_20200714_163049(8)","352","332","384","0.0032858708","3","3","3","0","TRUE","TRUE","1호기(2020.09.22)","20200714","352x332","Strong chromatic candidate uses channel range≥200; no color semantics assigned."
"002_20200714_163053(5)","352","332","384","0.0032858708","3","3","3","0","TRUE","TRUE","1호기(2020.09.22)","20200714","352x332","Strong chromatic candidate uses channel range≥200; no color semantics assigned."
"002_20200714_163056(8)","352","332","384","0.0032858708","3","3","3","0","TRUE","TRUE","1호기(2020.09.22)","20200714","352x332","Strong chromatic candidate uses channel range≥200; no color semantics assigned."
"002_20200714_163100(2)","352","332","384","0.0032858708","3","3","3","0","TRUE","TRUE","1호기(2020.09.22)","20200714","352x332","Strong chromatic candidate uses channel range≥200; no color semantics assigned."
"002_20200714_163103(5)","352","332","384","0.0032858708","3","3","3","0","TRUE","TRUE","1호기(2020.09.22)","20200714","352x332","Strong chromatic candidate uses channel range≥200; no color semantics assigned."
"002_20200714_225756(0)","352","332","384","0.0032858708","3","3","3","0","TRUE","TRUE","1호기(2020.09.22)","20200714","352x332","Strong chromatic candidate uses channel range≥200; no color semantics assigned."
"002_20200714_225759(8)","352","332","392","0.0033543264","3","3","3","0","TRUE","TRUE","1호기(2020.09.22)","20200714","352x332","Strong chromatic candidate uses channel range≥200; no color semantics assigned."
"002_20200714_225803(3)","352","332","392","0.0033543264","3","3","3","0","TRUE","TRUE","1호기(2020.09.22)","20200714","352x332","Strong chromatic candidate uses channel range≥200; no color semantics assigned."
"002_20200714_225807(3)","352","332","384","0.0032858708","3","3","3","0","TRUE","TRUE","1호기(2020.09.22)","20200714","352x332","Strong chromatic candidate uses channel range≥200; no color semantics assigned."
"002_20200714_225810(5)","352","332","384","0.0032858708","3","3","3","0","TRUE","TRUE","1호기(2020.09.22)","20200714","352x332","Strong chromatic candidate uses channel range≥200; no color semantics assigned."
"002_20200714_225817(4)","352","332","384","0.0032858708","3","3","3","0","TRUE","TRUE","1호기(2020.09.22)","20200714","352x332","Strong chromatic candidate uses channel range≥200; no color semantics assigned."
"002_20200715_002443(4)","352","332","384","0.0032858708","3","3","3","0","TRUE","TRUE","1호기(2020.09.22)","20200715","352x332","Strong chromatic candidate uses channel range≥200; no color semantics assigned."
"002_20200715_002447(9)","352","332","392","0.0033543264","3","3","3","0","TRUE","TRUE","1호기(2020.09.22)","20200715","352x332","Strong chromatic candidate uses channel range≥200; no color semantics assigned."
"002_20200715_002456(9)","352","332","392","0.0033543264","3","3","3","0","TRUE","TRUE","1호기(2020.09.22)","20200715","352x332","Strong chromatic candidate uses channel range≥200; no color semantics assigned."
"002_20200715_002509(0)","352","332","384","0.0032858708","3","3","3","0","TRUE","TRUE","1호기(2020.09.22)","20200715","352x332","Strong chromatic candidate uses channel range≥200; no color semantics assigned."
"002_20200715_002513(4)","352","332","392","0.0033543264","3","3","3","0","TRUE","TRUE","1호기(2020.09.22)","20200715","352x332","Strong chromatic candidate uses channel range≥200; no color semantics assigned."
"002_20200831_163149(1)","316","332","128","0.0012200702","1","1","1","0","TRUE","TRUE","2호기(2020.09.22)","20200831","316x332","Strong chromatic candidate uses channel range≥200; no color semantics assigned."
"002_20200831_163150(6)","316","332","136","0.0012963245","1","1","1","0","TRUE","TRUE","2호기(2020.09.22)","20200831","316x332","Strong chromatic candidate uses channel range≥200; no color semantics assigned."
"002_20200831_203101(4)","316","332","128","0.0012200702","1","1","1","0","TRUE","TRUE","2호기(2020.09.22)","20200831","316x332","Strong chromatic candidate uses channel range≥200; no color semantics assigned."
"002_20200831_203105(9)","316","332","128","0.0012200702","1","1","1","0","TRUE","TRUE","2호기(2020.09.22)","20200831","316x332","Strong chromatic candidate uses channel range≥200; no color semantics assigned."
"002_20200901_003133(6)","316","332","128","0.0012200702","1","1","1","0","TRUE","TRUE","2호기(2020.09.22)","20200901","316x332","Strong chromatic candidate uses channel range≥200; no color semantics assigned."
"002_20200901_003136(6)","316","332","144","0.0013725789","1","1","1","0","TRUE","TRUE","2호기(2020.09.22)","20200901","316x332","Strong chromatic candidate uses channel range≥200; no color semantics assigned."
"002_20200901_003139(6)","316","332","136","0.0012963245","1","1","1","0","TRUE","TRUE","2호기(2020.09.22)","20200901","316x332","Strong chromatic candidate uses channel range≥200; no color semantics assigned."
"002_20200901_003142(6)","316","332","128","0.0012200702","1","1","1","0","TRUE","TRUE","2호기(2020.09.22)","20200901","316x332","Strong chromatic candidate uses channel range≥200; no color semantics assigned."
"002_20200901_003148(6)","316","332","136","0.0012963245","1","1","1","0","TRUE","TRUE","2호기(2020.09.22)","20200901","316x332","Strong chromatic candidate uses channel range≥200; no color semantics assigned."
"002_20200901_043133(6)","316","332","136","0.0012963245","1","1","1","0","TRUE","TRUE","2호기(2020.09.22)","20200901","316x332","Strong chromatic candidate uses channel range≥200; no color semantics assigned."
"002_20200901_043136(6)","316","332","128","0.0012200702","1","1","1","0","TRUE","TRUE","2호기(2020.09.22)","20200901","316x332","Strong chromatic candidate uses channel range≥200; no color semantics assigned."
"002_20200901_043139(6)","316","332","128","0.0012200702","1","1","1","0","TRUE","TRUE","2호기(2020.09.22)","20200901","316x332","Strong chromatic candidate uses channel range≥200; no color semantics assigned."
"002_20200901_043142(6)","316","332","128","0.0012200702","1","1","1","0","TRUE","TRUE","2호기(2020.09.22)","20200901","316x332","Strong chromatic candidate uses channel range≥200; no color semantics assigned."
"002_20200901_043145(5)","316","332","128","0.0012200702","1","1","1","0","TRUE","TRUE","2호기(2020.09.22)","20200901","316x332","Strong chromatic candidate uses channel range≥200; no color semantics assigned."
"002_20200901_043148(6)","316","332","128","0.0012200702","1","1","1","0","TRUE","TRUE","2호기(2020.09.22)","20200901","316x332","Strong chromatic candidate uses channel range≥200; no color semantics assigned."
"002_20200901_083204(5)","316","332","144","0.0013725789","1","1","1","0","TRUE","TRUE","2호기(2020.09.22)","20200901","316x332","Strong chromatic candidate uses channel range≥200; no color semantics assigned."
"002_20200901_083452(2)","316","332","144","0.0013725789","1","1","1","0","TRUE","TRUE","2호기(2020.09.22)","20200901","316x332","Strong chromatic candidate uses channel range≥200; no color semantics assigned."
"002_20200901_083456(7)","316","332","128","0.0012200702","1","1","1","0","TRUE","TRUE","2호기(2020.09.22)","20200901","316x332","Strong chromatic candidate uses channel range≥200; no color semantics assigned."
"002_20200901_083501(2)","316","332","136","0.0012963245","1","1","1","0","TRUE","TRUE","2호기(2020.09.22)","20200901","316x332","Strong chromatic candidate uses channel range≥200; no color semantics assigned."
"002_20200901_083505(8)","316","332","184","0.0017538508","1","1","1","0","TRUE","TRUE","2호기(2020.09.22)","20200901","316x332","Strong chromatic candidate uses channel range≥200; no color semantics assigned."
"002_20200901_083510(2)","316","332","128","0.0012200702","1","1","1","0","TRUE","TRUE","2호기(2020.09.22)","20200901","316x332","Strong chromatic candidate uses channel range≥200; no color semantics assigned."
"002_20200901_083514(7)","316","332","128","0.0012200702","1","1","1","0","TRUE","TRUE","2호기(2020.09.22)","20200901","316x332","Strong chromatic candidate uses channel range≥200; no color semantics assigned."
"002_20200901_123049(7)","316","332","136","0.0012963245","1","1","1","0","TRUE","TRUE","2호기(2020.09.22)","20200901","316x332","Strong chromatic candidate uses channel range≥200; no color semantics assigned."
"002_20200901_123052(7)","316","332","128","0.0012200702","1","1","1","0","TRUE","TRUE","2호기(2020.09.22)","20200901","316x332","Strong chromatic candidate uses channel range≥200; no color semantics assigned."
"002_20200901_123100(3)","316","332","184","0.0017538508","1","1","1","0","TRUE","TRUE","2호기(2020.09.22)","20200901","316x332","Strong chromatic candidate uses channel range≥200; no color semantics assigned."
"002_20200901_123104(8)","316","332","192","0.0018301052","1","1","1","0","TRUE","TRUE","2호기(2020.09.22)","20200901","316x332","Strong chromatic candidate uses channel range≥200; no color semantics assigned."
"002_20200901_123109(2)","316","332","192","0.0018301052","1","1","1","0","TRUE","TRUE","2호기(2020.09.22)","20200901","316x332","Strong chromatic candidate uses channel range≥200; no color semantics assigned."
"002_20200901_191340(2)","316","332","136","0.0012963245","1","1","1","0","TRUE","TRUE","2호기(2020.09.22)","20200901","316x332","Strong chromatic candidate uses channel range≥200; no color semantics assigned."
"002_20200901_191343(2)","316","332","136","0.0012963245","1","1","1","0","TRUE","TRUE","2호기(2020.09.22)","20200901","316x332","Strong chromatic candidate uses channel range≥200; no color semantics assigned."
"002_20200901_191346(1)","316","332","128","0.0012200702","1","1","1","0","TRUE","TRUE","2호기(2020.09.22)","20200901","316x332","Strong chromatic candidate uses channel range≥200; no color semantics assigned."
"002_20200901_191348(8)","316","332","128","0.0012200702","1","1","1","0","TRUE","TRUE","2호기(2020.09.22)","20200901","316x332","Strong chromatic candidate uses channel range≥200; no color semantics assigned."
"002_20200901_191351(5)","316","332","136","0.0012963245","1","1","1","0","TRUE","TRUE","2호기(2020.09.22)","20200901","316x332","Strong chromatic candidate uses channel range≥200; no color semantics assigned."
"002_20200904_230054(2)","316","332","136","0.0012963245","1","1","1","0","TRUE","TRUE","2호기(2020.09.22)","20200904","316x332","Strong chromatic candidate uses channel range≥200; no color semantics assigned."
"002_20200904_230057(6)","316","332","128","0.0012200702","1","1","1","0","TRUE","TRUE","2호기(2020.09.22)","20200904","316x332","Strong chromatic candidate uses channel range≥200; no color semantics assigned."
"002_20200904_230105(4)","316","332","128","0.0012200702","1","1","1","0","TRUE","TRUE","2호기(2020.09.22)","20200904","316x332","Strong chromatic candidate uses channel range≥200; no color semantics assigned."
"002_20200905_003315(2)","316","332","136","0.0012963245","1","1","1","0","TRUE","TRUE","2호기(2020.09.22)","20200905","316x332","Strong chromatic candidate uses channel range≥200; no color semantics assigned."
"002_20200905_003319(2)","316","332","128","0.0012200702","1","1","1","0","TRUE","TRUE","2호기(2020.09.22)","20200905","316x332","Strong chromatic candidate uses channel range≥200; no color semantics assigned."
"002_20200905_003323(3)","316","332","136","0.0012963245","1","1","1","0","TRUE","TRUE","2호기(2020.09.22)","20200905","316x332","Strong chromatic candidate uses channel range≥200; no color semantics assigned."
"002_20200905_003327(3)","316","332","136","0.0012963245","1","1","1","0","TRUE","TRUE","2호기(2020.09.22)","20200905","316x332","Strong chromatic candidate uses channel range≥200; no color semantics assigned."
"002_20200905_003331(2)","316","332","128","0.0012200702","1","1","1","0","TRUE","TRUE","2호기(2020.09.22)","20200905","316x332","Strong chromatic candidate uses channel range≥200; no color semantics assigned."
"002_20200905_003335(3)","316","332","128","0.0012200702","1","1","1","0","TRUE","TRUE","2호기(2020.09.22)","20200905","316x332","Strong chromatic candidate uses channel range≥200; no color semantics assigned."
"002_20200905_043156(0)","316","332","128","0.0012200702","1","1","1","0","TRUE","TRUE","2호기(2020.09.22)","20200905","316x332","Strong chromatic candidate uses channel range≥200; no color semantics assigned."
"002_20200905_043200(0)","316","332","128","0.0012200702","1","1","1","0","TRUE","TRUE","2호기(2020.09.22)","20200905","316x332","Strong chromatic candidate uses channel range≥200; no color semantics assigned."
"002_20200905_043204(0)","316","332","136","0.0012963245","1","1","1","0","TRUE","TRUE","2호기(2020.09.22)","20200905","316x332","Strong chromatic candidate uses channel range≥200; no color semantics assigned."
"002_20200905_043208(0)","316","332","136","0.0012963245","1","1","1","0","TRUE","TRUE","2호기(2020.09.22)","20200905","316x332","Strong chromatic candidate uses channel range≥200; no color semantics assigned."
"002_20200905_043212(1)","316","332","136","0.0012963245","1","1","1","0","TRUE","TRUE","2호기(2020.09.22)","20200905","316x332","Strong chromatic candidate uses channel range≥200; no color semantics assigned."
"002_20200905_043216(0)","316","332","144","0.0013725789","1","1","1","0","TRUE","TRUE","2호기(2020.09.22)","20200905","316x332","Strong chromatic candidate uses channel range≥200; no color semantics assigned."
"002_20200905_083407(3)","316","332","128","0.0012200702","1","1","1","0","TRUE","TRUE","2호기(2020.09.22)","20200905","316x332","Strong chromatic candidate uses channel range≥200; no color semantics assigned."
"002_20200905_083410(5)","316","332","128","0.0012200702","1","1","1","0","TRUE","TRUE","2호기(2020.09.22)","20200905","316x332","Strong chromatic candidate uses channel range≥200; no color semantics assigned."
"002_20200905_083413(6)","316","332","128","0.0012200702","1","1","1","0","TRUE","TRUE","2호기(2020.09.22)","20200905","316x332","Strong chromatic candidate uses channel range≥200; no color semantics assigned."
"002_20200905_083416(3)","316","332","128","0.0012200702","1","1","1","0","TRUE","TRUE","2호기(2020.09.22)","20200905","316x332","Strong chromatic candidate uses channel range≥200; no color semantics assigned."
"002_20200905_083419(3)","316","332","136","0.0012963245","1","1","1","0","TRUE","TRUE","2호기(2020.09.22)","20200905","316x332","Strong chromatic candidate uses channel range≥200; no color semantics assigned."
"002_20200905_083422(4)","316","332","128","0.0012200702","1","1","1","0","TRUE","TRUE","2호기(2020.09.22)","20200905","316x332","Strong chromatic candidate uses channel range≥200; no color semantics assigned."
"002_20200905_123055(0)","316","332","136","0.0012963245","1","1","1","0","TRUE","TRUE","2호기(2020.09.22)","20200905","316x332","Strong chromatic candidate uses channel range≥200; no color semantics assigned."
"002_20200905_123058(4)","316","332","136","0.0012963245","1","1","1","0","TRUE","TRUE","2호기(2020.09.22)","20200905","316x332","Strong chromatic candidate uses channel range≥200; no color semantics assigned."
"002_20200905_123102(0)","316","332","128","0.0012200702","1","1","1","0","TRUE","TRUE","2호기(2020.09.22)","20200905","316x332","Strong chromatic candidate uses channel range≥200; no color semantics assigned."
"002_20200905_123103(4)","316","332","128","0.0012200702","1","1","1","0","TRUE","TRUE","1호기(2020.09.22)","20200905","316x332","Strong chromatic candidate uses channel range≥200; no color semantics assigned."
"002_20200905_123105(0)","316","332","136","0.0012963245","1","1","1","0","TRUE","TRUE","2호기(2020.09.22)","20200905","316x332","Strong chromatic candidate uses channel range≥200; no color semantics assigned."
"002_20200905_123107(5)","316","332","136","0.0012963245","1","1","1","0","TRUE","TRUE","1호기(2020.09.22)","20200905","316x332","Strong chromatic candidate uses channel range≥200; no color semantics assigned."
"002_20200905_123108(4)","316","332","128","0.0012200702","1","1","1","0","TRUE","TRUE","2호기(2020.09.22)","20200905","316x332","Strong chromatic candidate uses channel range≥200; no color semantics assigned."
"002_20200905_123111(6)","316","332","128","0.0012200702","1","1","1","0","TRUE","TRUE","1호기(2020.09.22)","20200905","316x332","Strong chromatic candidate uses channel range≥200; no color semantics assigned."
"002_20200905_123112(0)","316","332","128","0.0012200702","1","1","1","0","TRUE","TRUE","2호기(2020.09.22)","20200905","316x332","Strong chromatic candidate uses channel range≥200; no color semantics assigned."
"002_20200905_163920(4)","316","332","128","0.0012200702","1","1","1","0","TRUE","TRUE","1호기(2020.09.22)","20200905","316x332","Strong chromatic candidate uses channel range≥200; no color semantics assigned."
"002_20200905_163922(9)","316","332","136","0.0012963245","1","1","1","0","TRUE","TRUE","2호기(2020.09.22)","20200905","316x332","Strong chromatic candidate uses channel range≥200; no color semantics assigned."
"002_20200905_163924(2)","316","332","128","0.0012200702","1","1","1","0","TRUE","TRUE","1호기(2020.09.22)","20200905","316x332","Strong chromatic candidate uses channel range≥200; no color semantics assigned."
"002_20200905_163926(4)","316","332","128","0.0012200702","1","1","1","0","TRUE","TRUE","2호기(2020.09.22)","20200905","316x332","Strong chromatic candidate uses channel range≥200; no color semantics assigned."
"002_20200905_163928(3)","316","332","128","0.0012200702","1","1","1","0","TRUE","TRUE","1호기(2020.09.22)","20200905","316x332","Strong chromatic candidate uses channel range≥200; no color semantics assigned."
"002_20200905_163929(7)","316","332","136","0.0012963245","1","1","1","0","TRUE","TRUE","2호기(2020.09.22)","20200905","316x332","Strong chromatic candidate uses channel range≥200; no color semantics assigned."
"002_20200905_163932(3)","316","332","136","0.0012963245","1","1","1","0","TRUE","TRUE","1호기(2020.09.22)","20200905","316x332","Strong chromatic candidate uses channel range≥200; no color semantics assigned."
"002_20200905_163932(9)","316","332","136","0.0012963245","1","1","1","0","TRUE","TRUE","2호기(2020.09.22)","20200905","316x332","Strong chromatic candidate uses channel range≥200; no color semantics assigned."
"002_20200905_163936(2)","316","332","128","0.0012200702","1","1","1","0","TRUE","TRUE","2호기(2020.09.22)","20200905","316x332","Strong chromatic candidate uses channel range≥200; no color semantics assigned."
"002_20200905_163936(3)","316","332","128","0.0012200702","1","1","1","0","TRUE","TRUE","1호기(2020.09.22)","20200905","316x332","Strong chromatic candidate uses channel range≥200; no color semantics assigned."
"002_20200905_163939(7)","316","332","128","0.0012200702","1","1","1","0","TRUE","TRUE","2호기(2020.09.22)","20200905","316x332","Strong chromatic candidate uses channel range≥200; no color semantics assigned."
"002_20200905_163940(2)","316","332","128","0.0012200702","1","1","1","0","TRUE","TRUE","1호기(2020.09.22)","20200905","316x332","Strong chromatic candidate uses channel range≥200; no color semantics assigned."
"002_20200905_203836(3)","316","332","128","0.0012200702","1","1","1","0","TRUE","TRUE","1호기(2020.09.22)","20200905","316x332","Strong chromatic candidate uses channel range≥200; no color semantics assigned."
"002_20200905_203840(3)","316","332","128","0.0012200702","1","1","1","0","TRUE","TRUE","1호기(2020.09.22)","20200905","316x332","Strong chromatic candidate uses channel range≥200; no color semantics assigned."
"002_20200905_203844(2)","316","332","128","0.0012200702","1","1","1","0","TRUE","TRUE","1호기(2020.09.22)","20200905","316x332","Strong chromatic candidate uses channel range≥200; no color semantics assigned."
"002_20200905_203848(4)","316","332","128","0.0012200702","1","1","1","0","TRUE","TRUE","1호기(2020.09.22)","20200905","316x332","Strong chromatic candidate uses channel range≥200; no color semantics assigned."
"002_20200905_203856(3)","316","332","128","0.0012200702","1","1","1","0","TRUE","TRUE","1호기(2020.09.22)","20200905","316x332","Strong chromatic candidate uses channel range≥200; no color semantics assigned."
"002_20200905_203900(3)","316","332","128","0.0012200702","1","1","1","0","TRUE","TRUE","1호기(2020.09.22)","20200905","316x332","Strong chromatic candidate uses channel range≥200; no color semantics assigned."
"002_20200905_204033(3)","316","332","128","0.0012200702","1","1","1","0","TRUE","TRUE","2호기(2020.09.22)","20200905","316x332","Strong chromatic candidate uses channel range≥200; no color semantics assigned."
"002_20200905_204039(5)","316","332","128","0.0012200702","1","1","1","0","TRUE","TRUE","2호기(2020.09.22)","20200905","316x332","Strong chromatic candidate uses channel range≥200; no color semantics assigned."
"002_20200905_204042(9)","316","332","128","0.0012200702","1","1","1","0","TRUE","TRUE","2호기(2020.09.22)","20200905","316x332","Strong chromatic candidate uses channel range≥200; no color semantics assigned."
"002_20200905_204046(0)","316","332","136","0.0012963245","1","1","1","0","TRUE","TRUE","2호기(2020.09.22)","20200905","316x332","Strong chromatic candidate uses channel range≥200; no color semantics assigned."
"002_20200905_204049(1)","316","332","136","0.0012963245","1","1","1","0","TRUE","TRUE","2호기(2020.09.22)","20200905","316x332","Strong chromatic candidate uses channel range≥200; no color semantics assigned."
"002_20200905_204052(3)","316","332","128","0.0012200702","1","1","1","0","TRUE","TRUE","2호기(2020.09.22)","20200905","316x332","Strong chromatic candidate uses channel range≥200; no color semantics assigned."
"002_20200906_003059(0)","316","332","128","0.0012200702","1","1","1","0","TRUE","TRUE","1호기(2020.09.22)","20200906","316x332","Strong chromatic candidate uses channel range≥200; no color semantics assigned."
"002_20200906_003114(0)","316","332","136","0.0012963245","1","1","1","0","TRUE","TRUE","2호기(2020.09.22)","20200906","316x332","Strong chromatic candidate uses channel range≥200; no color semantics assigned."
"002_20200906_003114(8)","316","332","136","0.0012963245","1","1","1","0","TRUE","TRUE","1호기(2020.09.22)","20200906","316x332","Strong chromatic candidate uses channel range≥200; no color semantics assigned."
"002_20200906_003117(3)","316","332","128","0.0012200702","1","1","1","0","TRUE","TRUE","2호기(2020.09.22)","20200906","316x332","Strong chromatic candidate uses channel range≥200; no color semantics assigned."
"002_20200906_003118(7)","316","332","128","0.0012200702","1","1","1","0","TRUE","TRUE","1호기(2020.09.22)","20200906","316x332","Strong chromatic candidate uses channel range≥200; no color semantics assigned."
"002_20200906_003120(8)","316","332","136","0.0012963245","1","1","1","0","TRUE","TRUE","2호기(2020.09.22)","20200906","316x332","Strong chromatic candidate uses channel range≥200; no color semantics assigned."
"002_20200906_003122(7)","316","332","128","0.0012200702","1","1","1","0","TRUE","TRUE","1호기(2020.09.22)","20200906","316x332","Strong chromatic candidate uses channel range≥200; no color semantics assigned."
"002_20200906_003124(0)","316","332","136","0.0012963245","1","1","1","0","TRUE","TRUE","2호기(2020.09.22)","20200906","316x332","Strong chromatic candidate uses channel range≥200; no color semantics assigned."
"002_20200906_003126(8)","316","332","128","0.0012200702","1","1","1","0","TRUE","TRUE","1호기(2020.09.22)","20200906","316x332","Strong chromatic candidate uses channel range≥200; no color semantics assigned."
"002_20200906_003127(3)","316","332","136","0.0012963245","1","1","1","0","TRUE","TRUE","2호기(2020.09.22)","20200906","316x332","Strong chromatic candidate uses channel range≥200; no color semantics assigned."
"002_20200906_003130(7)","316","332","136","0.0012963245","1","1","1","0","TRUE","TRUE","2호기(2020.09.22)","20200906","316x332","Strong chromatic candidate uses channel range≥200; no color semantics assigned."
"002_20200906_003132(7)","316","332","128","0.0012200702","1","1","1","0","TRUE","TRUE","1호기(2020.09.22)","20200906","316x332","Strong chromatic candidate uses channel range≥200; no color semantics assigned."
"002_20200907_184813(1)","316","332","128","0.0012200702","1","1","1","0","TRUE","TRUE","1호기(2020.09.22)","20200907","316x332","Strong chromatic candidate uses channel range≥200; no color semantics assigned."
"002_20200907_184815(7)","316","332","136","0.0012963245","1","1","1","0","TRUE","TRUE","1호기(2020.09.22)","20200907","316x332","Strong chromatic candidate uses channel range≥200; no color semantics assigned."
"002_20200907_184818(2)","316","332","128","0.0012200702","1","1","1","0","TRUE","TRUE","1호기(2020.09.22)","20200907","316x332","Strong chromatic candidate uses channel range≥200; no color semantics assigned."
"002_20200907_184823(7)","316","332","128","0.0012200702","1","1","1","0","TRUE","TRUE","1호기(2020.09.22)","20200907","316x332","Strong chromatic candidate uses channel range≥200; no color semantics assigned."
"002_20200907_184826(3)","316","332","128","0.0012200702","1","1","1","0","TRUE","TRUE","1호기(2020.09.22)","20200907","316x332","Strong chromatic candidate uses channel range≥200; no color semantics assigned."
"002_20200907_184828(8)","316","332","128","0.0012200702","1","1","1","0","TRUE","TRUE","1호기(2020.09.22)","20200907","316x332","Strong chromatic candidate uses channel range≥200; no color semantics assigned."
"002_20200907_204635(5)","316","332","128","0.0012200702","1","1","1","0","TRUE","TRUE","1호기(2020.09.22)","20200907","316x332","Strong chromatic candidate uses channel range≥200; no color semantics assigned."
"002_20200907_204640(0)","316","332","128","0.0012200702","1","1","1","0","TRUE","TRUE","1호기(2020.09.22)","20200907","316x332","Strong chromatic candidate uses channel range≥200; no color semantics assigned."
"002_20200907_204644(5)","316","332","128","0.0012200702","1","1","1","0","TRUE","TRUE","1호기(2020.09.22)","20200907","316x332","Strong chromatic candidate uses channel range≥200; no color semantics assigned."
"002_20200907_204649(0)","316","332","128","0.0012200702","1","1","1","0","TRUE","TRUE","1호기(2020.09.22)","20200907","316x332","Strong chromatic candidate uses channel range≥200; no color semantics assigned."
"002_20200907_204653(4)","316","332","128","0.0012200702","1","1","1","0","TRUE","TRUE","1호기(2020.09.22)","20200907","316x332","Strong chromatic candidate uses channel range≥200; no color semantics assigned."
