grouping_rule,n_folds,fold_id,feature,category,fold_count,fold_fraction,overall_count,overall_fraction,absolute_fraction_deviation,total_variation_distance,notes
6s,5,1,image_count,ALL,101,0.202,500,1,0.002,,Image fraction compared with ideal 1/K.
6s,5,1,machine,1호기(2020.09.22),31,0.30693069,156,0.312,0.0050693069,0.012534653,Fold composition compared with full approved development pool.
6s,5,1,machine,2호기(2020.09.22),35,0.34653465,177,0.354,0.0074653465,0.012534653,Fold composition compared with full approved development pool.
6s,5,1,machine,3호기(2020.09.22),35,0.34653465,167,0.334,0.012534653,0.012534653,Fold composition compared with full approved development pool.
6s,5,1,date,20200622,5,0.04950495,18,0.036,0.01350495,0.24906931,Fold composition compared with full approved development pool.
6s,5,1,date,20200623,35,0.34653465,108,0.216,0.13053465,0.24906931,Fold composition compared with full approved development pool.
6s,5,1,date,20200624,11,0.10891089,104,0.208,0.099089109,0.24906931,Fold composition compared with full approved development pool.
6s,5,1,date,20200625,3,0.02970297,30,0.06,0.03029703,0.24906931,Fold composition compared with full approved development pool.
6s,5,1,date,20200629,6,0.059405941,34,0.068,0.0085940594,0.24906931,Fold composition compared with full approved development pool.
6s,5,1,date,20200714,6,0.059405941,25,0.05,0.0094059406,0.24906931,Fold composition compared with full approved development pool.
6s,5,1,date,20200715,0,0,5,0.01,0.01,0.24906931,Fold composition compared with full approved development pool.
6s,5,1,date,20200727,0,0,2,0.004,0.004,0.24906931,Fold composition compared with full approved development pool.
6s,5,1,date,20200728,2,0.01980198,10,0.02,0.0001980198,0.24906931,Fold composition compared with full approved development pool.
6s,5,1,date,20200810,2,0.01980198,7,0.014,0.0058019802,0.24906931,Fold composition compared with full approved development pool.
6s,5,1,date,20200811,0,0,4,0.008,0.008,0.24906931,Fold composition compared with full approved development pool.
6s,5,1,date,20200814,2,0.01980198,11,0.022,0.0021980198,0.24906931,Fold composition compared with full approved development pool.
6s,5,1,date,20200815,0,0,2,0.004,0.004,0.24906931,Fold composition compared with full approved development pool.
6s,5,1,date,20200818,1,0.0099009901,7,0.014,0.0040990099,0.24906931,Fold composition compared with full approved development pool.
6s,5,1,date,20200819,2,0.01980198,9,0.018,0.0018019802,0.24906931,Fold composition compared with full approved development pool.
6s,5,1,date,20200821,2,0.01980198,4,0.008,0.01180198,0.24906931,Fold composition compared with full approved development pool.
6s,5,1,date,20200826,0,0,6,0.012,0.012,0.24906931,Fold composition compared with full approved development pool.
6s,5,1,date,20200831,2,0.01980198,7,0.014,0.0058019802,0.24906931,Fold composition compared with full approved development pool.
6s,5,1,date,20200901,8,0.079207921,28,0.056,0.023207921,0.24906931,Fold composition compared with full approved development pool.
6s,5,1,date,20200904,1,0.0099009901,3,0.006,0.0039009901,0.24906931,Fold composition compared with full approved development pool.
6s,5,1,date,20200905,6,0.059405941,51,0.102,0.042594059,0.24906931,Fold composition compared with full approved development pool.
6s,5,1,date,20200906,0,0,12,0.024,0.024,0.24906931,Fold composition compared with full approved development pool.
6s,5,1,date,20200907,5,0.04950495,11,0.022,0.02750495,0.24906931,Fold composition compared with full approved development pool.
6s,5,1,date,20200922,2,0.01980198,2,0.004,0.01580198,0.24906931,Fold composition compared with full approved development pool.
6s,5,1,resolution,316x332,40,0.3960396,209,0.418,0.021960396,0.021960396,Fold composition compared with full approved development pool.
6s,5,1,resolution,352x332,26,0.25742574,124,0.248,0.0094257426,0.021960396,Fold composition compared with full approved development pool.
6s,5,1,resolution,576x444,35,0.34653465,167,0.334,0.012534653,0.021960396,Fold composition compared with full approved development pool.
6s,5,1,object_count,1,35,0.34653465,176,0.352,0.0054653465,0.0074653465,Fold composition compared with full approved development pool.
6s,5,1,object_count,2,0,0,1,0.002,0.002,0.0074653465,Fold composition compared with full approved development pool.
6s,5,1,object_count,3,66,0.65346535,323,0.646,0.0074653465,0.0074653465,Fold composition compared with full approved development pool.
6s,5,2,image_count,ALL,100,0.2,500,1,0,,Image fraction compared with ideal 1/K.
6s,5,2,machine,1호기(2020.09.22),33,0.33,156,0.312,0.018,0.018,Fold composition compared with full approved development pool.
6s,5,2,machine,2호기(2020.09.22),34,0.34,177,0.354,0.014,0.018,Fold composition compared with full approved development pool.
6s,5,2,machine,3호기(2020.09.22),33,0.33,167,0.334,0.004,0.018,Fold composition compared with full approved development pool.
6s,5,2,date,20200622,1,0.01,18,0.036,0.026,0.124,Fold composition compared with full approved development pool.
6s,5,2,date,20200623,23,0.23,108,0.216,0.014,0.124,Fold composition compared with full approved development pool.
6s,5,2,date,20200624,22,0.22,104,0.208,0.012,0.124,Fold composition compared with full approved development pool.
6s,5,2,date,20200625,6,0.06,30,0.06,0,0.124,Fold composition compared with full approved development pool.
6s,5,2,date,20200629,5,0.05,34,0.068,0.018,0.124,Fold composition compared with full approved development pool.
6s,5,2,date,20200714,5,0.05,25,0.05,0,0.124,Fold composition compared with full approved development pool.
6s,5,2,date,20200715,0,0,5,0.01,0.01,0.124,Fold composition compared with full approved development pool.
6s,5,2,date,20200727,0,0,2,0.004,0.004,0.124,Fold composition compared with full approved development pool.
6s,5,2,date,20200728,2,0.02,10,0.02,0,0.124,Fold composition compared with full approved development pool.
6s,5,2,date,20200810,2,0.02,7,0.014,0.006,0.124,Fold composition compared with full approved development pool.
6s,5,2,date,20200811,0,0,4,0.008,0.008,0.124,Fold composition compared with full approved development pool.
6s,5,2,date,20200814,2,0.02,11,0.022,0.002,0.124,Fold composition compared with full approved development pool.
6s,5,2,date,20200815,0,0,2,0.004,0.004,0.124,Fold composition compared with full approved development pool.
6s,5,2,date,20200818,1,0.01,7,0.014,0.004,0.124,Fold composition compared with full approved development pool.
6s,5,2,date,20200819,2,0.02,9,0.018,0.002,0.124,Fold composition compared with full approved development pool.
6s,5,2,date,20200821,0,0,4,0.008,0.008,0.124,Fold composition compared with full approved development pool.
6s,5,2,date,20200826,2,0.02,6,0.012,0.008,0.124,Fold composition compared with full approved development pool.
6s,5,2,date,20200831,2,0.02,7,0.014,0.006,0.124,Fold composition compared with full approved development pool.
6s,5,2,date,20200901,6,0.06,28,0.056,0.004,0.124,Fold composition compared with full approved development pool.
6s,5,2,date,20200904,2,0.02,3,0.006,0.014,0.124,Fold composition compared with full approved development pool.
6s,5,2,date,20200905,16,0.16,51,0.102,0.058,0.124,Fold composition compared with full approved development pool.
6s,5,2,date,20200906,1,0.01,12,0.024,0.014,0.124,Fold composition compared with full approved development pool.
6s,5,2,date,20200907,0,0,11,0.022,0.022,0.124,Fold composition compared with full approved development pool.
6s,5,2,date,20200922,0,0,2,0.004,0.004,0.124,Fold composition compared with full approved development pool.
6s,5,2,resolution,316x332,39,0.39,209,0.418,0.028,0.032,Fold composition compared with full approved development pool.
6s,5,2,resolution,352x332,28,0.28,124,0.248,0.032,0.032,Fold composition compared with full approved development pool.
6s,5,2,resolution,576x444,33,0.33,167,0.334,0.004,0.032,Fold composition compared with full approved development pool.
6s,5,2,object_count,1,38,0.38,176,0.352,0.028,0.028,Fold composition compared with full approved development pool.
6s,5,2,object_count,2,0,0,1,0.002,0.002,0.028,Fold composition compared with full approved development pool.
6s,5,2,object_count,3,62,0.62,323,0.646,0.026,0.028,Fold composition compared with full approved development pool.
6s,5,3,image_count,ALL,102,0.204,500,1,0.004,,Image fraction compared with ideal 1/K.
6s,5,3,machine,1호기(2020.09.22),31,0.30392157,156,0.312,0.0080784314,0.01854902,Fold composition compared with full approved development pool.
6s,5,3,machine,2호기(2020.09.22),38,0.37254902,177,0.354,0.01854902,0.01854902,Fold composition compared with full approved development pool.
6s,5,3,machine,3호기(2020.09.22),33,0.32352941,167,0.334,0.010470588,0.01854902,Fold composition compared with full approved development pool.
6s,5,3,date,20200622,5,0.049019608,18,0.036,0.013019608,0.16007843,Fold composition compared with full approved development pool.
6s,5,3,date,20200623,15,0.14705882,108,0.216,0.068941176,0.16007843,Fold composition compared with full approved development pool.
6s,5,3,date,20200624,24,0.23529412,104,0.208,0.027294118,0.16007843,Fold composition compared with full approved development pool.
6s,5,3,date,20200625,9,0.088235294,30,0.06,0.028235294,0.16007843,Fold composition compared with full approved development pool.
6s,5,3,date,20200629,6,0.058823529,34,0.068,0.0091764706,0.16007843,Fold composition compared with full approved development pool.
6s,5,3,date,20200714,6,0.058823529,25,0.05,0.0088235294,0.16007843,Fold composition compared with full approved development pool.
6s,5,3,date,20200715,1,0.0098039216,5,0.01,0.00019607843,0.16007843,Fold composition compared with full approved development pool.
6s,5,3,date,20200727,2,0.019607843,2,0.004,0.015607843,0.16007843,Fold composition compared with full approved development pool.
6s,5,3,date,20200728,2,0.019607843,10,0.02,0.00039215686,0.16007843,Fold composition compared with full approved development pool.
6s,5,3,date,20200810,0,0,7,0.014,0.014,0.16007843,Fold composition compared with full approved development pool.
6s,5,3,date,20200811,0,0,4,0.008,0.008,0.16007843,Fold composition compared with full approved development pool.
6s,5,3,date,20200814,2,0.019607843,11,0.022,0.0023921569,0.16007843,Fold composition compared with full approved development pool.
6s,5,3,date,20200815,0,0,2,0.004,0.004,0.16007843,Fold composition compared with full approved development pool.
6s,5,3,date,20200818,2,0.019607843,7,0.014,0.0056078431,0.16007843,Fold composition compared with full approved development pool.
6s,5,3,date,20200819,2,0.019607843,9,0.018,0.0016078431,0.16007843,Fold composition compared with full approved development pool.
6s,5,3,date,20200821,2,0.019607843,4,0.008,0.011607843,0.16007843,Fold composition compared with full approved development pool.
6s,5,3,date,20200826,2,0.019607843,6,0.012,0.0076078431,0.16007843,Fold composition compared with full approved development pool.
6s,5,3,date,20200831,1,0.0098039216,7,0.014,0.0041960784,0.16007843,Fold composition compared with full approved development pool.
6s,5,3,date,20200901,4,0.039215686,28,0.056,0.016784314,0.16007843,Fold composition compared with full approved development pool.
6s,5,3,date,20200904,0,0,3,0.006,0.006,0.16007843,Fold composition compared with full approved development pool.
6s,5,3,date,20200905,12,0.11764706,51,0.102,0.015647059,0.16007843,Fold composition compared with full approved development pool.
6s,5,3,date,20200906,5,0.049019608,12,0.024,0.025019608,0.16007843,Fold composition compared with full approved development pool.
6s,5,3,date,20200907,0,0,11,0.022,0.022,0.16007843,Fold composition compared with full approved development pool.
6s,5,3,date,20200922,0,0,2,0.004,0.004,0.16007843,Fold composition compared with full approved development pool.
6s,5,3,resolution,316x332,49,0.48039216,209,0.418,0.062392157,0.062392157,Fold composition compared with full approved development pool.
6s,5,3,resolution,352x332,20,0.19607843,124,0.248,0.051921569,0.062392157,Fold composition compared with full approved development pool.
6s,5,3,resolution,576x444,33,0.32352941,167,0.334,0.010470588,0.062392157,Fold composition compared with full approved development pool.
6s,5,3,object_count,1,36,0.35294118,176,0.352,0.00094117647,0.008745098,Fold composition compared with full approved development pool.
6s,5,3,object_count,2,1,0.0098039216,1,0.002,0.0078039216,0.008745098,Fold composition compared with full approved development pool.
6s,5,3,object_count,3,65,0.6372549,323,0.646,0.008745098,0.008745098,Fold composition compared with full approved development pool.
6s,5,4,image_count,ALL,99,0.198,500,1,0.002,,Image fraction compared with ideal 1/K.
6s,5,4,machine,1호기(2020.09.22),31,0.31313131,156,0.312,0.0011313131,0.0011313131,Fold composition compared with full approved development pool.
6s,5,4,machine,2호기(2020.09.22),35,0.35353535,177,0.354,0.00046464646,0.0011313131,Fold composition compared with full approved development pool.
6s,5,4,machine,3호기(2020.09.22),33,0.33333333,167,0.334,0.00066666667,0.0011313131,Fold composition compared with full approved development pool.
6s,5,4,date,20200622,6,0.060606061,18,0.036,0.024606061,0.2109697,Fold composition compared with full approved development pool.
6s,5,4,date,20200623,13,0.13131313,108,0.216,0.084686869,0.2109697,Fold composition compared with full approved development pool.
6s,5,4,date,20200624,26,0.26262626,104,0.208,0.054626263,0.2109697,Fold composition compared with full approved development pool.
6s,5,4,date,20200625,6,0.060606061,30,0.06,0.00060606061,0.2109697,Fold composition compared with full approved development pool.
6s,5,4,date,20200629,11,0.11111111,34,0.068,0.043111111,0.2109697,Fold composition compared with full approved development pool.
6s,5,4,date,20200714,2,0.02020202,25,0.05,0.02979798,0.2109697,Fold composition compared with full approved development pool.
6s,5,4,date,20200715,2,0.02020202,5,0.01,0.01020202,0.2109697,Fold composition compared with full approved development pool.
6s,5,4,date,20200727,0,0,2,0.004,0.004,0.2109697,Fold composition compared with full approved development pool.
6s,5,4,date,20200728,2,0.02020202,10,0.02,0.0002020202,0.2109697,Fold composition compared with full approved development pool.
6s,5,4,date,20200810,2,0.02020202,7,0.014,0.0062020202,0.2109697,Fold composition compared with full approved development pool.
6s,5,4,date,20200811,2,0.02020202,4,0.008,0.01220202,0.2109697,Fold composition compared with full approved development pool.
6s,5,4,date,20200814,3,0.03030303,11,0.022,0.0083030303,0.2109697,Fold composition compared with full approved development pool.
6s,5,4,date,20200815,1,0.01010101,2,0.004,0.0061010101,0.2109697,Fold composition compared with full approved development pool.
6s,5,4,date,20200818,1,0.01010101,7,0.014,0.0038989899,0.2109697,Fold composition compared with full approved development pool.
6s,5,4,date,20200819,1,0.01010101,9,0.018,0.0078989899,0.2109697,Fold composition compared with full approved development pool.
6s,5,4,date,20200821,0,0,4,0.008,0.008,0.2109697,Fold composition compared with full approved development pool.
6s,5,4,date,20200826,0,0,6,0.012,0.012,0.2109697,Fold composition compared with full approved development pool.
6s,5,4,date,20200831,2,0.02020202,7,0.014,0.0062020202,0.2109697,Fold composition compared with full approved development pool.
6s,5,4,date,20200901,5,0.050505051,28,0.056,0.0054949495,0.2109697,Fold composition compared with full approved development pool.
6s,5,4,date,20200904,0,0,3,0.006,0.006,0.2109697,Fold composition compared with full approved development pool.
6s,5,4,date,20200905,8,0.080808081,51,0.102,0.021191919,0.2109697,Fold composition compared with full approved development pool.
6s,5,4,date,20200906,0,0,12,0.024,0.024,0.2109697,Fold composition compared with full approved development pool.
6s,5,4,date,20200907,6,0.060606061,11,0.022,0.038606061,0.2109697,Fold composition compared with full approved development pool.
6s,5,4,date,20200922,0,0,2,0.004,0.004,0.2109697,Fold composition compared with full approved development pool.
6s,5,4,resolution,316x332,43,0.43434343,209,0.418,0.016343434,0.016343434,Fold composition compared with full approved development pool.
6s,5,4,resolution,352x332,23,0.23232323,124,0.248,0.015676768,0.016343434,Fold composition compared with full approved development pool.
6s,5,4,resolution,576x444,33,0.33333333,167,0.334,0.00066666667,0.016343434,Fold composition compared with full approved development pool.
6s,5,4,object_count,1,33,0.33333333,176,0.352,0.018666667,0.020666667,Fold composition compared with full approved development pool.
6s,5,4,object_count,2,0,0,1,0.002,0.002,0.020666667,Fold composition compared with full approved development pool.
6s,5,4,object_count,3,66,0.66666667,323,0.646,0.020666667,0.020666667,Fold composition compared with full approved development pool.
6s,5,5,image_count,ALL,98,0.196,500,1,0.004,,Image fraction compared with ideal 1/K.
6s,5,5,machine,1호기(2020.09.22),30,0.30612245,156,0.312,0.005877551,0.005877551,Fold composition compared with full approved development pool.
6s,5,5,machine,2호기(2020.09.22),35,0.35714286,177,0.354,0.0031428571,0.005877551,Fold composition compared with full approved development pool.
6s,5,5,machine,3호기(2020.09.22),33,0.33673469,167,0.334,0.0027346939,0.005877551,Fold composition compared with full approved development pool.
6s,5,5,date,20200622,1,0.010204082,18,0.036,0.025795918,0.11110204,Fold composition compared with full approved development pool.
6s,5,5,date,20200623,22,0.2244898,108,0.216,0.0084897959,0.11110204,Fold composition compared with full approved development pool.
6s,5,5,date,20200624,21,0.21428571,104,0.208,0.0062857143,0.11110204,Fold composition compared with full approved development pool.
6s,5,5,date,20200625,6,0.06122449,30,0.06,0.0012244898,0.11110204,Fold composition compared with full approved development pool.
6s,5,5,date,20200629,6,0.06122449,34,0.068,0.0067755102,0.11110204,Fold composition compared with full approved development pool.
6s,5,5,date,20200714,6,0.06122449,25,0.05,0.01122449,0.11110204,Fold composition compared with full approved development pool.
6s,5,5,date,20200715,2,0.020408163,5,0.01,0.010408163,0.11110204,Fold composition compared with full approved development pool.
6s,5,5,date,20200727,0,0,2,0.004,0.004,0.11110204,Fold composition compared with full approved development pool.
6s,5,5,date,20200728,2,0.020408163,10,0.02,0.00040816327,0.11110204,Fold composition compared with full approved development pool.
6s,5,5,date,20200810,1,0.010204082,7,0.014,0.0037959184,0.11110204,Fold composition compared with full approved development pool.
6s,5,5,date,20200811,2,0.020408163,4,0.008,0.012408163,0.11110204,Fold composition compared with full approved development pool.
6s,5,5,date,20200814,2,0.020408163,11,0.022,0.0015918367,0.11110204,Fold composition compared with full approved development pool.
6s,5,5,date,20200815,1,0.010204082,2,0.004,0.0062040816,0.11110204,Fold composition compared with full approved development pool.
6s,5,5,date,20200818,2,0.020408163,7,0.014,0.0064081633,0.11110204,Fold composition compared with full approved development pool.
6s,5,5,date,20200819,2,0.020408163,9,0.018,0.0024081633,0.11110204,Fold composition compared with full approved development pool.
6s,5,5,date,20200821,0,0,4,0.008,0.008,0.11110204,Fold composition compared with full approved development pool.
6s,5,5,date,20200826,2,0.020408163,6,0.012,0.0084081633,0.11110204,Fold composition compared with full approved development pool.
6s,5,5,date,20200831,0,0,7,0.014,0.014,0.11110204,Fold composition compared with full approved development pool.
6s,5,5,date,20200901,5,0.051020408,28,0.056,0.0049795918,0.11110204,Fold composition compared with full approved development pool.
6s,5,5,date,20200904,0,0,3,0.006,0.006,0.11110204,Fold composition compared with full approved development pool.
6s,5,5,date,20200905,9,0.091836735,51,0.102,0.010163265,0.11110204,Fold composition compared with full approved development pool.
6s,5,5,date,20200906,6,0.06122449,12,0.024,0.03722449,0.11110204,Fold composition compared with full approved development pool.
6s,5,5,date,20200907,0,0,11,0.022,0.022,0.11110204,Fold composition compared with full approved development pool.
6s,5,5,date,20200922,0,0,2,0.004,0.004,0.11110204,Fold composition compared with full approved development pool.
6s,5,5,resolution,316x332,38,0.3877551,209,0.418,0.030244898,0.030244898,Fold composition compared with full approved development pool.
6s,5,5,resolution,352x332,27,0.2755102,124,0.248,0.027510204,0.030244898,Fold composition compared with full approved development pool.
6s,5,5,resolution,576x444,33,0.33673469,167,0.334,0.0027346939,0.030244898,Fold composition compared with full approved development pool.
6s,5,5,object_count,1,34,0.34693878,176,0.352,0.0050612245,0.0070612245,Fold composition compared with full approved development pool.
6s,5,5,object_count,2,0,0,1,0.002,0.002,0.0070612245,Fold composition compared with full approved development pool.
6s,5,5,object_count,3,64,0.65306122,323,0.646,0.0070612245,0.0070612245,Fold composition compared with full approved development pool.
6s,4,1,image_count,ALL,123,0.246,500,1,0.004,,Image fraction compared with ideal 1/K.
6s,4,1,machine,1호기(2020.09.22),35,0.28455285,156,0.312,0.027447154,0.027447154,Fold composition compared with full approved development pool.
6s,4,1,machine,2호기(2020.09.22),46,0.37398374,177,0.354,0.01998374,0.027447154,Fold composition compared with full approved development pool.
6s,4,1,machine,3호기(2020.09.22),42,0.34146341,167,0.334,0.0074634146,0.027447154,Fold composition compared with full approved development pool.
6s,4,1,date,20200622,2,0.016260163,18,0.036,0.019739837,0.13409756,Fold composition compared with full approved development pool.
6s,4,1,date,20200623,28,0.22764228,108,0.216,0.011642276,0.13409756,Fold composition compared with full approved development pool.
6s,4,1,date,20200624,33,0.26829268,104,0.208,0.060292683,0.13409756,Fold composition compared with full approved development pool.
6s,4,1,date,20200625,6,0.048780488,30,0.06,0.011219512,0.13409756,Fold composition compared with full approved development pool.
6s,4,1,date,20200629,6,0.048780488,34,0.068,0.019219512,0.13409756,Fold composition compared with full approved development pool.
6s,4,1,date,20200714,6,0.048780488,25,0.05,0.0012195122,0.13409756,Fold composition compared with full approved development pool.
6s,4,1,date,20200715,0,0,5,0.01,0.01,0.13409756,Fold composition compared with full approved development pool.
6s,4,1,date,20200727,0,0,2,0.004,0.004,0.13409756,Fold composition compared with full approved development pool.
6s,4,1,date,20200728,3,0.024390244,10,0.02,0.0043902439,0.13409756,Fold composition compared with full approved development pool.
6s,4,1,date,20200810,2,0.016260163,7,0.014,0.0022601626,0.13409756,Fold composition compared with full approved development pool.
6s,4,1,date,20200811,0,0,4,0.008,0.008,0.13409756,Fold composition compared with full approved development pool.
6s,4,1,date,20200814,3,0.024390244,11,0.022,0.0023902439,0.13409756,Fold composition compared with full approved development pool.
6s,4,1,date,20200815,1,0.0081300813,2,0.004,0.0041300813,0.13409756,Fold composition compared with full approved development pool.
6s,4,1,date,20200818,1,0.0081300813,7,0.014,0.0058699187,0.13409756,Fold composition compared with full approved development pool.
6s,4,1,date,20200819,2,0.016260163,9,0.018,0.0017398374,0.13409756,Fold composition compared with full approved development pool.
6s,4,1,date,20200821,0,0,4,0.008,0.008,0.13409756,Fold composition compared with full approved development pool.
6s,4,1,date,20200826,2,0.016260163,6,0.012,0.0042601626,0.13409756,Fold composition compared with full approved development pool.
6s,4,1,date,20200831,2,0.016260163,7,0.014,0.0022601626,0.13409756,Fold composition compared with full approved development pool.
6s,4,1,date,20200901,6,0.048780488,28,0.056,0.0072195122,0.13409756,Fold composition compared with full approved development pool.
6s,4,1,date,20200904,2,0.016260163,3,0.006,0.010260163,0.13409756,Fold composition compared with full approved development pool.
6s,4,1,date,20200905,15,0.12195122,51,0.102,0.01995122,0.13409756,Fold composition compared with full approved development pool.
6s,4,1,date,20200906,1,0.0081300813,12,0.024,0.015869919,0.13409756,Fold composition compared with full approved development pool.
6s,4,1,date,20200907,0,0,11,0.022,0.022,0.13409756,Fold composition compared with full approved development pool.
6s,4,1,date,20200922,2,0.016260163,2,0.004,0.012260163,0.13409756,Fold composition compared with full approved development pool.
6s,4,1,resolution,316x332,50,0.40650407,209,0.418,0.011495935,0.011495935,Fold composition compared with full approved development pool.
6s,4,1,resolution,352x332,31,0.25203252,124,0.248,0.0040325203,0.011495935,Fold composition compared with full approved development pool.
6s,4,1,resolution,576x444,42,0.34146341,167,0.334,0.0074634146,0.011495935,Fold composition compared with full approved development pool.
6s,4,1,object_count,1,42,0.34146341,176,0.352,0.010536585,0.012536585,Fold composition compared with full approved development pool.
6s,4,1,object_count,2,0,0,1,0.002,0.002,0.012536585,Fold composition compared with full approved development pool.
6s,4,1,object_count,3,81,0.65853659,323,0.646,0.012536585,0.012536585,Fold composition compared with full approved development pool.
6s,4,2,image_count,ALL,126,0.252,500,1,0.002,,Image fraction compared with ideal 1/K.
6s,4,2,machine,1호기(2020.09.22),43,0.34126984,156,0.312,0.029269841,0.029269841,Fold composition compared with full approved development pool.
6s,4,2,machine,2호기(2020.09.22),42,0.33333333,177,0.354,0.020666667,0.029269841,Fold composition compared with full approved development pool.
6s,4,2,machine,3호기(2020.09.22),41,0.32539683,167,0.334,0.0086031746,0.029269841,Fold composition compared with full approved development pool.
6s,4,2,date,20200622,5,0.03968254,18,0.036,0.0036825397,0.085492063,Fold composition compared with full approved development pool.
6s,4,2,date,20200623,25,0.1984127,108,0.216,0.017587302,0.085492063,Fold composition compared with full approved development pool.
6s,4,2,date,20200624,27,0.21428571,104,0.208,0.0062857143,0.085492063,Fold composition compared with full approved development pool.
6s,4,2,date,20200625,9,0.071428571,30,0.06,0.011428571,0.085492063,Fold composition compared with full approved development pool.
6s,4,2,date,20200629,8,0.063492063,34,0.068,0.0045079365,0.085492063,Fold composition compared with full approved development pool.
6s,4,2,date,20200714,6,0.047619048,25,0.05,0.0023809524,0.085492063,Fold composition compared with full approved development pool.
6s,4,2,date,20200715,2,0.015873016,5,0.01,0.0058730159,0.085492063,Fold composition compared with full approved development pool.
6s,4,2,date,20200727,0,0,2,0.004,0.004,0.085492063,Fold composition compared with full approved development pool.
6s,4,2,date,20200728,2,0.015873016,10,0.02,0.0041269841,0.085492063,Fold composition compared with full approved development pool.
6s,4,2,date,20200810,2,0.015873016,7,0.014,0.0018730159,0.085492063,Fold composition compared with full approved development pool.
6s,4,2,date,20200811,0,0,4,0.008,0.008,0.085492063,Fold composition compared with full approved development pool.
6s,4,2,date,20200814,2,0.015873016,11,0.022,0.0061269841,0.085492063,Fold composition compared with full approved development pool.
6s,4,2,date,20200815,0,0,2,0.004,0.004,0.085492063,Fold composition compared with full approved development pool.
6s,4,2,date,20200818,2,0.015873016,7,0.014,0.0018730159,0.085492063,Fold composition compared with full approved development pool.
6s,4,2,date,20200819,2,0.015873016,9,0.018,0.0021269841,0.085492063,Fold composition compared with full approved development pool.
6s,4,2,date,20200821,2,0.015873016,4,0.008,0.0078730159,0.085492063,Fold composition compared with full approved development pool.
6s,4,2,date,20200826,2,0.015873016,6,0.012,0.0038730159,0.085492063,Fold composition compared with full approved development pool.
6s,4,2,date,20200831,2,0.015873016,7,0.014,0.0018730159,0.085492063,Fold composition compared with full approved development pool.
6s,4,2,date,20200901,8,0.063492063,28,0.056,0.0074920635,0.085492063,Fold composition compared with full approved development pool.
6s,4,2,date,20200904,0,0,3,0.006,0.006,0.085492063,Fold composition compared with full approved development pool.
6s,4,2,date,20200905,10,0.079365079,51,0.102,0.022634921,0.085492063,Fold composition compared with full approved development pool.
6s,4,2,date,20200906,5,0.03968254,12,0.024,0.01568254,0.085492063,Fold composition compared with full approved development pool.
6s,4,2,date,20200907,5,0.03968254,11,0.022,0.01768254,0.085492063,Fold composition compared with full approved development pool.
6s,4,2,date,20200922,0,0,2,0.004,0.004,0.085492063,Fold composition compared with full approved development pool.
6s,4,2,resolution,316x332,56,0.44444444,209,0.418,0.026444444,0.026444444,Fold composition compared with full approved development pool.
6s,4,2,resolution,352x332,29,0.23015873,124,0.248,0.01784127,0.026444444,Fold composition compared with full approved development pool.
6s,4,2,resolution,576x444,41,0.32539683,167,0.334,0.0086031746,0.026444444,Fold composition compared with full approved development pool.
6s,4,2,object_count,1,44,0.34920635,176,0.352,0.0027936508,0.0047936508,Fold composition compared with full approved development pool.
6s,4,2,object_count,2,0,0,1,0.002,0.002,0.0047936508,Fold composition compared with full approved development pool.
6s,4,2,object_count,3,82,0.65079365,323,0.646,0.0047936508,0.0047936508,Fold composition compared with full approved development pool.
6s,4,3,image_count,ALL,125,0.25,500,1,0,,Image fraction compared with ideal 1/K.
6s,4,3,machine,1호기(2020.09.22),37,0.296,156,0.312,0.016,0.018,Fold composition compared with full approved development pool.
6s,4,3,machine,2호기(2020.09.22),44,0.352,177,0.354,0.002,0.018,Fold composition compared with full approved development pool.
6s,4,3,machine,3호기(2020.09.22),44,0.352,167,0.334,0.018,0.018,Fold composition compared with full approved development pool.
6s,4,3,date,20200622,5,0.04,18,0.036,0.004,0.126,Fold composition compared with full approved development pool.
6s,4,3,date,20200623,30,0.24,108,0.216,0.024,0.126,Fold composition compared with full approved development pool.
6s,4,3,date,20200624,21,0.168,104,0.208,0.04,0.126,Fold composition compared with full approved development pool.
6s,4,3,date,20200625,7,0.056,30,0.06,0.004,0.126,Fold composition compared with full approved development pool.
6s,4,3,date,20200629,9,0.072,34,0.068,0.004,0.126,Fold composition compared with full approved development pool.
6s,4,3,date,20200714,7,0.056,25,0.05,0.006,0.126,Fold composition compared with full approved development pool.
6s,4,3,date,20200715,2,0.016,5,0.01,0.006,0.126,Fold composition compared with full approved development pool.
6s,4,3,date,20200727,2,0.016,2,0.004,0.012,0.126,Fold composition compared with full approved development pool.
6s,4,3,date,20200728,3,0.024,10,0.02,0.004,0.126,Fold composition compared with full approved development pool.
6s,4,3,date,20200810,1,0.008,7,0.014,0.006,0.126,Fold composition compared with full approved development pool.
6s,4,3,date,20200811,2,0.016,4,0.008,0.008,0.126,Fold composition compared with full approved development pool.
6s,4,3,date,20200814,3,0.024,11,0.022,0.002,0.126,Fold composition compared with full approved development pool.
6s,4,3,date,20200815,0,0,2,0.004,0.004,0.126,Fold composition compared with full approved development pool.
6s,4,3,date,20200818,2,0.016,7,0.014,0.002,0.126,Fold composition compared with full approved development pool.
6s,4,3,date,20200819,3,0.024,9,0.018,0.006,0.126,Fold composition compared with full approved development pool.
6s,4,3,date,20200821,0,0,4,0.008,0.008,0.126,Fold composition compared with full approved development pool.
6s,4,3,date,20200826,2,0.016,6,0.012,0.004,0.126,Fold composition compared with full approved development pool.
6s,4,3,date,20200831,2,0.016,7,0.014,0.002,0.126,Fold composition compared with full approved development pool.
6s,4,3,date,20200901,6,0.048,28,0.056,0.008,0.126,Fold composition compared with full approved development pool.
6s,4,3,date,20200904,0,0,3,0.006,0.006,0.126,Fold composition compared with full approved development pool.
6s,4,3,date,20200905,18,0.144,51,0.102,0.042,0.126,Fold composition compared with full approved development pool.
6s,4,3,date,20200906,0,0,12,0.024,0.024,0.126,Fold composition compared with full approved development pool.
6s,4,3,date,20200907,0,0,11,0.022,0.022,0.126,Fold composition compared with full approved development pool.
6s,4,3,date,20200922,0,0,2,0.004,0.004,0.126,Fold composition compared with full approved development pool.
6s,4,3,resolution,316x332,50,0.4,209,0.418,0.018,0.018,Fold composition compared with full approved development pool.
6s,4,3,resolution,352x332,31,0.248,124,0.248,0,0.018,Fold composition compared with full approved development pool.
6s,4,3,resolution,576x444,44,0.352,167,0.334,0.018,0.018,Fold composition compared with full approved development pool.
6s,4,3,object_count,1,44,0.352,176,0.352,0,0.006,Fold composition compared with full approved development pool.
6s,4,3,object_count,2,1,0.008,1,0.002,0.006,0.006,Fold composition compared with full approved development pool.
6s,4,3,object_count,3,80,0.64,323,0.646,0.006,0.006,Fold composition compared with full approved development pool.
6s,4,4,image_count,ALL,126,0.252,500,1,0.002,,Image fraction compared with ideal 1/K.
6s,4,4,machine,1호기(2020.09.22),41,0.32539683,156,0.312,0.013396825,0.016539683,Fold composition compared with full approved development pool.
6s,4,4,machine,2호기(2020.09.22),45,0.35714286,177,0.354,0.0031428571,0.016539683,Fold composition compared with full approved development pool.
6s,4,4,machine,3호기(2020.09.22),40,0.31746032,167,0.334,0.016539683,0.016539683,Fold composition compared with full approved development pool.
6s,4,4,date,20200622,6,0.047619048,18,0.036,0.011619048,0.11831746,Fold composition compared with full approved development pool.
6s,4,4,date,20200623,25,0.1984127,108,0.216,0.017587302,0.11831746,Fold composition compared with full approved development pool.
6s,4,4,date,20200624,23,0.18253968,104,0.208,0.025460317,0.11831746,Fold composition compared with full approved development pool.
6s,4,4,date,20200625,8,0.063492063,30,0.06,0.0034920635,0.11831746,Fold composition compared with full approved development pool.
6s,4,4,date,20200629,11,0.087301587,34,0.068,0.019301587,0.11831746,Fold composition compared with full approved development pool.
6s,4,4,date,20200714,6,0.047619048,25,0.05,0.0023809524,0.11831746,Fold composition compared with full approved development pool.
6s,4,4,date,20200715,1,0.0079365079,5,0.01,0.0020634921,0.11831746,Fold composition compared with full approved development pool.
6s,4,4,date,20200727,0,0,2,0.004,0.004,0.11831746,Fold composition compared with full approved development pool.
6s,4,4,date,20200728,2,0.015873016,10,0.02,0.0041269841,0.11831746,Fold composition compared with full approved development pool.
6s,4,4,date,20200810,2,0.015873016,7,0.014,0.0018730159,0.11831746,Fold composition compared with full approved development pool.
6s,4,4,date,20200811,2,0.015873016,4,0.008,0.0078730159,0.11831746,Fold composition compared with full approved development pool.
6s,4,4,date,20200814,3,0.023809524,11,0.022,0.0018095238,0.11831746,Fold composition compared with full approved development pool.
6s,4,4,date,20200815,1,0.0079365079,2,0.004,0.0039365079,0.11831746,Fold composition compared with full approved development pool.
6s,4,4,date,20200818,2,0.015873016,7,0.014,0.0018730159,0.11831746,Fold composition compared with full approved development pool.
6s,4,4,date,20200819,2,0.015873016,9,0.018,0.0021269841,0.11831746,Fold composition compared with full approved development pool.
6s,4,4,date,20200821,2,0.015873016,4,0.008,0.0078730159,0.11831746,Fold composition compared with full approved development pool.
6s,4,4,date,20200826,0,0,6,0.012,0.012,0.11831746,Fold composition compared with full approved development pool.
6s,4,4,date,20200831,1,0.0079365079,7,0.014,0.0060634921,0.11831746,Fold composition compared with full approved development pool.
6s,4,4,date,20200901,8,0.063492063,28,0.056,0.0074920635,0.11831746,Fold composition compared with full approved development pool.
6s,4,4,date,20200904,1,0.0079365079,3,0.006,0.0019365079,0.11831746,Fold composition compared with full approved development pool.
6s,4,4,date,20200905,8,0.063492063,51,0.102,0.038507937,0.11831746,Fold composition compared with full approved development pool.
6s,4,4,date,20200906,6,0.047619048,12,0.024,0.023619048,0.11831746,Fold composition compared with full approved development pool.
6s,4,4,date,20200907,6,0.047619048,11,0.022,0.025619048,0.11831746,Fold composition compared with full approved development pool.
6s,4,4,date,20200922,0,0,2,0.004,0.004,0.11831746,Fold composition compared with full approved development pool.
6s,4,4,resolution,316x332,53,0.42063492,209,0.418,0.0026349206,0.016539683,Fold composition compared with full approved development pool.
6s,4,4,resolution,352x332,33,0.26190476,124,0.248,0.013904762,0.016539683,Fold composition compared with full approved development pool.
6s,4,4,resolution,576x444,40,0.31746032,167,0.334,0.016539683,0.016539683,Fold composition compared with full approved development pool.
6s,4,4,object_count,1,46,0.36507937,176,0.352,0.013079365,0.013079365,Fold composition compared with full approved development pool.
6s,4,4,object_count,2,0,0,1,0.002,0.002,0.013079365,Fold composition compared with full approved development pool.
6s,4,4,object_count,3,80,0.63492063,323,0.646,0.011079365,0.013079365,Fold composition compared with full approved development pool.
6s,3,1,image_count,ALL,166,0.332,500,1,0.0013333333,,Image fraction compared with ideal 1/K.
6s,3,1,machine,1호기(2020.09.22),52,0.31325301,156,0.312,0.001253012,0.0026746988,Fold composition compared with full approved development pool.
6s,3,1,machine,2호기(2020.09.22),59,0.35542169,177,0.354,0.0014216867,0.0026746988,Fold composition compared with full approved development pool.
6s,3,1,machine,3호기(2020.09.22),55,0.3313253,167,0.334,0.0026746988,0.0026746988,Fold composition compared with full approved development pool.
6s,3,1,date,20200622,6,0.036144578,18,0.036,0.00014457831,0.068457831,Fold composition compared with full approved development pool.
6s,3,1,date,20200623,34,0.20481928,108,0.216,0.011180723,0.068457831,Fold composition compared with full approved development pool.
6s,3,1,date,20200624,36,0.21686747,104,0.208,0.0088674699,0.068457831,Fold composition compared with full approved development pool.
6s,3,1,date,20200625,12,0.072289157,30,0.06,0.012289157,0.068457831,Fold composition compared with full approved development pool.
6s,3,1,date,20200629,10,0.060240964,34,0.068,0.0077590361,0.068457831,Fold composition compared with full approved development pool.
6s,3,1,date,20200714,7,0.042168675,25,0.05,0.0078313253,0.068457831,Fold composition compared with full approved development pool.
6s,3,1,date,20200715,1,0.0060240964,5,0.01,0.0039759036,0.068457831,Fold composition compared with full approved development pool.
6s,3,1,date,20200727,2,0.012048193,2,0.004,0.0080481928,0.068457831,Fold composition compared with full approved development pool.
6s,3,1,date,20200728,3,0.018072289,10,0.02,0.0019277108,0.068457831,Fold composition compared with full approved development pool.
6s,3,1,date,20200810,3,0.018072289,7,0.014,0.0040722892,0.068457831,Fold composition compared with full approved development pool.
6s,3,1,date,20200811,0,0,4,0.008,0.008,0.068457831,Fold composition compared with full approved development pool.
6s,3,1,date,20200814,4,0.024096386,11,0.022,0.0020963855,0.068457831,Fold composition compared with full approved development pool.
6s,3,1,date,20200815,1,0.0060240964,2,0.004,0.0020240964,0.068457831,Fold composition compared with full approved development pool.
6s,3,1,date,20200818,3,0.018072289,7,0.014,0.0040722892,0.068457831,Fold composition compared with full approved development pool.
6s,3,1,date,20200819,3,0.018072289,9,0.018,7.2289157e-05,0.068457831,Fold composition compared with full approved development pool.
6s,3,1,date,20200821,2,0.012048193,4,0.008,0.0040481928,0.068457831,Fold composition compared with full approved development pool.
6s,3,1,date,20200826,2,0.012048193,6,0.012,4.8192771e-05,0.068457831,Fold composition compared with full approved development pool.
6s,3,1,date,20200831,3,0.018072289,7,0.014,0.0040722892,0.068457831,Fold composition compared with full approved development pool.
6s,3,1,date,20200901,9,0.054216867,28,0.056,0.0017831325,0.068457831,Fold composition compared with full approved development pool.
6s,3,1,date,20200904,2,0.012048193,3,0.006,0.0060481928,0.068457831,Fold composition compared with full approved development pool.
6s,3,1,date,20200905,18,0.10843373,51,0.102,0.0064337349,0.068457831,Fold composition compared with full approved development pool.
6s,3,1,date,20200906,5,0.030120482,12,0.024,0.0061204819,0.068457831,Fold composition compared with full approved development pool.
6s,3,1,date,20200907,0,0,11,0.022,0.022,0.068457831,Fold composition compared with full approved development pool.
6s,3,1,date,20200922,0,0,2,0.004,0.004,0.068457831,Fold composition compared with full approved development pool.
6s,3,1,resolution,316x332,70,0.42168675,209,0.418,0.003686747,0.003686747,Fold composition compared with full approved development pool.
6s,3,1,resolution,352x332,41,0.24698795,124,0.248,0.0010120482,0.003686747,Fold composition compared with full approved development pool.
6s,3,1,resolution,576x444,55,0.3313253,167,0.334,0.0026746988,0.003686747,Fold composition compared with full approved development pool.
6s,3,1,object_count,1,60,0.36144578,176,0.352,0.0094457831,0.0094457831,Fold composition compared with full approved development pool.
6s,3,1,object_count,2,0,0,1,0.002,0.002,0.0094457831,Fold composition compared with full approved development pool.
6s,3,1,object_count,3,106,0.63855422,323,0.646,0.0074457831,0.0094457831,Fold composition compared with full approved development pool.
6s,3,2,image_count,ALL,167,0.334,500,1,0.00066666667,,Image fraction compared with ideal 1/K.
6s,3,2,machine,1호기(2020.09.22),52,0.31137725,156,0.312,0.00062275449,0.0013293413,Fold composition compared with full approved development pool.
6s,3,2,machine,2호기(2020.09.22),59,0.35329341,177,0.354,0.00070658683,0.0013293413,Fold composition compared with full approved development pool.
6s,3,2,machine,3호기(2020.09.22),56,0.33532934,167,0.334,0.0013293413,0.0013293413,Fold composition compared with full approved development pool.
6s,3,2,date,20200622,6,0.035928144,18,0.036,7.1856287e-05,0.077113772,Fold composition compared with full approved development pool.
6s,3,2,date,20200623,32,0.19161677,108,0.216,0.024383234,0.077113772,Fold composition compared with full approved development pool.
6s,3,2,date,20200624,41,0.24550898,104,0.208,0.037508982,0.077113772,Fold composition compared with full approved development pool.
6s,3,2,date,20200625,9,0.053892216,30,0.06,0.0061077844,0.077113772,Fold composition compared with full approved development pool.
6s,3,2,date,20200629,12,0.071856287,34,0.068,0.0038562874,0.077113772,Fold composition compared with full approved development pool.
6s,3,2,date,20200714,7,0.041916168,25,0.05,0.0080838323,0.077113772,Fold composition compared with full approved development pool.
6s,3,2,date,20200715,2,0.011976048,5,0.01,0.0019760479,0.077113772,Fold composition compared with full approved development pool.
6s,3,2,date,20200727,0,0,2,0.004,0.004,0.077113772,Fold composition compared with full approved development pool.
6s,3,2,date,20200728,3,0.017964072,10,0.02,0.0020359281,0.077113772,Fold composition compared with full approved development pool.
6s,3,2,date,20200810,2,0.011976048,7,0.014,0.0020239521,0.077113772,Fold composition compared with full approved development pool.
6s,3,2,date,20200811,2,0.011976048,4,0.008,0.0039760479,0.077113772,Fold composition compared with full approved development pool.
6s,3,2,date,20200814,4,0.023952096,11,0.022,0.0019520958,0.077113772,Fold composition compared with full approved development pool.
6s,3,2,date,20200815,0,0,2,0.004,0.004,0.077113772,Fold composition compared with full approved development pool.
6s,3,2,date,20200818,2,0.011976048,7,0.014,0.0020239521,0.077113772,Fold composition compared with full approved development pool.
6s,3,2,date,20200819,3,0.017964072,9,0.018,3.5928144e-05,0.077113772,Fold composition compared with full approved development pool.
6s,3,2,date,20200821,0,0,4,0.008,0.008,0.077113772,Fold composition compared with full approved development pool.
6s,3,2,date,20200826,2,0.011976048,6,0.012,2.3952096e-05,0.077113772,Fold composition compared with full approved development pool.
6s,3,2,date,20200831,2,0.011976048,7,0.014,0.0020239521,0.077113772,Fold composition compared with full approved development pool.
6s,3,2,date,20200901,9,0.053892216,28,0.056,0.0021077844,0.077113772,Fold composition compared with full approved development pool.
6s,3,2,date,20200904,0,0,3,0.006,0.006,0.077113772,Fold composition compared with full approved development pool.
6s,3,2,date,20200905,16,0.095808383,51,0.102,0.0061916168,0.077113772,Fold composition compared with full approved development pool.
6s,3,2,date,20200906,6,0.035928144,12,0.024,0.011928144,0.077113772,Fold composition compared with full approved development pool.
6s,3,2,date,20200907,5,0.02994012,11,0.022,0.0079401198,0.077113772,Fold composition compared with full approved development pool.
6s,3,2,date,20200922,2,0.011976048,2,0.004,0.0079760479,0.077113772,Fold composition compared with full approved development pool.
6s,3,2,resolution,316x332,68,0.40718563,209,0.418,0.010814371,0.010814371,Fold composition compared with full approved development pool.
6s,3,2,resolution,352x332,43,0.25748503,124,0.248,0.0094850299,0.010814371,Fold composition compared with full approved development pool.
6s,3,2,resolution,576x444,56,0.33532934,167,0.334,0.0013293413,0.010814371,Fold composition compared with full approved development pool.
6s,3,2,object_count,1,58,0.34730539,176,0.352,0.0046946108,0.0066946108,Fold composition compared with full approved development pool.
6s,3,2,object_count,2,0,0,1,0.002,0.002,0.0066946108,Fold composition compared with full approved development pool.
6s,3,2,object_count,3,109,0.65269461,323,0.646,0.0066946108,0.0066946108,Fold composition compared with full approved development pool.
6s,3,3,image_count,ALL,167,0.334,500,1,0.00066666667,,Image fraction compared with ideal 1/K.
6s,3,3,machine,1호기(2020.09.22),52,0.31137725,156,0.312,0.00062275449,0.0013293413,Fold composition compared with full approved development pool.
6s,3,3,machine,2호기(2020.09.22),59,0.35329341,177,0.354,0.00070658683,0.0013293413,Fold composition compared with full approved development pool.
6s,3,3,machine,3호기(2020.09.22),56,0.33532934,167,0.334,0.0013293413,0.0013293413,Fold composition compared with full approved development pool.
6s,3,3,date,20200622,6,0.035928144,18,0.036,7.1856287e-05,0.088898204,Fold composition compared with full approved development pool.
6s,3,3,date,20200623,42,0.25149701,108,0.216,0.035497006,0.088898204,Fold composition compared with full approved development pool.
6s,3,3,date,20200624,27,0.16167665,104,0.208,0.046323353,0.088898204,Fold composition compared with full approved development pool.
6s,3,3,date,20200625,9,0.053892216,30,0.06,0.0061077844,0.088898204,Fold composition compared with full approved development pool.
6s,3,3,date,20200629,12,0.071856287,34,0.068,0.0038562874,0.088898204,Fold composition compared with full approved development pool.
6s,3,3,date,20200714,11,0.065868263,25,0.05,0.015868263,0.088898204,Fold composition compared with full approved development pool.
6s,3,3,date,20200715,2,0.011976048,5,0.01,0.0019760479,0.088898204,Fold composition compared with full approved development pool.
6s,3,3,date,20200727,0,0,2,0.004,0.004,0.088898204,Fold composition compared with full approved development pool.
6s,3,3,date,20200728,4,0.023952096,10,0.02,0.0039520958,0.088898204,Fold composition compared with full approved development pool.
6s,3,3,date,20200810,2,0.011976048,7,0.014,0.0020239521,0.088898204,Fold composition compared with full approved development pool.
6s,3,3,date,20200811,2,0.011976048,4,0.008,0.0039760479,0.088898204,Fold composition compared with full approved development pool.
6s,3,3,date,20200814,3,0.017964072,11,0.022,0.0040359281,0.088898204,Fold composition compared with full approved development pool.
6s,3,3,date,20200815,1,0.005988024,2,0.004,0.001988024,0.088898204,Fold composition compared with full approved development pool.
6s,3,3,date,20200818,2,0.011976048,7,0.014,0.0020239521,0.088898204,Fold composition compared with full approved development pool.
6s,3,3,date,20200819,3,0.017964072,9,0.018,3.5928144e-05,0.088898204,Fold composition compared with full approved development pool.
6s,3,3,date,20200821,2,0.011976048,4,0.008,0.0039760479,0.088898204,Fold composition compared with full approved development pool.
6s,3,3,date,20200826,2,0.011976048,6,0.012,2.3952096e-05,0.088898204,Fold composition compared with full approved development pool.
6s,3,3,date,20200831,2,0.011976048,7,0.014,0.0020239521,0.088898204,Fold composition compared with full approved development pool.
6s,3,3,date,20200901,10,0.05988024,28,0.056,0.0038802395,0.088898204,Fold composition compared with full approved development pool.
6s,3,3,date,20200904,1,0.005988024,3,0.006,1.1976048e-05,0.088898204,Fold composition compared with full approved development pool.
6s,3,3,date,20200905,17,0.10179641,51,0.102,0.00020359281,0.088898204,Fold composition compared with full approved development pool.
6s,3,3,date,20200906,1,0.005988024,12,0.024,0.018011976,0.088898204,Fold composition compared with full approved development pool.
6s,3,3,date,20200907,6,0.035928144,11,0.022,0.013928144,0.088898204,Fold composition compared with full approved development pool.
6s,3,3,date,20200922,0,0,2,0.004,0.004,0.088898204,Fold composition compared with full approved development pool.
6s,3,3,resolution,316x332,71,0.4251497,209,0.418,0.0071497006,0.0084790419,Fold composition compared with full approved development pool.
6s,3,3,resolution,352x332,40,0.23952096,124,0.248,0.0084790419,0.0084790419,Fold composition compared with full approved development pool.
6s,3,3,resolution,576x444,56,0.33532934,167,0.334,0.0013293413,0.0084790419,Fold composition compared with full approved development pool.
6s,3,3,object_count,1,58,0.34730539,176,0.352,0.0046946108,0.0046946108,Fold composition compared with full approved development pool.
6s,3,3,object_count,2,1,0.005988024,1,0.002,0.003988024,0.0046946108,Fold composition compared with full approved development pool.
6s,3,3,object_count,3,108,0.64670659,323,0.646,0.00070658683,0.0046946108,Fold composition compared with full approved development pool.
10s,5,1,image_count,ALL,98,0.196,500,1,0.004,,Image fraction compared with ideal 1/K.
10s,5,1,machine,1호기(2020.09.22),29,0.29591837,156,0.312,0.016081633,0.016081633,Fold composition compared with full approved development pool.
10s,5,1,machine,2호기(2020.09.22),36,0.36734694,177,0.354,0.013346939,0.016081633,Fold composition compared with full approved development pool.
10s,5,1,machine,3호기(2020.09.22),33,0.33673469,167,0.334,0.0027346939,0.016081633,Fold composition compared with full approved development pool.
10s,5,1,date,20200622,5,0.051020408,18,0.036,0.015020408,0.20326531,Fold composition compared with full approved development pool.
10s,5,1,date,20200623,17,0.17346939,108,0.216,0.042530612,0.20326531,Fold composition compared with full approved development pool.
10s,5,1,date,20200624,30,0.30612245,104,0.208,0.098122449,0.20326531,Fold composition compared with full approved development pool.
10s,5,1,date,20200625,0,0,30,0.06,0.06,0.20326531,Fold composition compared with full approved development pool.
10s,5,1,date,20200629,6,0.06122449,34,0.068,0.0067755102,0.20326531,Fold composition compared with full approved development pool.
10s,5,1,date,20200714,6,0.06122449,25,0.05,0.01122449,0.20326531,Fold composition compared with full approved development pool.
10s,5,1,date,20200715,3,0.030612245,5,0.01,0.020612245,0.20326531,Fold composition compared with full approved development pool.
10s,5,1,date,20200727,0,0,2,0.004,0.004,0.20326531,Fold composition compared with full approved development pool.
10s,5,1,date,20200728,2,0.020408163,10,0.02,0.00040816327,0.20326531,Fold composition compared with full approved development pool.
10s,5,1,date,20200810,1,0.010204082,7,0.014,0.0037959184,0.20326531,Fold composition compared with full approved development pool.
10s,5,1,date,20200811,0,0,4,0.008,0.008,0.20326531,Fold composition compared with full approved development pool.
10s,5,1,date,20200814,2,0.020408163,11,0.022,0.0015918367,0.20326531,Fold composition compared with full approved development pool.
10s,5,1,date,20200815,0,0,2,0.004,0.004,0.20326531,Fold composition compared with full approved development pool.
10s,5,1,date,20200818,2,0.020408163,7,0.014,0.0064081633,0.20326531,Fold composition compared with full approved development pool.
10s,5,1,date,20200819,2,0.020408163,9,0.018,0.0024081633,0.20326531,Fold composition compared with full approved development pool.
10s,5,1,date,20200821,0,0,4,0.008,0.008,0.20326531,Fold composition compared with full approved development pool.
10s,5,1,date,20200826,2,0.020408163,6,0.012,0.0084081633,0.20326531,Fold composition compared with full approved development pool.
10s,5,1,date,20200831,2,0.020408163,7,0.014,0.0064081633,0.20326531,Fold composition compared with full approved development pool.
10s,5,1,date,20200901,6,0.06122449,28,0.056,0.0052244898,0.20326531,Fold composition compared with full approved development pool.
10s,5,1,date,20200904,0,0,3,0.006,0.006,0.20326531,Fold composition compared with full approved development pool.
10s,5,1,date,20200905,6,0.06122449,51,0.102,0.04077551,0.20326531,Fold composition compared with full approved development pool.
10s,5,1,date,20200906,1,0.010204082,12,0.024,0.013795918,0.20326531,Fold composition compared with full approved development pool.
10s,5,1,date,20200907,5,0.051020408,11,0.022,0.029020408,0.20326531,Fold composition compared with full approved development pool.
10s,5,1,date,20200922,0,0,2,0.004,0.004,0.20326531,Fold composition compared with full approved development pool.
10s,5,1,resolution,316x332,42,0.42857143,209,0.418,0.010571429,0.013306122,Fold composition compared with full approved development pool.
10s,5,1,resolution,352x332,23,0.23469388,124,0.248,0.013306122,0.013306122,Fold composition compared with full approved development pool.
10s,5,1,resolution,576x444,33,0.33673469,167,0.334,0.0027346939,0.013306122,Fold composition compared with full approved development pool.
10s,5,1,object_count,1,31,0.31632653,176,0.352,0.035673469,0.037673469,Fold composition compared with full approved development pool.
10s,5,1,object_count,2,0,0,1,0.002,0.002,0.037673469,Fold composition compared with full approved development pool.
10s,5,1,object_count,3,67,0.68367347,323,0.646,0.037673469,0.037673469,Fold composition compared with full approved development pool.
10s,5,2,image_count,ALL,99,0.198,500,1,0.002,,Image fraction compared with ideal 1/K.
10s,5,2,machine,1호기(2020.09.22),34,0.34343434,156,0.312,0.031434343,0.031434343,Fold composition compared with full approved development pool.
10s,5,2,machine,2호기(2020.09.22),32,0.32323232,177,0.354,0.030767677,0.031434343,Fold composition compared with full approved development pool.
10s,5,2,machine,3호기(2020.09.22),33,0.33333333,167,0.334,0.00066666667,0.031434343,Fold composition compared with full approved development pool.
10s,5,2,date,20200622,1,0.01010101,18,0.036,0.02589899,0.15688889,Fold composition compared with full approved development pool.
10s,5,2,date,20200623,24,0.24242424,108,0.216,0.026424242,0.15688889,Fold composition compared with full approved development pool.
10s,5,2,date,20200624,23,0.23232323,104,0.208,0.024323232,0.15688889,Fold composition compared with full approved development pool.
10s,5,2,date,20200625,6,0.060606061,30,0.06,0.00060606061,0.15688889,Fold composition compared with full approved development pool.
10s,5,2,date,20200629,11,0.11111111,34,0.068,0.043111111,0.15688889,Fold composition compared with full approved development pool.
10s,5,2,date,20200714,1,0.01010101,25,0.05,0.03989899,0.15688889,Fold composition compared with full approved development pool.
10s,5,2,date,20200715,0,0,5,0.01,0.01,0.15688889,Fold composition compared with full approved development pool.
10s,5,2,date,20200727,0,0,2,0.004,0.004,0.15688889,Fold composition compared with full approved development pool.
10s,5,2,date,20200728,2,0.02020202,10,0.02,0.0002020202,0.15688889,Fold composition compared with full approved development pool.
10s,5,2,date,20200810,0,0,7,0.014,0.014,0.15688889,Fold composition compared with full approved development pool.
10s,5,2,date,20200811,0,0,4,0.008,0.008,0.15688889,Fold composition compared with full approved development pool.
10s,5,2,date,20200814,3,0.03030303,11,0.022,0.0083030303,0.15688889,Fold composition compared with full approved development pool.
10s,5,2,date,20200815,0,0,2,0.004,0.004,0.15688889,Fold composition compared with full approved development pool.
10s,5,2,date,20200818,2,0.02020202,7,0.014,0.0062020202,0.15688889,Fold composition compared with full approved development pool.
10s,5,2,date,20200819,2,0.02020202,9,0.018,0.0022020202,0.15688889,Fold composition compared with full approved development pool.
10s,5,2,date,20200821,0,0,4,0.008,0.008,0.15688889,Fold composition compared with full approved development pool.
10s,5,2,date,20200826,2,0.02020202,6,0.012,0.0082020202,0.15688889,Fold composition compared with full approved development pool.
10s,5,2,date,20200831,2,0.02020202,7,0.014,0.0062020202,0.15688889,Fold composition compared with full approved development pool.
10s,5,2,date,20200901,6,0.060606061,28,0.056,0.0046060606,0.15688889,Fold composition compared with full approved development pool.
10s,5,2,date,20200904,0,0,3,0.006,0.006,0.15688889,Fold composition compared with full approved development pool.
10s,5,2,date,20200905,9,0.090909091,51,0.102,0.011090909,0.15688889,Fold composition compared with full approved development pool.
10s,5,2,date,20200906,5,0.050505051,12,0.024,0.026505051,0.15688889,Fold composition compared with full approved development pool.
10s,5,2,date,20200907,0,0,11,0.022,0.022,0.15688889,Fold composition compared with full approved development pool.
10s,5,2,date,20200922,0,0,2,0.004,0.004,0.15688889,Fold composition compared with full approved development pool.
10s,5,2,resolution,316x332,40,0.4040404,209,0.418,0.013959596,0.014626263,Fold composition compared with full approved development pool.
10s,5,2,resolution,352x332,26,0.26262626,124,0.248,0.014626263,0.014626263,Fold composition compared with full approved development pool.
10s,5,2,resolution,576x444,33,0.33333333,167,0.334,0.00066666667,0.014626263,Fold composition compared with full approved development pool.
10s,5,2,object_count,1,33,0.33333333,176,0.352,0.018666667,0.020666667,Fold composition compared with full approved development pool.
10s,5,2,object_count,2,0,0,1,0.002,0.002,0.020666667,Fold composition compared with full approved development pool.
10s,5,2,object_count,3,66,0.66666667,323,0.646,0.020666667,0.020666667,Fold composition compared with full approved development pool.
10s,5,3,image_count,ALL,99,0.198,500,1,0.002,,Image fraction compared with ideal 1/K.
10s,5,3,machine,1호기(2020.09.22),31,0.31313131,156,0.312,0.0011313131,0.0011313131,Fold composition compared with full approved development pool.
10s,5,3,machine,2호기(2020.09.22),35,0.35353535,177,0.354,0.00046464646,0.0011313131,Fold composition compared with full approved development pool.
10s,5,3,machine,3호기(2020.09.22),33,0.33333333,167,0.334,0.00066666667,0.0011313131,Fold composition compared with full approved development pool.
10s,5,3,date,20200622,1,0.01010101,18,0.036,0.02589899,0.12638384,Fold composition compared with full approved development pool.
10s,5,3,date,20200623,24,0.24242424,108,0.216,0.026424242,0.12638384,Fold composition compared with full approved development pool.
10s,5,3,date,20200624,23,0.23232323,104,0.208,0.024323232,0.12638384,Fold composition compared with full approved development pool.
10s,5,3,date,20200625,6,0.060606061,30,0.06,0.00060606061,0.12638384,Fold composition compared with full approved development pool.
10s,5,3,date,20200629,6,0.060606061,34,0.068,0.0073939394,0.12638384,Fold composition compared with full approved development pool.
10s,5,3,date,20200714,6,0.060606061,25,0.05,0.010606061,0.12638384,Fold composition compared with full approved development pool.
10s,5,3,date,20200715,0,0,5,0.01,0.01,0.12638384,Fold composition compared with full approved development pool.
10s,5,3,date,20200727,0,0,2,0.004,0.004,0.12638384,Fold composition compared with full approved development pool.
10s,5,3,date,20200728,2,0.02020202,10,0.02,0.0002020202,0.12638384,Fold composition compared with full approved development pool.
10s,5,3,date,20200810,2,0.02020202,7,0.014,0.0062020202,0.12638384,Fold composition compared with full approved development pool.
10s,5,3,date,20200811,2,0.02020202,4,0.008,0.01220202,0.12638384,Fold composition compared with full approved development pool.
10s,5,3,date,20200814,2,0.02020202,11,0.022,0.0017979798,0.12638384,Fold composition compared with full approved development pool.
10s,5,3,date,20200815,0,0,2,0.004,0.004,0.12638384,Fold composition compared with full approved development pool.
10s,5,3,date,20200818,1,0.01010101,7,0.014,0.0038989899,0.12638384,Fold composition compared with full approved development pool.
10s,5,3,date,20200819,2,0.02020202,9,0.018,0.0022020202,0.12638384,Fold composition compared with full approved development pool.
10s,5,3,date,20200821,0,0,4,0.008,0.008,0.12638384,Fold composition compared with full approved development pool.
10s,5,3,date,20200826,2,0.02020202,6,0.012,0.0082020202,0.12638384,Fold composition compared with full approved development pool.
10s,5,3,date,20200831,1,0.01010101,7,0.014,0.0038989899,0.12638384,Fold composition compared with full approved development pool.
10s,5,3,date,20200901,5,0.050505051,28,0.056,0.0054949495,0.12638384,Fold composition compared with full approved development pool.
10s,5,3,date,20200904,0,0,3,0.006,0.006,0.12638384,Fold composition compared with full approved development pool.
10s,5,3,date,20200905,12,0.12121212,51,0.102,0.019212121,0.12638384,Fold composition compared with full approved development pool.
10s,5,3,date,20200906,0,0,12,0.024,0.024,0.12638384,Fold composition compared with full approved development pool.
10s,5,3,date,20200907,0,0,11,0.022,0.022,0.12638384,Fold composition compared with full approved development pool.
10s,5,3,date,20200922,2,0.02020202,2,0.004,0.01620202,0.12638384,Fold composition compared with full approved development pool.
10s,5,3,resolution,316x332,41,0.41414141,209,0.418,0.0038585859,0.0045252525,Fold composition compared with full approved development pool.
10s,5,3,resolution,352x332,25,0.25252525,124,0.248,0.0045252525,0.0045252525,Fold composition compared with full approved development pool.
10s,5,3,resolution,576x444,33,0.33333333,167,0.334,0.00066666667,0.0045252525,Fold composition compared with full approved development pool.
10s,5,3,object_count,1,33,0.33333333,176,0.352,0.018666667,0.018666667,Fold composition compared with full approved development pool.
10s,5,3,object_count,2,1,0.01010101,1,0.002,0.0081010101,0.018666667,Fold composition compared with full approved development pool.
10s,5,3,object_count,3,65,0.65656566,323,0.646,0.010565657,0.018666667,Fold composition compared with full approved development pool.
10s,5,4,image_count,ALL,103,0.206,500,1,0.006,,Image fraction compared with ideal 1/K.
10s,5,4,machine,1호기(2020.09.22),35,0.33980583,156,0.312,0.027805825,0.03361165,Fold composition compared with full approved development pool.
10s,5,4,machine,2호기(2020.09.22),33,0.32038835,177,0.354,0.03361165,0.03361165,Fold composition compared with full approved development pool.
10s,5,4,machine,3호기(2020.09.22),35,0.33980583,167,0.334,0.0058058252,0.03361165,Fold composition compared with full approved development pool.
10s,5,4,date,20200622,6,0.058252427,18,0.036,0.022252427,0.21953398,Fold composition compared with full approved development pool.
10s,5,4,date,20200623,25,0.24271845,108,0.216,0.026718447,0.21953398,Fold composition compared with full approved development pool.
10s,5,4,date,20200624,9,0.087378641,104,0.208,0.12062136,0.21953398,Fold composition compared with full approved development pool.
10s,5,4,date,20200625,11,0.10679612,30,0.06,0.046796117,0.21953398,Fold composition compared with full approved development pool.
10s,5,4,date,20200629,4,0.038834951,34,0.068,0.029165049,0.21953398,Fold composition compared with full approved development pool.
10s,5,4,date,20200714,6,0.058252427,25,0.05,0.0082524272,0.21953398,Fold composition compared with full approved development pool.
10s,5,4,date,20200715,0,0,5,0.01,0.01,0.21953398,Fold composition compared with full approved development pool.
10s,5,4,date,20200727,0,0,2,0.004,0.004,0.21953398,Fold composition compared with full approved development pool.
10s,5,4,date,20200728,2,0.019417476,10,0.02,0.00058252427,0.21953398,Fold composition compared with full approved development pool.
10s,5,4,date,20200810,2,0.019417476,7,0.014,0.0054174757,0.21953398,Fold composition compared with full approved development pool.
10s,5,4,date,20200811,2,0.019417476,4,0.008,0.011417476,0.21953398,Fold composition compared with full approved development pool.
10s,5,4,date,20200814,2,0.019417476,11,0.022,0.0025825243,0.21953398,Fold composition compared with full approved development pool.
10s,5,4,date,20200815,1,0.0097087379,2,0.004,0.0057087379,0.21953398,Fold composition compared with full approved development pool.
10s,5,4,date,20200818,1,0.0097087379,7,0.014,0.0042912621,0.21953398,Fold composition compared with full approved development pool.
10s,5,4,date,20200819,1,0.0097087379,9,0.018,0.0082912621,0.21953398,Fold composition compared with full approved development pool.
10s,5,4,date,20200821,2,0.019417476,4,0.008,0.011417476,0.21953398,Fold composition compared with full approved development pool.
10s,5,4,date,20200826,0,0,6,0.012,0.012,0.21953398,Fold composition compared with full approved development pool.
10s,5,4,date,20200831,2,0.019417476,7,0.014,0.0054174757,0.21953398,Fold composition compared with full approved development pool.
10s,5,4,date,20200901,6,0.058252427,28,0.056,0.0022524272,0.21953398,Fold composition compared with full approved development pool.
10s,5,4,date,20200904,3,0.029126214,3,0.006,0.023126214,0.21953398,Fold composition compared with full approved development pool.
10s,5,4,date,20200905,12,0.11650485,51,0.102,0.014504854,0.21953398,Fold composition compared with full approved development pool.
10s,5,4,date,20200906,0,0,12,0.024,0.024,0.21953398,Fold composition compared with full approved development pool.
10s,5,4,date,20200907,6,0.058252427,11,0.022,0.036252427,0.21953398,Fold composition compared with full approved development pool.
10s,5,4,date,20200922,0,0,2,0.004,0.004,0.21953398,Fold composition compared with full approved development pool.
10s,5,4,resolution,316x332,45,0.4368932,209,0.418,0.018893204,0.024699029,Fold composition compared with full approved development pool.
10s,5,4,resolution,352x332,23,0.22330097,124,0.248,0.024699029,0.024699029,Fold composition compared with full approved development pool.
10s,5,4,resolution,576x444,35,0.33980583,167,0.334,0.0058058252,0.024699029,Fold composition compared with full approved development pool.
10s,5,4,object_count,1,42,0.40776699,176,0.352,0.05576699,0.05576699,Fold composition compared with full approved development pool.
10s,5,4,object_count,2,0,0,1,0.002,0.002,0.05576699,Fold composition compared with full approved development pool.
10s,5,4,object_count,3,61,0.59223301,323,0.646,0.05376699,0.05576699,Fold composition compared with full approved development pool.
10s,5,5,image_count,ALL,101,0.202,500,1,0.002,,Image fraction compared with ideal 1/K.
10s,5,5,machine,1호기(2020.09.22),27,0.26732673,156,0.312,0.044673267,0.051940594,Fold composition compared with full approved development pool.
10s,5,5,machine,2호기(2020.09.22),41,0.40594059,177,0.354,0.051940594,0.051940594,Fold composition compared with full approved development pool.
10s,5,5,machine,3호기(2020.09.22),33,0.32673267,167,0.334,0.0072673267,0.051940594,Fold composition compared with full approved development pool.
10s,5,5,date,20200622,5,0.04950495,18,0.036,0.01350495,0.13665347,Fold composition compared with full approved development pool.
10s,5,5,date,20200623,18,0.17821782,108,0.216,0.037782178,0.13665347,Fold composition compared with full approved development pool.
10s,5,5,date,20200624,19,0.18811881,104,0.208,0.019881188,0.13665347,Fold composition compared with full approved development pool.
10s,5,5,date,20200625,7,0.069306931,30,0.06,0.0093069307,0.13665347,Fold composition compared with full approved development pool.
10s,5,5,date,20200629,7,0.069306931,34,0.068,0.0013069307,0.13665347,Fold composition compared with full approved development pool.
10s,5,5,date,20200714,6,0.059405941,25,0.05,0.0094059406,0.13665347,Fold composition compared with full approved development pool.
10s,5,5,date,20200715,2,0.01980198,5,0.01,0.0098019802,0.13665347,Fold composition compared with full approved development pool.
10s,5,5,date,20200727,2,0.01980198,2,0.004,0.01580198,0.13665347,Fold composition compared with full approved development pool.
10s,5,5,date,20200728,2,0.01980198,10,0.02,0.0001980198,0.13665347,Fold composition compared with full approved development pool.
10s,5,5,date,20200810,2,0.01980198,7,0.014,0.0058019802,0.13665347,Fold composition compared with full approved development pool.
10s,5,5,date,20200811,0,0,4,0.008,0.008,0.13665347,Fold composition compared with full approved development pool.
10s,5,5,date,20200814,2,0.01980198,11,0.022,0.0021980198,0.13665347,Fold composition compared with full approved development pool.
10s,5,5,date,20200815,1,0.0099009901,2,0.004,0.0059009901,0.13665347,Fold composition compared with full approved development pool.
10s,5,5,date,20200818,1,0.0099009901,7,0.014,0.0040990099,0.13665347,Fold composition compared with full approved development pool.
10s,5,5,date,20200819,2,0.01980198,9,0.018,0.0018019802,0.13665347,Fold composition compared with full approved development pool.
10s,5,5,date,20200821,2,0.01980198,4,0.008,0.01180198,0.13665347,Fold composition compared with full approved development pool.
10s,5,5,date,20200826,0,0,6,0.012,0.012,0.13665347,Fold composition compared with full approved development pool.
10s,5,5,date,20200831,0,0,7,0.014,0.014,0.13665347,Fold composition compared with full approved development pool.
10s,5,5,date,20200901,5,0.04950495,28,0.056,0.0064950495,0.13665347,Fold composition compared with full approved development pool.
10s,5,5,date,20200904,0,0,3,0.006,0.006,0.13665347,Fold composition compared with full approved development pool.
10s,5,5,date,20200905,12,0.11881188,51,0.102,0.016811881,0.13665347,Fold composition compared with full approved development pool.
10s,5,5,date,20200906,6,0.059405941,12,0.024,0.035405941,0.13665347,Fold composition compared with full approved development pool.
10s,5,5,date,20200907,0,0,11,0.022,0.022,0.13665347,Fold composition compared with full approved development pool.
10s,5,5,date,20200922,0,0,2,0.004,0.004,0.13665347,Fold composition compared with full approved development pool.
10s,5,5,resolution,316x332,41,0.40594059,209,0.418,0.012059406,0.019326733,Fold composition compared with full approved development pool.
10s,5,5,resolution,352x332,27,0.26732673,124,0.248,0.019326733,0.019326733,Fold composition compared with full approved development pool.
10s,5,5,resolution,576x444,33,0.32673267,167,0.334,0.0072673267,0.019326733,Fold composition compared with full approved development pool.
10s,5,5,object_count,1,37,0.36633663,176,0.352,0.014336634,0.014336634,Fold composition compared with full approved development pool.
10s,5,5,object_count,2,0,0,1,0.002,0.002,0.014336634,Fold composition compared with full approved development pool.
10s,5,5,object_count,3,64,0.63366337,323,0.646,0.012336634,0.014336634,Fold composition compared with full approved development pool.
10s,4,1,image_count,ALL,124,0.248,500,1,0.002,,Image fraction compared with ideal 1/K.
10s,4,1,machine,1호기(2020.09.22),36,0.29032258,156,0.312,0.021677419,0.021677419,Fold composition compared with full approved development pool.
10s,4,1,machine,2호기(2020.09.22),46,0.37096774,177,0.354,0.016967742,0.021677419,Fold composition compared with full approved development pool.
10s,4,1,machine,3호기(2020.09.22),42,0.33870968,167,0.334,0.0047096774,0.021677419,Fold composition compared with full approved development pool.
10s,4,1,date,20200622,2,0.016129032,18,0.036,0.019870968,0.1436129,Fold composition compared with full approved development pool.
10s,4,1,date,20200623,24,0.19354839,108,0.216,0.022451613,0.1436129,Fold composition compared with full approved development pool.
10s,4,1,date,20200624,36,0.29032258,104,0.208,0.082322581,0.1436129,Fold composition compared with full approved development pool.
10s,4,1,date,20200625,6,0.048387097,30,0.06,0.011612903,0.1436129,Fold composition compared with full approved development pool.
10s,4,1,date,20200629,6,0.048387097,34,0.068,0.019612903,0.1436129,Fold composition compared with full approved development pool.
10s,4,1,date,20200714,6,0.048387097,25,0.05,0.0016129032,0.1436129,Fold composition compared with full approved development pool.
10s,4,1,date,20200715,3,0.024193548,5,0.01,0.014193548,0.1436129,Fold composition compared with full approved development pool.
10s,4,1,date,20200727,2,0.016129032,2,0.004,0.012129032,0.1436129,Fold composition compared with full approved development pool.
10s,4,1,date,20200728,2,0.016129032,10,0.02,0.0038709677,0.1436129,Fold composition compared with full approved development pool.
10s,4,1,date,20200810,2,0.016129032,7,0.014,0.0021290323,0.1436129,Fold composition compared with full approved development pool.
10s,4,1,date,20200811,2,0.016129032,4,0.008,0.0081290323,0.1436129,Fold composition compared with full approved development pool.
10s,4,1,date,20200814,2,0.016129032,11,0.022,0.0058709677,0.1436129,Fold composition compared with full approved development pool.
10s,4,1,date,20200815,0,0,2,0.004,0.004,0.1436129,Fold composition compared with full approved development pool.
10s,4,1,date,20200818,2,0.016129032,7,0.014,0.0021290323,0.1436129,Fold composition compared with full approved development pool.
10s,4,1,date,20200819,2,0.016129032,9,0.018,0.0018709677,0.1436129,Fold composition compared with full approved development pool.
10s,4,1,date,20200821,0,0,4,0.008,0.008,0.1436129,Fold composition compared with full approved development pool.
10s,4,1,date,20200826,2,0.016129032,6,0.012,0.0041290323,0.1436129,Fold composition compared with full approved development pool.
10s,4,1,date,20200831,2,0.016129032,7,0.014,0.0021290323,0.1436129,Fold composition compared with full approved development pool.
10s,4,1,date,20200901,6,0.048387097,28,0.056,0.0076129032,0.1436129,Fold composition compared with full approved development pool.
10s,4,1,date,20200904,0,0,3,0.006,0.006,0.1436129,Fold composition compared with full approved development pool.
10s,4,1,date,20200905,12,0.096774194,51,0.102,0.0052258065,0.1436129,Fold composition compared with full approved development pool.
10s,4,1,date,20200906,5,0.040322581,12,0.024,0.016322581,0.1436129,Fold composition compared with full approved development pool.
10s,4,1,date,20200907,0,0,11,0.022,0.022,0.1436129,Fold composition compared with full approved development pool.
10s,4,1,date,20200922,0,0,2,0.004,0.004,0.1436129,Fold composition compared with full approved development pool.
10s,4,1,resolution,316x332,51,0.41129032,209,0.418,0.0067096774,0.0067096774,Fold composition compared with full approved development pool.
10s,4,1,resolution,352x332,31,0.25,124,0.248,0.002,0.0067096774,Fold composition compared with full approved development pool.
10s,4,1,resolution,576x444,42,0.33870968,167,0.334,0.0047096774,0.0067096774,Fold composition compared with full approved development pool.
10s,4,1,object_count,1,41,0.33064516,176,0.352,0.021354839,0.023354839,Fold composition compared with full approved development pool.
10s,4,1,object_count,2,0,0,1,0.002,0.002,0.023354839,Fold composition compared with full approved development pool.
10s,4,1,object_count,3,83,0.66935484,323,0.646,0.023354839,0.023354839,Fold composition compared with full approved development pool.
10s,4,2,image_count,ALL,125,0.25,500,1,0,,Image fraction compared with ideal 1/K.
10s,4,2,machine,1호기(2020.09.22),40,0.32,156,0.312,0.008,0.01,Fold composition compared with full approved development pool.
10s,4,2,machine,2호기(2020.09.22),43,0.344,177,0.354,0.01,0.01,Fold composition compared with full approved development pool.
10s,4,2,machine,3호기(2020.09.22),42,0.336,167,0.334,0.002,0.01,Fold composition compared with full approved development pool.
10s,4,2,date,20200622,5,0.04,18,0.036,0.004,0.136,Fold composition compared with full approved development pool.
10s,4,2,date,20200623,25,0.2,108,0.216,0.016,0.136,Fold composition compared with full approved development pool.
10s,4,2,date,20200624,29,0.232,104,0.208,0.024,0.136,Fold composition compared with full approved development pool.
10s,4,2,date,20200625,6,0.048,30,0.06,0.012,0.136,Fold composition compared with full approved development pool.
10s,4,2,date,20200629,6,0.048,34,0.068,0.02,0.136,Fold composition compared with full approved development pool.
10s,4,2,date,20200714,6,0.048,25,0.05,0.002,0.136,Fold composition compared with full approved development pool.
10s,4,2,date,20200715,2,0.016,5,0.01,0.006,0.136,Fold composition compared with full approved development pool.
10s,4,2,date,20200727,0,0,2,0.004,0.004,0.136,Fold composition compared with full approved development pool.
10s,4,2,date,20200728,2,0.016,10,0.02,0.004,0.136,Fold composition compared with full approved development pool.
10s,4,2,date,20200810,2,0.016,7,0.014,0.002,0.136,Fold composition compared with full approved development pool.
10s,4,2,date,20200811,0,0,4,0.008,0.008,0.136,Fold composition compared with full approved development pool.
10s,4,2,date,20200814,4,0.032,11,0.022,0.01,0.136,Fold composition compared with full approved development pool.
10s,4,2,date,20200815,0,0,2,0.004,0.004,0.136,Fold composition compared with full approved development pool.
10s,4,2,date,20200818,1,0.008,7,0.014,0.006,0.136,Fold composition compared with full approved development pool.
10s,4,2,date,20200819,3,0.024,9,0.018,0.006,0.136,Fold composition compared with full approved development pool.
10s,4,2,date,20200821,2,0.016,4,0.008,0.008,0.136,Fold composition compared with full approved development pool.
10s,4,2,date,20200826,0,0,6,0.012,0.012,0.136,Fold composition compared with full approved development pool.
10s,4,2,date,20200831,2,0.016,7,0.014,0.002,0.136,Fold composition compared with full approved development pool.
10s,4,2,date,20200901,11,0.088,28,0.056,0.032,0.136,Fold composition compared with full approved development pool.
10s,4,2,date,20200904,0,0,3,0.006,0.006,0.136,Fold composition compared with full approved development pool.
10s,4,2,date,20200905,18,0.144,51,0.102,0.042,0.136,Fold composition compared with full approved development pool.
10s,4,2,date,20200906,1,0.008,12,0.024,0.016,0.136,Fold composition compared with full approved development pool.
10s,4,2,date,20200907,0,0,11,0.022,0.022,0.136,Fold composition compared with full approved development pool.
10s,4,2,date,20200922,0,0,2,0.004,0.004,0.136,Fold composition compared with full approved development pool.
10s,4,2,resolution,316x332,50,0.4,209,0.418,0.018,0.018,Fold composition compared with full approved development pool.
10s,4,2,resolution,352x332,33,0.264,124,0.248,0.016,0.018,Fold composition compared with full approved development pool.
10s,4,2,resolution,576x444,42,0.336,167,0.334,0.002,0.018,Fold composition compared with full approved development pool.
10s,4,2,object_count,1,46,0.368,176,0.352,0.016,0.016,Fold composition compared with full approved development pool.
10s,4,2,object_count,2,0,0,1,0.002,0.002,0.016,Fold composition compared with full approved development pool.
10s,4,2,object_count,3,79,0.632,323,0.646,0.014,0.016,Fold composition compared with full approved development pool.
10s,4,3,image_count,ALL,126,0.252,500,1,0.002,,Image fraction compared with ideal 1/K.
10s,4,3,machine,1호기(2020.09.22),41,0.32539683,156,0.312,0.013396825,0.013396825,Fold composition compared with full approved development pool.
10s,4,3,machine,2호기(2020.09.22),44,0.34920635,177,0.354,0.0047936508,0.013396825,Fold composition compared with full approved development pool.
10s,4,3,machine,3호기(2020.09.22),41,0.32539683,167,0.334,0.0086031746,0.013396825,Fold composition compared with full approved development pool.
10s,4,3,date,20200622,5,0.03968254,18,0.036,0.0036825397,0.18073016,Fold composition compared with full approved development pool.
10s,4,3,date,20200623,35,0.27777778,108,0.216,0.061777778,0.18073016,Fold composition compared with full approved development pool.
10s,4,3,date,20200624,14,0.11111111,104,0.208,0.096888889,0.18073016,Fold composition compared with full approved development pool.
10s,4,3,date,20200625,11,0.087301587,30,0.06,0.027301587,0.18073016,Fold composition compared with full approved development pool.
10s,4,3,date,20200629,12,0.095238095,34,0.068,0.027238095,0.18073016,Fold composition compared with full approved development pool.
10s,4,3,date,20200714,6,0.047619048,25,0.05,0.0023809524,0.18073016,Fold composition compared with full approved development pool.
10s,4,3,date,20200715,0,0,5,0.01,0.01,0.18073016,Fold composition compared with full approved development pool.
10s,4,3,date,20200727,0,0,2,0.004,0.004,0.18073016,Fold composition compared with full approved development pool.
10s,4,3,date,20200728,4,0.031746032,10,0.02,0.011746032,0.18073016,Fold composition compared with full approved development pool.
10s,4,3,date,20200810,1,0.0079365079,7,0.014,0.0060634921,0.18073016,Fold composition compared with full approved development pool.
10s,4,3,date,20200811,0,0,4,0.008,0.008,0.18073016,Fold composition compared with full approved development pool.
10s,4,3,date,20200814,2,0.015873016,11,0.022,0.0061269841,0.18073016,Fold composition compared with full approved development pool.
10s,4,3,date,20200815,1,0.0079365079,2,0.004,0.0039365079,0.18073016,Fold composition compared with full approved development pool.
10s,4,3,date,20200818,2,0.015873016,7,0.014,0.0018730159,0.18073016,Fold composition compared with full approved development pool.
10s,4,3,date,20200819,2,0.015873016,9,0.018,0.0021269841,0.18073016,Fold composition compared with full approved development pool.
10s,4,3,date,20200821,2,0.015873016,4,0.008,0.0078730159,0.18073016,Fold composition compared with full approved development pool.
10s,4,3,date,20200826,2,0.015873016,6,0.012,0.0038730159,0.18073016,Fold composition compared with full approved development pool.
10s,4,3,date,20200831,2,0.015873016,7,0.014,0.0018730159,0.18073016,Fold composition compared with full approved development pool.
10s,4,3,date,20200901,6,0.047619048,28,0.056,0.0083809524,0.18073016,Fold composition compared with full approved development pool.
10s,4,3,date,20200904,0,0,3,0.006,0.006,0.18073016,Fold composition compared with full approved development pool.
10s,4,3,date,20200905,12,0.095238095,51,0.102,0.0067619048,0.18073016,Fold composition compared with full approved development pool.
10s,4,3,date,20200906,0,0,12,0.024,0.024,0.18073016,Fold composition compared with full approved development pool.
10s,4,3,date,20200907,5,0.03968254,11,0.022,0.01768254,0.18073016,Fold composition compared with full approved development pool.
10s,4,3,date,20200922,2,0.015873016,2,0.004,0.011873016,0.18073016,Fold composition compared with full approved development pool.
10s,4,3,resolution,316x332,55,0.43650794,209,0.418,0.018507937,0.018507937,Fold composition compared with full approved development pool.
10s,4,3,resolution,352x332,30,0.23809524,124,0.248,0.0099047619,0.018507937,Fold composition compared with full approved development pool.
10s,4,3,resolution,576x444,41,0.32539683,167,0.334,0.0086031746,0.018507937,Fold composition compared with full approved development pool.
10s,4,3,object_count,1,43,0.34126984,176,0.352,0.010730159,0.010730159,Fold composition compared with full approved development pool.
10s,4,3,object_count,2,1,0.0079365079,1,0.002,0.0059365079,0.010730159,Fold composition compared with full approved development pool.
10s,4,3,object_count,3,82,0.65079365,323,0.646,0.0047936508,0.010730159,Fold composition compared with full approved development pool.
10s,4,4,image_count,ALL,125,0.25,500,1,0,,Image fraction compared with ideal 1/K.
10s,4,4,machine,1호기(2020.09.22),39,0.312,156,0.312,0,0.002,Fold composition compared with full approved development pool.
10s,4,4,machine,2호기(2020.09.22),44,0.352,177,0.354,0.002,0.002,Fold composition compared with full approved development pool.
10s,4,4,machine,3호기(2020.09.22),42,0.336,167,0.334,0.002,0.002,Fold composition compared with full approved development pool.
10s,4,4,date,20200622,6,0.048,18,0.036,0.012,0.12,Fold composition compared with full approved development pool.
10s,4,4,date,20200623,24,0.192,108,0.216,0.024,0.12,Fold composition compared with full approved development pool.
10s,4,4,date,20200624,25,0.2,104,0.208,0.008,0.12,Fold composition compared with full approved development pool.
10s,4,4,date,20200625,7,0.056,30,0.06,0.004,0.12,Fold composition compared with full approved development pool.
10s,4,4,date,20200629,10,0.08,34,0.068,0.012,0.12,Fold composition compared with full approved development pool.
10s,4,4,date,20200714,7,0.056,25,0.05,0.006,0.12,Fold composition compared with full approved development pool.
10s,4,4,date,20200715,0,0,5,0.01,0.01,0.12,Fold composition compared with full approved development pool.
10s,4,4,date,20200727,0,0,2,0.004,0.004,0.12,Fold composition compared with full approved development pool.
10s,4,4,date,20200728,2,0.016,10,0.02,0.004,0.12,Fold composition compared with full approved development pool.
10s,4,4,date,20200810,2,0.016,7,0.014,0.002,0.12,Fold composition compared with full approved development pool.
10s,4,4,date,20200811,2,0.016,4,0.008,0.008,0.12,Fold composition compared with full approved development pool.
10s,4,4,date,20200814,3,0.024,11,0.022,0.002,0.12,Fold composition compared with full approved development pool.
10s,4,4,date,20200815,1,0.008,2,0.004,0.004,0.12,Fold composition compared with full approved development pool.
10s,4,4,date,20200818,2,0.016,7,0.014,0.002,0.12,Fold composition compared with full approved development pool.
10s,4,4,date,20200819,2,0.016,9,0.018,0.002,0.12,Fold composition compared with full approved development pool.
10s,4,4,date,20200821,0,0,4,0.008,0.008,0.12,Fold composition compared with full approved development pool.
10s,4,4,date,20200826,2,0.016,6,0.012,0.004,0.12,Fold composition compared with full approved development pool.
10s,4,4,date,20200831,1,0.008,7,0.014,0.006,0.12,Fold composition compared with full approved development pool.
10s,4,4,date,20200901,5,0.04,28,0.056,0.016,0.12,Fold composition compared with full approved development pool.
10s,4,4,date,20200904,3,0.024,3,0.006,0.018,0.12,Fold composition compared with full approved development pool.
10s,4,4,date,20200905,9,0.072,51,0.102,0.03,0.12,Fold composition compared with full approved development pool.
10s,4,4,date,20200906,6,0.048,12,0.024,0.024,0.12,Fold composition compared with full approved development pool.
10s,4,4,date,20200907,6,0.048,11,0.022,0.026,0.12,Fold composition compared with full approved development pool.
10s,4,4,date,20200922,0,0,2,0.004,0.004,0.12,Fold composition compared with full approved development pool.
10s,4,4,resolution,316x332,53,0.424,209,0.418,0.006,0.008,Fold composition compared with full approved development pool.
10s,4,4,resolution,352x332,30,0.24,124,0.248,0.008,0.008,Fold composition compared with full approved development pool.
10s,4,4,resolution,576x444,42,0.336,167,0.334,0.002,0.008,Fold composition compared with full approved development pool.
10s,4,4,object_count,1,46,0.368,176,0.352,0.016,0.016,Fold composition compared with full approved development pool.
10s,4,4,object_count,2,0,0,1,0.002,0.002,0.016,Fold composition compared with full approved development pool.
10s,4,4,object_count,3,79,0.632,323,0.646,0.014,0.016,Fold composition compared with full approved development pool.
10s,3,1,image_count,ALL,165,0.33,500,1,0.0033333333,,Image fraction compared with ideal 1/K.
10s,3,1,machine,1호기(2020.09.22),51,0.30909091,156,0.312,0.0029090909,0.0053939394,Fold composition compared with full approved development pool.
10s,3,1,machine,2호기(2020.09.22),58,0.35151515,177,0.354,0.0024848485,0.0053939394,Fold composition compared with full approved development pool.
10s,3,1,machine,3호기(2020.09.22),56,0.33939394,167,0.334,0.0053939394,0.0053939394,Fold composition compared with full approved development pool.
10s,3,1,date,20200622,5,0.03030303,18,0.036,0.0056969697,0.093454545,Fold composition compared with full approved development pool.
10s,3,1,date,20200623,36,0.21818182,108,0.216,0.0021818182,0.093454545,Fold composition compared with full approved development pool.
10s,3,1,date,20200624,31,0.18787879,104,0.208,0.020121212,0.093454545,Fold composition compared with full approved development pool.
10s,3,1,date,20200625,11,0.066666667,30,0.06,0.0066666667,0.093454545,Fold composition compared with full approved development pool.
10s,3,1,date,20200629,12,0.072727273,34,0.068,0.0047272727,0.093454545,Fold composition compared with full approved development pool.
10s,3,1,date,20200714,12,0.072727273,25,0.05,0.022727273,0.093454545,Fold composition compared with full approved development pool.
10s,3,1,date,20200715,0,0,5,0.01,0.01,0.093454545,Fold composition compared with full approved development pool.
10s,3,1,date,20200727,0,0,2,0.004,0.004,0.093454545,Fold composition compared with full approved development pool.
10s,3,1,date,20200728,4,0.024242424,10,0.02,0.0042424242,0.093454545,Fold composition compared with full approved development pool.
10s,3,1,date,20200810,3,0.018181818,7,0.014,0.0041818182,0.093454545,Fold composition compared with full approved development pool.
10s,3,1,date,20200811,0,0,4,0.008,0.008,0.093454545,Fold composition compared with full approved development pool.
10s,3,1,date,20200814,3,0.018181818,11,0.022,0.0038181818,0.093454545,Fold composition compared with full approved development pool.
10s,3,1,date,20200815,1,0.0060606061,2,0.004,0.0020606061,0.093454545,Fold composition compared with full approved development pool.
10s,3,1,date,20200818,3,0.018181818,7,0.014,0.0041818182,0.093454545,Fold composition compared with full approved development pool.
10s,3,1,date,20200819,3,0.018181818,9,0.018,0.00018181818,0.093454545,Fold composition compared with full approved development pool.
10s,3,1,date,20200821,2,0.012121212,4,0.008,0.0041212121,0.093454545,Fold composition compared with full approved development pool.
10s,3,1,date,20200826,2,0.012121212,6,0.012,0.00012121212,0.093454545,Fold composition compared with full approved development pool.
10s,3,1,date,20200831,2,0.012121212,7,0.014,0.0018787879,0.093454545,Fold composition compared with full approved development pool.
10s,3,1,date,20200901,11,0.066666667,28,0.056,0.010666667,0.093454545,Fold composition compared with full approved development pool.
10s,3,1,date,20200904,3,0.018181818,3,0.006,0.012181818,0.093454545,Fold composition compared with full approved development pool.
10s,3,1,date,20200905,18,0.10909091,51,0.102,0.0070909091,0.093454545,Fold composition compared with full approved development pool.
10s,3,1,date,20200906,1,0.0060606061,12,0.024,0.017939394,0.093454545,Fold composition compared with full approved development pool.
10s,3,1,date,20200907,0,0,11,0.022,0.022,0.093454545,Fold composition compared with full approved development pool.
10s,3,1,date,20200922,2,0.012121212,2,0.004,0.0081212121,0.093454545,Fold composition compared with full approved development pool.
10s,3,1,resolution,316x332,65,0.39393939,209,0.418,0.024060606,0.024060606,Fold composition compared with full approved development pool.
10s,3,1,resolution,352x332,44,0.26666667,124,0.248,0.018666667,0.024060606,Fold composition compared with full approved development pool.
10s,3,1,resolution,576x444,56,0.33939394,167,0.334,0.0053939394,0.024060606,Fold composition compared with full approved development pool.
10s,3,1,object_count,1,58,0.35151515,176,0.352,0.00048484848,0.0024848485,Fold composition compared with full approved development pool.
10s,3,1,object_count,2,0,0,1,0.002,0.002,0.0024848485,Fold composition compared with full approved development pool.
10s,3,1,object_count,3,107,0.64848485,323,0.646,0.0024848485,0.0024848485,Fold composition compared with full approved development pool.
10s,3,2,image_count,ALL,165,0.33,500,1,0.0033333333,,Image fraction compared with ideal 1/K.
10s,3,2,machine,1호기(2020.09.22),48,0.29090909,156,0.312,0.021090909,0.021090909,Fold composition compared with full approved development pool.
10s,3,2,machine,2호기(2020.09.22),61,0.36969697,177,0.354,0.01569697,0.021090909,Fold composition compared with full approved development pool.
10s,3,2,machine,3호기(2020.09.22),56,0.33939394,167,0.334,0.0053939394,0.021090909,Fold composition compared with full approved development pool.
10s,3,2,date,20200622,6,0.036363636,18,0.036,0.00036363636,0.12115152,Fold composition compared with full approved development pool.
10s,3,2,date,20200623,41,0.24848485,108,0.216,0.032484848,0.12115152,Fold composition compared with full approved development pool.
10s,3,2,date,20200624,41,0.24848485,104,0.208,0.040484848,0.12115152,Fold composition compared with full approved development pool.
10s,3,2,date,20200625,7,0.042424242,30,0.06,0.017575758,0.12115152,Fold composition compared with full approved development pool.
10s,3,2,date,20200629,6,0.036363636,34,0.068,0.031636364,0.12115152,Fold composition compared with full approved development pool.
10s,3,2,date,20200714,6,0.036363636,25,0.05,0.013636364,0.12115152,Fold composition compared with full approved development pool.
10s,3,2,date,20200715,3,0.018181818,5,0.01,0.0081818182,0.12115152,Fold composition compared with full approved development pool.
10s,3,2,date,20200727,0,0,2,0.004,0.004,0.12115152,Fold composition compared with full approved development pool.
10s,3,2,date,20200728,2,0.012121212,10,0.02,0.0078787879,0.12115152,Fold composition compared with full approved development pool.
10s,3,2,date,20200810,2,0.012121212,7,0.014,0.0018787879,0.12115152,Fold composition compared with full approved development pool.
10s,3,2,date,20200811,2,0.012121212,4,0.008,0.0041212121,0.12115152,Fold composition compared with full approved development pool.
10s,3,2,date,20200814,4,0.024242424,11,0.022,0.0022424242,0.12115152,Fold composition compared with full approved development pool.
10s,3,2,date,20200815,1,0.0060606061,2,0.004,0.0020606061,0.12115152,Fold composition compared with full approved development pool.
10s,3,2,date,20200818,2,0.012121212,7,0.014,0.0018787879,0.12115152,Fold composition compared with full approved development pool.
10s,3,2,date,20200819,4,0.024242424,9,0.018,0.0062424242,0.12115152,Fold composition compared with full approved development pool.
10s,3,2,date,20200821,0,0,4,0.008,0.008,0.12115152,Fold composition compared with full approved development pool.
10s,3,2,date,20200826,2,0.012121212,6,0.012,0.00012121212,0.12115152,Fold composition compared with full approved development pool.
10s,3,2,date,20200831,3,0.018181818,7,0.014,0.0041818182,0.12115152,Fold composition compared with full approved development pool.
10s,3,2,date,20200901,7,0.042424242,28,0.056,0.013575758,0.12115152,Fold composition compared with full approved development pool.
10s,3,2,date,20200904,0,0,3,0.006,0.006,0.12115152,Fold composition compared with full approved development pool.
10s,3,2,date,20200905,15,0.090909091,51,0.102,0.011090909,0.12115152,Fold composition compared with full approved development pool.
10s,3,2,date,20200906,6,0.036363636,12,0.024,0.012363636,0.12115152,Fold composition compared with full approved development pool.
10s,3,2,date,20200907,5,0.03030303,11,0.022,0.0083030303,0.12115152,Fold composition compared with full approved development pool.
10s,3,2,date,20200922,0,0,2,0.004,0.004,0.12115152,Fold composition compared with full approved development pool.
10s,3,2,resolution,316x332,69,0.41818182,209,0.418,0.00018181818,0.0055757576,Fold composition compared with full approved development pool.
10s,3,2,resolution,352x332,40,0.24242424,124,0.248,0.0055757576,0.0055757576,Fold composition compared with full approved development pool.
10s,3,2,resolution,576x444,56,0.33939394,167,0.334,0.0053939394,0.0055757576,Fold composition compared with full approved development pool.
10s,3,2,object_count,1,55,0.33333333,176,0.352,0.018666667,0.020666667,Fold composition compared with full approved development pool.
10s,3,2,object_count,2,0,0,1,0.002,0.002,0.020666667,Fold composition compared with full approved development pool.
10s,3,2,object_count,3,110,0.66666667,323,0.646,0.020666667,0.020666667,Fold composition compared with full approved development pool.
10s,3,3,image_count,ALL,170,0.34,500,1,0.0066666667,,Image fraction compared with ideal 1/K.
10s,3,3,machine,1호기(2020.09.22),57,0.33529412,156,0.312,0.023294118,0.023294118,Fold composition compared with full approved development pool.
10s,3,3,machine,2호기(2020.09.22),58,0.34117647,177,0.354,0.012823529,0.023294118,Fold composition compared with full approved development pool.
10s,3,3,machine,3호기(2020.09.22),55,0.32352941,167,0.334,0.010470588,0.023294118,Fold composition compared with full approved development pool.
10s,3,3,date,20200622,7,0.041176471,18,0.036,0.0051764706,0.089411765,Fold composition compared with full approved development pool.
10s,3,3,date,20200623,31,0.18235294,108,0.216,0.033647059,0.089411765,Fold composition compared with full approved development pool.
10s,3,3,date,20200624,32,0.18823529,104,0.208,0.019764706,0.089411765,Fold composition compared with full approved development pool.
10s,3,3,date,20200625,12,0.070588235,30,0.06,0.010588235,0.089411765,Fold composition compared with full approved development pool.
10s,3,3,date,20200629,16,0.094117647,34,0.068,0.026117647,0.089411765,Fold composition compared with full approved development pool.
10s,3,3,date,20200714,7,0.041176471,25,0.05,0.0088235294,0.089411765,Fold composition compared with full approved development pool.
10s,3,3,date,20200715,2,0.011764706,5,0.01,0.0017647059,0.089411765,Fold composition compared with full approved development pool.
10s,3,3,date,20200727,2,0.011764706,2,0.004,0.0077647059,0.089411765,Fold composition compared with full approved development pool.
10s,3,3,date,20200728,4,0.023529412,10,0.02,0.0035294118,0.089411765,Fold composition compared with full approved development pool.
10s,3,3,date,20200810,2,0.011764706,7,0.014,0.0022352941,0.089411765,Fold composition compared with full approved development pool.
10s,3,3,date,20200811,2,0.011764706,4,0.008,0.0037647059,0.089411765,Fold composition compared with full approved development pool.
10s,3,3,date,20200814,4,0.023529412,11,0.022,0.0015294118,0.089411765,Fold composition compared with full approved development pool.
10s,3,3,date,20200815,0,0,2,0.004,0.004,0.089411765,Fold composition compared with full approved development pool.
10s,3,3,date,20200818,2,0.011764706,7,0.014,0.0022352941,0.089411765,Fold composition compared with full approved development pool.
10s,3,3,date,20200819,2,0.011764706,9,0.018,0.0062352941,0.089411765,Fold composition compared with full approved development pool.
10s,3,3,date,20200821,2,0.011764706,4,0.008,0.0037647059,0.089411765,Fold composition compared with full approved development pool.
10s,3,3,date,20200826,2,0.011764706,6,0.012,0.00023529412,0.089411765,Fold composition compared with full approved development pool.
10s,3,3,date,20200831,2,0.011764706,7,0.014,0.0022352941,0.089411765,Fold composition compared with full approved development pool.
10s,3,3,date,20200901,10,0.058823529,28,0.056,0.0028235294,0.089411765,Fold composition compared with full approved development pool.
10s,3,3,date,20200904,0,0,3,0.006,0.006,0.089411765,Fold composition compared with full approved development pool.
10s,3,3,date,20200905,18,0.10588235,51,0.102,0.0038823529,0.089411765,Fold composition compared with full approved development pool.
10s,3,3,date,20200906,5,0.029411765,12,0.024,0.0054117647,0.089411765,Fold composition compared with full approved development pool.
10s,3,3,date,20200907,6,0.035294118,11,0.022,0.013294118,0.089411765,Fold composition compared with full approved development pool.
10s,3,3,date,20200922,0,0,2,0.004,0.004,0.089411765,Fold composition compared with full approved development pool.
10s,3,3,resolution,316x332,75,0.44117647,209,0.418,0.023176471,0.023176471,Fold composition compared with full approved development pool.
10s,3,3,resolution,352x332,40,0.23529412,124,0.248,0.012705882,0.023176471,Fold composition compared with full approved development pool.
10s,3,3,resolution,576x444,55,0.32352941,167,0.334,0.010470588,0.023176471,Fold composition compared with full approved development pool.
10s,3,3,object_count,1,63,0.37058824,176,0.352,0.018588235,0.022470588,Fold composition compared with full approved development pool.
10s,3,3,object_count,2,1,0.0058823529,1,0.002,0.0038823529,0.022470588,Fold composition compared with full approved development pool.
10s,3,3,object_count,3,106,0.62352941,323,0.646,0.022470588,0.022470588,Fold composition compared with full approved development pool.
