stem,fold_id,partition,small_low_object_present,base_occurrences,extra_occurrences,total_occurrences,oversampling_mode,oversampling_rule,frozen_fold_sha256
001_20200622_203305(8),2,train,True,1,1,2,small_low_2x,"Within the training partition only, duplicate once each image containing at least one GT object with bbox_min_side_px <= 8 and absolute_median_difference <= 4. Validation images are never duplicated.",963116078893679b859c2d5150a1ba90700ad207c54ae385a1b6acac255b98a8
001_20200622_203309(1),2,train,True,1,1,2,small_low_2x,"Within the training partition only, duplicate once each image containing at least one GT object with bbox_min_side_px <= 8 and absolute_median_difference <= 4. Validation images are never duplicated.",963116078893679b859c2d5150a1ba90700ad207c54ae385a1b6acac255b98a8
001_20200622_203312(6),2,train,False,1,0,1,small_low_2x,"Within the training partition only, duplicate once each image containing at least one GT object with bbox_min_side_px <= 8 and absolute_median_difference <= 4. Validation images are never duplicated.",963116078893679b859c2d5150a1ba90700ad207c54ae385a1b6acac255b98a8
001_20200622_203316(0),2,train,True,1,1,2,small_low_2x,"Within the training partition only, duplicate once each image containing at least one GT object with bbox_min_side_px <= 8 and absolute_median_difference <= 4. Validation images are never duplicated.",963116078893679b859c2d5150a1ba90700ad207c54ae385a1b6acac255b98a8
001_20200622_203319(4),2,train,False,1,0,1,small_low_2x,"Within the training partition only, duplicate once each image containing at least one GT object with bbox_min_side_px <= 8 and absolute_median_difference <= 4. Validation images are never duplicated.",963116078893679b859c2d5150a1ba90700ad207c54ae385a1b6acac255b98a8
001_20200623_043227(1),4,train,False,1,0,1,small_low_2x,"Within the training partition only, duplicate once each image containing at least one GT object with bbox_min_side_px <= 8 and absolute_median_difference <= 4. Validation images are never duplicated.",963116078893679b859c2d5150a1ba90700ad207c54ae385a1b6acac255b98a8
001_20200623_043231(6),4,train,False,1,0,1,small_low_2x,"Within the training partition only, duplicate once each image containing at least one GT object with bbox_min_side_px <= 8 and absolute_median_difference <= 4. Validation images are never duplicated.",963116078893679b859c2d5150a1ba90700ad207c54ae385a1b6acac255b98a8
001_20200623_043236(1),4,train,False,1,0,1,small_low_2x,"Within the training partition only, duplicate once each image containing at least one GT object with bbox_min_side_px <= 8 and absolute_median_difference <= 4. Validation images are never duplicated.",963116078893679b859c2d5150a1ba90700ad207c54ae385a1b6acac255b98a8
001_20200623_043240(6),4,train,False,1,0,1,small_low_2x,"Within the training partition only, duplicate once each image containing at least one GT object with bbox_min_side_px <= 8 and absolute_median_difference <= 4. Validation images are never duplicated.",963116078893679b859c2d5150a1ba90700ad207c54ae385a1b6acac255b98a8
001_20200623_043245(2),4,train,False,1,0,1,small_low_2x,"Within the training partition only, duplicate once each image containing at least one GT object with bbox_min_side_px <= 8 and absolute_median_difference <= 4. Validation images are never duplicated.",963116078893679b859c2d5150a1ba90700ad207c54ae385a1b6acac255b98a8
001_20200623_043249(6),4,train,False,1,0,1,small_low_2x,"Within the training partition only, duplicate once each image containing at least one GT object with bbox_min_side_px <= 8 and absolute_median_difference <= 4. Validation images are never duplicated.",963116078893679b859c2d5150a1ba90700ad207c54ae385a1b6acac255b98a8
001_20200623_123214(3),3,train,False,1,0,1,small_low_2x,"Within the training partition only, duplicate once each image containing at least one GT object with bbox_min_side_px <= 8 and absolute_median_difference <= 4. Validation images are never duplicated.",963116078893679b859c2d5150a1ba90700ad207c54ae385a1b6acac255b98a8
001_20200623_123223(3),3,train,False,1,0,1,small_low_2x,"Within the training partition only, duplicate once each image containing at least one GT object with bbox_min_side_px <= 8 and absolute_median_difference <= 4. Validation images are never duplicated.",963116078893679b859c2d5150a1ba90700ad207c54ae385a1b6acac255b98a8
001_20200623_123232(3),3,train,False,1,0,1,small_low_2x,"Within the training partition only, duplicate once each image containing at least one GT object with bbox_min_side_px <= 8 and absolute_median_difference <= 4. Validation images are never duplicated.",963116078893679b859c2d5150a1ba90700ad207c54ae385a1b6acac255b98a8
001_20200623_123236(9),3,train,True,1,1,2,small_low_2x,"Within the training partition only, duplicate once each image containing at least one GT object with bbox_min_side_px <= 8 and absolute_median_difference <= 4. Validation images are never duplicated.",963116078893679b859c2d5150a1ba90700ad207c54ae385a1b6acac255b98a8
001_20200623_123241(3),3,train,False,1,0,1,small_low_2x,"Within the training partition only, duplicate once each image containing at least one GT object with bbox_min_side_px <= 8 and absolute_median_difference <= 4. Validation images are never duplicated.",963116078893679b859c2d5150a1ba90700ad207c54ae385a1b6acac255b98a8
001_20200623_123245(8),3,train,False,1,0,1,small_low_2x,"Within the training partition only, duplicate once each image containing at least one GT object with bbox_min_side_px <= 8 and absolute_median_difference <= 4. Validation images are never duplicated.",963116078893679b859c2d5150a1ba90700ad207c54ae385a1b6acac255b98a8
001_20200623_163159(5),4,train,False,1,0,1,small_low_2x,"Within the training partition only, duplicate once each image containing at least one GT object with bbox_min_side_px <= 8 and absolute_median_difference <= 4. Validation images are never duplicated.",963116078893679b859c2d5150a1ba90700ad207c54ae385a1b6acac255b98a8
001_20200623_163209(3),4,train,False,1,0,1,small_low_2x,"Within the training partition only, duplicate once each image containing at least one GT object with bbox_min_side_px <= 8 and absolute_median_difference <= 4. Validation images are never duplicated.",963116078893679b859c2d5150a1ba90700ad207c54ae385a1b6acac255b98a8
001_20200623_163212(9),4,train,False,1,0,1,small_low_2x,"Within the training partition only, duplicate once each image containing at least one GT object with bbox_min_side_px <= 8 and absolute_median_difference <= 4. Validation images are never duplicated.",963116078893679b859c2d5150a1ba90700ad207c54ae385a1b6acac255b98a8
001_20200623_163216(2),4,train,False,1,0,1,small_low_2x,"Within the training partition only, duplicate once each image containing at least one GT object with bbox_min_side_px <= 8 and absolute_median_difference <= 4. Validation images are never duplicated.",963116078893679b859c2d5150a1ba90700ad207c54ae385a1b6acac255b98a8
001_20200623_163219(5),4,train,False,1,0,1,small_low_2x,"Within the training partition only, duplicate once each image containing at least one GT object with bbox_min_side_px <= 8 and absolute_median_difference <= 4. Validation images are never duplicated.",963116078893679b859c2d5150a1ba90700ad207c54ae385a1b6acac255b98a8
001_20200623_163222(9),4,train,False,1,0,1,small_low_2x,"Within the training partition only, duplicate once each image containing at least one GT object with bbox_min_side_px <= 8 and absolute_median_difference <= 4. Validation images are never duplicated.",963116078893679b859c2d5150a1ba90700ad207c54ae385a1b6acac255b98a8
001_20200623_203217(4),3,train,False,1,0,1,small_low_2x,"Within the training partition only, duplicate once each image containing at least one GT object with bbox_min_side_px <= 8 and absolute_median_difference <= 4. Validation images are never duplicated.",963116078893679b859c2d5150a1ba90700ad207c54ae385a1b6acac255b98a8
001_20200623_203222(0),3,train,False,1,0,1,small_low_2x,"Within the training partition only, duplicate once each image containing at least one GT object with bbox_min_side_px <= 8 and absolute_median_difference <= 4. Validation images are never duplicated.",963116078893679b859c2d5150a1ba90700ad207c54ae385a1b6acac255b98a8
001_20200623_203226(3),3,train,False,1,0,1,small_low_2x,"Within the training partition only, duplicate once each image containing at least one GT object with bbox_min_side_px <= 8 and absolute_median_difference <= 4. Validation images are never duplicated.",963116078893679b859c2d5150a1ba90700ad207c54ae385a1b6acac255b98a8
001_20200623_203230(9),3,train,False,1,0,1,small_low_2x,"Within the training partition only, duplicate once each image containing at least one GT object with bbox_min_side_px <= 8 and absolute_median_difference <= 4. Validation images are never duplicated.",963116078893679b859c2d5150a1ba90700ad207c54ae385a1b6acac255b98a8
001_20200623_203235(3),3,train,False,1,0,1,small_low_2x,"Within the training partition only, duplicate once each image containing at least one GT object with bbox_min_side_px <= 8 and absolute_median_difference <= 4. Validation images are never duplicated.",963116078893679b859c2d5150a1ba90700ad207c54ae385a1b6acac255b98a8
001_20200623_203247(5),2,train,False,1,0,1,small_low_2x,"Within the training partition only, duplicate once each image containing at least one GT object with bbox_min_side_px <= 8 and absolute_median_difference <= 4. Validation images are never duplicated.",963116078893679b859c2d5150a1ba90700ad207c54ae385a1b6acac255b98a8
001_20200624_003240(4),2,train,False,1,0,1,small_low_2x,"Within the training partition only, duplicate once each image containing at least one GT object with bbox_min_side_px <= 8 and absolute_median_difference <= 4. Validation images are never duplicated.",963116078893679b859c2d5150a1ba90700ad207c54ae385a1b6acac255b98a8
001_20200624_003244(2),2,train,False,1,0,1,small_low_2x,"Within the training partition only, duplicate once each image containing at least one GT object with bbox_min_side_px <= 8 and absolute_median_difference <= 4. Validation images are never duplicated.",963116078893679b859c2d5150a1ba90700ad207c54ae385a1b6acac255b98a8
001_20200624_003247(7),2,train,False,1,0,1,small_low_2x,"Within the training partition only, duplicate once each image containing at least one GT object with bbox_min_side_px <= 8 and absolute_median_difference <= 4. Validation images are never duplicated.",963116078893679b859c2d5150a1ba90700ad207c54ae385a1b6acac255b98a8
001_20200624_003251(1),2,train,False,1,0,1,small_low_2x,"Within the training partition only, duplicate once each image containing at least one GT object with bbox_min_side_px <= 8 and absolute_median_difference <= 4. Validation images are never duplicated.",963116078893679b859c2d5150a1ba90700ad207c54ae385a1b6acac255b98a8
001_20200624_003254(3),2,train,False,1,0,1,small_low_2x,"Within the training partition only, duplicate once each image containing at least one GT object with bbox_min_side_px <= 8 and absolute_median_difference <= 4. Validation images are never duplicated.",963116078893679b859c2d5150a1ba90700ad207c54ae385a1b6acac255b98a8
001_20200624_003303(5),2,train,False,1,0,1,small_low_2x,"Within the training partition only, duplicate once each image containing at least one GT object with bbox_min_side_px <= 8 and absolute_median_difference <= 4. Validation images are never duplicated.",963116078893679b859c2d5150a1ba90700ad207c54ae385a1b6acac255b98a8
001_20200624_043349(7),3,train,False,1,0,1,small_low_2x,"Within the training partition only, duplicate once each image containing at least one GT object with bbox_min_side_px <= 8 and absolute_median_difference <= 4. Validation images are never duplicated.",963116078893679b859c2d5150a1ba90700ad207c54ae385a1b6acac255b98a8
001_20200624_123313(4),4,train,False,1,0,1,small_low_2x,"Within the training partition only, duplicate once each image containing at least one GT object with bbox_min_side_px <= 8 and absolute_median_difference <= 4. Validation images are never duplicated.",963116078893679b859c2d5150a1ba90700ad207c54ae385a1b6acac255b98a8
001_20200624_123317(8),4,train,False,1,0,1,small_low_2x,"Within the training partition only, duplicate once each image containing at least one GT object with bbox_min_side_px <= 8 and absolute_median_difference <= 4. Validation images are never duplicated.",963116078893679b859c2d5150a1ba90700ad207c54ae385a1b6acac255b98a8
001_20200624_123322(3),4,train,False,1,0,1,small_low_2x,"Within the training partition only, duplicate once each image containing at least one GT object with bbox_min_side_px <= 8 and absolute_median_difference <= 4. Validation images are never duplicated.",963116078893679b859c2d5150a1ba90700ad207c54ae385a1b6acac255b98a8
001_20200624_123326(6),4,train,False,1,0,1,small_low_2x,"Within the training partition only, duplicate once each image containing at least one GT object with bbox_min_side_px <= 8 and absolute_median_difference <= 4. Validation images are never duplicated.",963116078893679b859c2d5150a1ba90700ad207c54ae385a1b6acac255b98a8
001_20200624_123331(2),4,train,False,1,0,1,small_low_2x,"Within the training partition only, duplicate once each image containing at least one GT object with bbox_min_side_px <= 8 and absolute_median_difference <= 4. Validation images are never duplicated.",963116078893679b859c2d5150a1ba90700ad207c54ae385a1b6acac255b98a8
001_20200624_123335(6),4,train,False,1,0,1,small_low_2x,"Within the training partition only, duplicate once each image containing at least one GT object with bbox_min_side_px <= 8 and absolute_median_difference <= 4. Validation images are never duplicated.",963116078893679b859c2d5150a1ba90700ad207c54ae385a1b6acac255b98a8
001_20200624_162816(3),2,train,False,1,0,1,small_low_2x,"Within the training partition only, duplicate once each image containing at least one GT object with bbox_min_side_px <= 8 and absolute_median_difference <= 4. Validation images are never duplicated.",963116078893679b859c2d5150a1ba90700ad207c54ae385a1b6acac255b98a8
001_20200624_162821(2),2,train,False,1,0,1,small_low_2x,"Within the training partition only, duplicate once each image containing at least one GT object with bbox_min_side_px <= 8 and absolute_median_difference <= 4. Validation images are never duplicated.",963116078893679b859c2d5150a1ba90700ad207c54ae385a1b6acac255b98a8
001_20200624_162831(2),2,train,False,1,0,1,small_low_2x,"Within the training partition only, duplicate once each image containing at least one GT object with bbox_min_side_px <= 8 and absolute_median_difference <= 4. Validation images are never duplicated.",963116078893679b859c2d5150a1ba90700ad207c54ae385a1b6acac255b98a8
001_20200624_162835(8),2,train,False,1,0,1,small_low_2x,"Within the training partition only, duplicate once each image containing at least one GT object with bbox_min_side_px <= 8 and absolute_median_difference <= 4. Validation images are never duplicated.",963116078893679b859c2d5150a1ba90700ad207c54ae385a1b6acac255b98a8
001_20200624_203149(7),4,train,False,1,0,1,small_low_2x,"Within the training partition only, duplicate once each image containing at least one GT object with bbox_min_side_px <= 8 and absolute_median_difference <= 4. Validation images are never duplicated.",963116078893679b859c2d5150a1ba90700ad207c54ae385a1b6acac255b98a8
001_20200624_203154(3),4,train,False,1,0,1,small_low_2x,"Within the training partition only, duplicate once each image containing at least one GT object with bbox_min_side_px <= 8 and absolute_median_difference <= 4. Validation images are never duplicated.",963116078893679b859c2d5150a1ba90700ad207c54ae385a1b6acac255b98a8
001_20200624_203203(1),4,train,False,1,0,1,small_low_2x,"Within the training partition only, duplicate once each image containing at least one GT object with bbox_min_side_px <= 8 and absolute_median_difference <= 4. Validation images are never duplicated.",963116078893679b859c2d5150a1ba90700ad207c54ae385a1b6acac255b98a8
001_20200624_203207(8),4,train,False,1,0,1,small_low_2x,"Within the training partition only, duplicate once each image containing at least one GT object with bbox_min_side_px <= 8 and absolute_median_difference <= 4. Validation images are never duplicated.",963116078893679b859c2d5150a1ba90700ad207c54ae385a1b6acac255b98a8
001_20200624_203212(2),4,train,False,1,0,1,small_low_2x,"Within the training partition only, duplicate once each image containing at least one GT object with bbox_min_side_px <= 8 and absolute_median_difference <= 4. Validation images are never duplicated.",963116078893679b859c2d5150a1ba90700ad207c54ae385a1b6acac255b98a8
001_20200624_203225(8),4,train,True,1,1,2,small_low_2x,"Within the training partition only, duplicate once each image containing at least one GT object with bbox_min_side_px <= 8 and absolute_median_difference <= 4. Validation images are never duplicated.",963116078893679b859c2d5150a1ba90700ad207c54ae385a1b6acac255b98a8
001_20200625_003507(0),2,train,False,1,0,1,small_low_2x,"Within the training partition only, duplicate once each image containing at least one GT object with bbox_min_side_px <= 8 and absolute_median_difference <= 4. Validation images are never duplicated.",963116078893679b859c2d5150a1ba90700ad207c54ae385a1b6acac255b98a8
001_20200625_003511(4),2,train,False,1,0,1,small_low_2x,"Within the training partition only, duplicate once each image containing at least one GT object with bbox_min_side_px <= 8 and absolute_median_difference <= 4. Validation images are never duplicated.",963116078893679b859c2d5150a1ba90700ad207c54ae385a1b6acac255b98a8
001_20200625_003515(9),2,train,False,1,0,1,small_low_2x,"Within the training partition only, duplicate once each image containing at least one GT object with bbox_min_side_px <= 8 and absolute_median_difference <= 4. Validation images are never duplicated.",963116078893679b859c2d5150a1ba90700ad207c54ae385a1b6acac255b98a8
001_20200625_003520(4),2,train,False,1,0,1,small_low_2x,"Within the training partition only, duplicate once each image containing at least one GT object with bbox_min_side_px <= 8 and absolute_median_difference <= 4. Validation images are never duplicated.",963116078893679b859c2d5150a1ba90700ad207c54ae385a1b6acac255b98a8
001_20200625_003524(9),2,train,False,1,0,1,small_low_2x,"Within the training partition only, duplicate once each image containing at least one GT object with bbox_min_side_px <= 8 and absolute_median_difference <= 4. Validation images are never duplicated.",963116078893679b859c2d5150a1ba90700ad207c54ae385a1b6acac255b98a8
001_20200625_003529(2),2,train,False,1,0,1,small_low_2x,"Within the training partition only, duplicate once each image containing at least one GT object with bbox_min_side_px <= 8 and absolute_median_difference <= 4. Validation images are never duplicated.",963116078893679b859c2d5150a1ba90700ad207c54ae385a1b6acac255b98a8
001_20200625_043323(7),3,train,False,1,0,1,small_low_2x,"Within the training partition only, duplicate once each image containing at least one GT object with bbox_min_side_px <= 8 and absolute_median_difference <= 4. Validation images are never duplicated.",963116078893679b859c2d5150a1ba90700ad207c54ae385a1b6acac255b98a8
001_20200625_043328(3),3,train,False,1,0,1,small_low_2x,"Within the training partition only, duplicate once each image containing at least one GT object with bbox_min_side_px <= 8 and absolute_median_difference <= 4. Validation images are never duplicated.",963116078893679b859c2d5150a1ba90700ad207c54ae385a1b6acac255b98a8
001_20200625_043337(3),3,train,False,1,0,1,small_low_2x,"Within the training partition only, duplicate once each image containing at least one GT object with bbox_min_side_px <= 8 and absolute_median_difference <= 4. Validation images are never duplicated.",963116078893679b859c2d5150a1ba90700ad207c54ae385a1b6acac255b98a8
001_20200625_043341(7),3,train,False,1,0,1,small_low_2x,"Within the training partition only, duplicate once each image containing at least one GT object with bbox_min_side_px <= 8 and absolute_median_difference <= 4. Validation images are never duplicated.",963116078893679b859c2d5150a1ba90700ad207c54ae385a1b6acac255b98a8
001_20200625_043346(2),3,train,True,1,1,2,small_low_2x,"Within the training partition only, duplicate once each image containing at least one GT object with bbox_min_side_px <= 8 and absolute_median_difference <= 4. Validation images are never duplicated.",963116078893679b859c2d5150a1ba90700ad207c54ae385a1b6acac255b98a8
001_20200625_043359(8),4,train,False,1,0,1,small_low_2x,"Within the training partition only, duplicate once each image containing at least one GT object with bbox_min_side_px <= 8 and absolute_median_difference <= 4. Validation images are never duplicated.",963116078893679b859c2d5150a1ba90700ad207c54ae385a1b6acac255b98a8
001_20200629_082825(1),3,train,False,1,0,1,small_low_2x,"Within the training partition only, duplicate once each image containing at least one GT object with bbox_min_side_px <= 8 and absolute_median_difference <= 4. Validation images are never duplicated.",963116078893679b859c2d5150a1ba90700ad207c54ae385a1b6acac255b98a8
001_20200629_082828(0),3,train,False,1,0,1,small_low_2x,"Within the training partition only, duplicate once each image containing at least one GT object with bbox_min_side_px <= 8 and absolute_median_difference <= 4. Validation images are never duplicated.",963116078893679b859c2d5150a1ba90700ad207c54ae385a1b6acac255b98a8
001_20200629_082831(0),3,train,False,1,0,1,small_low_2x,"Within the training partition only, duplicate once each image containing at least one GT object with bbox_min_side_px <= 8 and absolute_median_difference <= 4. Validation images are never duplicated.",963116078893679b859c2d5150a1ba90700ad207c54ae385a1b6acac255b98a8
001_20200629_082834(2),3,train,False,1,0,1,small_low_2x,"Within the training partition only, duplicate once each image containing at least one GT object with bbox_min_side_px <= 8 and absolute_median_difference <= 4. Validation images are never duplicated.",963116078893679b859c2d5150a1ba90700ad207c54ae385a1b6acac255b98a8
001_20200629_082837(2),3,train,False,1,0,1,small_low_2x,"Within the training partition only, duplicate once each image containing at least one GT object with bbox_min_side_px <= 8 and absolute_median_difference <= 4. Validation images are never duplicated.",963116078893679b859c2d5150a1ba90700ad207c54ae385a1b6acac255b98a8
001_20200629_082840(2),3,train,False,1,0,1,small_low_2x,"Within the training partition only, duplicate once each image containing at least one GT object with bbox_min_side_px <= 8 and absolute_median_difference <= 4. Validation images are never duplicated.",963116078893679b859c2d5150a1ba90700ad207c54ae385a1b6acac255b98a8
001_20200629_082905(4),2,train,False,1,0,1,small_low_2x,"Within the training partition only, duplicate once each image containing at least one GT object with bbox_min_side_px <= 8 and absolute_median_difference <= 4. Validation images are never duplicated.",963116078893679b859c2d5150a1ba90700ad207c54ae385a1b6acac255b98a8
001_20200629_123107(1),2,train,False,1,0,1,small_low_2x,"Within the training partition only, duplicate once each image containing at least one GT object with bbox_min_side_px <= 8 and absolute_median_difference <= 4. Validation images are never duplicated.",963116078893679b859c2d5150a1ba90700ad207c54ae385a1b6acac255b98a8
001_20200629_123111(6),2,train,False,1,0,1,small_low_2x,"Within the training partition only, duplicate once each image containing at least one GT object with bbox_min_side_px <= 8 and absolute_median_difference <= 4. Validation images are never duplicated.",963116078893679b859c2d5150a1ba90700ad207c54ae385a1b6acac255b98a8
001_20200629_123116(1),2,train,False,1,0,1,small_low_2x,"Within the training partition only, duplicate once each image containing at least one GT object with bbox_min_side_px <= 8 and absolute_median_difference <= 4. Validation images are never duplicated.",963116078893679b859c2d5150a1ba90700ad207c54ae385a1b6acac255b98a8
001_20200629_123120(6),2,train,False,1,0,1,small_low_2x,"Within the training partition only, duplicate once each image containing at least one GT object with bbox_min_side_px <= 8 and absolute_median_difference <= 4. Validation images are never duplicated.",963116078893679b859c2d5150a1ba90700ad207c54ae385a1b6acac255b98a8
001_20200629_123125(2),2,train,False,1,0,1,small_low_2x,"Within the training partition only, duplicate once each image containing at least one GT object with bbox_min_side_px <= 8 and absolute_median_difference <= 4. Validation images are never duplicated.",963116078893679b859c2d5150a1ba90700ad207c54ae385a1b6acac255b98a8
001_20200728_014351(3),2,train,False,1,0,1,small_low_2x,"Within the training partition only, duplicate once each image containing at least one GT object with bbox_min_side_px <= 8 and absolute_median_difference <= 4. Validation images are never duplicated.",963116078893679b859c2d5150a1ba90700ad207c54ae385a1b6acac255b98a8
001_20200728_014355(2),2,train,False,1,0,1,small_low_2x,"Within the training partition only, duplicate once each image containing at least one GT object with bbox_min_side_px <= 8 and absolute_median_difference <= 4. Validation images are never duplicated.",963116078893679b859c2d5150a1ba90700ad207c54ae385a1b6acac255b98a8
001_20200728_043138(3),3,train,False,1,0,1,small_low_2x,"Within the training partition only, duplicate once each image containing at least one GT object with bbox_min_side_px <= 8 and absolute_median_difference <= 4. Validation images are never duplicated.",963116078893679b859c2d5150a1ba90700ad207c54ae385a1b6acac255b98a8
001_20200728_043141(5),3,train,False,1,0,1,small_low_2x,"Within the training partition only, duplicate once each image containing at least one GT object with bbox_min_side_px <= 8 and absolute_median_difference <= 4. Validation images are never duplicated.",963116078893679b859c2d5150a1ba90700ad207c54ae385a1b6acac255b98a8
001_20200728_083108(2),4,train,False,1,0,1,small_low_2x,"Within the training partition only, duplicate once each image containing at least one GT object with bbox_min_side_px <= 8 and absolute_median_difference <= 4. Validation images are never duplicated.",963116078893679b859c2d5150a1ba90700ad207c54ae385a1b6acac255b98a8
001_20200728_083116(1),4,train,False,1,0,1,small_low_2x,"Within the training partition only, duplicate once each image containing at least one GT object with bbox_min_side_px <= 8 and absolute_median_difference <= 4. Validation images are never duplicated.",963116078893679b859c2d5150a1ba90700ad207c54ae385a1b6acac255b98a8
001_20200728_163910(5),3,train,False,1,0,1,small_low_2x,"Within the training partition only, duplicate once each image containing at least one GT object with bbox_min_side_px <= 8 and absolute_median_difference <= 4. Validation images are never duplicated.",963116078893679b859c2d5150a1ba90700ad207c54ae385a1b6acac255b98a8
001_20200728_163913(6),3,train,False,1,0,1,small_low_2x,"Within the training partition only, duplicate once each image containing at least one GT object with bbox_min_side_px <= 8 and absolute_median_difference <= 4. Validation images are never duplicated.",963116078893679b859c2d5150a1ba90700ad207c54ae385a1b6acac255b98a8
001_20200810_085043(8),3,train,False,1,0,1,small_low_2x,"Within the training partition only, duplicate once each image containing at least one GT object with bbox_min_side_px <= 8 and absolute_median_difference <= 4. Validation images are never duplicated.",963116078893679b859c2d5150a1ba90700ad207c54ae385a1b6acac255b98a8
001_20200810_123047(8),4,train,False,1,0,1,small_low_2x,"Within the training partition only, duplicate once each image containing at least one GT object with bbox_min_side_px <= 8 and absolute_median_difference <= 4. Validation images are never duplicated.",963116078893679b859c2d5150a1ba90700ad207c54ae385a1b6acac255b98a8
001_20200810_123051(3),4,train,False,1,0,1,small_low_2x,"Within the training partition only, duplicate once each image containing at least one GT object with bbox_min_side_px <= 8 and absolute_median_difference <= 4. Validation images are never duplicated.",963116078893679b859c2d5150a1ba90700ad207c54ae385a1b6acac255b98a8
001_20200810_163112(8),2,train,False,1,0,1,small_low_2x,"Within the training partition only, duplicate once each image containing at least one GT object with bbox_min_side_px <= 8 and absolute_median_difference <= 4. Validation images are never duplicated.",963116078893679b859c2d5150a1ba90700ad207c54ae385a1b6acac255b98a8
001_20200810_163116(0),2,train,False,1,0,1,small_low_2x,"Within the training partition only, duplicate once each image containing at least one GT object with bbox_min_side_px <= 8 and absolute_median_difference <= 4. Validation images are never duplicated.",963116078893679b859c2d5150a1ba90700ad207c54ae385a1b6acac255b98a8
001_20200811_003323(2),4,train,False,1,0,1,small_low_2x,"Within the training partition only, duplicate once each image containing at least one GT object with bbox_min_side_px <= 8 and absolute_median_difference <= 4. Validation images are never duplicated.",963116078893679b859c2d5150a1ba90700ad207c54ae385a1b6acac255b98a8
001_20200811_003327(0),4,train,False,1,0,1,small_low_2x,"Within the training partition only, duplicate once each image containing at least one GT object with bbox_min_side_px <= 8 and absolute_median_difference <= 4. Validation images are never duplicated.",963116078893679b859c2d5150a1ba90700ad207c54ae385a1b6acac255b98a8
001_20200814_033012(7),2,train,False,1,0,1,small_low_2x,"Within the training partition only, duplicate once each image containing at least one GT object with bbox_min_side_px <= 8 and absolute_median_difference <= 4. Validation images are never duplicated.",963116078893679b859c2d5150a1ba90700ad207c54ae385a1b6acac255b98a8
001_20200814_033016(6),2,train,False,1,0,1,small_low_2x,"Within the training partition only, duplicate once each image containing at least one GT object with bbox_min_side_px <= 8 and absolute_median_difference <= 4. Validation images are never duplicated.",963116078893679b859c2d5150a1ba90700ad207c54ae385a1b6acac255b98a8
001_20200814_043321(6),4,train,False,1,0,1,small_low_2x,"Within the training partition only, duplicate once each image containing at least one GT object with bbox_min_side_px <= 8 and absolute_median_difference <= 4. Validation images are never duplicated.",963116078893679b859c2d5150a1ba90700ad207c54ae385a1b6acac255b98a8
001_20200814_083045(8),4,train,False,1,0,1,small_low_2x,"Within the training partition only, duplicate once each image containing at least one GT object with bbox_min_side_px <= 8 and absolute_median_difference <= 4. Validation images are never duplicated.",963116078893679b859c2d5150a1ba90700ad207c54ae385a1b6acac255b98a8
001_20200814_083051(9),4,train,False,1,0,1,small_low_2x,"Within the training partition only, duplicate once each image containing at least one GT object with bbox_min_side_px <= 8 and absolute_median_difference <= 4. Validation images are never duplicated.",963116078893679b859c2d5150a1ba90700ad207c54ae385a1b6acac255b98a8
001_20200814_123136(2),3,train,False,1,0,1,small_low_2x,"Within the training partition only, duplicate once each image containing at least one GT object with bbox_min_side_px <= 8 and absolute_median_difference <= 4. Validation images are never duplicated.",963116078893679b859c2d5150a1ba90700ad207c54ae385a1b6acac255b98a8
001_20200814_123143(5),3,train,False,1,0,1,small_low_2x,"Within the training partition only, duplicate once each image containing at least one GT object with bbox_min_side_px <= 8 and absolute_median_difference <= 4. Validation images are never duplicated.",963116078893679b859c2d5150a1ba90700ad207c54ae385a1b6acac255b98a8
001_20200814_203438(9),2,train,False,1,0,1,small_low_2x,"Within the training partition only, duplicate once each image containing at least one GT object with bbox_min_side_px <= 8 and absolute_median_difference <= 4. Validation images are never duplicated.",963116078893679b859c2d5150a1ba90700ad207c54ae385a1b6acac255b98a8
001_20200814_203442(4),2,train,False,1,0,1,small_low_2x,"Within the training partition only, duplicate once each image containing at least one GT object with bbox_min_side_px <= 8 and absolute_median_difference <= 4. Validation images are never duplicated.",963116078893679b859c2d5150a1ba90700ad207c54ae385a1b6acac255b98a8
001_20200815_003438(6),4,train,False,1,0,1,small_low_2x,"Within the training partition only, duplicate once each image containing at least one GT object with bbox_min_side_px <= 8 and absolute_median_difference <= 4. Validation images are never duplicated.",963116078893679b859c2d5150a1ba90700ad207c54ae385a1b6acac255b98a8
001_20200815_003529(0),3,train,False,1,0,1,small_low_2x,"Within the training partition only, duplicate once each image containing at least one GT object with bbox_min_side_px <= 8 and absolute_median_difference <= 4. Validation images are never duplicated.",963116078893679b859c2d5150a1ba90700ad207c54ae385a1b6acac255b98a8
001_20200818_083145(2),2,train,False,1,0,1,small_low_2x,"Within the training partition only, duplicate once each image containing at least one GT object with bbox_min_side_px <= 8 and absolute_median_difference <= 4. Validation images are never duplicated.",963116078893679b859c2d5150a1ba90700ad207c54ae385a1b6acac255b98a8
001_20200818_163230(6),3,train,False,1,0,1,small_low_2x,"Within the training partition only, duplicate once each image containing at least one GT object with bbox_min_side_px <= 8 and absolute_median_difference <= 4. Validation images are never duplicated.",963116078893679b859c2d5150a1ba90700ad207c54ae385a1b6acac255b98a8
001_20200818_163233(9),3,train,False,1,0,1,small_low_2x,"Within the training partition only, duplicate once each image containing at least one GT object with bbox_min_side_px <= 8 and absolute_median_difference <= 4. Validation images are never duplicated.",963116078893679b859c2d5150a1ba90700ad207c54ae385a1b6acac255b98a8
001_20200818_203601(4),4,train,False,1,0,1,small_low_2x,"Within the training partition only, duplicate once each image containing at least one GT object with bbox_min_side_px <= 8 and absolute_median_difference <= 4. Validation images are never duplicated.",963116078893679b859c2d5150a1ba90700ad207c54ae385a1b6acac255b98a8
001_20200818_203607(4),4,train,False,1,0,1,small_low_2x,"Within the training partition only, duplicate once each image containing at least one GT object with bbox_min_side_px <= 8 and absolute_median_difference <= 4. Validation images are never duplicated.",963116078893679b859c2d5150a1ba90700ad207c54ae385a1b6acac255b98a8
001_20200819_003039(4),2,train,False,1,0,1,small_low_2x,"Within the training partition only, duplicate once each image containing at least one GT object with bbox_min_side_px <= 8 and absolute_median_difference <= 4. Validation images are never duplicated.",963116078893679b859c2d5150a1ba90700ad207c54ae385a1b6acac255b98a8
001_20200819_003044(1),2,train,False,1,0,1,small_low_2x,"Within the training partition only, duplicate once each image containing at least one GT object with bbox_min_side_px <= 8 and absolute_median_difference <= 4. Validation images are never duplicated.",963116078893679b859c2d5150a1ba90700ad207c54ae385a1b6acac255b98a8
001_20200819_043209(9),3,train,False,1,0,1,small_low_2x,"Within the training partition only, duplicate once each image containing at least one GT object with bbox_min_side_px <= 8 and absolute_median_difference <= 4. Validation images are never duplicated.",963116078893679b859c2d5150a1ba90700ad207c54ae385a1b6acac255b98a8
001_20200819_043216(0),3,train,False,1,0,1,small_low_2x,"Within the training partition only, duplicate once each image containing at least one GT object with bbox_min_side_px <= 8 and absolute_median_difference <= 4. Validation images are never duplicated.",963116078893679b859c2d5150a1ba90700ad207c54ae385a1b6acac255b98a8
001_20200819_083353(5),4,train,False,1,0,1,small_low_2x,"Within the training partition only, duplicate once each image containing at least one GT object with bbox_min_side_px <= 8 and absolute_median_difference <= 4. Validation images are never duplicated.",963116078893679b859c2d5150a1ba90700ad207c54ae385a1b6acac255b98a8
001_20200819_083401(0),4,train,False,1,0,1,small_low_2x,"Within the training partition only, duplicate once each image containing at least one GT object with bbox_min_side_px <= 8 and absolute_median_difference <= 4. Validation images are never duplicated.",963116078893679b859c2d5150a1ba90700ad207c54ae385a1b6acac255b98a8
001_20200819_162723(4),2,train,False,1,0,1,small_low_2x,"Within the training partition only, duplicate once each image containing at least one GT object with bbox_min_side_px <= 8 and absolute_median_difference <= 4. Validation images are never duplicated.",963116078893679b859c2d5150a1ba90700ad207c54ae385a1b6acac255b98a8
001_20200821_150525(5),3,train,False,1,0,1,small_low_2x,"Within the training partition only, duplicate once each image containing at least one GT object with bbox_min_side_px <= 8 and absolute_median_difference <= 4. Validation images are never duplicated.",963116078893679b859c2d5150a1ba90700ad207c54ae385a1b6acac255b98a8
001_20200821_150529(4),3,train,False,1,0,1,small_low_2x,"Within the training partition only, duplicate once each image containing at least one GT object with bbox_min_side_px <= 8 and absolute_median_difference <= 4. Validation images are never duplicated.",963116078893679b859c2d5150a1ba90700ad207c54ae385a1b6acac255b98a8
001_20200821_163349(7),2,train,False,1,0,1,small_low_2x,"Within the training partition only, duplicate once each image containing at least one GT object with bbox_min_side_px <= 8 and absolute_median_difference <= 4. Validation images are never duplicated.",963116078893679b859c2d5150a1ba90700ad207c54ae385a1b6acac255b98a8
001_20200821_163353(8),2,train,False,1,0,1,small_low_2x,"Within the training partition only, duplicate once each image containing at least one GT object with bbox_min_side_px <= 8 and absolute_median_difference <= 4. Validation images are never duplicated.",963116078893679b859c2d5150a1ba90700ad207c54ae385a1b6acac255b98a8
001_20200826_023328(3),4,train,False,1,0,1,small_low_2x,"Within the training partition only, duplicate once each image containing at least one GT object with bbox_min_side_px <= 8 and absolute_median_difference <= 4. Validation images are never duplicated.",963116078893679b859c2d5150a1ba90700ad207c54ae385a1b6acac255b98a8
001_20200826_023332(5),4,train,False,1,0,1,small_low_2x,"Within the training partition only, duplicate once each image containing at least one GT object with bbox_min_side_px <= 8 and absolute_median_difference <= 4. Validation images are never duplicated.",963116078893679b859c2d5150a1ba90700ad207c54ae385a1b6acac255b98a8
001_20200826_043252(8),3,train,False,1,0,1,small_low_2x,"Within the training partition only, duplicate once each image containing at least one GT object with bbox_min_side_px <= 8 and absolute_median_difference <= 4. Validation images are never duplicated.",963116078893679b859c2d5150a1ba90700ad207c54ae385a1b6acac255b98a8
001_20200826_043255(8),3,train,False,1,0,1,small_low_2x,"Within the training partition only, duplicate once each image containing at least one GT object with bbox_min_side_px <= 8 and absolute_median_difference <= 4. Validation images are never duplicated.",963116078893679b859c2d5150a1ba90700ad207c54ae385a1b6acac255b98a8
001_20200831_123316(5),4,train,False,1,0,1,small_low_2x,"Within the training partition only, duplicate once each image containing at least one GT object with bbox_min_side_px <= 8 and absolute_median_difference <= 4. Validation images are never duplicated.",963116078893679b859c2d5150a1ba90700ad207c54ae385a1b6acac255b98a8
001_20200922_163332(2),3,train,False,1,0,1,small_low_2x,"Within the training partition only, duplicate once each image containing at least one GT object with bbox_min_side_px <= 8 and absolute_median_difference <= 4. Validation images are never duplicated.",963116078893679b859c2d5150a1ba90700ad207c54ae385a1b6acac255b98a8
001_20200922_163335(3),3,train,False,1,0,1,small_low_2x,"Within the training partition only, duplicate once each image containing at least one GT object with bbox_min_side_px <= 8 and absolute_median_difference <= 4. Validation images are never duplicated.",963116078893679b859c2d5150a1ba90700ad207c54ae385a1b6acac255b98a8
002_20200622_203053(2),3,train,False,1,0,1,small_low_2x,"Within the training partition only, duplicate once each image containing at least one GT object with bbox_min_side_px <= 8 and absolute_median_difference <= 4. Validation images are never duplicated.",963116078893679b859c2d5150a1ba90700ad207c54ae385a1b6acac255b98a8
002_20200622_203057(3),3,train,False,1,0,1,small_low_2x,"Within the training partition only, duplicate once each image containing at least one GT object with bbox_min_side_px <= 8 and absolute_median_difference <= 4. Validation images are never duplicated.",963116078893679b859c2d5150a1ba90700ad207c54ae385a1b6acac255b98a8
002_20200622_203101(3),3,train,True,1,1,2,small_low_2x,"Within the training partition only, duplicate once each image containing at least one GT object with bbox_min_side_px <= 8 and absolute_median_difference <= 4. Validation images are never duplicated.",963116078893679b859c2d5150a1ba90700ad207c54ae385a1b6acac255b98a8
002_20200622_203105(4),3,train,True,1,1,2,small_low_2x,"Within the training partition only, duplicate once each image containing at least one GT object with bbox_min_side_px <= 8 and absolute_median_difference <= 4. Validation images are never duplicated.",963116078893679b859c2d5150a1ba90700ad207c54ae385a1b6acac255b98a8
002_20200622_203109(3),3,train,True,1,1,2,small_low_2x,"Within the training partition only, duplicate once each image containing at least one GT object with bbox_min_side_px <= 8 and absolute_median_difference <= 4. Validation images are never duplicated.",963116078893679b859c2d5150a1ba90700ad207c54ae385a1b6acac255b98a8
002_20200622_203136(3),4,train,False,1,0,1,small_low_2x,"Within the training partition only, duplicate once each image containing at least one GT object with bbox_min_side_px <= 8 and absolute_median_difference <= 4. Validation images are never duplicated.",963116078893679b859c2d5150a1ba90700ad207c54ae385a1b6acac255b98a8
002_20200622_203140(8),4,train,False,1,0,1,small_low_2x,"Within the training partition only, duplicate once each image containing at least one GT object with bbox_min_side_px <= 8 and absolute_median_difference <= 4. Validation images are never duplicated.",963116078893679b859c2d5150a1ba90700ad207c54ae385a1b6acac255b98a8
002_20200622_203145(3),4,train,False,1,0,1,small_low_2x,"Within the training partition only, duplicate once each image containing at least one GT object with bbox_min_side_px <= 8 and absolute_median_difference <= 4. Validation images are never duplicated.",963116078893679b859c2d5150a1ba90700ad207c54ae385a1b6acac255b98a8
002_20200622_203149(8),4,train,True,1,1,2,small_low_2x,"Within the training partition only, duplicate once each image containing at least one GT object with bbox_min_side_px <= 8 and absolute_median_difference <= 4. Validation images are never duplicated.",963116078893679b859c2d5150a1ba90700ad207c54ae385a1b6acac255b98a8
002_20200622_203154(3),4,train,False,1,0,1,small_low_2x,"Within the training partition only, duplicate once each image containing at least one GT object with bbox_min_side_px <= 8 and absolute_median_difference <= 4. Validation images are never duplicated.",963116078893679b859c2d5150a1ba90700ad207c54ae385a1b6acac255b98a8
002_20200622_203158(8),4,train,False,1,0,1,small_low_2x,"Within the training partition only, duplicate once each image containing at least one GT object with bbox_min_side_px <= 8 and absolute_median_difference <= 4. Validation images are never duplicated.",963116078893679b859c2d5150a1ba90700ad207c54ae385a1b6acac255b98a8
002_20200623_003346(4),2,train,False,1,0,1,small_low_2x,"Within the training partition only, duplicate once each image containing at least one GT object with bbox_min_side_px <= 8 and absolute_median_difference <= 4. Validation images are never duplicated.",963116078893679b859c2d5150a1ba90700ad207c54ae385a1b6acac255b98a8
002_20200623_003350(4),2,train,False,1,0,1,small_low_2x,"Within the training partition only, duplicate once each image containing at least one GT object with bbox_min_side_px <= 8 and absolute_median_difference <= 4. Validation images are never duplicated.",963116078893679b859c2d5150a1ba90700ad207c54ae385a1b6acac255b98a8
002_20200623_003351(2),4,train,False,1,0,1,small_low_2x,"Within the training partition only, duplicate once each image containing at least one GT object with bbox_min_side_px <= 8 and absolute_median_difference <= 4. Validation images are never duplicated.",963116078893679b859c2d5150a1ba90700ad207c54ae385a1b6acac255b98a8
002_20200623_003354(3),2,train,False,1,0,1,small_low_2x,"Within the training partition only, duplicate once each image containing at least one GT object with bbox_min_side_px <= 8 and absolute_median_difference <= 4. Validation images are never duplicated.",963116078893679b859c2d5150a1ba90700ad207c54ae385a1b6acac255b98a8
002_20200623_003355(7),4,train,False,1,0,1,small_low_2x,"Within the training partition only, duplicate once each image containing at least one GT object with bbox_min_side_px <= 8 and absolute_median_difference <= 4. Validation images are never duplicated.",963116078893679b859c2d5150a1ba90700ad207c54ae385a1b6acac255b98a8
002_20200623_003358(2),2,train,True,1,1,2,small_low_2x,"Within the training partition only, duplicate once each image containing at least one GT object with bbox_min_side_px <= 8 and absolute_median_difference <= 4. Validation images are never duplicated.",963116078893679b859c2d5150a1ba90700ad207c54ae385a1b6acac255b98a8
002_20200623_003400(2),4,train,False,1,0,1,small_low_2x,"Within the training partition only, duplicate once each image containing at least one GT object with bbox_min_side_px <= 8 and absolute_median_difference <= 4. Validation images are never duplicated.",963116078893679b859c2d5150a1ba90700ad207c54ae385a1b6acac255b98a8
002_20200623_003402(2),2,train,True,1,1,2,small_low_2x,"Within the training partition only, duplicate once each image containing at least one GT object with bbox_min_side_px <= 8 and absolute_median_difference <= 4. Validation images are never duplicated.",963116078893679b859c2d5150a1ba90700ad207c54ae385a1b6acac255b98a8
002_20200623_003404(7),4,train,False,1,0,1,small_low_2x,"Within the training partition only, duplicate once each image containing at least one GT object with bbox_min_side_px <= 8 and absolute_median_difference <= 4. Validation images are never duplicated.",963116078893679b859c2d5150a1ba90700ad207c54ae385a1b6acac255b98a8
002_20200623_003409(2),4,train,True,1,1,2,small_low_2x,"Within the training partition only, duplicate once each image containing at least one GT object with bbox_min_side_px <= 8 and absolute_median_difference <= 4. Validation images are never duplicated.",963116078893679b859c2d5150a1ba90700ad207c54ae385a1b6acac255b98a8
002_20200623_003410(2),2,train,False,1,0,1,small_low_2x,"Within the training partition only, duplicate once each image containing at least one GT object with bbox_min_side_px <= 8 and absolute_median_difference <= 4. Validation images are never duplicated.",963116078893679b859c2d5150a1ba90700ad207c54ae385a1b6acac255b98a8
002_20200623_003413(7),4,train,False,1,0,1,small_low_2x,"Within the training partition only, duplicate once each image containing at least one GT object with bbox_min_side_px <= 8 and absolute_median_difference <= 4. Validation images are never duplicated.",963116078893679b859c2d5150a1ba90700ad207c54ae385a1b6acac255b98a8
002_20200623_043039(3),4,train,False,1,0,1,small_low_2x,"Within the training partition only, duplicate once each image containing at least one GT object with bbox_min_side_px <= 8 and absolute_median_difference <= 4. Validation images are never duplicated.",963116078893679b859c2d5150a1ba90700ad207c54ae385a1b6acac255b98a8
002_20200623_043043(2),4,train,True,1,1,2,small_low_2x,"Within the training partition only, duplicate once each image containing at least one GT object with bbox_min_side_px <= 8 and absolute_median_difference <= 4. Validation images are never duplicated.",963116078893679b859c2d5150a1ba90700ad207c54ae385a1b6acac255b98a8
002_20200623_043047(2),4,train,True,1,1,2,small_low_2x,"Within the training partition only, duplicate once each image containing at least one GT object with bbox_min_side_px <= 8 and absolute_median_difference <= 4. Validation images are never duplicated.",963116078893679b859c2d5150a1ba90700ad207c54ae385a1b6acac255b98a8
002_20200623_043051(3),4,train,False,1,0,1,small_low_2x,"Within the training partition only, duplicate once each image containing at least one GT object with bbox_min_side_px <= 8 and absolute_median_difference <= 4. Validation images are never duplicated.",963116078893679b859c2d5150a1ba90700ad207c54ae385a1b6acac255b98a8
002_20200623_043055(3),4,train,False,1,0,1,small_low_2x,"Within the training partition only, duplicate once each image containing at least one GT object with bbox_min_side_px <= 8 and absolute_median_difference <= 4. Validation images are never duplicated.",963116078893679b859c2d5150a1ba90700ad207c54ae385a1b6acac255b98a8
002_20200623_043056(0),3,train,False,1,0,1,small_low_2x,"Within the training partition only, duplicate once each image containing at least one GT object with bbox_min_side_px <= 8 and absolute_median_difference <= 4. Validation images are never duplicated.",963116078893679b859c2d5150a1ba90700ad207c54ae385a1b6acac255b98a8
002_20200623_043059(4),4,train,False,1,0,1,small_low_2x,"Within the training partition only, duplicate once each image containing at least one GT object with bbox_min_side_px <= 8 and absolute_median_difference <= 4. Validation images are never duplicated.",963116078893679b859c2d5150a1ba90700ad207c54ae385a1b6acac255b98a8
002_20200623_043100(6),3,train,False,1,0,1,small_low_2x,"Within the training partition only, duplicate once each image containing at least one GT object with bbox_min_side_px <= 8 and absolute_median_difference <= 4. Validation images are never duplicated.",963116078893679b859c2d5150a1ba90700ad207c54ae385a1b6acac255b98a8
002_20200623_043105(0),3,train,False,1,0,1,small_low_2x,"Within the training partition only, duplicate once each image containing at least one GT object with bbox_min_side_px <= 8 and absolute_median_difference <= 4. Validation images are never duplicated.",963116078893679b859c2d5150a1ba90700ad207c54ae385a1b6acac255b98a8
002_20200623_043109(4),3,train,False,1,0,1,small_low_2x,"Within the training partition only, duplicate once each image containing at least one GT object with bbox_min_side_px <= 8 and absolute_median_difference <= 4. Validation images are never duplicated.",963116078893679b859c2d5150a1ba90700ad207c54ae385a1b6acac255b98a8
002_20200623_043115(4),3,train,False,1,0,1,small_low_2x,"Within the training partition only, duplicate once each image containing at least one GT object with bbox_min_side_px <= 8 and absolute_median_difference <= 4. Validation images are never duplicated.",963116078893679b859c2d5150a1ba90700ad207c54ae385a1b6acac255b98a8
002_20200623_043120(0),3,train,False,1,0,1,small_low_2x,"Within the training partition only, duplicate once each image containing at least one GT object with bbox_min_side_px <= 8 and absolute_median_difference <= 4. Validation images are never duplicated.",963116078893679b859c2d5150a1ba90700ad207c54ae385a1b6acac255b98a8
002_20200623_123032(7),3,train,True,1,1,2,small_low_2x,"Within the training partition only, duplicate once each image containing at least one GT object with bbox_min_side_px <= 8 and absolute_median_difference <= 4. Validation images are never duplicated.",963116078893679b859c2d5150a1ba90700ad207c54ae385a1b6acac255b98a8
002_20200623_123036(5),3,train,True,1,1,2,small_low_2x,"Within the training partition only, duplicate once each image containing at least one GT object with bbox_min_side_px <= 8 and absolute_median_difference <= 4. Validation images are never duplicated.",963116078893679b859c2d5150a1ba90700ad207c54ae385a1b6acac255b98a8
002_20200623_123040(5),3,train,True,1,1,2,small_low_2x,"Within the training partition only, duplicate once each image containing at least one GT object with bbox_min_side_px <= 8 and absolute_median_difference <= 4. Validation images are never duplicated.",963116078893679b859c2d5150a1ba90700ad207c54ae385a1b6acac255b98a8
002_20200623_123042(0),3,train,False,1,0,1,small_low_2x,"Within the training partition only, duplicate once each image containing at least one GT object with bbox_min_side_px <= 8 and absolute_median_difference <= 4. Validation images are never duplicated.",963116078893679b859c2d5150a1ba90700ad207c54ae385a1b6acac255b98a8
002_20200623_123044(3),3,train,False,1,0,1,small_low_2x,"Within the training partition only, duplicate once each image containing at least one GT object with bbox_min_side_px <= 8 and absolute_median_difference <= 4. Validation images are never duplicated.",963116078893679b859c2d5150a1ba90700ad207c54ae385a1b6acac255b98a8
002_20200623_123046(4),3,train,True,1,1,2,small_low_2x,"Within the training partition only, duplicate once each image containing at least one GT object with bbox_min_side_px <= 8 and absolute_median_difference <= 4. Validation images are never duplicated.",963116078893679b859c2d5150a1ba90700ad207c54ae385a1b6acac255b98a8
002_20200623_123048(4),3,train,False,1,0,1,small_low_2x,"Within the training partition only, duplicate once each image containing at least one GT object with bbox_min_side_px <= 8 and absolute_median_difference <= 4. Validation images are never duplicated.",963116078893679b859c2d5150a1ba90700ad207c54ae385a1b6acac255b98a8
002_20200623_123051(1),3,train,False,1,0,1,small_low_2x,"Within the training partition only, duplicate once each image containing at least one GT object with bbox_min_side_px <= 8 and absolute_median_difference <= 4. Validation images are never duplicated.",963116078893679b859c2d5150a1ba90700ad207c54ae385a1b6acac255b98a8
002_20200623_123052(5),3,train,True,1,1,2,small_low_2x,"Within the training partition only, duplicate once each image containing at least one GT object with bbox_min_side_px <= 8 and absolute_median_difference <= 4. Validation images are never duplicated.",963116078893679b859c2d5150a1ba90700ad207c54ae385a1b6acac255b98a8
002_20200623_123055(5),3,train,False,1,0,1,small_low_2x,"Within the training partition only, duplicate once each image containing at least one GT object with bbox_min_side_px <= 8 and absolute_median_difference <= 4. Validation images are never duplicated.",963116078893679b859c2d5150a1ba90700ad207c54ae385a1b6acac255b98a8
002_20200623_123100(0),3,train,True,1,1,2,small_low_2x,"Within the training partition only, duplicate once each image containing at least one GT object with bbox_min_side_px <= 8 and absolute_median_difference <= 4. Validation images are never duplicated.",963116078893679b859c2d5150a1ba90700ad207c54ae385a1b6acac255b98a8
002_20200623_123104(5),3,train,False,1,0,1,small_low_2x,"Within the training partition only, duplicate once each image containing at least one GT object with bbox_min_side_px <= 8 and absolute_median_difference <= 4. Validation images are never duplicated.",963116078893679b859c2d5150a1ba90700ad207c54ae385a1b6acac255b98a8
002_20200623_163020(3),2,train,False,1,0,1,small_low_2x,"Within the training partition only, duplicate once each image containing at least one GT object with bbox_min_side_px <= 8 and absolute_median_difference <= 4. Validation images are never duplicated.",963116078893679b859c2d5150a1ba90700ad207c54ae385a1b6acac255b98a8
002_20200623_163023(3),2,train,False,1,0,1,small_low_2x,"Within the training partition only, duplicate once each image containing at least one GT object with bbox_min_side_px <= 8 and absolute_median_difference <= 4. Validation images are never duplicated.",963116078893679b859c2d5150a1ba90700ad207c54ae385a1b6acac255b98a8
002_20200623_163026(3),2,train,False,1,0,1,small_low_2x,"Within the training partition only, duplicate once each image containing at least one GT object with bbox_min_side_px <= 8 and absolute_median_difference <= 4. Validation images are never duplicated.",963116078893679b859c2d5150a1ba90700ad207c54ae385a1b6acac255b98a8
002_20200623_163029(6),2,train,False,1,0,1,small_low_2x,"Within the training partition only, duplicate once each image containing at least one GT object with bbox_min_side_px <= 8 and absolute_median_difference <= 4. Validation images are never duplicated.",963116078893679b859c2d5150a1ba90700ad207c54ae385a1b6acac255b98a8
002_20200623_163032(5),2,train,True,1,1,2,small_low_2x,"Within the training partition only, duplicate once each image containing at least one GT object with bbox_min_side_px <= 8 and absolute_median_difference <= 4. Validation images are never duplicated.",963116078893679b859c2d5150a1ba90700ad207c54ae385a1b6acac255b98a8
002_20200623_163035(5),2,train,True,1,1,2,small_low_2x,"Within the training partition only, duplicate once each image containing at least one GT object with bbox_min_side_px <= 8 and absolute_median_difference <= 4. Validation images are never duplicated.",963116078893679b859c2d5150a1ba90700ad207c54ae385a1b6acac255b98a8
002_20200623_163039(5),2,train,True,1,1,2,small_low_2x,"Within the training partition only, duplicate once each image containing at least one GT object with bbox_min_side_px <= 8 and absolute_median_difference <= 4. Validation images are never duplicated.",963116078893679b859c2d5150a1ba90700ad207c54ae385a1b6acac255b98a8
002_20200623_163043(7),2,train,False,1,0,1,small_low_2x,"Within the training partition only, duplicate once each image containing at least one GT object with bbox_min_side_px <= 8 and absolute_median_difference <= 4. Validation images are never duplicated.",963116078893679b859c2d5150a1ba90700ad207c54ae385a1b6acac255b98a8
002_20200623_163047(6),2,train,True,1,1,2,small_low_2x,"Within the training partition only, duplicate once each image containing at least one GT object with bbox_min_side_px <= 8 and absolute_median_difference <= 4. Validation images are never duplicated.",963116078893679b859c2d5150a1ba90700ad207c54ae385a1b6acac255b98a8
002_20200623_163051(7),2,train,False,1,0,1,small_low_2x,"Within the training partition only, duplicate once each image containing at least one GT object with bbox_min_side_px <= 8 and absolute_median_difference <= 4. Validation images are never duplicated.",963116078893679b859c2d5150a1ba90700ad207c54ae385a1b6acac255b98a8
002_20200623_163055(6),2,train,False,1,0,1,small_low_2x,"Within the training partition only, duplicate once each image containing at least one GT object with bbox_min_side_px <= 8 and absolute_median_difference <= 4. Validation images are never duplicated.",963116078893679b859c2d5150a1ba90700ad207c54ae385a1b6acac255b98a8
002_20200623_163059(6),2,train,False,1,0,1,small_low_2x,"Within the training partition only, duplicate once each image containing at least one GT object with bbox_min_side_px <= 8 and absolute_median_difference <= 4. Validation images are never duplicated.",963116078893679b859c2d5150a1ba90700ad207c54ae385a1b6acac255b98a8
002_20200623_203033(6),3,train,False,1,0,1,small_low_2x,"Within the training partition only, duplicate once each image containing at least one GT object with bbox_min_side_px <= 8 and absolute_median_difference <= 4. Validation images are never duplicated.",963116078893679b859c2d5150a1ba90700ad207c54ae385a1b6acac255b98a8
002_20200623_203038(0),3,train,False,1,0,1,small_low_2x,"Within the training partition only, duplicate once each image containing at least one GT object with bbox_min_side_px <= 8 and absolute_median_difference <= 4. Validation images are never duplicated.",963116078893679b859c2d5150a1ba90700ad207c54ae385a1b6acac255b98a8
002_20200623_203040(4),2,train,False,1,0,1,small_low_2x,"Within the training partition only, duplicate once each image containing at least one GT object with bbox_min_side_px <= 8 and absolute_median_difference <= 4. Validation images are never duplicated.",963116078893679b859c2d5150a1ba90700ad207c54ae385a1b6acac255b98a8
002_20200623_203042(5),3,train,False,1,0,1,small_low_2x,"Within the training partition only, duplicate once each image containing at least one GT object with bbox_min_side_px <= 8 and absolute_median_difference <= 4. Validation images are never duplicated.",963116078893679b859c2d5150a1ba90700ad207c54ae385a1b6acac255b98a8
002_20200623_203044(0),2,train,False,1,0,1,small_low_2x,"Within the training partition only, duplicate once each image containing at least one GT object with bbox_min_side_px <= 8 and absolute_median_difference <= 4. Validation images are never duplicated.",963116078893679b859c2d5150a1ba90700ad207c54ae385a1b6acac255b98a8
002_20200623_203047(0),3,train,False,1,0,1,small_low_2x,"Within the training partition only, duplicate once each image containing at least one GT object with bbox_min_side_px <= 8 and absolute_median_difference <= 4. Validation images are never duplicated.",963116078893679b859c2d5150a1ba90700ad207c54ae385a1b6acac255b98a8
002_20200623_203047(7),2,train,False,1,0,1,small_low_2x,"Within the training partition only, duplicate once each image containing at least one GT object with bbox_min_side_px <= 8 and absolute_median_difference <= 4. Validation images are never duplicated.",963116078893679b859c2d5150a1ba90700ad207c54ae385a1b6acac255b98a8
002_20200623_203050(0),3,train,False,1,0,1,small_low_2x,"Within the training partition only, duplicate once each image containing at least one GT object with bbox_min_side_px <= 8 and absolute_median_difference <= 4. Validation images are never duplicated.",963116078893679b859c2d5150a1ba90700ad207c54ae385a1b6acac255b98a8
002_20200623_203051(2),2,train,False,1,0,1,small_low_2x,"Within the training partition only, duplicate once each image containing at least one GT object with bbox_min_side_px <= 8 and absolute_median_difference <= 4. Validation images are never duplicated.",963116078893679b859c2d5150a1ba90700ad207c54ae385a1b6acac255b98a8
002_20200623_203054(6),3,train,False,1,0,1,small_low_2x,"Within the training partition only, duplicate once each image containing at least one GT object with bbox_min_side_px <= 8 and absolute_median_difference <= 4. Validation images are never duplicated.",963116078893679b859c2d5150a1ba90700ad207c54ae385a1b6acac255b98a8
002_20200623_203054(7),2,train,True,1,1,2,small_low_2x,"Within the training partition only, duplicate once each image containing at least one GT object with bbox_min_side_px <= 8 and absolute_median_difference <= 4. Validation images are never duplicated.",963116078893679b859c2d5150a1ba90700ad207c54ae385a1b6acac255b98a8
002_20200623_203058(3),2,train,False,1,0,1,small_low_2x,"Within the training partition only, duplicate once each image containing at least one GT object with bbox_min_side_px <= 8 and absolute_median_difference <= 4. Validation images are never duplicated.",963116078893679b859c2d5150a1ba90700ad207c54ae385a1b6acac255b98a8
002_20200624_003107(0),4,train,False,1,0,1,small_low_2x,"Within the training partition only, duplicate once each image containing at least one GT object with bbox_min_side_px <= 8 and absolute_median_difference <= 4. Validation images are never duplicated.",963116078893679b859c2d5150a1ba90700ad207c54ae385a1b6acac255b98a8
002_20200624_003111(0),4,train,True,1,1,2,small_low_2x,"Within the training partition only, duplicate once each image containing at least one GT object with bbox_min_side_px <= 8 and absolute_median_difference <= 4. Validation images are never duplicated.",963116078893679b859c2d5150a1ba90700ad207c54ae385a1b6acac255b98a8
002_20200624_003115(1),4,train,False,1,0,1,small_low_2x,"Within the training partition only, duplicate once each image containing at least one GT object with bbox_min_side_px <= 8 and absolute_median_difference <= 4. Validation images are never duplicated.",963116078893679b859c2d5150a1ba90700ad207c54ae385a1b6acac255b98a8
002_20200624_003115(6),2,train,False,1,0,1,small_low_2x,"Within the training partition only, duplicate once each image containing at least one GT object with bbox_min_side_px <= 8 and absolute_median_difference <= 4. Validation images are never duplicated.",963116078893679b859c2d5150a1ba90700ad207c54ae385a1b6acac255b98a8
002_20200624_003118(6),2,train,False,1,0,1,small_low_2x,"Within the training partition only, duplicate once each image containing at least one GT object with bbox_min_side_px <= 8 and absolute_median_difference <= 4. Validation images are never duplicated.",963116078893679b859c2d5150a1ba90700ad207c54ae385a1b6acac255b98a8
002_20200624_003119(1),4,train,True,1,1,2,small_low_2x,"Within the training partition only, duplicate once each image containing at least one GT object with bbox_min_side_px <= 8 and absolute_median_difference <= 4. Validation images are never duplicated.",963116078893679b859c2d5150a1ba90700ad207c54ae385a1b6acac255b98a8
002_20200624_003123(0),2,train,False,1,0,1,small_low_2x,"Within the training partition only, duplicate once each image containing at least one GT object with bbox_min_side_px <= 8 and absolute_median_difference <= 4. Validation images are never duplicated.",963116078893679b859c2d5150a1ba90700ad207c54ae385a1b6acac255b98a8
002_20200624_003123(1),4,train,True,1,1,2,small_low_2x,"Within the training partition only, duplicate once each image containing at least one GT object with bbox_min_side_px <= 8 and absolute_median_difference <= 4. Validation images are never duplicated.",963116078893679b859c2d5150a1ba90700ad207c54ae385a1b6acac255b98a8
002_20200624_003127(0),4,train,False,1,0,1,small_low_2x,"Within the training partition only, duplicate once each image containing at least one GT object with bbox_min_side_px <= 8 and absolute_median_difference <= 4. Validation images are never duplicated.",963116078893679b859c2d5150a1ba90700ad207c54ae385a1b6acac255b98a8
002_20200624_003127(5),2,train,False,1,0,1,small_low_2x,"Within the training partition only, duplicate once each image containing at least one GT object with bbox_min_side_px <= 8 and absolute_median_difference <= 4. Validation images are never duplicated.",963116078893679b859c2d5150a1ba90700ad207c54ae385a1b6acac255b98a8
002_20200624_003132(0),2,train,False,1,0,1,small_low_2x,"Within the training partition only, duplicate once each image containing at least one GT object with bbox_min_side_px <= 8 and absolute_median_difference <= 4. Validation images are never duplicated.",963116078893679b859c2d5150a1ba90700ad207c54ae385a1b6acac255b98a8
002_20200624_003136(5),2,train,False,1,0,1,small_low_2x,"Within the training partition only, duplicate once each image containing at least one GT object with bbox_min_side_px <= 8 and absolute_median_difference <= 4. Validation images are never duplicated.",963116078893679b859c2d5150a1ba90700ad207c54ae385a1b6acac255b98a8
002_20200624_043128(1),2,train,True,1,1,2,small_low_2x,"Within the training partition only, duplicate once each image containing at least one GT object with bbox_min_side_px <= 8 and absolute_median_difference <= 4. Validation images are never duplicated.",963116078893679b859c2d5150a1ba90700ad207c54ae385a1b6acac255b98a8
002_20200624_043132(2),2,train,False,1,0,1,small_low_2x,"Within the training partition only, duplicate once each image containing at least one GT object with bbox_min_side_px <= 8 and absolute_median_difference <= 4. Validation images are never duplicated.",963116078893679b859c2d5150a1ba90700ad207c54ae385a1b6acac255b98a8
002_20200624_043136(1),2,train,False,1,0,1,small_low_2x,"Within the training partition only, duplicate once each image containing at least one GT object with bbox_min_side_px <= 8 and absolute_median_difference <= 4. Validation images are never duplicated.",963116078893679b859c2d5150a1ba90700ad207c54ae385a1b6acac255b98a8
002_20200624_043136(9),2,train,False,1,0,1,small_low_2x,"Within the training partition only, duplicate once each image containing at least one GT object with bbox_min_side_px <= 8 and absolute_median_difference <= 4. Validation images are never duplicated.",963116078893679b859c2d5150a1ba90700ad207c54ae385a1b6acac255b98a8
002_20200624_043140(2),2,train,False,1,0,1,small_low_2x,"Within the training partition only, duplicate once each image containing at least one GT object with bbox_min_side_px <= 8 and absolute_median_difference <= 4. Validation images are never duplicated.",963116078893679b859c2d5150a1ba90700ad207c54ae385a1b6acac255b98a8
002_20200624_043141(4),2,train,False,1,0,1,small_low_2x,"Within the training partition only, duplicate once each image containing at least one GT object with bbox_min_side_px <= 8 and absolute_median_difference <= 4. Validation images are never duplicated.",963116078893679b859c2d5150a1ba90700ad207c54ae385a1b6acac255b98a8
002_20200624_043144(2),2,train,False,1,0,1,small_low_2x,"Within the training partition only, duplicate once each image containing at least one GT object with bbox_min_side_px <= 8 and absolute_median_difference <= 4. Validation images are never duplicated.",963116078893679b859c2d5150a1ba90700ad207c54ae385a1b6acac255b98a8
002_20200624_043145(8),2,train,False,1,0,1,small_low_2x,"Within the training partition only, duplicate once each image containing at least one GT object with bbox_min_side_px <= 8 and absolute_median_difference <= 4. Validation images are never duplicated.",963116078893679b859c2d5150a1ba90700ad207c54ae385a1b6acac255b98a8
002_20200624_043148(1),2,train,True,1,1,2,small_low_2x,"Within the training partition only, duplicate once each image containing at least one GT object with bbox_min_side_px <= 8 and absolute_median_difference <= 4. Validation images are never duplicated.",963116078893679b859c2d5150a1ba90700ad207c54ae385a1b6acac255b98a8
002_20200624_043150(3),2,train,False,1,0,1,small_low_2x,"Within the training partition only, duplicate once each image containing at least one GT object with bbox_min_side_px <= 8 and absolute_median_difference <= 4. Validation images are never duplicated.",963116078893679b859c2d5150a1ba90700ad207c54ae385a1b6acac255b98a8
002_20200624_043154(8),2,train,False,1,0,1,small_low_2x,"Within the training partition only, duplicate once each image containing at least one GT object with bbox_min_side_px <= 8 and absolute_median_difference <= 4. Validation images are never duplicated.",963116078893679b859c2d5150a1ba90700ad207c54ae385a1b6acac255b98a8
002_20200624_043159(4),2,train,True,1,1,2,small_low_2x,"Within the training partition only, duplicate once each image containing at least one GT object with bbox_min_side_px <= 8 and absolute_median_difference <= 4. Validation images are never duplicated.",963116078893679b859c2d5150a1ba90700ad207c54ae385a1b6acac255b98a8
002_20200624_083032(4),4,train,False,1,0,1,small_low_2x,"Within the training partition only, duplicate once each image containing at least one GT object with bbox_min_side_px <= 8 and absolute_median_difference <= 4. Validation images are never duplicated.",963116078893679b859c2d5150a1ba90700ad207c54ae385a1b6acac255b98a8
002_20200624_083036(9),4,train,False,1,0,1,small_low_2x,"Within the training partition only, duplicate once each image containing at least one GT object with bbox_min_side_px <= 8 and absolute_median_difference <= 4. Validation images are never duplicated.",963116078893679b859c2d5150a1ba90700ad207c54ae385a1b6acac255b98a8
002_20200624_083041(3),4,train,True,1,1,2,small_low_2x,"Within the training partition only, duplicate once each image containing at least one GT object with bbox_min_side_px <= 8 and absolute_median_difference <= 4. Validation images are never duplicated.",963116078893679b859c2d5150a1ba90700ad207c54ae385a1b6acac255b98a8
002_20200624_083045(8),4,train,False,1,0,1,small_low_2x,"Within the training partition only, duplicate once each image containing at least one GT object with bbox_min_side_px <= 8 and absolute_median_difference <= 4. Validation images are never duplicated.",963116078893679b859c2d5150a1ba90700ad207c54ae385a1b6acac255b98a8
002_20200624_083050(4),4,train,False,1,0,1,small_low_2x,"Within the training partition only, duplicate once each image containing at least one GT object with bbox_min_side_px <= 8 and absolute_median_difference <= 4. Validation images are never duplicated.",963116078893679b859c2d5150a1ba90700ad207c54ae385a1b6acac255b98a8
002_20200624_083054(9),4,train,False,1,0,1,small_low_2x,"Within the training partition only, duplicate once each image containing at least one GT object with bbox_min_side_px <= 8 and absolute_median_difference <= 4. Validation images are never duplicated.",963116078893679b859c2d5150a1ba90700ad207c54ae385a1b6acac255b98a8
002_20200624_123122(6),3,train,True,1,1,2,small_low_2x,"Within the training partition only, duplicate once each image containing at least one GT object with bbox_min_side_px <= 8 and absolute_median_difference <= 4. Validation images are never duplicated.",963116078893679b859c2d5150a1ba90700ad207c54ae385a1b6acac255b98a8
002_20200624_123126(4),3,train,True,1,1,2,small_low_2x,"Within the training partition only, duplicate once each image containing at least one GT object with bbox_min_side_px <= 8 and absolute_median_difference <= 4. Validation images are never duplicated.",963116078893679b859c2d5150a1ba90700ad207c54ae385a1b6acac255b98a8
002_20200624_123129(9),3,train,False,1,0,1,small_low_2x,"Within the training partition only, duplicate once each image containing at least one GT object with bbox_min_side_px <= 8 and absolute_median_difference <= 4. Validation images are never duplicated.",963116078893679b859c2d5150a1ba90700ad207c54ae385a1b6acac255b98a8
002_20200624_123133(0),3,train,True,1,1,2,small_low_2x,"Within the training partition only, duplicate once each image containing at least one GT object with bbox_min_side_px <= 8 and absolute_median_difference <= 4. Validation images are never duplicated.",963116078893679b859c2d5150a1ba90700ad207c54ae385a1b6acac255b98a8
002_20200624_123136(5),3,train,False,1,0,1,small_low_2x,"Within the training partition only, duplicate once each image containing at least one GT object with bbox_min_side_px <= 8 and absolute_median_difference <= 4. Validation images are never duplicated.",963116078893679b859c2d5150a1ba90700ad207c54ae385a1b6acac255b98a8
002_20200624_123143(7),3,train,False,1,0,1,small_low_2x,"Within the training partition only, duplicate once each image containing at least one GT object with bbox_min_side_px <= 8 and absolute_median_difference <= 4. Validation images are never duplicated.",963116078893679b859c2d5150a1ba90700ad207c54ae385a1b6acac255b98a8
002_20200624_203012(9),3,train,False,1,0,1,small_low_2x,"Within the training partition only, duplicate once each image containing at least one GT object with bbox_min_side_px <= 8 and absolute_median_difference <= 4. Validation images are never duplicated.",963116078893679b859c2d5150a1ba90700ad207c54ae385a1b6acac255b98a8
002_20200624_203017(4),4,train,False,1,0,1,small_low_2x,"Within the training partition only, duplicate once each image containing at least one GT object with bbox_min_side_px <= 8 and absolute_median_difference <= 4. Validation images are never duplicated.",963116078893679b859c2d5150a1ba90700ad207c54ae385a1b6acac255b98a8
002_20200624_203044(4),2,train,False,1,0,1,small_low_2x,"Within the training partition only, duplicate once each image containing at least one GT object with bbox_min_side_px <= 8 and absolute_median_difference <= 4. Validation images are never duplicated.",963116078893679b859c2d5150a1ba90700ad207c54ae385a1b6acac255b98a8
002_20200624_203111(4),3,train,False,1,0,1,small_low_2x,"Within the training partition only, duplicate once each image containing at least one GT object with bbox_min_side_px <= 8 and absolute_median_difference <= 4. Validation images are never duplicated.",963116078893679b859c2d5150a1ba90700ad207c54ae385a1b6acac255b98a8
002_20200624_203114(3),3,train,True,1,1,2,small_low_2x,"Within the training partition only, duplicate once each image containing at least one GT object with bbox_min_side_px <= 8 and absolute_median_difference <= 4. Validation images are never duplicated.",963116078893679b859c2d5150a1ba90700ad207c54ae385a1b6acac255b98a8
002_20200624_203117(3),3,train,False,1,0,1,small_low_2x,"Within the training partition only, duplicate once each image containing at least one GT object with bbox_min_side_px <= 8 and absolute_median_difference <= 4. Validation images are never duplicated.",963116078893679b859c2d5150a1ba90700ad207c54ae385a1b6acac255b98a8
002_20200624_203120(3),3,train,True,1,1,2,small_low_2x,"Within the training partition only, duplicate once each image containing at least one GT object with bbox_min_side_px <= 8 and absolute_median_difference <= 4. Validation images are never duplicated.",963116078893679b859c2d5150a1ba90700ad207c54ae385a1b6acac255b98a8
002_20200624_203123(3),3,train,False,1,0,1,small_low_2x,"Within the training partition only, duplicate once each image containing at least one GT object with bbox_min_side_px <= 8 and absolute_median_difference <= 4. Validation images are never duplicated.",963116078893679b859c2d5150a1ba90700ad207c54ae385a1b6acac255b98a8
002_20200624_203126(3),3,train,False,1,0,1,small_low_2x,"Within the training partition only, duplicate once each image containing at least one GT object with bbox_min_side_px <= 8 and absolute_median_difference <= 4. Validation images are never duplicated.",963116078893679b859c2d5150a1ba90700ad207c54ae385a1b6acac255b98a8
002_20200625_003116(4),3,train,True,1,1,2,small_low_2x,"Within the training partition only, duplicate once each image containing at least one GT object with bbox_min_side_px <= 8 and absolute_median_difference <= 4. Validation images are never duplicated.",963116078893679b859c2d5150a1ba90700ad207c54ae385a1b6acac255b98a8
002_20200625_003120(7),3,train,False,1,0,1,small_low_2x,"Within the training partition only, duplicate once each image containing at least one GT object with bbox_min_side_px <= 8 and absolute_median_difference <= 4. Validation images are never duplicated.",963116078893679b859c2d5150a1ba90700ad207c54ae385a1b6acac255b98a8
002_20200625_003125(4),3,train,False,1,0,1,small_low_2x,"Within the training partition only, duplicate once each image containing at least one GT object with bbox_min_side_px <= 8 and absolute_median_difference <= 4. Validation images are never duplicated.",963116078893679b859c2d5150a1ba90700ad207c54ae385a1b6acac255b98a8
002_20200625_003130(0),3,train,False,1,0,1,small_low_2x,"Within the training partition only, duplicate once each image containing at least one GT object with bbox_min_side_px <= 8 and absolute_median_difference <= 4. Validation images are never duplicated.",963116078893679b859c2d5150a1ba90700ad207c54ae385a1b6acac255b98a8
002_20200625_003134(4),3,train,False,1,0,1,small_low_2x,"Within the training partition only, duplicate once each image containing at least one GT object with bbox_min_side_px <= 8 and absolute_median_difference <= 4. Validation images are never duplicated.",963116078893679b859c2d5150a1ba90700ad207c54ae385a1b6acac255b98a8
002_20200625_003139(0),3,train,False,1,0,1,small_low_2x,"Within the training partition only, duplicate once each image containing at least one GT object with bbox_min_side_px <= 8 and absolute_median_difference <= 4. Validation images are never duplicated.",963116078893679b859c2d5150a1ba90700ad207c54ae385a1b6acac255b98a8
002_20200625_042934(9),4,train,False,1,0,1,small_low_2x,"Within the training partition only, duplicate once each image containing at least one GT object with bbox_min_side_px <= 8 and absolute_median_difference <= 4. Validation images are never duplicated.",963116078893679b859c2d5150a1ba90700ad207c54ae385a1b6acac255b98a8
002_20200625_042939(2),4,train,False,1,0,1,small_low_2x,"Within the training partition only, duplicate once each image containing at least one GT object with bbox_min_side_px <= 8 and absolute_median_difference <= 4. Validation images are never duplicated.",963116078893679b859c2d5150a1ba90700ad207c54ae385a1b6acac255b98a8
002_20200625_042943(7),4,train,True,1,1,2,small_low_2x,"Within the training partition only, duplicate once each image containing at least one GT object with bbox_min_side_px <= 8 and absolute_median_difference <= 4. Validation images are never duplicated.",963116078893679b859c2d5150a1ba90700ad207c54ae385a1b6acac255b98a8
002_20200625_042948(3),4,train,False,1,0,1,small_low_2x,"Within the training partition only, duplicate once each image containing at least one GT object with bbox_min_side_px <= 8 and absolute_median_difference <= 4. Validation images are never duplicated.",963116078893679b859c2d5150a1ba90700ad207c54ae385a1b6acac255b98a8
002_20200625_042952(8),4,train,False,1,0,1,small_low_2x,"Within the training partition only, duplicate once each image containing at least one GT object with bbox_min_side_px <= 8 and absolute_median_difference <= 4. Validation images are never duplicated.",963116078893679b859c2d5150a1ba90700ad207c54ae385a1b6acac255b98a8
002_20200625_042957(3),4,train,False,1,0,1,small_low_2x,"Within the training partition only, duplicate once each image containing at least one GT object with bbox_min_side_px <= 8 and absolute_median_difference <= 4. Validation images are never duplicated.",963116078893679b859c2d5150a1ba90700ad207c54ae385a1b6acac255b98a8
002_20200629_082630(7),4,train,False,1,0,1,small_low_2x,"Within the training partition only, duplicate once each image containing at least one GT object with bbox_min_side_px <= 8 and absolute_median_difference <= 4. Validation images are never duplicated.",963116078893679b859c2d5150a1ba90700ad207c54ae385a1b6acac255b98a8
002_20200629_082639(2),4,train,False,1,0,1,small_low_2x,"Within the training partition only, duplicate once each image containing at least one GT object with bbox_min_side_px <= 8 and absolute_median_difference <= 4. Validation images are never duplicated.",963116078893679b859c2d5150a1ba90700ad207c54ae385a1b6acac255b98a8
002_20200629_082642(2),4,train,False,1,0,1,small_low_2x,"Within the training partition only, duplicate once each image containing at least one GT object with bbox_min_side_px <= 8 and absolute_median_difference <= 4. Validation images are never duplicated.",963116078893679b859c2d5150a1ba90700ad207c54ae385a1b6acac255b98a8
002_20200629_082645(4),4,train,True,1,1,2,small_low_2x,"Within the training partition only, duplicate once each image containing at least one GT object with bbox_min_side_px <= 8 and absolute_median_difference <= 4. Validation images are never duplicated.",963116078893679b859c2d5150a1ba90700ad207c54ae385a1b6acac255b98a8
002_20200629_082823(5),3,train,False,1,0,1,small_low_2x,"Within the training partition only, duplicate once each image containing at least one GT object with bbox_min_side_px <= 8 and absolute_median_difference <= 4. Validation images are never duplicated.",963116078893679b859c2d5150a1ba90700ad207c54ae385a1b6acac255b98a8
002_20200629_082828(5),3,train,False,1,0,1,small_low_2x,"Within the training partition only, duplicate once each image containing at least one GT object with bbox_min_side_px <= 8 and absolute_median_difference <= 4. Validation images are never duplicated.",963116078893679b859c2d5150a1ba90700ad207c54ae385a1b6acac255b98a8
002_20200629_082831(3),3,train,False,1,0,1,small_low_2x,"Within the training partition only, duplicate once each image containing at least one GT object with bbox_min_side_px <= 8 and absolute_median_difference <= 4. Validation images are never duplicated.",963116078893679b859c2d5150a1ba90700ad207c54ae385a1b6acac255b98a8
002_20200629_082834(2),3,train,False,1,0,1,small_low_2x,"Within the training partition only, duplicate once each image containing at least one GT object with bbox_min_side_px <= 8 and absolute_median_difference <= 4. Validation images are never duplicated.",963116078893679b859c2d5150a1ba90700ad207c54ae385a1b6acac255b98a8
002_20200629_082837(0),3,train,False,1,0,1,small_low_2x,"Within the training partition only, duplicate once each image containing at least one GT object with bbox_min_side_px <= 8 and absolute_median_difference <= 4. Validation images are never duplicated.",963116078893679b859c2d5150a1ba90700ad207c54ae385a1b6acac255b98a8
002_20200629_082839(9),3,train,True,1,1,2,small_low_2x,"Within the training partition only, duplicate once each image containing at least one GT object with bbox_min_side_px <= 8 and absolute_median_difference <= 4. Validation images are never duplicated.",963116078893679b859c2d5150a1ba90700ad207c54ae385a1b6acac255b98a8
002_20200629_163656(7),4,train,False,1,0,1,small_low_2x,"Within the training partition only, duplicate once each image containing at least one GT object with bbox_min_side_px <= 8 and absolute_median_difference <= 4. Validation images are never duplicated.",963116078893679b859c2d5150a1ba90700ad207c54ae385a1b6acac255b98a8
002_20200629_163659(7),4,train,False,1,0,1,small_low_2x,"Within the training partition only, duplicate once each image containing at least one GT object with bbox_min_side_px <= 8 and absolute_median_difference <= 4. Validation images are never duplicated.",963116078893679b859c2d5150a1ba90700ad207c54ae385a1b6acac255b98a8
002_20200629_163702(8),4,train,False,1,0,1,small_low_2x,"Within the training partition only, duplicate once each image containing at least one GT object with bbox_min_side_px <= 8 and absolute_median_difference <= 4. Validation images are never duplicated.",963116078893679b859c2d5150a1ba90700ad207c54ae385a1b6acac255b98a8
002_20200629_163705(8),4,train,False,1,0,1,small_low_2x,"Within the training partition only, duplicate once each image containing at least one GT object with bbox_min_side_px <= 8 and absolute_median_difference <= 4. Validation images are never duplicated.",963116078893679b859c2d5150a1ba90700ad207c54ae385a1b6acac255b98a8
002_20200629_163708(9),4,train,True,1,1,2,small_low_2x,"Within the training partition only, duplicate once each image containing at least one GT object with bbox_min_side_px <= 8 and absolute_median_difference <= 4. Validation images are never duplicated.",963116078893679b859c2d5150a1ba90700ad207c54ae385a1b6acac255b98a8
002_20200629_163711(8),4,train,True,1,1,2,small_low_2x,"Within the training partition only, duplicate once each image containing at least one GT object with bbox_min_side_px <= 8 and absolute_median_difference <= 4. Validation images are never duplicated.",963116078893679b859c2d5150a1ba90700ad207c54ae385a1b6acac255b98a8
002_20200714_042641(8),4,train,False,1,0,1,small_low_2x,"Within the training partition only, duplicate once each image containing at least one GT object with bbox_min_side_px <= 8 and absolute_median_difference <= 4. Validation images are never duplicated.",963116078893679b859c2d5150a1ba90700ad207c54ae385a1b6acac255b98a8
002_20200714_123109(8),3,train,True,1,1,2,small_low_2x,"Within the training partition only, duplicate once each image containing at least one GT object with bbox_min_side_px <= 8 and absolute_median_difference <= 4. Validation images are never duplicated.",963116078893679b859c2d5150a1ba90700ad207c54ae385a1b6acac255b98a8
002_20200714_123113(1),3,train,False,1,0,1,small_low_2x,"Within the training partition only, duplicate once each image containing at least one GT object with bbox_min_side_px <= 8 and absolute_median_difference <= 4. Validation images are never duplicated.",963116078893679b859c2d5150a1ba90700ad207c54ae385a1b6acac255b98a8
002_20200714_123117(3),3,train,False,1,0,1,small_low_2x,"Within the training partition only, duplicate once each image containing at least one GT object with bbox_min_side_px <= 8 and absolute_median_difference <= 4. Validation images are never duplicated.",963116078893679b859c2d5150a1ba90700ad207c54ae385a1b6acac255b98a8
002_20200714_123120(4),3,train,True,1,1,2,small_low_2x,"Within the training partition only, duplicate once each image containing at least one GT object with bbox_min_side_px <= 8 and absolute_median_difference <= 4. Validation images are never duplicated.",963116078893679b859c2d5150a1ba90700ad207c54ae385a1b6acac255b98a8
002_20200714_123123(5),3,train,True,1,1,2,small_low_2x,"Within the training partition only, duplicate once each image containing at least one GT object with bbox_min_side_px <= 8 and absolute_median_difference <= 4. Validation images are never duplicated.",963116078893679b859c2d5150a1ba90700ad207c54ae385a1b6acac255b98a8
002_20200714_123126(4),3,train,False,1,0,1,small_low_2x,"Within the training partition only, duplicate once each image containing at least one GT object with bbox_min_side_px <= 8 and absolute_median_difference <= 4. Validation images are never duplicated.",963116078893679b859c2d5150a1ba90700ad207c54ae385a1b6acac255b98a8
002_20200714_163046(2),4,train,False,1,0,1,small_low_2x,"Within the training partition only, duplicate once each image containing at least one GT object with bbox_min_side_px <= 8 and absolute_median_difference <= 4. Validation images are never duplicated.",963116078893679b859c2d5150a1ba90700ad207c54ae385a1b6acac255b98a8
002_20200714_163049(8),4,train,False,1,0,1,small_low_2x,"Within the training partition only, duplicate once each image containing at least one GT object with bbox_min_side_px <= 8 and absolute_median_difference <= 4. Validation images are never duplicated.",963116078893679b859c2d5150a1ba90700ad207c54ae385a1b6acac255b98a8
002_20200714_163053(5),4,train,True,1,1,2,small_low_2x,"Within the training partition only, duplicate once each image containing at least one GT object with bbox_min_side_px <= 8 and absolute_median_difference <= 4. Validation images are never duplicated.",963116078893679b859c2d5150a1ba90700ad207c54ae385a1b6acac255b98a8
002_20200714_163056(8),4,train,False,1,0,1,small_low_2x,"Within the training partition only, duplicate once each image containing at least one GT object with bbox_min_side_px <= 8 and absolute_median_difference <= 4. Validation images are never duplicated.",963116078893679b859c2d5150a1ba90700ad207c54ae385a1b6acac255b98a8
002_20200714_163100(2),4,train,True,1,1,2,small_low_2x,"Within the training partition only, duplicate once each image containing at least one GT object with bbox_min_side_px <= 8 and absolute_median_difference <= 4. Validation images are never duplicated.",963116078893679b859c2d5150a1ba90700ad207c54ae385a1b6acac255b98a8
002_20200714_163103(5),4,train,False,1,0,1,small_low_2x,"Within the training partition only, duplicate once each image containing at least one GT object with bbox_min_side_px <= 8 and absolute_median_difference <= 4. Validation images are never duplicated.",963116078893679b859c2d5150a1ba90700ad207c54ae385a1b6acac255b98a8
002_20200714_225756(0),2,train,False,1,0,1,small_low_2x,"Within the training partition only, duplicate once each image containing at least one GT object with bbox_min_side_px <= 8 and absolute_median_difference <= 4. Validation images are never duplicated.",963116078893679b859c2d5150a1ba90700ad207c54ae385a1b6acac255b98a8
002_20200714_225759(8),2,train,False,1,0,1,small_low_2x,"Within the training partition only, duplicate once each image containing at least one GT object with bbox_min_side_px <= 8 and absolute_median_difference <= 4. Validation images are never duplicated.",963116078893679b859c2d5150a1ba90700ad207c54ae385a1b6acac255b98a8
002_20200714_225803(3),2,train,False,1,0,1,small_low_2x,"Within the training partition only, duplicate once each image containing at least one GT object with bbox_min_side_px <= 8 and absolute_median_difference <= 4. Validation images are never duplicated.",963116078893679b859c2d5150a1ba90700ad207c54ae385a1b6acac255b98a8
002_20200714_225807(3),2,train,False,1,0,1,small_low_2x,"Within the training partition only, duplicate once each image containing at least one GT object with bbox_min_side_px <= 8 and absolute_median_difference <= 4. Validation images are never duplicated.",963116078893679b859c2d5150a1ba90700ad207c54ae385a1b6acac255b98a8
002_20200714_225810(5),2,train,True,1,1,2,small_low_2x,"Within the training partition only, duplicate once each image containing at least one GT object with bbox_min_side_px <= 8 and absolute_median_difference <= 4. Validation images are never duplicated.",963116078893679b859c2d5150a1ba90700ad207c54ae385a1b6acac255b98a8
002_20200714_225817(4),2,train,True,1,1,2,small_low_2x,"Within the training partition only, duplicate once each image containing at least one GT object with bbox_min_side_px <= 8 and absolute_median_difference <= 4. Validation images are never duplicated.",963116078893679b859c2d5150a1ba90700ad207c54ae385a1b6acac255b98a8
002_20200715_002509(0),2,train,True,1,1,2,small_low_2x,"Within the training partition only, duplicate once each image containing at least one GT object with bbox_min_side_px <= 8 and absolute_median_difference <= 4. Validation images are never duplicated.",963116078893679b859c2d5150a1ba90700ad207c54ae385a1b6acac255b98a8
002_20200715_002513(4),2,train,True,1,1,2,small_low_2x,"Within the training partition only, duplicate once each image containing at least one GT object with bbox_min_side_px <= 8 and absolute_median_difference <= 4. Validation images are never duplicated.",963116078893679b859c2d5150a1ba90700ad207c54ae385a1b6acac255b98a8
002_20200831_163149(1),2,train,True,1,1,2,small_low_2x,"Within the training partition only, duplicate once each image containing at least one GT object with bbox_min_side_px <= 8 and absolute_median_difference <= 4. Validation images are never duplicated.",963116078893679b859c2d5150a1ba90700ad207c54ae385a1b6acac255b98a8
002_20200831_163150(6),2,train,False,1,0,1,small_low_2x,"Within the training partition only, duplicate once each image containing at least one GT object with bbox_min_side_px <= 8 and absolute_median_difference <= 4. Validation images are never duplicated.",963116078893679b859c2d5150a1ba90700ad207c54ae385a1b6acac255b98a8
002_20200831_203101(4),3,train,False,1,0,1,small_low_2x,"Within the training partition only, duplicate once each image containing at least one GT object with bbox_min_side_px <= 8 and absolute_median_difference <= 4. Validation images are never duplicated.",963116078893679b859c2d5150a1ba90700ad207c54ae385a1b6acac255b98a8
002_20200831_203105(9),3,train,False,1,0,1,small_low_2x,"Within the training partition only, duplicate once each image containing at least one GT object with bbox_min_side_px <= 8 and absolute_median_difference <= 4. Validation images are never duplicated.",963116078893679b859c2d5150a1ba90700ad207c54ae385a1b6acac255b98a8
002_20200901_003133(6),4,train,False,1,0,1,small_low_2x,"Within the training partition only, duplicate once each image containing at least one GT object with bbox_min_side_px <= 8 and absolute_median_difference <= 4. Validation images are never duplicated.",963116078893679b859c2d5150a1ba90700ad207c54ae385a1b6acac255b98a8
002_20200901_003136(6),4,train,False,1,0,1,small_low_2x,"Within the training partition only, duplicate once each image containing at least one GT object with bbox_min_side_px <= 8 and absolute_median_difference <= 4. Validation images are never duplicated.",963116078893679b859c2d5150a1ba90700ad207c54ae385a1b6acac255b98a8
002_20200901_003139(6),4,train,False,1,0,1,small_low_2x,"Within the training partition only, duplicate once each image containing at least one GT object with bbox_min_side_px <= 8 and absolute_median_difference <= 4. Validation images are never duplicated.",963116078893679b859c2d5150a1ba90700ad207c54ae385a1b6acac255b98a8
002_20200901_003142(6),4,train,False,1,0,1,small_low_2x,"Within the training partition only, duplicate once each image containing at least one GT object with bbox_min_side_px <= 8 and absolute_median_difference <= 4. Validation images are never duplicated.",963116078893679b859c2d5150a1ba90700ad207c54ae385a1b6acac255b98a8
002_20200901_003148(6),4,train,False,1,0,1,small_low_2x,"Within the training partition only, duplicate once each image containing at least one GT object with bbox_min_side_px <= 8 and absolute_median_difference <= 4. Validation images are never duplicated.",963116078893679b859c2d5150a1ba90700ad207c54ae385a1b6acac255b98a8
002_20200901_083204(5),3,train,False,1,0,1,small_low_2x,"Within the training partition only, duplicate once each image containing at least one GT object with bbox_min_side_px <= 8 and absolute_median_difference <= 4. Validation images are never duplicated.",963116078893679b859c2d5150a1ba90700ad207c54ae385a1b6acac255b98a8
002_20200901_083452(2),2,train,False,1,0,1,small_low_2x,"Within the training partition only, duplicate once each image containing at least one GT object with bbox_min_side_px <= 8 and absolute_median_difference <= 4. Validation images are never duplicated.",963116078893679b859c2d5150a1ba90700ad207c54ae385a1b6acac255b98a8
002_20200901_083456(7),2,train,False,1,0,1,small_low_2x,"Within the training partition only, duplicate once each image containing at least one GT object with bbox_min_side_px <= 8 and absolute_median_difference <= 4. Validation images are never duplicated.",963116078893679b859c2d5150a1ba90700ad207c54ae385a1b6acac255b98a8
002_20200901_083501(2),2,train,False,1,0,1,small_low_2x,"Within the training partition only, duplicate once each image containing at least one GT object with bbox_min_side_px <= 8 and absolute_median_difference <= 4. Validation images are never duplicated.",963116078893679b859c2d5150a1ba90700ad207c54ae385a1b6acac255b98a8
002_20200901_083505(8),2,train,False,1,0,1,small_low_2x,"Within the training partition only, duplicate once each image containing at least one GT object with bbox_min_side_px <= 8 and absolute_median_difference <= 4. Validation images are never duplicated.",963116078893679b859c2d5150a1ba90700ad207c54ae385a1b6acac255b98a8
002_20200901_083510(2),2,train,False,1,0,1,small_low_2x,"Within the training partition only, duplicate once each image containing at least one GT object with bbox_min_side_px <= 8 and absolute_median_difference <= 4. Validation images are never duplicated.",963116078893679b859c2d5150a1ba90700ad207c54ae385a1b6acac255b98a8
002_20200901_083514(7),2,train,False,1,0,1,small_low_2x,"Within the training partition only, duplicate once each image containing at least one GT object with bbox_min_side_px <= 8 and absolute_median_difference <= 4. Validation images are never duplicated.",963116078893679b859c2d5150a1ba90700ad207c54ae385a1b6acac255b98a8
002_20200901_123049(7),3,train,False,1,0,1,small_low_2x,"Within the training partition only, duplicate once each image containing at least one GT object with bbox_min_side_px <= 8 and absolute_median_difference <= 4. Validation images are never duplicated.",963116078893679b859c2d5150a1ba90700ad207c54ae385a1b6acac255b98a8
002_20200901_123052(7),3,train,False,1,0,1,small_low_2x,"Within the training partition only, duplicate once each image containing at least one GT object with bbox_min_side_px <= 8 and absolute_median_difference <= 4. Validation images are never duplicated.",963116078893679b859c2d5150a1ba90700ad207c54ae385a1b6acac255b98a8
002_20200901_123100(3),3,train,False,1,0,1,small_low_2x,"Within the training partition only, duplicate once each image containing at least one GT object with bbox_min_side_px <= 8 and absolute_median_difference <= 4. Validation images are never duplicated.",963116078893679b859c2d5150a1ba90700ad207c54ae385a1b6acac255b98a8
002_20200901_123104(8),3,train,False,1,0,1,small_low_2x,"Within the training partition only, duplicate once each image containing at least one GT object with bbox_min_side_px <= 8 and absolute_median_difference <= 4. Validation images are never duplicated.",963116078893679b859c2d5150a1ba90700ad207c54ae385a1b6acac255b98a8
002_20200901_123109(2),3,train,False,1,0,1,small_low_2x,"Within the training partition only, duplicate once each image containing at least one GT object with bbox_min_side_px <= 8 and absolute_median_difference <= 4. Validation images are never duplicated.",963116078893679b859c2d5150a1ba90700ad207c54ae385a1b6acac255b98a8
002_20200901_191340(2),2,train,False,1,0,1,small_low_2x,"Within the training partition only, duplicate once each image containing at least one GT object with bbox_min_side_px <= 8 and absolute_median_difference <= 4. Validation images are never duplicated.",963116078893679b859c2d5150a1ba90700ad207c54ae385a1b6acac255b98a8
002_20200901_191343(2),2,train,False,1,0,1,small_low_2x,"Within the training partition only, duplicate once each image containing at least one GT object with bbox_min_side_px <= 8 and absolute_median_difference <= 4. Validation images are never duplicated.",963116078893679b859c2d5150a1ba90700ad207c54ae385a1b6acac255b98a8
002_20200901_191346(1),2,train,False,1,0,1,small_low_2x,"Within the training partition only, duplicate once each image containing at least one GT object with bbox_min_side_px <= 8 and absolute_median_difference <= 4. Validation images are never duplicated.",963116078893679b859c2d5150a1ba90700ad207c54ae385a1b6acac255b98a8
002_20200901_191348(8),2,train,False,1,0,1,small_low_2x,"Within the training partition only, duplicate once each image containing at least one GT object with bbox_min_side_px <= 8 and absolute_median_difference <= 4. Validation images are never duplicated.",963116078893679b859c2d5150a1ba90700ad207c54ae385a1b6acac255b98a8
002_20200901_191351(5),2,train,False,1,0,1,small_low_2x,"Within the training partition only, duplicate once each image containing at least one GT object with bbox_min_side_px <= 8 and absolute_median_difference <= 4. Validation images are never duplicated.",963116078893679b859c2d5150a1ba90700ad207c54ae385a1b6acac255b98a8
002_20200904_230054(2),4,train,False,1,0,1,small_low_2x,"Within the training partition only, duplicate once each image containing at least one GT object with bbox_min_side_px <= 8 and absolute_median_difference <= 4. Validation images are never duplicated.",963116078893679b859c2d5150a1ba90700ad207c54ae385a1b6acac255b98a8
002_20200904_230057(6),4,train,False,1,0,1,small_low_2x,"Within the training partition only, duplicate once each image containing at least one GT object with bbox_min_side_px <= 8 and absolute_median_difference <= 4. Validation images are never duplicated.",963116078893679b859c2d5150a1ba90700ad207c54ae385a1b6acac255b98a8
002_20200904_230105(4),4,train,False,1,0,1,small_low_2x,"Within the training partition only, duplicate once each image containing at least one GT object with bbox_min_side_px <= 8 and absolute_median_difference <= 4. Validation images are never duplicated.",963116078893679b859c2d5150a1ba90700ad207c54ae385a1b6acac255b98a8
002_20200905_003315(2),2,train,False,1,0,1,small_low_2x,"Within the training partition only, duplicate once each image containing at least one GT object with bbox_min_side_px <= 8 and absolute_median_difference <= 4. Validation images are never duplicated.",963116078893679b859c2d5150a1ba90700ad207c54ae385a1b6acac255b98a8
002_20200905_003319(2),2,train,False,1,0,1,small_low_2x,"Within the training partition only, duplicate once each image containing at least one GT object with bbox_min_side_px <= 8 and absolute_median_difference <= 4. Validation images are never duplicated.",963116078893679b859c2d5150a1ba90700ad207c54ae385a1b6acac255b98a8
002_20200905_003323(3),2,train,False,1,0,1,small_low_2x,"Within the training partition only, duplicate once each image containing at least one GT object with bbox_min_side_px <= 8 and absolute_median_difference <= 4. Validation images are never duplicated.",963116078893679b859c2d5150a1ba90700ad207c54ae385a1b6acac255b98a8
002_20200905_003327(3),2,train,False,1,0,1,small_low_2x,"Within the training partition only, duplicate once each image containing at least one GT object with bbox_min_side_px <= 8 and absolute_median_difference <= 4. Validation images are never duplicated.",963116078893679b859c2d5150a1ba90700ad207c54ae385a1b6acac255b98a8
002_20200905_003331(2),2,train,False,1,0,1,small_low_2x,"Within the training partition only, duplicate once each image containing at least one GT object with bbox_min_side_px <= 8 and absolute_median_difference <= 4. Validation images are never duplicated.",963116078893679b859c2d5150a1ba90700ad207c54ae385a1b6acac255b98a8
002_20200905_003335(3),2,train,False,1,0,1,small_low_2x,"Within the training partition only, duplicate once each image containing at least one GT object with bbox_min_side_px <= 8 and absolute_median_difference <= 4. Validation images are never duplicated.",963116078893679b859c2d5150a1ba90700ad207c54ae385a1b6acac255b98a8
002_20200905_083407(3),3,train,False,1,0,1,small_low_2x,"Within the training partition only, duplicate once each image containing at least one GT object with bbox_min_side_px <= 8 and absolute_median_difference <= 4. Validation images are never duplicated.",963116078893679b859c2d5150a1ba90700ad207c54ae385a1b6acac255b98a8
002_20200905_083410(5),3,train,False,1,0,1,small_low_2x,"Within the training partition only, duplicate once each image containing at least one GT object with bbox_min_side_px <= 8 and absolute_median_difference <= 4. Validation images are never duplicated.",963116078893679b859c2d5150a1ba90700ad207c54ae385a1b6acac255b98a8
002_20200905_083413(6),3,train,True,1,1,2,small_low_2x,"Within the training partition only, duplicate once each image containing at least one GT object with bbox_min_side_px <= 8 and absolute_median_difference <= 4. Validation images are never duplicated.",963116078893679b859c2d5150a1ba90700ad207c54ae385a1b6acac255b98a8
002_20200905_083416(3),3,train,False,1,0,1,small_low_2x,"Within the training partition only, duplicate once each image containing at least one GT object with bbox_min_side_px <= 8 and absolute_median_difference <= 4. Validation images are never duplicated.",963116078893679b859c2d5150a1ba90700ad207c54ae385a1b6acac255b98a8
002_20200905_083419(3),3,train,False,1,0,1,small_low_2x,"Within the training partition only, duplicate once each image containing at least one GT object with bbox_min_side_px <= 8 and absolute_median_difference <= 4. Validation images are never duplicated.",963116078893679b859c2d5150a1ba90700ad207c54ae385a1b6acac255b98a8
002_20200905_083422(4),3,train,False,1,0,1,small_low_2x,"Within the training partition only, duplicate once each image containing at least one GT object with bbox_min_side_px <= 8 and absolute_median_difference <= 4. Validation images are never duplicated.",963116078893679b859c2d5150a1ba90700ad207c54ae385a1b6acac255b98a8
002_20200905_123055(0),4,train,True,1,1,2,small_low_2x,"Within the training partition only, duplicate once each image containing at least one GT object with bbox_min_side_px <= 8 and absolute_median_difference <= 4. Validation images are never duplicated.",963116078893679b859c2d5150a1ba90700ad207c54ae385a1b6acac255b98a8
002_20200905_123058(4),4,train,True,1,1,2,small_low_2x,"Within the training partition only, duplicate once each image containing at least one GT object with bbox_min_side_px <= 8 and absolute_median_difference <= 4. Validation images are never duplicated.",963116078893679b859c2d5150a1ba90700ad207c54ae385a1b6acac255b98a8
002_20200905_123102(0),4,train,True,1,1,2,small_low_2x,"Within the training partition only, duplicate once each image containing at least one GT object with bbox_min_side_px <= 8 and absolute_median_difference <= 4. Validation images are never duplicated.",963116078893679b859c2d5150a1ba90700ad207c54ae385a1b6acac255b98a8
002_20200905_123103(4),4,train,False,1,0,1,small_low_2x,"Within the training partition only, duplicate once each image containing at least one GT object with bbox_min_side_px <= 8 and absolute_median_difference <= 4. Validation images are never duplicated.",963116078893679b859c2d5150a1ba90700ad207c54ae385a1b6acac255b98a8
002_20200905_123105(0),4,train,False,1,0,1,small_low_2x,"Within the training partition only, duplicate once each image containing at least one GT object with bbox_min_side_px <= 8 and absolute_median_difference <= 4. Validation images are never duplicated.",963116078893679b859c2d5150a1ba90700ad207c54ae385a1b6acac255b98a8
002_20200905_123107(5),4,train,False,1,0,1,small_low_2x,"Within the training partition only, duplicate once each image containing at least one GT object with bbox_min_side_px <= 8 and absolute_median_difference <= 4. Validation images are never duplicated.",963116078893679b859c2d5150a1ba90700ad207c54ae385a1b6acac255b98a8
002_20200905_123108(4),4,train,False,1,0,1,small_low_2x,"Within the training partition only, duplicate once each image containing at least one GT object with bbox_min_side_px <= 8 and absolute_median_difference <= 4. Validation images are never duplicated.",963116078893679b859c2d5150a1ba90700ad207c54ae385a1b6acac255b98a8
002_20200905_123111(6),4,train,False,1,0,1,small_low_2x,"Within the training partition only, duplicate once each image containing at least one GT object with bbox_min_side_px <= 8 and absolute_median_difference <= 4. Validation images are never duplicated.",963116078893679b859c2d5150a1ba90700ad207c54ae385a1b6acac255b98a8
002_20200905_123112(0),4,train,False,1,0,1,small_low_2x,"Within the training partition only, duplicate once each image containing at least one GT object with bbox_min_side_px <= 8 and absolute_median_difference <= 4. Validation images are never duplicated.",963116078893679b859c2d5150a1ba90700ad207c54ae385a1b6acac255b98a8
002_20200905_163920(4),3,train,False,1,0,1,small_low_2x,"Within the training partition only, duplicate once each image containing at least one GT object with bbox_min_side_px <= 8 and absolute_median_difference <= 4. Validation images are never duplicated.",963116078893679b859c2d5150a1ba90700ad207c54ae385a1b6acac255b98a8
002_20200905_163922(9),2,train,False,1,0,1,small_low_2x,"Within the training partition only, duplicate once each image containing at least one GT object with bbox_min_side_px <= 8 and absolute_median_difference <= 4. Validation images are never duplicated.",963116078893679b859c2d5150a1ba90700ad207c54ae385a1b6acac255b98a8
002_20200905_163924(2),3,train,False,1,0,1,small_low_2x,"Within the training partition only, duplicate once each image containing at least one GT object with bbox_min_side_px <= 8 and absolute_median_difference <= 4. Validation images are never duplicated.",963116078893679b859c2d5150a1ba90700ad207c54ae385a1b6acac255b98a8
002_20200905_163926(4),2,train,False,1,0,1,small_low_2x,"Within the training partition only, duplicate once each image containing at least one GT object with bbox_min_side_px <= 8 and absolute_median_difference <= 4. Validation images are never duplicated.",963116078893679b859c2d5150a1ba90700ad207c54ae385a1b6acac255b98a8
002_20200905_163928(3),3,train,False,1,0,1,small_low_2x,"Within the training partition only, duplicate once each image containing at least one GT object with bbox_min_side_px <= 8 and absolute_median_difference <= 4. Validation images are never duplicated.",963116078893679b859c2d5150a1ba90700ad207c54ae385a1b6acac255b98a8
002_20200905_163929(7),2,train,False,1,0,1,small_low_2x,"Within the training partition only, duplicate once each image containing at least one GT object with bbox_min_side_px <= 8 and absolute_median_difference <= 4. Validation images are never duplicated.",963116078893679b859c2d5150a1ba90700ad207c54ae385a1b6acac255b98a8
002_20200905_163932(3),3,train,False,1,0,1,small_low_2x,"Within the training partition only, duplicate once each image containing at least one GT object with bbox_min_side_px <= 8 and absolute_median_difference <= 4. Validation images are never duplicated.",963116078893679b859c2d5150a1ba90700ad207c54ae385a1b6acac255b98a8
002_20200905_163932(9),2,train,False,1,0,1,small_low_2x,"Within the training partition only, duplicate once each image containing at least one GT object with bbox_min_side_px <= 8 and absolute_median_difference <= 4. Validation images are never duplicated.",963116078893679b859c2d5150a1ba90700ad207c54ae385a1b6acac255b98a8
002_20200905_163936(2),2,train,False,1,0,1,small_low_2x,"Within the training partition only, duplicate once each image containing at least one GT object with bbox_min_side_px <= 8 and absolute_median_difference <= 4. Validation images are never duplicated.",963116078893679b859c2d5150a1ba90700ad207c54ae385a1b6acac255b98a8
002_20200905_163936(3),3,train,False,1,0,1,small_low_2x,"Within the training partition only, duplicate once each image containing at least one GT object with bbox_min_side_px <= 8 and absolute_median_difference <= 4. Validation images are never duplicated.",963116078893679b859c2d5150a1ba90700ad207c54ae385a1b6acac255b98a8
002_20200905_163939(7),2,train,False,1,0,1,small_low_2x,"Within the training partition only, duplicate once each image containing at least one GT object with bbox_min_side_px <= 8 and absolute_median_difference <= 4. Validation images are never duplicated.",963116078893679b859c2d5150a1ba90700ad207c54ae385a1b6acac255b98a8
002_20200905_163940(2),3,train,True,1,1,2,small_low_2x,"Within the training partition only, duplicate once each image containing at least one GT object with bbox_min_side_px <= 8 and absolute_median_difference <= 4. Validation images are never duplicated.",963116078893679b859c2d5150a1ba90700ad207c54ae385a1b6acac255b98a8
002_20200905_203836(3),2,train,False,1,0,1,small_low_2x,"Within the training partition only, duplicate once each image containing at least one GT object with bbox_min_side_px <= 8 and absolute_median_difference <= 4. Validation images are never duplicated.",963116078893679b859c2d5150a1ba90700ad207c54ae385a1b6acac255b98a8
002_20200905_203840(3),2,train,False,1,0,1,small_low_2x,"Within the training partition only, duplicate once each image containing at least one GT object with bbox_min_side_px <= 8 and absolute_median_difference <= 4. Validation images are never duplicated.",963116078893679b859c2d5150a1ba90700ad207c54ae385a1b6acac255b98a8
002_20200905_203844(2),2,train,False,1,0,1,small_low_2x,"Within the training partition only, duplicate once each image containing at least one GT object with bbox_min_side_px <= 8 and absolute_median_difference <= 4. Validation images are never duplicated.",963116078893679b859c2d5150a1ba90700ad207c54ae385a1b6acac255b98a8
002_20200905_203848(4),2,train,False,1,0,1,small_low_2x,"Within the training partition only, duplicate once each image containing at least one GT object with bbox_min_side_px <= 8 and absolute_median_difference <= 4. Validation images are never duplicated.",963116078893679b859c2d5150a1ba90700ad207c54ae385a1b6acac255b98a8
002_20200905_203856(3),2,train,False,1,0,1,small_low_2x,"Within the training partition only, duplicate once each image containing at least one GT object with bbox_min_side_px <= 8 and absolute_median_difference <= 4. Validation images are never duplicated.",963116078893679b859c2d5150a1ba90700ad207c54ae385a1b6acac255b98a8
002_20200905_203900(3),2,train,False,1,0,1,small_low_2x,"Within the training partition only, duplicate once each image containing at least one GT object with bbox_min_side_px <= 8 and absolute_median_difference <= 4. Validation images are never duplicated.",963116078893679b859c2d5150a1ba90700ad207c54ae385a1b6acac255b98a8
002_20200906_003059(0),2,train,False,1,0,1,small_low_2x,"Within the training partition only, duplicate once each image containing at least one GT object with bbox_min_side_px <= 8 and absolute_median_difference <= 4. Validation images are never duplicated.",963116078893679b859c2d5150a1ba90700ad207c54ae385a1b6acac255b98a8
002_20200906_003114(0),4,train,False,1,0,1,small_low_2x,"Within the training partition only, duplicate once each image containing at least one GT object with bbox_min_side_px <= 8 and absolute_median_difference <= 4. Validation images are never duplicated.",963116078893679b859c2d5150a1ba90700ad207c54ae385a1b6acac255b98a8
002_20200906_003117(3),4,train,False,1,0,1,small_low_2x,"Within the training partition only, duplicate once each image containing at least one GT object with bbox_min_side_px <= 8 and absolute_median_difference <= 4. Validation images are never duplicated.",963116078893679b859c2d5150a1ba90700ad207c54ae385a1b6acac255b98a8
002_20200906_003120(8),4,train,False,1,0,1,small_low_2x,"Within the training partition only, duplicate once each image containing at least one GT object with bbox_min_side_px <= 8 and absolute_median_difference <= 4. Validation images are never duplicated.",963116078893679b859c2d5150a1ba90700ad207c54ae385a1b6acac255b98a8
002_20200906_003124(0),4,train,False,1,0,1,small_low_2x,"Within the training partition only, duplicate once each image containing at least one GT object with bbox_min_side_px <= 8 and absolute_median_difference <= 4. Validation images are never duplicated.",963116078893679b859c2d5150a1ba90700ad207c54ae385a1b6acac255b98a8
002_20200906_003127(3),4,train,False,1,0,1,small_low_2x,"Within the training partition only, duplicate once each image containing at least one GT object with bbox_min_side_px <= 8 and absolute_median_difference <= 4. Validation images are never duplicated.",963116078893679b859c2d5150a1ba90700ad207c54ae385a1b6acac255b98a8
002_20200906_003130(7),4,train,False,1,0,1,small_low_2x,"Within the training partition only, duplicate once each image containing at least one GT object with bbox_min_side_px <= 8 and absolute_median_difference <= 4. Validation images are never duplicated.",963116078893679b859c2d5150a1ba90700ad207c54ae385a1b6acac255b98a8
002_20200907_184813(1),4,train,True,1,1,2,small_low_2x,"Within the training partition only, duplicate once each image containing at least one GT object with bbox_min_side_px <= 8 and absolute_median_difference <= 4. Validation images are never duplicated.",963116078893679b859c2d5150a1ba90700ad207c54ae385a1b6acac255b98a8
002_20200907_184815(7),4,train,False,1,0,1,small_low_2x,"Within the training partition only, duplicate once each image containing at least one GT object with bbox_min_side_px <= 8 and absolute_median_difference <= 4. Validation images are never duplicated.",963116078893679b859c2d5150a1ba90700ad207c54ae385a1b6acac255b98a8
002_20200907_184818(2),4,train,True,1,1,2,small_low_2x,"Within the training partition only, duplicate once each image containing at least one GT object with bbox_min_side_px <= 8 and absolute_median_difference <= 4. Validation images are never duplicated.",963116078893679b859c2d5150a1ba90700ad207c54ae385a1b6acac255b98a8
002_20200907_184823(7),4,train,True,1,1,2,small_low_2x,"Within the training partition only, duplicate once each image containing at least one GT object with bbox_min_side_px <= 8 and absolute_median_difference <= 4. Validation images are never duplicated.",963116078893679b859c2d5150a1ba90700ad207c54ae385a1b6acac255b98a8
002_20200907_184826(3),4,train,True,1,1,2,small_low_2x,"Within the training partition only, duplicate once each image containing at least one GT object with bbox_min_side_px <= 8 and absolute_median_difference <= 4. Validation images are never duplicated.",963116078893679b859c2d5150a1ba90700ad207c54ae385a1b6acac255b98a8
002_20200907_184828(8),4,train,False,1,0,1,small_low_2x,"Within the training partition only, duplicate once each image containing at least one GT object with bbox_min_side_px <= 8 and absolute_median_difference <= 4. Validation images are never duplicated.",963116078893679b859c2d5150a1ba90700ad207c54ae385a1b6acac255b98a8
002_20200907_204635(5),3,train,False,1,0,1,small_low_2x,"Within the training partition only, duplicate once each image containing at least one GT object with bbox_min_side_px <= 8 and absolute_median_difference <= 4. Validation images are never duplicated.",963116078893679b859c2d5150a1ba90700ad207c54ae385a1b6acac255b98a8
002_20200907_204640(0),3,train,False,1,0,1,small_low_2x,"Within the training partition only, duplicate once each image containing at least one GT object with bbox_min_side_px <= 8 and absolute_median_difference <= 4. Validation images are never duplicated.",963116078893679b859c2d5150a1ba90700ad207c54ae385a1b6acac255b98a8
002_20200907_204644(5),3,train,False,1,0,1,small_low_2x,"Within the training partition only, duplicate once each image containing at least one GT object with bbox_min_side_px <= 8 and absolute_median_difference <= 4. Validation images are never duplicated.",963116078893679b859c2d5150a1ba90700ad207c54ae385a1b6acac255b98a8
002_20200907_204649(0),3,train,False,1,0,1,small_low_2x,"Within the training partition only, duplicate once each image containing at least one GT object with bbox_min_side_px <= 8 and absolute_median_difference <= 4. Validation images are never duplicated.",963116078893679b859c2d5150a1ba90700ad207c54ae385a1b6acac255b98a8
002_20200907_204653(4),3,train,False,1,0,1,small_low_2x,"Within the training partition only, duplicate once each image containing at least one GT object with bbox_min_side_px <= 8 and absolute_median_difference <= 4. Validation images are never duplicated.",963116078893679b859c2d5150a1ba90700ad207c54ae385a1b6acac255b98a8
001_20200622_203330(3),1,validation,False,1,0,1,small_low_2x,Validation is never oversampled.,963116078893679b859c2d5150a1ba90700ad207c54ae385a1b6acac255b98a8
001_20200623_003516(8),1,validation,False,1,0,1,small_low_2x,Validation is never oversampled.,963116078893679b859c2d5150a1ba90700ad207c54ae385a1b6acac255b98a8
001_20200623_003520(5),1,validation,False,1,0,1,small_low_2x,Validation is never oversampled.,963116078893679b859c2d5150a1ba90700ad207c54ae385a1b6acac255b98a8
001_20200623_003524(0),1,validation,False,1,0,1,small_low_2x,Validation is never oversampled.,963116078893679b859c2d5150a1ba90700ad207c54ae385a1b6acac255b98a8
001_20200623_003529(0),1,validation,False,1,0,1,small_low_2x,Validation is never oversampled.,963116078893679b859c2d5150a1ba90700ad207c54ae385a1b6acac255b98a8
001_20200623_003532(5),1,validation,False,1,0,1,small_low_2x,Validation is never oversampled.,963116078893679b859c2d5150a1ba90700ad207c54ae385a1b6acac255b98a8
001_20200623_003536(0),1,validation,False,1,0,1,small_low_2x,Validation is never oversampled.,963116078893679b859c2d5150a1ba90700ad207c54ae385a1b6acac255b98a8
001_20200623_082407(9),1,validation,False,1,0,1,small_low_2x,Validation is never oversampled.,963116078893679b859c2d5150a1ba90700ad207c54ae385a1b6acac255b98a8
001_20200623_082411(0),1,validation,False,1,0,1,small_low_2x,Validation is never oversampled.,963116078893679b859c2d5150a1ba90700ad207c54ae385a1b6acac255b98a8
001_20200623_082414(1),1,validation,False,1,0,1,small_low_2x,Validation is never oversampled.,963116078893679b859c2d5150a1ba90700ad207c54ae385a1b6acac255b98a8
001_20200623_082416(7),1,validation,False,1,0,1,small_low_2x,Validation is never oversampled.,963116078893679b859c2d5150a1ba90700ad207c54ae385a1b6acac255b98a8
001_20200623_082419(6),1,validation,False,1,0,1,small_low_2x,Validation is never oversampled.,963116078893679b859c2d5150a1ba90700ad207c54ae385a1b6acac255b98a8
001_20200623_082422(5),1,validation,False,1,0,1,small_low_2x,Validation is never oversampled.,963116078893679b859c2d5150a1ba90700ad207c54ae385a1b6acac255b98a8
001_20200624_043315(2),1,validation,False,1,0,1,small_low_2x,Validation is never oversampled.,963116078893679b859c2d5150a1ba90700ad207c54ae385a1b6acac255b98a8
001_20200624_043324(2),1,validation,False,1,0,1,small_low_2x,Validation is never oversampled.,963116078893679b859c2d5150a1ba90700ad207c54ae385a1b6acac255b98a8
001_20200624_043328(7),1,validation,False,1,0,1,small_low_2x,Validation is never oversampled.,963116078893679b859c2d5150a1ba90700ad207c54ae385a1b6acac255b98a8
001_20200624_043333(2),1,validation,False,1,0,1,small_low_2x,Validation is never oversampled.,963116078893679b859c2d5150a1ba90700ad207c54ae385a1b6acac255b98a8
001_20200624_043337(8),1,validation,False,1,0,1,small_low_2x,Validation is never oversampled.,963116078893679b859c2d5150a1ba90700ad207c54ae385a1b6acac255b98a8
001_20200624_083150(7),1,validation,False,1,0,1,small_low_2x,Validation is never oversampled.,963116078893679b859c2d5150a1ba90700ad207c54ae385a1b6acac255b98a8
001_20200624_083153(8),1,validation,False,1,0,1,small_low_2x,Validation is never oversampled.,963116078893679b859c2d5150a1ba90700ad207c54ae385a1b6acac255b98a8
001_20200624_083156(9),1,validation,False,1,0,1,small_low_2x,Validation is never oversampled.,963116078893679b859c2d5150a1ba90700ad207c54ae385a1b6acac255b98a8
001_20200624_083159(6),1,validation,False,1,0,1,small_low_2x,Validation is never oversampled.,963116078893679b859c2d5150a1ba90700ad207c54ae385a1b6acac255b98a8
001_20200624_083202(6),1,validation,False,1,0,1,small_low_2x,Validation is never oversampled.,963116078893679b859c2d5150a1ba90700ad207c54ae385a1b6acac255b98a8
001_20200624_083205(7),1,validation,False,1,0,1,small_low_2x,Validation is never oversampled.,963116078893679b859c2d5150a1ba90700ad207c54ae385a1b6acac255b98a8
001_20200727_204954(7),1,validation,True,1,0,1,small_low_2x,Validation is never oversampled.,963116078893679b859c2d5150a1ba90700ad207c54ae385a1b6acac255b98a8
001_20200727_204958(2),1,validation,True,1,0,1,small_low_2x,Validation is never oversampled.,963116078893679b859c2d5150a1ba90700ad207c54ae385a1b6acac255b98a8
001_20200728_123129(2),1,validation,False,1,0,1,small_low_2x,Validation is never oversampled.,963116078893679b859c2d5150a1ba90700ad207c54ae385a1b6acac255b98a8
001_20200728_123132(4),1,validation,False,1,0,1,small_low_2x,Validation is never oversampled.,963116078893679b859c2d5150a1ba90700ad207c54ae385a1b6acac255b98a8
001_20200810_203208(7),1,validation,False,1,0,1,small_low_2x,Validation is never oversampled.,963116078893679b859c2d5150a1ba90700ad207c54ae385a1b6acac255b98a8
001_20200810_203212(6),1,validation,False,1,0,1,small_low_2x,Validation is never oversampled.,963116078893679b859c2d5150a1ba90700ad207c54ae385a1b6acac255b98a8
001_20200811_043037(3),1,validation,False,1,0,1,small_low_2x,Validation is never oversampled.,963116078893679b859c2d5150a1ba90700ad207c54ae385a1b6acac255b98a8
001_20200811_043041(6),1,validation,False,1,0,1,small_low_2x,Validation is never oversampled.,963116078893679b859c2d5150a1ba90700ad207c54ae385a1b6acac255b98a8
001_20200814_163101(7),1,validation,False,1,0,1,small_low_2x,Validation is never oversampled.,963116078893679b859c2d5150a1ba90700ad207c54ae385a1b6acac255b98a8
001_20200814_163105(1),1,validation,False,1,0,1,small_low_2x,Validation is never oversampled.,963116078893679b859c2d5150a1ba90700ad207c54ae385a1b6acac255b98a8
001_20200818_083159(7),1,validation,False,1,0,1,small_low_2x,Validation is never oversampled.,963116078893679b859c2d5150a1ba90700ad207c54ae385a1b6acac255b98a8
001_20200818_123634(4),1,validation,False,1,0,1,small_low_2x,Validation is never oversampled.,963116078893679b859c2d5150a1ba90700ad207c54ae385a1b6acac255b98a8
001_20200819_124414(0),1,validation,True,1,0,1,small_low_2x,Validation is never oversampled.,963116078893679b859c2d5150a1ba90700ad207c54ae385a1b6acac255b98a8
001_20200819_124415(9),1,validation,False,1,0,1,small_low_2x,Validation is never oversampled.,963116078893679b859c2d5150a1ba90700ad207c54ae385a1b6acac255b98a8
001_20200826_123711(3),1,validation,False,1,0,1,small_low_2x,Validation is never oversampled.,963116078893679b859c2d5150a1ba90700ad207c54ae385a1b6acac255b98a8
001_20200826_123714(5),1,validation,False,1,0,1,small_low_2x,Validation is never oversampled.,963116078893679b859c2d5150a1ba90700ad207c54ae385a1b6acac255b98a8
001_20200831_083711(6),1,validation,False,1,0,1,small_low_2x,Validation is never oversampled.,963116078893679b859c2d5150a1ba90700ad207c54ae385a1b6acac255b98a8
001_20200831_083714(8),1,validation,False,1,0,1,small_low_2x,Validation is never oversampled.,963116078893679b859c2d5150a1ba90700ad207c54ae385a1b6acac255b98a8
002_20200622_203121(4),1,validation,True,1,0,1,small_low_2x,Validation is never oversampled.,963116078893679b859c2d5150a1ba90700ad207c54ae385a1b6acac255b98a8
002_20200623_082249(3),1,validation,False,1,0,1,small_low_2x,Validation is never oversampled.,963116078893679b859c2d5150a1ba90700ad207c54ae385a1b6acac255b98a8
002_20200623_082253(8),1,validation,False,1,0,1,small_low_2x,Validation is never oversampled.,963116078893679b859c2d5150a1ba90700ad207c54ae385a1b6acac255b98a8
002_20200623_082258(4),1,validation,False,1,0,1,small_low_2x,Validation is never oversampled.,963116078893679b859c2d5150a1ba90700ad207c54ae385a1b6acac255b98a8
002_20200623_082258(6),1,validation,False,1,0,1,small_low_2x,Validation is never oversampled.,963116078893679b859c2d5150a1ba90700ad207c54ae385a1b6acac255b98a8
002_20200623_082302(6),1,validation,False,1,0,1,small_low_2x,Validation is never oversampled.,963116078893679b859c2d5150a1ba90700ad207c54ae385a1b6acac255b98a8
002_20200623_082302(7),1,validation,False,1,0,1,small_low_2x,Validation is never oversampled.,963116078893679b859c2d5150a1ba90700ad207c54ae385a1b6acac255b98a8
002_20200623_082306(5),1,validation,False,1,0,1,small_low_2x,Validation is never oversampled.,963116078893679b859c2d5150a1ba90700ad207c54ae385a1b6acac255b98a8
002_20200623_082307(2),1,validation,False,1,0,1,small_low_2x,Validation is never oversampled.,963116078893679b859c2d5150a1ba90700ad207c54ae385a1b6acac255b98a8
002_20200623_082310(6),1,validation,True,1,0,1,small_low_2x,Validation is never oversampled.,963116078893679b859c2d5150a1ba90700ad207c54ae385a1b6acac255b98a8
002_20200623_082311(8),1,validation,False,1,0,1,small_low_2x,Validation is never oversampled.,963116078893679b859c2d5150a1ba90700ad207c54ae385a1b6acac255b98a8
002_20200623_082314(4),1,validation,True,1,0,1,small_low_2x,Validation is never oversampled.,963116078893679b859c2d5150a1ba90700ad207c54ae385a1b6acac255b98a8
002_20200623_082318(5),1,validation,True,1,0,1,small_low_2x,Validation is never oversampled.,963116078893679b859c2d5150a1ba90700ad207c54ae385a1b6acac255b98a8
002_20200624_083045(5),1,validation,False,1,0,1,small_low_2x,Validation is never oversampled.,963116078893679b859c2d5150a1ba90700ad207c54ae385a1b6acac255b98a8
002_20200624_083049(6),1,validation,False,1,0,1,small_low_2x,Validation is never oversampled.,963116078893679b859c2d5150a1ba90700ad207c54ae385a1b6acac255b98a8
002_20200624_083053(3),1,validation,False,1,0,1,small_low_2x,Validation is never oversampled.,963116078893679b859c2d5150a1ba90700ad207c54ae385a1b6acac255b98a8
002_20200624_083057(4),1,validation,True,1,0,1,small_low_2x,Validation is never oversampled.,963116078893679b859c2d5150a1ba90700ad207c54ae385a1b6acac255b98a8
002_20200624_083101(4),1,validation,False,1,0,1,small_low_2x,Validation is never oversampled.,963116078893679b859c2d5150a1ba90700ad207c54ae385a1b6acac255b98a8
002_20200624_083105(5),1,validation,True,1,0,1,small_low_2x,Validation is never oversampled.,963116078893679b859c2d5150a1ba90700ad207c54ae385a1b6acac255b98a8
002_20200624_123144(0),1,validation,False,1,0,1,small_low_2x,Validation is never oversampled.,963116078893679b859c2d5150a1ba90700ad207c54ae385a1b6acac255b98a8
002_20200624_123148(2),1,validation,False,1,0,1,small_low_2x,Validation is never oversampled.,963116078893679b859c2d5150a1ba90700ad207c54ae385a1b6acac255b98a8
002_20200624_123152(7),1,validation,True,1,0,1,small_low_2x,Validation is never oversampled.,963116078893679b859c2d5150a1ba90700ad207c54ae385a1b6acac255b98a8
002_20200624_123157(4),1,validation,False,1,0,1,small_low_2x,Validation is never oversampled.,963116078893679b859c2d5150a1ba90700ad207c54ae385a1b6acac255b98a8
002_20200624_123201(7),1,validation,False,1,0,1,small_low_2x,Validation is never oversampled.,963116078893679b859c2d5150a1ba90700ad207c54ae385a1b6acac255b98a8
002_20200624_123206(2),1,validation,False,1,0,1,small_low_2x,Validation is never oversampled.,963116078893679b859c2d5150a1ba90700ad207c54ae385a1b6acac255b98a8
002_20200624_162522(0),1,validation,False,1,0,1,small_low_2x,Validation is never oversampled.,963116078893679b859c2d5150a1ba90700ad207c54ae385a1b6acac255b98a8
002_20200624_162527(8),1,validation,True,1,0,1,small_low_2x,Validation is never oversampled.,963116078893679b859c2d5150a1ba90700ad207c54ae385a1b6acac255b98a8
002_20200624_162531(7),1,validation,True,1,0,1,small_low_2x,Validation is never oversampled.,963116078893679b859c2d5150a1ba90700ad207c54ae385a1b6acac255b98a8
002_20200624_162536(8),1,validation,True,1,0,1,small_low_2x,Validation is never oversampled.,963116078893679b859c2d5150a1ba90700ad207c54ae385a1b6acac255b98a8
002_20200624_162540(3),1,validation,False,1,0,1,small_low_2x,Validation is never oversampled.,963116078893679b859c2d5150a1ba90700ad207c54ae385a1b6acac255b98a8
002_20200624_162543(7),1,validation,False,1,0,1,small_low_2x,Validation is never oversampled.,963116078893679b859c2d5150a1ba90700ad207c54ae385a1b6acac255b98a8
002_20200624_162708(9),1,validation,False,1,0,1,small_low_2x,Validation is never oversampled.,963116078893679b859c2d5150a1ba90700ad207c54ae385a1b6acac255b98a8
002_20200624_162713(4),1,validation,False,1,0,1,small_low_2x,Validation is never oversampled.,963116078893679b859c2d5150a1ba90700ad207c54ae385a1b6acac255b98a8
002_20200624_162717(9),1,validation,True,1,0,1,small_low_2x,Validation is never oversampled.,963116078893679b859c2d5150a1ba90700ad207c54ae385a1b6acac255b98a8
002_20200624_162722(4),1,validation,False,1,0,1,small_low_2x,Validation is never oversampled.,963116078893679b859c2d5150a1ba90700ad207c54ae385a1b6acac255b98a8
002_20200624_203003(9),1,validation,False,1,0,1,small_low_2x,Validation is never oversampled.,963116078893679b859c2d5150a1ba90700ad207c54ae385a1b6acac255b98a8
002_20200624_203021(9),1,validation,False,1,0,1,small_low_2x,Validation is never oversampled.,963116078893679b859c2d5150a1ba90700ad207c54ae385a1b6acac255b98a8
002_20200624_203026(4),1,validation,False,1,0,1,small_low_2x,Validation is never oversampled.,963116078893679b859c2d5150a1ba90700ad207c54ae385a1b6acac255b98a8
002_20200625_003352(9),1,validation,True,1,0,1,small_low_2x,Validation is never oversampled.,963116078893679b859c2d5150a1ba90700ad207c54ae385a1b6acac255b98a8
002_20200625_003357(4),1,validation,False,1,0,1,small_low_2x,Validation is never oversampled.,963116078893679b859c2d5150a1ba90700ad207c54ae385a1b6acac255b98a8
002_20200625_003401(8),1,validation,False,1,0,1,small_low_2x,Validation is never oversampled.,963116078893679b859c2d5150a1ba90700ad207c54ae385a1b6acac255b98a8
002_20200625_003406(3),1,validation,False,1,0,1,small_low_2x,Validation is never oversampled.,963116078893679b859c2d5150a1ba90700ad207c54ae385a1b6acac255b98a8
002_20200625_003410(8),1,validation,False,1,0,1,small_low_2x,Validation is never oversampled.,963116078893679b859c2d5150a1ba90700ad207c54ae385a1b6acac255b98a8
002_20200625_003415(4),1,validation,False,1,0,1,small_low_2x,Validation is never oversampled.,963116078893679b859c2d5150a1ba90700ad207c54ae385a1b6acac255b98a8
002_20200629_123442(5),1,validation,False,1,0,1,small_low_2x,Validation is never oversampled.,963116078893679b859c2d5150a1ba90700ad207c54ae385a1b6acac255b98a8
002_20200629_123447(0),1,validation,True,1,0,1,small_low_2x,Validation is never oversampled.,963116078893679b859c2d5150a1ba90700ad207c54ae385a1b6acac255b98a8
002_20200629_123451(5),1,validation,False,1,0,1,small_low_2x,Validation is never oversampled.,963116078893679b859c2d5150a1ba90700ad207c54ae385a1b6acac255b98a8
002_20200629_123456(0),1,validation,True,1,0,1,small_low_2x,Validation is never oversampled.,963116078893679b859c2d5150a1ba90700ad207c54ae385a1b6acac255b98a8
002_20200629_123500(5),1,validation,False,1,0,1,small_low_2x,Validation is never oversampled.,963116078893679b859c2d5150a1ba90700ad207c54ae385a1b6acac255b98a8
002_20200629_123505(0),1,validation,False,1,0,1,small_low_2x,Validation is never oversampled.,963116078893679b859c2d5150a1ba90700ad207c54ae385a1b6acac255b98a8
002_20200714_083054(2),1,validation,True,1,0,1,small_low_2x,Validation is never oversampled.,963116078893679b859c2d5150a1ba90700ad207c54ae385a1b6acac255b98a8
002_20200714_083057(5),1,validation,True,1,0,1,small_low_2x,Validation is never oversampled.,963116078893679b859c2d5150a1ba90700ad207c54ae385a1b6acac255b98a8
002_20200714_083101(7),1,validation,False,1,0,1,small_low_2x,Validation is never oversampled.,963116078893679b859c2d5150a1ba90700ad207c54ae385a1b6acac255b98a8
002_20200714_083106(2),1,validation,False,1,0,1,small_low_2x,Validation is never oversampled.,963116078893679b859c2d5150a1ba90700ad207c54ae385a1b6acac255b98a8
002_20200714_083110(8),1,validation,False,1,0,1,small_low_2x,Validation is never oversampled.,963116078893679b859c2d5150a1ba90700ad207c54ae385a1b6acac255b98a8
002_20200714_083115(1),1,validation,False,1,0,1,small_low_2x,Validation is never oversampled.,963116078893679b859c2d5150a1ba90700ad207c54ae385a1b6acac255b98a8
002_20200715_002443(4),1,validation,False,1,0,1,small_low_2x,Validation is never oversampled.,963116078893679b859c2d5150a1ba90700ad207c54ae385a1b6acac255b98a8
002_20200715_002447(9),1,validation,False,1,0,1,small_low_2x,Validation is never oversampled.,963116078893679b859c2d5150a1ba90700ad207c54ae385a1b6acac255b98a8
002_20200715_002456(9),1,validation,False,1,0,1,small_low_2x,Validation is never oversampled.,963116078893679b859c2d5150a1ba90700ad207c54ae385a1b6acac255b98a8
002_20200901_043133(6),1,validation,False,1,0,1,small_low_2x,Validation is never oversampled.,963116078893679b859c2d5150a1ba90700ad207c54ae385a1b6acac255b98a8
002_20200901_043136(6),1,validation,False,1,0,1,small_low_2x,Validation is never oversampled.,963116078893679b859c2d5150a1ba90700ad207c54ae385a1b6acac255b98a8
002_20200901_043139(6),1,validation,False,1,0,1,small_low_2x,Validation is never oversampled.,963116078893679b859c2d5150a1ba90700ad207c54ae385a1b6acac255b98a8
002_20200901_043142(6),1,validation,False,1,0,1,small_low_2x,Validation is never oversampled.,963116078893679b859c2d5150a1ba90700ad207c54ae385a1b6acac255b98a8
002_20200901_043145(5),1,validation,False,1,0,1,small_low_2x,Validation is never oversampled.,963116078893679b859c2d5150a1ba90700ad207c54ae385a1b6acac255b98a8
002_20200901_043148(6),1,validation,False,1,0,1,small_low_2x,Validation is never oversampled.,963116078893679b859c2d5150a1ba90700ad207c54ae385a1b6acac255b98a8
002_20200905_043156(0),1,validation,False,1,0,1,small_low_2x,Validation is never oversampled.,963116078893679b859c2d5150a1ba90700ad207c54ae385a1b6acac255b98a8
002_20200905_043200(0),1,validation,False,1,0,1,small_low_2x,Validation is never oversampled.,963116078893679b859c2d5150a1ba90700ad207c54ae385a1b6acac255b98a8
002_20200905_043204(0),1,validation,False,1,0,1,small_low_2x,Validation is never oversampled.,963116078893679b859c2d5150a1ba90700ad207c54ae385a1b6acac255b98a8
002_20200905_043208(0),1,validation,True,1,0,1,small_low_2x,Validation is never oversampled.,963116078893679b859c2d5150a1ba90700ad207c54ae385a1b6acac255b98a8
002_20200905_043212(1),1,validation,True,1,0,1,small_low_2x,Validation is never oversampled.,963116078893679b859c2d5150a1ba90700ad207c54ae385a1b6acac255b98a8
002_20200905_043216(0),1,validation,False,1,0,1,small_low_2x,Validation is never oversampled.,963116078893679b859c2d5150a1ba90700ad207c54ae385a1b6acac255b98a8
002_20200905_204033(3),1,validation,False,1,0,1,small_low_2x,Validation is never oversampled.,963116078893679b859c2d5150a1ba90700ad207c54ae385a1b6acac255b98a8
002_20200905_204039(5),1,validation,False,1,0,1,small_low_2x,Validation is never oversampled.,963116078893679b859c2d5150a1ba90700ad207c54ae385a1b6acac255b98a8
002_20200905_204042(9),1,validation,True,1,0,1,small_low_2x,Validation is never oversampled.,963116078893679b859c2d5150a1ba90700ad207c54ae385a1b6acac255b98a8
002_20200905_204046(0),1,validation,True,1,0,1,small_low_2x,Validation is never oversampled.,963116078893679b859c2d5150a1ba90700ad207c54ae385a1b6acac255b98a8
002_20200905_204049(1),1,validation,True,1,0,1,small_low_2x,Validation is never oversampled.,963116078893679b859c2d5150a1ba90700ad207c54ae385a1b6acac255b98a8
002_20200905_204052(3),1,validation,False,1,0,1,small_low_2x,Validation is never oversampled.,963116078893679b859c2d5150a1ba90700ad207c54ae385a1b6acac255b98a8
002_20200906_003114(8),1,validation,False,1,0,1,small_low_2x,Validation is never oversampled.,963116078893679b859c2d5150a1ba90700ad207c54ae385a1b6acac255b98a8
002_20200906_003118(7),1,validation,False,1,0,1,small_low_2x,Validation is never oversampled.,963116078893679b859c2d5150a1ba90700ad207c54ae385a1b6acac255b98a8
002_20200906_003122(7),1,validation,False,1,0,1,small_low_2x,Validation is never oversampled.,963116078893679b859c2d5150a1ba90700ad207c54ae385a1b6acac255b98a8
002_20200906_003126(8),1,validation,True,1,0,1,small_low_2x,Validation is never oversampled.,963116078893679b859c2d5150a1ba90700ad207c54ae385a1b6acac255b98a8
002_20200906_003132(7),1,validation,True,1,0,1,small_low_2x,Validation is never oversampled.,963116078893679b859c2d5150a1ba90700ad207c54ae385a1b6acac255b98a8
