stem,fold_id,width,height,gt_boxes_json,prediction_boxes_json,prediction_count_at_floor,confidence_floor
001_20200622_203305(8),2,576,444,"[[362.0,189.99999999999997,368.00000000000006,198.0],[363.0,218.0,371.0,228.0],[368.0,255.0,379.0,267.0]]","[{""bbox"":[361.4322814941406,218.62808227539062,374.578857421875,232.3367156982422],""confidence"":0.6245348453521729},{""bbox"":[365.7795715332031,255.49365234375,379.0944519042969,268.903076171875],""confidence"":0.6033483743667603},{""bbox"":[356.567138671875,185.494140625,370.7421569824219,198.94383239746094],""confidence"":0.6005697846412659},{""bbox"":[363.21435546875,256.3214111328125,376.5568542480469,268.670654296875],""confidence"":0.07213132083415985},{""bbox"":[364.000732421875,217.97462463378906,378.4048767089844,231.27059936523438],""confidence"":0.019805634394288063},{""bbox"":[355.5571594238281,185.02745056152344,373.29833984375,205.01202392578125],""confidence"":0.015005660243332386},{""bbox"":[361.4049072265625,217.8701934814453,378.9928283691406,234.53414916992188],""confidence"":0.014341377653181553},{""bbox"":[354.9734802246094,182.12191772460938,369.0091552734375,197.65280151367188],""confidence"":0.012072736397385597},{""bbox"":[356.2851867675781,219.83743286132812,370.06707763671875,231.35154724121094],""confidence"":0.006796012632548809},{""bbox"":[357.25115966796875,182.3082275390625,372.5788269042969,198.26849365234375],""confidence"":0.003628774778917432},{""bbox"":[355.3836364746094,190.272705078125,369.0661315917969,205.02174377441406],""confidence"":0.002760977251455188},{""bbox"":[356.0789489746094,221.52040100097656,369.1596984863281,233.87596130371094],""confidence"":0.001693683210760355}]",12,0.001
001_20200622_203309(1),2,576,444,"[[369.0,173.0,379.0,184.0],[366.00000000000006,201.0,378.0,215.0],[368.00000000000006,241.0,376.0,254.99999999999997]]","[{""bbox"":[364.7213439941406,241.4226837158203,378.4360046386719,254.89532470703125],""confidence"":0.6333062052726746},{""bbox"":[365.11370849609375,204.9214324951172,378.9728698730469,218.5921630859375],""confidence"":0.6307377815246582},{""bbox"":[365.918701171875,170.50709533691406,380.0782165527344,184.3857421875],""confidence"":0.5906115770339966},{""bbox"":[362.6611328125,242.26039123535156,376.2710876464844,255.84783935546875],""confidence"":0.09152085334062576},{""bbox"":[363.0196838378906,203.54248046875,376.2682189941406,216.7855224609375],""confidence"":0.038919150829315186},{""bbox"":[362.8631896972656,205.86044311523438,376.913818359375,219.80780029296875],""confidence"":0.03730061277747154},{""bbox"":[362.898681640625,239.86721801757812,375.8868103027344,253.43385314941406],""confidence"":0.01648809015750885},{""bbox"":[363.8857116699219,170.6344757080078,383.06939697265625,190.94699096679688],""confidence"":0.014746353030204773},{""bbox"":[369.5611267089844,171.72142028808594,385.6160888671875,186.46902465820312],""confidence"":0.008990958333015442},{""bbox"":[504.9582214355469,263.7456359863281,516.1627197265625,274.8804931640625],""confidence"":0.0021594082936644554},{""bbox"":[362.6119689941406,167.48036193847656,377.333740234375,183.0531463623047],""confidence"":0.0021077473647892475},{""bbox"":[362.524658203125,174.56472778320312,377.3804626464844,191.40347290039062],""confidence"":0.0010670983465388417}]",12,0.001
001_20200622_203312(6),2,576,444,"[[357.0,187.0,366.0,198.0],[357.00000000000006,218.00000000000003,369.0,232.0],[356.0,256.0,369.0,268.0]]","[{""bbox"":[355.1982421875,256.6565246582031,368.8865661621094,270.3428039550781],""confidence"":0.6390761733055115},{""bbox"":[354.9161376953125,219.44113159179688,368.16424560546875,233.07681274414062],""confidence"":0.6334948539733887},{""bbox"":[354.7189025878906,185.54759216308594,368.4906005859375,199.21810913085938],""confidence"":0.5859070420265198},{""bbox"":[494.0998840332031,274.22491455078125,507.1968994140625,286.7373046875],""confidence"":0.3455817699432373},{""bbox"":[356.1589050292969,256.49114990234375,372.176025390625,272.30828857421875],""confidence"":0.10135433077812195},{""bbox"":[355.09735107421875,185.27618408203125,371.67218017578125,201.04144287109375],""confidence"":0.0644238144159317},{""bbox"":[356.9345397949219,220.18875122070312,371.2485656738281,233.58657836914062],""confidence"":0.04375585541129112},{""bbox"":[354.9197998046875,218.6807403564453,372.2958984375,235.2955322265625],""confidence"":0.04041461646556854},{""bbox"":[352.4365539550781,186.78207397460938,369.15576171875,205.3186492919922],""confidence"":0.012373716570436954},{""bbox"":[492.5094909667969,276.8341979980469,505.873046875,291.1984558105469],""confidence"":0.0025426913052797318},{""bbox"":[348.6669921875,185.5400390625,363.2645263671875,199.77854919433594],""confidence"":0.002119859214872122},{""bbox"":[353.0242614746094,256.4123229980469,370.2541198730469,276.960205078125],""confidence"":0.0020113505888730288},{""bbox"":[348.9993896484375,220.37216186523438,362.5958251953125,231.6087646484375],""confidence"":0.001332421787083149},{""bbox"":[356.6153259277344,182.12384033203125,372.73126220703125,198.61180114746094],""confidence"":0.001223043305799365}]",14,0.001
001_20200622_203316(0),2,576,444,"[[365.0,203.0,371.99999999999994,213.99999999999997],[364.00000000000006,233.00000000000003,376.0,247.0],[370.0,276.0,378.0,287.0]]","[{""bbox"":[362.7440490722656,235.03121948242188,376.2170715332031,248.47003173828125],""confidence"":0.6258798837661743},{""bbox"":[360.1348876953125,202.15765380859375,374.4817199707031,216.84457397460938],""confidence"":0.6202959418296814},{""bbox"":[365.61236572265625,273.2803955078125,380.1150207519531,287.5711975097656],""confidence"":0.5790454745292664},{""bbox"":[357.3905334472656,199.42884826660156,375.97320556640625,219.78085327148438],""confidence"":0.07328260689973831},{""bbox"":[362.7493896484375,234.29019165039062,379.1317138671875,250.2026824951172],""confidence"":0.04391350597143173},{""bbox"":[364.90924072265625,274.77618408203125,380.751953125,291.3157653808594],""confidence"":0.041335806250572205},{""bbox"":[363.2011413574219,272.8973693847656,377.634033203125,286.9027404785156],""confidence"":0.040220580995082855},{""bbox"":[362.05157470703125,232.77001953125,375.21868896484375,247.25758361816406],""confidence"":0.0322299562394619},{""bbox"":[362.0984191894531,202.45489501953125,378.3719177246094,217.4150848388672],""confidence"":0.023917732760310173},{""bbox"":[356.1304626464844,201.34088134765625,370.5938720703125,215.3626251220703],""confidence"":0.005125090479850769},{""bbox"":[364.1673278808594,232.64059448242188,379.36480712890625,247.80162048339844],""confidence"":0.004309168551117182},{""bbox"":[367.2319641113281,268.88824462890625,380.36480712890625,284.0985412597656],""confidence"":0.004239821340888739},{""bbox"":[359.7322998046875,234.60096740722656,377.0137023925781,255.4129180908203],""confidence"":0.002611498348414898},{""bbox"":[359.9192199707031,196.49879455566406,375.3912048339844,214.5885009765625],""confidence"":0.0019279987318441272},{""bbox"":[362.8109436035156,277.7395935058594,376.3532409667969,291.5018310546875],""confidence"":0.0018597329035401344},{""bbox"":[369.55474853515625,273.3097839355469,385.8392333984375,288.40753173828125],""confidence"":0.001767451292835176},{""bbox"":[360.4691162109375,240.16690063476562,373.8143005371094,255.36923217773438],""confidence"":0.0015867400215938687},{""bbox"":[503.12689208984375,270.0126647949219,513.6676025390625,280.5523376464844],""confidence"":0.0014207521453499794}]",18,0.001
001_20200622_203319(4),2,576,444,"[[364.00000000000006,209.0,376.0,219.0],[369.0,237.99999999999997,380.00000000000006,249.00000000000003],[374.0,276.0,384.00000000000006,286.0]]","[{""bbox"":[371.06365966796875,275.08837890625,385.70458984375,289.6360168457031],""confidence"":0.6411812901496887},{""bbox"":[361.7651062011719,207.18252563476562,374.39141845703125,219.9557342529297],""confidence"":0.5841997861862183},{""bbox"":[367.30145263671875,237.81112670898438,381.19146728515625,251.84083557128906],""confidence"":0.5335213541984558},{""bbox"":[370.0941162109375,272.8991394042969,387.3886413574219,291.7569580078125],""confidence"":0.0799488052725792},{""bbox"":[369.8045349121094,276.5185546875,384.1346740722656,291.4703063964844],""confidence"":0.03485439345240593},{""bbox"":[361.55865478515625,206.87530517578125,378.7075500488281,222.04647827148438],""confidence"":0.03199872747063637},{""bbox"":[366.6894836425781,240.34097290039062,380.919189453125,255.2855682373047],""confidence"":0.0265570767223835},{""bbox"":[365.2900695800781,236.0560302734375,382.14288330078125,255.5692901611328],""confidence"":0.02599567547440529},{""bbox"":[360.441650390625,203.96600341796875,375.0464172363281,219.8843231201172],""confidence"":0.01912989653646946},{""bbox"":[512.6828002929688,255.4319610595703,523.486083984375,266.4100341796875],""confidence"":0.017071589827537537},{""bbox"":[363.33197021484375,238.81239318847656,376.8898620605469,250.68453979492188],""confidence"":0.006794638466089964},{""bbox"":[370.19232177734375,237.6459197998047,385.76788330078125,252.20664978027344],""confidence"":0.004599446896463633},{""bbox"":[357.6473693847656,204.55650329589844,377.92303466796875,227.1463623046875],""confidence"":0.0038940084632486105},{""bbox"":[360.4956359863281,209.4524688720703,375.7204895019531,226.7614288330078],""confidence"":0.0028780922293663025},{""bbox"":[363.9024353027344,231.6995086669922,381.4552001953125,248.6160430908203],""confidence"":0.0024387480225414038},{""bbox"":[356.1418762207031,207.52102661132812,369.70367431640625,218.9437255859375],""confidence"":0.0024231718853116035}]",16,0.001
001_20200623_203247(5),2,576,444,"[[340.0,184.0,355.00000000000006,197.0],[343.0,215.0,360.0,228.0],[348.0,258.0,363.0,274.0]]","[{""bbox"":[342.9276123046875,214.79562377929688,356.7817077636719,227.89614868164062],""confidence"":0.7636295557022095},{""bbox"":[348.63189697265625,260.5589599609375,361.91961669921875,273.7887878417969],""confidence"":0.6657053828239441},{""bbox"":[341.2357177734375,182.60919189453125,354.3006591796875,195.7102813720703],""confidence"":0.5848747491836548},{""bbox"":[476.37860107421875,212.68206787109375,488.33270263671875,224.94879150390625],""confidence"":0.09491453319787979},{""bbox"":[475.0003662109375,213.57838439941406,487.5189514160156,226.65101623535156],""confidence"":0.033033084124326706},{""bbox"":[343.1191101074219,181.74588012695312,357.3336486816406,195.32054138183594],""confidence"":0.024793673306703568},{""bbox"":[348.0341796875,263.2811279296875,361.0240783691406,276.6082763671875],""confidence"":0.019732773303985596},{""bbox"":[341.3954772949219,214.6764373779297,358.3428649902344,233.431640625],""confidence"":0.0157198216766119},{""bbox"":[340.7069091796875,182.88714599609375,357.30218505859375,198.2008819580078],""confidence"":0.011130684986710548},{""bbox"":[350.1058654785156,261.8465881347656,364.4215393066406,276.6981506347656],""confidence"":0.008150526322424412},{""bbox"":[341.4140319824219,211.2671661376953,354.3713073730469,225.48605346679688],""confidence"":0.004514046013355255},{""bbox"":[341.35662841796875,219.64993286132812,355.23223876953125,233.53411865234375],""confidence"":0.003766832407563925},{""bbox"":[342.40631103515625,211.2998504638672,358.22125244140625,228.19692993164062],""confidence"":0.002394480165094137},{""bbox"":[486.48773193359375,176.41015625,495.2826232910156,185.69876098632812],""confidence"":0.00231269677169621},{""bbox"":[488.17724609375,174.89613342285156,496.7497863769531,185.93289184570312],""confidence"":0.001423977199010551},{""bbox"":[484.009765625,176.87062072753906,494.09136962890625,186.5142059326172],""confidence"":0.0012409361079335213}]",16,0.001
001_20200624_003240(4),2,576,444,"[[342.0,242.0,356.0,252.0],[342.0,194.0,353.00000000000006,207.0],[338.0,161.0,351.0,175.0]]","[{""bbox"":[342.0523376464844,240.11624145507812,355.3150329589844,253.2423858642578],""confidence"":0.6689757704734802},{""bbox"":[338.85845947265625,194.7865447998047,351.8363342285156,208.12054443359375],""confidence"":0.5787553191184998},{""bbox"":[337.6256103515625,162.58644104003906,350.17529296875,175.06240844726562],""confidence"":0.501549482345581},{""bbox"":[338.6688232421875,160.6411590576172,351.5562744140625,174.41799926757812],""confidence"":0.05920419842004776},{""bbox"":[343.2813415527344,241.1765899658203,357.2325439453125,255.23602294921875],""confidence"":0.037922509014606476},{""bbox"":[341.4075622558594,242.25088500976562,354.19354248046875,255.04661560058594],""confidence"":0.02992221713066101},{""bbox"":[334.5477600097656,162.7865447998047,347.4411315917969,174.06259155273438],""confidence"":0.025818832218647003},{""bbox"":[338.6109924316406,197.8345947265625,352.138671875,211.85232543945312],""confidence"":0.019781311973929405},{""bbox"":[337.211669921875,194.12533569335938,352.6571350097656,211.95361328125],""confidence"":0.019031954929232597},{""bbox"":[341.7164306640625,195.10311889648438,356.5954284667969,208.66722106933594],""confidence"":0.009475762955844402},{""bbox"":[334.2049255371094,160.1932830810547,346.4056701660156,172.43612670898438],""confidence"":0.0035702192690223455},{""bbox"":[334.7155456542969,195.79833984375,348.3581848144531,207.13760375976562],""confidence"":0.0035579618997871876},{""bbox"":[484.0855712890625,170.18856811523438,492.9307556152344,179.03091430664062],""confidence"":0.003535924945026636},{""bbox"":[486.0288391113281,169.65255737304688,494.6231994628906,178.54884338378906],""confidence"":0.002941686660051346},{""bbox"":[338.8849792480469,189.5830078125,351.2685546875,203.95620727539062],""confidence"":0.0025197553914040327},{""bbox"":[487.913818359375,167.72134399414062,495.7960510253906,178.22691345214844],""confidence"":0.001222271821461618},{""bbox"":[483.05169677734375,251.9939727783203,492.2349548339844,260.922607421875],""confidence"":0.0010265498422086239}]",17,0.001
001_20200624_003244(2),2,576,444,"[[348.0,167.0,362.0,182.0],[350.0,200.0,365.0,213.00000000000003],[356.0,246.0,368.0,259.0]]","[{""bbox"":[355.30755615234375,246.16819763183594,368.08074951171875,259.2070007324219],""confidence"":0.6533867716789246},{""bbox"":[349.74737548828125,168.0286865234375,363.0047607421875,180.8062744140625],""confidence"":0.6059876084327698},{""bbox"":[351.66357421875,201.1355438232422,364.5881042480469,213.19876098632812],""confidence"":0.5993775129318237},{""bbox"":[348.5532531738281,167.15626525878906,361.2802429199219,179.5570831298828],""confidence"":0.1383221447467804},{""bbox"":[356.87152099609375,246.48666381835938,371.0526123046875,259.9350280761719],""confidence"":0.07022026926279068},{""bbox"":[349.08453369140625,202.13966369628906,362.4742126464844,213.02394104003906],""confidence"":0.05858885496854782},{""bbox"":[348.5376281738281,170.08140563964844,361.8540344238281,183.2465362548828],""confidence"":0.03096257895231247},{""bbox"":[354.835693359375,247.75515747070312,367.9980773925781,262.1428527832031],""confidence"":0.03084438294172287},{""bbox"":[350.5173645019531,203.1941680908203,365.9996337890625,219.0278778076172],""confidence"":0.008738082833588123},{""bbox"":[351.9214172363281,196.9588165283203,363.9875793457031,211.4449462890625],""confidence"":0.007145000156015158},{""bbox"":[495.5015563964844,169.77183532714844,502.9820556640625,178.1362762451172],""confidence"":0.0018583146156743169},{""bbox"":[348.30657958984375,196.91136169433594,358.2034912109375,209.8186492919922],""confidence"":0.0014682274777442217},{""bbox"":[356.32830810546875,201.957763671875,371.0655822753906,215.4177703857422],""confidence"":0.0010190687607973814}]",13,0.001
001_20200624_003247(7),2,576,444,"[[339.0,151.0,357.0,165.0],[345.0,184.00000000000003,358.0,200.0],[349.0,228.00000000000003,363.0,242.0]]","[{""bbox"":[348.8961486816406,227.9776153564453,362.38604736328125,241.0301513671875],""confidence"":0.702887237071991},{""bbox"":[343.0895080566406,183.07064819335938,356.5108337402344,196.58212280273438],""confidence"":0.6551556587219238},{""bbox"":[342.1095886230469,150.61175537109375,355.3970947265625,163.52188110351562],""confidence"":0.5733312964439392},{""bbox"":[341.57080078125,184.42347717285156,354.9927062988281,197.71133422851562],""confidence"":0.07628946006298065},{""bbox"":[341.7457275390625,182.3779296875,354.8424072265625,195.1737060546875],""confidence"":0.07064181566238403},{""bbox"":[348.5799255371094,225.65650939941406,361.19354248046875,239.18936157226562],""confidence"":0.018854781985282898},{""bbox"":[339.60919189453125,149.9000701904297,356.78863525390625,168.94239807128906],""confidence"":0.01042222324758768},{""bbox"":[349.7799987792969,225.56936645507812,364.46807861328125,240.34317016601562],""confidence"":0.0074966964311897755},{""bbox"":[341.8565368652344,146.3350067138672,356.5731506347656,162.86170959472656],""confidence"":0.006912814918905497},{""bbox"":[340.9841003417969,154.85723876953125,354.4004211425781,169.01312255859375],""confidence"":0.00398895051330328},{""bbox"":[340.41400146484375,146.13636779785156,353.8951110839844,161.5886993408203],""confidence"":0.003961969166994095},{""bbox"":[347.9850158691406,232.9648895263672,360.5283203125,247.6593780517578],""confidence"":0.00164304010104388},{""bbox"":[468.0303649902344,181.2353515625,478.3338928222656,191.7694854736328],""confidence"":0.0011165495961904526},{""bbox"":[470.59661865234375,181.19129943847656,480.4517822265625,191.59030151367188],""confidence"":0.0011038018856197596}]",14,0.001
001_20200624_003251(1),2,576,444,"[[345.0,186.00000000000003,358.0,198.0],[346.00000000000006,219.00000000000003,362.0,231.0],[349.0,265.0,363.0,277.0]]","[{""bbox"":[349.7290344238281,263.8199768066406,363.2751770019531,276.778076171875],""confidence"":0.6768564581871033},{""bbox"":[347.7793884277344,218.71070861816406,360.6037292480469,232.10623168945312],""confidence"":0.6432139873504639},{""bbox"":[344.7269592285156,184.94659423828125,358.2077331542969,198.02801513671875],""confidence"":0.5059656500816345},{""bbox"":[349.8105163574219,219.2379913330078,363.88592529296875,232.3721466064453],""confidence"":0.030139170587062836},{""bbox"":[348.6983337402344,261.62548828125,360.8681640625,274.6795654296875],""confidence"":0.018541669473052025},{""bbox"":[341.5635070800781,184.80865478515625,355.60247802734375,197.81240844726562],""confidence"":0.01835978776216507},{""bbox"":[492.128173828125,191.8054656982422,501.9203796386719,201.66876220703125],""confidence"":0.014624448493123055},{""bbox"":[343.6195983886719,187.4735565185547,360.08447265625,205.1312255859375],""confidence"":0.005489685572683811},{""bbox"":[489.9403381347656,192.97901916503906,499.0732727050781,204.9659881591797],""confidence"":0.0031490358524024487},{""bbox"":[341.87042236328125,219.49188232421875,355.4436950683594,230.64328002929688],""confidence"":0.0024241541977971792},{""bbox"":[348.5373229980469,185.96507263183594,363.9484558105469,199.71792602539062],""confidence"":0.0016431246185675263},{""bbox"":[493.9609069824219,189.40223693847656,503.228515625,201.4391326904297],""confidence"":0.0015092345420271158},{""bbox"":[492.130126953125,193.17921447753906,501.5469665527344,204.87240600585938],""confidence"":0.0014536711387336254},{""bbox"":[340.9771728515625,181.65711975097656,354.88836669921875,196.24273681640625],""confidence"":0.0011302087223157287}]",14,0.001
001_20200624_003254(3),2,576,444,"[[339.0,175.0,353.0,188.0],[342.99999999999994,207.0,357.0,223.0],[351.0,252.99999999999997,364.0,266.0]]","[{""bbox"":[349.3422546386719,252.45697021484375,362.234375,264.89801025390625],""confidence"":0.6275915503501892},{""bbox"":[344.1804504394531,206.77890014648438,357.3699645996094,219.67398071289062],""confidence"":0.6202530860900879},{""bbox"":[341.5223693847656,174.6799774169922,354.62860107421875,187.68658447265625],""confidence"":0.6025205254554749},{""bbox"":[341.8410949707031,207.9448699951172,355.3103332519531,219.58883666992188],""confidence"":0.07302602380514145},{""bbox"":[340.8253479003906,176.61769104003906,354.38153076171875,190.40794372558594],""confidence"":0.03663274645805359},{""bbox"":[348.4793395996094,254.47763061523438,362.13238525390625,269.2979736328125],""confidence"":0.012626292183995247},{""bbox"":[341.57330322265625,204.0963897705078,352.97430419921875,217.2727813720703],""confidence"":0.004793812986463308},{""bbox"":[342.4833679199219,209.15689086914062,358.3383483886719,226.25094604492188],""confidence"":0.0033320642542093992},{""bbox"":[349.20367431640625,247.28021240234375,361.42694091796875,262.28521728515625],""confidence"":0.0021949426736682653},{""bbox"":[347.8647155761719,247.28329467773438,358.0731506347656,260.53509521484375],""confidence"":0.0013879415346309543}]",10,0.001
001_20200624_003303(5),2,576,444,"[[349.0,227.0,366.0,243.00000000000003],[346.00000000000006,194.00000000000003,362.0,209.0],[349.0,272.0,364.00000000000006,288.0]]","[{""bbox"":[347.97747802734375,227.88522338867188,361.26654052734375,241.36868286132812],""confidence"":0.7073472738265991},{""bbox"":[348.3336486816406,274.01318359375,361.1390075683594,286.1106872558594],""confidence"":0.5987324714660645},{""bbox"":[347.9847106933594,195.30560302734375,360.9764709472656,208.3489990234375],""confidence"":0.5748961567878723},{""bbox"":[348.83795166015625,227.85662841796875,364.24371337890625,243.12322998046875],""confidence"":0.15037599205970764},{""bbox"":[349.9975280761719,274.25823974609375,363.9425964355469,287.37322998046875],""confidence"":0.07545721530914307},{""bbox"":[350.0422668457031,196.2963409423828,364.0293884277344,209.36749267578125],""confidence"":0.041712384670972824},{""bbox"":[345.9190979003906,195.04592895507812,361.9804382324219,212.1647186279297],""confidence"":0.032290082424879074},{""bbox"":[348.08123779296875,276.3960266113281,361.1143798828125,290.9361572265625],""confidence"":0.007333062589168549},{""bbox"":[494.19842529296875,214.864013671875,502.7342529296875,223.62071228027344],""confidence"":0.0038211732171475887},{""bbox"":[345.034912109375,226.55210876464844,362.8172607421875,247.9315643310547],""confidence"":0.0034206293057650328},{""bbox"":[347.3813781738281,268.826171875,359.8184509277344,283.798095703125],""confidence"":0.002590039512142539},{""bbox"":[348.631103515625,197.00375366210938,364.5555114746094,212.361328125],""confidence"":0.002549340482801199},{""bbox"":[346.4665832519531,232.57765197753906,360.6690673828125,247.99652099609375],""confidence"":0.0018811721820384264},{""bbox"":[481.9825134277344,247.6413116455078,492.63836669921875,258.0518798828125],""confidence"":0.001603116630576551},{""bbox"":[345.7801513671875,189.08584594726562,360.8593444824219,206.52049255371094],""confidence"":0.0013594707706943154},{""bbox"":[341.91143798828125,229.68911743164062,355.5714416503906,240.2202911376953],""confidence"":0.0013179164379835129},{""bbox"":[341.6925964355469,194.13638305664062,354.9809875488281,206.58554077148438],""confidence"":0.0012017058907076716},{""bbox"":[493.6433410644531,215.2013397216797,502.4109802246094,226.52357482910156],""confidence"":0.0010539171053096652}]",18,0.001
001_20200624_162816(3),2,576,444,"[[335.0,168.0,354.0,183.0],[342.0,201.00000000000003,357.99999999999994,217.0],[355.00000000000006,242.0,371.0,257.0]]","[{""bbox"":[356.3656005859375,244.3348388671875,369.8564758300781,256.6529235839844],""confidence"":0.6359970569610596},{""bbox"":[343.1021423339844,201.96578979492188,356.4215087890625,214.76133728027344],""confidence"":0.5814553499221802},{""bbox"":[337.5630798339844,169.3151397705078,349.86309814453125,181.71144104003906],""confidence"":0.5418710112571716},{""bbox"":[338.6631774902344,167.75320434570312,351.1365051269531,180.84539794921875],""confidence"":0.1382123827934265},{""bbox"":[341.8720703125,203.29661560058594,354.7422180175781,213.76779174804688],""confidence"":0.08786008507013321},{""bbox"":[334.6324768066406,169.80747985839844,347.5108642578125,180.8365478515625],""confidence"":0.030726348981261253},{""bbox"":[341.9481506347656,204.04046630859375,355.9933776855469,218.99066162109375],""confidence"":0.030162373557686806},{""bbox"":[451.3624572753906,219.0599822998047,461.0144958496094,229.07748413085938],""confidence"":0.011398575268685818},{""bbox"":[334.5304870605469,171.45872497558594,346.95855712890625,183.42361450195312],""confidence"":0.007260213140398264},{""bbox"":[334.4892883300781,167.704833984375,346.0728454589844,178.84837341308594],""confidence"":0.007086513563990593},{""bbox"":[354.740234375,247.38876342773438,367.9250183105469,262.0732421875],""confidence"":0.007071561645716429},{""bbox"":[357.1606750488281,240.1407470703125,369.83538818359375,255.04129028320312],""confidence"":0.005666951648890972},{""bbox"":[341.3359375,206.36431884765625,353.6839904785156,219.14813232421875],""confidence"":0.005221717990934849},{""bbox"":[343.6136779785156,196.90240478515625,355.71099853515625,211.52410888671875],""confidence"":0.002205322962254286},{""bbox"":[355.6619873046875,240.15716552734375,365.8660888671875,253.5541229248047],""confidence"":0.0021896001417189837},{""bbox"":[448.51788330078125,220.00341796875,459.7910461425781,230.30177307128906],""confidence"":0.0011692612897604704}]",16,0.001
001_20200624_162821(2),2,576,444,"[[343.0,141.0,355.0,156.0],[347.0,176.0,361.0,190.0],[353.0,221.99999999999997,364.00000000000006,235.99999999999994]]","[{""bbox"":[347.22430419921875,176.22918701171875,360.1180114746094,189.90892028808594],""confidence"":0.6834997534751892},{""bbox"":[351.4971618652344,222.12255859375,365.1070251464844,235.37234497070312],""confidence"":0.6355964541435242},{""bbox"":[342.8929748535156,143.15582275390625,356.2618713378906,156.1277618408203],""confidence"":0.5492464303970337},{""bbox"":[348.9934387207031,222.30520629882812,362.8713684082031,235.16685485839844],""confidence"":0.05629321560263634},{""bbox"":[349.0890197753906,176.6314239501953,363.76446533203125,189.84320068359375],""confidence"":0.028016583994030952},{""bbox"":[342.893798828125,139.0814666748047,357.0688781738281,154.57850646972656],""confidence"":0.013171789236366749},{""bbox"":[341.47027587890625,144.04473876953125,357.6517028808594,161.64390563964844],""confidence"":0.012212094850838184},{""bbox"":[415.9862060546875,221.5066680908203,426.9715576171875,232.33204650878906],""confidence"":0.008617640472948551},{""bbox"":[352.6607971191406,218.52981567382812,365.51129150390625,233.15997314453125],""confidence"":0.008470123633742332},{""bbox"":[350.67242431640625,226.14927673339844,364.432373046875,240.47621154785156],""confidence"":0.005531325936317444},{""bbox"":[340.9963073730469,138.81576538085938,353.95166015625,152.98300170898438],""confidence"":0.00538749760016799},{""bbox"":[341.93731689453125,178.20765686035156,355.7835998535156,189.12718200683594],""confidence"":0.0034192560706287622},{""bbox"":[356.5379333496094,223.055419921875,371.0282287597656,236.0822296142578],""confidence"":0.0021676032338291407},{""bbox"":[341.0812072753906,148.35992431640625,353.7286071777344,161.82383728027344],""confidence"":0.0017462881514802575}]",14,0.001
001_20200624_162831(2),2,576,444,"[[360.0,201.00000000000003,375.99999999999994,213.0],[364.0,228.99999999999997,378.0,247.0],[372.0,267.0,385.0,283.0]]","[{""bbox"":[371.26861572265625,267.4369812011719,384.59063720703125,280.3416442871094],""confidence"":0.6014840602874756},{""bbox"":[365.3680114746094,231.39068603515625,378.3902282714844,244.07017517089844],""confidence"":0.5900933742523193},{""bbox"":[358.8972473144531,199.84420776367188,372.35626220703125,212.8612060546875],""confidence"":0.5578823685646057},{""bbox"":[363.311279296875,231.88912963867188,376.43255615234375,243.79930114746094],""confidence"":0.109885074198246},{""bbox"":[407.766357421875,223.6656494140625,417.89068603515625,233.44073486328125],""confidence"":0.07149642705917358},{""bbox"":[369.98468017578125,268.3028869628906,384.3089904785156,283.89654541015625],""confidence"":0.03861885890364647},{""bbox"":[364.7189025878906,233.2241973876953,378.5983581542969,247.83924865722656],""confidence"":0.03685122728347778},{""bbox"":[405.5716552734375,224.60903930664062,415.7152404785156,234.52432250976562],""confidence"":0.03600350767374039},{""bbox"":[356.1479187011719,200.4170379638672,369.9895935058594,212.89718627929688],""confidence"":0.03043084219098091},{""bbox"":[358.13177490234375,196.73843383789062,373.4507751464844,213.10630798339844],""confidence"":0.009829985909163952},{""bbox"":[358.783203125,202.77992248535156,374.45794677734375,219.2309112548828],""confidence"":0.006310135591775179},{""bbox"":[355.3327941894531,197.8472900390625,374.5882568359375,219.76873779296875],""confidence"":0.006304633338004351},{""bbox"":[362.91241455078125,235.40673828125,374.7976379394531,247.89500427246094],""confidence"":0.00488732336089015},{""bbox"":[515.09521484375,236.70529174804688,524.7974243164062,246.39083862304688],""confidence"":0.003221629885956645},{""bbox"":[361.09564208984375,200.5360565185547,378.2718200683594,214.8682098388672],""confidence"":0.002397125354036689},{""bbox"":[360.211669921875,224.12721252441406,378.66705322265625,241.05972290039062],""confidence"":0.002097667893394828},{""bbox"":[513.150390625,238.09982299804688,523.8919677734375,248.18043518066406],""confidence"":0.0016208551824092865},{""bbox"":[355.5785827636719,196.41590881347656,368.8394775390625,210.96043395996094],""confidence"":0.0012379327090457082}]",18,0.001
001_20200624_162835(8),2,576,444,"[[358.0,141.0,369.99999999999994,153.00000000000003],[360.0,172.00000000000003,371.99999999999994,184.0],[365.0,209.0,378.0,224.00000000000003]]","[{""bbox"":[360.6125793457031,172.76939392089844,374.23553466796875,186.63677978515625],""confidence"":0.6202310919761658},{""bbox"":[356.7678527832031,138.91282653808594,370.9673156738281,152.89776611328125],""confidence"":0.6146296262741089},{""bbox"":[365.1722412109375,210.62960815429688,378.6112060546875,224.01271057128906],""confidence"":0.6078600287437439},{""bbox"":[363.2651672363281,211.22589111328125,376.39715576171875,223.48585510253906],""confidence"":0.11292775720357895},{""bbox"":[354.53338623046875,136.50364685058594,373.1511535644531,155.49928283691406],""confidence"":0.10218837112188339},{""bbox"":[355.5167541503906,140.4637451171875,369.4411315917969,154.73377990722656],""confidence"":0.05088639259338379},{""bbox"":[358.61767578125,170.96714782714844,375.31524658203125,190.43678283691406],""confidence"":0.039283253252506256},{""bbox"":[362.7383728027344,172.7565155029297,378.30084228515625,187.370361328125],""confidence"":0.025285309180617332},{""bbox"":[360.43695068359375,175.48609924316406,374.7320861816406,190.2568359375],""confidence"":0.023395458236336708},{""bbox"":[363.01544189453125,213.8761749267578,375.6506042480469,226.40460205078125],""confidence"":0.02319934032857418},{""bbox"":[356.3075256347656,173.99923706054688,369.89300537109375,184.99600219726562],""confidence"":0.006511500105261803},{""bbox"":[360.9289245605469,168.0211639404297,374.71527099609375,183.64459228515625],""confidence"":0.0047086202539503574}]",12,0.001
001_20200625_003507(0),2,576,444,"[[341.00000000000006,143.00000000000003,353.0,154.0],[342.0,175.0,353.00000000000006,188.0],[346.0,223.0,356.0,234.99999999999997]]","[{""bbox"":[342.4867858886719,221.16392517089844,356.2779235839844,234.15086364746094],""confidence"":0.6895728707313538},{""bbox"":[341.0659484863281,175.3468475341797,353.8833923339844,188.58306884765625],""confidence"":0.666693925857544},{""bbox"":[339.87420654296875,142.4990234375,352.2872009277344,155.05908203125],""confidence"":0.5418179631233215},{""bbox"":[342.61248779296875,176.01866149902344,356.6410217285156,189.09678649902344],""confidence"":0.08020719140768051},{""bbox"":[339.39495849609375,139.09518432617188,352.3947448730469,153.6969757080078],""confidence"":0.021183015778660774},{""bbox"":[341.7822570800781,142.93882751464844,356.63763427734375,155.98536682128906],""confidence"":0.012239879928529263},{""bbox"":[343.03424072265625,218.44879150390625,357.3596496582031,233.20391845703125],""confidence"":0.008775819092988968},{""bbox"":[341.58740234375,218.49691772460938,353.5885314941406,231.83848571777344],""confidence"":0.00840814970433712},{""bbox"":[334.6323547363281,142.4847869873047,347.9476623535156,153.1149444580078],""confidence"":0.004155788104981184},{""bbox"":[338.6983337402344,146.47007751464844,353.2544250488281,161.8525390625],""confidence"":0.0035952625330537558},{""bbox"":[335.3363037109375,142.550048828125,352.6095275878906,161.86148071289062],""confidence"":0.0023920941166579723},{""bbox"":[341.49554443359375,225.56979370117188,354.85174560546875,240.46961975097656],""confidence"":0.0023155314847826958},{""bbox"":[488.94207763671875,150.21482849121094,498.0576477050781,159.44932556152344],""confidence"":0.001169124385342002}]",13,0.001
001_20200625_003511(4),2,576,444,"[[348.00000000000006,145.0,360.0,157.00000000000003],[350.0,179.0,360.0,191.00000000000003],[350.0,225.99999999999997,361.0,237.0]]","[{""bbox"":[346.40863037109375,178.255859375,358.7674865722656,191.0676727294922],""confidence"":0.6187997460365295},{""bbox"":[349.37969970703125,224.15159606933594,362.1759033203125,236.6160888671875],""confidence"":0.6108965277671814},{""bbox"":[346.54705810546875,144.05323791503906,359.2403259277344,157.01686096191406],""confidence"":0.5282155275344849},{""bbox"":[346.8677978515625,175.3560791015625,359.0403747558594,189.4944305419922],""confidence"":0.024577487260103226},{""bbox"":[348.8435974121094,178.556884765625,363.9649963378906,192.60812377929688],""confidence"":0.02163710445165634},{""bbox"":[348.9226989746094,226.3131866455078,362.104736328125,240.52548217773438],""confidence"":0.015808535739779472},{""bbox"":[345.5924987792969,147.21621704101562,359.73992919921875,161.61605834960938],""confidence"":0.014620334841310978},{""bbox"":[341.7201843261719,143.76197814941406,355.1027526855469,155.25357055664062],""confidence"":0.007044957019388676},{""bbox"":[349.60455322265625,145.0762176513672,363.85986328125,157.7687225341797],""confidence"":0.006911826319992542},{""bbox"":[341.9389343261719,179.84469604492188,355.5840759277344,190.21029663085938],""confidence"":0.006473188754171133},{""bbox"":[351.44085693359375,226.27679443359375,364.810791015625,240.65020751953125],""confidence"":0.004250163212418556},{""bbox"":[345.5569763183594,139.02783203125,359.384765625,155.1348876953125],""confidence"":0.003843412734568119},{""bbox"":[344.1136779785156,177.30795288085938,360.5773010253906,197.4814910888672],""confidence"":0.002273409627377987},{""bbox"":[345.4136047363281,182.4313201904297,359.37152099609375,197.49533081054688],""confidence"":0.0018829493783414364},{""bbox"":[348.4083557128906,218.4761962890625,360.1396789550781,233.2334747314453],""confidence"":0.001059213187545538}]",15,0.001
001_20200625_003515(9),2,576,444,"[[342.99999999999994,154.0,357.0,167.00000000000003],[347.0,187.0,360.0,202.0],[349.0,233.0,360.99999999999994,249.00000000000003]]","[{""bbox"":[347.94439697265625,232.86581420898438,361.55645751953125,246.7573699951172],""confidence"":0.6747162342071533},{""bbox"":[345.3055725097656,187.4310302734375,358.7887878417969,201.21580505371094],""confidence"":0.5660616755485535},{""bbox"":[344.8504638671875,154.05833435058594,357.82379150390625,167.33877563476562],""confidence"":0.5441877245903015},{""bbox"":[343.1599426269531,153.2379608154297,359.0751647949219,169.36256408691406],""confidence"":0.15876254439353943},{""bbox"":[341.7406005859375,153.346923828125,355.4271545410156,166.0909423828125],""confidence"":0.027016080915927887},{""bbox"":[349.0952453613281,233.4436492919922,364.3056945800781,248.39401245117188],""confidence"":0.025204673409461975},{""bbox"":[344.3687438964844,189.12350463867188,359.4603271484375,204.6529541015625],""confidence"":0.02423028089106083},{""bbox"":[341.8165588378906,186.8743896484375,355.6889953613281,199.8638458251953],""confidence"":0.023423315957188606},{""bbox"":[341.7100524902344,156.1234588623047,355.3755187988281,169.2143096923828],""confidence"":0.0071762739680707455},{""bbox"":[348.6814880371094,187.75430297851562,363.8512878417969,201.87217712402344],""confidence"":0.0036949447821825743},{""bbox"":[345.4126281738281,182.4561004638672,359.3578796386719,198.49855041503906],""confidence"":0.0032989289611577988},{""bbox"":[347.72979736328125,155.11233520507812,364.0948181152344,169.6114044189453],""confidence"":0.0013726236065849662}]",12,0.001
001_20200625_003520(4),2,576,444,"[[340.0,152.0,354.0,163.0],[342.0,187.0,353.00000000000006,198.0],[346.0,233.0,355.0,244.00000000000003]]","[{""bbox"":[342.89923095703125,231.38629150390625,356.6311340332031,244.81454467773438],""confidence"":0.6809544563293457},{""bbox"":[340.85137939453125,186.2174835205078,353.4385681152344,198.728271484375],""confidence"":0.6258774399757385},{""bbox"":[341.6348876953125,152.75672912597656,355.2037658691406,166.14170837402344],""confidence"":0.6183698177337646},{""bbox"":[342.48785400390625,186.31295776367188,356.8701171875,200.17681884765625],""confidence"":0.10253826528787613},{""bbox"":[342.7611389160156,233.00738525390625,357.20477294921875,247.7771759033203],""confidence"":0.041551679372787476},{""bbox"":[340.9772644042969,154.97616577148438,354.79302978515625,168.8501434326172],""confidence"":0.03729122877120972},{""bbox"":[340.9076232910156,152.5397491455078,357.5826721191406,169.15701293945312],""confidence"":0.027067605406045914},{""bbox"":[339.4342041015625,182.54608154296875,352.9671936035156,197.91485595703125],""confidence"":0.011600367724895477},{""bbox"":[341.53680419921875,235.0079345703125,354.7134704589844,247.8443603515625],""confidence"":0.005884643644094467},{""bbox"":[338.9783020019531,186.20896911621094,354.69732666015625,204.64700317382812],""confidence"":0.005350805353373289},{""bbox"":[340.0857849121094,190.99703979492188,352.6439208984375,204.69314575195312],""confidence"":0.002548129530623555},{""bbox"":[487.58465576171875,164.52894592285156,495.72113037109375,173.01763916015625],""confidence"":0.0012978615704923868},{""bbox"":[343.3774719238281,225.65390014648438,355.9679870605469,240.76416015625],""confidence"":0.0011816498590633273},{""bbox"":[339.5501403808594,146.00613403320312,353.0089416503906,162.3774871826172],""confidence"":0.001021691015921533}]",14,0.001
001_20200625_003524(9),2,576,444,"[[345.0,150.0,357.0,163.0],[346.0,183.0,356.0,194.0],[350.0,229.99999999999997,360.0,241.0]]","[{""bbox"":[346.8341064453125,227.5392608642578,360.2132568359375,241.24745178222656],""confidence"":0.6645658016204834},{""bbox"":[343.55181884765625,182.71902465820312,357.44927978515625,196.85650634765625],""confidence"":0.6515385508537292},{""bbox"":[343.4189758300781,148.2212677001953,357.0130310058594,161.33340454101562],""confidence"":0.5642623901367188},{""bbox"":[341.75164794921875,182.083984375,355.4110107421875,195.21044921875],""confidence"":0.04922199994325638},{""bbox"":[341.4568176269531,148.96078491210938,355.1204528808594,162.50303649902344],""confidence"":0.04899996891617775},{""bbox"":[341.7103271484375,184.3220672607422,355.6957092285156,197.97406005859375],""confidence"":0.04235769063234329},{""bbox"":[344.47784423828125,146.2262725830078,358.31793212890625,160.52420043945312],""confidence"":0.04173154756426811},{""bbox"":[348.2452087402344,227.9762420654297,363.9641418457031,242.5467529296875],""confidence"":0.031316760927438736},{""bbox"":[341.1671142578125,145.92857360839844,354.51385498046875,159.7318572998047],""confidence"":0.014473042450845242},{""bbox"":[349.23431396484375,225.42796325683594,364.3243713378906,240.30972290039062],""confidence"":0.0027602449990808964},{""bbox"":[341.9443359375,229.36651611328125,355.6552734375,239.5545654296875],""confidence"":0.001898375921882689},{""bbox"":[340.4468688964844,149.1342315673828,358.796142578125,169.33900451660156],""confidence"":0.001489476184360683},{""bbox"":[345.50738525390625,230.66372680664062,359.9361572265625,247.77740478515625],""confidence"":0.0013133665779605508},{""bbox"":[346.47442626953125,234.2206573486328,358.0919189453125,247.82008361816406],""confidence"":0.001079866662621498}]",14,0.001
001_20200625_003529(2),2,576,444,"[[341.0,146.0,350.0,159.0],[342.0,180.0,353.99999999999994,195.0],[344.99999999999994,226.0,356.0,237.99999999999997]]","[{""bbox"":[342.8880310058594,225.05909729003906,356.52655029296875,238.5077362060547],""confidence"":0.6792833805084229},{""bbox"":[339.6114196777344,179.98477172851562,352.44976806640625,193.11178588867188],""confidence"":0.5857397317886353},{""bbox"":[340.5484313964844,146.35055541992188,353.32562255859375,159.4219512939453],""confidence"":0.5814948081970215},{""bbox"":[342.4921875,146.97032165527344,356.64508056640625,159.83348083496094],""confidence"":0.02896210364997387},{""bbox"":[341.9002990722656,180.020263671875,356.6556396484375,193.87203979492188],""confidence"":0.026755742728710175},{""bbox"":[341.5729675292969,227.75997924804688,354.8869934082031,240.6825408935547],""confidence"":0.014106210321187973},{""bbox"":[337.72686767578125,179.6686248779297,353.19598388671875,197.44691467285156],""confidence"":0.012007497251033783},{""bbox"":[338.8092041015625,183.3968505859375,352.4809265136719,197.40135192871094],""confidence"":0.011293311603367329},{""bbox"":[334.7008361816406,180.65634155273438,348.4222106933594,192.3449249267578],""confidence"":0.004142174031585455},{""bbox"":[340.01629638671875,175.31777954101562,351.67486572265625,189.6328125],""confidence"":0.0031028222292661667},{""bbox"":[483.33282470703125,154.91604614257812,492.01995849609375,164.04458618164062],""confidence"":0.0025864976923912764},{""bbox"":[334.6175537109375,145.9273681640625,347.9259033203125,157.145263671875],""confidence"":0.0013266500318422914}]",12,0.001
001_20200629_082905(4),2,576,444,"[[349.0,194.0,363.0,208.0],[344.99999999999994,228.0,356.0,239.00000000000003],[339.0,273.99999999999994,349.0,285.0]]","[{""bbox"":[342.243896484375,225.774169921875,356.4190979003906,239.73779296875],""confidence"":0.6399945020675659},{""bbox"":[337.64471435546875,272.50439453125,351.2667236328125,286.1398010253906],""confidence"":0.5936334133148193},{""bbox"":[348.1383361816406,194.40785217285156,361.6475524902344,207.7504119873047],""confidence"":0.544137179851532},{""bbox"":[341.382080078125,225.11183166503906,354.3702087402344,237.9949493408203],""confidence"":0.1603381186723709},{""bbox"":[350.0997619628906,194.69168090820312,364.37738037109375,208.5374755859375],""confidence"":0.060715287923812866},{""bbox"":[338.38262939453125,268.75567626953125,352.0345764160156,283.71148681640625],""confidence"":0.022566093131899834},{""bbox"":[340.5830383300781,273.6226806640625,356.67266845703125,288.29376220703125],""confidence"":0.011725024320185184},{""bbox"":[334.7205505371094,272.5548400878906,348.4634704589844,283.59808349609375],""confidence"":0.01047311257570982},{""bbox"":[345.02783203125,195.90133666992188,361.8244934082031,212.6305389404297],""confidence"":0.00836474820971489},{""bbox"":[477.0386657714844,285.9656677246094,487.0633544921875,295.6567687988281],""confidence"":0.006278533022850752},{""bbox"":[338.9085693359375,275.0556945800781,353.0552978515625,291.00189208984375],""confidence"":0.005406966432929039},{""bbox"":[476.2695007324219,284.8219299316406,486.1458740234375,294.73565673828125],""confidence"":0.0035145548172295094},{""bbox"":[478.05126953125,288.2901916503906,487.2272644042969,298.79345703125],""confidence"":0.003184185829013586},{""bbox"":[477.1075439453125,288.0399169921875,485.1625061035156,298.7931823730469],""confidence"":0.003084800438955426},{""bbox"":[346.7703857421875,189.2103271484375,361.2967834472656,206.18881225585938],""confidence"":0.0021654455922544003},{""bbox"":[488.4374084472656,250.56210327148438,496.72320556640625,259.121826171875],""confidence"":0.0015912577509880066},{""bbox"":[341.6257019042969,194.87905883789062,354.67413330078125,207.01119995117188],""confidence"":0.001006717444397509}]",17,0.001
001_20200629_123107(1),2,576,444,"[[339.99999999999994,160.99999999999997,351.0,173.0],[342.99999999999994,196.00000000000003,354.0,207.0],[347.0,242.0,355.0,253.99999999999997]]","[{""bbox"":[342.5978088378906,240.18490600585938,356.5190124511719,254.0303192138672],""confidence"":0.6738054752349854},{""bbox"":[341.34307861328125,194.24124145507812,353.8817443847656,206.80300903320312],""confidence"":0.6001636385917664},{""bbox"":[341.3775634765625,160.70852661132812,354.6125183105469,173.9298553466797],""confidence"":0.5937772393226624},{""bbox"":[342.58978271484375,194.38975524902344,356.7315979003906,207.83607482910156],""confidence"":0.10408546030521393},{""bbox"":[341.5930480957031,242.11224365234375,355.09625244140625,255.27232360839844],""confidence"":0.04941081628203392},{""bbox"":[341.611083984375,161.2343292236328,357.1980895996094,176.32882690429688],""confidence"":0.02568022534251213},{""bbox"":[339.5036315917969,194.8746337890625,354.4591979980469,211.8131866455078],""confidence"":0.010897691361606121},{""bbox"":[340.5626525878906,198.5419464111328,353.0753479003906,211.85101318359375],""confidence"":0.005015131086111069},{""bbox"":[339.5408630371094,189.72689819335938,352.8573913574219,205.1881866455078],""confidence"":0.0042268880642950535},{""bbox"":[408.38629150390625,202.50152587890625,419.2735290527344,213.74615478515625],""confidence"":0.0038875273894518614},{""bbox"":[342.1402893066406,194.12802124023438,357.6019592285156,212.0019073486328],""confidence"":0.0015612200368195772}]",11,0.001
001_20200629_123111(6),2,576,444,"[[348.00000000000006,161.0,360.0,171.0],[348.99999999999994,196.0,360.0,205.0],[351.0,239.99999999999997,362.00000000000006,251.0]]","[{""bbox"":[348.59173583984375,239.29930114746094,361.8175048828125,252.57479858398438],""confidence"":0.6631459593772888},{""bbox"":[348.0640563964844,193.8566131591797,360.52276611328125,206.1297607421875],""confidence"":0.6167499423027039},{""bbox"":[348.1192932128906,159.9831085205078,361.54754638671875,173.45291137695312],""confidence"":0.6061267256736755},{""bbox"":[349.8872985839844,194.06414794921875,364.0023193359375,207.54067993164062],""confidence"":0.08986099809408188},{""bbox"":[349.6918029785156,160.56277465820312,363.9734802246094,174.10000610351562],""confidence"":0.08473984152078629},{""bbox"":[347.2817687988281,161.59295654296875,361.527099609375,176.13351440429688],""confidence"":0.05440191552042961},{""bbox"":[348.18035888671875,241.7256317138672,361.19036865234375,255.03155517578125],""confidence"":0.024127677083015442},{""bbox"":[349.9389343261719,240.22760009765625,364.52557373046875,255.2588653564453],""confidence"":0.01437078882008791},{""bbox"":[347.0080261230469,189.69818115234375,358.874755859375,203.87020874023438],""confidence"":0.009214731864631176},{""bbox"":[485.95166015625,216.4763946533203,494.88165283203125,226.85533142089844],""confidence"":0.006466849707067013},{""bbox"":[346.4520263671875,193.80404663085938,362.0020751953125,211.83045959472656],""confidence"":0.0059739467687904835},{""bbox"":[346.73553466796875,197.60292053222656,360.29278564453125,211.9089813232422],""confidence"":0.0029318220913410187},{""bbox"":[485.3667297363281,215.13710021972656,494.7413635253906,224.2338409423828],""confidence"":0.0024645491503179073},{""bbox"":[483.55255126953125,215.562744140625,492.77008056640625,226.84075927734375],""confidence"":0.001447048271074891},{""bbox"":[341.8670654296875,194.60275268554688,354.8297119140625,204.36256408691406],""confidence"":0.0014417690690606833}]",15,0.001
001_20200629_123116(1),2,576,444,"[[339.0,144.0,354.0,159.0],[342.99999999999994,180.99999999999997,354.0,193.0],[346.0,224.00000000000003,357.00000000000006,237.99999999999997]]","[{""bbox"":[340.5634765625,178.15347290039062,352.66973876953125,190.72402954101562],""confidence"":0.6581815481185913},{""bbox"":[344.8856201171875,223.90589904785156,357.6930236816406,236.97132873535156],""confidence"":0.6087853312492371},{""bbox"":[340.40704345703125,144.39718627929688,352.7048034667969,156.9464874267578],""confidence"":0.5236135125160217},{""bbox"":[341.8328552246094,178.30123901367188,356.7894287109375,192.32955932617188],""confidence"":0.07014680653810501},{""bbox"":[341.8453063964844,224.00656127929688,355.65875244140625,236.26576232910156],""confidence"":0.044627249240875244},{""bbox"":[339.1454162597656,175.37338256835938,351.7500305175781,189.83084106445312],""confidence"":0.032754115760326385},{""bbox"":[344.3027038574219,226.333740234375,358.110595703125,240.5327911376953],""confidence"":0.021714121103286743},{""bbox"":[338.4911193847656,145.64572143554688,353.1100769042969,161.58193969726562],""confidence"":0.01373166125267744},{""bbox"":[342.7726745605469,145.2156524658203,356.7060546875,157.73110961914062],""confidence"":0.012732462957501411},{""bbox"":[334.51373291015625,143.75274658203125,347.2774353027344,154.05308532714844],""confidence"":0.002097484190016985},{""bbox"":[338.9878845214844,139.00050354003906,352.1521301269531,154.74534606933594],""confidence"":0.002033653436228633},{""bbox"":[338.2599792480469,178.38330078125,354.2280578613281,197.46908569335938],""confidence"":0.0019656566437333822},{""bbox"":[342.79302978515625,175.2902069091797,356.82598876953125,189.472412109375],""confidence"":0.001385798561386764},{""bbox"":[349.09307861328125,224.89370727539062,363.7806091308594,238.20358276367188],""confidence"":0.0012892927043139935},{""bbox"":[345.49481201171875,218.5029296875,356.8409729003906,232.86392211914062],""confidence"":0.0012229193234816194},{""bbox"":[341.5577392578125,228.37460327148438,354.05670166015625,240.7025909423828],""confidence"":0.0011993426596745849},{""bbox"":[340.0260314941406,183.76742553710938,352.0873718261719,197.50747680664062],""confidence"":0.0011530887568369508},{""bbox"":[487.1807861328125,150.70809936523438,495.9905090332031,159.77748107910156],""confidence"":0.001041234703734517}]",18,0.001
001_20200629_123120(6),2,576,444,"[[342.0,142.0,356.0,155.00000000000003],[342.0,174.0,357.00000000000006,189.0],[342.99999999999994,223.00000000000003,354.0,232.0]]","[{""bbox"":[341.5663757324219,219.84124755859375,354.9162292480469,233.220947265625],""confidence"":0.6679019927978516},{""bbox"":[341.94122314453125,174.98365783691406,355.6109619140625,188.52601623535156],""confidence"":0.6567949652671814},{""bbox"":[342.7505187988281,140.72415161132812,356.2254638671875,153.70948791503906],""confidence"":0.5636019706726074},{""bbox"":[342.7054748535156,220.36282348632812,357.16253662109375,234.54244995117188],""confidence"":0.09470590949058533},{""bbox"":[341.2987976074219,141.72422790527344,354.65509033203125,155.09361267089844],""confidence"":0.08257610350847244},{""bbox"":[342.15582275390625,174.1474151611328,358.3166198730469,190.95396423339844],""confidence"":0.06435452401638031},{""bbox"":[344.2344970703125,138.94186401367188,357.92938232421875,152.89007568359375],""confidence"":0.043606724590063095},{""bbox"":[341.1614074707031,138.6653289794922,354.15460205078125,151.9884490966797],""confidence"":0.03277422860264778},{""bbox"":[341.2438049316406,176.90196228027344,354.860595703125,190.43634033203125],""confidence"":0.03269105777144432},{""bbox"":[487.26593017578125,167.54713439941406,495.5340270996094,177.04151916503906],""confidence"":0.002256205305457115}]",10,0.001
001_20200629_123125(2),2,576,444,"[[342.0,148.00000000000003,356.0,159.0],[345.0,182.0,357.0,198.0],[350.0,226.0,361.0,239.99999999999997]]","[{""bbox"":[348.7853088378906,226.00296020507812,362.21044921875,239.5367431640625],""confidence"":0.6803551912307739},{""bbox"":[343.1642150878906,146.64157104492188,356.73980712890625,160.01539611816406],""confidence"":0.6086365580558777},{""bbox"":[343.97479248046875,180.7919158935547,357.573486328125,194.43951416015625],""confidence"":0.5949066281318665},{""bbox"":[341.83758544921875,145.82772827148438,358.0696716308594,162.08441162109375],""confidence"":0.10408782213926315},{""bbox"":[341.7396240234375,180.66488647460938,355.4006652832031,193.61656188964844],""confidence"":0.0661141648888588},{""bbox"":[343.3196716308594,182.0141143798828,358.3441162109375,197.53033447265625],""confidence"":0.06368078291416168},{""bbox"":[341.5802001953125,145.7119140625,354.9331359863281,158.5718994140625],""confidence"":0.060524243861436844},{""bbox"":[349.7652282714844,226.6932373046875,364.3106994628906,240.9919891357422],""confidence"":0.044607412070035934},{""bbox"":[341.5391845703125,148.1715087890625,355.32305908203125,161.8719024658203],""confidence"":0.029380250722169876},{""bbox"":[341.5773010253906,184.876708984375,354.6447448730469,197.63909912109375],""confidence"":0.00571767333894968},{""bbox"":[344.49420166015625,175.2501678466797,358.1842041015625,191.35238647460938],""confidence"":0.0014254486886784434}]",11,0.001
001_20200728_014351(3),2,576,444,"[[312.99999999999994,215.0,324.0,225.00000000000003]]","[{""bbox"":[312.984619140625,216.27133178710938,324.9636535644531,227.1089630126953],""confidence"":0.5805984735488892},{""bbox"":[314.2920227050781,216.0064697265625,327.738037109375,227.4774627685547],""confidence"":0.06697012484073639},{""bbox"":[312.7726135253906,211.3745574951172,323.2019958496094,225.48995971679688],""confidence"":0.0027572631370276213},{""bbox"":[312.5970153808594,220.13711547851562,322.5032043457031,233.20985412597656],""confidence"":0.0023028473369777203},{""bbox"":[311.58648681640625,211.33448791503906,320.58599853515625,224.41831970214844],""confidence"":0.0018382339039817452},{""bbox"":[311.9947509765625,220.906494140625,320.2236328125,233.2705078125],""confidence"":0.0014603594318032265}]",6,0.001
001_20200728_014355(2),2,576,444,"[[323.00000000000006,186.00000000000003,331.0,198.0]]","[{""bbox"":[322.4881591796875,184.80953979492188,334.0361022949219,195.99185180664062],""confidence"":0.5179092288017273},{""bbox"":[320.22052001953125,185.53952026367188,331.9207458496094,195.45742797851562],""confidence"":0.07506322860717773},{""bbox"":[323.4393310546875,182.47845458984375,331.990478515625,194.3224334716797],""confidence"":0.07185307890176773},{""bbox"":[324.25433349609375,185.5283203125,335.4725646972656,197.60536193847656],""confidence"":0.04590677469968796},{""bbox"":[323.9715270996094,182.50048828125,335.19219970703125,194.78018188476562],""confidence"":0.011455969884991646},{""bbox"":[320.0013122558594,182.3927001953125,328.2123107910156,193.2787322998047],""confidence"":0.007967766374349594}]",6,0.001
001_20200810_163112(8),2,576,444,"[[314.0,222.0,328.0,233.00000000000003]]","[{""bbox"":[314.0475769042969,221.28677368164062,327.7492980957031,234.06838989257812],""confidence"":0.6149248480796814},{""bbox"":[312.4943542480469,218.2429962158203,325.5053405761719,232.1000518798828],""confidence"":0.013611767441034317},{""bbox"":[314.2848815917969,225.7130584716797,327.9605712890625,240.6017303466797],""confidence"":0.0029715425334870815},{""bbox"":[315.9834289550781,223.74876403808594,330.1894226074219,240.73654174804688],""confidence"":0.001793365809135139}]",4,0.001
001_20200810_163116(0),2,576,444,"[[319.99999999999994,191.0,331.0,201.99999999999997]]","[{""bbox"":[321.9044189453125,191.2179718017578,333.7706298828125,202.8856658935547],""confidence"":0.5548110604286194},{""bbox"":[322.0804138183594,189.61083984375,332.3936462402344,201.22206115722656],""confidence"":0.17423003911972046},{""bbox"":[323.69244384765625,192.51974487304688,335.3146057128906,204.7234649658203],""confidence"":0.0425301156938076},{""bbox"":[320.0808410644531,189.5150909423828,330.2153015136719,200.2830047607422],""confidence"":0.03715117648243904},{""bbox"":[319.94970703125,192.75924682617188,331.5054626464844,204.8264617919922],""confidence"":0.028728440403938293},{""bbox"":[323.2838134765625,189.5620880126953,335.2168884277344,201.8292999267578],""confidence"":0.021099211648106575},{""bbox"":[460.62774658203125,189.20802307128906,470.44049072265625,199.2942352294922],""confidence"":0.005760285072028637},{""bbox"":[462.695556640625,189.5749053955078,472.4803161621094,199.2410125732422],""confidence"":0.0013496688334271312}]",8,0.001
001_20200814_033012(7),2,576,444,"[[315.99999999999994,175.0,326.0,186.0]]","[{""bbox"":[317.35638427734375,174.96908569335938,328.8663330078125,187.09017944335938],""confidence"":0.5104281902313232},{""bbox"":[316.87274169921875,177.25328063964844,327.9660949707031,190.08668518066406],""confidence"":0.026011895388364792},{""bbox"":[313.11279296875,175.50466918945312,326.245361328125,186.0726318359375],""confidence"":0.0098419776186347}]",3,0.001
001_20200814_033016(6),2,576,444,"[[315.0,136.99999999999997,324.0,150.0]]","[{""bbox"":[314.28790283203125,139.12960815429688,325.03155517578125,149.82518005371094],""confidence"":0.49513810873031616},{""bbox"":[312.78900146484375,138.94090270996094,323.30242919921875,149.2787628173828],""confidence"":0.09144844114780426},{""bbox"":[316.1157531738281,139.25819396972656,327.98077392578125,150.24143981933594],""confidence"":0.03193611651659012},{""bbox"":[313.5985412597656,141.30322265625,323.6832275390625,154.0782012939453],""confidence"":0.006261334288865328},{""bbox"":[312.07037353515625,142.0634002685547,320.85284423828125,154.17919921875],""confidence"":0.0022338819690048695}]",5,0.001
001_20200814_203438(9),2,576,444,"[[315.99999999999994,125.0,330.0,136.99999999999997]]","[{""bbox"":[316.83453369140625,124.80972290039062,328.5421142578125,136.9912872314453],""confidence"":0.5346446633338928},{""bbox"":[316.36865234375,126.51433563232422,328.311279296875,139.7242431640625],""confidence"":0.05916670337319374},{""bbox"":[313.08331298828125,124.8006591796875,326.5753479003906,136.3411407470703],""confidence"":0.022200465202331543},{""bbox"":[312.7986755371094,127.92146301269531,325.2117614746094,140.04721069335938],""confidence"":0.0024252869188785553}]",4,0.001
001_20200814_203442(4),2,576,444,"[[323.0,160.0,332.0,172.00000000000003]]","[{""bbox"":[320.24493408203125,158.25003051757812,332.76708984375,169.5493621826172],""confidence"":0.6183013916015625},{""bbox"":[321.4146423339844,158.6336212158203,335.04681396484375,171.13902282714844],""confidence"":0.16978421807289124},{""bbox"":[319.5372314453125,153.6739044189453,329.68267822265625,166.70126342773438],""confidence"":0.0071419463492929935},{""bbox"":[320.5520935058594,162.0763702392578,331.79156494140625,175.61138916015625],""confidence"":0.0034435682464390993},{""bbox"":[319.4920959472656,163.29795837402344,328.8675231933594,175.69583129882812],""confidence"":0.0010941217187792063}]",5,0.001
001_20200818_083145(2),2,576,444,"[[324.0,142.0,337.0,153.0]]","[{""bbox"":[323.6438293457031,142.18612670898438,335.4159851074219,153.57669067382812],""confidence"":0.4914880394935608},{""bbox"":[324.2392272949219,139.23361206054688,334.49530029296875,151.92547607421875],""confidence"":0.028071170672774315},{""bbox"":[320.2192687988281,142.8031463623047,332.9118957519531,152.94764709472656],""confidence"":0.0161000806838274},{""bbox"":[319.65087890625,138.904296875,330.02593994140625,150.2444610595703],""confidence"":0.001549150445498526}]",4,0.001
001_20200819_003039(4),2,576,444,"[[316.0,169.0,328.0,182.0]]","[{""bbox"":[315.4796447753906,170.30950927734375,326.74658203125,181.27874755859375],""confidence"":0.5087915062904358},{""bbox"":[316.5567626953125,168.08290100097656,325.2038269042969,179.74159240722656],""confidence"":0.08453776687383652},{""bbox"":[313.02386474609375,171.230712890625,324.65765380859375,180.97030639648438],""confidence"":0.05584106221795082},{""bbox"":[317.3674011230469,171.03416442871094,328.23388671875,183.07484436035156],""confidence"":0.02389519102871418},{""bbox"":[317.0688781738281,168.0804901123047,328.03619384765625,180.17588806152344],""confidence"":0.014742487110197544},{""bbox"":[312.82843017578125,167.9972686767578,321.2059631347656,178.70465087890625],""confidence"":0.007042416371405125}]",6,0.001
001_20200819_003044(1),2,576,444,"[[326.0,160.0,335.0,169.0]]","[{""bbox"":[325.7452087402344,159.0275115966797,336.4434509277344,170.47366333007812],""confidence"":0.46099403500556946},{""bbox"":[320.273681640625,159.58204650878906,332.1082458496094,168.3617706298828],""confidence"":0.004107289481908083},{""bbox"":[324.7027282714844,163.06129455566406,333.52191162109375,175.67698669433594],""confidence"":0.001998651074245572},{""bbox"":[325.8612976074219,162.58169555664062,336.33642578125,175.65975952148438],""confidence"":0.0013998437207192183},{""bbox"":[322.88427734375,153.72702026367188,332.1899719238281,166.96482849121094],""confidence"":0.0013328499626368284}]",5,0.001
001_20200819_162723(4),2,576,444,"[[313.0,159.0,322.0,169.0]]","[{""bbox"":[313.8829345703125,156.93434143066406,326.8776550292969,168.7602996826172],""confidence"":0.6280229687690735},{""bbox"":[314.2928161621094,153.75538635253906,325.21234130859375,167.32839965820312],""confidence"":0.02632848173379898},{""bbox"":[312.7869567871094,153.69561767578125,323.13421630859375,166.33111572265625],""confidence"":0.010499785654246807},{""bbox"":[313.65130615234375,162.1924285888672,323.89605712890625,175.62628173828125],""confidence"":0.001439113519154489}]",4,0.001
001_20200821_163349(7),2,576,444,"[[319.0,212.0,330.00000000000006,226.0]]","[{""bbox"":[319.76885986328125,213.9053955078125,330.1963195800781,225.26564025878906],""confidence"":0.518700122833252},{""bbox"":[318.2708435058594,214.30738830566406,328.5212097167969,226.4027862548828],""confidence"":0.22900927066802979},{""bbox"":[319.2317199707031,211.2884521484375,328.489013671875,223.93711853027344],""confidence"":0.013830738142132759},{""bbox"":[322.4871826171875,213.90206909179688,335.0091857910156,224.7095947265625],""confidence"":0.001981178531423211},{""bbox"":[313.0796203613281,216.20291137695312,324.5162658691406,224.11065673828125],""confidence"":0.00124864443205297}]",5,0.001
001_20200821_163353(8),2,576,444,"[[333.99999999999994,227.0,344.0,238.00000000000003]]","[{""bbox"":[330.4205322265625,227.04779052734375,341.9356384277344,238.70252990722656],""confidence"":0.5431607365608215},{""bbox"":[331.3477783203125,225.679443359375,341.1932373046875,237.26551818847656],""confidence"":0.21410737931728363},{""bbox"":[327.4812316894531,227.709716796875,339.7309875488281,238.07388305664062],""confidence"":0.052453089505434036},{""bbox"":[332.0530700683594,228.19638061523438,343.1418151855469,240.68382263183594],""confidence"":0.05012297257781029},{""bbox"":[327.4067687988281,225.59042358398438,337.35308837890625,236.46080017089844],""confidence"":0.015730412676930428},{""bbox"":[327.28057861328125,228.8604736328125,338.46142578125,240.69989013671875],""confidence"":0.007566172629594803}]",6,0.001
002_20200623_003346(4),2,352,332,"[[192.00000000000003,151.0,202.0,160.0],[196.00000000000003,175.0,203.0,183.00000000000003],[199.0,208.0,210.0,215.00000000000003]]","[{""bbox"":[195.52597045898438,174.5113067626953,204.628173828125,183.78530883789062],""confidence"":0.7105140089988708},{""bbox"":[199.85867309570312,206.8705291748047,208.7852325439453,215.7564697265625],""confidence"":0.7103558778762817},{""bbox"":[192.4779815673828,151.05029296875,201.38768005371094,159.83680725097656],""confidence"":0.5967223048210144},{""bbox"":[190.86497497558594,151.32748413085938,199.90626525878906,160.42376708984375],""confidence"":0.04270874708890915},{""bbox"":[194.90342712402344,173.5169677734375,205.31207275390625,186.1707305908203],""confidence"":0.027913691475987434},{""bbox"":[194.85333251953125,172.60348510742188,203.78305053710938,182.45159912109375],""confidence"":0.014927664771676064},{""bbox"":[194.51519775390625,175.7211456298828,203.833984375,186.22767639160156],""confidence"":0.014407509006559849},{""bbox"":[0.0,332.0,7.506034851074219,332.0],""confidence"":0.002959182718768716},{""bbox"":[194.90028381347656,151.55599975585938,204.8817138671875,160.55252075195312],""confidence"":0.0022357713896781206},{""bbox"":[199.05357360839844,203.15162658691406,208.11715698242188,213.5246124267578],""confidence"":0.0018773386254906654},{""bbox"":[191.34800720214844,152.94454956054688,201.1583709716797,164.2935333251953],""confidence"":0.0016281999414786696},{""bbox"":[0.0,332.0,8.53742790222168,332.0],""confidence"":0.001551388413645327},{""bbox"":[342.4940490722656,332.0,351.73529052734375,332.0],""confidence"":0.0012570220278576016}]",13,0.001
002_20200623_003350(4),2,352,332,"[[196.00000000000003,131.0,203.0,139.0],[196.00000000000003,153.0,204.0,162.0],[199.0,187.0,208.0,195.99999999999997]]","[{""bbox"":[195.8822479248047,154.41122436523438,205.20358276367188,163.7596893310547],""confidence"":0.7065834403038025},{""bbox"":[198.4220428466797,186.64369201660156,207.6819305419922,195.88839721679688],""confidence"":0.7037932872772217},{""bbox"":[195.35939025878906,130.51617431640625,204.6245880126953,139.858154296875],""confidence"":0.6688413619995117},{""bbox"":[199.34414672851562,186.89382934570312,209.3073272705078,196.6681365966797],""confidence"":0.10404909402132034},{""bbox"":[194.30728149414062,129.7978973388672,205.39596557617188,142.41111755371094],""confidence"":0.07799846678972244},{""bbox"":[193.91632080078125,128.1490020751953,205.2481231689453,139.83522033691406],""confidence"":0.011814901605248451},{""bbox"":[195.52923583984375,186.77633666992188,205.65518188476562,196.13995361328125],""confidence"":0.006054511293768883},{""bbox"":[197.5117645263672,186.4075927734375,207.90306091308594,199.31590270996094],""confidence"":0.0055917962454259396},{""bbox"":[0.0,332.0,7.499866008758545,332.0],""confidence"":0.003009333275258541},{""bbox"":[0.0,332.0,8.535606384277344,332.0],""confidence"":0.0015727258287370205},{""bbox"":[342.6054992675781,332.0,351.689208984375,332.0],""confidence"":0.0010464047081768513}]",11,0.001
002_20200623_003354(3),2,352,332,"[[188.0,123.0,195.99999999999997,134.0],[192.0,146.0,199.99999999999997,157.0],[198.0,178.0,207.00000000000003,186.99999999999997]]","[{""bbox"":[191.6743927001953,147.06622314453125,201.21115112304688,156.95652770996094],""confidence"":0.6986408233642578},{""bbox"":[198.09567260742188,178.07891845703125,207.3918914794922,187.45130920410156],""confidence"":0.6691345572471619},{""bbox"":[187.1397247314453,124.00994873046875,196.38450622558594,133.1991424560547],""confidence"":0.6371912956237793},{""bbox"":[199.18402099609375,178.32211303710938,209.2265625,187.89894104003906],""confidence"":0.05782077834010124},{""bbox"":[190.9589080810547,146.12161254882812,199.52149963378906,155.3355255126953],""confidence"":0.025929678231477737},{""bbox"":[191.1198272705078,146.6590576171875,202.0745849609375,159.7752685546875],""confidence"":0.014991859905421734},{""bbox"":[197.62997436523438,180.27186584472656,207.22354125976562,190.55580139160156],""confidence"":0.009813263081014156},{""bbox"":[195.53074645996094,178.3113555908203,205.7171630859375,187.8112030029297],""confidence"":0.007061945740133524},{""bbox"":[0.0,332.0,7.495569229125977,332.0],""confidence"":0.003018461400642991},{""bbox"":[190.45408630371094,149.33876037597656,199.460205078125,159.84805297851562],""confidence"":0.002427247818559408},{""bbox"":[192.9905548095703,147.2698211669922,204.79940795898438,157.77783203125],""confidence"":0.0021771113388240337},{""bbox"":[0.0,332.0,8.533821105957031,332.0],""confidence"":0.0015761213144287467}]",12,0.001
002_20200623_003358(2),2,352,332,"[[195.99999999999997,158.0,205.0,168.0],[198.0,183.0,204.99999999999997,190.0],[200.00000000000003,213.0,206.99999999999997,222.99999999999997]]","[{""bbox"":[196.5045166015625,182.7850341796875,205.8756103515625,192.41476440429688],""confidence"":0.6765259504318237},{""bbox"":[195.6334686279297,158.8803253173828,204.8160858154297,168.1051483154297],""confidence"":0.668484091758728},{""bbox"":[198.86734008789062,215.15301513671875,207.25564575195312,223.63352966308594],""confidence"":0.6361215710639954},{""bbox"":[194.48855590820312,157.6424102783203,205.02281188964844,169.14105224609375],""confidence"":0.13909655809402466},{""bbox"":[200.00608825683594,215.34605407714844,209.21258544921875,224.22293090820312],""confidence"":0.0754893571138382},{""bbox"":[198.58078002929688,215.79322814941406,207.62107849121094,225.71299743652344],""confidence"":0.022555861622095108},{""bbox"":[196.1309814453125,182.60946655273438,206.8248291015625,194.9962158203125],""confidence"":0.016168739646673203},{""bbox"":[195.0126495361328,181.1959991455078,204.04615783691406,190.99978637695312],""confidence"":0.009279575198888779},{""bbox"":[197.910400390625,212.01158142089844,207.3037109375,222.46429443359375],""confidence"":0.007228177040815353},{""bbox"":[195.5228729248047,214.2974853515625,204.80630493164062,222.9820098876953],""confidence"":0.00582904415205121},{""bbox"":[198.20494079589844,183.4525604248047,209.23475646972656,193.32423400878906],""confidence"":0.004604468122124672},{""bbox"":[0.0,332.0,7.522568702697754,332.0],""confidence"":0.0029402016662061214},{""bbox"":[194.9144287109375,185.02877807617188,203.93568420410156,195.1027374267578],""confidence"":0.0015779141103848815},{""bbox"":[0.0,332.0,8.545310020446777,332.0],""confidence"":0.0015460241120308638},{""bbox"":[342.50738525390625,332.0,351.7208251953125,332.0],""confidence"":0.0012225621612742543}]",15,0.001
002_20200623_003402(2),2,352,332,"[[192.99999999999997,156.0,202.0,167.0],[194.0,183.0,203.00000000000003,190.0],[196.00000000000003,214.99999999999997,204.0,223.0]]","[{""bbox"":[194.6099090576172,213.99258422851562,203.61085510253906,223.01756286621094],""confidence"":0.7142632007598877},{""bbox"":[193.3505859375,181.657470703125,202.7894744873047,191.1438751220703],""confidence"":0.6795015335083008},{""bbox"":[193.81045532226562,157.99290466308594,202.7729949951172,166.98196411132812],""confidence"":0.5784351825714111},{""bbox"":[192.61880493164062,157.2741241455078,203.58859252929688,168.9414825439453],""confidence"":0.07681574672460556},{""bbox"":[193.68325805664062,181.42689514160156,205.01048278808594,192.27066040039062],""confidence"":0.06130818650126457},{""bbox"":[195.20223999023438,158.21336364746094,204.92123413085938,167.31967163085938],""confidence"":0.04129187762737274},{""bbox"":[193.08702087402344,212.0022430419922,203.7642059326172,223.56321716308594],""confidence"":0.020428959280252457},{""bbox"":[191.10227966308594,181.47793579101562,201.17031860351562,191.06304931640625],""confidence"":0.01405648235231638},{""bbox"":[194.23092651367188,214.5219268798828,203.8520965576172,225.68185424804688],""confidence"":0.013953282497823238},{""bbox"":[190.79983520507812,156.9324188232422,202.04696655273438,166.90606689453125],""confidence"":0.012893342413008213},{""bbox"":[195.4856414794922,181.1970672607422,204.9391326904297,190.2777862548828],""confidence"":0.004508696496486664},{""bbox"":[192.64022827148438,154.58058166503906,203.91583251953125,166.5365753173828],""confidence"":0.0039156642742455006},{""bbox"":[0.0,332.0,7.542624473571777,332.0],""confidence"":0.0029428182169795036},{""bbox"":[191.14395141601562,213.98175048828125,200.1410369873047,222.57928466796875],""confidence"":0.002464780118316412},{""bbox"":[192.3363494873047,181.26773071289062,203.5848388671875,195.00108337402344],""confidence"":0.00245247152633965},{""bbox"":[0.0,332.0,8.555527687072754,332.0],""confidence"":0.0015516275307163596},{""bbox"":[195.3041534423828,212.00453186035156,205.53091430664062,222.62416076660156],""confidence"":0.0013182780239731073},{""bbox"":[342.4761962890625,332.0,351.7249450683594,332.0],""confidence"":0.001287038205191493},{""bbox"":[190.361572265625,158.15426635742188,200.60836791992188,169.27386474609375],""confidence"":0.0010907872347161174}]",19,0.001
002_20200623_003410(2),2,352,332,"[[204.0,114.0,212.0,123.0],[202.0,137.0,210.0,145.0],[201.0,170.0,207.99999999999997,178.99999999999997]]","[{""bbox"":[200.12518310546875,169.7349853515625,209.113037109375,178.45677185058594],""confidence"":0.6700190305709839},{""bbox"":[200.84779357910156,137.2398681640625,210.566650390625,146.75173950195312],""confidence"":0.631906270980835},{""bbox"":[202.90992736816406,114.89604187011719,212.0889892578125,124.07648468017578],""confidence"":0.5646612048149109},{""bbox"":[204.4044647216797,114.51872253417969,214.2257843017578,123.63787841796875],""confidence"":0.037160493433475494},{""bbox"":[199.09909057617188,167.81243896484375,209.7665557861328,179.36915588378906],""confidence"":0.027435004711151123},{""bbox"":[199.88717651367188,170.4856719970703,210.06590270996094,181.82553100585938],""confidence"":0.010097423568367958},{""bbox"":[201.54774475097656,136.60118103027344,213.8679656982422,148.44273376464844],""confidence"":0.00517506105825305},{""bbox"":[0.0,332.0,7.489154815673828,332.0],""confidence"":0.003064223797991872},{""bbox"":[199.54217529296875,114.24205780029297,210.54150390625,124.18579864501953],""confidence"":0.0023389304988086224},{""bbox"":[199.34368896484375,172.7906036376953,208.0589599609375,181.94671630859375],""confidence"":0.0018501379527151585},{""bbox"":[0.0,332.0,8.532815933227539,332.0],""confidence"":0.0015954039990901947},{""bbox"":[199.93702697753906,137.6132049560547,211.37594604492188,151.1539306640625],""confidence"":0.0013989160070195794}]",12,0.001
002_20200623_163020(3),2,316,332,"[[157.0,139.00000000000003,166.99999999999997,150.0],[160.0,160.0,169.0,170.0],[164.0,186.00000000000003,173.99999999999997,196.0]]","[{""bbox"":[163.56504821777344,186.58450317382812,173.61447143554688,196.85691833496094],""confidence"":0.6620803475379944},{""bbox"":[155.97088623046875,138.28582763671875,166.87147521972656,149.28640747070312],""confidence"":0.6299244165420532},{""bbox"":[159.07093811035156,160.9502716064453,169.41012573242188,171.58192443847656],""confidence"":0.6283739805221558},{""bbox"":[162.8162384033203,185.27334594726562,174.765625,198.25286865234375],""confidence"":0.09928218275308609},{""bbox"":[158.00376892089844,160.13934326171875,170.71389770507812,173.5900421142578],""confidence"":0.044648680835962296},{""bbox"":[155.51797485351562,139.43455505371094,168.8214874267578,152.44180297851562],""confidence"":0.041796714067459106},{""bbox"":[156.64044189453125,137.83303833007812,169.38381958007812,150.68670654296875],""confidence"":0.016463132575154305},{""bbox"":[159.74034118652344,159.33522033691406,170.69189453125,170.8618927001953],""confidence"":0.010712464340031147},{""bbox"":[163.75511169433594,184.37646484375,174.17892456054688,195.762939453125],""confidence"":0.009660485200583935},{""bbox"":[163.25389099121094,184.40989685058594,172.0989227294922,194.5120391845703],""confidence"":0.0035383685026317835}]",10,0.001
002_20200623_163023(3),2,316,332,"[[149.0,129.0,159.0,144.0],[155.00000000000003,149.0,167.0,164.0],[163.0,172.99999999999997,174.99999999999997,187.0]]","[{""bbox"":[162.5001220703125,175.24212646484375,173.0521697998047,186.01995849609375],""confidence"":0.6306613683700562},{""bbox"":[154.56088256835938,151.22161865234375,165.150390625,162.08192443847656],""confidence"":0.5990646481513977},{""bbox"":[147.9055633544922,129.789306640625,158.81405639648438,140.64974975585938],""confidence"":0.5952225923538208},{""bbox"":[147.77976989746094,131.16038513183594,159.73976135253906,143.93856811523438],""confidence"":0.016916166990995407},{""bbox"":[160.92530822753906,176.3042449951172,172.73574829101562,189.52964782714844],""confidence"":0.011670229025185108},{""bbox"":[154.06434631347656,153.4087371826172,163.57162475585938,164.5133056640625],""confidence"":0.011293226853013039},{""bbox"":[148.364501953125,128.66322326660156,161.21578979492188,142.17959594726562],""confidence"":0.008825770579278469},{""bbox"":[154.16513061523438,151.51010131835938,166.5397186279297,164.9756317138672],""confidence"":0.008819375187158585},{""bbox"":[163.5382537841797,171.80995178222656,174.6226043701172,183.79957580566406],""confidence"":0.0018045436590909958},{""bbox"":[159.91929626464844,176.59898376464844,169.937255859375,185.9303436279297],""confidence"":0.0017712546978145838},{""bbox"":[149.2501220703125,126.04963684082031,161.0119171142578,138.3434295654297],""confidence"":0.0010213216301053762}]",11,0.001
002_20200623_163026(3),2,316,332,"[[157.0,127.00000000000001,169.0,141.0],[159.0,151.0,169.0,160.0],[160.0,177.00000000000003,175.00000000000003,187.0]]","[{""bbox"":[156.75604248046875,128.1599884033203,167.37342834472656,139.2845458984375],""confidence"":0.6541106104850769},{""bbox"":[161.2525634765625,176.993896484375,171.83592224121094,187.73876953125],""confidence"":0.652414858341217},{""bbox"":[158.14697265625,151.13381958007812,168.62576293945312,161.6193084716797],""confidence"":0.5866988301277161},{""bbox"":[157.43959045410156,149.50265502929688,170.17486572265625,162.4923553466797],""confidence"":0.06509750336408615},{""bbox"":[156.78857421875,125.8041000366211,168.41726684570312,137.8870086669922],""confidence"":0.037203408777713776},{""bbox"":[156.62545776367188,127.25629425048828,169.82774353027344,141.21095275878906],""confidence"":0.025955308228731155},{""bbox"":[156.41639709472656,152.35794067382812,168.11322021484375,164.80677795410156],""confidence"":0.01764504238963127},{""bbox"":[155.27609252929688,151.57594299316406,166.68359375,161.90113830566406],""confidence"":0.01236474048346281},{""bbox"":[161.57667541503906,176.32566833496094,174.11834716796875,189.93710327148438],""confidence"":0.007377430330961943},{""bbox"":[163.48414611816406,175.98353576660156,173.89308166503906,186.92459106445312],""confidence"":0.0027857597451657057},{""bbox"":[158.9384002685547,178.3051300048828,170.22476196289062,189.79312133789062],""confidence"":0.0013766977936029434}]",11,0.001
002_20200623_163029(6),2,316,332,"[[150.0,114.0,159.0,126.0],[149.0,139.0,161.00000000000003,148.0],[150.0,172.0,161.00000000000003,180.99999999999997]]","[{""bbox"":[149.36578369140625,138.5970916748047,159.8081512451172,149.09896850585938],""confidence"":0.673221230506897},{""bbox"":[149.85365295410156,171.18475341796875,159.77548217773438,181.09027099609375],""confidence"":0.6586953997612},{""bbox"":[149.783935546875,114.80032348632812,160.12281799316406,125.37849426269531],""confidence"":0.6270274519920349},{""bbox"":[148.4375457763672,114.88800811767578,161.41110229492188,127.89459228515625],""confidence"":0.12155891954898834},{""bbox"":[149.3321533203125,169.89874267578125,161.57591247558594,182.4800262451172],""confidence"":0.07832630723714828},{""bbox"":[148.14048767089844,139.08924865722656,162.11502075195312,152.56414794921875],""confidence"":0.027361026033759117},{""bbox"":[147.13845825195312,137.98118591308594,158.63241577148438,148.527099609375],""confidence"":0.024258913472294807},{""bbox"":[146.79647827148438,115.22968292236328,158.88363647460938,126.049560546875],""confidence"":0.004903285764157772},{""bbox"":[150.5533905029297,113.47647857666016,162.0806884765625,125.22554779052734],""confidence"":0.004307219292968512},{""bbox"":[147.53451538085938,171.4957275390625,157.06356811523438,180.5570068359375],""confidence"":0.0028052348643541336},{""bbox"":[149.22311401367188,167.4234161376953,161.27932739257812,179.9124298095703],""confidence"":0.0017305777873843908}]",11,0.001
002_20200623_163032(5),2,316,332,"[[147.0,160.0,157.0,170.0],[154.0,183.0,160.99999999999997,191.00000000000003],[162.00000000000003,213.00000000000003,173.0,222.0]]","[{""bbox"":[162.28897094726562,212.38409423828125,172.5304718017578,222.73965454101562],""confidence"":0.666262686252594},{""bbox"":[152.2454376220703,182.37823486328125,162.90687561035156,193.4654083251953],""confidence"":0.6540713906288147},{""bbox"":[146.1003875732422,160.79261779785156,156.4736785888672,171.3966064453125],""confidence"":0.6112901568412781},{""bbox"":[146.73016357421875,159.00387573242188,158.08428955078125,171.09080505371094],""confidence"":0.04540172219276428},{""bbox"":[145.55918884277344,161.82276916503906,155.67674255371094,172.99534606933594],""confidence"":0.03508910536766052},{""bbox"":[153.0637969970703,181.4149932861328,165.67483520507812,193.26695251464844],""confidence"":0.020469166338443756},{""bbox"":[152.5780792236328,180.04354858398438,164.0970916748047,192.18421936035156],""confidence"":0.013862278312444687},{""bbox"":[145.17019653320312,160.19410705566406,158.20654296875,173.71270751953125],""confidence"":0.010007706470787525},{""bbox"":[159.8639678955078,213.17013549804688,170.2879180908203,222.7474365234375],""confidence"":0.004794108681380749},{""bbox"":[162.8072509765625,208.92584228515625,174.74652099609375,221.43251037597656],""confidence"":0.004583843983709812},{""bbox"":[161.2790069580078,213.37454223632812,172.2607879638672,226.63034057617188],""confidence"":0.0019463467178866267},{""bbox"":[152.0633087158203,184.83023071289062,162.66329956054688,197.61154174804688],""confidence"":0.0018518533324822783}]",12,0.001
002_20200623_163035(5),2,316,332,"[[154.0,117.0,164.0,126.0],[154.0,141.0,164.0,149.0],[154.0,171.00000000000003,165.0,181.0]]","[{""bbox"":[154.179443359375,171.68447875976562,164.47174072265625,182.07591247558594],""confidence"":0.6651191711425781},{""bbox"":[152.90200805664062,139.05252075195312,163.44671630859375,149.7260284423828],""confidence"":0.6586081981658936},{""bbox"":[152.4413299560547,116.02082824707031,163.56222534179688,126.89859008789062],""confidence"":0.5646508932113647},{""bbox"":[151.64193725585938,139.21066284179688,165.3330841064453,152.64794921875],""confidence"":0.057956475764513016},{""bbox"":[150.23220825195312,117.09469604492188,162.63851928710938,128.4482879638672],""confidence"":0.014210790395736694},{""bbox"":[152.47508239746094,113.25768280029297,164.54583740234375,125.50428771972656],""confidence"":0.013887404464185238},{""bbox"":[153.55032348632812,172.12745666503906,165.57310485839844,185.43618774414062],""confidence"":0.013657793402671814},{""bbox"":[154.026123046875,115.64004516601562,165.34774780273438,126.1828842163086],""confidence"":0.009080410934984684},{""bbox"":[154.86245727539062,138.5758819580078,165.3578338623047,149.0463409423828],""confidence"":0.006796353496611118},{""bbox"":[151.1201934814453,138.0542449951172,161.9163055419922,148.85415649414062],""confidence"":0.006103945896029472},{""bbox"":[151.63661193847656,172.35623168945312,161.65768432617188,181.72267150878906],""confidence"":0.0022494036238640547},{""bbox"":[281.45269775390625,106.95671081542969,286.82427978515625,112.41251373291016],""confidence"":0.001694328966550529},{""bbox"":[153.04803466796875,114.84257507324219,165.7464599609375,128.4109649658203],""confidence"":0.0011466050054877996}]",13,0.001
002_20200623_163039(5),2,352,332,"[[206.00000000000003,143.0,213.0,154.0],[213.00000000000003,190.0,220.0,198.99999999999997],[209.0,166.0,218.00000000000003,174.00000000000003]]","[{""bbox"":[205.3162384033203,142.65823364257812,215.023681640625,152.37930297851562],""confidence"":0.672153115272522},{""bbox"":[211.16664123535156,191.6287078857422,220.33993530273438,201.0116729736328],""confidence"":0.6265089511871338},{""bbox"":[207.12525939941406,166.40834045410156,216.5340118408203,175.9493408203125],""confidence"":0.6254197955131531},{""bbox"":[206.52940368652344,165.21766662597656,217.20448303222656,177.63040161132812],""confidence"":0.08788469433784485},{""bbox"":[204.4039306640625,141.36009216308594,215.8362274169922,153.2921142578125],""confidence"":0.035681042820215225},{""bbox"":[204.94557189941406,143.24449157714844,216.373779296875,155.58934020996094],""confidence"":0.03550556302070618},{""bbox"":[211.68417358398438,190.11634826660156,220.4156951904297,199.61720275878906],""confidence"":0.03177803382277489},{""bbox"":[212.54815673828125,191.5703887939453,222.53053283691406,201.32110595703125],""confidence"":0.02731727994978428},{""bbox"":[208.57223510742188,191.5877227783203,218.65548706054688,200.9706268310547],""confidence"":0.013350027613341808},{""bbox"":[210.15493774414062,192.6453857421875,220.08729553222656,203.7777862548828],""confidence"":0.00973535981029272},{""bbox"":[207.34799194335938,163.7017822265625,216.3104705810547,173.864990234375],""confidence"":0.00782766379415989},{""bbox"":[206.6516876220703,143.3388214111328,218.07286071777344,153.52423095703125],""confidence"":0.0073152221739292145},{""bbox"":[203.9747314453125,165.67332458496094,215.6629638671875,176.02053833007812],""confidence"":0.0059563410468399525},{""bbox"":[203.41436767578125,144.20779418945312,213.8330841064453,155.81143188476562],""confidence"":0.0038692657835781574},{""bbox"":[0.0,332.0,7.49686861038208,332.0],""confidence"":0.00300420168787241},{""bbox"":[341.9929504394531,332.0,351.7708435058594,332.0],""confidence"":0.002632875693961978},{""bbox"":[0.0,332.0,8.534695625305176,332.0],""confidence"":0.0015703599201515317}]",17,0.001
002_20200623_163043(7),2,352,332,"[[201.0,136.0,207.99999999999997,146.0],[203.0,159.0,212.0,168.0],[206.0,182.00000000000003,215.0,192.0]]","[{""bbox"":[199.7917022705078,136.47274780273438,209.4040069580078,146.13595581054688],""confidence"":0.6539483666419983},{""bbox"":[206.0413360595703,185.50758361816406,214.93170166015625,194.43138122558594],""confidence"":0.6215736865997314},{""bbox"":[202.4978485107422,159.5032501220703,211.24853515625,168.40838623046875],""confidence"":0.5915550589561462},{""bbox"":[204.2611083984375,185.2516632080078,213.08517456054688,193.9806671142578],""confidence"":0.013063700869679451},{""bbox"":[203.59080505371094,159.5572052001953,213.6685333251953,168.5927276611328],""confidence"":0.011269409209489822},{""bbox"":[199.70550537109375,159.3289337158203,210.60523986816406,168.8737335205078],""confidence"":0.010575691238045692},{""bbox"":[199.77548217773438,158.9903564453125,208.59388732910156,167.75315856933594],""confidence"":0.0033910078927874565},{""bbox"":[0.0,332.0,7.509312629699707,332.0],""confidence"":0.0029660507570952177},{""bbox"":[341.9549865722656,332.0,351.766357421875,332.0],""confidence"":0.0027991044335067272},{""bbox"":[208.27044677734375,185.43731689453125,218.01048278808594,194.29200744628906],""confidence"":0.0023248617071658373},{""bbox"":[0.0,332.0,8.538857460021973,332.0],""confidence"":0.001554751070216298},{""bbox"":[199.18798828125,132.5535430908203,211.16156005859375,145.3020782470703],""confidence"":0.001329954480752349}]",12,0.001
002_20200623_163047(6),2,352,332,"[[207.99999999999997,137.0,217.0,147.0],[212.0,158.0,218.99999999999997,166.99999999999997],[217.99999999999997,184.99999999999997,224.0,192.0]]","[{""bbox"":[215.69229125976562,185.17498779296875,224.7994842529297,194.44775390625],""confidence"":0.6381579637527466},{""bbox"":[206.68603515625,136.6524200439453,216.3360137939453,146.3896484375],""confidence"":0.6196196675300598},{""bbox"":[211.0036163330078,159.57449340820312,219.86740112304688,168.5758056640625],""confidence"":0.5738304853439331},{""bbox"":[207.80160522460938,136.17039489746094,218.65618896484375,146.1254425048828],""confidence"":0.05339807644486427},{""bbox"":[217.34190368652344,185.0496063232422,227.12457275390625,194.2244110107422],""confidence"":0.037069663405418396},{""bbox"":[208.50611877441406,159.55776977539062,219.08250427246094,168.9489288330078],""confidence"":0.018643420189619064},{""bbox"":[203.9781036376953,136.05938720703125,215.85440063476562,146.5465850830078],""confidence"":0.009477571584284306},{""bbox"":[213.00674438476562,185.31497192382812,223.50804138183594,194.66265869140625],""confidence"":0.006893296260386705},{""bbox"":[212.2662353515625,159.5758514404297,222.5019989013672,168.75364685058594],""confidence"":0.005495152901858091},{""bbox"":[208.6111297607422,159.11289978027344,217.02865600585938,167.60302734375],""confidence"":0.004970697686076164},{""bbox"":[341.8429260253906,332.0,351.74481201171875,332.0],""confidence"":0.003256177296862006},{""bbox"":[0.0,332.0,7.493536472320557,332.0],""confidence"":0.0030383896082639694},{""bbox"":[0.0,332.0,8.53463077545166,332.0],""confidence"":0.0015854638768360019},{""bbox"":[205.6975860595703,138.96646118164062,216.08615112304688,151.30490112304688],""confidence"":0.0012353607453405857},{""bbox"":[209.43060302734375,160.6354522705078,219.11756896972656,173.2034149169922],""confidence"":0.0010852809064090252}]",15,0.001
002_20200623_163051(7),2,352,332,"[[181.0,131.0,188.99999999999997,139.0],[188.99999999999997,151.0,195.0,161.0],[200.00000000000003,181.0,206.99999999999997,189.99999999999997]]","[{""bbox"":[198.78756713867188,180.56964111328125,207.90211486816406,189.71292114257812],""confidence"":0.632099449634552},{""bbox"":[187.4166259765625,151.61859130859375,196.803955078125,161.1145477294922],""confidence"":0.6229238510131836},{""bbox"":[179.9827423095703,131.0360870361328,189.0958709716797,140.22113037109375],""confidence"":0.5732394456863403},{""bbox"":[179.75486755371094,132.08070373535156,189.237060546875,142.27333068847656],""confidence"":0.03863678127527237},{""bbox"":[181.22691345214844,130.76475524902344,191.67604064941406,140.21559143066406],""confidence"":0.015948498621582985},{""bbox"":[186.50210571289062,151.6996612548828,197.0554962158203,164.1986083984375],""confidence"":0.014372396282851696},{""bbox"":[186.50579833984375,150.52296447753906,194.89134216308594,159.57862854003906],""confidence"":0.011284131556749344},{""bbox"":[199.9810028076172,181.2935028076172,209.3539581298828,190.71182250976562],""confidence"":0.010356748476624489},{""bbox"":[179.81971740722656,128.16995239257812,191.26260375976562,140.54104614257812],""confidence"":0.006328664254397154},{""bbox"":[0.0,332.0,7.494135856628418,332.0],""confidence"":0.0030265108216553926},{""bbox"":[185.4310302734375,152.83743286132812,195.13088989257812,164.39743041992188],""confidence"":0.0022401080932468176},{""bbox"":[0.0,332.0,8.533662796020508,332.0],""confidence"":0.001580014475621283},{""bbox"":[195.27410888671875,180.6731719970703,206.1628875732422,190.1514129638672],""confidence"":0.0014164680615067482},{""bbox"":[180.9973602294922,131.82501220703125,191.95700073242188,142.75497436523438],""confidence"":0.0010064949747174978}]",14,0.001
002_20200623_163055(6),2,352,332,"[[201.0,143.99999999999997,207.99999999999997,154.0],[200.00000000000003,169.99999999999997,208.0,178.0],[201.0,201.0,207.00000000000003,209.00000000000003]]","[{""bbox"":[200.46865844726562,200.40524291992188,209.6420440673828,209.62217712402344],""confidence"":0.6999378204345703},{""bbox"":[200.22105407714844,168.59317016601562,209.5684356689453,177.9102325439453],""confidence"":0.695823073387146},{""bbox"":[200.4515380859375,145.16961669921875,209.80845642089844,154.57984924316406],""confidence"":0.6286705732345581},{""bbox"":[198.80653381347656,144.2743682861328,210.14874267578125,155.97817993164062],""confidence"":0.07082291692495346},{""bbox"":[199.23895263671875,198.69618225097656,209.00523376464844,209.3179931640625],""confidence"":0.01531997974961996},{""bbox"":[200.57090759277344,202.1445770263672,210.3375701904297,212.49562072753906],""confidence"":0.008573107421398163},{""bbox"":[199.37326049804688,168.84959411621094,210.49111938476562,181.7935333251953],""confidence"":0.003226490691304207},{""bbox"":[0.0,332.0,7.502265930175781,332.0],""confidence"":0.0029885307885706425},{""bbox"":[0.0,332.0,8.536520004272461,332.0],""confidence"":0.0015641103964298964},{""bbox"":[342.3891296386719,332.0,351.7649230957031,332.0],""confidence"":0.0014695535646751523},{""bbox"":[200.14317321777344,141.35488891601562,211.81092834472656,153.81210327148438],""confidence"":0.001217867829836905},{""bbox"":[199.49234008789062,203.9204559326172,207.9840850830078,212.60203552246094],""confidence"":0.0011171437799930573}]",12,0.001
002_20200623_163059(6),2,352,332,"[[192.0,153.0,199.99999999999997,161.0],[195.0,174.0,203.0,186.0],[202.0,207.0,211.99999999999997,215.00000000000003]]","[{""bbox"":[194.3216094970703,175.6748504638672,203.43923950195312,184.81088256835938],""confidence"":0.6500304341316223},{""bbox"":[189.88497924804688,152.61436462402344,199.06358337402344,161.84945678710938],""confidence"":0.6190662980079651},{""bbox"":[202.36605834960938,206.1883087158203,211.0760040283203,215.01724243164062],""confidence"":0.6085399985313416},{""bbox"":[188.95602416992188,152.3632354736328,199.336669921875,164.29454040527344],""confidence"":0.04742535576224327},{""bbox"":[201.87709045410156,207.24368286132812,211.23451232910156,217.0043487548828],""confidence"":0.0331057570874691},{""bbox"":[203.3385009765625,205.83782958984375,213.78004455566406,215.26544189453125],""confidence"":0.02062372863292694},{""bbox"":[199.7981414794922,205.64854431152344,210.26600646972656,215.15719604492188],""confidence"":0.013592668808996677},{""bbox"":[188.93832397460938,150.1690673828125,200.18936157226562,161.9933624267578],""confidence"":0.010583058930933475},{""bbox"":[190.1243133544922,153.593505859375,200.75462341308594,164.46669006347656],""confidence"":0.006522975396364927},{""bbox"":[194.85446166992188,174.77967834472656,205.26028442382812,186.38607788085938],""confidence"":0.006136259529739618},{""bbox"":[202.36236572265625,203.1658477783203,212.1741485595703,214.21487426757812],""confidence"":0.005789129063487053},{""bbox"":[186.47125244140625,152.3888397216797,197.06234741210938,161.9748992919922],""confidence"":0.003344545140862465},{""bbox"":[0.0,332.0,7.498491287231445,332.0],""confidence"":0.0029856478795409203},{""bbox"":[191.003662109375,175.27157592773438,201.20730590820312,184.91726684570312],""confidence"":0.002764517907053232},{""bbox"":[193.87799072265625,172.5719757080078,202.99623107910156,182.91287231445312],""confidence"":0.002475628862157464},{""bbox"":[0.0,332.0,8.53455924987793,332.0],""confidence"":0.0015623754588887095},{""bbox"":[342.42523193359375,332.0,351.75360107421875,332.0],""confidence"":0.0014223888283595443},{""bbox"":[190.74012756347656,150.17568969726562,202.31715393066406,162.2469482421875],""confidence"":0.0010199258103966713}]",18,0.001
002_20200623_203040(4),2,352,332,"[[192.0,178.0,199.99999999999997,187.99999999999997],[198.0,204.0,207.00000000000003,208.99999999999997],[204.0,233.00000000000003,210.99999999999997,242.0]]","[{""bbox"":[203.0207977294922,233.3775634765625,211.8115997314453,242.30386352539062],""confidence"":0.6560502052307129},{""bbox"":[196.5653533935547,202.25027465820312,206.1393280029297,211.75572204589844],""confidence"":0.653577446937561},{""bbox"":[192.4505615234375,179.43231201171875,201.76068115234375,188.64088439941406],""confidence"":0.6159127354621887},{""bbox"":[191.11013793945312,178.33834838867188,202.1069793701172,190.84326171875],""confidence"":0.04253930225968361},{""bbox"":[195.10142517089844,202.53553771972656,204.32655334472656,212.86968994140625],""confidence"":0.020340142771601677},{""bbox"":[191.98521423339844,176.5777587890625,203.31869506835938,188.60922241210938],""confidence"":0.008860304951667786},{""bbox"":[204.5341033935547,233.8225860595703,213.82717895507812,243.49061584472656],""confidence"":0.007174849975854158},{""bbox"":[194.264404296875,179.54452514648438,204.80088806152344,188.80831909179688],""confidence"":0.00457556638866663},{""bbox"":[190.60501098632812,180.3509979248047,199.99253845214844,190.88880920410156],""confidence"":0.004273855593055487},{""bbox"":[199.88467407226562,233.18646240234375,209.83401489257812,242.32177734375],""confidence"":0.004151038825511932},{""bbox"":[0.0,332.0,7.501380920410156,332.0],""confidence"":0.002964722691103816},{""bbox"":[198.56927490234375,202.1849365234375,209.18946838378906,211.64588928222656],""confidence"":0.002645638305693865},{""bbox"":[196.676025390625,198.95545959472656,206.01609802246094,209.48313903808594],""confidence"":0.0022090720012784004},{""bbox"":[342.2022705078125,332.0,351.7679138183594,332.0],""confidence"":0.0019727186299860477},{""bbox"":[0.0,332.0,8.535534858703613,332.0],""confidence"":0.001553269918076694},{""bbox"":[202.9566192626953,229.5394744873047,211.99301147460938,239.9087677001953],""confidence"":0.001232391456142068}]",16,0.001
002_20200623_203044(0),2,352,332,"[[190.0,144.0,198.0,153.0],[191.0,167.0,200.00000000000003,177.0],[192.99999999999997,198.0,202.0,208.99999999999997]]","[{""bbox"":[194.54046630859375,200.2841796875,203.27996826171875,209.0394287109375],""confidence"":0.6870631575584412},{""bbox"":[191.54234313964844,167.77015686035156,200.78736877441406,177.039794921875],""confidence"":0.6770442128181458},{""bbox"":[190.025634765625,144.99192810058594,199.18577575683594,154.17857360839844],""confidence"":0.6212682723999023},{""bbox"":[189.2796630859375,143.8734893798828,199.91033935546875,155.65049743652344],""confidence"":0.1165160983800888},{""bbox"":[195.6165771484375,200.62322998046875,204.85728454589844,209.67593383789062],""confidence"":0.10660727322101593},{""bbox"":[193.1875,198.80609130859375,203.3739776611328,209.5659637451172],""confidence"":0.05165429040789604},{""bbox"":[193.8341522216797,201.17266845703125,203.24134826660156,212.45986938476562],""confidence"":0.003927887417376041},{""bbox"":[0.0,332.0,7.530727386474609,332.0],""confidence"":0.0029465940315276384},{""bbox"":[188.81533813476562,141.24896240234375,200.48631286621094,153.38343811035156],""confidence"":0.0028994400054216385},{""bbox"":[186.3857421875,144.04676818847656,197.33229064941406,153.93618774414062],""confidence"":0.002596396952867508},{""bbox"":[191.20872497558594,200.6107177734375,200.3828887939453,209.06134033203125],""confidence"":0.002552305581048131},{""bbox"":[0.0,332.0,8.548961639404297,332.0],""confidence"":0.0015506100608035922},{""bbox"":[342.50665283203125,332.0,351.7222595214844,332.0],""confidence"":0.001225526095367968}]",13,0.001
002_20200623_203047(7),2,352,332,"[[184.0,145.0,193.0,156.0],[190.0,167.0,199.00000000000003,178.0],[198.0,197.00000000000003,206.0,209.00000000000003]]","[{""bbox"":[196.80264282226562,199.67539978027344,206.42807006835938,209.21331787109375],""confidence"":0.6656762957572937},{""bbox"":[188.76364135742188,169.17042541503906,197.9762725830078,178.50485229492188],""confidence"":0.6322599649429321},{""bbox"":[183.1884765625,146.9158935546875,192.38560485839844,155.9541778564453],""confidence"":0.6104199290275574},{""bbox"":[186.7466583251953,169.59219360351562,196.49432373046875,179.11593627929688],""confidence"":0.02041883021593094},{""bbox"":[189.32272338867188,168.91294860839844,200.45079040527344,179.06924438476562],""confidence"":0.020346680656075478},{""bbox"":[181.56341552734375,145.533447265625,192.80349731445312,156.2979278564453],""confidence"":0.012161408551037312},{""bbox"":[187.8676300048828,169.96627807617188,198.20619201660156,181.77383422851562],""confidence"":0.010997761972248554},{""bbox"":[195.23831176757812,198.55758666992188,205.2334442138672,208.71922302246094],""confidence"":0.007677817717194557},{""bbox"":[182.41848754882812,147.7627716064453,192.94638061523438,159.84384155273438],""confidence"":0.005849398206919432},{""bbox"":[198.69012451171875,200.22860717773438,209.1381378173828,209.42425537109375],""confidence"":0.005693182349205017},{""bbox"":[196.40989685058594,201.88307189941406,206.2091827392578,212.4983367919922],""confidence"":0.0047675915993750095},{""bbox"":[0.0,332.0,7.518284797668457,332.0],""confidence"":0.0029426265973597765},{""bbox"":[190.95916748046875,167.93429565429688,200.77645874023438,177.55979919433594],""confidence"":0.0023915532510727644},{""bbox"":[185.20204162597656,147.39126586914062,196.0707244873047,156.82676696777344],""confidence"":0.002182789146900177},{""bbox"":[0.0,332.0,8.542632102966309,332.0],""confidence"":0.0015461862785741687},{""bbox"":[342.4046936035156,332.0,351.7538757324219,332.0],""confidence"":0.001452153199352324},{""bbox"":[186.57366943359375,168.071533203125,194.69126892089844,176.79257202148438],""confidence"":0.0011139940470457077}]",17,0.001
002_20200623_203051(2),2,352,332,"[[192.0,133.0,203.0,142.0],[195.99999999999997,153.0,205.0,166.0],[200.00000000000003,187.0,208.0,196.99999999999997]]","[{""bbox"":[194.56451416015625,155.40750122070312,203.67620849609375,164.4604034423828],""confidence"":0.7482625246047974},{""bbox"":[200.10821533203125,187.51138305664062,209.46197509765625,197.07669067382812],""confidence"":0.6863223910331726},{""bbox"":[191.68630981445312,133.06613159179688,200.78273010253906,142.0340118408203],""confidence"":0.6167861819267273},{""bbox"":[193.92938232421875,154.87734985351562,205.05828857421875,165.51840209960938],""confidence"":0.17171895503997803},{""bbox"":[199.33059692382812,185.44053649902344,210.44345092773438,197.53187561035156],""confidence"":0.017189254984259605},{""bbox"":[200.25860595703125,187.16041564941406,210.4121551513672,199.43531799316406],""confidence"":0.01310142781585455},{""bbox"":[199.23106384277344,189.69512939453125,208.36383056640625,199.4749298095703],""confidence"":0.008052585646510124},{""bbox"":[191.2272186279297,156.00103759765625,200.34498596191406,164.65232849121094],""confidence"":0.003781834151595831},{""bbox"":[0.0,332.0,7.4971208572387695,332.0],""confidence"":0.0030080059077590704},{""bbox"":[192.7313232421875,154.6869354248047,204.4739227294922,168.58087158203125],""confidence"":0.0023438124917447567},{""bbox"":[0.0,332.0,8.534496307373047,332.0],""confidence"":0.001571933040395379},{""bbox"":[342.46319580078125,332.0,351.7415466308594,332.0],""confidence"":0.0013233538484200835},{""bbox"":[189.91384887695312,133.2930450439453,201.76336669921875,146.8916778564453],""confidence"":0.0010374290868639946}]",13,0.001
002_20200623_203054(7),2,352,332,"[[181.0,143.0,190.0,154.0],[189.00000000000003,164.0,197.0,175.0],[198.0,193.99999999999997,207.00000000000003,208.0]]","[{""bbox"":[197.53707885742188,196.2744598388672,207.2189483642578,206.14205932617188],""confidence"":0.6337087750434875},{""bbox"":[187.3391876220703,167.5370330810547,196.7982940673828,176.9340362548828],""confidence"":0.6305813789367676},{""bbox"":[182.24462890625,145.5004119873047,191.44789123535156,154.65289306640625],""confidence"":0.625973641872406},{""bbox"":[186.03042602539062,167.22093200683594,195.78445434570312,177.91061401367188],""confidence"":0.06649405509233475},{""bbox"":[199.1448211669922,196.60147094726562,209.18540954589844,205.9844970703125],""confidence"":0.030393172055482864},{""bbox"":[197.3826141357422,197.95838928222656,207.12957763671875,208.19821166992188],""confidence"":0.028422178700566292},{""bbox"":[196.85858154296875,194.27828979492188,208.19923400878906,206.52169799804688],""confidence"":0.01525111310184002},{""bbox"":[195.43946838378906,196.62594604492188,206.10330200195312,206.46632385253906],""confidence"":0.011737684719264507},{""bbox"":[0.0,332.0,7.507565975189209,332.0],""confidence"":0.0029582541901618242},{""bbox"":[0.0,332.0,8.537673950195312,332.0],""confidence"":0.0015511681558564305},{""bbox"":[342.38580322265625,332.0,351.76617431640625,332.0],""confidence"":0.0014887509169057012},{""bbox"":[199.12258911132812,194.18357849121094,210.45399475097656,205.90121459960938],""confidence"":0.0012861063005402684}]",12,0.001
002_20200623_203058(3),2,352,332,"[[195.0,145.0,204.0,155.0],[198.0,167.0,210.00000000000003,177.0],[209.0,198.0,217.0,210.0]]","[{""bbox"":[199.81324768066406,168.56263732910156,208.90457153320312,177.5585479736328],""confidence"":0.6893505454063416},{""bbox"":[206.90379333496094,199.5658416748047,216.2007598876953,208.8548126220703],""confidence"":0.6704281568527222},{""bbox"":[195.5028076171875,146.3118896484375,204.5894317626953,155.238037109375],""confidence"":0.6331232190132141},{""bbox"":[208.01031494140625,198.57765197753906,218.75205993652344,209.01002502441406],""confidence"":0.011251210235059261},{""bbox"":[204.3284912109375,199.90599060058594,214.47120666503906,209.3124237060547],""confidence"":0.007120933383703232},{""bbox"":[206.32606506347656,202.6870574951172,215.47036743164062,212.5198516845703],""confidence"":0.003488057292997837},{""bbox"":[0.0,332.0,7.4944000244140625,332.0],""confidence"":0.003031314816325903},{""bbox"":[198.08982849121094,168.47613525390625,208.88462829589844,181.7528076171875],""confidence"":0.0016402385663241148},{""bbox"":[0.0,332.0,8.534762382507324,332.0],""confidence"":0.0015826147282496095},{""bbox"":[342.3785705566406,332.0,351.75543212890625,332.0],""confidence"":0.0015159646281972528}]",10,0.001
002_20200624_003115(6),2,316,332,"[[153.0,143.99999999999997,165.0,154.0],[155.00000000000003,169.0,167.0,178.99999999999997],[157.0,199.0,167.99999999999997,211.0]]","[{""bbox"":[157.51612854003906,199.8388214111328,167.78091430664062,210.2644805908203],""confidence"":0.6921402812004089},{""bbox"":[154.4002227783203,167.4851531982422,164.83551025390625,178.2252197265625],""confidence"":0.6838443875312805},{""bbox"":[153.29571533203125,143.94281005859375,163.9871368408203,154.81198120117188],""confidence"":0.6195904016494751},{""bbox"":[152.37791442871094,144.38278198242188,166.09742736816406,157.09414672851562],""confidence"":0.18217183649539948},{""bbox"":[157.07131958007812,198.5304412841797,169.6325225830078,211.5384521484375],""confidence"":0.08742434531450272},{""bbox"":[153.59451293945312,168.20263671875,166.86196899414062,181.47178649902344],""confidence"":0.0382927805185318},{""bbox"":[150.897705078125,144.4428253173828,163.42312622070312,155.87960815429688],""confidence"":0.014410406351089478},{""bbox"":[155.6498260498047,199.58392333984375,165.9600830078125,209.8089141845703],""confidence"":0.007723535876721144},{""bbox"":[157.18406677246094,196.5715789794922,169.1006622314453,208.9955596923828],""confidence"":0.004923739470541477},{""bbox"":[151.32302856445312,167.0624542236328,162.90745544433594,177.8330078125],""confidence"":0.003871808759868145},{""bbox"":[155.00372314453125,142.62127685546875,166.08277893066406,154.09681701660156],""confidence"":0.003420261899009347},{""bbox"":[156.0411376953125,200.91127014160156,169.34461975097656,214.57278442382812],""confidence"":0.0025527523830533028},{""bbox"":[153.45263671875,163.19793701171875,165.0032501220703,175.23912048339844],""confidence"":0.0017448149155825377}]",13,0.001
002_20200624_003118(6),2,316,332,"[[145.0,140.0,156.0,149.0],[146.0,164.0,160.0,174.0],[148.0,196.0,160.0,208.0]]","[{""bbox"":[145.98109436035156,163.8409423828125,156.21580505371094,174.3539276123047],""confidence"":0.7027468085289001},{""bbox"":[148.36578369140625,196.36375427246094,158.75389099121094,206.82443237304688],""confidence"":0.651196300983429},{""bbox"":[145.0172576904297,141.15243530273438,155.45457458496094,151.70550537109375],""confidence"":0.6054997444152832},{""bbox"":[144.07948303222656,140.36962890625,157.621337890625,153.0078887939453],""confidence"":0.21710239350795746},{""bbox"":[145.07798767089844,164.0312957763672,158.16635131835938,177.27708435058594],""confidence"":0.04209228232502937},{""bbox"":[148.77879333496094,195.62799072265625,161.0416717529297,207.8989715576172],""confidence"":0.029011856764554977},{""bbox"":[147.1686248779297,195.68963623046875,157.5410919189453,205.95062255859375],""confidence"":0.020465495064854622},{""bbox"":[144.92984008789062,138.5052947998047,156.11386108398438,150.23696899414062],""confidence"":0.008315786719322205},{""bbox"":[142.77114868164062,140.4864959716797,154.55897521972656,151.14271545410156],""confidence"":0.00721751619130373},{""bbox"":[143.04278564453125,163.47274780273438,154.58145141601562,174.10452270507812],""confidence"":0.006468154955655336},{""bbox"":[148.03492736816406,196.8353271484375,159.5919952392578,210.20445251464844],""confidence"":0.0061370013281702995},{""bbox"":[141.9247283935547,141.61314392089844,154.84384155273438,153.51345825195312],""confidence"":0.0023512342013418674},{""bbox"":[148.44708251953125,192.33299255371094,159.9647674560547,204.52073669433594],""confidence"":0.0013199703535065055}]",13,0.001
002_20200624_003123(0),2,316,332,"[[149.0,143.99999999999997,161.00000000000003,154.0],[151.0,167.0,162.0,179.0],[152.0,200.00000000000003,166.0,210.0]]","[{""bbox"":[154.43655395507812,199.8550262451172,164.3872528076172,210.00732421875],""confidence"":0.718270480632782},{""bbox"":[151.21823120117188,167.47703552246094,161.73728942871094,178.35374450683594],""confidence"":0.667745053768158},{""bbox"":[150.20558166503906,144.08294677734375,160.69715881347656,154.8881072998047],""confidence"":0.6146524548530579},{""bbox"":[153.59910583496094,198.65940856933594,165.70228576660156,211.19894409179688],""confidence"":0.1902371197938919},{""bbox"":[148.91693115234375,144.22621154785156,162.09947204589844,157.1051025390625],""confidence"":0.15633821487426758},{""bbox"":[150.67115783691406,168.2716522216797,163.52548217773438,181.35040283203125],""confidence"":0.040856458246707916},{""bbox"":[154.1371612548828,196.5974578857422,165.75787353515625,208.9018096923828],""confidence"":0.005125577095896006},{""bbox"":[151.15579223632812,142.6598358154297,162.18447875976562,154.21778869628906],""confidence"":0.004147653467953205},{""bbox"":[146.6651611328125,144.62486267089844,158.91297912597656,155.6553955078125],""confidence"":0.0030266260728240013},{""bbox"":[151.63291931152344,199.81753540039062,161.79995727539062,209.62484741210938],""confidence"":0.0029679914005100727},{""bbox"":[153.02520751953125,200.77203369140625,165.61521911621094,214.3721923828125],""confidence"":0.0019205404678359628},{""bbox"":[150.64479064941406,163.30055236816406,162.76219177246094,175.80088806152344],""confidence"":0.0017353862058371305},{""bbox"":[152.4939422607422,166.60511779785156,165.09881591796875,179.59552001953125],""confidence"":0.0012898005079478025},{""bbox"":[277.80621337890625,123.46955108642578,283.3502197265625,129.0415802001953],""confidence"":0.0012082107132300735}]",14,0.001
002_20200624_003127(5),2,316,332,"[[149.0,144.0,159.0,156.0],[152.0,166.0,165.0,178.0],[155.0,198.0,164.0,210.0]]","[{""bbox"":[154.40328979492188,199.51206970214844,164.48104858398438,209.85084533691406],""confidence"":0.6907198429107666},{""bbox"":[150.56944274902344,143.92884826660156,160.84678649902344,154.6602325439453],""confidence"":0.6465920805931091},{""bbox"":[152.10093688964844,167.18760681152344,162.6730499267578,177.5009307861328],""confidence"":0.6309869289398193},{""bbox"":[149.43064880371094,144.08839416503906,162.53237915039062,156.9477081298828],""confidence"":0.18163473904132843},{""bbox"":[153.6038360595703,198.30258178710938,165.83340454101562,211.10032653808594],""confidence"":0.13906754553318024},{""bbox"":[152.63912963867188,165.76817321777344,165.31982421875,178.85467529296875],""confidence"":0.023732155561447144},{""bbox"":[154.11785888671875,196.52044677734375,165.86512756347656,208.9029083251953],""confidence"":0.009492314420640469},{""bbox"":[151.29373168945312,168.161376953125,164.36007690429688,181.36024475097656],""confidence"":0.006988381501287222},{""bbox"":[154.2278289794922,167.090576171875,165.23675537109375,177.29104614257812],""confidence"":0.002865878865122795},{""bbox"":[151.4745330810547,163.27734375,163.4387969970703,175.71099853515625],""confidence"":0.0025714172516018152},{""bbox"":[151.5735321044922,199.71861267089844,161.86285400390625,209.46176147460938],""confidence"":0.002338430844247341},{""bbox"":[146.6688995361328,144.47434997558594,158.9131622314453,155.43605041503906],""confidence"":0.0019885548390448093}]",12,0.001
002_20200624_003132(0),2,316,332,"[[143.0,143.0,154.0,155.0],[145.0,168.0,158.0,182.00000000000003],[148.0,200.00000000000003,161.00000000000003,212.00000000000003]]","[{""bbox"":[149.25704956054688,199.61988830566406,159.31393432617188,209.95382690429688],""confidence"":0.7030282616615295},{""bbox"":[146.17469787597656,167.04620361328125,156.50022888183594,177.54396057128906],""confidence"":0.6820933222770691},{""bbox"":[144.48765563964844,144.19384765625,154.95245361328125,154.79931640625],""confidence"":0.603236734867096},{""bbox"":[143.59933471679688,144.18984985351562,157.18954467773438,156.95655822753906],""confidence"":0.1748359650373459},{""bbox"":[148.76087951660156,198.38429260253906,161.22584533691406,211.3385467529297],""confidence"":0.06014791876077652},{""bbox"":[145.24952697753906,168.02540588378906,158.3703155517578,181.37745666503906],""confidence"":0.011127326637506485},{""bbox"":[147.4649200439453,199.61936950683594,157.22991943359375,209.4321746826172],""confidence"":0.008717735297977924},{""bbox"":[148.89129638671875,196.55604553222656,160.82595825195312,208.98887634277344],""confidence"":0.007504920940846205},{""bbox"":[141.90757751464844,145.24290466308594,154.7904510498047,157.23634338378906],""confidence"":0.004837680608034134},{""bbox"":[145.24000549316406,163.27371215820312,156.63046264648438,175.2158966064453],""confidence"":0.003437621984630823},{""bbox"":[143.08853149414062,166.58157348632812,154.3688201904297,177.05294799804688],""confidence"":0.0034373311791568995},{""bbox"":[270.1156311035156,121.87442779541016,277.08892822265625,128.74998474121094],""confidence"":0.0016007432714104652},{""bbox"":[148.07431030273438,200.73358154296875,160.553955078125,214.39105224609375],""confidence"":0.0010218637762591243}]",13,0.001
002_20200624_003136(5),2,316,332,"[[141.0,142.0,155.0,157.0],[144.0,165.0,157.0,180.0],[148.0,198.00000000000003,157.0,213.0]]","[{""bbox"":[147.4310302734375,199.64498901367188,157.38111877441406,209.73574829101562],""confidence"":0.6895012259483337},{""bbox"":[144.26339721679688,167.16946411132812,154.55990600585938,177.48089599609375],""confidence"":0.6518227458000183},{""bbox"":[142.2688751220703,143.9046173095703,152.5205841064453,154.60073852539062],""confidence"":0.6436657905578613},{""bbox"":[141.14663696289062,144.10418701171875,153.98069763183594,156.89002990722656],""confidence"":0.17717084288597107},{""bbox"":[144.35812377929688,165.65455627441406,157.00277709960938,178.70533752441406],""confidence"":0.04835491627454758},{""bbox"":[145.87648010253906,166.9661407470703,156.98306274414062,177.20645141601562],""confidence"":0.009816683828830719},{""bbox"":[147.02569580078125,196.51795959472656,158.65220642089844,208.84657287597656],""confidence"":0.00759747764095664},{""bbox"":[143.4688720703125,168.19021606445312,155.96080017089844,181.25877380371094],""confidence"":0.006036997772753239},{""bbox"":[143.70362854003906,163.32260131835938,155.4573211669922,175.6474151611328],""confidence"":0.0027275339234620333},{""bbox"":[138.51280212402344,144.482421875,150.4776153564453,155.29100036621094],""confidence"":0.001619769842363894},{""bbox"":[148.61170959472656,198.2652587890625,161.08071899414062,211.3762969970703],""confidence"":0.0010002900380641222}]",11,0.001
002_20200624_043128(1),2,352,332,"[[188.0,153.0,197.0,161.0],[193.0,175.0,199.99999999999997,183.00000000000003],[199.0,205.0,210.0,213.99999999999997]]","[{""bbox"":[199.6005859375,205.34657287597656,208.93031311035156,214.78851318359375],""confidence"":0.6933208703994751},{""bbox"":[187.18357849121094,151.77114868164062,196.43800354003906,161.03390502929688],""confidence"":0.6451827883720398},{""bbox"":[191.5826873779297,174.60560607910156,200.95309448242188,183.82965087890625],""confidence"":0.6327040195465088},{""bbox"":[191.18331909179688,173.91319274902344,201.41433715820312,186.1747283935547],""confidence"":0.029936326667666435},{""bbox"":[187.05003356933594,150.1981201171875,198.07945251464844,161.65748596191406],""confidence"":0.019890151917934418},{""bbox"":[186.47474670410156,152.18202209472656,197.03163146972656,164.21119689941406],""confidence"":0.019185084849596024},{""bbox"":[198.94189453125,207.4364471435547,208.0282745361328,216.99044799804688],""confidence"":0.015542903915047646},{""bbox"":[191.97625732421875,172.56932067871094,201.1112060546875,182.5461883544922],""confidence"":0.013356311246752739},{""bbox"":[198.7841339111328,203.1267852783203,209.7755126953125,215.14620971679688],""confidence"":0.011894885450601578},{""bbox"":[190.33216857910156,175.60861206054688,199.52499389648438,186.30628967285156],""confidence"":0.007787836715579033},{""bbox"":[200.46298217773438,206.4853057861328,209.71124267578125,216.91566467285156],""confidence"":0.006685110740363598},{""bbox"":[190.7471160888672,172.5505828857422,198.7939453125,181.51614379882812],""confidence"":0.005778742488473654},{""bbox"":[185.70433044433594,153.9818115234375,194.95187377929688,164.2981414794922],""confidence"":0.00510698975995183},{""bbox"":[0.0,332.0,7.505084037780762,332.0],""confidence"":0.0029556758236140013},{""bbox"":[342.12518310546875,332.0,351.78106689453125,332.0],""confidence"":0.002231267746537924},{""bbox"":[0.0,332.0,8.536555290222168,332.0],""confidence"":0.0015496787382289767}]",16,0.001
002_20200624_043132(2),2,352,332,"[[200.00000000000003,113.0,208.0,125.0],[201.0,138.0,209.0,148.00000000000003],[203.0,171.00000000000003,209.0,180.0]]","[{""bbox"":[200.200439453125,138.06997680664062,209.34909057617188,147.26657104492188],""confidence"":0.7349925637245178},{""bbox"":[199.7618865966797,114.96826171875,209.04736328125,124.24015045166016],""confidence"":0.6327248811721802},{""bbox"":[202.64630126953125,171.3336639404297,211.0535430908203,179.8374481201172],""confidence"":0.5981622934341431},{""bbox"":[202.0475311279297,170.89015197753906,211.7081756591797,181.8385772705078],""confidence"":0.02272651717066765},{""bbox"":[204.3054656982422,171.67442321777344,213.61203002929688,180.35122680664062],""confidence"":0.017113937065005302},{""bbox"":[199.87149047851562,170.44407653808594,209.32958984375,179.1005401611328],""confidence"":0.017008135095238686},{""bbox"":[201.35267639160156,167.8765869140625,211.7500457763672,179.27462768554688],""confidence"":0.004873107187449932},{""bbox"":[199.2868194580078,137.60411071777344,210.5902099609375,150.94581604003906],""confidence"":0.004201048985123634},{""bbox"":[0.0,332.0,7.489625930786133,332.0],""confidence"":0.0030624791979789734},{""bbox"":[0.0,332.0,8.53300952911377,332.0],""confidence"":0.0015948617365211248},{""bbox"":[342.4853820800781,332.0,351.7278137207031,332.0],""confidence"":0.0012770576868206263},{""bbox"":[198.85072326660156,140.52719116210938,208.08778381347656,151.0574188232422],""confidence"":0.0010717634577304125}]",12,0.001
002_20200624_043136(1),2,352,332,"[[196.00000000000003,140.0,203.0,152.0],[198.0,164.0,204.0,175.0],[202.0,197.00000000000003,210.0,205.99999999999997]]","[{""bbox"":[200.9542236328125,197.92095947265625,209.7701416015625,206.69024658203125],""confidence"":0.6513972878456116},{""bbox"":[195.1617431640625,141.8618621826172,204.2316436767578,150.82965087890625],""confidence"":0.6510829925537109},{""bbox"":[197.26409912109375,165.89761352539062,206.247314453125,175.22344970703125],""confidence"":0.6321473717689514},{""bbox"":[196.29336547851562,164.46954345703125,206.93719482421875,177.4281768798828],""confidence"":0.0210763867944479},{""bbox"":[198.92645263671875,166.2656707763672,209.17483520507812,175.70294189453125],""confidence"":0.01497871894389391},{""bbox"":[197.62330627441406,163.7895965576172,206.38369750976562,173.4394989013672],""confidence"":0.013686129823327065},{""bbox"":[199.58656311035156,199.10137939453125,208.44131469726562,208.3196563720703],""confidence"":0.009517179802060127},{""bbox"":[0.0,332.0,7.499173641204834,332.0],""confidence"":0.0029893747996538877},{""bbox"":[200.52249145507812,194.3683319091797,210.95030212402344,206.0142059326172],""confidence"":0.0018955330597236753},{""bbox"":[342.29376220703125,332.0,351.7679138183594,332.0],""confidence"":0.0017102551646530628},{""bbox"":[195.13385009765625,167.92648315429688,204.0298614501953,177.5390625],""confidence"":0.001608105842024088},{""bbox"":[0.0,332.0,8.535099983215332,332.0],""confidence"":0.0015641029458492994},{""bbox"":[195.11532592773438,163.67660522460938,202.98001098632812,172.509765625],""confidence"":0.0013013918651267886},{""bbox"":[193.30531311035156,142.52862548828125,204.16368103027344,155.5017547607422],""confidence"":0.0011934083886444569}]",14,0.001
002_20200624_043136(9),2,316,332,"[[149.0,144.0,160.0,155.0],[151.0,168.00000000000003,162.0,177.0],[153.0,198.0,166.0,211.0]]","[{""bbox"":[151.05029296875,167.43699645996094,161.49560546875,178.3591766357422],""confidence"":0.7097324132919312},{""bbox"":[153.9674835205078,199.83140563964844,164.0548095703125,210.07431030273438],""confidence"":0.6959706544876099},{""bbox"":[149.30992126464844,143.60720825195312,159.89199829101562,154.39976501464844],""confidence"":0.6488834619522095},{""bbox"":[153.3283233642578,198.6014404296875,165.64315795898438,211.33009338378906],""confidence"":0.1515510380268097},{""bbox"":[148.2757568359375,144.07374572753906,162.005615234375,156.93392944335938],""confidence"":0.1359969675540924},{""bbox"":[150.38539123535156,168.2318572998047,163.6134490966797,181.40077209472656],""confidence"":0.044689521193504333},{""bbox"":[146.83477783203125,144.10098266601562,159.18345642089844,155.31105041503906],""confidence"":0.010399389080703259},{""bbox"":[150.65074157714844,142.56320190429688,161.8734588623047,154.0098876953125],""confidence"":0.007642937358468771},{""bbox"":[151.566650390625,199.8480682373047,162.22201538085938,209.90972900390625],""confidence"":0.005308950785547495},{""bbox"":[153.70877075195312,196.56503295898438,165.4627227783203,208.92840576171875],""confidence"":0.004769790917634964},{""bbox"":[152.49354553222656,200.83160400390625,165.50433349609375,214.49514770507812],""confidence"":0.0019377273274585605},{""bbox"":[152.41412353515625,166.7420654296875,165.06625366210938,179.6923828125],""confidence"":0.00157637195661664},{""bbox"":[150.33114624023438,163.38218688964844,162.38499450683594,175.85568237304688],""confidence"":0.0015117545844987035},{""bbox"":[147.1843719482422,167.32489013671875,158.29396057128906,177.89222717285156],""confidence"":0.0012633620062842965}]",14,0.001
002_20200624_043140(2),2,352,332,"[[189.00000000000003,159.0,199.0,170.0],[194.0,182.00000000000003,203.00000000000003,194.00000000000003],[199.99999999999997,213.0,209.0,225.0]]","[{""bbox"":[194.54078674316406,184.00657653808594,203.73526000976562,193.2139129638672],""confidence"":0.6853253841400146},{""bbox"":[200.27915954589844,215.6509246826172,209.07781982421875,224.29737854003906],""confidence"":0.6769023537635803},{""bbox"":[191.2063751220703,160.4864044189453,200.45828247070312,169.6598358154297],""confidence"":0.6346386671066284},{""bbox"":[193.96636962890625,182.8569793701172,204.1918182373047,195.0057830810547],""confidence"":0.0544092021882534},{""bbox"":[189.8990478515625,158.8372039794922,201.1865997314453,170.01654052734375],""confidence"":0.024475567042827606},{""bbox"":[199.36087036132812,216.75137329101562,208.11746215820312,225.8302001953125],""confidence"":0.024330994114279747},{""bbox"":[190.05165100097656,160.37042236328125,200.99855041503906,173.09266662597656],""confidence"":0.019557610154151917},{""bbox"":[194.34776306152344,181.3551788330078,203.00454711914062,191.1604461669922],""confidence"":0.006241306662559509},{""bbox"":[0.0,332.0,7.50850248336792,332.0],""confidence"":0.002942229388281703},{""bbox"":[190.97195434570312,183.40243530273438,201.34555053710938,193.1145477294922],""confidence"":0.0027893504593521357},{""bbox"":[342.13848876953125,332.0,351.77301025390625,332.0],""confidence"":0.0021144633647054434},{""bbox"":[0.0,332.0,8.53803825378418,332.0],""confidence"":0.001544182188808918},{""bbox"":[199.7229766845703,212.02406311035156,210.03997802734375,223.4517364501953],""confidence"":0.001485986984334886},{""bbox"":[199.2385711669922,211.97193908691406,207.798828125,221.6623992919922],""confidence"":0.0014188173227012157}]",14,0.001
002_20200624_043141(4),2,316,332,"[[151.0,141.0,162.0,155.0],[153.0,166.0,164.0,180.00000000000003],[155.0,198.0,164.0,212.00000000000003]]","[{""bbox"":[155.4236297607422,199.18275451660156,165.33212280273438,209.432373046875],""confidence"":0.6926611065864563},{""bbox"":[152.4932403564453,167.06719970703125,162.841552734375,177.44935607910156],""confidence"":0.6720274090766907},{""bbox"":[150.6604766845703,143.24330139160156,161.0708465576172,154.01828002929688],""confidence"":0.6081891059875488},{""bbox"":[154.2978057861328,197.81666564941406,166.427490234375,210.7687225341797],""confidence"":0.13160748779773712},{""bbox"":[149.45697021484375,143.94863891601562,162.8907012939453,156.96958923339844],""confidence"":0.12393047660589218},{""bbox"":[152.63430786132812,165.6597900390625,165.3282928466797,178.74502563476562],""confidence"":0.055356066673994064},{""bbox"":[154.722900390625,196.56304931640625,165.15838623046875,207.95449829101562],""confidence"":0.00795066636055708},{""bbox"":[151.68521118164062,168.19625854492188,164.5757598876953,181.3427276611328],""confidence"":0.00691816583275795},{""bbox"":[151.94854736328125,163.3522491455078,163.64149475097656,175.65122985839844],""confidence"":0.003560036886483431}]",9,0.001
002_20200624_043144(2),2,352,332,"[[200.00000000000003,149.0,210.0,157.0],[198.0,170.0,207.00000000000003,181.0],[193.0,201.0,201.0,214.0]]","[{""bbox"":[196.60546875,171.5985565185547,206.4515838623047,181.26243591308594],""confidence"":0.6277074217796326},{""bbox"":[192.8834991455078,203.04647827148438,202.29620361328125,212.5890350341797],""confidence"":0.6124622225761414},{""bbox"":[200.13453674316406,148.12338256835938,209.41189575195312,157.3377685546875],""confidence"":0.6122351884841919},{""bbox"":[199.22128295898438,147.76123046875,210.53431701660156,160.0767822265625],""confidence"":0.039267398416996},{""bbox"":[194.7534637451172,170.72267150878906,205.728515625,182.25827026367188],""confidence"":0.014388928189873695},{""bbox"":[199.3888702392578,145.78219604492188,210.33843994140625,157.63619995117188],""confidence"":0.01239804644137621},{""bbox"":[190.98275756835938,202.50279235839844,201.0703125,211.59552001953125],""confidence"":0.01002616249024868},{""bbox"":[194.17161560058594,204.02151489257812,204.90957641601562,213.5314483642578],""confidence"":0.006951470393687487},{""bbox"":[196.97509765625,170.48033142089844,209.77737426757812,183.39028930664062],""confidence"":0.006672780029475689},{""bbox"":[197.83897399902344,172.6557159423828,209.16851806640625,182.26077270507812],""confidence"":0.003966368734836578},{""bbox"":[0.0,332.0,7.522573947906494,332.0],""confidence"":0.00296770385466516},{""bbox"":[304.27630615234375,188.92129516601562,310.82232666015625,195.9387664794922],""confidence"":0.002912945346906781},{""bbox"":[342.20025634765625,332.0,351.7699279785156,332.0],""confidence"":0.0019900656770914793},{""bbox"":[195.38421630859375,168.02630615234375,205.70497131347656,179.6535186767578],""confidence"":0.00183182826731354},{""bbox"":[0.0,332.0,8.545278549194336,332.0],""confidence"":0.001558299409225583},{""bbox"":[190.92532348632812,204.21304321289062,199.68785095214844,212.96189880371094],""confidence"":0.0014489319873973727},{""bbox"":[195.12481689453125,202.8324432373047,205.08900451660156,212.1945343017578],""confidence"":0.001003476558253169}]",17,0.001
002_20200624_043145(8),2,316,332,"[[153.0,143.0,164.0,154.0],[155.00000000000003,169.0,167.0,177.99999999999997],[160.0,199.0,169.0,210.0]]","[{""bbox"":[158.88978576660156,199.7693328857422,169.0865936279297,210.2353057861328],""confidence"":0.6933935284614563},{""bbox"":[155.46055603027344,167.3647003173828,165.92800903320312,178.04849243164062],""confidence"":0.6442756056785583},{""bbox"":[154.06517028808594,143.95359802246094,164.4307403564453,154.6165313720703],""confidence"":0.6415965557098389},{""bbox"":[157.86390686035156,198.61036682128906,170.15948486328125,211.30479431152344],""confidence"":0.24012039601802826},{""bbox"":[152.77845764160156,144.03817749023438,165.7666473388672,156.94119262695312],""confidence"":0.15443216264247894},{""bbox"":[154.7957305908203,168.24363708496094,167.90208435058594,181.40179443359375],""confidence"":0.027857694774866104},{""bbox"":[155.11793518066406,142.65621948242188,166.1318817138672,154.11817932128906],""confidence"":0.008418027311563492},{""bbox"":[158.51638793945312,196.46212768554688,170.5044708251953,208.99913024902344],""confidence"":0.007671059109270573},{""bbox"":[150.95030212402344,144.40614318847656,163.26580810546875,155.4512481689453],""confidence"":0.005133904051035643},{""bbox"":[156.7045440673828,166.3857421875,169.41575622558594,179.41970825195312],""confidence"":0.0024759762454777956},{""bbox"":[157.27542114257812,200.96585083007812,170.77108764648438,214.5791778564453],""confidence"":0.0023622584994882345},{""bbox"":[154.86204528808594,163.36386108398438,166.77264404296875,175.7581329345703],""confidence"":0.001837515621446073},{""bbox"":[155.60467529296875,199.7366943359375,166.35360717773438,209.91639709472656],""confidence"":0.0017233979888260365}]",13,0.001
002_20200624_043148(1),2,352,332,"[[198.0,121.00000000000001,206.0,132.0],[198.0,146.0,204.99999999999997,155.0],[199.0,178.99999999999997,208.0,186.0]]","[{""bbox"":[196.60894775390625,146.82955932617188,206.20587158203125,156.44049072265625],""confidence"":0.6886336803436279},{""bbox"":[198.2162628173828,179.28199768066406,206.93019104003906,188.0211944580078],""confidence"":0.6215077042579651},{""bbox"":[196.96961975097656,123.14310455322266,206.28370666503906,132.46530151367188],""confidence"":0.5839375853538513},{""bbox"":[199.72586059570312,179.85418701171875,209.27911376953125,188.93804931640625],""confidence"":0.054319556802511215},{""bbox"":[195.12939453125,145.78826904296875,204.74049377441406,155.8585968017578],""confidence"":0.027805302292108536},{""bbox"":[194.6591796875,122.94833374023438,205.42990112304688,133.9916229248047],""confidence"":0.016759390011429787},{""bbox"":[197.44081115722656,176.7084503173828,207.58753967285156,187.75564575195312],""confidence"":0.01503126509487629},{""bbox"":[198.10594177246094,179.53173828125,207.76646423339844,190.5923614501953],""confidence"":0.014639505185186863},{""bbox"":[197.71560668945312,147.13162231445312,209.31045532226562,157.75872802734375],""confidence"":0.013413839042186737},{""bbox"":[195.47650146484375,178.71368408203125,204.90423583984375,187.37705993652344],""confidence"":0.009412878192961216},{""bbox"":[196.12579345703125,147.10667419433594,207.1830596923828,159.79954528808594],""confidence"":0.006533007137477398},{""bbox"":[199.32008361816406,122.97868347167969,209.57867431640625,132.22891235351562],""confidence"":0.005124372895807028},{""bbox"":[0.0,332.0,7.493588447570801,332.0],""confidence"":0.0030448646284639835},{""bbox"":[342.19647216796875,332.0,351.77825927734375,332.0],""confidence"":0.0019562458619475365},{""bbox"":[0.0,332.0,8.533498764038086,332.0],""confidence"":0.0015873792581260204},{""bbox"":[196.41668701171875,119.26576232910156,208.26898193359375,131.72457885742188],""confidence"":0.0010057607432827353}]",16,0.001
002_20200624_043150(3),2,316,332,"[[146.0,142.0,158.0,153.0],[149.0,164.0,160.0,178.99999999999997],[153.0,195.0,163.0,209.00000000000003]]","[{""bbox"":[149.68992614746094,166.26876831054688,159.90548706054688,176.6851806640625],""confidence"":0.6785911321640015},{""bbox"":[153.1651611328125,198.5157470703125,163.12359619140625,208.91053771972656],""confidence"":0.6263757348060608},{""bbox"":[147.35659790039062,142.76092529296875,157.73489379882812,153.31016540527344],""confidence"":0.5923122763633728},{""bbox"":[152.16294860839844,197.69735717773438,163.83387756347656,210.54054260253906],""confidence"":0.10511280596256256},{""bbox"":[148.74583435058594,164.8154754638672,161.64378356933594,178.26368713378906],""confidence"":0.06916110962629318},{""bbox"":[146.22845458984375,143.65679931640625,159.6820831298828,156.70924377441406],""confidence"":0.04710006341338158},{""bbox"":[152.91957092285156,196.39491271972656,164.35562133789062,208.3734893798828],""confidence"":0.03409620001912117},{""bbox"":[147.16001892089844,165.76466369628906,158.7019500732422,176.3457794189453],""confidence"":0.013404062017798424},{""bbox"":[149.00863647460938,163.55160522460938,160.34286499023438,175.55772399902344],""confidence"":0.007949906401336193},{""bbox"":[148.17347717285156,167.91880798339844,162.3121795654297,181.5933380126953],""confidence"":0.001383056864142418},{""bbox"":[148.4074249267578,141.42808532714844,161.15029907226562,154.8841094970703],""confidence"":0.0012930386001244187}]",11,0.001
002_20200624_043154(8),2,316,332,"[[150.0,143.0,164.0,155.0],[152.0,167.0,164.0,179.0],[156.0,199.0,165.0,212.00000000000003]]","[{""bbox"":[155.62924194335938,199.92242431640625,165.87826538085938,210.27642822265625],""confidence"":0.6713514924049377},{""bbox"":[151.30776977539062,167.8634033203125,162.617431640625,179.03672790527344],""confidence"":0.642842710018158},{""bbox"":[150.6995086669922,144.15902709960938,160.8805389404297,154.74815368652344],""confidence"":0.6284746527671814},{""bbox"":[149.4825439453125,144.16722106933594,162.4887237548828,156.98614501953125],""confidence"":0.18220274150371552},{""bbox"":[151.73611450195312,168.3798065185547,164.7407989501953,181.39599609375],""confidence"":0.06509248167276382},{""bbox"":[155.42916870117188,196.52696228027344,167.09544372558594,208.8795928955078],""confidence"":0.0047848583199083805},{""bbox"":[154.30738830566406,201.0712890625,167.613525390625,214.60317993164062],""confidence"":0.0028029028326272964},{""bbox"":[156.68995666503906,198.4886474609375,169.4776611328125,211.98410034179688],""confidence"":0.0022848662920296192},{""bbox"":[146.61932373046875,144.64205932617188,158.89979553222656,155.65261840820312],""confidence"":0.0016561126103624701},{""bbox"":[154.21803283691406,167.41326904296875,165.3365020751953,178.17701721191406],""confidence"":0.0011590707581490278}]",10,0.001
002_20200624_043159(4),2,316,332,"[[150.0,141.0,160.0,156.0],[153.0,166.0,160.99999999999997,178.0],[155.0,198.0,163.0,211.0]]","[{""bbox"":[154.02749633789062,199.56214904785156,164.10031127929688,209.88136291503906],""confidence"":0.7055203914642334},{""bbox"":[151.13436889648438,167.10215759277344,161.68341064453125,177.8675537109375],""confidence"":0.6598751544952393},{""bbox"":[148.7313690185547,143.5701141357422,159.5741424560547,154.5691680908203],""confidence"":0.6282586455345154},{""bbox"":[147.97555541992188,144.24429321289062,161.4528045654297,156.9881134033203],""confidence"":0.17298443615436554},{""bbox"":[153.13116455078125,198.2142791748047,165.7068328857422,211.24501037597656],""confidence"":0.12953665852546692},{""bbox"":[150.29229736328125,168.1683807373047,163.7917022705078,181.43728637695312],""confidence"":0.01748272217810154},{""bbox"":[153.7754364013672,196.53146362304688,165.5791778564453,208.9298553466797],""confidence"":0.008395484648644924},{""bbox"":[151.53433227539062,199.49378967285156,162.33969116210938,209.7046356201172],""confidence"":0.005320294294506311},{""bbox"":[150.58944702148438,142.5315704345703,161.83419799804688,153.95166015625],""confidence"":0.004820640664547682},{""bbox"":[150.4099578857422,163.33139038085938,162.47830200195312,175.812255859375],""confidence"":0.003092364873737097},{""bbox"":[146.26229858398438,145.3835906982422,158.79676818847656,157.331298828125],""confidence"":0.0024077328853309155},{""bbox"":[152.5436248779297,165.88221740722656,165.2589569091797,179.20166015625],""confidence"":0.0016338168643414974},{""bbox"":[152.21865844726562,200.85263061523438,165.84791564941406,214.6034393310547],""confidence"":0.0013470074627548456}]",13,0.001
002_20200624_203044(4),2,352,332,"[[192.99999999999997,139.00000000000003,205.0,150.0],[192.99999999999997,167.0,205.0,175.99999999999997],[198.0,197.00000000000003,207.99999999999997,207.0]]","[{""bbox"":[194.69752502441406,165.9353485107422,203.62474060058594,174.98678588867188],""confidence"":0.705893337726593},{""bbox"":[196.70484924316406,198.46975708007812,205.47889709472656,207.34425354003906],""confidence"":0.662687361240387},{""bbox"":[193.5032196044922,141.1450653076172,202.54995727539062,150.33010864257812],""confidence"":0.5900596380233765},{""bbox"":[193.84120178222656,164.81866455078125,204.27220153808594,177.3701629638672],""confidence"":0.02906644344329834},{""bbox"":[195.0311279296875,140.8824462890625,205.2762908935547,150.20887756347656],""confidence"":0.021409055218100548},{""bbox"":[195.29869079589844,199.37667846679688,204.09446716308594,208.36561584472656],""confidence"":0.017346298322081566},{""bbox"":[194.31576538085938,163.73141479492188,203.0687713623047,173.4733123779297],""confidence"":0.013305176049470901},{""bbox"":[190.8466796875,140.4958038330078,202.23406982421875,150.71202087402344],""confidence"":0.00896826945245266},{""bbox"":[0.0,332.0,7.519952774047852,332.0],""confidence"":0.0029494292102754116},{""bbox"":[191.11502075195312,165.6349334716797,200.438232421875,174.6486358642578],""confidence"":0.0026824905071407557},{""bbox"":[0.0,332.0,8.543424606323242,332.0],""confidence"":0.0015495916595682502},{""bbox"":[342.37030029296875,332.0,351.75341796875,332.0],""confidence"":0.0015225948300212622}]",12,0.001
002_20200714_225756(0),2,352,332,"[[188.0,146.0,195.99999999999997,156.0],[194.0,168.00000000000003,202.0,178.0],[203.0,198.00000000000003,212.0,208.0]]","[{""bbox"":[187.0894317626953,145.9146270751953,196.35215759277344,155.11444091796875],""confidence"":0.6416736841201782},{""bbox"":[202.31402587890625,198.34591674804688,211.66249084472656,207.8314666748047],""confidence"":0.6377513408660889},{""bbox"":[193.35914611816406,168.15280151367188,202.5803985595703,177.47830200195312],""confidence"":0.5999997854232788},{""bbox"":[203.1894073486328,197.7617950439453,214.2467041015625,207.86093139648438],""confidence"":0.04477601870894432},{""bbox"":[191.06460571289062,168.7646484375,200.95115661621094,178.10049438476562],""confidence"":0.01702105440199375},{""bbox"":[194.26853942871094,167.83836364746094,204.86822509765625,177.43495178222656],""confidence"":0.012556231580674648},{""bbox"":[199.7151336669922,198.35311889648438,211.02691650390625,208.32562255859375],""confidence"":0.008429469540715218},{""bbox"":[0.0,332.0,7.496336460113525,332.0],""confidence"":0.003003127872943878},{""bbox"":[191.10252380371094,168.02059936523438,199.3676300048828,176.56259155273438],""confidence"":0.00299127702601254},{""bbox"":[342.2841796875,332.0,351.78045654296875,332.0],""confidence"":0.0017468401929363608},{""bbox"":[0.0,332.0,8.53406047821045,332.0],""confidence"":0.0015700311632826924},{""bbox"":[191.6975555419922,169.69044494628906,201.7501983642578,181.8546600341797],""confidence"":0.0015597149031236768}]",12,0.001
002_20200714_225759(8),2,352,332,"[[199.0,139.0,208.0,149.0],[201.0,162.0,210.00000000000003,171.0],[205.0,196.0,214.00000000000003,205.99999999999997]]","[{""bbox"":[205.01304626464844,195.72113037109375,214.43112182617188,205.3134002685547],""confidence"":0.709214448928833},{""bbox"":[200.3105010986328,163.4061279296875,209.87158203125,172.9282684326172],""confidence"":0.6563345789909363},{""bbox"":[199.5196533203125,139.3734588623047,208.93833923339844,148.9208526611328],""confidence"":0.6558446288108826},{""bbox"":[198.69183349609375,138.54380798339844,209.8206024169922,151.2635040283203],""confidence"":0.08832802623510361},{""bbox"":[198.0826873779297,136.8919219970703,209.7119140625,148.7619171142578],""confidence"":0.011825461871922016},{""bbox"":[204.7374267578125,196.4710235595703,215.1145477294922,208.12730407714844],""confidence"":0.010762429796159267},{""bbox"":[0.0,332.0,7.495421886444092,332.0],""confidence"":0.00301747745834291},{""bbox"":[207.54815673828125,196.55836486816406,217.9748077392578,206.00323486328125],""confidence"":0.0023750371765345335},{""bbox"":[203.65298461914062,198.46705627441406,212.71743774414062,208.275146484375],""confidence"":0.0018321379320695996},{""bbox"":[342.292236328125,332.0,351.7578430175781,332.0],""confidence"":0.0017204774776473641},{""bbox"":[0.0,332.0,8.534510612487793,332.0],""confidence"":0.0015764604322612286},{""bbox"":[198.91976928710938,163.82884216308594,210.25405883789062,177.5141143798828],""confidence"":0.0010315605904906988}]",12,0.001
002_20200714_225803(3),2,352,332,"[[192.99999999999997,147.0,202.0,156.0],[195.0,171.0,203.0,179.0],[197.0,202.0,203.99999999999997,214.0]]","[{""bbox"":[194.39149475097656,171.5574493408203,203.36558532714844,180.63954162597656],""confidence"":0.7101856470108032},{""bbox"":[194.0325164794922,147.4019775390625,203.31455993652344,156.73036193847656],""confidence"":0.6995599269866943},{""bbox"":[196.5941162109375,203.6999053955078,205.88436889648438,212.81687927246094],""confidence"":0.6630149483680725},{""bbox"":[193.9114532470703,170.16262817382812,204.13412475585938,181.902099609375],""confidence"":0.09450014680624008},{""bbox"":[193.20059204101562,145.73248291015625,204.36434936523438,157.2573699951172],""confidence"":0.048319313675165176},{""bbox"":[192.953125,147.92520141601562,203.89678955078125,159.97760009765625],""confidence"":0.04363425448536873},{""bbox"":[190.9002685546875,147.21994018554688,202.0910186767578,157.40171813964844],""confidence"":0.009301479905843735},{""bbox"":[191.05935668945312,170.6082000732422,201.13328552246094,180.09629821777344],""confidence"":0.004534835461527109},{""bbox"":[199.06573486328125,204.12496948242188,209.30517578125,213.8219451904297],""confidence"":0.0034178507048636675},{""bbox"":[0.0,332.0,7.5270819664001465,332.0],""confidence"":0.0029391434509307146},{""bbox"":[193.8280029296875,168.12110900878906,202.5685272216797,178.1315155029297],""confidence"":0.0028246252331882715},{""bbox"":[342.06207275390625,332.0,351.7730712890625,332.0],""confidence"":0.0023961516562849283},{""bbox"":[0.0,332.0,8.546947479248047,332.0],""confidence"":0.0015465521719306707}]",13,0.001
002_20200714_225807(3),2,352,332,"[[206.99999999999997,140.0,216.0,149.0],[211.00000000000003,162.0,221.0,171.0],[216.0,186.00000000000003,225.00000000000003,196.0]]","[{""bbox"":[216.1865997314453,187.812744140625,225.08865356445312,196.86378479003906],""confidence"":0.6365234851837158},{""bbox"":[206.939453125,140.17396545410156,216.2695770263672,149.63380432128906],""confidence"":0.6150264739990234},{""bbox"":[209.9834442138672,162.66763305664062,219.3777618408203,171.84280395507812],""confidence"":0.5664291381835938},{""bbox"":[217.53933715820312,187.9374542236328,226.81361389160156,196.98587036132812],""confidence"":0.07715433835983276},{""bbox"":[207.8250732421875,139.62098693847656,218.49388122558594,149.61940002441406],""confidence"":0.0706518366932869},{""bbox"":[208.49240112304688,162.7238311767578,217.72987365722656,171.56005859375],""confidence"":0.02551821619272232},{""bbox"":[215.51536560058594,189.47442626953125,224.8362274169922,199.357177734375],""confidence"":0.01849743165075779},{""bbox"":[216.4322509765625,185.7577362060547,224.6746063232422,194.85794067382812],""confidence"":0.013658980838954449},{""bbox"":[203.78916931152344,139.3188934326172,216.17398071289062,150.1667938232422],""confidence"":0.009458543732762337},{""bbox"":[212.8922576904297,187.3262481689453,223.7812042236328,197.05014038085938],""confidence"":0.005507609806954861},{""bbox"":[205.85165405273438,136.77061462402344,218.0811309814453,149.19686889648438],""confidence"":0.005427589174360037},{""bbox"":[341.7978210449219,332.0,351.750244140625,332.0],""confidence"":0.0034511659760028124},{""bbox"":[0.0,332.0,7.49316930770874,332.0],""confidence"":0.003040195908397436},{""bbox"":[0.0,332.0,8.534622192382812,332.0],""confidence"":0.0015861570136621594},{""bbox"":[210.5372772216797,159.29815673828125,218.56565856933594,168.859375],""confidence"":0.0015729675069451332},{""bbox"":[203.03103637695312,139.9911346435547,214.95944213867188,151.88388061523438],""confidence"":0.0010327724739909172}]",16,0.001
002_20200714_225810(5),2,352,332,"[[201.0,146.0,212.0,156.0],[202.0,169.0,210.0,177.00000000000003],[202.0,195.0,210.0,203.00000000000003]]","[{""bbox"":[200.50001525878906,195.20098876953125,209.53512573242188,204.01441955566406],""confidence"":0.6593044996261597},{""bbox"":[199.89991760253906,169.283447265625,208.9832763671875,178.22799682617188],""confidence"":0.6566240787506104},{""bbox"":[201.21470642089844,146.09059143066406,211.28363037109375,156.2425079345703],""confidence"":0.6021201014518738},{""bbox"":[199.33636474609375,194.11280822753906,208.5323486328125,203.43373107910156],""confidence"":0.04615055397152901},{""bbox"":[202.23292541503906,146.1493377685547,213.88111877441406,157.29412841796875],""confidence"":0.024882884696125984},{""bbox"":[200.60626220703125,168.09152221679688,209.7765350341797,177.4014129638672],""confidence"":0.013784403912723064},{""bbox"":[200.14602661132812,147.70338439941406,212.21826171875,160.14999389648438],""confidence"":0.01153329573571682},{""bbox"":[198.35069274902344,168.6963348388672,209.63136291503906,181.9474334716797],""confidence"":0.011007387191057205},{""bbox"":[307.3301696777344,165.97885131835938,314.410888671875,173.65689086914062],""confidence"":0.0032763397321105003},{""bbox"":[341.8160705566406,332.0,351.7673034667969,332.0],""confidence"":0.0031997007317841053},{""bbox"":[0.0,332.0,7.5331950187683105,332.0],""confidence"":0.0029627401381731033},{""bbox"":[0.0,332.0,8.550524711608887,332.0],""confidence"":0.0015584180364385247},{""bbox"":[198.3038330078125,148.64027404785156,210.12384033203125,160.73748779296875],""confidence"":0.0010948817944154143}]",13,0.001
002_20200714_225817(4),2,352,332,"[[201.0,99.0,210.00000000000003,109.00000000000001],[201.0,122.0,210.00000000000003,130.0],[202.0,147.0,210.0,156.0]]","[{""bbox"":[199.92724609375,121.08621215820312,209.1169891357422,130.3359375],""confidence"":0.6771290898323059},{""bbox"":[201.698486328125,147.0753936767578,210.80470275878906,156.1275634765625],""confidence"":0.6285750269889832},{""bbox"":[200.2164306640625,98.34109497070312,210.28878784179688,108.45521545410156],""confidence"":0.6242955327033997},{""bbox"":[198.59632873535156,96.63597869873047,211.17422485351562,108.58901977539062],""confidence"":0.03035224974155426},{""bbox"":[199.82144165039062,147.2298583984375,209.18896484375,156.1698455810547],""confidence"":0.02689637616276741},{""bbox"":[199.3936309814453,98.89044952392578,211.68055725097656,111.77063751220703],""confidence"":0.02623649686574936},{""bbox"":[199.03782653808594,120.45733642578125,210.098388671875,133.50836181640625],""confidence"":0.02419266849756241},{""bbox"":[203.89906311035156,147.7218780517578,213.66357421875,156.96566772460938],""confidence"":0.011763111688196659},{""bbox"":[198.6506805419922,122.52700805664062,208.35675048828125,133.56565856933594],""confidence"":0.010631109587848186},{""bbox"":[202.4568634033203,98.77530670166016,213.8142547607422,109.51349639892578],""confidence"":0.004376990254968405},{""bbox"":[199.7291717529297,145.92095947265625,208.3024139404297,154.81515502929688],""confidence"":0.0038438511546701193},{""bbox"":[306.7441711425781,109.428955078125,315.0272216796875,117.58670806884766],""confidence"":0.003662134986370802},{""bbox"":[0.0,332.0,7.487188816070557,332.0],""confidence"":0.0030628084205091},{""bbox"":[201.41624450683594,150.00286865234375,210.4792938232422,159.71380615234375],""confidence"":0.0019156200578436255},{""bbox"":[0.0,332.0,8.531632423400879,332.0],""confidence"":0.0015942476456984878}]",15,0.001
002_20200715_002509(0),2,352,332,"[[207.99999999999997,129.0,217.0,137.0],[210.00000000000003,151.0,217.0,158.0],[212.0,178.0,221.99999999999997,184.0]]","[{""bbox"":[208.76307678222656,151.51695251464844,217.93931579589844,160.60675048828125],""confidence"":0.6457180976867676},{""bbox"":[211.53379821777344,176.64859008789062,220.716552734375,185.89654541015625],""confidence"":0.6331987380981445},{""bbox"":[206.1675262451172,128.36871337890625,215.9973602294922,138.25135803222656],""confidence"":0.6037912964820862},{""bbox"":[207.9862823486328,150.4350128173828,216.90599060058594,159.90806579589844],""confidence"":0.06065530329942703},{""bbox"":[206.47055053710938,128.0835723876953,218.33822631835938,139.39686584472656],""confidence"":0.03774324432015419},{""bbox"":[213.31423950195312,176.48471069335938,222.65866088867188,185.34963989257812],""confidence"":0.01461970154196024},{""bbox"":[206.96878051757812,150.6864013671875,218.88427734375,164.43589782714844],""confidence"":0.010220615193247795},{""bbox"":[205.21530151367188,130.008544921875,216.62893676757812,142.46792602539062],""confidence"":0.008388628251850605},{""bbox"":[208.4239501953125,176.50152587890625,219.63101196289062,186.18345642089844],""confidence"":0.0045667425729334354},{""bbox"":[341.8864440917969,332.0,351.75701904296875,332.0],""confidence"":0.0030640126205980778},{""bbox"":[0.0,332.0,7.49300479888916,332.0],""confidence"":0.003037420567125082},{""bbox"":[203.59201049804688,127.06996154785156,215.94432067871094,138.2430419921875],""confidence"":0.003001079661771655},{""bbox"":[0.0,332.0,8.533929824829102,332.0],""confidence"":0.001584547688253224}]",13,0.001
002_20200715_002513(4),2,352,332,"[[205.0,138.0,211.99999999999997,147.0],[207.99999999999997,160.0,217.0,169.0],[212.0,184.99999999999997,220.0,193.0]]","[{""bbox"":[204.00421142578125,136.95181274414062,213.68104553222656,146.57286071777344],""confidence"":0.6466705203056335},{""bbox"":[211.4909210205078,185.10057067871094,220.5289306640625,194.3006134033203],""confidence"":0.6351674199104309},{""bbox"":[207.57740783691406,159.75270080566406,216.57559204101562,168.72628784179688],""confidence"":0.618213415145874},{""bbox"":[207.4375457763672,158.66650390625,218.63058471679688,169.73951721191406],""confidence"":0.05762923136353493},{""bbox"":[212.832275390625,184.9818115234375,222.5081329345703,194.20713806152344],""confidence"":0.035751793533563614},{""bbox"":[209.2677459716797,159.10743713378906,218.3021697998047,167.8209686279297],""confidence"":0.030762948095798492},{""bbox"":[208.49313354492188,184.98133850097656,219.55880737304688,194.65757751464844],""confidence"":0.0049049025401473045},{""bbox"":[341.8399658203125,332.0,351.7437438964844,332.0],""confidence"":0.0032542541157454252},{""bbox"":[204.07215881347656,159.88168334960938,215.23403930664062,169.40135192871094],""confidence"":0.0030555904377251863},{""bbox"":[0.0,332.0,7.494700908660889,332.0],""confidence"":0.0030238430481404066},{""bbox"":[202.34877014160156,137.64132690429688,214.8002471923828,151.3121337890625],""confidence"":0.002385659608989954},{""bbox"":[0.0,332.0,8.534422874450684,332.0],""confidence"":0.0015790369361639023},{""bbox"":[205.70513916015625,159.23907470703125,217.31307983398438,173.26148986816406],""confidence"":0.001490616938099265}]",13,0.001
002_20200831_163149(1),2,316,332,"[[253.00000000000003,120.0,260.0,129.0]]","[{""bbox"":[251.60015869140625,120.12752532958984,260.8667907714844,129.46849060058594],""confidence"":0.6328245997428894},{""bbox"":[252.43960571289062,117.95398712158203,262.1291809082031,128.6403045654297],""confidence"":0.01075872965157032},{""bbox"":[250.4080810546875,121.61466217041016,259.3857727050781,131.3162078857422],""confidence"":0.006671259645372629}]",3,0.001
002_20200831_163150(6),2,316,332,"[[241.00000000000003,137.0,251.0,148.0]]","[{""bbox"":[241.38795471191406,137.59657287597656,250.32449340820312,146.63771057128906],""confidence"":0.6553743481636047},{""bbox"":[240.32322692871094,136.97213745117188,250.93898010253906,148.1023406982422],""confidence"":0.11895862221717834},{""bbox"":[242.62420654296875,137.66708374023438,251.87741088867188,146.00991821289062],""confidence"":0.08319712430238724},{""bbox"":[241.21621704101562,134.6949462890625,250.77833557128906,145.45704650878906],""confidence"":0.001999656902626157},{""bbox"":[238.69503784179688,137.910888671875,248.07958984375,146.91485595703125],""confidence"":0.001165779773145914}]",5,0.001
002_20200901_083452(2),2,316,332,"[[242.0,170.0,252.99999999999997,180.0]]","[{""bbox"":[242.89356994628906,171.3253936767578,252.0749053955078,180.5244598388672],""confidence"":0.6880391240119934}]",1,0.001
002_20200901_083456(7),2,316,332,"[[237.0,180.00000000000003,248.0,189.0]]","[{""bbox"":[237.25442504882812,179.8058319091797,246.804443359375,189.29518127441406],""confidence"":0.6701682806015015},{""bbox"":[234.259765625,179.10585021972656,245.5498046875,188.92005920410156],""confidence"":0.002719276584684849},{""bbox"":[236.7796173095703,181.013671875,246.48294067382812,193.32550048828125],""confidence"":0.0015760575188323855}]",3,0.001
002_20200901_083501(2),2,316,332,"[[242.0,182.00000000000003,253.99999999999997,192.0]]","[{""bbox"":[243.3109893798828,182.93072509765625,252.86297607421875,192.57791137695312],""confidence"":0.6895718574523926},{""bbox"":[242.9828643798828,180.19752502441406,253.32879638671875,191.5248260498047],""confidence"":0.009077459573745728},{""bbox"":[135.5948944091797,154.65673828125,143.84886169433594,162.69815063476562],""confidence"":0.001870140084065497},{""bbox"":[136.1638946533203,152.84024047851562,145.0639190673828,161.49899291992188],""confidence"":0.0018174146534875035},{""bbox"":[245.2047882080078,183.30625915527344,255.8345489501953,192.30345153808594],""confidence"":0.001208826550282538}]",5,0.001
002_20200901_083505(8),2,316,332,"[[236.0,187.0,246.99999999999997,196.99999999999997]]","[{""bbox"":[238.17807006835938,188.0443115234375,247.2028045654297,197.0037078857422],""confidence"":0.6556508541107178}]",1,0.001
002_20200901_083510(2),2,316,332,"[[241.00000000000003,150.0,252.0,161.0]]","[{""bbox"":[243.09747314453125,150.68612670898438,252.54122924804688,160.06301879882812],""confidence"":0.6644524931907654}]",1,0.001
002_20200901_083514(7),2,316,332,"[[246.0,168.00000000000003,256.0,178.0]]","[{""bbox"":[246.88406372070312,168.94320678710938,255.74664306640625,177.767822265625],""confidence"":0.6589706540107727},{""bbox"":[245.78656005859375,168.8640594482422,255.88186645507812,180.94534301757812],""confidence"":0.017100892961025238},{""bbox"":[247.51133728027344,167.7944793701172,256.5018310546875,176.9021759033203],""confidence"":0.01536419428884983}]",3,0.001
002_20200901_191340(2),2,316,332,"[[243.0,150.0,252.99999999999997,159.0]]","[{""bbox"":[243.87985229492188,149.8989715576172,253.23580932617188,159.1774444580078],""confidence"":0.6267184615135193},{""bbox"":[242.3897247314453,151.35975646972656,251.07156372070312,160.3638458251953],""confidence"":0.005102882161736488},{""bbox"":[246.27703857421875,149.60055541992188,255.91868591308594,157.97821044921875],""confidence"":0.002824491122737527},{""bbox"":[244.7830047607422,147.09100341796875,253.99502563476562,157.4003143310547],""confidence"":0.0021321966778486967}]",4,0.001
002_20200901_191343(2),2,316,332,"[[245.0,172.0,253.99999999999997,183.0]]","[{""bbox"":[246.13153076171875,174.56178283691406,254.71774291992188,183.13546752929688],""confidence"":0.6270838379859924},{""bbox"":[245.68699645996094,175.42942810058594,254.71737670898438,185.1529541015625],""confidence"":0.025075282901525497},{""bbox"":[245.7465362548828,172.0150909423828,254.967041015625,182.12539672851562],""confidence"":0.006742491386830807},{""bbox"":[247.18606567382812,174.71197509765625,256.224853515625,185.0959014892578],""confidence"":0.002999345539137721}]",4,0.001
002_20200901_191346(1),2,316,332,"[[246.0,159.0,256.0,169.0]]","[{""bbox"":[246.9824981689453,159.2010040283203,256.2342224121094,168.32510375976562],""confidence"":0.6456910967826843}]",1,0.001
002_20200901_191348(8),2,316,332,"[[242.0,138.0,251.99999999999997,148.00000000000003]]","[{""bbox"":[242.26889038085938,137.84185791015625,251.315673828125,146.84735107421875],""confidence"":0.6672284007072449},{""bbox"":[242.34788513183594,134.68905639648438,251.7908172607422,145.39894104003906],""confidence"":0.0013554221950471401}]",2,0.001
002_20200901_191351(5),2,316,332,"[[236.0,178.0,248.0,189.0]]","[{""bbox"":[237.3048553466797,179.46746826171875,246.0701904296875,188.32154846191406],""confidence"":0.6556246280670166},{""bbox"":[238.74754333496094,179.63185119628906,247.677734375,187.6973876953125],""confidence"":0.07317177206277847},{""bbox"":[234.13836669921875,178.92115783691406,245.5859375,188.96401977539062],""confidence"":0.007613327354192734}]",3,0.001
002_20200905_003315(2),2,316,332,"[[246.0,168.0,256.0,180.0]]","[{""bbox"":[245.68084716796875,169.1182403564453,254.6614532470703,178.167236328125],""confidence"":0.6064490675926208},{""bbox"":[244.52699279785156,169.87786865234375,254.61026000976562,181.0646209716797],""confidence"":0.015442782081663609},{""bbox"":[247.2914581298828,167.7124481201172,256.32171630859375,176.71141052246094],""confidence"":0.00350731099024415},{""bbox"":[242.3031463623047,169.1039581298828,253.82528686523438,179.09217834472656],""confidence"":0.0021915826946496964}]",4,0.001
002_20200905_003319(2),2,316,332,"[[246.0,162.0,256.0,171.0]]","[{""bbox"":[246.42005920410156,161.06228637695312,255.77503967285156,170.38687133789062],""confidence"":0.5654966831207275},{""bbox"":[245.18479919433594,162.0253448486328,254.90509033203125,172.87071228027344],""confidence"":0.0039568617939949036},{""bbox"":[246.18287658691406,159.5210418701172,254.81602478027344,169.05262756347656],""confidence"":0.0025430370587855577},{""bbox"":[247.6009521484375,161.76869201660156,256.62152099609375,172.7321014404297],""confidence"":0.00160131580196321},{""bbox"":[247.8368682861328,159.4738311767578,256.6710205078125,168.68563842773438],""confidence"":0.0013214640785008669}]",5,0.001
002_20200905_003323(3),2,316,332,"[[245.0,161.0,255.0,171.0]]","[{""bbox"":[245.49502563476562,161.33872985839844,254.2140350341797,170.19822692871094],""confidence"":0.5956341028213501},{""bbox"":[244.3119354248047,161.83705139160156,254.1619873046875,172.73695373535156],""confidence"":0.022003309801220894},{""bbox"":[242.31585693359375,161.0164337158203,254.11602783203125,171.2110595703125],""confidence"":0.004975286778062582}]",3,0.001
002_20200905_003327(3),2,316,332,"[[242.0,162.0,251.99999999999997,172.99999999999997]]","[{""bbox"":[242.1726837158203,162.93307495117188,251.29966735839844,171.94168090820312],""confidence"":0.6515159606933594}]",1,0.001
002_20200905_003331(2),2,316,332,"[[247.00000000000003,164.0,256.0,172.99999999999997]]","[{""bbox"":[247.53195190429688,163.51402282714844,257.5230407714844,173.31678771972656],""confidence"":0.6208322048187256},{""bbox"":[246.9097442626953,164.63299560546875,257.1700134277344,176.85496520996094],""confidence"":0.004226442892104387},{""bbox"":[249.35914611816406,163.4663543701172,260.0235900878906,172.701904296875],""confidence"":0.0015003919834271073}]",3,0.001
002_20200905_003335(3),2,316,332,"[[245.0,165.99999999999997,253.99999999999997,175.99999999999997]]","[{""bbox"":[244.1103515625,166.12753295898438,253.7292022705078,175.60011291503906],""confidence"":0.6038088798522949},{""bbox"":[245.67483520507812,166.206787109375,255.8804473876953,175.0723419189453],""confidence"":0.003765353001654148},{""bbox"":[244.9380645751953,163.69361877441406,254.11195373535156,174.09739685058594],""confidence"":0.0037427260540425777},{""bbox"":[241.9937744140625,166.7541961669922,252.5016632080078,177.30783081054688],""confidence"":0.0013294251402840018}]",4,0.001
002_20200905_163922(9),2,316,332,"[[245.0,153.0,257.0,163.0]]","[{""bbox"":[247.28912353515625,154.75143432617188,256.790771484375,164.16172790527344],""confidence"":0.6580246686935425}]",1,0.001
002_20200905_163926(4),2,316,332,"[[242.00000000000003,138.0,251.0,148.00000000000003]]","[{""bbox"":[241.8429412841797,138.2449493408203,251.13272094726562,147.42755126953125],""confidence"":0.6520043015480042}]",1,0.001
002_20200905_163929(7),2,316,332,"[[242.00000000000003,127.99999999999999,251.0,138.0]]","[{""bbox"":[241.40084838867188,129.3702850341797,250.16854858398438,138.25387573242188],""confidence"":0.6553581953048706},{""bbox"":[242.8023223876953,129.5624542236328,251.8078155517578,137.58401489257812],""confidence"":0.0692305788397789},{""bbox"":[238.3914031982422,128.8981475830078,249.873046875,139.11521911621094],""confidence"":0.003980468027293682},{""bbox"":[241.69039916992188,126.41458892822266,249.7816162109375,135.7493896484375],""confidence"":0.0018408579053357244}]",4,0.001
002_20200905_163932(9),2,316,332,"[[247.00000000000003,148.0,257.0,160.0]]","[{""bbox"":[247.41810607910156,149.56182861328125,256.5759582519531,158.77249145507812],""confidence"":0.6289969086647034},{""bbox"":[246.08644104003906,150.8751983642578,254.9696502685547,160.27139282226562],""confidence"":0.008504407480359077},{""bbox"":[248.2108917236328,147.10079956054688,257.69073486328125,157.7427520751953],""confidence"":0.004644170869141817}]",3,0.001
002_20200905_163936(2),2,316,332,"[[239.0,148.0,250.0,158.0]]","[{""bbox"":[239.4661865234375,148.69256591796875,248.7138671875,157.87274169921875],""confidence"":0.5700578689575195},{""bbox"":[240.34603881835938,146.96543884277344,249.93234252929688,157.4366912841797],""confidence"":0.024540456011891365},{""bbox"":[239.24256896972656,150.6907958984375,247.96864318847656,160.0567626953125],""confidence"":0.01151254866272211},{""bbox"":[241.46435546875,148.2814178466797,251.77894592285156,157.26531982421875],""confidence"":0.0013334347167983651}]",4,0.001
002_20200905_163939(7),2,316,332,"[[249.0,126.0,259.0,135.0]]","[{""bbox"":[250.1325225830078,126.193603515625,259.79852294921875,135.84735107421875],""confidence"":0.7018328309059143},{""bbox"":[249.79083251953125,127.71896362304688,259.2777099609375,139.26763916015625],""confidence"":0.006236872170120478},{""bbox"":[246.73281860351562,126.14384460449219,258.1181640625,135.9723358154297],""confidence"":0.001604833989404142}]",3,0.001
002_20200905_203836(3),2,316,332,"[[250.0,132.0,260.0,141.0]]","[{""bbox"":[250.2999267578125,132.96829223632812,259.7882995605469,142.6726837158203],""confidence"":0.6468676924705505},{""bbox"":[249.98513793945312,130.25440979003906,261.3072814941406,142.3357696533203],""confidence"":0.005757625680416822},{""bbox"":[245.8384246826172,131.98513793945312,257.4773864746094,142.0999298095703],""confidence"":0.004649766255170107}]",3,0.001
002_20200905_203840(3),2,316,332,"[[247.00000000000003,132.0,256.0,141.0]]","[{""bbox"":[246.30218505859375,130.59744262695312,256.75494384765625,141.3565673828125],""confidence"":0.5756856203079224},{""bbox"":[245.7594451904297,132.24600219726562,255.34796142578125,143.56149291992188],""confidence"":0.018146848306059837},{""bbox"":[247.62713623046875,132.7574462890625,256.65936279296875,143.5415802001953],""confidence"":0.002726814243942499}]",3,0.001
002_20200905_203844(2),2,316,332,"[[243.0,188.00000000000003,253.99999999999997,196.99999999999997]]","[{""bbox"":[244.637939453125,188.02584838867188,254.44288635253906,197.8936309814453],""confidence"":0.6290852427482605},{""bbox"":[245.64540100097656,187.31947326660156,257.0317077636719,198.25033569335938],""confidence"":0.020460601896047592},{""bbox"":[242.27786254882812,188.42445373535156,254.4190673828125,199.48379516601562],""confidence"":0.011942955665290356},{""bbox"":[243.6319122314453,190.92593383789062,252.95965576171875,201.6594696044922],""confidence"":0.0044437614269554615}]",4,0.001
002_20200905_203848(4),2,316,332,"[[242.00000000000003,156.0,251.0,166.0]]","[{""bbox"":[241.02197265625,154.826171875,251.30996704101562,165.1061248779297],""confidence"":0.6333057284355164},{""bbox"":[237.8942108154297,154.98590087890625,250.3158416748047,166.12130737304688],""confidence"":0.009007411077618599},{""bbox"":[240.0319061279297,156.66477966308594,250.32562255859375,168.53831481933594],""confidence"":0.007209075149148703}]",3,0.001
002_20200905_203856(3),2,316,332,"[[239.0,235.0,251.0,245.0]]","[{""bbox"":[240.50221252441406,233.90403747558594,250.63246154785156,244.04278564453125],""confidence"":0.6295927166938782},{""bbox"":[238.02435302734375,232.39097595214844,249.9437255859375,243.1226806640625],""confidence"":0.02984839491546154},{""bbox"":[241.99415588378906,233.684814453125,252.51670837402344,243.5950164794922],""confidence"":0.02703746035695076},{""bbox"":[238.49990844726562,234.70291137695312,247.91485595703125,243.8415069580078],""confidence"":0.005538745783269405},{""bbox"":[240.37059020996094,235.16668701171875,249.9595489501953,247.20889282226562],""confidence"":0.004724022001028061}]",5,0.001
002_20200905_203900(3),2,316,332,"[[246.0,233.00000000000003,255.0,243.0]]","[{""bbox"":[245.66342163085938,232.92774963378906,255.44515991210938,242.8463134765625],""confidence"":0.6516870260238647},{""bbox"":[242.12095642089844,231.80213928222656,254.1970977783203,242.41592407226562],""confidence"":0.007866034284234047},{""bbox"":[244.6774139404297,229.79666137695312,255.97479248046875,241.6022186279297],""confidence"":0.0039365775883197784}]",3,0.001
002_20200906_003059(0),2,316,332,"[[243.0,155.0,250.99999999999997,165.0]]","[{""bbox"":[242.59445190429688,155.22666931152344,252.77963256835938,165.57501220703125],""confidence"":0.609402060508728},{""bbox"":[241.79461669921875,156.2228546142578,251.9733123779297,168.4189910888672],""confidence"":0.008473504334688187}]",2,0.001
