"path","size_bytes","sha256"
"data/source/images/001_20200622_203305(8).bmp","256822","3cfff7db4f96afbc4468678c149619cd9c23c1bb80bb02728b392731e77e522a"
"data/source/images/001_20200622_203309(1).bmp","256822","ecd2d4ae690b73b87a1458351d7495191df8377668e3b51133b9680a87352546"
"data/source/images/001_20200622_203312(6).bmp","256822","fb1226063c07c68a2b650efaf3590a3ab0c87afd7e27603d3cba4d1420f09fa9"
"data/source/images/001_20200622_203316(0).bmp","256822","93687b659caccbc15e75b6a724a48ad63d66952309ec05d4f257e97413c21e3a"
"data/source/images/001_20200622_203319(4).bmp","256822","cc28ab10437bff69a7b07121a2250fb52bde216ee4340817c80eb0388bff3f9b"
"data/source/images/001_20200622_203330(3).bmp","256822","60dc2ad3de146c3e31852c4e660c50a027fbebccd9ead3e647a3676c62257f92"
"data/source/images/001_20200623_003516(8).bmp","256822","fd847b99571b54537e816b2dd5f08ae9b4a4b007835d2df0d8920a8a26d9c4a8"
"data/source/images/001_20200623_003520(5).bmp","256822","00a65271cb290c926d4674554a673faf5d65b5d41d8140515b0ad99fee3f7482"
"data/source/images/001_20200623_003524(0).bmp","256822","8748c627533cf62e3e171fa8f1cda34c6f494f185e714adfb46ac11e8726dbf1"
"data/source/images/001_20200623_003529(0).bmp","256822","6be542e6d20237f167b01b6695a5127440f9391cc567707d52aaed8c19a8a056"
"data/source/images/001_20200623_003532(5).bmp","256822","57debf4573c43a2de56854ab52231d101424afea0786a61147b4430866cd9e63"
"data/source/images/001_20200623_003536(0).bmp","256822","10fd86cf1607b4136220b90e88dcaa3959b46ed3fec1004eeeacb3bff59a54d6"
"data/source/images/001_20200623_043227(1).bmp","256822","021eee3386eea27f783ce4501ccaa816722a5640874f1982d099e91568d35d95"
"data/source/images/001_20200623_043231(6).bmp","256822","5ce464b64961108553faf2bff478c3bef908fb96ef658147350107a58093edb4"
"data/source/images/001_20200623_043236(1).bmp","256822","62d13f642fb05848202670cabb6167f895226d35a03fc81bfbaf16c9ea63fcbd"
"data/source/images/001_20200623_043240(6).bmp","256822","f67be3dbd8c82f355d1ae662a6dbb6b681c7dff9676cb10882004e3849f84154"
"data/source/images/001_20200623_043245(2).bmp","256822","5a01147715371b17b2abefcf0f708b6dd3c2f4f997f14bbd4d3dbae809825008"
"data/source/images/001_20200623_043249(6).bmp","256822","6fefba2cc83cb5a255074810cb895046fc2e002249474942f9c0cbd50d7410e5"
"data/source/images/001_20200623_082407(9).bmp","256822","6aa0abfd781fae13898ee4bd453438b9ddbefb80baa4721447ede2c59b240e17"
"data/source/images/001_20200623_082411(0).bmp","256822","06640f96170b1c03d397ae3ce73b4c8ad876510165e6bcb7f5218b7ed5582d46"
"data/source/images/001_20200623_082414(1).bmp","256822","82aad00bf3d68f657bfae7f103faf75404f4812e29ebf5f823c66c874d8e0b3a"
"data/source/images/001_20200623_082416(7).bmp","256822","bd4306616138e0009863fa173b9520ae99033a2a0944f7cf8090eee20c084961"
"data/source/images/001_20200623_082419(6).bmp","256822","e71a63a8e63f8405e46ee3b3bc7b32b032b19750a2859ac5852a0e073181fd8c"
"data/source/images/001_20200623_082422(5).bmp","256822","2ac0a9b9d730bd7ee626ec6fa573d3df40b455afc601ec702a20ed7b8be75403"
"data/source/images/001_20200623_123214(3).bmp","256822","ef2aaf706b5f740a67d6e9f02d9c2fdf975924b0369268688a2aaeb1ae078d8d"
"data/source/images/001_20200623_123223(3).bmp","256822","91f735a75c0a0f0766b7c99f24a49c2893949442b9910eae64ee5eb707f764b0"
"data/source/images/001_20200623_123232(3).bmp","256822","d25575ddf4ba3d684abf75e38d4c426ac4c3b5e51338ea447636d73f8545ed99"
"data/source/images/001_20200623_123236(9).bmp","256822","74ae7d1f661f84319fb19182312317ae1aa5a2df741286ef60322342ef173f99"
"data/source/images/001_20200623_123241(3).bmp","256822","182136646b2f32071566d612c81ea6b12d277c1ebef9a9d4761421e1538015bb"
"data/source/images/001_20200623_123245(8).bmp","256822","57533124de3b8d9fe6c33d7c8a5a3bac89c77d5e50b747d8de16e33b4422e39f"
"data/source/images/001_20200623_163159(5).bmp","256822","0f45df4e292aea4964dde070782a6b28dc531b259778c20266c0b265503ae6a0"
"data/source/images/001_20200623_163209(3).bmp","256822","5cdc3d77e83eb48c64c73ee8ebe76342095211186f5702c00be18705c7a43976"
"data/source/images/001_20200623_163212(9).bmp","256822","754e4538c3322eb3824d91488e623fe495d2d364816d939414668c77d58d7045"
"data/source/images/001_20200623_163216(2).bmp","256822","61a885dfa97a19314a76ea867937c4846d4c49756abf97e7c2006c5862d9817b"
"data/source/images/001_20200623_163219(5).bmp","256822","e4890b1f5c3c49fe2dfa987cd02efe378cbe52040ef7622b41491ccc1e9c600f"
"data/source/images/001_20200623_163222(9).bmp","256822","f2bd126777716c63db5380391ae7a656a0144b97d7889e139135c305bf936d49"
"data/source/images/001_20200623_203217(4).bmp","256822","93c854581518294120a97df65ce78919252ce7ffc7dda352b845b0e07e91aa33"
"data/source/images/001_20200623_203222(0).bmp","256822","4184354a2a3c909ab3581f97fce0407c0cc8f6c6ec4edddd65ac2e71050b9ddb"
"data/source/images/001_20200623_203226(3).bmp","256822","8f6f6705c87ab82848ca2417c1775e2ef123d13bdb4fda538a844fe52485a4ac"
"data/source/images/001_20200623_203230(9).bmp","256822","9105aa82e5db50bab44ebc961c5320b7e361c8df3593967adef0c955e05d044e"
"data/source/images/001_20200623_203235(3).bmp","256822","631f5c50df681285daf600c999187e06b82e2f96b51bb4d30588ce3fe6bca2ce"
"data/source/images/001_20200623_203247(5).bmp","256822","735b364f19148989bbeb56bc2644b29e87a4e728ad0b399748a318d5e675cdbb"
"data/source/images/001_20200624_003240(4).bmp","256822","551b24a46d0792cc6d13274dc95f491915b58a15ceb07d1dbcdc874fe75359de"
"data/source/images/001_20200624_003244(2).bmp","256822","da45499407aabd9ebf09a480ed99da0f7b1fd7bded08d40ea8fd238561876186"
"data/source/images/001_20200624_003247(7).bmp","256822","9eb90cc61366c27e27664174f7b99c79a5ea80f332c93115455f591363fc5815"
"data/source/images/001_20200624_003251(1).bmp","256822","80f7cdfcf750d28923d0428dd3fa378067effffdececf8eb5b1c9525273ad8be"
"data/source/images/001_20200624_003254(3).bmp","256822","9743a5d96420cd389298a39b11660e8d3ea12421f9bad3a283cb5679047e15a4"
"data/source/images/001_20200624_003303(5).bmp","256822","10d99aedd608b1bbe0aae8e9cd63ef27500877f795b5689e166d9f7b5b0813fc"
"data/source/images/001_20200624_043315(2).bmp","256822","c73aa49fca55e534bde9998998bd26afbffbf1510ecc33a7a3224fce63cd02e6"
"data/source/images/001_20200624_043324(2).bmp","256822","a41de824a9cdbb7e226a8248595343bce50e03d5c245a2da8f1a713cb32bcca8"
"data/source/images/001_20200624_043328(7).bmp","256822","1db633be999d58339e926633fcf5477938514142ba7c81df80deff896fe43734"
"data/source/images/001_20200624_043333(2).bmp","256822","1bad6de3b2cb44737a9f76f9043429e1cb431f6466693ca8958817ff26cbad19"
"data/source/images/001_20200624_043337(8).bmp","256822","48936525e6c362c5a72f41bd2bb7803ac86a2f91938825c9f497dceea0d4f8f8"
"data/source/images/001_20200624_043349(7).bmp","256822","ef3321c40f7d266e9bf7a9f3daaa4012cb4aca3a62f097ce0e895d5bb61b3148"
"data/source/images/001_20200624_083150(7).bmp","256822","64386d62730e17c36049f8940e8b3714d878b164b3fd3aabbf564c559cb866da"
"data/source/images/001_20200624_083153(8).bmp","256822","c8ea032e4569131a2cac03947b2d23097cd2a4cbd544f1764b55aaae565be986"
"data/source/images/001_20200624_083156(9).bmp","256822","c05a018455202b5ec2a72e6a28a459e4cf4cb184df1b718f147ab9543ff1ca75"
"data/source/images/001_20200624_083159(6).bmp","256822","83010ec3a37053ddf9feda64e809a72bed8a8060701bb9c0335b4d1b476b70a6"
"data/source/images/001_20200624_083202(6).bmp","256822","087c3eff39c47f315fb6468bea8e091ca118b68c61f5c23165d2413cd1673c3a"
"data/source/images/001_20200624_083205(7).bmp","256822","549f0bbb25e82fd7d21d28535c3c628f2fa0647d38cbc76aeb79c9a12a2bef42"
"data/source/images/001_20200624_123313(4).bmp","256822","e9236240022af57688bd723c7d4da2a57c23604ae18eb671d1256c4536debfaa"
"data/source/images/001_20200624_123317(8).bmp","256822","e20ad9f1c7af020eadbf6647290f64a9d4e3cc095ca6f8dec3f2a335c481aefb"
"data/source/images/001_20200624_123322(3).bmp","256822","60896011bb35bef686cbd9624c2269ee3aabaf98ba9bf04192743bf8497f7c2e"
"data/source/images/001_20200624_123326(6).bmp","256822","42ec46463bcd5370d174450088fb1f35f9aa2b6f9f2a534b78cf09a77f5f9c97"
"data/source/images/001_20200624_123331(2).bmp","256822","33a53d6dd88b84c37906b3a6b6852e378aae755cc729c5b8dcfde04e5bfa39e7"
"data/source/images/001_20200624_123335(6).bmp","256822","64549557ca07266ac6e2583417632f87cc825aac732dbdfe0b90827eccf14543"
"data/source/images/001_20200624_162816(3).bmp","256822","ed24df8bf2cfba327b5c025c6f021054d286188ef3a325dcb89b82d188fca2db"
"data/source/images/001_20200624_162821(2).bmp","256822","f0f4bac33147d1d36082a797105446852712d106b327fb56f2ccdda7e4c53b64"
"data/source/images/001_20200624_162831(2).bmp","256822","fc69ed2ebe4c56f233b4cc445dc10acf759bb52e1517502a9cc2f4e323b6574e"
"data/source/images/001_20200624_162835(8).bmp","256822","6d45aedb1522ecff95c2bb6d4fe017253c91d5f3f623ecd0a1f33024014fdcb7"
"data/source/images/001_20200624_203149(7).bmp","256822","413f7fb4bfdf9ce7aba6fa124473c8b8908075621c2593209ae90ac379e6e368"
"data/source/images/001_20200624_203154(3).bmp","256822","98a9c9cf79f84db723e32cb96ce9cf758aa279b4fc48debf59f5cc9a107500d9"
"data/source/images/001_20200624_203203(1).bmp","256822","701e538615c763895d5d258bba80195ff873cf123b8890c3e9d1f2ed43306ad5"
"data/source/images/001_20200624_203207(8).bmp","256822","d2ba628a2d7b5c000806fce267ad9d43c5295cfb057cbc9aa6fae5d1d5915986"
"data/source/images/001_20200624_203212(2).bmp","256822","5f98bf110107a57357ba586e4852b6e8e10595469216cec1bf32174385fcd373"
"data/source/images/001_20200624_203225(8).bmp","256822","b4341c3419b9882600b6942cdb91acf539babf7a389e541da682e63060e0f5e6"
"data/source/images/001_20200625_003507(0).bmp","256822","762c31ed5d5dcd376cd7111e5aef0911202c6ae7ba09853d3abe893287652bc5"
"data/source/images/001_20200625_003511(4).bmp","256822","9ebb5cfa0d60888548435958710b19e7456bf01b676b5b9f1dcc0560b453fcf0"
"data/source/images/001_20200625_003515(9).bmp","256822","17f4c5aa8a9ee59d801d4c26ca681ce4888666576c16783bd05bb37b3d994f37"
"data/source/images/001_20200625_003520(4).bmp","256822","98a6622c2df2228706b62472d4a0eb288d8d796ae4282f608e60a3435418865e"
"data/source/images/001_20200625_003524(9).bmp","256822","370293d6811e5180407fabaa35e495921b3e1c0bfeedc44b39679490b731cc82"
"data/source/images/001_20200625_003529(2).bmp","256822","df70fde6cf38c0f20c1cd2ded23c917039cf9f0bbb3aec5cacd391d6a8dbdc1a"
"data/source/images/001_20200625_043323(7).bmp","256822","1b707786309cbdc98fb78c7578f5b6b31dcb5aebfe839628259e53e504c390d4"
"data/source/images/001_20200625_043328(3).bmp","256822","11ad4454414503ff30fae13461ed0c915bf28398e2c3ebe787e58c465321ee46"
"data/source/images/001_20200625_043337(3).bmp","256822","b1ffd5dcdadda9681211797582bdc8dac9d1947f7bcbbf363f31ff1a507b5bfa"
"data/source/images/001_20200625_043341(7).bmp","256822","2cda4f39710dc8c805b17ab12e1ab714eb990e9cad012dc49522eef8e502e433"
"data/source/images/001_20200625_043346(2).bmp","256822","05ee258e84e46ead0f4fc0c579155c33cc6ca6e1b16c436453bc357ca582e7e4"
"data/source/images/001_20200625_043359(8).bmp","256822","16444bb2718d8d2227d4682d51eac2c35318c30444a5bed513038a1c5e25f269"
"data/source/images/001_20200629_082825(1).bmp","256822","7a3a8b0711fa3e362f25066999b1b2c604b9fcd2d6c654e0a0187eacbe591c21"
"data/source/images/001_20200629_082828(0).bmp","256822","4a04ef71cd3c0581c3b6dec60c921a45ca254dae93edba5fed23f42bd96f59df"
"data/source/images/001_20200629_082831(0).bmp","256822","b7d58485abb08d14f348518f4748213effebf88a50bf3e86c9125fa4b5991732"
"data/source/images/001_20200629_082834(2).bmp","256822","8b54e9aeadcb5056a33a85b6a00bff0f2199c459dd71ff246d3fbf342a9cee5a"
"data/source/images/001_20200629_082837(2).bmp","256822","0c0cbdb89b668eea0d4ef0b27fcdfff0c7676f2d988f3b5ad19105598027af84"
"data/source/images/001_20200629_082840(2).bmp","256822","2bc73626d83e20688f3a9638ee24fd8988bc5cae938bca4cca300cb1e96db9f8"
"data/source/images/001_20200629_082905(4).bmp","256822","625d0b794b32346b0658c02f8ad9ef9b2840e3d7829a7047ab6f3db636a80361"
"data/source/images/001_20200629_123107(1).bmp","256822","2e81c9f93d092fe78591b27c086f91f70d5fe3d3bc65b906643ca685265451b6"
"data/source/images/001_20200629_123111(6).bmp","256822","218bcc622d325a323d9d3b51332e9369d1b5adde39aece5ee6eae121011a8b86"
"data/source/images/001_20200629_123116(1).bmp","256822","0bb372c0b665ce3331b59b9dbc2f2e033ae1ffb358cc034609e56d7a513ff9c3"
"data/source/images/001_20200629_123120(6).bmp","256822","6daaa5f20dc43bdbeb2dd58105f8f333787fe1c47ad28d4d669ff05c499824aa"
"data/source/images/001_20200629_123125(2).bmp","256822","63f456185844ad399be2236e7b47fdf17efa35ed7e37aac078bdc27510818129"
"data/source/images/001_20200727_204954(7).bmp","256822","03d3704d9fab82fbbebcfb4440bf31787ef09e917642484f631f76dcfbfa2eb0"
"data/source/images/001_20200727_204958(2).bmp","256822","f4f6c0afdf897f16e426a87f492c917a885481af4cde00cf413178e06a12f84d"
"data/source/images/001_20200728_014351(3).bmp","256822","09c079821ed220c3f464e2fee229162dae868c8a7086636b23a2c91dccf6b3c3"
"data/source/images/001_20200728_014355(2).bmp","256822","006d7d693986c626b618b5178a0db0fffe61aadda0d41b88a1f3daa33c35c1ab"
"data/source/images/001_20200728_043138(3).bmp","256822","096b78d8d8a68dc3c4f4caa2bb09ac075114e31bbdad1fe64599886a7edc356b"
"data/source/images/001_20200728_043141(5).bmp","256822","b24e834340c780efd64eaa8cee1b438e6a2701f9b70c5ce9c3349317ab0aa753"
"data/source/images/001_20200728_083108(2).bmp","256822","8cc07b26e98e731d0a1c8979e5286558e4eb98347777f2f4dfb84068d0fc304f"
"data/source/images/001_20200728_083116(1).bmp","256822","661853cdfc2fc9da917edc1be0f7f07ea0283769d9f17a1e6f688a1d5812c903"
"data/source/images/001_20200728_123129(2).bmp","256822","852ac73ce25daa263a147294418a0711451d2e44ab640ab394127ee5e9eb4fa5"
"data/source/images/001_20200728_123132(4).bmp","256822","6ece35ae97321d8bace52bb56361c6558ef0c85ac9b93f9718d3471eb9cbe81d"
"data/source/images/001_20200728_163910(5).bmp","256822","37f027878025b20d1f98e7edc158be8415e3d613e179db12fa59ae80a41e7237"
"data/source/images/001_20200728_163913(6).bmp","256822","73ee0523fc7b3b9fe0e823a7882f7a2a18176c685df49ab9bf92d5a4960d9011"
"data/source/images/001_20200810_085043(8).bmp","256822","9290b0442697b3d15d808ac4a72dad3f74d893884108b7e23c2785c1c53baa91"
"data/source/images/001_20200810_123047(8).bmp","256822","bf270759f570037cf7c1afe71cee25b6da11598a752a65b6b7f1f58d043a5f99"
"data/source/images/001_20200810_123051(3).bmp","256822","4d7e58ef381c9d0cba8eb6f676b43c9c4abf96a46f9afa4ba2d585740673ba82"
"data/source/images/001_20200810_163112(8).bmp","256822","020b37e3dee5ee824b12df9a77c22efbff8e96758c38378aa3241cb7ddf89b84"
"data/source/images/001_20200810_163116(0).bmp","256822","54b577e3130b11aceed2b864241332c7ccad602a2279039a9f09e1e5c867ad0f"
"data/source/images/001_20200810_203208(7).bmp","256822","2155f776869e5aaba52858ea48da3ce4fd062e7012702f92ecdf70e0e01545d1"
"data/source/images/001_20200810_203212(6).bmp","256822","8756acf6e6d0a930fe56a201998fb152d066ee455a2af2fc1da8dca3abe015f3"
"data/source/images/001_20200811_003323(2).bmp","256822","b7a927bb323e617a6cd58f8f6dcd744f2d0d0407b410a22b3b2db6753cb704d6"
"data/source/images/001_20200811_003327(0).bmp","256822","cd760373ea98175418e82b7ad9bc2ac3addba77d8d26fed6d613c82b95df845e"
"data/source/images/001_20200811_043037(3).bmp","256822","ca8d30952af457806b80ab82ce41ba89935ed319fc3cc4070f2972f08b0fe787"
"data/source/images/001_20200811_043041(6).bmp","256822","06b08ceff216c48234521089adb7153fefd9907a059151152a8bb71e8a0157a2"
"data/source/images/001_20200814_033012(7).bmp","256822","437c555649ed56ef833fab08a572ed33e7c31fbce738da8beedaaa9f9987acbc"
"data/source/images/001_20200814_033016(6).bmp","256822","604737c6b0ff8e4d188c5a833aff1dddacecb9efca68366c9cf67be9409ded94"
"data/source/images/001_20200814_043321(6).bmp","256822","15cc012890d39e079a041eb37af9c68b1ff0cedbd9d570ed3521dba6b657fae5"
"data/source/images/001_20200814_083045(8).bmp","256822","2529fde3baeadd854a37530bf35f086cf12e887e09e394ae34fff795255a5479"
"data/source/images/001_20200814_083051(9).bmp","256822","744f309a63e84743fce63ea5c804623fd0b293a6279f5b83a06402826352cf1b"
"data/source/images/001_20200814_123136(2).bmp","256822","ff1be609bfb7c6ae6bf0bfb240f4309ab537cd43939b8bf56be36a114e345fed"
"data/source/images/001_20200814_123143(5).bmp","256822","33c84f79c32c7ead7aec4b754b4444713d897d2526f9ad39cbd6982bd1a069e0"
"data/source/images/001_20200814_163101(7).bmp","256822","7f3d8aed925f3797c08d0074c049c6cdc727c4c0addd0848bb77ae39f3d5adb2"
"data/source/images/001_20200814_163105(1).bmp","256822","003fb52cdab399a8397014275b05d6d94651c100d3dc299287c111858976938f"
"data/source/images/001_20200814_203438(9).bmp","256822","1fe6082ffde7585d851b6c2f261c5a279f93f3ca11962e79ebc860e2922f0862"
"data/source/images/001_20200814_203442(4).bmp","256822","324ac3bbc22f05d0ecee1ab1bded5782fb77136e78fa9c3c0a171fc36525560f"
"data/source/images/001_20200815_003438(6).bmp","256822","a573f0c691f0b7388bf836ce77eef063131058da79469c2d88e06c07c3c50994"
"data/source/images/001_20200815_003529(0).bmp","256822","5610178b080fad0de9f61cdc67805c946081a9c8f041b0d6a3e0ad35e936a970"
"data/source/images/001_20200818_083145(2).bmp","256822","0a9ceb19f42f445da7f4e2315ffd2520b68c2f6b4ce39897dce5608f1154ec9e"
"data/source/images/001_20200818_083159(7).bmp","256822","98f55291350525f3b8838b05370b7001da6023fa428da80ee358fd9b921d4f24"
"data/source/images/001_20200818_123634(4).bmp","256822","a84eee264b359f98b6b93e1b5d01f7d6a8cc6667b19125986ab2449aa66a5ed8"
"data/source/images/001_20200818_163230(6).bmp","256822","5812ec9a4b6ba4ef715597e2d1677a3eb9158734e9a3ad4a06674200ff9b38d0"
"data/source/images/001_20200818_163233(9).bmp","256822","deca16358dd48af8f5251dc9640c7f83e61e81afb1ff6a7fc8b086aaedc54563"
"data/source/images/001_20200818_203601(4).bmp","256822","ffa430b64d165c8d1fa9148640bd2e7af4fed80c46ea1b0318d5857257374cff"
"data/source/images/001_20200818_203607(4).bmp","256822","c96b62968fa4ccb8caed0e97844d25e7f6bcfac14a8f4cbc49bcf9c76583598a"
"data/source/images/001_20200819_003039(4).bmp","256822","2c9fe592ba889b5eb8edb7829b95af041a73de09bee09759554900643ee26e07"
"data/source/images/001_20200819_003044(1).bmp","256822","e87cadaaeb6c302e700092101961c768f8ebc1b82bd7a49ef139ac2786fb796f"
"data/source/images/001_20200819_043209(9).bmp","256822","c6fc640577b45e26e21fa5ad8c3144fab5e5cb4a9dd820701d1a85482f054d77"
"data/source/images/001_20200819_043216(0).bmp","256822","a9587fc84896fdb3f81cbc30b9739ef00898599d4edacc5a8a0420ff3a61e73f"
"data/source/images/001_20200819_083353(5).bmp","256822","bbd60721419f3c48dbb31168ba5c69bf6c78d20253fd4d6d68fe50be15c003be"
"data/source/images/001_20200819_083401(0).bmp","256822","31fc7a32e1161e170c50d5fd5bd87a5f1b6e0c58616f688dc1107fe4fa335075"
"data/source/images/001_20200819_124414(0).bmp","256822","0992265a3431c78433ea15e12ee830e29ff915b3fadf24856d10f051947eedb9"
"data/source/images/001_20200819_124415(9).bmp","256822","f42837e506b2d04f5614f4280b59ef3df506cbb883904378ed1e108cde9caac5"
"data/source/images/001_20200819_162723(4).bmp","256822","09390b56371e7f11f132c22dd57f049d3f79067c66e4212fb0b1182cbb21ce0a"
"data/source/images/001_20200821_150525(5).bmp","256822","00dd910fe498ec69bfc964eb451246e5cf1361e3f617660525dc118ee8d114bf"
"data/source/images/001_20200821_150529(4).bmp","256822","ecd118c907039cf3437d07ae16f87bbaf1ba201840b4a83f543db85e24214b4f"
"data/source/images/001_20200821_163349(7).bmp","256822","319586f2ba1ebdfaa654d789f31952412c81931d709c1bd9721b635861487b33"
"data/source/images/001_20200821_163353(8).bmp","256822","70ce15246f298768bf7e72be1c254f070b80f8a778068abba0c897bc6f5e7d2c"
"data/source/images/001_20200826_023328(3).bmp","256822","a28f162bab086a2ef8360db6f6d267ede7fd96763eb1ece2eb3135fe1db62940"
"data/source/images/001_20200826_023332(5).bmp","256822","1a2478a51ed68378478d97677d7b3c90dcc7f073514c6c82098ef3c37cf60757"
"data/source/images/001_20200826_043252(8).bmp","256822","e6952e6b02593308d5637237a4d0a98c3c7ce8c7ef326205a360288c3a2fa429"
"data/source/images/001_20200826_043255(8).bmp","256822","3f78091c534e15b620ff751c5ac7bbd4d5420e0a85619805507a34979822d1ae"
"data/source/images/001_20200826_123711(3).bmp","256822","3d14609e245f2f1ec1b5696d851bc1b0cd123f2564b623389dc959b70ba12f16"
"data/source/images/001_20200826_123714(5).bmp","256822","0859717c626098127bfb26f7ca43cb79dc71d7a0f3ac7ea2f7aa58712bae479b"
"data/source/images/001_20200831_083711(6).bmp","256822","c1f6ad5e80091a404637849aa87e3a9acde81c7a10510c359d0da134e3b8a10c"
"data/source/images/001_20200831_083714(8).bmp","256822","36c2bb375f8a6e62712a81a4e7c9ecb5a854e38d9e98e837521f5a0331399a87"
"data/source/images/001_20200831_123316(5).bmp","256822","af01421d115b6a24fda6cf2ee03fed8c670eac16a49046785ca94a85358cd9ab"
"data/source/images/001_20200922_163332(2).bmp","256822","85969c58f4c8bfcffb769de3d70c2096b10a89ea2335901000d2b9392647ff3b"
"data/source/images/001_20200922_163335(3).bmp","256822","3fae38d08efe3ad4df78175d169ff2616731e73b139fdcf017899065e57affce"
"data/source/images/002_20200622_203053(2).bmp","117942","3e69692b147e576c82b2da7218fc849153c30b8cbdbdfd013a6af85c43f40aaf"
"data/source/images/002_20200622_203057(3).bmp","117942","3841e1a19f923fb04236cbb9cb55739c0fccc28e175d1a3ea601a15eda9066ad"
"data/source/images/002_20200622_203101(3).bmp","117942","1d261704d69c7e861e3ff77af15675a9bc56b8ddbf0c5ec85038b795e9608b93"
"data/source/images/002_20200622_203105(4).bmp","117942","91e0699d8f2cd27c97463bc4f935cd81488d7a2c113d3e98eda84b41a6178808"
"data/source/images/002_20200622_203109(3).bmp","117942","de57ad04cdfb4dbb4402677ea7ad149a6097de549ff20af9459d2b53b67fcbbb"
"data/source/images/002_20200622_203121(4).bmp","117942","b78d7324419c5ba76bf03205557fb4e98ce333c793f284423ecd2f308b615e5a"
"data/source/images/002_20200622_203136(3).bmp","105990","cdcee597594345df6dce662dfa3c2408fa29fec63264c5a43116252f02473c62"
"data/source/images/002_20200622_203140(8).bmp","105990","4f751ad68902b8015b407430d7f840f47c249543236bd10726b040be1b97d9e9"
"data/source/images/002_20200622_203145(3).bmp","105990","a3a95f811a3501b9a12b716a082aefbb40e0ac56a363bf1f68cf18ffefec446c"
"data/source/images/002_20200622_203149(8).bmp","105990","2fdde90d308a42176d30c607d638a74da198185adca325897f9fb4f966fa43bd"
"data/source/images/002_20200622_203154(3).bmp","105990","54bee431d214c635d69c0d171632c6cf03e58d34894d412174985badf476bfef"
"data/source/images/002_20200622_203158(8).bmp","105990","b19247f90caff37dd77dbc43f63b3a4a1c637dcdd2ecf9140797ee89c8502d15"
"data/source/images/002_20200623_003346(4).bmp","117942","154f778d5cfbf5f138a5ae2edc9d41075ac34f46645143a8b0a59dae2d8f83eb"
"data/source/images/002_20200623_003350(4).bmp","117942","5ecfedfa6d00602063b4458e18bb382665c2d374bf1ea9a5f782bb019e00b0f4"
"data/source/images/002_20200623_003351(2).bmp","105990","b1162251f6f277aabad3db9d7f0203ce83fc2413bdfd7730ffbe8ff3f60c51f4"
"data/source/images/002_20200623_003354(3).bmp","117942","5f58ab449300de08afbe79e780a56a8db803ea2f65d7f556500c52070c7f98c2"
"data/source/images/002_20200623_003355(7).bmp","105990","dba9f29e2b2db31cc315ef1b9e825dc596aed3f5c4bed31c155f9da39eb30eb3"
"data/source/images/002_20200623_003358(2).bmp","117942","c03fe9836cf33debf9690d41f4ffabf6a56609df765e62033c4648a6c5063a53"
"data/source/images/002_20200623_003400(2).bmp","105990","7d06bb54533221d8aca546fd14c667b311f2fb584228ebb973b299f39deafdbf"
"data/source/images/002_20200623_003402(2).bmp","117942","052b2459d4ad23a5eeb916a955bd0634a76f29189103b26e7e4265878bc85cfd"
"data/source/images/002_20200623_003404(7).bmp","105990","e6c4df77a7872d1831738b722e9cdf4e4a65dd605d13c25bda67c92ed15e068b"
"data/source/images/002_20200623_003409(2).bmp","105990","122acb6417de34c69d24b4883870fbefd33b98fd7fac6b038f8a9629312a1a98"
"data/source/images/002_20200623_003410(2).bmp","117942","0b373bb02b273819f0e847fa86bfedad68bc709ca7997dbc669c6bf4190d2708"
"data/source/images/002_20200623_003413(7).bmp","105990","13ebec70f2f87cd1943560c3084f8e3725bf85f03edafb0c8b10a385a1b60dbf"
"data/source/images/002_20200623_043039(3).bmp","117942","3527c57bd5261d53ff6c9c78270229e537d06ade935969737234509b265a15a2"
"data/source/images/002_20200623_043043(2).bmp","117942","60c9f47d8681595ff3b049275ebfdc1ecd9167cc4f353964d7fdea8617649700"
"data/source/images/002_20200623_043047(2).bmp","117942","0fff8a4db03357a689b68fce4ebb1dddca57d1bb7856bb2cd4768b81a3640411"
"data/source/images/002_20200623_043051(3).bmp","117942","296117960a0b1beaedea0d2779e607df2541f50e6bc29fbd1098e1d35091e15b"
"data/source/images/002_20200623_043055(3).bmp","117942","d0b435beb9fd4ce739ebfb6add2e1eaeedcfb0cc93d0f1b297e08f0fbdc3bcef"
"data/source/images/002_20200623_043056(0).bmp","105990","8f0cef80662e39f9af9c47daf78ca13abbc30743d5f3af1f1d1ed8b6702677c1"
"data/source/images/002_20200623_043059(4).bmp","117942","33b433cb6e74151794fa51cb751582013443d41aa91184de5475f13ff2706ef0"
"data/source/images/002_20200623_043100(6).bmp","105990","334c2a87ff122030de603f177acfcae4664158f472d5c76a25194609eb865e8a"
"data/source/images/002_20200623_043105(0).bmp","105990","29350e5d07094d4b245e8112d3abac7ccbc6ca4ff13bd7a63798a32a2bd8462d"
"data/source/images/002_20200623_043109(4).bmp","105990","6cd158bed160d908c79cfbecbba19bf8f8b5572ee91d859cea87842ea2594714"
"data/source/images/002_20200623_043115(4).bmp","105990","dc0f1c3b458a15d5c4d9ffdf3f65ce2ea98c6af6398961cab2eff724e2be2df7"
"data/source/images/002_20200623_043120(0).bmp","105990","d644c05fe030d2c33683746459ccb0ae6a9c5065687cdc50cdbbd9211a8945e6"
"data/source/images/002_20200623_082249(3).bmp","105990","f991e62a40f600163100534dcee8012c28bc201353aa72404ecc8bea32d8d5b3"
"data/source/images/002_20200623_082253(8).bmp","105990","cf770bf4f7400a66eeb846930c1481a50a73e4e7666608555b68a28346e3d584"
"data/source/images/002_20200623_082258(4).bmp","105990","7561b29d1caa49ae383dac35e9cbbd89a9c8db6d9ecae74d5a87eb58b94cf253"
"data/source/images/002_20200623_082258(6).bmp","117942","90ac7203f15acfe2713f374a1311318a1f7ba849e3cfd2bb92e2d2035c0d559c"
"data/source/images/002_20200623_082302(6).bmp","117942","e561f9ef9a07f7cc414ea4c5a0ff8c3e0d57621999e24d945fe9068815968f5c"
"data/source/images/002_20200623_082302(7).bmp","105990","42f7ad586c467556df227410b7fd391848e5f79f7808bd5a7ecd3686d75ff1d9"
"data/source/images/002_20200623_082306(5).bmp","117942","0a274d60490277ec3efc03a30248a4c69dc43c155826607014e25549ea0cc33a"
"data/source/images/002_20200623_082307(2).bmp","105990","6a1cf840d743e341f0c786fe17ae81b7d0c989b2586c759befdc9816d7f6db90"
"data/source/images/002_20200623_082310(6).bmp","117942","adaed7b1c4332839d51fa032174f2297d50a27754de8a7923cfeacee0f98dc89"
"data/source/images/002_20200623_082311(8).bmp","105990","0e356b15bf85ffba4e48fba9655195db9f863ba286a2afa497ca0b49a1bbb119"
"data/source/images/002_20200623_082314(4).bmp","117942","6bc40c05e17788aacf539ba027b8506ac98c86a726dd7d907d5588ef5afe724d"
"data/source/images/002_20200623_082318(5).bmp","117942","08190cde159e8e7952febc4afa2371c7ba6e0deacb7d44138b1a2446fa62265b"
"data/source/images/002_20200623_123032(7).bmp","117942","922bfcfde6e9a584c663c3aae7848c980a43c4c9b89f95dc953ee8a443d05e59"
"data/source/images/002_20200623_123036(5).bmp","117942","8efd15dbdb9ca38a6f0bb533046d6d37e9fd96a3852540021925ad65211d3dff"
"data/source/images/002_20200623_123040(5).bmp","117942","d8d8d594442deee52dccdddadb215d020078f75ce411523b6e3d996c03a6b3d5"
"data/source/images/002_20200623_123042(0).bmp","105990","cf14265ce7561087b0101e188bf53135766467ffb6fec5c178ed4e77470ecf06"
"data/source/images/002_20200623_123044(3).bmp","117942","dc3e1682978466f9f708f92598bdc5a3305949562dba6198515bb969bac60e30"
"data/source/images/002_20200623_123046(4).bmp","105990","8dca4bb6ba2bca59b3e8d15be8aca6d6ed5e55284a7401a8c59b38ab43aa8e17"
"data/source/images/002_20200623_123048(4).bmp","117942","55b20dc3cf71e65a3a08dfeac0f0dd733900d728f793a7b25f42772a290e0905"
"data/source/images/002_20200623_123051(1).bmp","105990","9c27ce691cb78aa7b611a2fdd51591210671ee69c3287f6275a9808696bbfc90"
"data/source/images/002_20200623_123052(5).bmp","117942","35a89b77c23eb8a44d5d6ed1240a5aadceb4e0df304ff9bf22a092bc351f4eac"
"data/source/images/002_20200623_123055(5).bmp","105990","1fda11189e793974b1427df7e726e0de7da0b92488878fdb734e824cce3dda4c"
"data/source/images/002_20200623_123100(0).bmp","105990","f2c4c4d078d3c1f700ac5b1dc4af5aa6c9fe422fe043a203d14a335ed806bf79"
"data/source/images/002_20200623_123104(5).bmp","105990","3541ba59436100a137329277e7e990c6228b518fa42e12a6263d6ed10bb85df7"
"data/source/images/002_20200623_163020(3).bmp","105990","ae55ad1d98a0fdcd30f8a06a1378172c8fe55bd2c21e538f8f10e7aae44bdc39"
"data/source/images/002_20200623_163023(3).bmp","105990","ba13b2b03967c0b8a1042b40204f3798c1d9f18ce3cfdf2f6e9e7a957156711c"
"data/source/images/002_20200623_163026(3).bmp","105990","0881e047e0cdbdfac0cf6bb3c51a6cea816435e132b02cfd62ee19b8113a70c3"
"data/source/images/002_20200623_163029(6).bmp","105990","741d473fd777501af54a76c1d2e4a8694a8a75a23381e73e504aafc60fa56bd5"
"data/source/images/002_20200623_163032(5).bmp","105990","7f67475d70fbf8f84c902ac728b464811a67c9deb38fefe397fa24c1245f33c8"
"data/source/images/002_20200623_163035(5).bmp","105990","7206c9da8ea7de8a0117f1c7281af4485e5dcd4e00b7e20c9128109afe3a2b0b"
"data/source/images/002_20200623_163039(5).bmp","117942","566d033bdab484a7a904a25205be85eaea3b3e874b9610af41738c612b39e6df"
"data/source/images/002_20200623_163043(7).bmp","117942","7ee50ba87c7283dec2c59c4406a6fe2a1b5b11dd64db97be83378cece6cd9e50"
"data/source/images/002_20200623_163047(6).bmp","117942","96f61dec85aaed722f31daaf098bfcdaf0aae51d0273f7b1175fad1635b7f89c"
"data/source/images/002_20200623_163051(7).bmp","117942","1dd1516308763eeb45f1d258ea8df72e434fa13c99ea8d490c54d99f72a18de0"
"data/source/images/002_20200623_163055(6).bmp","117942","2f8f15e0585458bbcd5bf6d2228dbbd8cab5fb9558622729fa2f5056c6181728"
"data/source/images/002_20200623_163059(6).bmp","117942","bb4060dbc6ccc819c5bc445814c7e3b3b1c4b2678bcb335e05396a80a85ee868"
"data/source/images/002_20200623_203033(6).bmp","105990","99b35c72d29a0c57d07d1c7c6cc7bacdeae0522067743cf8d1ae43d5355d07f6"
"data/source/images/002_20200623_203038(0).bmp","105990","02a734e0c63926d4276197fb9c1cfa4b39b070a2973e357717c60dc0701eb0f7"
"data/source/images/002_20200623_203040(4).bmp","117942","dd8888f66df84dca25d996a2c3c69e1e7a3a91fe78f5ce8450f17dcdbfbe0bbb"
"data/source/images/002_20200623_203042(5).bmp","105990","e6bb296dbedbd05dec0558aa03e0d548e5592d45184165a1fef210c3fbe19f8b"
"data/source/images/002_20200623_203044(0).bmp","117942","32e6d07b6ba3df3e9111ef913b26bd52a5359495c0ab176d01882cca85236f28"
"data/source/images/002_20200623_203047(0).bmp","105990","5106b80621bd38ca20c9abaa5b3736fe2e2181c36f80e40aee9fa2f380fc3d7f"
"data/source/images/002_20200623_203047(7).bmp","117942","d6a79c7a508325927ca526589ac109536287dc31585644886f79bea0097708a4"
"data/source/images/002_20200623_203050(0).bmp","105990","dc0886b3f95bf489f7a264f6b2fdea7248a4c8c5b8291673e44908fd347b71d8"
"data/source/images/002_20200623_203051(2).bmp","117942","53068b77dbdaf4adb3de32622595f73a81e9b18f6ae400e34ce9fe584c85de42"
"data/source/images/002_20200623_203054(6).bmp","105990","ad7aec15233ab98b43739db8e041237d6531e648b62e8ef6e7f933f3e2ab4e87"
"data/source/images/002_20200623_203054(7).bmp","117942","a0d1914010b7fc6bc8a8e797c1a008ba4fb73d72bb196438fbc82adf09588421"
"data/source/images/002_20200623_203058(3).bmp","117942","ccdb6a5c64928a1d2147ae6a4cea775e0632edf94ad4b655e0a9b2a925b8580c"
"data/source/images/002_20200624_003107(0).bmp","117942","b3144b0018e6b1c1363d406d8266bf9a7f86e573f3e33fc34259e9a4f28bbddd"
"data/source/images/002_20200624_003111(0).bmp","117942","e5c1407973731858f41f18b9447c8eeb8a169e5695ec0e8c794ba44c44b33c3a"
"data/source/images/002_20200624_003115(1).bmp","117942","b6c1642f45ae9c8bd928302216ce54821c376f70abc982c7cbc0ba1eac67375f"
"data/source/images/002_20200624_003115(6).bmp","105990","c38d4179f3752418a400ca497d463a965625c4248a0ae1bd256ed4a46c10cbef"
"data/source/images/002_20200624_003118(6).bmp","105990","3451499f65b1831d70980fd92a0d3b5884529d8dfb14c35226bf3b5f532cad49"
"data/source/images/002_20200624_003119(1).bmp","117942","f462473aae2c00b6948b3baf0293cc6f20589fbec16aa04fb01692d7ed09ef37"
"data/source/images/002_20200624_003123(0).bmp","105990","d2da25ecdcf1e1fdc785ec7014f6103ac407da3bc6e70df29a9df3937e19c3d3"
"data/source/images/002_20200624_003123(1).bmp","117942","0f749d3af0aff9791e7e930425c30c1428a01b6d7463e7bdd1a2346f38d37722"
"data/source/images/002_20200624_003127(0).bmp","117942","2f841c22f584c715ba92cc1f78f08551800aa103e44b176ab3acb5ed94c7947e"
"data/source/images/002_20200624_003127(5).bmp","105990","388905b164271e3da8ff1b752ef80e4219d1b061f43cd814e458636c217fd177"
"data/source/images/002_20200624_003132(0).bmp","105990","a9100c53f22232f6e7d2c4609b92884e5ee649d4f1ee361e51117688d245fdc3"
"data/source/images/002_20200624_003136(5).bmp","105990","40fe735c14367e868415238eca2d2b7c43f0a0a2a527690da1c2c00ca16c8b00"
"data/source/images/002_20200624_043128(1).bmp","117942","555598c0841bfcca2e989fbabf8ea887ad33d43ecd4a9305d60f81e890020063"
"data/source/images/002_20200624_043132(2).bmp","117942","dd0591774fe7403812c0762438d242ef01e9e80c9bd66cac1f0eb3babec36bb5"
"data/source/images/002_20200624_043136(1).bmp","117942","0230187d66bc0e8c8f198f3a1e80b51f06f8f896835a6e98a3cf2f81b1e36f6b"
"data/source/images/002_20200624_043136(9).bmp","105990","6291ab1be673acec68eca86ac37080038a885c401dbda03735d794d090668fc2"
"data/source/images/002_20200624_043140(2).bmp","117942","e7cba9457e4952b3e8f98ebbf6ea96d3136db26e5fd952efdebe0c134cfc8252"
"data/source/images/002_20200624_043141(4).bmp","105990","ee866ff23682e6dea44e4b2b09b3c0cba20393205a6736586f0aad412f29a0f3"
"data/source/images/002_20200624_043144(2).bmp","117942","606923d99104f8c72d3f54cf44f36b81beb633426f6c02f0e8391b2395b38b71"
"data/source/images/002_20200624_043145(8).bmp","105990","c7720c18d32c571510d0d7528fdaa0e15e300489452736777fa9397a5b70a7dc"
"data/source/images/002_20200624_043148(1).bmp","117942","7502610d6243b98d5ed1c3cd68cdb64fe04dbace4b9a9a77f37b35ea0531b5b8"
"data/source/images/002_20200624_043150(3).bmp","105990","ed059b84cf8a5bce9d039e7ba7d0ed73d9161a67af170f7560f3fcb8f2d05220"
"data/source/images/002_20200624_043154(8).bmp","105990","9f1c2b244987e40e15dcdaf50adf94b212c5e3c5fa730233b7872978241fc534"
"data/source/images/002_20200624_043159(4).bmp","105990","1c67a8124ddb4b3d65b42be998cdb59a3908e3e57d4747de4141b950fb825966"
"data/source/images/002_20200624_083032(4).bmp","105990","72e8c2f885704ae10d01f421c3d907f40df4d470335d53b3c499a975fe7108de"
"data/source/images/002_20200624_083036(9).bmp","105990","e70a108d57aad78f1375aeda1186d387081319ca36f274fe670d23c5090bd94c"
"data/source/images/002_20200624_083041(3).bmp","105990","fd1b095a38e2ef36ed791421ab9575411b0153ab36f351491f087b9722bf14d2"
"data/source/images/002_20200624_083045(5).bmp","117942","de64df75955b481e92704d22e15d51ac71868183961bc029e5026ebb333627bd"
"data/source/images/002_20200624_083045(8).bmp","105990","68e2c75df1b6e51edd2c58cd9004c39deb9dba0f999167b1552bf0a227aeeb78"
"data/source/images/002_20200624_083049(6).bmp","117942","ff0134533e118d9525c73cc6c3cc29ff7c3ae5c88e08354c827816c17684c587"
"data/source/images/002_20200624_083050(4).bmp","105990","69ffce96b1f0222424fccf7a821f49df612ee1dd1bef4a53c5f4b82f6f9321e7"
"data/source/images/002_20200624_083053(3).bmp","117942","fe4567d17ee4c6e388df389d28aeaf73a56022e34a976eeaf366c87f3881b323"
"data/source/images/002_20200624_083054(9).bmp","105990","0f7226f34297809b21f4587ce1a804ac15de4e00592373b0eba4668126a76be3"
"data/source/images/002_20200624_083057(4).bmp","117942","9c83c1a9c652f14a645f9fd3879be1e4bdfddae2a85baa72f5c2e8a6da077b4b"
"data/source/images/002_20200624_083101(4).bmp","117942","0e9eb791716fca47317a0b8f1ffd314ff8e745a54b24cdfe8c78f09f6fee08ce"
"data/source/images/002_20200624_083105(5).bmp","117942","969299f7073d4ee8909a6f32346b70acdf948710af1fec939bf23deed9eead52"
"data/source/images/002_20200624_123122(6).bmp","117942","371c7ac54654e2b325f61ff2e916a3ed3c87929c86f612ce6254f77c4ee6d138"
"data/source/images/002_20200624_123126(4).bmp","117942","8c018ff9ffca91b93d8da4483fa25e0b55a435d958064e484759dedc8004ee49"
"data/source/images/002_20200624_123129(9).bmp","117942","9da142ea190806b2013a529263dc6c46b02691caf0c5b3397c0d190d81def6f5"
"data/source/images/002_20200624_123133(0).bmp","117942","1fc37be757b9f973b53bbfc8f5ff4e6e9524e1a68240bdaec6388565ff490066"
"data/source/images/002_20200624_123136(5).bmp","117942","264d6349d2551dab746de435ab49262d788e16c6eff969530163fe6fcc4ebd7f"
"data/source/images/002_20200624_123143(7).bmp","117942","b93be8043f731a579b54eedb5682f5677ca9c7b33631ce06a0d7bf76634ba115"
"data/source/images/002_20200624_123144(0).bmp","105990","14c86fb98f7ba30d581f825374ef8592f488e8059c848612c1cbda1504b8fb27"
"data/source/images/002_20200624_123148(2).bmp","105990","2e6cc7358730eeb8d149312865b4f6a86cd023e3d8ed36eb2a601c6f38d5d76a"
"data/source/images/002_20200624_123152(7).bmp","105990","7863c6ff93ee25968e8b339a0aa1116802d6639ec224e84cf8758db8ba086012"
"data/source/images/002_20200624_123157(4).bmp","105990","5e29fee6897cabeae71d1d3e78c79e7e7148e1ef4f0eb145b31faa4dc5d62a2f"
"data/source/images/002_20200624_123201(7).bmp","105990","35e0d79f478bbc674bc908a87f90843018e8fa5390724178bdff9ee77c3d6b16"
"data/source/images/002_20200624_123206(2).bmp","105990","3d894c3e259eac6ee0cdaff733d0638a17cc4a08f107100defd433e670a849ea"
"data/source/images/002_20200624_162522(0).bmp","117942","87cb9eef40b6c40ca793078012d93b47f21ed4b11e0ebaa2bb8c4068c770470c"
"data/source/images/002_20200624_162527(8).bmp","117942","b6780f268b2398779789a57634e3360e113571b3a516834761f4fd1976d4b672"
"data/source/images/002_20200624_162531(7).bmp","117942","4131e53d47d0d9e7772b7dd714348529bea509c96ffce99ee344630ad61c99aa"
"data/source/images/002_20200624_162536(8).bmp","117942","0a0c35490ec903f2db41628f234550ef935d3116c0c7ebd5cbbc94818a2ff0f2"
"data/source/images/002_20200624_162540(3).bmp","117942","67ec620c3d550b630d31455b8541324e574cd7a79b76e001a3d53f99bca15603"
"data/source/images/002_20200624_162543(7).bmp","117942","9e1bede8d95abaec16900bc30065bb86e9825bffb33ce018206dbda78abc999b"
"data/source/images/002_20200624_162708(9).bmp","105990","12cb367004daf09eaf887a4fc602152b15b243756681360fd95d0642054ffab1"
"data/source/images/002_20200624_162713(4).bmp","105990","c2b41a363c659a2c6b86a7a3df2143c16a9b15c49e5884f9277dabce49896c92"
"data/source/images/002_20200624_162717(9).bmp","105990","08f9e36c30209e4c659e462f5ccab548bd536b0758652f4287c395dcddf95a66"
"data/source/images/002_20200624_162722(4).bmp","105990","a9438019bf954be6757c575521dae6772268796c4a49f54af72d21a730b36db4"
"data/source/images/002_20200624_203003(9).bmp","117942","a5429c725309bd5320000133972510a42692fc8b5e54894d53ae27d5758bed65"
"data/source/images/002_20200624_203012(9).bmp","117942","90e816715377b00836040e40a7fd5e2a8c99514efeb49d330a6e2fcf470a5e20"
"data/source/images/002_20200624_203017(4).bmp","117942","f64f8b0ffbaa9db18304d801685388e66c0a740e4232a55bdebb75cb09c22f81"
"data/source/images/002_20200624_203021(9).bmp","117942","937d8b858ddbba417a2a00c1e17586bc92d5f5f712c9fcb50f384cda6bbbe4b5"
"data/source/images/002_20200624_203026(4).bmp","117942","08f222fb605c991c9960b80e30c706a48400d7dad8cbdb6ca219f0a5cdacca81"
"data/source/images/002_20200624_203044(4).bmp","117942","194f9e47e60c8e16c85f37ed4774c514bc1cdcffdf1ffcd7b9f52427db8588d2"
"data/source/images/002_20200624_203111(4).bmp","105990","60fedc369aa3d070212af4ce65e9b44d7d4ee0f2685bb30db64f33d29d7cd74c"
"data/source/images/002_20200624_203114(3).bmp","105990","020fad483ab0d8079a4f78672897f7b7d90e0eeadbb2d848f6305644da0609f8"
"data/source/images/002_20200624_203117(3).bmp","105990","d0f838bc2f440ae4ace6576f170d2aacba14e9d81b5ca0caa89bd98e82a00c49"
"data/source/images/002_20200624_203120(3).bmp","105990","81e3948f2730e6e9912c5952136f2c58bbb8007005eab2eeb55bf218c542a568"
"data/source/images/002_20200624_203123(3).bmp","105990","1ea8e72c19dfb5f78a2757aafd47a583869c6ebd214bd6179de6ff1c55100439"
"data/source/images/002_20200624_203126(3).bmp","105990","320bf484710faddeb0c042ff014189174037d8ac5effd615d45fc31cfe97758b"
"data/source/images/002_20200625_003116(4).bmp","117942","67d6e40cfcb4d10fdac2b5dfc13bd43fd403565aaa9b11cd33302dad27eccefc"
"data/source/images/002_20200625_003120(7).bmp","117942","8bb7762876d9bb64dc990fd323a8f1ef1cdb681a09108e633e5d3a2b3526b973"
"data/source/images/002_20200625_003125(4).bmp","117942","35a5e64aabaea6d6f7252e0c1d3a5f6531a65d590c5aa5332a59ff5157f4517b"
"data/source/images/002_20200625_003130(0).bmp","117942","45e71c878dd6fe1125bc5c69eb7a70ae382913249b4c2e65b6325384bbc382eb"
"data/source/images/002_20200625_003134(4).bmp","117942","26d8653ad13c31a67d7c32f3ca8a7d40091d4d9254070e35a019c8853de31b97"
"data/source/images/002_20200625_003139(0).bmp","117942","6dd68ee5c8a79053d32b8649aa1ca8c1785d896f09e7ff3bff97d74f8717f7c5"
"data/source/images/002_20200625_003352(9).bmp","105990","3e8931bdfd55e48c4a25e06d81e9168d5b51bae271d11de117e14ec0796b9e01"
"data/source/images/002_20200625_003357(4).bmp","105990","786bad0ebcf778ab654966ec3720cc8032a9067d90405d3a8b2f8ba8f702f105"
"data/source/images/002_20200625_003401(8).bmp","105990","18bf4cba5f58057267a9cbe6585d2ccc9c6193306e887ea72b7872e3f34deffb"
"data/source/images/002_20200625_003406(3).bmp","105990","2edd979d95857ab5e56fbf6c53f3b7d5db10b3e0d9db128efbc1bb27cf9b17af"
"data/source/images/002_20200625_003410(8).bmp","105990","c98fd72a0d577dbb7cb5c337a17ca9f5ad0f1ce66fb961d701393b61c48f22ed"
"data/source/images/002_20200625_003415(4).bmp","105990","192e07f1b2a3c34ac648eeb73ddd8c4ea75eaf06f5c78f29a096b75f68fa3ee5"
"data/source/images/002_20200625_042934(9).bmp","117942","e6f9ee93dd2b6e9f2d4918d4b753e248207a641b1ceb76007ec0bb1b7c741ee9"
"data/source/images/002_20200625_042939(2).bmp","117942","f1cbbfe479d55ef4653a97f4eb77c168a4e04ca53314745d256ae9c0470c8dee"
"data/source/images/002_20200625_042943(7).bmp","117942","e965fb7b134692439c03a73007c14602d971a9bd409742ad51604124bbdb7902"
"data/source/images/002_20200625_042948(3).bmp","117942","e8d69bdfbf5e52212cdab0ba9660345863ec969f519effca1b7f83b8a1c10bae"
"data/source/images/002_20200625_042952(8).bmp","117942","7cdc38d95bb55033a883e4fbb8f819a62fa0f064181666b7f0f21596978b4e2a"
"data/source/images/002_20200625_042957(3).bmp","117942","f26681a2b4a689c260386e70ad66414f525ca4e7cf6d2ac1f292f378e61f55b8"
"data/source/images/002_20200629_082630(7).bmp","117942","204e38b0f6fafabed28df5cee2c6be83d4a23eb339afad77ed6b3ada66764fec"
"data/source/images/002_20200629_082639(2).bmp","117942","bcffffb4e4b5f2c18712cc9b5d7a52f88e710844d990b2397dccdd5ed38a5111"
"data/source/images/002_20200629_082642(2).bmp","117942","2e771ff4e624740cc57a77aa5f1fe638dd21e4ea1c40a6e2c27f2f870eca39fc"
"data/source/images/002_20200629_082645(4).bmp","117942","b28091d1c17ad0d5932e45355a68bfe4a58d0cc4bff79b534b8386971175acf4"
"data/source/images/002_20200629_082823(5).bmp","105990","43312d75114525cfd159c5e810a066660f8b2edc903b1395f1df09d5a412a22e"
"data/source/images/002_20200629_082828(5).bmp","105990","9cebc46fa53ddd9c380f4ddf19de5fcf283017eebb72905e2be08a04b29b3b6a"
"data/source/images/002_20200629_082831(3).bmp","105990","1fd4fe99d06484bd3002d60225788904d5bf9c7e745b96cd7567c0638139bb1d"
"data/source/images/002_20200629_082834(2).bmp","105990","db05dcf06a08975042b7a7c97ec1b912152ea50356f07e35768018ed0199234b"
"data/source/images/002_20200629_082837(0).bmp","105990","d9618a0ab7aa8a3e492108fa98b86373015cb3e9a59af1627eac649a09feee7b"
"data/source/images/002_20200629_082839(9).bmp","105990","7b28854073f9718aa34840fdb8faa4584ed5b63b76723841e89785009617320b"
"data/source/images/002_20200629_123442(5).bmp","105990","03a503fb69f9be678a3238c23cd377c050d8cc8c98716f43a37efe3d4a3e47f7"
"data/source/images/002_20200629_123447(0).bmp","105990","9e3e7ae1ad61fdb7fe7d14d9229f1f47c9be914afd0db595ed8464ed492740dc"
"data/source/images/002_20200629_123451(5).bmp","105990","97ee6382808524cc7d5ede6826b938243183c8936025f645dee77688735f0614"
"data/source/images/002_20200629_123456(0).bmp","105990","8cd1584cfdb1e014cee79a39e9666fc8272d1c3d779febe1f1236c6e955a4560"
"data/source/images/002_20200629_123500(5).bmp","105990","aa4c5fa1839a4285dd7124a90e315390c3878545acb1f7f06fbb7a8d16c1d473"
"data/source/images/002_20200629_123505(0).bmp","105990","33034ab39dc6eed0706a84d6805503a9284d7db9c59085386c221f5488a8578c"
"data/source/images/002_20200629_163656(7).bmp","105990","36d1bc8993246873e9380b4b4067edb47cdeff227d105ee637ac5d347e5d0a82"
"data/source/images/002_20200629_163659(7).bmp","105990","33101b004d59418eefdd02cbc57ed15afd850eef00094c3f06b86891ca235ff3"
"data/source/images/002_20200629_163702(8).bmp","105990","04c8d74b2788be106d290d923243490ec90a498fbca444178a31ac88fba1624f"
"data/source/images/002_20200629_163705(8).bmp","105990","0eaea29bcceb73730eb01cb7b74baad99ed007476894edad201b4602da7d294e"
"data/source/images/002_20200629_163708(9).bmp","105990","75667efc1afce346843a96bd94519f4d276ce619446e52ca32252b3a30352d5e"
"data/source/images/002_20200629_163711(8).bmp","105990","77aa8fa1b2b9b584684b82bc7435425b06617360fdb0d2498df377c4610ab805"
"data/source/images/002_20200714_042641(8).bmp","117942","5be99297f1e4ae97074a8247f5afef16d91619304d4a0611be1e683192f3f3dc"
"data/source/images/002_20200714_083054(2).bmp","117942","513c92bc83fb4e6f99d59704bac232f869a50d7dd87012beba13d4abe40cbe71"
"data/source/images/002_20200714_083057(5).bmp","117942","dff46e6158cebdff865de4b0d93ac283c33779883001c8bf67e0b2908dfbb1d2"
"data/source/images/002_20200714_083101(7).bmp","117942","42cd11b97ce14105003a2b75a7f895096d88883d33b2a473e3ec1ee72820760e"
"data/source/images/002_20200714_083106(2).bmp","117942","f5af6f6ec043f6619323c0b90165fe812d13eca04c6fe9f1ffc14f6ccac77f83"
"data/source/images/002_20200714_083110(8).bmp","117942","bba31a64e76dbaccc09bd970892491568c237cf0a553f221be99c943ca20f396"
"data/source/images/002_20200714_083115(1).bmp","117942","d64b4b36a9dba42e736147bc30c3fb4edbb31e6498c135b2527b4c770317d72a"
"data/source/images/002_20200714_123109(8).bmp","117942","f86a3c760d8c723067c51349b6cce38d79cb271972f04cf9b6482c47fd8095d0"
"data/source/images/002_20200714_123113(1).bmp","117942","e6f0305d1519cfb0d61531e5fa46adbbe468659dc19235649c29f2fa4624c933"
"data/source/images/002_20200714_123117(3).bmp","117942","1f86846d9bbb28b6602b9ae6c7b1b738d5d30f62dd42f68665660ba8a81664e9"
"data/source/images/002_20200714_123120(4).bmp","117942","43d7f2cbc116f2f405e37e1d56061dea746264959c5c8d7c3669ce329aa56872"
"data/source/images/002_20200714_123123(5).bmp","117942","20974fc1b8430cdff66470ae6b954f027e69cdd55e391ab505e5122886c8f754"
"data/source/images/002_20200714_123126(4).bmp","117942","f62b519b826031374bcd066943ea4f10306924e37e305d474e11c0b68fa125f2"
"data/source/images/002_20200714_163046(2).bmp","117942","e92e2735dd407be409e7c3ae9b3dda039ea80c7d866d3581d991bc053bb2e441"
"data/source/images/002_20200714_163049(8).bmp","117942","651bb4121fa74df06edd28913c6db56a58b533282835e5dcc2b4c76643696d97"
"data/source/images/002_20200714_163053(5).bmp","117942","cf6d2c8ace43875e0ecd258140f38156d38931f4369f56d9331efa5a539dbfbd"
"data/source/images/002_20200714_163056(8).bmp","117942","e19a897a9481c256e35944e687e5731e6befede01f1fafa1945378f9dc51d29b"
"data/source/images/002_20200714_163100(2).bmp","117942","79e623b27000fcc01a7f1242e7359938511b3db81c656ac370580016edc81850"
"data/source/images/002_20200714_163103(5).bmp","117942","9f81a571bfa92a26fe9fdf31ffbe918a86f9a4706df8f6109cf664d1e9a922bc"
"data/source/images/002_20200714_225756(0).bmp","117942","7ce1b671d7a639b918ef7e5e1a415e8952c4c9db1b2a0561a0a97b679c878fff"
"data/source/images/002_20200714_225759(8).bmp","117942","05fe2eaa61e48714f6ebe4037bb0eb7eb9fd89b522bcb4e69accf6ea9c968334"
"data/source/images/002_20200714_225803(3).bmp","117942","e2d6c4d7bfdee513824ab6ee8ea064561481cfbd08427224cb2da7d3f98996b3"
"data/source/images/002_20200714_225807(3).bmp","117942","216ccaeb790f11dc2d9c1265687a555f4611ddb8ebb2c01b2a223a20405c8c22"
"data/source/images/002_20200714_225810(5).bmp","117942","a57e190b8092e6390ea15b5b876cead8455b172276515ce5e978e6f944c341f3"
"data/source/images/002_20200714_225817(4).bmp","117942","7cff0741e1f55e07a0b93b165dcfc49aa92178656b5c6138e7edea2e090c63eb"
"data/source/images/002_20200715_002443(4).bmp","117942","6e6294ea408b1a1dd43bc29e452810cbdb6321f6185befe6ee2eb4dc883ddcdf"
"data/source/images/002_20200715_002447(9).bmp","117942","2b1fad37afad4fa4cfaa284585195ce69cc9a169cd2b9a5c282815d9b561c78e"
"data/source/images/002_20200715_002456(9).bmp","117942","c3755f1f9ebfd927deb68bd4470233468f8c7dddbcd0c3ff5db75a9dcde483a3"
"data/source/images/002_20200715_002509(0).bmp","117942","cfad8be19f45d2a2ac5342a12d030dfbc8c73c6a29dc1f2d68fa73839978a022"
"data/source/images/002_20200715_002513(4).bmp","117942","cb33c940a463cbeb2df81b3fb71873ca455ae05ba83b58aec7534be2e7c1fe0a"
"data/source/images/002_20200831_163149(1).bmp","105990","f6088f3a60894e6032476a1c410a27341349a5ff68eb5b98af0abdf9e364a24e"
"data/source/images/002_20200831_163150(6).bmp","105990","9a28a096bea3e0f30da7cb7738f42c7137d8afec02ee439cda3444e1bc1e3bac"
"data/source/images/002_20200831_203101(4).bmp","105990","2dfcd5546867bb3e2d906b6d056b3a15a179c2f8f961d1410e705b7754678bf6"
"data/source/images/002_20200831_203105(9).bmp","105990","3cbd7419e4aa13df958f43edba87afaff0d7b9779c2cf47ff45ff08d5b2bcbc5"
"data/source/images/002_20200901_003133(6).bmp","105990","1c39df5faea035e2269448fe3a2b82238142d29ac26e4ec5d245a8f89122dc08"
"data/source/images/002_20200901_003136(6).bmp","105990","2366c366e93c5ec80fcb59772e904081c551ff2e5c5443bf80735be4f3853efa"
"data/source/images/002_20200901_003139(6).bmp","105990","3e3d94d07de24ff880621eb03b17fb76cc40505f4e09bc5aaa55392a44ec2b2d"
"data/source/images/002_20200901_003142(6).bmp","105990","0c6a643201bfc798a9d7d6ab14204c4772eeabf7c73bdb9bc25df6aae4817759"
"data/source/images/002_20200901_003148(6).bmp","105990","cba1e09f7747aed64d438d20773442718c41a59311a75adf43f19ff15c70148d"
"data/source/images/002_20200901_043133(6).bmp","105990","c7eddddb57dbb4ada931cf826e5bfcfb14d09dfd23295638a8550e58b326147b"
"data/source/images/002_20200901_043136(6).bmp","105990","da363d2b10db6a622acb051aaff0a784ed98b8faa69eef680df76d03439f9c62"
"data/source/images/002_20200901_043139(6).bmp","105990","c326854cc83d27c408502e28b8daae529eed8344478e71bb9ec4d63bfd485654"
"data/source/images/002_20200901_043142(6).bmp","105990","13b20cf199d0bea3a7f614afc2c690204c663fe7e412eb18a7dbaea10466f129"
"data/source/images/002_20200901_043145(5).bmp","105990","ee302c1ffc3f4a86c54c4cfb727463bf7f0d25058e58ec266953e61b62dc1179"
"data/source/images/002_20200901_043148(6).bmp","105990","2f5665fd5948bcb67a9291fcdefb18fc3e93ede200232968799299d1b1f4123a"
"data/source/images/002_20200901_083204(5).bmp","105990","162c6b5d7df86b97d7fa9925f8646a48c25658cbcee696d72e84f11161324836"
"data/source/images/002_20200901_083452(2).bmp","105990","a2303054b5013beb639ca7fd4d0cd3a5b17f0d3837753d46d0912aae33f63128"
"data/source/images/002_20200901_083456(7).bmp","105990","5b77ed7383c43034447282137042a5a89d3de8c9889f42cccd7262908b886554"
"data/source/images/002_20200901_083501(2).bmp","105990","de09d8f73ff55cf7194e906a14c734ef7a6ac3d2ba17c0170925bf7564264c5b"
"data/source/images/002_20200901_083505(8).bmp","105990","9093939e1bef199869a7a7e4ebe3fe0eacd78e0192c3c823d9f3422a65946f22"
"data/source/images/002_20200901_083510(2).bmp","105990","c7fd92a68faf9594837971d46fe7f4352b31d4601d9ec5660968c868f0811156"
"data/source/images/002_20200901_083514(7).bmp","105990","ceed11b220236ab3aec6226e5b0653d925ebe1af8e5b6a0bc19ed74ea855b8f0"
"data/source/images/002_20200901_123049(7).bmp","105990","ceb7af809e2540cc5c7612e0385f08194320d6e0ab00bc7414bff474f9846080"
"data/source/images/002_20200901_123052(7).bmp","105990","c8bb09ae592abd523aa2e98f8b08300f1ac7aea2d423b95e5e0986ade13074b2"
"data/source/images/002_20200901_123100(3).bmp","105990","ab379dc8828540b7042a7bc587702f8f40bcfd76aa18cfb16b7b06b418791369"
"data/source/images/002_20200901_123104(8).bmp","105990","4505f6fc3b100596636d5e53906f681dee3161439920191882a92f521dc43875"
"data/source/images/002_20200901_123109(2).bmp","105990","f35f386af784e82770c09282327061a20105a49a8188c3bf928e477ea47187ea"
"data/source/images/002_20200901_191340(2).bmp","105990","b7a27f9ef22f75da19ee39d03938e6061bacd31afbc8fb15353ee5725d9664eb"
"data/source/images/002_20200901_191343(2).bmp","105990","20591a0cff76b4cf70b85de8c2e0e1c579d4ee8d9c36ff592b032ee37aafd498"
"data/source/images/002_20200901_191346(1).bmp","105990","87ed7351302a490125622c0c58110db208def30bc502b93a92fc293e9a9b4c8e"
"data/source/images/002_20200901_191348(8).bmp","105990","8f46af3a4901f27ca7371bbcfff31f94964ad5b1ddaa6f99bbe2d02832beb1e2"
"data/source/images/002_20200901_191351(5).bmp","105990","224a8247591654c2f90b6ec705e894d83516d18e0a7df7c8556c127e50a94951"
"data/source/images/002_20200904_230054(2).bmp","105990","d35ae97de109e69c8053b55de34bd173ac670ad9179ddef919548387602e3d12"
"data/source/images/002_20200904_230057(6).bmp","105990","f9d0a68e9c41ca85066bbc9e0b5e2934c209481a7ace78708cbbe6af4a9e2630"
"data/source/images/002_20200904_230105(4).bmp","105990","028585f40aab4838841410529a8915bc8f94e1f824d8ed5999ec4591b5b55c69"
"data/source/images/002_20200905_003315(2).bmp","105990","17caec4cde421793fcb0b8ed8698d6e58909a8d164ad6c7ba36cd0152da55aef"
"data/source/images/002_20200905_003319(2).bmp","105990","48b0c15d562c63024baf64d1d5c7978ae44345897169f8ee0a0dbf9473e4f3d5"
"data/source/images/002_20200905_003323(3).bmp","105990","69ee6d3fb1096b47299411d5b1ce664aa6410e3d8dfd237df86fe4cf3b224a4a"
"data/source/images/002_20200905_003327(3).bmp","105990","4618fb24e15a85571ade5cc4ce2ea28f4e8a7d61241825701f4480bfac251887"
"data/source/images/002_20200905_003331(2).bmp","105990","00cd5dd4dd474eb89bbb66915784aef807236bfabbede597b178660268b29dfc"
"data/source/images/002_20200905_003335(3).bmp","105990","291df1efd563ff0840a7b9cf46bf70bae89eadd0b67b7e575389f588a5750e23"
"data/source/images/002_20200905_043156(0).bmp","105990","c7852561a913eecac7999f1a2e65f1afa0b35789441d0b4c6c62ca33b14fa487"
"data/source/images/002_20200905_043200(0).bmp","105990","95f9c843dd7f8df324e3ae1f5cf8f18d0f2a5d547b960021f3aab40e3b078a9b"
"data/source/images/002_20200905_043204(0).bmp","105990","e6d43bc786c184a591fa72d5395df73c7fa720a08080c620c17e61cb1de702cc"
"data/source/images/002_20200905_043208(0).bmp","105990","f262fcab0a4d950dbe899ea447ee3b6657b6f8b5f767b30154f5a60f901fad1e"
"data/source/images/002_20200905_043212(1).bmp","105990","e3ba72105b52d75f0f95f81a88fb0b58532a82482491fd13f70835a7e1ee93fb"
"data/source/images/002_20200905_043216(0).bmp","105990","1e3aa5ae5886049db80610d0d4b7a2c9d9452669b863ea1fb016147778127c69"
"data/source/images/002_20200905_083407(3).bmp","105990","dac97675091c4e1481baff71e9c575f62a20057843e8a1e01b281b52f10d8226"
"data/source/images/002_20200905_083410(5).bmp","105990","e466b47aebb44b70ce1129896d8da44542c34b9207c172b249aae77811b851c8"
"data/source/images/002_20200905_083413(6).bmp","105990","dfb63d8608172c22c24344e6c6eb546cfa701c1e8bb90ff73c34ce2f1e2fa87d"
"data/source/images/002_20200905_083416(3).bmp","105990","eb40dba5e7fc843ac193a1c019f0016c26c3f5ffc11a77f172e1c207b333b4ee"
"data/source/images/002_20200905_083419(3).bmp","105990","fd056adb880bb429fe41c61379ea50dd1cb7d3d5ab7c0a5e6cd633171732d335"
"data/source/images/002_20200905_083422(4).bmp","105990","d6137783b0a627d357be5015a587506c5d703cbdf5ab15257c61efe96e212d98"
"data/source/images/002_20200905_123055(0).bmp","105990","c18bb0e7abe378451c426aae49c351b65a2779f9d5b287057310ed097987d0cf"
"data/source/images/002_20200905_123058(4).bmp","105990","abeb6b693c73e527f789e35ccba95e844c6f89ee6cb1019e1765d85f03f027e4"
"data/source/images/002_20200905_123102(0).bmp","105990","ccf86fdfa17c0f0186e6be257e600c572c952aa1265900480ab107ac65d6f24c"
"data/source/images/002_20200905_123103(4).bmp","105990","4376981b411bb8eb9608f62decd1a6912b5deb5018a4205ef13ba9f72bc817c3"
"data/source/images/002_20200905_123105(0).bmp","105990","0f28cd349078a21ed58d2ec2628f1157751f4eeef91a19c534d6bf27e20863b6"
"data/source/images/002_20200905_123107(5).bmp","105990","21e1a43b80ac5b011a9b412a571f182c980d3aed794f37543e37f794c97e2de8"
"data/source/images/002_20200905_123108(4).bmp","105990","9cdb3168ee0a511ebc6ebe606dfb12fbd08948353af12c39229185265c30682f"
"data/source/images/002_20200905_123111(6).bmp","105990","4cc7fbe6ec6cc95f3d99a4b8b2dd6df0401f0fe7d48e50c6a195c94a27acef50"
"data/source/images/002_20200905_123112(0).bmp","105990","b5a6c8a7efa15bfc397dfac18cbb9559f79df0c6f8f03c34a943bacff9e37fbf"
"data/source/images/002_20200905_163920(4).bmp","105990","35a8777ff1fde44726ca2fd9d20154b9cad0bff66d5dee62e60aba763ec7d839"
"data/source/images/002_20200905_163922(9).bmp","105990","4c5e9a5a23d621fcd4114f79f476f0247f18251628ce9171abf26bfb0b7066ae"
"data/source/images/002_20200905_163924(2).bmp","105990","12240d4e5cf5c20e7d88fbfd7d7229c2e68e600a2365854da2f0ec66cbfe9f15"
"data/source/images/002_20200905_163926(4).bmp","105990","d4d55212a81d53937284fba204eb4a6f1c60df93f55090751b4c943b7b14f4b2"
"data/source/images/002_20200905_163928(3).bmp","105990","363e9bcf9b4914a83c5382f527d1f63d41eb371d838a8c3f7fa5d7b7258924b7"
"data/source/images/002_20200905_163929(7).bmp","105990","2b578039b52ace90ada3a2ebcc09bf002204924ce1a7cdeb83e0cdf5d0a5b782"
"data/source/images/002_20200905_163932(3).bmp","105990","fad3bac81a578cde2bc5d11040e1aebb666c1193e1275236ea177ac961feea34"
"data/source/images/002_20200905_163932(9).bmp","105990","99f72d48188182545a48f85d719c878a4f46464f974a73f57e8e3c7358e5242d"
"data/source/images/002_20200905_163936(2).bmp","105990","f6e3237d1153f0862ba6110dbd37283ef0d7dff3a834e5e93233060d32dcbee8"
"data/source/images/002_20200905_163936(3).bmp","105990","9d11c5d5140b3afd84dff15d250b66e544f573ecd32ed8bfeab747a4c31b80c0"
"data/source/images/002_20200905_163939(7).bmp","105990","1f9ccbb3285f7e3d399c557aed0f79645c500d69e49c8a373b2c4ab85db06bcd"
"data/source/images/002_20200905_163940(2).bmp","105990","1b78a01fef6730cfbe215c9f1d2e8eb1282d393d2035b36cf78df560bff50b09"
"data/source/images/002_20200905_203836(3).bmp","105990","e79f3eeda0ddcda88c139f14bc53332e7db59693dfdbe1969dc9bab9284c27b1"
"data/source/images/002_20200905_203840(3).bmp","105990","e527f1f83303ebbc5c462a029b255e2b8c84b3725868f9567e585e53c1a71e2b"
"data/source/images/002_20200905_203844(2).bmp","105990","b68a6fe4d2a502440ae45083e92eb5655d6b260c3dfb0862ce215ceac431c29e"
"data/source/images/002_20200905_203848(4).bmp","105990","d5f751236753de1baad5835b3a181600660332af41854dd95196735f8fcfc851"
"data/source/images/002_20200905_203856(3).bmp","105990","cd58c69a29afa69b1110feebb44caf722e03943f788497822fccbb0abe4b3141"
"data/source/images/002_20200905_203900(3).bmp","105990","dcbdd1f5c767172680442cffd17938725de02d98d5ae88f5aba331f1a8a998fa"
"data/source/images/002_20200905_204033(3).bmp","105990","5b17b1ea3164519dbd74da3942e463be9935664e0efb097599deab29034aac3f"
"data/source/images/002_20200905_204039(5).bmp","105990","782e69ccd728ac4728fd0ac1378907a6b7daac36830e2b669b9eddd27275cf0f"
"data/source/images/002_20200905_204042(9).bmp","105990","eac54a24317318a976a1372f3e2fbcec488543bcac4e0297511075399bf51026"
"data/source/images/002_20200905_204046(0).bmp","105990","d2dcdabd9702aff376d709e118a93b7d38869ba5ced293a61e0d0d1e0a3fdf04"
"data/source/images/002_20200905_204049(1).bmp","105990","3689d1860db59e91091b82fc4559e700f8049817e79cc8843f062da10a7c5611"
"data/source/images/002_20200905_204052(3).bmp","105990","955caf689c109a22a5eca73fa6fcdb324817dca269c8fb881a6bf5f4779d2bd3"
"data/source/images/002_20200906_003059(0).bmp","105990","8ee94642bfbb6de881e139cff45540b5fcf3d8c02f1f438b6e488c010d1e5045"
"data/source/images/002_20200906_003114(0).bmp","105990","1c113c65a2251c7eb4f92c639756a0169c093af372504e9a55170f2a8c8edb11"
"data/source/images/002_20200906_003114(8).bmp","105990","8d2560c1a1dcd9e6e4d251e7fed20444343be33c51ff69df66dd421f8cf89103"
"data/source/images/002_20200906_003117(3).bmp","105990","f60808a4b1b54df31f73bc5a7e899066e28633263cca131c23229f6c79fd7ea0"
"data/source/images/002_20200906_003118(7).bmp","105990","181b7e06f6b5c552878d3ae9590b3973605c74636b8e1ec69f4c517acb086994"
"data/source/images/002_20200906_003120(8).bmp","105990","512852d34a54cf8f49a2280c44fec782ef92e789468f4ffbaf202371e96722a0"
"data/source/images/002_20200906_003122(7).bmp","105990","01ef2b9995d0a2fb5f14f52f0ef641c63a0e5736a9e818a6a48650efbe2feec4"
"data/source/images/002_20200906_003124(0).bmp","105990","719e236c3611a614eed9d7edaddff616c7eed5d697d04cf5e62b27c01660e0ef"
"data/source/images/002_20200906_003126(8).bmp","105990","d47065b65320068da8e0f93b7b680482b0eb206f0872153d48e96c6b456ee31e"
"data/source/images/002_20200906_003127(3).bmp","105990","85fb82b70187874f470322af03769601236f7fcb14580b35fa61c611ae9c32d1"
"data/source/images/002_20200906_003130(7).bmp","105990","ab4b6bb62bd7cacad8c0080b4564354dab763a7b1db07e9730b4da5f0a69ed06"
"data/source/images/002_20200906_003132(7).bmp","105990","3d3a95ec8e7ad5a22b094278c1a9ed56d6f8e94cb1a0f703596d5b35f0589ad1"
"data/source/images/002_20200907_184813(1).bmp","105990","19a3c02ca4dd14e988a96f28ff2d1d334ed20832d39388e4975aa4310dc1d06f"
"data/source/images/002_20200907_184815(7).bmp","105990","19208f3cbdddb887dd0c34b55d2ab4389bc8b09541ca19cd894066ae0b6c542f"
"data/source/images/002_20200907_184818(2).bmp","105990","f268183d3abd86a8be5caf70cfccab633ab5b49c508ab0bf55c7649c47ad2b8a"
"data/source/images/002_20200907_184823(7).bmp","105990","7b92a7b3e0b55b90c3225932a6256fe18f2a6c8d181f2e24c98a8e34a8d7f8af"
"data/source/images/002_20200907_184826(3).bmp","105990","157e26b0504f2f8c99b960874ed7fa1a5a740b8b86e5e9e3652f5ef594476aa6"
"data/source/images/002_20200907_184828(8).bmp","105990","735e8d4ce4fc9f8826f53308beaca4a5de5322e686215a31cefbcc01cb687fb9"
"data/source/images/002_20200907_204635(5).bmp","105990","7d70a9b6b824cac1d262268567b2fc1f840fb6f96828ce40172b55ccaecd5283"
"data/source/images/002_20200907_204640(0).bmp","105990","9ac0a3bd405730c68d59de723fae88020dba421b1fc70a7e3f0583656e416178"
"data/source/images/002_20200907_204644(5).bmp","105990","2d6336a5887fbeb978c0e94f22270fc4d7e492c84e676072eca9605986a05937"
"data/source/images/002_20200907_204649(0).bmp","105990","a9e87db3942a01e77aa15262b6b2c6d90a4bff4165544caa1a41e341000d7e4d"
"data/source/images/002_20200907_204653(4).bmp","105990","eb0710e6e7ec8f9dce882e96d0d22c6dc283cc695a33dd24fbfc56d6131e8c59"
"data/source/labels/001_20200622_203305(8).txt","238","beacc3ef7875fb3ff6e932e43388a6f8a99590db908f64487df91a5c2f644a94"
"data/source/labels/001_20200622_203309(1).txt","249","f11feaf4aeeaecfba595478080f53ba00ccd38cb20ff1a6e3f33ee718dcd6e1a"
"data/source/labels/001_20200622_203312(6).txt","236","23d2a26f38d5f6c86ffafc6860c7e965870f84d9dd54a29bc2ce720bcb249745"
"data/source/labels/001_20200622_203316(0).txt","248","29a0779224f6fcc5c717fce7b644e331d25818aa01070a0a791b289690929058"
"data/source/labels/001_20200622_203319(4).txt","246","b6efa2ea290bf86b11de2de2e480447be4a15c6c20b79e973a343d7636a1556e"
"data/source/labels/001_20200622_203330(3).txt","236","7b23b878531e9b9227ad319fd396918a45cf25906ec7b195d4ab54ab47919d85"
"data/source/labels/001_20200623_003516(8).txt","247","fac5b8f5df457bcc84a1cb795d92de897e91dc5e8e623f8a5612e9c46112679b"
"data/source/labels/001_20200623_003520(5).txt","249","3007cfe0ebcbfc865ed08be164df00d72345f9b0485727108924325a1c6dfe17"
"data/source/labels/001_20200623_003524(0).txt","239","c72e1be91da74927ffd64c80b4e8a33f39af531da597957d679fc7f9c556f134"
"data/source/labels/001_20200623_003529(0).txt","238","9e7dd344a6dd08bc7943e598204a828d0d31bc88f1b954630fa110778823d49f"
"data/source/labels/001_20200623_003532(5).txt","248","15719cbc1c6582055c4aa0a42a526defa074c71f79ec8463bbf5ae6de6b1e174"
"data/source/labels/001_20200623_003536(0).txt","248","1bd74629eae32f097bc83286f6ec09c446f24f8f956adb3ed399eb3797ce3247"
"data/source/labels/001_20200623_043227(1).txt","248","016e05725fbc674e65e5a4a585583187002f8f6adec43283a55557673d637681"
"data/source/labels/001_20200623_043231(6).txt","249","a102ce94deba6f303c0e033bc55cc108e2bd920dc7decb73089f5426bcd9c7fa"
"data/source/labels/001_20200623_043236(1).txt","247","a0d9ed5be6e7872b18dc9857939545956562653fbc82e3723b2464bbec0c17fe"
"data/source/labels/001_20200623_043240(6).txt","247","3bebac1dff88e8e34249411f9e6f76d56fd44f2214138751aa81fbd74198604b"
"data/source/labels/001_20200623_043245(2).txt","227","81397cb26c97c8a3fc47085164788ca8a6cd124f71ee344bf2cf0bddea25bb56"
"data/source/labels/001_20200623_043249(6).txt","248","bc47ec20bf28cebf07e7c9a592313ab6e246b4751b6972e5d3dae2f69354ac51"
"data/source/labels/001_20200623_082407(9).txt","238","c0778c60eec3a890baff173f96e75d243953c90d9733ca4921d8dbb89b79953f"
"data/source/labels/001_20200623_082411(0).txt","248","b416fbdc21a7f377544f6ef4f64cffbd24b4e52cb3227ae7740841877bea549d"
"data/source/labels/001_20200623_082414(1).txt","248","f3b3385d10d76702547e448a837c54c0c38949c99aca3a79a9f7719e8e7b9955"
"data/source/labels/001_20200623_082416(7).txt","226","f1e4251c7b6a22b8b23a3ff5c3a900acc756215ebdead5fe921fed94cc2db6af"
"data/source/labels/001_20200623_082419(6).txt","223","3ffa2986a52ec2c56770f4d47699a0cf8722e9bd151e863dc7ab344a4008a776"
"data/source/labels/001_20200623_082422(5).txt","248","d46737910069853e322bb22d034f259b236a03f1e511209a67fe30ef27f4012e"
"data/source/labels/001_20200623_123214(3).txt","247","ede45a06d27568bfa1c9ce6e6bc5522e87f18c50012689abcaaafe0e9498f86b"
"data/source/labels/001_20200623_123223(3).txt","237","06e4bde0e82667f4597ed6fde99640df575c9a165650537a6b30c15eb291812f"
"data/source/labels/001_20200623_123232(3).txt","248","f8e6ae319f7108b7434f7ed90f6a03cb87b236f4a67f4f2f00f986fb7eff6142"
"data/source/labels/001_20200623_123236(9).txt","240","8e5875ce60952385b9e60f7fa5a9daa172dc02d6e53881301a36f4103b21f192"
"data/source/labels/001_20200623_123241(3).txt","247","29ea4130525e92dc8e7dd964706b84b3265e1e625ed212853581849e5292e378"
"data/source/labels/001_20200623_123245(8).txt","239","c9838ac19a9d045aefa49ccb99f7ede3e6587beae8e99ec7003ed806f04bc586"
"data/source/labels/001_20200623_163159(5).txt","247","ce8a61829761ea8737b06ff826cfa97465f85eec6b0d908e59b02f392edc37d7"
"data/source/labels/001_20200623_163209(3).txt","249","6442058549a0544d8a2d643307eed8e5ca0e80114581d65be630e45c617460fa"
"data/source/labels/001_20200623_163212(9).txt","249","47fb718c60d45fdd5a22a95b979377ba2fc3eaaf4d50462475a50252b55d63a5"
"data/source/labels/001_20200623_163216(2).txt","229","1ce6c53fbfe2174499732577e89f0d19022711896a05e5cfbe1fc212ef8116fd"
"data/source/labels/001_20200623_163219(5).txt","228","73134d77bad50b83e9572bd2e402023fda38395d8e8348fb57ca5b3579876878"
"data/source/labels/001_20200623_163222(9).txt","248","9ffcebf87865bde2a34b366e47670d9f04b833e8e0ff9c1ec4a6a63998e8ae24"
"data/source/labels/001_20200623_203217(4).txt","247","91a36936daf149b29a4b2659ff5fe69d8e8d575aceff7ce105872fdf45a0a4ff"
"data/source/labels/001_20200623_203222(0).txt","247","4cdc15a6bb1c12d33ca4f353962521ce8788c0e23d337eeafe309aebda0b6fca"
"data/source/labels/001_20200623_203226(3).txt","248","c979b21af6f9e7080392b7f94c0cbf1ca91b2de5d7bf787b00fedb7dbc53b201"
"data/source/labels/001_20200623_203230(9).txt","249","bfad9bd2b3edaa510f33dd574fe3a017b7814c932b1839a7f00086ff1b101260"
"data/source/labels/001_20200623_203235(3).txt","247","c5a38d06b2ce6a74caa2e5195310751939bd57b5ae234ad79e9bace4a103397c"
"data/source/labels/001_20200623_203247(5).txt","239","d6fff4c89299303319682acb431e9f9bbaeee220a6c083cf35f09a39b1117a9e"
"data/source/labels/001_20200624_003240(4).txt","247","89dbde0a5d6216c25e0cef40d65f314fdf916ddcbefd0e9efc17db3c4b1405bd"
"data/source/labels/001_20200624_003244(2).txt","246","0064079d0f2516b02f6e5f79738f53db9ad5e2328d3a4c94bb90c96884c75686"
"data/source/labels/001_20200624_003247(7).txt","236","5335c26d0aeb6443a2afbdcb5c453dc08f79116dd9a8ab86ff3de62da839690d"
"data/source/labels/001_20200624_003251(1).txt","247","13f17adb7d8d330c0368eeafb042841d03d54701befffb7a44097e1f47736e25"
"data/source/labels/001_20200624_003254(3).txt","249","44efa5c614ba8c514d09674e3b47e302d59174243a04cc8e2938d0991b0ad72b"
"data/source/labels/001_20200624_003303(5).txt","250","be6d68140518873e125c698f6e8c3be21cd2ad155706236929b273705b4cae35"
"data/source/labels/001_20200624_043315(2).txt","248","efa2dcd0611c18bb039e66d991fced74fc5d9238b5c0650e9d4eea202bc31662"
"data/source/labels/001_20200624_043324(2).txt","247","5e88c5e4c0ffc1e81ab023f0e5cfc41809a6c4a5ec334912f03fdc418f15d21a"
"data/source/labels/001_20200624_043328(7).txt","247","5585311de32bbe4f935c9f357773779af97f7268a79ff309dd189e704123db5e"
"data/source/labels/001_20200624_043333(2).txt","241","b634569ec0e0db2b35540a891347ba8c6be8b7de45f97b68e4739f14a32aa0e7"
"data/source/labels/001_20200624_043337(8).txt","247","ed585b51c6d5ca7f331e538594bd6dd2ac21beaa389894342f24579c548f27a2"
"data/source/labels/001_20200624_043349(7).txt","249","a0457e864e1e3da10baf30cfefeba25a2906f07cf660968787f7b801f816c7fe"
"data/source/labels/001_20200624_083150(7).txt","250","dc25311961542def8a2259c92448a7e3b7f7bdc88308d2cde710721587fbb145"
"data/source/labels/001_20200624_083153(8).txt","248","ad8137c907dcc67f0f4fb62d948a194f3ef2cf237ba172d08168c5c950e43990"
"data/source/labels/001_20200624_083156(9).txt","245","f59a1888b9ef7040c40c07707e566c00106a55e9586e897520dc28212ee4ff16"
"data/source/labels/001_20200624_083159(6).txt","247","319d31489bc474b4f7aa5f8261f18be82bbef6b2ab9a8e32ba8eb57e4ddfa235"
"data/source/labels/001_20200624_083202(6).txt","237","ebc4ca696fd08f0d8c15dc5482f3cf2357205e9081b6f930813e9acf381c1b0b"
"data/source/labels/001_20200624_083205(7).txt","235","30f8bbacfb478db2b220763ff0db36dede641c3c5fde3e1e6f441c30a2103b6b"
"data/source/labels/001_20200624_123313(4).txt","248","8203f70e615eb6a152db5a6396fe91a81a595de0177dbc2a132193289e2c545c"
"data/source/labels/001_20200624_123317(8).txt","248","104cf9abfcea8f34a9bdd8ed6ebe492112b4b959e8f254405967c1d37726b4bb"
"data/source/labels/001_20200624_123322(3).txt","226","3cfeb7fd8fde40b9c83135f567ead2159c53c71c232dc3d405815073faf77b2c"
"data/source/labels/001_20200624_123326(6).txt","240","bd52bc1ce3562560f338f085fe29eabff0c9561c3bd99b61f73231bc5d892f69"
"data/source/labels/001_20200624_123331(2).txt","250","dd0b885d747d29ed6ef4449fc4f650794c5c4cc7c765427126d631e714736448"
"data/source/labels/001_20200624_123335(6).txt","250","ba460c6679150917398f75fc26153623b15004c3b6873a0f16b5a5b35ba6f42e"
"data/source/labels/001_20200624_162816(3).txt","249","b81d3c514b1808879a213623227e7727564e85916ad51fc6ff79017d2bb37aa8"
"data/source/labels/001_20200624_162821(2).txt","248","31daa403e28f790bbaf34eb45f07478440505ca1c18c31637655bfb9e069b9f4"
"data/source/labels/001_20200624_162831(2).txt","247","287cd954a00a87bad5249ae731a2c7795f7717ae3c8004c7177437db0c551c84"
"data/source/labels/001_20200624_162835(8).txt","248","5c2d68fa4403e6e3b949ce95871275f173a26f9339fbd916c7a3e28d1b6cbb60"
"data/source/labels/001_20200624_203149(7).txt","234","bb05ce985f0421abed64f43677a07eeff8daff2ea076b7906c34b5f1ccb448e4"
"data/source/labels/001_20200624_203154(3).txt","237","cd10906c6d338a3d735fbc8d6d4564b9ca69d8a9751a18e8a6c058dfecf461af"
"data/source/labels/001_20200624_203203(1).txt","248","87a2696ebd8e5a90a3b60ee990edeefccbe13123588fb451b4d8b344b4e2d590"
"data/source/labels/001_20200624_203207(8).txt","237","5b7f85c28ed341ce68325fbbdf79c46702d0a949fb1dc6e4629cf5cc3f89e5e6"
"data/source/labels/001_20200624_203212(2).txt","248","869ba9ea0224ea3a3cb7ab02970e770358a29d956991de3af1f4fa177709ec3d"
"data/source/labels/001_20200624_203225(8).txt","249","cbaef0f90b4126bd8f1802c135d68dbef69ddaaae25e014c3b57902500b5af99"
"data/source/labels/001_20200625_003507(0).txt","238","8f4620e3ccdb7137a25ce23562585ea36277df2f869f9bfd8013947f54740ff5"
"data/source/labels/001_20200625_003511(4).txt","238","8fbba3bfd2d9f3b0a96f7d748ee0bf5b594be168fbc95f21facbb591ece05daf"
"data/source/labels/001_20200625_003515(9).txt","248","2172b04468e13f5d49bbc08c62acf37629ef733faabf22a92956a35e9bca7bd3"
"data/source/labels/001_20200625_003520(4).txt","238","82b6c443b33abb5d1080cc568b468a6840cde5bcf680981d757607a0034f8db1"
"data/source/labels/001_20200625_003524(9).txt","229","37764b78fcfdb6375b7fbd1178960cc64a4ab7a920bc6efe9e6e05d65e1df41a"
"data/source/labels/001_20200625_003529(2).txt","236","63a4aebda5ffbfa38163c2c284076b2492cfe52ac891194d2bb4a58ca9cbedfd"
"data/source/labels/001_20200625_043323(7).txt","248","b05217f20e6325f8b279c7f205a7550af3613a12125c6bd7556126df7aab182e"
"data/source/labels/001_20200625_043328(3).txt","237","2a6d18c8ca1c78799e235ab044bfed480171a2b950a812100a8b2217839b1883"
"data/source/labels/001_20200625_043337(3).txt","249","9187ba5141cf3fa9716fdb42818758df64eaf3507dd562ecbd345703e44a167a"
"data/source/labels/001_20200625_043341(7).txt","248","e9a40c868ad6a063872ab72db6206bc800768cb285a81d861ddf7330e7a831e7"
"data/source/labels/001_20200625_043346(2).txt","248","a875b7c93a727ff9ad2f4ac9f27db6a69b6a36fc8e31ee39d14e7908576fcaba"
"data/source/labels/001_20200625_043359(8).txt","240","4c15e2bca247af2680cea73944b576860accf8e879f72164ba0f57e9e2dc05e4"
"data/source/labels/001_20200629_082825(1).txt","247","32a1461bd2b3d82623d5cbe169b3b64c2e3cfa4789cdf87bdd715c02816e00f0"
"data/source/labels/001_20200629_082828(0).txt","248","5f0b1de48c94ad6c6eeb79a81f563a3c6388b9b990225af5102c356f220a94c7"
"data/source/labels/001_20200629_082831(0).txt","248","f46e7b5ce2acc1088c19e8860d92dda6f9bf91b9cb01af2d47d3c478240a9102"
"data/source/labels/001_20200629_082834(2).txt","248","f7b3fc4de0ffb7ece30d1158cec3eb9a83edabb270c73491855e02d513851368"
"data/source/labels/001_20200629_082837(2).txt","237","03b19287162c69ed119d3646ab71fdbf793cec3495cef60b85a6c62d35d551cf"
"data/source/labels/001_20200629_082840(2).txt","248","e1380e17cf00d3808c29a18bbe21e7e763a1d0ee92d42f09f0e1c53e574d2544"
"data/source/labels/001_20200629_082905(4).txt","248","547dfba46707b2be09e165334a04ffe98507abf58860e303777affe7afc7aadc"
"data/source/labels/001_20200629_123107(1).txt","238","c30c84eec966a7b7eabac88dce6183c46cc5d8257869568bdb182a098543f382"
"data/source/labels/001_20200629_123111(6).txt","248","b034de50cb5b2135700dafcab21ea3d11caeb21736f50fe951ac60d2ac875ff9"
"data/source/labels/001_20200629_123116(1).txt","240","c6af18aa8300a2273c89eba4718a8e1ad136619d60be9614e6bb89cc592a5806"
"data/source/labels/001_20200629_123120(6).txt","248","48eba56f0911184eda2af97435e16ed8083387fa9df44e215ce3b7aff00e6767"
"data/source/labels/001_20200629_123125(2).txt","231","f1a3766706d211aba08ebb097d7baf5d78827f8bc40102a32f603dc1d63e117a"
"data/source/labels/001_20200727_204954(7).txt","84","e7eff7083839c98b26bf98bb799d9a78e223f57a197ee6f5616f718d2b2efcbe"
"data/source/labels/001_20200727_204958(2).txt","84","7c22c83dda144996b84cc981b95aeaa34a4882d70ce5d7b2a4e7848896af828e"
"data/source/labels/001_20200728_014351(3).txt","82","9bcc10677f47f4521203cb677e869359cfa09928b642172f2c68d6e9df92c3b8"
"data/source/labels/001_20200728_014355(2).txt","83","bb1dab65b582ac83718aabe6a3060632a03b804b4d82b08458a64d637fb944df"
"data/source/labels/001_20200728_043138(3).txt","82","7b6ecebd7e7184fb6278d726d3cad336df8d2f13db63cf4e31f6b6fabd1ac167"
"data/source/labels/001_20200728_043141(5).txt","83","be1cb4398577ce18eb890068bf8241ac01ae4621e69fa5b539fc7d444516076b"
"data/source/labels/001_20200728_083108(2).txt","71","6c030cdf9853e221bc65063e2de69405ba0ef0d93dcc88712acdb27d217645ee"
"data/source/labels/001_20200728_083116(1).txt","84","931ff79ba853d9207ce8b3f5cd0d4112b4f01ac5f5091f021423132f9452db35"
"data/source/labels/001_20200728_123129(2).txt","71","70d27b99bdbc326a563c40e157973b20cfe0687b5e647f9afeae4a6f0b1924b9"
"data/source/labels/001_20200728_123132(4).txt","70","058bf9a6200ff85308c0e5d4ea081fca71526dfe8301271bedcd5ad9dd57f848"
"data/source/labels/001_20200728_163910(5).txt","82","ddd4179a85a6605592245fb3dd830fca139a6aa7cb3896509ea13625dc492cb2"
"data/source/labels/001_20200728_163913(6).txt","82","2625178cafa7a12ac3b5e7099fa2f65c5c2773598406085f49fc7e068445d3a8"
"data/source/labels/001_20200810_085043(8).txt","82","a654c9d50b03777d99441a0bf11cc1d84ddbdce6aa56f292b728a9950e1df2ba"
"data/source/labels/001_20200810_123047(8).txt","71","43c61aee738698dd8dfa98ca38d8c1ac1f6490bc4b08e42213bf21d240577196"
"data/source/labels/001_20200810_123051(3).txt","82","054c6291c49443e19cec6f7677af7cf267abeaad0fb2cdb3e04a422e5f289db3"
"data/source/labels/001_20200810_163112(8).txt","83","a06cdac9a0845120a41b9ce49b4db9a01f7ed46a0d33297c2c2b61f8f9aa31f4"
"data/source/labels/001_20200810_163116(0).txt","84","a1eae7998e98eb89cf5bf911ab96040096ce2b0a8f424e72cdcd41b98bc2e0c6"
"data/source/labels/001_20200810_203208(7).txt","63","bf17e26606f984f0eb8c16c594b3ad24b25a5aea69fde4c7ba74ae5caba93807"
"data/source/labels/001_20200810_203212(6).txt","82","7b11439d8c3e57af3f53f53c8c36df4d705b576b384a1771b663ef175a059537"
"data/source/labels/001_20200811_003323(2).txt","83","71570a6725f76902a3fc0594c8a10085381fa19480b17805335f8235dbaca7b1"
"data/source/labels/001_20200811_003327(0).txt","72","c3e746735544ce54d24b69c56c12eec914e85a4c0002b24fcd5ca1d7f6fe24a2"
"data/source/labels/001_20200811_043037(3).txt","83","defef782a150cf5242a4b35db0c136ac2757e65fcda3b42ab121fbd5af55bf02"
"data/source/labels/001_20200811_043041(6).txt","82","f582c3afa19ac2d5f9036e873537e39d1ab7c6bcb1bc56ca440386c4865a4324"
"data/source/labels/001_20200814_033012(7).txt","84","d31a3b5c698dbe275e736d0862f617e7ef28816885fe8e193d77eafbd47a1812"
"data/source/labels/001_20200814_033016(6).txt","62","b77971e1960a78423d90464e8e952e65ce0d38852e2702fedab06bbc09736bce"
"data/source/labels/001_20200814_043321(6).txt","82","746eacc25892b16278ee07711fb32f0816534013d40367549da4c22ebcbea40e"
"data/source/labels/001_20200814_083045(8).txt","83","96701b9b2b96bffa811b0c1a320b76de260530354b55651778ac2121e0326bfc"
"data/source/labels/001_20200814_083051(9).txt","84","ff056ff9753bc4ccf3127b5a3ca519d858987f6d9147418bbcd4bca8a21a729a"
"data/source/labels/001_20200814_123136(2).txt","83","c96a1caa055296533bdfba05146cdbf49026aff13a3f0a9ab088818d5af63d26"
"data/source/labels/001_20200814_123143(5).txt","83","07b2e31f986f862e485334c9e7059d7607acececd1a470153e0fe3d87d4e034c"
"data/source/labels/001_20200814_163101(7).txt","72","376a48d59221a76f6581c6ebd3760b9d224a5a4da0f45a88bab670c6cca7c6b9"
"data/source/labels/001_20200814_163105(1).txt","82","9c76f40b49d86d8156ffc762803e0dcdbd134f0595f10258125c5f33a14546b9"
"data/source/labels/001_20200814_203438(9).txt","83","1da8c6742ab6442f50ba7a37064895aa7b9fb0f8b9b23d63489bb24a07b26045"
"data/source/labels/001_20200814_203442(4).txt","70","cc2b2d600453d310b89229c9367614928a98702c1f9119ef831742d96ca403ba"
"data/source/labels/001_20200815_003438(6).txt","84","c55e999f1bcdab9f5dccacb8f2321cca38a707116db964b82afcde09db825d81"
"data/source/labels/001_20200815_003529(0).txt","83","4ccd824565057357e90edf9a498c8ff4730d043bb4d94202d34bd4bd61585ae0"
"data/source/labels/001_20200818_083145(2).txt","83","725806869f2192ba19353e45e783a3dba1543935e45d51b9aa503d732d63185e"
"data/source/labels/001_20200818_083159(7).txt","83","597d8bbc0b5692604f309cd00cfdf3f2569847c3191b40f785cb62ff8d09906e"
"data/source/labels/001_20200818_123634(4).txt","62","539f75795012b57d4df855cc386218668f83e1f21597c632ca4200305fb1ac00"
"data/source/labels/001_20200818_163230(6).txt","71","fdd7e0a9b707656513a585c0b89cf97764fda0bbb6e5fc97785a6a5a31b034c7"
"data/source/labels/001_20200818_163233(9).txt","82","e9e547536d81e00588c8d237f5621c5e26446fd64ded0877a24b89c96ae96d61"
"data/source/labels/001_20200818_203601(4).txt","70","6a5a06cc4af002f1b6d83963479f5e1ec734df09636eaf1bf445bf8f98a69d55"
"data/source/labels/001_20200818_203607(4).txt","74","397f272e5ca620e985ee1b4a482d94f0ed9e1456458da2739fce7ac477227b07"
"data/source/labels/001_20200819_003039(4).txt","82","fce7b7f6ad7274739b21aad385ba03b8445eca502df9b624877d6a257b3a8e36"
"data/source/labels/001_20200819_003044(1).txt","70","77ed8e35a12f69a1576cd57426d348082d82fd448d0523c586c38d7ba08d55f8"
"data/source/labels/001_20200819_043209(9).txt","83","4483611773c3f7b64e91800e64f19dbd5496f545021861d2c653ad958da4c59e"
"data/source/labels/001_20200819_043216(0).txt","82","96095c8f974ae4d3788f14bb99121c90452db13987f6afe86b5bba7efad1a04e"
"data/source/labels/001_20200819_083353(5).txt","83","f92cd6c218ac945a77e49196e4a89706248fc5b505338d32ffda8d7987181782"
"data/source/labels/001_20200819_083401(0).txt","83","616fe924c9256301664557b8b81ee793130f8da0b5bbf5a2c593c7b2daf5ae4a"
"data/source/labels/001_20200819_124414(0).txt","72","41f62573168a16b422ae1c2d9285325eaea08912597f99bbdcf7060900cf7fab"
"data/source/labels/001_20200819_124415(9).txt","83","ec4d5cbd9bf43e7ee4ae56d777da847b443e68d01e1d597f958ea4cc22bae193"
"data/source/labels/001_20200819_162723(4).txt","71","d980a852853dc8da586f623e172ad11cee07d7e160c1c8fd57d3281b598c4316"
"data/source/labels/001_20200821_150525(5).txt","83","ba05f9bed411edb5c665ef8c8ddb43aca91d0da5e0509f57843546c2a43311f7"
"data/source/labels/001_20200821_150529(4).txt","83","0c6fbf823ae35f0ae97e7cec3ab05dc81e42869a6eab4da3fac05ac43081f171"
"data/source/labels/001_20200821_163349(7).txt","83","fefb863d8f21b6059a222cdea1e01550a303a4027d882be33a84425e677a2684"
"data/source/labels/001_20200821_163353(8).txt","83","d97f9ee61b4f1853866a4692f325ff287cdf936e587e800637985076fd5aa30c"
"data/source/labels/001_20200826_023328(3).txt","83","c7f6ec4c4ae53a14aa23bd437294ab7f2843d29183bc01685112f13e83f6303f"
"data/source/labels/001_20200826_023332(5).txt","84","e3ec3ae34c7fa7a375cacd724834b6d818b17fefe19fd4aefa2b19001ae55774"
"data/source/labels/001_20200826_043252(8).txt","83","1c7aceddab50acb6055eafe7bed488dccdc3bbf45dcd649ccfc6b39163df7117"
"data/source/labels/001_20200826_043255(8).txt","72","485bad587dc87e4249e9db03b0a499fab0a7dfddf77701c19e0a8dd8f6a01f96"
"data/source/labels/001_20200826_123711(3).txt","71","5b78b13888514682877becd4d1c39d7e47402dc1387fb1a1159c2a9d57610d47"
"data/source/labels/001_20200826_123714(5).txt","74","3c695c98a38c181ad3469014a7a1da344acf0dd0d78264f262b0e7316b0d5f18"
"data/source/labels/001_20200831_083711(6).txt","82","4c5cf45e3fd99d678324f5b5af5975d77cdfc922da027b26068e447b13e5b85c"
"data/source/labels/001_20200831_083714(8).txt","83","a2d9c4a45bd6d4b33403c3be38c2f17539c2e755e3b1092aab005e73056b633c"
"data/source/labels/001_20200831_123316(5).txt","83","88533991cf9b376c6dde4a45571c48435156e7fdb8ac4ac99eea13811248c793"
"data/source/labels/001_20200922_163332(2).txt","72","a5b7b1759cf3f4ae8430dd38ddc3df07dc3c9e4f05cdb4aacffaaf96762c14a6"
"data/source/labels/001_20200922_163335(3).txt","74","06bb65a093587f540544b3f347141ea1f0f58a7e4127fd89f803a13918593c26"
"data/source/labels/002_20200622_203053(2).txt","248","dfa57b1c442bfb2cc29c8029c00ed754ec8fd5f951dfb60c7edadf01d482a281"
"data/source/labels/002_20200622_203057(3).txt","246","dd7e03878888cc52eb75f1b1e1284ad1bfa80486338094562ff24791a78d8aa7"
"data/source/labels/002_20200622_203101(3).txt","248","10468611c32bd07a8ecd723ff1bce1d097ff8a5abfb9827b4acb88f3ce0a5f57"
"data/source/labels/002_20200622_203105(4).txt","245","366a1b770c92232a81c52cb1b21df340978bfb721e4a1197c79b2de5c226d81a"
"data/source/labels/002_20200622_203109(3).txt","238","ffe45f1138f424a56e90a92a86662f52acc8936a5ecfe57248a61318447abed4"
"data/source/labels/002_20200622_203121(4).txt","235","8fcf4c2ea6f348b279435ea9a98351cfa954648628d7f245643230090c44b43e"
"data/source/labels/002_20200622_203136(3).txt","241","0d1e35737676f3af189e291719a454ffd62240f508a524be2aded26460ce6790"
"data/source/labels/002_20200622_203140(8).txt","242","6ecdd02b7aeaa04bfcad86dc5409fa02b618c721b3b94c66de64bd247dd86a23"
"data/source/labels/002_20200622_203145(3).txt","246","2602aa141c67ee8a7b177e3d7af835f5c8bb077520355c1bb8a3c6c19042e838"
"data/source/labels/002_20200622_203149(8).txt","243","da4e33eaa28704299eaf2f585c146a7b85858071e9895c4657d670ca7e0694e4"
"data/source/labels/002_20200622_203154(3).txt","247","477cd742d93abd26545709136c21aaf72a5587714424ae283727ff707499126d"
"data/source/labels/002_20200622_203158(8).txt","244","412857668c7077d11ad1647e6c85bfd4a88fe19affd2c872bd76519ebf02f4fe"
"data/source/labels/002_20200623_003346(4).txt","234","c71872b1a528c8e459a193a3dc0977489834edbeec1488f41639a0ca3c69fb00"
"data/source/labels/002_20200623_003350(4).txt","236","45b81224e8cc94799b78c05de3c0845654ac04659499014b82272d37a75e5f70"
"data/source/labels/002_20200623_003351(2).txt","243","6c6843978ad5c136de42c34c0c910f2fa9d0e79780dccfaf0e7690741485ccf6"
"data/source/labels/002_20200623_003354(3).txt","245","042e4849632882af50a51f2bd7cc052051d53a8fe975002a2a14c188a767bd31"
"data/source/labels/002_20200623_003355(7).txt","244","8a732f8fbc7d8cef6215abed7a212ee46d9eca0df8e26ed84fe0e49d153a6086"
"data/source/labels/002_20200623_003358(2).txt","238","3e823fb79abc6964d33cb87b1abcc664dfe5ffde9ce26abdd0a3eb8f0a512f74"
"data/source/labels/002_20200623_003400(2).txt","230","42d426bc67d3bfdea938a110dec161ba8df796cc6c0b9e0e86592a4c7fc22346"
"data/source/labels/002_20200623_003402(2).txt","245","3e23961c7ff0ead03b70bd7163c490444e22a1a12fab66429e7b6f5263fa10b0"
"data/source/labels/002_20200623_003404(7).txt","231","60563613452aefe584bf5577352ed2d54f8d7e952456b0c1a314fd6b946c0bcb"
"data/source/labels/002_20200623_003409(2).txt","249","a2328e6607495058c5b0ec92ab7eabe8da5f4b153bc3a796ffd4ccb47b963eb3"
"data/source/labels/002_20200623_003410(2).txt","247","6f335351784448ed5a5a830fc988923966113ed3c09559cc3049f6e27a540721"
"data/source/labels/002_20200623_003413(7).txt","246","0f0a795f1809b68acf8662f32419537cd11df931381d39e5d50aa857fde0136d"
"data/source/labels/002_20200623_043039(3).txt","234","ee0cbc91bfa22cf19ecd4d65a63ed7cca3bb6d7e960b4b5ddb9d484fda16b3cd"
"data/source/labels/002_20200623_043043(2).txt","249","7a063c830ac85ae92bb86a549f301b07f0038d4eaab1a9df324e521f01ced153"
"data/source/labels/002_20200623_043047(2).txt","238","e49326cf79376370d0e098d81014f5aec679a2ede718fe36b84d528aed2fd2bd"
"data/source/labels/002_20200623_043051(3).txt","245","91044535cbfb30c27c0cab10afd0c50b19d5db1492aa342601c781a1cf31a119"
"data/source/labels/002_20200623_043055(3).txt","247","ad37d273416df3e82ccb7ef2a90a883acfcf77662e57417b4fb2a1efb1c2ab3e"
"data/source/labels/002_20200623_043056(0).txt","242","3709c27deeeb0714e7fe58f68b3a6707f8a2aeb0a7b7ae830f9bdddbf5b1c3df"
"data/source/labels/002_20200623_043059(4).txt","234","e487d6bd5afa58b9f392c92dc98b51fb3ab285f2bcdbdabc9b789951675947da"
"data/source/labels/002_20200623_043100(6).txt","244","dbf6029d84c4147bf8325989c173226d4490799ab10f0a9e8f9c7c4012338f31"
"data/source/labels/002_20200623_043105(0).txt","243","2b4459c370c599a5d662f8ead56ae7685aa7b4062207f605d9553465600a433c"
"data/source/labels/002_20200623_043109(4).txt","242","de4d10e05b7799654590567181794c4b7cfee3f8b4643819105961dd9843ca1d"
"data/source/labels/002_20200623_043115(4).txt","246","406f7b9b582b3bb57e0a8495dcffcf638d825195b8dd5f5e43dc2e3381cca76a"
"data/source/labels/002_20200623_043120(0).txt","243","e0701a8245f87b7f731372442e5e58e6c8b446ac747cbd272dcb57b8b4c55499"
"data/source/labels/002_20200623_082249(3).txt","244","e924918e3e54d2656083bdaa22928d74ce22332e4b7ff4c325978c62ec4c4e96"
"data/source/labels/002_20200623_082253(8).txt","242","4614cbccebab8d3d5cf3d6ee02dedab2bb768a76ac2235ad796a75d399f48aaa"
"data/source/labels/002_20200623_082258(4).txt","243","db8376309bb68d43a279c1ea98975ab49d305218faea893191cb884a805135a1"
"data/source/labels/002_20200623_082258(6).txt","237","447f6a3ff1283edb6f3d60de8096f9be29c57829844a7cfb061a0b46381be302"
"data/source/labels/002_20200623_082302(6).txt","236","97643ee9bafc9944d6ebc8c249f6ea4b8c501823ae5145c96150993bfad803a7"
"data/source/labels/002_20200623_082302(7).txt","245","f83c307e9abaa71c0f3950e07c87b2b91964be9626f3e7bd6ff42ceb8b0c1685"
"data/source/labels/002_20200623_082306(5).txt","232","1b2146839ceb09f584cfaa10c01520d435ac0e751e3ab37742a2795bbd5d250f"
"data/source/labels/002_20200623_082307(2).txt","228","f6131d4e6e84158cd39aeaf51777191a6234afde2a32ea4e874556fc728ddae4"
"data/source/labels/002_20200623_082310(6).txt","235","56ee349a37923434648e52d7675380bc4a04340886b37af48116ce1eda050e3c"
"data/source/labels/002_20200623_082311(8).txt","244","3990deb2b1ff98079d58dffe79c8c56f56e2354f0b407c55b9d81b0ac08cf9ff"
"data/source/labels/002_20200623_082314(4).txt","236","55009425b487e517821063e62f11f5380010965bc292359b39dca9070a3ebacb"
"data/source/labels/002_20200623_082318(5).txt","233","5e36784a3c89e4ad9ce7e02f08d7f39fa21a436b7aa44a100e9a4ecd0d7cc695"
"data/source/labels/002_20200623_123032(7).txt","247","35bea16881d8b6d91abfeb93eefda2458cc987b043ce6d511337dba1b2484fc3"
"data/source/labels/002_20200623_123036(5).txt","234","802b160aa16638a5c5ee3613a30d25249fa456a06ba9b163dd7ebe06dee89abc"
"data/source/labels/002_20200623_123040(5).txt","246","05718c7b1be18b7872374696bb4efc864cf20658bf1cc3bbb3a877114c07539d"
"data/source/labels/002_20200623_123042(0).txt","242","edcb4fca69a38185f6e22f1bcc776e10119e7c1fb991159df31013b1371a5b8a"
"data/source/labels/002_20200623_123044(3).txt","234","bfd41d7bda741a79d8d891c40cbecd917f496d8056503414f4da7c16000cb67a"
"data/source/labels/002_20200623_123046(4).txt","246","f7031ee5607f9c4003524cdded324fa5b90b1eab6b4e124a5030c33819c067b1"
"data/source/labels/002_20200623_123048(4).txt","245","4d032b06d46432a5a1a1f4fe343c46a0e630d931623a2b39f633adfc0b062cfd"
"data/source/labels/002_20200623_123051(1).txt","242","fae039fbb4e21f9c5e13597a449a9989a267ebf91045c4129ce49ab9a54ce18d"
"data/source/labels/002_20200623_123052(5).txt","247","363bbe26265f3c4680a32e748870bda00a5091e0520bc3a401b90d812512f785"
"data/source/labels/002_20200623_123055(5).txt","164","7f53f3f8cedcdaf377beed42f5569ae90bfb65d603b9560e70f11fa2955224c8"
"data/source/labels/002_20200623_123100(0).txt","247","1fef9db53e116f7b5f300f1a476e862692ef26d05f74c70eb7f5520b437544ec"
"data/source/labels/002_20200623_123104(5).txt","246","af516c084bd5c14e8f9ea73a290c8cf4a42c087d2a93c9e95a363eb02dba7bb1"
"data/source/labels/002_20200623_163020(3).txt","247","c0d7b4269c729d172bcbc095295a622257b56385f89cf32b53a3af020190f757"
"data/source/labels/002_20200623_163023(3).txt","241","8dbfc6c2ee592cab69833f02bb1d073c49643261a827a1a3a2db09dc2167e6ba"
"data/source/labels/002_20200623_163026(3).txt","243","77d3d6921aac82c84ba51c84316e95bcef7f9411c8a03ed597e94d6c0e007393"
"data/source/labels/002_20200623_163029(6).txt","244","a28146c1990bbea1d5e195e1de43e4f3ebfb100180cf42a3744d954a6213d68d"
"data/source/labels/002_20200623_163032(5).txt","248","01cc823fbc1c2db18702bad69d843a502191fec4fbeab6956810a8d521d36e2f"
"data/source/labels/002_20200623_163035(5).txt","245","4750fd1fcefd85d15c57c04b75c79ef4b5b37c5f3b7a91641ba26f889e370bd6"
"data/source/labels/002_20200623_163039(5).txt","247","52050e934d0689ce4ded1e6a0f6f301b563467d0a9d0cdc5c0528c0f6d67718d"
"data/source/labels/002_20200623_163043(7).txt","246","0b082a3f0feb4dfb6c4346c6be7fb4324188ac788c250925f59cf6ec6bb0d2a8"
"data/source/labels/002_20200623_163047(6).txt","247","1bd6dfff321ed0d772121ab77b500653e19364786e8764690a66e05f4c348e50"
"data/source/labels/002_20200623_163051(7).txt","239","83a3387075842b6062b64e03a66e440a6eea88666354c9563c1ad81feb66da6e"
"data/source/labels/002_20200623_163055(6).txt","250","86572226b74e33514b261433a81c9aeb7943a644ff3bf8fd333ae0aab74f0d5b"
"data/source/labels/002_20200623_163059(6).txt","249","ec77b8cccdad72cfe3ca5bfbbb74f9677d3b400e334086613200714d926c4b42"
"data/source/labels/002_20200623_203033(6).txt","245","1ff694b7c312840925a36eb45ad46cfde9f0a9104a0558376fe99268dab5dc97"
"data/source/labels/002_20200623_203038(0).txt","246","b663c0efaf68495b91c41d39929e008161e78e8d094b6f99cfa73fc4a358153f"
"data/source/labels/002_20200623_203040(4).txt","247","5d1b301b2f16e5c1ede5e104baeaf249b73b42bf5de98b7cd7b4f3489f23df5e"
"data/source/labels/002_20200623_203042(5).txt","229","1c8a388eaa3ad7ba19f647ac174c18de7bcb0ec325793dbb529a2b480c959b2b"
"data/source/labels/002_20200623_203044(0).txt","246","be4b6bd90264839c8206bd310b52ddbb31a075b532f64d2c96c627d498803871"
"data/source/labels/002_20200623_203047(0).txt","247","4dd8cdd780d9cbb1d96e872fa2d177fa23fca7a04fe0b4013be801153ba34662"
"data/source/labels/002_20200623_203047(7).txt","245","4e28e299e358d612fe7f27a9bcc3de312d1777a2f731adf2d8f623604dc4de61"
"data/source/labels/002_20200623_203050(0).txt","247","563c37d72a834ff2a732549cc99a584f422c6e80fb9195ef803a8c010f238f7b"
"data/source/labels/002_20200623_203051(2).txt","233","3dec3d7cc1a965f679fd0b907e3c56fa2c73ce6be7e5d80ae5c3deecbd3021f2"
"data/source/labels/002_20200623_203054(6).txt","246","faa15d2c0d7b4ee833c51a005390e402ee6f5a0990669347db14152fbc375bdd"
"data/source/labels/002_20200623_203054(7).txt","245","a24b51bf7c96a6c8e04f8bd6a3f8aa9089a35f767176d8fe706f07836d70fac8"
"data/source/labels/002_20200623_203058(3).txt","247","2328a00220c9f07ec1b9a56c4fc7e785149625714c5026a292d6a05fe0fceebe"
"data/source/labels/002_20200624_003107(0).txt","246","7ba0f4356f904be854ba1931065d50437b79cec9d9a5d52c71fc69fe240051c8"
"data/source/labels/002_20200624_003111(0).txt","246","17a4804b030a054e53bff701a502c2ca3cac73a98878bdef6c3cf2320aa33341"
"data/source/labels/002_20200624_003115(1).txt","237","df1abe9886402519714671e4328f085b50948bb71298622a2b06dc3e8d865440"
"data/source/labels/002_20200624_003115(6).txt","243","bcf13bb10b74623e2c84b4b79868edefcb993982f05e1024f98680b8fbaba7d4"
"data/source/labels/002_20200624_003118(6).txt","243","0ddfd3e7ed5b3602a1d411918e3396a1c6f1f1ac2a38b1f6176d2b5ed2aebd0f"
"data/source/labels/002_20200624_003119(1).txt","248","aca917657af30d5670d722e43b00cc7176db129d9e4014590eef51894c26535a"
"data/source/labels/002_20200624_003123(0).txt","245","4f28b36cbac8dbbbc9c39ef3745e64facf5b1f9f79a35901638923abc6651ebe"
"data/source/labels/002_20200624_003123(1).txt","234","7ba967b75b655f78d1a206a05cfde4f946b32e73b74b569f158d8ccbb1887b33"
"data/source/labels/002_20200624_003127(0).txt","248","e352327ab022bd4b0c88506f74c7cf409e2ed05558fb76493144f898f0acf1d9"
"data/source/labels/002_20200624_003127(5).txt","244","4d60d4b9686e6b4b9d6ca2ab85e7c74efca7568b705a84465cf9c0ef98cd3f1b"
"data/source/labels/002_20200624_003132(0).txt","245","b135dc069556fab784e6c87b2a3f3370f1adaf06e263325dfe15b80169145554"
"data/source/labels/002_20200624_003136(5).txt","248","51c6ed4bf022dafac28028d29f4dbd282849da28abc7176dbec90b301195aa21"
"data/source/labels/002_20200624_043128(1).txt","225","d2aedd3dd153576541f85cf27cb96554a0bf0f554b053fdd28b2ae40297c5467"
"data/source/labels/002_20200624_043132(2).txt","248","784040cf50e6c55d4d393fb329ca0a4a30bf6babe3719d07e069212a5b560d7e"
"data/source/labels/002_20200624_043136(1).txt","246","98e2719fc6bb5e09a6b2b61165558c9a3c086040dc7bff1882eadfbf9c77336a"
"data/source/labels/002_20200624_043136(9).txt","240","2dba227f4fdac4043e6efc902db12c3b193053aaf5adb0b56697f1bf1904fad5"
"data/source/labels/002_20200624_043140(2).txt","244","2e7252009161d01928d045f6e0cd97225180c94c36636b8f780e514657a56409"
"data/source/labels/002_20200624_043141(4).txt","242","2df121743623d538234ce78e92cbfc0eddf57d447fc4f996f745baac0680731d"
"data/source/labels/002_20200624_043144(2).txt","232","acbb6f40e7743a72d0306eec270822d92ff1456f08abaeb133a4dcb8bf9c3bde"
"data/source/labels/002_20200624_043145(8).txt","243","104f51288f27164e53f5f8377b6cb1361248c4fe033f39dca7822307d45f26da"
"data/source/labels/002_20200624_043148(1).txt","236","dfceab5e68e447a08c1d9ed6a55ec471822642ef76a9cf3b3ab4760496d82d0c"
"data/source/labels/002_20200624_043150(3).txt","226","cf18c6657c78ea231727b3379301742167211ad249599cb1e1dd24356b803970"
"data/source/labels/002_20200624_043154(8).txt","229","39652cba7b713cc6e0856c4d3ebb1976e0a0ec15753494dd666de48b0c0d20ea"
"data/source/labels/002_20200624_043159(4).txt","246","d86d2d60e899cca7162710af39e71efee58c498abfd4557a36e6856e0b392634"
"data/source/labels/002_20200624_083032(4).txt","244","314d2d3ce674741f53382500da366c403176378e80076dc1a56d15cc61a99b82"
"data/source/labels/002_20200624_083036(9).txt","243","54c277176a40aea2dbe781fa5e7a1c449240e05fcbdb8a6d78d235a98a512315"
"data/source/labels/002_20200624_083041(3).txt","246","9a7f102707cf3c6f94a90d18edddf5161b151b7307d942b0e9843cd6c8b34555"
"data/source/labels/002_20200624_083045(5).txt","248","56c6160350fbab0de6c1cc66361cbb2127bfe55e05895ccc0a84071d884281d4"
"data/source/labels/002_20200624_083045(8).txt","243","2cf171fc29c60bf8923c87c16e6b0e4fa43702f4900fc84015c5f3d51878e890"
"data/source/labels/002_20200624_083049(6).txt","236","724bef20866e019b64eb04bc74243508066c49a969db8bc9c82f286af172a62d"
"data/source/labels/002_20200624_083050(4).txt","235","96405a5b9de0033c029751aa74ef7d8543decaa520722af569cbca178f350a77"
"data/source/labels/002_20200624_083053(3).txt","246","0bca33573aba21e0248270101b03227fda46ec7489693e8924947cfce2bed58b"
"data/source/labels/002_20200624_083054(9).txt","247","989a3f2616ca710b4297707870026bcc79ff8f81fe06d960e44c7a0b80148263"
"data/source/labels/002_20200624_083057(4).txt","249","1670fd3f879b54e887195ed29b1a6ffa334261ca409e7aad7ef0029f97e64f3c"
"data/source/labels/002_20200624_083101(4).txt","233","051608829d1f9d3c144807b0228efd3d929f868d01cda00c56774c847e875dad"
"data/source/labels/002_20200624_083105(5).txt","235","8b5fd3a3506273698b4e0a38de393261e34ddf18f3376f8ba40aa94af7919abf"
"data/source/labels/002_20200624_123122(6).txt","233","2357b0bffe2905744437cd89bf2df101c225c0294c2e6a131a8ff1d8d94b1ae3"
"data/source/labels/002_20200624_123126(4).txt","248","ecfbf7418685d8b0f2139078ef950c0d88be2fe95c53c637ec3068edd9948451"
"data/source/labels/002_20200624_123129(9).txt","237","dc5700ddab6d2211d008cd3432647d1fa788c89cd7a21bb242bf5549ca5be2b3"
"data/source/labels/002_20200624_123133(0).txt","248","c39b18a9a771837240b74c2e21ca0984bebfd384d775829ab65f77ee3bc445b4"
"data/source/labels/002_20200624_123136(5).txt","245","3160fb91c8130000e54b87deda210a4f9f3328dc397b4328f3dc5e14e8df5868"
"data/source/labels/002_20200624_123143(7).txt","234","3694b0a66fa9d4eabfa98326d89f589a2842856fd6ab91c8a1e4ed5dca6ba62f"
"data/source/labels/002_20200624_123144(0).txt","244","8f08392415e6a31656a12aed2c44610a2e240fe2859d9be4bca8b66fb1cf0361"
"data/source/labels/002_20200624_123148(2).txt","229","4090f6286489d73e950680719576120726d2d0b597ebbfed2343d5671f0f8df6"
"data/source/labels/002_20200624_123152(7).txt","232","64db2be84933b3feb02fd6baf88578f59c2723e377774dd8428c99633440c854"
"data/source/labels/002_20200624_123157(4).txt","246","8411122ad288b9a31442f239bd9f39c6acffc590e2eb2030963d48104a7699a3"
"data/source/labels/002_20200624_123201(7).txt","242","494444ac92086ecdf0eac2fcce4b33b43c3ffee089429d2d1be18a5aa4554df0"
"data/source/labels/002_20200624_123206(2).txt","246","841ffa6c6ec05aa6d53813d761bd5ca6d7ac1fa268ac2f3e88ec7588580b84fe"
"data/source/labels/002_20200624_162522(0).txt","246","d13fa494771c837fa9b2db72a6ad8804d2a1dea4858d2fbe14070d3b3fe5f6ca"
"data/source/labels/002_20200624_162527(8).txt","246","75769ce4ca5932d431d1227b2647f3ce16971a1f0c8c76d5f1c5849cd48bde1a"
"data/source/labels/002_20200624_162531(7).txt","236","2ba97e62fbdc003b9aa404aae4c0f5e92ee866d6fa9964574d4550bdc6883003"
"data/source/labels/002_20200624_162536(8).txt","248","77cdf412d283996dd69f6a854ea816218771a98bec6bf900dcfd405343603fa2"
"data/source/labels/002_20200624_162540(3).txt","232","9b679f5f7da181a8f8278da82220c72c027b4dbcbf73d94c4923c3e62053bf6a"
"data/source/labels/002_20200624_162543(7).txt","221","79b2ffcafff46b1220cd854f8ccdbc47b34e333f074af8c46193ef34bc3bb783"
"data/source/labels/002_20200624_162708(9).txt","243","2c4db4e454c1e896ab4bb6deeb8776491865f90aec6c316c91552a29130b94c9"
"data/source/labels/002_20200624_162713(4).txt","245","930dd34ad02bfba5ae34c254289de56508bfe24fd2a5d6afc4e7b018a8aec758"
"data/source/labels/002_20200624_162717(9).txt","246","9b78f6ce09639f69b982d825a11ddbcf43079a73d7abee61c436ca30d0ac6ba6"
"data/source/labels/002_20200624_162722(4).txt","244","319220ef3eb7ed9e9a08d9dcb40356511aeef7d5c5cc80c02c56ab77366f775a"
"data/source/labels/002_20200624_203003(9).txt","247","b9c1722a5e006e15ba4fab221d0463d408a01444e942f024e41360194215242f"
"data/source/labels/002_20200624_203012(9).txt","223","8e9d62fe62eae484ed03622dd2b2a973a5221de378390f8ea632aeabfabcb394"
"data/source/labels/002_20200624_203017(4).txt","234","5d4614185a17d0c47e7aeaf44c12efe32d5f85cc5e06ce4746ee0d528261c293"
"data/source/labels/002_20200624_203021(9).txt","248","b15f68d198c85c31c027462512e5a1c3144661a2cc260dd95ce71fefdc4fefe5"
"data/source/labels/002_20200624_203026(4).txt","248","88c327ab4a18f3e92a01dd9c0f0e0aa51a64c13538a4eb9e2f95e96ce80a4ef8"
"data/source/labels/002_20200624_203044(4).txt","243","21b8427d86c991bb84e7ecdd433233d7ac0fcee8e9bd790b2c20922dcd491a63"
"data/source/labels/002_20200624_203111(4).txt","241","223f1f4d2a8c539289812456b9c51900a450207189c405941dac14c002791397"
"data/source/labels/002_20200624_203114(3).txt","247","3b8417f51c9a0c3b43f7a6d635b5bec98c1d6697e53d5ef07cd5c8841b2e80f3"
"data/source/labels/002_20200624_203117(3).txt","245","8dd4380e8faf40f6712bd7da8fa5eea74156dbe50e8e1ca5b7bfefcd6b198af8"
"data/source/labels/002_20200624_203120(3).txt","243","8517146b549629d0fc9056846802ce6259bd29c397880973d7e15cfef1b670ff"
"data/source/labels/002_20200624_203123(3).txt","243","38d897cab48f8d5dd82edca39418868e519a00f9b13c4e2e2f91cbaeffb23f1e"
"data/source/labels/002_20200624_203126(3).txt","243","f813c3b3dcac6cd457bc3f950a9631e7d75cc3865d61ce3cd0ee76d94edeba9e"
"data/source/labels/002_20200625_003116(4).txt","233","f5545e265266e87efc4de2081e3952e7209f39b88ffb3a069a33aec62346bc85"
"data/source/labels/002_20200625_003120(7).txt","232","61c9ee7fa475b9f9aa61c1278c8e49b4666cf87fe61600051309df20ace5535e"
"data/source/labels/002_20200625_003125(4).txt","249","9f5e4e4f9e894c60ac7136dbc70fbda39d5634ada569c29d3927d9724ed72504"
"data/source/labels/002_20200625_003130(0).txt","235","599dc88a16968639f9fec8b2a7823af87785f615e62c3958eb5d488e2e86f698"
"data/source/labels/002_20200625_003134(4).txt","246","16a408e7655bfd8a20e76431e569dffc08f14a9dd1adf2ea9a592a2ce44a82b6"
"data/source/labels/002_20200625_003139(0).txt","224","a451c62da53ec7467615db3df805fef80390cf17b8715bf9300f74a8e4c64cfa"
"data/source/labels/002_20200625_003352(9).txt","245","e4a1fc43a218fd6f22b22d61053bb8ff82a06bb9472ff86f8afe7dd0430a5aa0"
"data/source/labels/002_20200625_003357(4).txt","245","476afcd17342b91643de2e26fbfb981de65477a9591b9b0cdc66776064d5d0f3"
"data/source/labels/002_20200625_003401(8).txt","243","dda6d1946cf8419604fa8c3b7a491dd3d223138c933f709539af5eeed56e706e"
"data/source/labels/002_20200625_003406(3).txt","244","11b5548c0b5199c3e38c31f89680973cd952a257c40c55f160cb26c243d602cb"
"data/source/labels/002_20200625_003410(8).txt","244","a94f82448e2dd83cc46ce22429f05de70f752da945ad8220e69347311074a7e6"
"data/source/labels/002_20200625_003415(4).txt","244","eddacb57aeadaf1a3c7d5bba5f807685716fa8e96ce52edb47603e776daeec98"
"data/source/labels/002_20200625_042934(9).txt","236","c1bc0d8fcdf559cc500663402cc66238c34a71f2f13cac2c46b41d8901029126"
"data/source/labels/002_20200625_042939(2).txt","225","63ab501582af73084f43398da210db6708101710914d9c9a4122f68ed21c94d8"
"data/source/labels/002_20200625_042943(7).txt","235","0c8f7ec7d1e6a808071ecddaa72a21a8314cc4a15e3397076784a19a84029497"
"data/source/labels/002_20200625_042948(3).txt","236","a741802092c5cb4691f1af5657fcd1519d332fb1f948edf933603bf47533b6bb"
"data/source/labels/002_20200625_042952(8).txt","233","e314af58f58d9600f85ad955046f24d8730e8920ee8b5ea4d48e1950b104cd24"
"data/source/labels/002_20200625_042957(3).txt","235","73dee2fe0ae2e577e7ba5e970beca254c79420c731077e827181c5af244c415d"
"data/source/labels/002_20200629_082630(7).txt","233","9a9c82a27f3bdc07cb5c0250e0b1322c449aab085af71248c2d9504659f71b48"
"data/source/labels/002_20200629_082639(2).txt","221","45290d7840acd1809c75b057ceb29ba96882a42cf3df03e86685f84faa5d9601"
"data/source/labels/002_20200629_082642(2).txt","236","ecb6058bfda6a65e045a7703a3aaef6e13828a5c9654da2c7913979dd88f3d1d"
"data/source/labels/002_20200629_082645(4).txt","235","9cc8419ed3e145ef92c88b26ef11eab9376b4ebf802c464832db0b648a40febd"
"data/source/labels/002_20200629_082823(5).txt","246","41ccd187f1d874b9b5af0dc06fb72fed63f29f06003d9dde92d0fc93d4a33deb"
"data/source/labels/002_20200629_082828(5).txt","247","2e6f20c7104a659d48f359a24a0b2424bf36f9d80a24dd5a891ecd7dc6548b40"
"data/source/labels/002_20200629_082831(3).txt","244","9372e780eef3c279eacc0be50f3f599bdd6169b3062491bd536c786a7f36c7e5"
"data/source/labels/002_20200629_082834(2).txt","245","8435d2fd3b0f1714bea042dafb2d26183af8eda6b156048d2867e0119f47063f"
"data/source/labels/002_20200629_082837(0).txt","233","8d2e77bdefc73c1836dfdf9b90bd0039e1dc413c74c4458d75d4be81a489e56d"
"data/source/labels/002_20200629_082839(9).txt","229","ef7f78fcfd11337a3704010d3b6abf46fb88fbeae4a1e6ab3b9e393e6200d62c"
"data/source/labels/002_20200629_123442(5).txt","245","ad0bee90d4b52e5d5cdcc3bb3cced4ed29585a0fedf7e75bbf17ec707a1df4d3"
"data/source/labels/002_20200629_123447(0).txt","247","c79d8b977c4128d4498f2f1c9ebfabc4bcb44515cb06c62ae8df183b6d1a2bf7"
"data/source/labels/002_20200629_123451(5).txt","247","da6df873fbf349db7c21fa7efd16fbcf4d1bb944eee40e304b9b9743c29d25ce"
"data/source/labels/002_20200629_123456(0).txt","249","9b9ac62a783d13e74e35a3609f415562489d0d35462ea023cbdfbb89f8dd65a2"
"data/source/labels/002_20200629_123500(5).txt","244","baf3740a49a8b8d3074778cb3a420225e3aa2d5a51e1933df77af216926fe976"
"data/source/labels/002_20200629_123505(0).txt","250","92070ebe9770cf728e122ca9af82f9bad9fd2943d04d8356fc39ddef9c03d074"
"data/source/labels/002_20200629_163656(7).txt","243","7ee1e39c52bde5a9a12a93adece333e2c3425727333c133c264b136e8ff7e804"
"data/source/labels/002_20200629_163659(7).txt","230","93fd947fd00c8f6747051aee29d6f506e35e6aeec5e9419d6d92fa2e132da050"
"data/source/labels/002_20200629_163702(8).txt","247","4e9725e0dc25ad200a5958836fe543c2c44d90ed25cd2ef66a5e3e147083cdf5"
"data/source/labels/002_20200629_163705(8).txt","245","51d5f5d1a98c7c80cee1c97b7b474ac09672f115be4d5350069db69fe3238fba"
"data/source/labels/002_20200629_163708(9).txt","247","72b52867c537de88d7666fc857d2e4b07bc9cbe489500789a0f39920cae70ed0"
"data/source/labels/002_20200629_163711(8).txt","247","c502157c86855ff96304b105d9ab7fc080a874ad41104964ddc934007bfa3b37"
"data/source/labels/002_20200714_042641(8).txt","247","82820d6dcf63d6186abb06437a5afb77f6def4d7f1d19d0f8776e304226d3ce3"
"data/source/labels/002_20200714_083054(2).txt","247","1051548415a3b01745c8992f423d9bc5002972bb926112a39e7c02d89be6349c"
"data/source/labels/002_20200714_083057(5).txt","247","925d54b5ffb96d350e3120063c5615c32b7bf13bcf1bf751cb7de2f0149846bb"
"data/source/labels/002_20200714_083101(7).txt","245","e87b144987477a8115d7b7b280f14055b5a1759ca6925ac7a2344d56bcdb63bd"
"data/source/labels/002_20200714_083106(2).txt","234","2917f59e2acd47dbad1c3fc8dc47c1a2dfd01bf5a1e3b06a66d5eafcaf6915a4"
"data/source/labels/002_20200714_083110(8).txt","247","a8c4f726c681a2e9dd8e49711d2b858a1232ad5785f5897cec904dbc632f5386"
"data/source/labels/002_20200714_083115(1).txt","247","ae66ed2bd8ed41b4cef8cf5804ee1c206ebf2d0bd4b17fbc9eb852cd00bf2c5d"
"data/source/labels/002_20200714_123109(8).txt","245","4fbaddcaccdfe7f283ebfff460ab6563685a2e2dc64742a83e42860ea8d27f1f"
"data/source/labels/002_20200714_123113(1).txt","236","c0468ce6abb04193724dbad279a672c9431943d0525b8174d6d2d63ea95fbdc7"
"data/source/labels/002_20200714_123117(3).txt","248","2aa9a1e2a8dadb6a724d5691f2eda2662b573b7997f1a4d435c893a292c556d5"
"data/source/labels/002_20200714_123120(4).txt","247","18b3c9d09debfee744bc84b22ee2afbc8c12f715c019989a1b33886bcdc0620b"
"data/source/labels/002_20200714_123123(5).txt","235","1c944048ee6fc7556a32f6c9227b8f7abadcac1628cb64cd8b0a56a48dfb89fd"
"data/source/labels/002_20200714_123126(4).txt","232","344f1201e23bdc02d4d9a783a22178dc52815e9858198fe8eeb5df3ce316c9d7"
"data/source/labels/002_20200714_163046(2).txt","237","409d1f9fe3286b6357ead34cf4be8e52b8bf979b628bdcd12c75edad515dcdeb"
"data/source/labels/002_20200714_163049(8).txt","247","1d808d628d6b79b2b7315e94c5cbcd0fe5dd16ae0532b8f6fb1aeae49bf44d7a"
"data/source/labels/002_20200714_163053(5).txt","247","781cca16136e747bfc0a0e064928aae4c0c11d5598da16aed8378bd6acea8b30"
"data/source/labels/002_20200714_163056(8).txt","225","a29d6cf39498c368ecb99e1fb98356c6714948132fe8269df7529830e662ddf3"
"data/source/labels/002_20200714_163100(2).txt","246","28a6e68dea3917e732cdf96d9fbdb31c714b9617f29e5a982fada035715c3a13"
"data/source/labels/002_20200714_163103(5).txt","246","8f5fe50f7ba869bb7310575956a8c34da392c1829b162979dd3277fe39709bdb"
"data/source/labels/002_20200714_225756(0).txt","237","22893d66f4f68b3f9a7e49cd3002c7dd12d99535c606be99168672e89b9cdd57"
"data/source/labels/002_20200714_225759(8).txt","236","33bc5e52b56475cb49c369b67bb7d4715375cfbf28ff17591e942e432a079e67"
"data/source/labels/002_20200714_225803(3).txt","246","4dd425914469d7e9d6476fbd28c907b720498624662294eb9659a9ff4a87ed0f"
"data/source/labels/002_20200714_225807(3).txt","245","ef23d5ffcb64c893be6d031800216b6a86f81d12da16017695555dc5f48e281e"
"data/source/labels/002_20200714_225810(5).txt","237","c6a1b9f1f969ae542460a02248a37be52ba7abe0bd029aa2fcf5f8c530e01dcf"
"data/source/labels/002_20200714_225817(4).txt","246","13a494ffb86705453c013f6b8ebf97ebd4596f1592bd44b11220ef987dce4a74"
"data/source/labels/002_20200715_002443(4).txt","244","1cdf16ac59373d165cbc6a31ff756e0c5f719c6341d0bdc3bca049cbc9241145"
"data/source/labels/002_20200715_002447(9).txt","249","6606fd6371a03bc782b3e472aac23750b19c4acbd02484a4b112c8950c49b983"
"data/source/labels/002_20200715_002456(9).txt","223","4d74bb1c09a08ebcf3470dea489abe9d26bbe68c736321cc37ebb873f73e9c32"
"data/source/labels/002_20200715_002509(0).txt","248","f2dad930511fd3f2f1be10a2fa73bb2559a1923b4baf8fe01883c4514d908b68"
"data/source/labels/002_20200715_002513(4).txt","246","6a5651c44acb1c1acc626606c108c0efbc92595a64d4532f17be2169a84fe014"
"data/source/labels/002_20200831_163149(1).txt","69","4664d9eac02a873871e91c14ab4adceb49efc9bb92cb7019460320cbf6b9bc92"
"data/source/labels/002_20200831_163150(6).txt","81","d1990668cc29dc96f97ab4a35643883e67312599f203b3c6c918ab65f9e91572"
"data/source/labels/002_20200831_203101(4).txt","83","a0649a5ac280ff4a44a9e287a0434e5c1fc9890ed4d6669b188666dbe4f7572d"
"data/source/labels/002_20200831_203105(9).txt","83","8168a8b4b1ac6858b4b1798289988fcc968d1cd5720515cb6ef43ee3a34bc740"
"data/source/labels/002_20200901_003133(6).txt","83","e54d5f6d94310187a0ced1e08e06407d70b820ce6647f51097cdbc690acead00"
"data/source/labels/002_20200901_003136(6).txt","82","d8599dcf2f8b89afca79b8ce08b258c78516037e4a8c17f5f71dee52d19b87a3"
"data/source/labels/002_20200901_003139(6).txt","82","37b58f13732a61a62a7b6a9e411edb9cce07a1a675f646d704d9bf8cce8587a1"
"data/source/labels/002_20200901_003142(6).txt","82","565e282077ba86f1f17d2a293c49249bed14d571352d5ef8d9cb228465556204"
"data/source/labels/002_20200901_003148(6).txt","82","0145b507cc76f28ea4fa18a0a9f826015b0ff64de210c15ec534317cfa1c0a8f"
"data/source/labels/002_20200901_043133(6).txt","82","bb365bbd2d3b280cd94440adadc3b71a95dbb34d37f2ee65af6b5ea965153f57"
"data/source/labels/002_20200901_043136(6).txt","82","e99afea38492c30773f7e0f7e3026ca2b1521572c39a40b910ec7c66e66f30af"
"data/source/labels/002_20200901_043139(6).txt","82","9428cba29456f58daaa8a73e06c2e2e26db361658e0a80335a4733c490b62962"
"data/source/labels/002_20200901_043142(6).txt","82","54d5784e3bef41762757d680b7d322c2a9a210bb0a7fb8ab3cf75e6783c01af0"
"data/source/labels/002_20200901_043145(5).txt","82","9339e01b4f599d0e9a4d1e1a11f469dd339ca4bef0f12908bb2f87617b34cc76"
"data/source/labels/002_20200901_043148(6).txt","83","a86ae1db26529310b56e74e888dc50ebad654b51c04def668318db7887849d20"
"data/source/labels/002_20200901_083204(5).txt","81","1fa68ddb6b02bd8f2514b877779d425a6471527644e6b303afed1453e1e738d0"
"data/source/labels/002_20200901_083452(2).txt","82","a3ed5b529e2e717d5ba9285cece5d2b3cccb7b710c2b37f47d7b8e5dcfdf7489"
"data/source/labels/002_20200901_083456(7).txt","81","475abdbcf75855d6ea1723e3bf0324742b40b8cfd1e5e8c75cd807f4875678b4"
"data/source/labels/002_20200901_083501(2).txt","81","f870bd667101ddb68ea2975faaa23a7855366f83b4a74a675a3ed5decb7ef4ea"
"data/source/labels/002_20200901_083505(8).txt","82","47e8fcda7c5283c2f20edb688527f9e78c99bd96f3d6ffbf1164481f9d8d25cc"
"data/source/labels/002_20200901_083510(2).txt","81","f19019a7ff49cd4c99ebfc55b56ad10d8d3e31f02b9cf077e84bc8fac4948046"
"data/source/labels/002_20200901_083514(7).txt","82","80157a4a34843956319e0d2c36dcdfdbb350a6cc77468117f4ab4440b318334e"
"data/source/labels/002_20200901_123049(7).txt","82","042b8a3e362633069bccb2808a2ce45586d504654c57f9cafb816699049c2dbb"
"data/source/labels/002_20200901_123052(7).txt","82","6eecbf7d3de7151f124728ca1cd5c3e3efbe99eb0c1ddda882280ea7187180c4"
"data/source/labels/002_20200901_123100(3).txt","82","366d2755d1effad6c4b51148ce01e3b67eec9e70fcea85c1d3a9d88551a96577"
"data/source/labels/002_20200901_123104(8).txt","81","bea5bac3fa11f5a6fb4829037e05fce671e06b94d498cbb5e545446547960c51"
"data/source/labels/002_20200901_123109(2).txt","80","c59f11a7e39aa1aa94cbe6a644600c3193280f6239f8b96cb0e0aa21d1a41634"
"data/source/labels/002_20200901_191340(2).txt","82","aedc05c1cb47cbef4f083c96be5345a81c08323046d12c1835bf7e627cde9328"
"data/source/labels/002_20200901_191343(2).txt","82","6b91721ff39950e3a59757aeea357e8e559b53e2f3530b33abee02b829642354"
"data/source/labels/002_20200901_191346(1).txt","82","6cdc585f2d00707402d27b8670209127ec30138a7c2631b6d5545240bf954270"
"data/source/labels/002_20200901_191348(8).txt","82","5047e3f650516d37563b4e5b8016ec1d31834e59779f8fc964a5def00edd82c9"
"data/source/labels/002_20200901_191351(5).txt","79","fb08eb9bf6737135612c67466e6d8fb3a848acf0fcdbee11042a1a226532d822"
"data/source/labels/002_20200904_230054(2).txt","81","041ba47c49ae5d1ef28f869a763b432dcc90984cebb1b3af9248a96ba77f4167"
"data/source/labels/002_20200904_230057(6).txt","81","5d798d7ca411afa28ddec5e04cd01c11d1aab38a379c2ba9c79cd7cae39b2ab7"
"data/source/labels/002_20200904_230105(4).txt","82","e9d22b474321bf31ab76264022596376abc258e6a7fbabc2c4814f92f7fb7cbd"
"data/source/labels/002_20200905_003315(2).txt","81","95ccc3be54b49290b5ddbd823b366baa80d7e0fbc56058300c71a383ab097c94"
"data/source/labels/002_20200905_003319(2).txt","81","beae57d4d154dbd9a40053458ecff32d8ace7b4690c112e18632ca073cd1754d"
"data/source/labels/002_20200905_003323(3).txt","67","3977c72d0c35817a2c19ac5e92e907dfb1b2da5affc86fb82d493008ca0d0d47"
"data/source/labels/002_20200905_003327(3).txt","81","0608c6a73944334d0a364170880e0dbcfe2334e34e097b05fc648dc40a6cab6f"
"data/source/labels/002_20200905_003331(2).txt","82","5e52c55e99ffd0451722cdfac5772d7619ef88a609aec5a5713f951b15c3807e"
"data/source/labels/002_20200905_003335(3).txt","83","6d395eec16f512280b7ac54fa88b8478b24ab718353cb6691c4eefeb12c16349"
"data/source/labels/002_20200905_043156(0).txt","82","3bc3e33b1830a1c30cdc5dbfa1e16c0174a134fd01acf75cce49624ee96a0f44"
"data/source/labels/002_20200905_043200(0).txt","83","526a726f03e1fbc8474c345d2aafa8aa55e497f176bd8a2a7a5a093abbd9ad26"
"data/source/labels/002_20200905_043204(0).txt","81","00ab27b0769f7e61333706c2e0cd0af5df3dac208ee80d6c0402335099e08a25"
"data/source/labels/002_20200905_043208(0).txt","82","f5c18fb01a5afb32709a464d783c8803a2f350c8ec65632b727b016ecd54545d"
"data/source/labels/002_20200905_043212(1).txt","82","8b205babb4d609873dcfe50aafce0df9de6e5674a0d7b2b1d2777f99579f0a2e"
"data/source/labels/002_20200905_043216(0).txt","82","9768b02ec91dcf0afc339bdceeacb7a3714ebbfe6bbfeddc7fee894682e59173"
"data/source/labels/002_20200905_083407(3).txt","82","f5768297d23e03f943cf4504cea69dd8a8cee926c024fdb044d17e4e48fc674f"
"data/source/labels/002_20200905_083410(5).txt","81","aaf86de29aec08031e553c982e3b74439048700867a356b06ca3e9c3fc64c66f"
"data/source/labels/002_20200905_083413(6).txt","81","542238330aa60a796e47d495fc9bc0ae4327cb5bbaf13f855cbc95b55dfb2f22"
"data/source/labels/002_20200905_083416(3).txt","82","b82519e0ab5f400e008b3d1ab7a9ddcdf310a43c20dc944231195e2b301db693"
"data/source/labels/002_20200905_083419(3).txt","81","ada231b554de742ef4b736536abacba187589edc2f53c314f5ec959464d8653f"
"data/source/labels/002_20200905_083422(4).txt","81","c2e9ee87906f74ecc9e4be74ee135db308cb7f6a67c6da01d1a22e00abaa51f0"
"data/source/labels/002_20200905_123055(0).txt","83","29fb7f153479a3b9ca51970a6e6c61b06191b5da7e891667748dbb08ad620dea"
"data/source/labels/002_20200905_123058(4).txt","81","e7d2de31638d49f448926ad1f0e495c543ab854015d03bae07c17fed0ff3793f"
"data/source/labels/002_20200905_123102(0).txt","81","be5d77ec2548148675a789b531b8741d742c11178b97c27577d86e21d59cfdaa"
"data/source/labels/002_20200905_123103(4).txt","82","3e2fa7b7ad36adcbf82fe3f5a1e64a83c092bb516782e9778ffbca63db96195b"
"data/source/labels/002_20200905_123105(0).txt","81","4a1410e8b62ca401f8bdc97b97d3a36156e42d2f7e916059dfd852e3b069a634"
"data/source/labels/002_20200905_123107(5).txt","81","f6b4ea67aac032457c68ae9682b32a694b9d41174772ecd98d2ffbd75b4ce4fb"
"data/source/labels/002_20200905_123108(4).txt","80","d5a1d252bc0fce44d1a23f74688e78252b59aca90329fae7b37f4ddf19cff386"
"data/source/labels/002_20200905_123111(6).txt","82","6354b47f587db7fe60cc6a68ee92ded3b8dd19a4d7620488a68d488846402568"
"data/source/labels/002_20200905_123112(0).txt","82","02dad5a846e284f2c71734cf06221317958cd2117c59d54396d006e4dc6f36f5"
"data/source/labels/002_20200905_163920(4).txt","82","ff13e08984de47c5c57b8eadf5c960b0082e119f597c774c0b48e34f5ff56c6a"
"data/source/labels/002_20200905_163922(9).txt","81","48a20e47d3cc7c2287fdacbe0143c517e7f3c9fad804877e028e3951268245b5"
"data/source/labels/002_20200905_163924(2).txt","83","489b1005c88cef527f64e1a0cfaaa644b3f764a54b08917367cd4e7dfde901cf"
"data/source/labels/002_20200905_163926(4).txt","83","4a574cedcccc12a4c3d28f021037885cd9bf5334d61954bedc22f2fb1287d111"
"data/source/labels/002_20200905_163928(3).txt","83","4a574cedcccc12a4c3d28f021037885cd9bf5334d61954bedc22f2fb1287d111"
"data/source/labels/002_20200905_163929(7).txt","83","752737fef8bd9288ab9217fdc885e5f40870156e4a4962c6dfeefe121239dc23"
"data/source/labels/002_20200905_163932(3).txt","82","9d20661bc0cf8ec69827f04cda23ff1b98a957053f2ef05dae302d7768b1cdaa"
"data/source/labels/002_20200905_163932(9).txt","80","ee325f6e356d12bfe61a8200c81d27452f10511afcf2f68dc32a900adf406319"
"data/source/labels/002_20200905_163936(2).txt","82","228783a7e611d0c50a5322376802f7a4e432da0c232ebe6e5e10050a64317ff7"
"data/source/labels/002_20200905_163936(3).txt","83","8219fc0d2bb867b3605123021230bc68e14defe13cc8930b72ba9acd3056cb81"
"data/source/labels/002_20200905_163939(7).txt","81","6a4d47164c650a3a45c2249ff3f5bc688e02ebbbb766fcb3c764c117b8ec068d"
"data/source/labels/002_20200905_163940(2).txt","82","7b71db7284e0a681367298a6d091a74c6aa5f0039548fd58944d8d2413d6efc1"
"data/source/labels/002_20200905_203836(3).txt","80","cd4024d232e723ad8cfd702b7052b550fb5d0063e81a52e81c0df750635f068c"
"data/source/labels/002_20200905_203840(3).txt","81","41e99689c641ae0978e7338201d8d7834c27abc4856a7edb9a429254502eaf3b"
"data/source/labels/002_20200905_203844(2).txt","81","9890608e343d0fdb29b35033e598c2c7d37a0c9dd647b2bc3d6596ad08dddd65"
"data/source/labels/002_20200905_203848(4).txt","84","73dfa08c100633cfa78187f49e6bdbe5bf97766c096be43e55b79b98a6a41220"
"data/source/labels/002_20200905_203856(3).txt","81","aa2b500913028e639d076da1ace84297570295392c0f023fbed93850961c571c"
"data/source/labels/002_20200905_203900(3).txt","83","0d6edc99f405a2f232fba663ef0df2a3451cf56d38ff371727b8c32e69f87193"
"data/source/labels/002_20200905_204033(3).txt","81","05ae8ce0f182505ccd83dcee2ed20ab98137d9bb04baf38d4d77e9b1bb15d335"
"data/source/labels/002_20200905_204039(5).txt","82","e150467275d71e822846d77316a92d12dd188f023d9fdbacdc2950587895f5c3"
"data/source/labels/002_20200905_204042(9).txt","82","c6e257ecdc35b4f165ab6903676657b8bb80f9afa69f27952d6446dd09e1a1ab"
"data/source/labels/002_20200905_204046(0).txt","82","b493a60a3ec5dc4382fd598af2025cf67424b41aafd26131206ec90d88c8ede9"
"data/source/labels/002_20200905_204049(1).txt","84","9d9bd1943bbb372fc2c8181d675e8aa13dc5d7e4b24dd3fd0ce968842912483e"
"data/source/labels/002_20200905_204052(3).txt","82","013eef03a389344aa2d11cd1a367dd642a462f7993c27f3ad65914dc03e4ca47"
"data/source/labels/002_20200906_003059(0).txt","82","433be9f8389fd73f4e6a3fd2ada599e9cb7cc56aade5eb61b452d0fca7cb6b98"
"data/source/labels/002_20200906_003114(0).txt","81","a69f9c4d3e1e51ce3a66e87eb233283d19957af6a0d57d773a5407379091e619"
"data/source/labels/002_20200906_003114(8).txt","81","c223094b1496d844e1466e556fb2ea9c89da41c13a8781b639bb4d4e111dd9b2"
"data/source/labels/002_20200906_003117(3).txt","81","0dc957fd923ddec895b77b9f0086abb0fc08da199bb67003074d2e61d217e0d3"
"data/source/labels/002_20200906_003118(7).txt","82","c0808773fb349f529c2691153149517cc13e277a2f87f5bc4c06cb0d0b4761fe"
"data/source/labels/002_20200906_003120(8).txt","81","556bac5c07f837496750c9f43da02725354fe46eebf7d8e9c7b62d9eb5a31dd4"
"data/source/labels/002_20200906_003122(7).txt","82","264c51eb2fc769c7369464d7ff7049210a5b67aa060a28843126cb2d2d6bca63"
"data/source/labels/002_20200906_003124(0).txt","81","fb8474c8dccf9dc3245b072dbe4e93e252742ef15c12eb3b93de0801bc5c6b53"
"data/source/labels/002_20200906_003126(8).txt","83","d9e480b22a7f0142b4a2b93631758bb247d0473940f3ad2607ce58c531c3d10a"
"data/source/labels/002_20200906_003127(3).txt","82","7f248c4ead4fbcd1d5a9b923e0d23e34651ddc5bb1e0ec94842b0af34b12f807"
"data/source/labels/002_20200906_003130(7).txt","81","6ce5d1dd26e1712622d52350c27769278893d07919d783e85c0069835f2203f9"
"data/source/labels/002_20200906_003132(7).txt","83","c9409d5d551d422df0ea6797c67bc818c29497e5f18eddde1f978cdec1f24a86"
"data/source/labels/002_20200907_184813(1).txt","82","bdd406a0c071520970f544cda67ee408701d150d3a82fba92bf2c0c73fe0a559"
"data/source/labels/002_20200907_184815(7).txt","82","f85f933d726fc0c058052fadeb42205a6ce25bd0276ab06f76d3629a33ecbc1e"
"data/source/labels/002_20200907_184818(2).txt","81","c74f5fd9d91ced8430034527212f88881f852f927707ec8bd8e9ba2628816266"
"data/source/labels/002_20200907_184823(7).txt","81","0659b9926ee745400d722d38eed1b4da7153e8679230ff63580cb1e673401a26"
"data/source/labels/002_20200907_184826(3).txt","81","5ef6544e4d89e321b4f6b10dd740df2a79337e70457729b63602836ae2ecd490"
"data/source/labels/002_20200907_184828(8).txt","82","1f78698b6983c8bf5585c62b0cecbdfddf5586d2185753406415f7152d3de3b2"
"data/source/labels/002_20200907_204635(5).txt","82","067aee9f8e29021b4ac702de1f5c530dc77d54f97b8a59cb439147ffd5b79a9e"
"data/source/labels/002_20200907_204640(0).txt","82","38b584dc7c5cb2f2165ec40295984d1cb63769474f3c891d0b28784ddb649a64"
"data/source/labels/002_20200907_204644(5).txt","81","d717183fb80e33170a8b238c05e6aa579efbaac23c704581f894bcf9235c4583"
"data/source/labels/002_20200907_204649(0).txt","82","fbd8c9e9dd21c2d677543c653944555970a9f87699c78b65cf02c2f4e96fcd99"
"data/source/labels/002_20200907_204653(4).txt","81","a2eef515a12147bfa364c2032f14e6bf5def9847d4df8155473cd368cd240ca6"
"LICENSE","1087","547b85460d7172cbb2d9b353b5f628c915e2383194e963267b8368ccb147aa3a"
"metadata/final_b2_config.yaml","581","9c934aa560d0476bb96c9ccf4fc9b2b9d727bb89a7e6872d49845c43f0a6de59"
"metadata/fold1_reproduction_evidence.json","1154","f6c151105e0668b4a3aefa92818f08eaca2f71bc9aad33b8cae90bab5f5a22e5"
"metadata/local_validation.json","1113","fb0ee5054658b579b256bc913f403fad926380d999cc321024b208410685ff9e"
"metadata/original_allowlist_provenance.csv","313646","5253b945b9f2c86749eb8f7a47ab068acdd401b51a937b4343d7f157c0cf02e2"
"metadata/REPRODUCIBILITY_SCOPE.md","926","f49712b0c86e815228ef62e207300cbfbbcb4f6dd2acefbc7f450754e684b220"
"metadata/submission_status.json","966","4838424c6be4e8c0e18ec68d50f38c32897d9a430c12bf5803350314f621467a"
"models/b2_640/fold1/args.yaml","1778","067b29676105e7a07c690c79159cd76e903b4349ac7fc1b5ea252e72c7c16266"
"models/b2_640/fold1/experiment_metadata.json","1993","8a36ba44deb9a7d70f2a81488f14f65adbccf281f5910dd018d196b081670ad2"
"models/b2_640/fold1/weights/best.pt","6262948","fa043d99a73ec27a1c634eadead4b1cf288f1a4173612b412d5e383704f0243b"
"models/b2_640/fold2/args.yaml","1778","b3f87bdde7a50b3ab3f1eaf5d7afefbed7efe12cd9714821ce558754edada269"
"models/b2_640/fold2/experiment_metadata.json","1995","4d5415d907e52ef679fb20ee1375cbde49c3be8819d77953b52aa8f837df3c53"
"models/b2_640/fold2/weights/best.pt","6262948","df208b5cd4551a2fe43d997cb9c6d046b12358e87bc303647fa053ae00482163"
"models/b2_640/fold3/args.yaml","1778","3681bca5bb990aa3bed991c29b0d6e6ae6e867c49bc80130cb25f10492e7232a"
"models/b2_640/fold3/experiment_metadata.json","1995","ed25ea30fe650e2b886fa62433171a75f832b4e63855790a9930d4fc7f2fdeae"
"models/b2_640/fold3/weights/best.pt","6262948","aa86a3ce817f904ddd202dea9f2904d8a035726590baf4ed2d23054f825dbc3f"
"models/b2_640/fold4/args.yaml","1778","b4e79e9f583bcf55607e643ea9db09f17dec282f1dad491b490da9ef2f25809d"
"models/b2_640/fold4/experiment_metadata.json","1995","c9aee4b8fcd1b4e4a4c9bec44d5d764635037a75c920158efffad0cb6fa29e38"
"models/b2_640/fold4/weights/best.pt","6262948","09cc1aeb6745b9d983688be10ffcd895d2aae44cf7e7380b8d1011f9fffc56d8"
"models/b2_640/manifest.json","2085","62d96ca6dff88d4945d581f6be31a6512c7e2dc5afa73de57f346720667a84d4"
"models/stage2a/pretrained/yolov8n.pt","6549796","f59b3d833e2ff32e194b5bb8e08d211dc7c5bdf144b90d2c8412c47ccfc83b36"
"outputs/processed_data/stage2a/conservative/images/001_20200622_203305(8).png","98643","cc059b37ae626dafd897c6248e97a8b846f4eade370d0cff2c40c7251a5cec61"
"outputs/processed_data/stage2a/conservative/images/001_20200622_203309(1).png","94867","bf7be0f084cea32176e1df89ab4cfb2ea50001843953ac854cc9917066353b18"
"outputs/processed_data/stage2a/conservative/images/001_20200622_203312(6).png","95471","c7ebcd466e08258264faf19fe78353a474b85ba8dbb84977bc242e3c679b2a37"
"outputs/processed_data/stage2a/conservative/images/001_20200622_203316(0).png","94343","7f2c62f8834049017fef3238b7f57c776cfdd9ad0e0a02ae6bd3fba2b7a62459"
"outputs/processed_data/stage2a/conservative/images/001_20200622_203319(4).png","95058","95b623075fed9c88561a84e6957a597eba3cdf0c55086d7e12e6f4643262dbf1"
"outputs/processed_data/stage2a/conservative/images/001_20200622_203330(3).png","96354","500fa416c51e1726b319e2c29b44882e889fd6478283fb79072ba38476bcaa65"
"outputs/processed_data/stage2a/conservative/images/001_20200623_003516(8).png","94515","34efee56753b6c60de2f5dbfb71b3a1d4bc978933110f13cf808c0b207d4d3d9"
"outputs/processed_data/stage2a/conservative/images/001_20200623_003520(5).png","92318","ac4f7537702c5b1dad0b75c9f5969d3aac73e0a4bcf93661dd563ee390be74ee"
"outputs/processed_data/stage2a/conservative/images/001_20200623_003524(0).png","95463","0aa0f38127873691191b51d824ef9e8bc200a2724cbe3db0bd6e5e0c2b9562d6"
"outputs/processed_data/stage2a/conservative/images/001_20200623_003529(0).png","96533","becaddbea6f5d37cf81a51ba9ca938c1788091d4267f01836e94e3067f72fd68"
"outputs/processed_data/stage2a/conservative/images/001_20200623_003532(5).png","94388","c51ed6992d5a8c8820c6c73d9c4878343797d21e1eb8f39df127de16afce59d1"
"outputs/processed_data/stage2a/conservative/images/001_20200623_003536(0).png","96721","e3b7752106328a0bc7311db09f7fb5970a7eece16ab1bbc50e907c6c34b9f760"
"outputs/processed_data/stage2a/conservative/images/001_20200623_043227(1).png","93034","d938c1f860f6e966457a8e3bd6e2f9af6488e23b2bdcb7cd57d6173125f5bc47"
"outputs/processed_data/stage2a/conservative/images/001_20200623_043231(6).png","93027","f1b31a86fed98e0b9f9648b34e19315a038d03ef00e5e17024ea201adf6e6206"
"outputs/processed_data/stage2a/conservative/images/001_20200623_043236(1).png","93349","b432bc4752bca7a3f5e66973e150d6c42388e5b9ec318afa69c29de84cda1e47"
"outputs/processed_data/stage2a/conservative/images/001_20200623_043240(6).png","100153","14e374d3d092aefff7f5aaefea811a3e21615810cd8e85136763170d32440d44"
"outputs/processed_data/stage2a/conservative/images/001_20200623_043245(2).png","92832","8bcd68c045a279cc9638dbaa6dfa6478947927ae9dd4e3841b9d5fd5497ada8d"
"outputs/processed_data/stage2a/conservative/images/001_20200623_043249(6).png","92308","2b2d29b6ba9517c84fc87620c717e84610a81ba3d2a6a5ac0cf5e3e7b7762530"
"outputs/processed_data/stage2a/conservative/images/001_20200623_082407(9).png","91959","677ad667b71bacc0b0f63a9ab785fb32974d04e5d99483f56005c6e801244e04"
"outputs/processed_data/stage2a/conservative/images/001_20200623_082411(0).png","91885","9c3434ad0c52a24b39e8a18b15d98632149624c36c848e0bbc729bce9797ca7f"
"outputs/processed_data/stage2a/conservative/images/001_20200623_082414(1).png","96614","e048d8da55225a46b0662b8a1bcf127e1ed68761622acb7d9e76107bf0139d15"
"outputs/processed_data/stage2a/conservative/images/001_20200623_082416(7).png","91864","3f7808d3cc3f94b87c8861e7258c453f3a6fca626ccc6ef43fbda087683b1827"
"outputs/processed_data/stage2a/conservative/images/001_20200623_082419(6).png","91640","ea5f297f20dabecf5bc3f25a52d6d99c0e7bd6939ba4085d7f6792fcfa98a40e"
"outputs/processed_data/stage2a/conservative/images/001_20200623_082422(5).png","92052","9df191d5354123b62c39e3f2baa6a456008840cfccfcece30f74231c156bc28f"
"outputs/processed_data/stage2a/conservative/images/001_20200623_123214(3).png","98321","321e4ac0bbdb2d888d91f6b02d23ef36720f8df61b1c28e79cf95a8144e3c941"
"outputs/processed_data/stage2a/conservative/images/001_20200623_123223(3).png","91456","1e1ff3f61b739febe848a110cbf0568b8b36edd5e72a4bb007a3271aaa9e84fa"
"outputs/processed_data/stage2a/conservative/images/001_20200623_123232(3).png","93007","4a1f8e3488ede2fc5ea209b42c2fff699da3846732b635b83bf2e65bd6619378"
"outputs/processed_data/stage2a/conservative/images/001_20200623_123236(9).png","98809","40d57970cf2e6728f2c181144bc0dd106a4024fea539530780a4e2afbab500ab"
"outputs/processed_data/stage2a/conservative/images/001_20200623_123241(3).png","90768","ce5eb9bda7b30aeedd25154e7d2ab84c0ba95e5be42a21131b5611e6fe4b4a36"
"outputs/processed_data/stage2a/conservative/images/001_20200623_123245(8).png","91359","397f0d867dee99947ff55ce7c6a0f543df66641632d160af54d53460d3b56372"
"outputs/processed_data/stage2a/conservative/images/001_20200623_163159(5).png","91208","748922ce92e505d00739c52e13c706369b5fb1710650b501397a13684540a94b"
"outputs/processed_data/stage2a/conservative/images/001_20200623_163209(3).png","90948","346b5e1cff68cb4159ba8100f3f28802cf5ec592138d3c3f832bd84bd4883fc3"
"outputs/processed_data/stage2a/conservative/images/001_20200623_163212(9).png","91858","d5d122ba9b581b86b5588ee15c9d7fe699de0b2f1cd55cdfff652c0626bd1ffb"
"outputs/processed_data/stage2a/conservative/images/001_20200623_163216(2).png","89955","6565a97c69b9b781a75bc37691067d81815cef5c489d7dc3a9a0a94226947b9c"
"outputs/processed_data/stage2a/conservative/images/001_20200623_163219(5).png","90846","42c9b452a40dfe48c4f18e619e9394363cc2f1c0dfccc857f2d99e379bb898ce"
"outputs/processed_data/stage2a/conservative/images/001_20200623_163222(9).png","91174","beddd01a3bb0bdef8126b6cbb574c9bae86ede22cede2513a101563277c3020a"
"outputs/processed_data/stage2a/conservative/images/001_20200623_203217(4).png","88998","345594d0e9a81f7ba0300f07dcf677b543fd0b18db6fd1dd498baad8f58fa8be"
"outputs/processed_data/stage2a/conservative/images/001_20200623_203222(0).png","89856","c7aa677769834a4b8028061c1c79e2be0484d8b720caa336383ddc2eca708440"
"outputs/processed_data/stage2a/conservative/images/001_20200623_203226(3).png","89601","7ab2b2ffaceb19c05f29314e5a1e3bdd12070fa96d13d1fe3fd08c81580bcdd7"
"outputs/processed_data/stage2a/conservative/images/001_20200623_203230(9).png","94653","66f8c42a39ccf42eccb585dd11057aebdac29bc8bac29d377253887e239a9de5"
"outputs/processed_data/stage2a/conservative/images/001_20200623_203235(3).png","89823","16dc61b9a2f6c72cbde2f5fab8b421c9db68d02e7a5644cef265a979cd16043f"
"outputs/processed_data/stage2a/conservative/images/001_20200623_203247(5).png","88799","f88efb28a68ebd025fd8389ea50485bf77fe06111b4eced2a8bcdf7cc1208077"
"outputs/processed_data/stage2a/conservative/images/001_20200624_003240(4).png","89049","525b6e09cbf8078b6f97c6a0172c059a66328948ad9e1c64af0661dedf512cc7"
"outputs/processed_data/stage2a/conservative/images/001_20200624_003244(2).png","88473","1231c9f79a53566a30b4143ff600118df8878e1792de119e1202b3c3aa62f9e4"
"outputs/processed_data/stage2a/conservative/images/001_20200624_003247(7).png","88965","820b08f4834f9128bfa246ebc507ddcb43b6f2ad462408d6014cddbc24b40204"
"outputs/processed_data/stage2a/conservative/images/001_20200624_003251(1).png","92067","0a1edd0143d2ccb10c5aade49aec334c01a18043f7b6703d0054ea6f52831fd5"
"outputs/processed_data/stage2a/conservative/images/001_20200624_003254(3).png","88953","91b792829ad854d56ec7c3db0370176a40bc6d4041f89e3feeb070424a8b8a24"
"outputs/processed_data/stage2a/conservative/images/001_20200624_003303(5).png","95631","4f147cd1a075bf4530d6ed0a630b0fdb82c89705456955a4c775469f5fc707f9"
"outputs/processed_data/stage2a/conservative/images/001_20200624_043315(2).png","88067","ca532a1e339e2c465ca441445bb127051a0fab5183922402d829e38a6e968060"
"outputs/processed_data/stage2a/conservative/images/001_20200624_043324(2).png","92613","6e8711a03a2af145bf3e90022191ec0fe925d2d7275cbf0f3760c02536aaea8d"
"outputs/processed_data/stage2a/conservative/images/001_20200624_043328(7).png","88232","2b3b307de828232c79ebe7d47f5dca019430ef2af95b35cf3a701b0ff5141740"
"outputs/processed_data/stage2a/conservative/images/001_20200624_043333(2).png","88495","524ae6397ec6925171074102f4beb48788a960027cd9c7aba5aff3edf92fa1a6"
"outputs/processed_data/stage2a/conservative/images/001_20200624_043337(8).png","87937","22be108dfb017b2ae1d4d885aa1bd1f2105314e0625751a7c0bf148751c10a5c"
"outputs/processed_data/stage2a/conservative/images/001_20200624_043349(7).png","88123","85599e34fb7df7009b5b808ec6c9fd53f7c8ba5d976ebb59522300bf8269e5ff"
"outputs/processed_data/stage2a/conservative/images/001_20200624_083150(7).png","88377","88299e6ca4b6bd677f5e3c4bacb3d3167c86650e6cba408e5659980a24066ad9"
"outputs/processed_data/stage2a/conservative/images/001_20200624_083153(8).png","92517","18c2e59d83a9084aada9ae11f0713b671b0491e8324ab093054a15c447539943"
"outputs/processed_data/stage2a/conservative/images/001_20200624_083156(9).png","87426","3e9aa828c2d129617709c299d84cbeb6288307443a8d8f62f19b8240cc7f552f"
"outputs/processed_data/stage2a/conservative/images/001_20200624_083159(6).png","87975","ab552ae68ac777d8de5c00a3d819203490ef5f269fc2f9a546d96dcaa78ca417"
"outputs/processed_data/stage2a/conservative/images/001_20200624_083202(6).png","88832","90fab63ecbe33225cd3e356f999bcbe550e490f3099addf790baa436d27a3425"
"outputs/processed_data/stage2a/conservative/images/001_20200624_083205(7).png","87894","07091f4d07f5dfd8e06ad6073bfbaadc0a5e5a03b9d41b6eef8c9d649c2614f2"
"outputs/processed_data/stage2a/conservative/images/001_20200624_123313(4).png","87990","2f38b35df41ab7573a8b77e3156ad97318cf05b534f38db93e33e3c9f133110b"
"outputs/processed_data/stage2a/conservative/images/001_20200624_123317(8).png","88135","2a3953295457c45f9f279e6e1fdc9d86801501dc0f09f5fc1fcd4361d124907f"
"outputs/processed_data/stage2a/conservative/images/001_20200624_123322(3).png","93147","e12d5e5105609ee00d598ef9dd9f2ded856e1049942d8381d3d4b69c7800b670"
"outputs/processed_data/stage2a/conservative/images/001_20200624_123326(6).png","87899","5db07ee370f5d8522d95067ad3da01f1ea4e0f36c43a9489dba061cfc21ae006"
"outputs/processed_data/stage2a/conservative/images/001_20200624_123331(2).png","87748","c875e54ec858a40d2e56920d820f41e43805b50aa9a9dc74e3d0b51faab68ba4"
"outputs/processed_data/stage2a/conservative/images/001_20200624_123335(6).png","87966","59573527f4836d77f88e229f8630ec27e9eae413efaace1b871b86fe054511be"
"outputs/processed_data/stage2a/conservative/images/001_20200624_162816(3).png","88385","b2565f26ece700f9d76b423e60e9859e8622395e80444ae714348c498c4311f8"
"outputs/processed_data/stage2a/conservative/images/001_20200624_162821(2).png","87536","3f87eab0dcc8abfa5f385db252fc761f8ddd8db038e0481bfa45dbf8ae26e1b6"
"outputs/processed_data/stage2a/conservative/images/001_20200624_162831(2).png","87100","dc722b255af8c21df36dd8330872e737f60483aceb4949f9af743f9786041a5d"
"outputs/processed_data/stage2a/conservative/images/001_20200624_162835(8).png","87131","db427d48d6f9b0a49c752f4fe2eb0a26f58ee2f851a35b3355e269055af3dbd3"
"outputs/processed_data/stage2a/conservative/images/001_20200624_203149(7).png","85292","69f7d1853c10177878c6b67deee8b851258d782ea7a42d015e5c5eefb0d07ee7"
"outputs/processed_data/stage2a/conservative/images/001_20200624_203154(3).png","92786","13db1ee1c17f9f2dd3c248b98790bd6fcfcc6fc3954bff824a6cab426febd98b"
"outputs/processed_data/stage2a/conservative/images/001_20200624_203203(1).png","85762","96c3df98925d1a789da4ac1324f95232121a79365532d67101b5e186afa7719d"
"outputs/processed_data/stage2a/conservative/images/001_20200624_203207(8).png","86510","cb0074d38fce044852c53ab13fb8d594480391476044d339ffba1a25cfc479f3"
"outputs/processed_data/stage2a/conservative/images/001_20200624_203212(2).png","90243","255e014a8122b57267cf52309586d4cfd82912b71785cb1f90cfc1fe5fe78032"
"outputs/processed_data/stage2a/conservative/images/001_20200624_203225(8).png","86372","4f54b15a611a90b2a2c3eadccf5e92344b826c78124171f284035319655c0d19"
"outputs/processed_data/stage2a/conservative/images/001_20200625_003507(0).png","86640","14c25b7a20117657f916ffa50020c38c14f5cd9b8a0414d8b83fdc0256f3dfa8"
"outputs/processed_data/stage2a/conservative/images/001_20200625_003511(4).png","86438","6fb4056c39c297de8838fae79edccefaf5359c3527992bc2bdd2f1a529f6af86"
"outputs/processed_data/stage2a/conservative/images/001_20200625_003515(9).png","86399","b86d8eb64a6bc39410f0786ea2fc8998466f549f05843f64fd1584423fe24314"
"outputs/processed_data/stage2a/conservative/images/001_20200625_003520(4).png","89739","3f082e358bc71d16924c1143564add90b57852e677fbabb0aaa7f3df7c617e0e"
"outputs/processed_data/stage2a/conservative/images/001_20200625_003524(9).png","90972","fd7fce939724998533aa3879b2bd078842eaac9458b45629f8852fd515d2cd5c"
"outputs/processed_data/stage2a/conservative/images/001_20200625_003529(2).png","86415","7fb1687be387f69dd67a2505158a508edd93df1e7dd38467328297454799bb8c"
"outputs/processed_data/stage2a/conservative/images/001_20200625_043323(7).png","85583","d10d5d36f3e5bc2bd1484e73c0305957288db170c5470ef2fd1c3a10c86ba014"
"outputs/processed_data/stage2a/conservative/images/001_20200625_043328(3).png","85775","2f6ec4c41856dec9f748e871ba9986f43747060ea936538cad0afabf7aa8b4af"
"outputs/processed_data/stage2a/conservative/images/001_20200625_043337(3).png","92996","9cf611bd409bba0c0d1a73947cfc731267b8225bf06079a2c071fd2c1ee8f234"
"outputs/processed_data/stage2a/conservative/images/001_20200625_043341(7).png","86004","464e18450a21ef4d078c1d6c9a07117e38820db105c55c189955182cf1edcbb2"
"outputs/processed_data/stage2a/conservative/images/001_20200625_043346(2).png","85285","680daa7c136e3893e394fa4df13bb2856890295854928f657b473e375200f00b"
"outputs/processed_data/stage2a/conservative/images/001_20200625_043359(8).png","89085","86556bb4e80f6433780df560e3e15095edba6459ffa159c7bf686d44147ac219"
"outputs/processed_data/stage2a/conservative/images/001_20200629_082825(1).png","81634","2c8e7156297974ab4bc31715d01e5c991bdffd216d320ec1f498cbf6f2e9ade4"
"outputs/processed_data/stage2a/conservative/images/001_20200629_082828(0).png","79518","9f909bebcaa76f69bdf13d565bb7976b1388a0a44d6f3b8f3dc38c6b2a2d86e4"
"outputs/processed_data/stage2a/conservative/images/001_20200629_082831(0).png","80758","b6ee3ea0cf960a7db9d75a68e27089b0a00b12e19e2547604d62b881188756e0"
"outputs/processed_data/stage2a/conservative/images/001_20200629_082834(2).png","81692","382b0b41ffe0dd7610d20ddc65b7e25f2266eca6a8d2492fcab1c5e7896260bf"
"outputs/processed_data/stage2a/conservative/images/001_20200629_082837(2).png","86950","6fac68a5eab6d75e869ca079a700a1550b58dad2bcd1f822b92e73775e09f0bf"
"outputs/processed_data/stage2a/conservative/images/001_20200629_082840(2).png","80529","8c7a88e5924907d2299a3b3f1e6ea176ef0e2e4ac9d38b551e74d0b24adda9e1"
"outputs/processed_data/stage2a/conservative/images/001_20200629_082905(4).png","81904","a21bde344a9b354da9f4a1674f1bf0807734187a7f0471e07f027565d81c1a7c"
"outputs/processed_data/stage2a/conservative/images/001_20200629_123107(1).png","104258","907de84d1a60f5a4d8a4089677d3733b6cd57850757d16692e2133627b1fbc46"
"outputs/processed_data/stage2a/conservative/images/001_20200629_123111(6).png","104264","0a478a159ccf40266c50a41e28b1bbecb6016c78c5e673378b8e89e66ac59d2c"
"outputs/processed_data/stage2a/conservative/images/001_20200629_123116(1).png","103742","74a21c7df6b29c8137abfbcc33abb7464f7f1be084cc5364bfd6dff53ad26a74"
"outputs/processed_data/stage2a/conservative/images/001_20200629_123120(6).png","110358","e2a3213266af849ee57329045c3e104579ca0340979dfbc2d1c1e7b3d840370e"
"outputs/processed_data/stage2a/conservative/images/001_20200629_123125(2).png","103679","f064ad4d12503eff1079971b2b4c3c99c91991157500a7fe2d42ab89f13826e7"
"outputs/processed_data/stage2a/conservative/images/001_20200727_204954(7).png","82264","5a9e6d0d335f474dfc0891dc587f5a176697987e73dc940eda921aa975f3c2d2"
"outputs/processed_data/stage2a/conservative/images/001_20200727_204958(2).png","82070","c21565b514bbd7516c7927a2b40a8bdf12b20027f57636b8b3e99aa4940dd67c"
"outputs/processed_data/stage2a/conservative/images/001_20200728_014351(3).png","82668","f785e311139a061ffa72202f2bd24cfb1b9833b72cf08b2dad8fbcd32fc9f5c2"
"outputs/processed_data/stage2a/conservative/images/001_20200728_014355(2).png","81551","e62c326f4aa6a976238fdcd6f989bd6a4e49316f9e14240040e8e8b3baed6b0e"
"outputs/processed_data/stage2a/conservative/images/001_20200728_043138(3).png","83629","87d452ff554d29e455f3f9ef8d481bc9602a6c53b420159d535757f37853921b"
"outputs/processed_data/stage2a/conservative/images/001_20200728_043141(5).png","81847","4e5a965c6d5137f4c6ebc3aa26deef5b89e79f364b9f6f7b4d214a4b0b9c5ab7"
"outputs/processed_data/stage2a/conservative/images/001_20200728_083108(2).png","83123","133165d59948b29428be8e7ed56b137ab1a9213931974aa3bc604ef5fcb58e73"
"outputs/processed_data/stage2a/conservative/images/001_20200728_083116(1).png","81659","07623c38a72bb42efd67e3c2cd695f9ebe4a510e5b843d2ef0c1790fc61807a7"
"outputs/processed_data/stage2a/conservative/images/001_20200728_123129(2).png","78586","77fc3f733eefff27082be21e3f44826cc396e00df1ae3fa67ddd8701598fe2ce"
"outputs/processed_data/stage2a/conservative/images/001_20200728_123132(4).png","78782","032183d7827c1262d1de5467992d939703e32801a70af56ed2b7e61666938801"
"outputs/processed_data/stage2a/conservative/images/001_20200728_163910(5).png","79376","96f2a9582e819effe09fc45012516f51c90bf12a12c416941fc6ec1b9c766362"
"outputs/processed_data/stage2a/conservative/images/001_20200728_163913(6).png","78613","10f476b65e5661354c29ca6417fce751badf3a2a867667629bd082bcf65268b7"
"outputs/processed_data/stage2a/conservative/images/001_20200810_085043(8).png","98053","aabf01f87cb0d86c5b7e738d43bc4eb5b22bf843ac7e2c419ea1478e85403305"
"outputs/processed_data/stage2a/conservative/images/001_20200810_123047(8).png","94936","5514718bb4525404a76ef4d7612ccaa3fbf7603e498141a396c74e2952021628"
"outputs/processed_data/stage2a/conservative/images/001_20200810_123051(3).png","99492","f9d00d8af472d345088e6a4e58acaeaba4d19bc4ac30d8b779999e72f7a3cdc3"
"outputs/processed_data/stage2a/conservative/images/001_20200810_163112(8).png","89170","4882778a53d12f5b8a7a5ccb7b5e420c310aaf7f0623b700335d650a893c75db"
"outputs/processed_data/stage2a/conservative/images/001_20200810_163116(0).png","87437","33b9e0af8d0f1d136a5187ee140e2cd9aec6b9350570f9956b250c3300236fa6"
"outputs/processed_data/stage2a/conservative/images/001_20200810_203208(7).png","87617","f39d4cdf387f28f85a7af80382c4a71bc026bf14243f343bef8afa76de4bd934"
"outputs/processed_data/stage2a/conservative/images/001_20200810_203212(6).png","83615","0a70ab49134d04cb0ecd743b130d96ef6aaf76718b831f49a721360c508fdebb"
"outputs/processed_data/stage2a/conservative/images/001_20200811_003323(2).png","75565","399971fd53aab32bc0478c4fb2fd9ea5e1ab2cfe986fe92261cc7fb57e9ffb9b"
"outputs/processed_data/stage2a/conservative/images/001_20200811_003327(0).png","79697","da302e2966f8e8bee802245c6c210fddf8840e8d8871cad2aafc53380de28363"
"outputs/processed_data/stage2a/conservative/images/001_20200811_043037(3).png","73346","0cb958544f5a643e6c5fcc123066db1f33e91b3fb4bf3256fb3c8aed1df536d2"
"outputs/processed_data/stage2a/conservative/images/001_20200811_043041(6).png","78461","3eaa4102a85a6a25446918aa7c0af9f3d715a8a29412dad951c69c60192c23ff"
"outputs/processed_data/stage2a/conservative/images/001_20200814_033012(7).png","89705","4e01c503e37833c6de8dce0ea207bc513d72f60aa32275c835d771cd041e1454"
"outputs/processed_data/stage2a/conservative/images/001_20200814_033016(6).png","91150","14773177bcb146702436b655af76be1d75d211244f3c9481c11ea336258f9b7d"
"outputs/processed_data/stage2a/conservative/images/001_20200814_043321(6).png","94716","3cda0452f787bcee703e381a9da2cf3a5e3f101c9a111a5af9a5bd7223751ea5"
"outputs/processed_data/stage2a/conservative/images/001_20200814_083045(8).png","87388","d23c7261b117c68480fb7161390fee9e557b9c87e4ae3194c85516e150257c68"
"outputs/processed_data/stage2a/conservative/images/001_20200814_083051(9).png","87416","c2d7245b8e686921c8a7dea54c86fd7570357348b75413e6bb8c74a4de6f28b4"
"outputs/processed_data/stage2a/conservative/images/001_20200814_123136(2).png","89693","5824d7c5962d66c03da3442895ccb9d373e697d5bd47adcea037137e09a0ca3b"
"outputs/processed_data/stage2a/conservative/images/001_20200814_123143(5).png","86043","500ef52a8d4fb6a41379e628713d151e53262e0ea854dbb10a8038dc307073a6"
"outputs/processed_data/stage2a/conservative/images/001_20200814_163101(7).png","79106","317e0b3095ecaa2e628019c89b818202038a2c51746e69a82a7f9fb30e1f92cf"
"outputs/processed_data/stage2a/conservative/images/001_20200814_163105(1).png","73503","32baf42f901124bada3a1d65686f6a8b6ca006b546ba74f6eabcd54aceb1db32"
"outputs/processed_data/stage2a/conservative/images/001_20200814_203438(9).png","71598","9b5e711000be692d638831720f5d93e8b42699da271dece338a380ccdd32e197"
"outputs/processed_data/stage2a/conservative/images/001_20200814_203442(4).png","78746","1d3c0481175650363957c9169c67ff65b9b60171cd10364c1b0ad42af7d8aa74"
"outputs/processed_data/stage2a/conservative/images/001_20200815_003438(6).png","80431","5c2f0b661b889f386c18930ee228ba3e9d1d128e2f27dbca41d79c197bd4f3d9"
"outputs/processed_data/stage2a/conservative/images/001_20200815_003529(0).png","76419","670b887f0b74e76bade3276f22133b2ae4896c3d1f59104d1219f5007c682af3"
"outputs/processed_data/stage2a/conservative/images/001_20200818_083145(2).png","85550","bdf0b8efdf26cae34821a8f7623241de0ff325f30adb04d0cccd4eab9b222d00"
"outputs/processed_data/stage2a/conservative/images/001_20200818_083159(7).png","85910","48bc79a8b89bdb0ae3577ea054a7482a049d68e4ed1079a525dd6f95b880cf36"
"outputs/processed_data/stage2a/conservative/images/001_20200818_123634(4).png","92833","3e05aba437c61a030bd204e9dd72512a64fdb2a3a90ed3927a65269aa1dd411d"
"outputs/processed_data/stage2a/conservative/images/001_20200818_163230(6).png","86491","69bb8588605620ed963255f126d80c12b0337df4ab2e9d1aadc29a9d14b5e7a3"
"outputs/processed_data/stage2a/conservative/images/001_20200818_163233(9).png","87529","8df4916de60ff4404135876c818b1a636f3c6baefda2a622aae293162ab7a196"
"outputs/processed_data/stage2a/conservative/images/001_20200818_203601(4).png","83375","d48f5dc5e73acf7ac782ef35cbfc483a8ab75d0503f7dc07b4646a31e03bf9ef"
"outputs/processed_data/stage2a/conservative/images/001_20200818_203607(4).png","83712","f0a5cbab70b62225a03008ef202c7c86a680b19948ef4810ce65a53fa978e83a"
"outputs/processed_data/stage2a/conservative/images/001_20200819_003039(4).png","78450","c7393f127658bdce0867de9919f33d4be884b5c139b26a52fcea98c2a448fc71"
"outputs/processed_data/stage2a/conservative/images/001_20200819_003044(1).png","77290","7d431c6da4628eafb0f9e3334546a1b0730216fc170cf89e2891166fe0243dd1"
"outputs/processed_data/stage2a/conservative/images/001_20200819_043209(9).png","76172","329425e94ddf53a952395eff7c6bf86da2ea664087dceb6c7ee396fc482f69b0"
"outputs/processed_data/stage2a/conservative/images/001_20200819_043216(0).png","83928","8d0e0cc5d597bbdc3c1326b1b449ed0ad5c22edea24076a25d5ad5cc8fab3f14"
"outputs/processed_data/stage2a/conservative/images/001_20200819_083353(5).png","79872","1d97ac5d8a919632189b624250740ed03f4473635dc6ae1bbfcea1d47bcc5a1f"
"outputs/processed_data/stage2a/conservative/images/001_20200819_083401(0).png","73218","ba067b986ece40b18a930cf97e171bb0cf54dcf4c9fdd40f11cbeced65529636"
"outputs/processed_data/stage2a/conservative/images/001_20200819_124414(0).png","70464","3089fe1d7af48aaad6ff5223776b69855bdd58fe754ad8619e4ef1e31b28f691"
"outputs/processed_data/stage2a/conservative/images/001_20200819_124415(9).png","74266","4022e02bad2e47eafcd2185c396599ca1ccda82b8d8a0234d098945dd7b103f3"
"outputs/processed_data/stage2a/conservative/images/001_20200819_162723(4).png","76108","aa190ddc8f529e79eec51317ee9d12e914d6ceaeaf9adce234f6c30a65291e02"
"outputs/processed_data/stage2a/conservative/images/001_20200821_150525(5).png","108473","f675454f1b3335e424fdf1538ba2ac564a92bb65c978218de4c8dfdcb08ccab6"
"outputs/processed_data/stage2a/conservative/images/001_20200821_150529(4).png","105113","b276155d0add7c76c3b8cbe4d18416aef09007200dd8bbb3efd312f298479494"
"outputs/processed_data/stage2a/conservative/images/001_20200821_163349(7).png","104572","d912585820aeaffa958acbebee674160a40124b5d7e1ba53fad3fcb9bba79537"
"outputs/processed_data/stage2a/conservative/images/001_20200821_163353(8).png","104080","45a23ceff2a34947da149e78b1ba14b577ee8faa586ae0f524325b6995a7aefc"
"outputs/processed_data/stage2a/conservative/images/001_20200826_023328(3).png","81465","34d7462a2859c56e3995f25d2f0acaef89f46b222fbb89a28bdc2a36971f086b"
"outputs/processed_data/stage2a/conservative/images/001_20200826_023332(5).png","80240","d3d7e42d3123dfb4b512cfbe5d4ab4152f3f8271b47f83e5cd9b5a363b037b9c"
"outputs/processed_data/stage2a/conservative/images/001_20200826_043252(8).png","92307","d41e78b38abc4e95ba9077b8a04f39663d28a60663a2ba3c7a03c54e1bebd3f7"
"outputs/processed_data/stage2a/conservative/images/001_20200826_043255(8).png","96599","22f1c352e3ddfa92213699cf8c2a51456c64e68466d7f2177c41d0716de34ffe"
"outputs/processed_data/stage2a/conservative/images/001_20200826_123711(3).png","81701","c0163200a9ceb553828a59fe4f5cee8753f37abc0bd833d30b06f42ef4f2eb78"
"outputs/processed_data/stage2a/conservative/images/001_20200826_123714(5).png","83522","8a3a5e1e0198d04c919991909236fccb6ba0ed6559943b07690c8873db076fe8"
"outputs/processed_data/stage2a/conservative/images/001_20200831_083711(6).png","71320","0b1e5c8f752037db31ba4f2c3c3aa5ced6ac59c04cf7b708ed958f47fff339b3"
"outputs/processed_data/stage2a/conservative/images/001_20200831_083714(8).png","73208","c57984c36b9dba3b8dad6d8e78a1672346c84ba5c8cb9e71d561d8869aeb6318"
"outputs/processed_data/stage2a/conservative/images/001_20200831_123316(5).png","77221","a41e83b44a5d33218258e15b306f9f9def1808f5512d40f82a13cd57fad2cf16"
"outputs/processed_data/stage2a/conservative/images/001_20200922_163332(2).png","82059","ab4a798b62be91f082415bcb67048f098622d3769db56e18fbeb9e7bf5535580"
"outputs/processed_data/stage2a/conservative/images/001_20200922_163335(3).png","82824","63b9daaf09d23ee43662e7ccd043c76e413905d538b23c7f67f92b80efd99bdb"
"outputs/processed_data/stage2a/conservative/images/002_20200622_203053(2).png","17920","eade55f9f51bcdc49a92b64095d97e34c2919300a980d09efd4c65fbbaf099c4"
"outputs/processed_data/stage2a/conservative/images/002_20200622_203057(3).png","18651","ceb772188a005a71841739e8eacdef8ac5217ce9733712e182e66cc4f72c1439"
"outputs/processed_data/stage2a/conservative/images/002_20200622_203101(3).png","18036","a6d9b3ceb6b89ef6e37d4536449ab4d0a460cbd95957069d2b56982f3c68b67e"
"outputs/processed_data/stage2a/conservative/images/002_20200622_203105(4).png","18044","39f581e062f3a16001d11a3152469eaaf9c1ea2ed4e21f32d91cd103cbce59b0"
"outputs/processed_data/stage2a/conservative/images/002_20200622_203109(3).png","18328","ccbb73a6a2c8ca6228bd0f6ef84700655a14ea1057a2495c6084259f1e170426"
"outputs/processed_data/stage2a/conservative/images/002_20200622_203121(4).png","17795","464eb8f088c62cacc55f9baf9ed7b0f9f6144c97cef715baf9ad15de0e5072aa"
"outputs/processed_data/stage2a/conservative/images/002_20200622_203136(3).png","36915","fbde8a06cc682d3cb7b2c91b3d07ad93bf7d3ca5c2fe3e971ce709c559df6946"
"outputs/processed_data/stage2a/conservative/images/002_20200622_203140(8).png","36215","0a1b3689901114b1f39d98c0e92157b505c997ec524876deb956e63776468f2b"
"outputs/processed_data/stage2a/conservative/images/002_20200622_203145(3).png","36848","c80b2481606d9b9e508569bace65dc6e5bf764cf428a644ff1c0d183452a2c5a"
"outputs/processed_data/stage2a/conservative/images/002_20200622_203149(8).png","37024","dd3e50ee184a30dc05246e83064cac5775dd483286636286093bcff4a6e05aec"
"outputs/processed_data/stage2a/conservative/images/002_20200622_203154(3).png","35904","c5db3796decfdf13b8a429f59f395d51202da3cf8dd6e9df7479a19e92fe1ca7"
"outputs/processed_data/stage2a/conservative/images/002_20200622_203158(8).png","37291","17ff581e7c31d291f0de7ae9243026736903221ac52cdd955f26ee0e107afdf0"
"outputs/processed_data/stage2a/conservative/images/002_20200623_003346(4).png","17786","7851ee252f00685ec773d5256a8862e10969b52546210ce53c578431e1a854dc"
"outputs/processed_data/stage2a/conservative/images/002_20200623_003350(4).png","17422","2eb9b933e691e0739eb41d9e97073d39044dde04d3dcb917ce0e6954576f5096"
"outputs/processed_data/stage2a/conservative/images/002_20200623_003351(2).png","34286","e790a86a1c253e50c4f489f6baad47a52b3e3f5965d16dd9e8a7e9d474f54b3f"
"outputs/processed_data/stage2a/conservative/images/002_20200623_003354(3).png","18278","9be47b63116e4ca5854cd1719c7fcdc521b3968446d5c259466dd0e727f7bf5f"
"outputs/processed_data/stage2a/conservative/images/002_20200623_003355(7).png","33337","bf57938eb278d87b332e3a028541ac275df5b35a18a9106fcffdd3ffb171646f"
"outputs/processed_data/stage2a/conservative/images/002_20200623_003358(2).png","17806","22c8a07bace7118a32b36745fe210cb5094ef5be0a64891d6eaebbf5f3a67085"
"outputs/processed_data/stage2a/conservative/images/002_20200623_003400(2).png","34688","d722b6c351986a1f7d5cebfed773a34ea426f5561da18e5d257a831d16910ede"
"outputs/processed_data/stage2a/conservative/images/002_20200623_003402(2).png","17990","7ebab472d5242953ab9d945b09dc91930112ee79e4348a8d366f608624e78d58"
"outputs/processed_data/stage2a/conservative/images/002_20200623_003404(7).png","34274","c81d191634d01350bd3aa152b050d03129ef1ed8c970246df955dca8605cd8aa"
"outputs/processed_data/stage2a/conservative/images/002_20200623_003409(2).png","33624","1ad1071d76e4f578f6d0a5c898a7d1dfd8e031129e8945f8ccee61f2c608a253"
"outputs/processed_data/stage2a/conservative/images/002_20200623_003410(2).png","18676","cf8b9eec7ec3dc3aa9d6c5fbbc5bb50e4a321b91ba259e498d2a5c434115ea2c"
"outputs/processed_data/stage2a/conservative/images/002_20200623_003413(7).png","34596","8cb6a147bc5cb46df872587751bad459e8e74ca8f0e3e60af7823648aacbd18b"
"outputs/processed_data/stage2a/conservative/images/002_20200623_043039(3).png","18520","f61f2325cdfaaef949221ca4c04550d6cf7bf4b4c8aa780dcbf03639a61727ba"
"outputs/processed_data/stage2a/conservative/images/002_20200623_043043(2).png","17400","7f81e304b376960599b19a2868bbe011be91fe4993d0d4f00906feddb3a5954d"
"outputs/processed_data/stage2a/conservative/images/002_20200623_043047(2).png","17248","e7315e0c8ef1bd4fc2a2c4a1c6773220b1310c7c4d346f26293f421f02a00234"
"outputs/processed_data/stage2a/conservative/images/002_20200623_043051(3).png","17411","2c9ee2b1d983cb809293686bcd1e47480ad8abbf505076001a843852acb5faa2"
"outputs/processed_data/stage2a/conservative/images/002_20200623_043055(3).png","17821","f5bd73d36787906caca627e2c1f4714d6387ab854df7d62ae04bd6ff9e9b53cd"
"outputs/processed_data/stage2a/conservative/images/002_20200623_043056(0).png","33922","e2bc9f8b5ca7a2cc5b4c6aa453e5978c5912382b5046e067084203ac94eaf685"
"outputs/processed_data/stage2a/conservative/images/002_20200623_043059(4).png","17734","cb62554c231f167fa4f51f060819a132f83d54531d983b1a482737ebbc2ce0d0"
"outputs/processed_data/stage2a/conservative/images/002_20200623_043100(6).png","33639","750d18f203401d77bda6f1656e8fc427bf88d0693866577f27d092764c50598f"
"outputs/processed_data/stage2a/conservative/images/002_20200623_043105(0).png","33511","b927cecc830b2b6629d6dd2d41e2f943ba0ca9f8a2883fa2e5010016e484de29"
"outputs/processed_data/stage2a/conservative/images/002_20200623_043109(4).png","33907","05a6e2522ba7ff12528e06307943acab09d73505cb5f2d1adf617da451631e7a"
"outputs/processed_data/stage2a/conservative/images/002_20200623_043115(4).png","33302","4ecf8ccc7481d12b8e86d1b467a96addf71c982d58ac1242a014e95a5fbb9005"
"outputs/processed_data/stage2a/conservative/images/002_20200623_043120(0).png","34208","37b86027e93fa47a04f96cb8b1ba2094f32b8eea4a207e3687ba124be8cbf282"
"outputs/processed_data/stage2a/conservative/images/002_20200623_082249(3).png","33151","a8b8da2d022afd296f00e096ec8305ce2efe4b9b5be9301c85890db28c28a691"
"outputs/processed_data/stage2a/conservative/images/002_20200623_082253(8).png","33285","269eeb7c754ee3fb823d51c2dc814eb7060991d05fa42d79ff3d77efbcf5beb0"
"outputs/processed_data/stage2a/conservative/images/002_20200623_082258(4).png","32617","4ae06c11cc1df816da3d23ebe35c3343aac10db507391639aabe9f13fc6fe405"
"outputs/processed_data/stage2a/conservative/images/002_20200623_082258(6).png","19059","8a0b48ea8e8a4ffe95960fca508e47e54851da162fdde883d1eacaaffda6a97d"
"outputs/processed_data/stage2a/conservative/images/002_20200623_082302(6).png","18524","9baf0f9123e72ac2bb150a6a79efe27aca43c25a1a0788001b0f3e88daae6c01"
"outputs/processed_data/stage2a/conservative/images/002_20200623_082302(7).png","34484","9e59a3172411af3415af11b575032836bc4c945498d531d25771b917cd463f1e"
"outputs/processed_data/stage2a/conservative/images/002_20200623_082306(5).png","17744","43346c0c777c7f7f52279e896d95acb1092d66154aaf661b379cfeefd47b613a"
"outputs/processed_data/stage2a/conservative/images/002_20200623_082307(2).png","33017","3f46115f66683f53b42be4b087e16c0e9494497031ca21c51b23971cc781612f"
"outputs/processed_data/stage2a/conservative/images/002_20200623_082310(6).png","18491","9c063dbc86fd6736f8479091a57ca4e4d943e5923fd60cb26f65b763aac9087b"
"outputs/processed_data/stage2a/conservative/images/002_20200623_082311(8).png","32845","32050237fc9f647b1e599a25e2922c9e75428c4f869265d733376584e78637a5"
"outputs/processed_data/stage2a/conservative/images/002_20200623_082314(4).png","17713","5539629d9a72a6747720e4f3fdfb76af528e5c098a49449ba2a163029517df20"
"outputs/processed_data/stage2a/conservative/images/002_20200623_082318(5).png","18718","5cddddb7b456963495fa704df1d8f656ee65cfae90bc62b6daf157b8fafb4547"
"outputs/processed_data/stage2a/conservative/images/002_20200623_123032(7).png","18062","cc93746365be55622182bb4c9666177a16e317ae1be6361c0acb09ec23ea8866"
"outputs/processed_data/stage2a/conservative/images/002_20200623_123036(5).png","18374","9bebbb555c3d12cc5a84499d7c673045f57a7b6aa12608df5ed17c0e99bb1859"
"outputs/processed_data/stage2a/conservative/images/002_20200623_123040(5).png","18169","f76f60f7737c3e708a1b93a14c8ff8c1461aed5f11677cd5126766515ad25532"
"outputs/processed_data/stage2a/conservative/images/002_20200623_123042(0).png","32347","dddc4e062d7038f07ffed15ee1f8bad37deab4ad1bb6a40b792088b651c11925"
"outputs/processed_data/stage2a/conservative/images/002_20200623_123044(3).png","18040","d697403911fec04435242ba58b93dfc8c141e9ca2fc8b4cce8cc61fb77b5b3b2"
"outputs/processed_data/stage2a/conservative/images/002_20200623_123046(4).png","32932","30203905578242e86b0fe5dfa38c9161b56fdb854d5128a94c3c551fe97021d1"
"outputs/processed_data/stage2a/conservative/images/002_20200623_123048(4).png","17944","002a1788f120240d7cb71ea886e3b046bf104c806104ec078241661fb0fda9e9"
"outputs/processed_data/stage2a/conservative/images/002_20200623_123051(1).png","32287","9f4f614cf924f33f63f647986a387aad90ad562709a81e283e9dc9ae1bec8cf7"
"outputs/processed_data/stage2a/conservative/images/002_20200623_123052(5).png","17724","c4c8b873eca18de7b178a06cc8cad1fe3308fa8e5ce15c820dcaaa0098a443b9"
"outputs/processed_data/stage2a/conservative/images/002_20200623_123055(5).png","31766","ce5490becaf651d1693b009bed9c6d28aa4d0782b279babab83e16b817597c3f"
"outputs/processed_data/stage2a/conservative/images/002_20200623_123100(0).png","32491","e2b2efef75864ba1ca3d39e81bd101b7bc6a02d0b7e218fb55666003a32b9c12"
"outputs/processed_data/stage2a/conservative/images/002_20200623_123104(5).png","32765","e2cbd85b1d2a872b633b358fd93452341058e40609937c13bff9114e1cc2dd2c"
"outputs/processed_data/stage2a/conservative/images/002_20200623_163020(3).png","31563","5945c8516cc2d6ed9751426e3c94f8f4a973f868690ebaf96eb77154a3e477c8"
"outputs/processed_data/stage2a/conservative/images/002_20200623_163023(3).png","33373","8260a6696520e3592e85cbd83035b6ff64dac216f46748bb259d330fa9876e5b"
"outputs/processed_data/stage2a/conservative/images/002_20200623_163026(3).png","31086","88c456d5661abdb54df8b1259025f68d1565cb1d1aed0618d6b965770382e952"
"outputs/processed_data/stage2a/conservative/images/002_20200623_163029(6).png","32535","08ee4418002e01200e46c93411d60ef0c079f8e7efd034ace12994351f11a000"
"outputs/processed_data/stage2a/conservative/images/002_20200623_163032(5).png","31937","000c1112be2dfd1a22f8cc52646fdde26165a398ac5fb139616ac0b92a9598b7"
"outputs/processed_data/stage2a/conservative/images/002_20200623_163035(5).png","32277","db78d813f23d4d1e61f4c76604fb808834eeb0db1e2863ba9e8b9dd5996b53d5"
"outputs/processed_data/stage2a/conservative/images/002_20200623_163039(5).png","17940","bca6f8a57a25a590b43fc9da7d0f9dadc6decf99753af22e3956f84bd058bdba"
"outputs/processed_data/stage2a/conservative/images/002_20200623_163043(7).png","18101","274cef1385a0486328fbb82633b2bbb4c62337bd791fcb8fc6350cc7e4338289"
"outputs/processed_data/stage2a/conservative/images/002_20200623_163047(6).png","18383","7643bad569757596bec39e634780c610e3f40795315fbc7aeed45efccde85d06"
"outputs/processed_data/stage2a/conservative/images/002_20200623_163051(7).png","19320","92aecf3e258fbd389aae3b76aaab723f9aa5bb2f58b8abe8877d03f23f125492"
"outputs/processed_data/stage2a/conservative/images/002_20200623_163055(6).png","18163","117f4ff6ac545d099d45b75808dbeca8355d466a91df026ce99b2a75afea401e"
"outputs/processed_data/stage2a/conservative/images/002_20200623_163059(6).png","18301","74a8135e9c9972d5766a34f15f70aa452033e3837c80877bab1a22743db92761"
"outputs/processed_data/stage2a/conservative/images/002_20200623_203033(6).png","30278","587c21866704c33ecbb425398a12d3278902bfbd5283e35687eae2ae823ef18a"
"outputs/processed_data/stage2a/conservative/images/002_20200623_203038(0).png","30358","5318677bc70b7360bfb18937a72a49d255e10dc899d6c1a32b1bed49bcaeee4c"
"outputs/processed_data/stage2a/conservative/images/002_20200623_203040(4).png","18262","127757a8c34a699738ad473c9eb702e9908b8e084229d4df5c4ab342c9533c58"
"outputs/processed_data/stage2a/conservative/images/002_20200623_203042(5).png","30096","f5d72a30610c022595ccf43826d87b404842c6db2560b4a1f5995fbd6a4293ac"
"outputs/processed_data/stage2a/conservative/images/002_20200623_203044(0).png","17419","d0681419a533e25ac417acb41966ce333513d9367320caa31df8ad4ee3938c5a"
"outputs/processed_data/stage2a/conservative/images/002_20200623_203047(0).png","30075","e5439c76257b58e7701d4ea64ed57f58b31cfdcdcec32ddc9a875c14e6c3fdc9"
"outputs/processed_data/stage2a/conservative/images/002_20200623_203047(7).png","18689","8afa91251afa4691107a40a049a1250313cde42235bc3a9377b457d765d16946"
"outputs/processed_data/stage2a/conservative/images/002_20200623_203050(0).png","31281","041802cb1e28e4ce2ea523ff63240095cb10567fdf8c551908ccf1473124c0e0"
"outputs/processed_data/stage2a/conservative/images/002_20200623_203051(2).png","17917","5f5cbaccfc2e73d19ff6cabbb9d199e69d23c9a7966f90acb82700ef733f65c3"
"outputs/processed_data/stage2a/conservative/images/002_20200623_203054(6).png","29880","5065804efbd48e61dbbe491caa7d2a5aa0515a659d8381362a0d80901cfc20b2"
"outputs/processed_data/stage2a/conservative/images/002_20200623_203054(7).png","18907","94af3f3fd554c14c8b46fb29f14d53eaaaa220e2c05e4c957c3a707dd678832b"
"outputs/processed_data/stage2a/conservative/images/002_20200623_203058(3).png","18447","cbbc6932b04dab022761d983146165712a9bc4ba084b8c116073c9a8cb925a0e"
"outputs/processed_data/stage2a/conservative/images/002_20200624_003107(0).png","17949","1c35e172b12d80b9b751335563b3b891d02febb3984c7fdf63fb974542aee08d"
"outputs/processed_data/stage2a/conservative/images/002_20200624_003111(0).png","18246","848dbc0335f3ef58717156d539d59a12a213c6d5ff1660c16a34f44445e1ec7c"
"outputs/processed_data/stage2a/conservative/images/002_20200624_003115(1).png","17242","892d6083608f60c717199110b8428110c5893596084256a5df85fbd40575ca55"
"outputs/processed_data/stage2a/conservative/images/002_20200624_003115(6).png","29759","e6c86f551cf7fdddc6ff78686fd4d530b0733f7f18cb73b0cb713c2ff5307307"
"outputs/processed_data/stage2a/conservative/images/002_20200624_003118(6).png","30181","1dcbc7bd86598889c3d2afe61b600348891bcc6068cf2d9b8823065101a7de67"
"outputs/processed_data/stage2a/conservative/images/002_20200624_003119(1).png","18372","27fff6d632fd3a79dde5e27c380185f090f391c73cea1a686aad090046d3bb12"
"outputs/processed_data/stage2a/conservative/images/002_20200624_003123(0).png","30068","0662e1a4781b0731d7ba5dc429136d9f63ae7a2b409fceaa60449360e59929de"
"outputs/processed_data/stage2a/conservative/images/002_20200624_003123(1).png","18248","964f90222f1fe17ca0c75cd39ef1f2e7cc07bfa7386bd24828c06963dac2f29f"
"outputs/processed_data/stage2a/conservative/images/002_20200624_003127(0).png","17532","efd8d5638ca86bfc0b1d70edc3784e5f3dc41c7ab1b9859235f2ab0340c06e37"
"outputs/processed_data/stage2a/conservative/images/002_20200624_003127(5).png","29209","8c922b4a11f8ac2f89ae7928015b40d4a7e675bd5c064482757259cc5bb1ba7e"
"outputs/processed_data/stage2a/conservative/images/002_20200624_003132(0).png","29896","de15b8d52aff970d7d7f793f33220f46c91d69cf13035d3f5b53353b1f49d808"
"outputs/processed_data/stage2a/conservative/images/002_20200624_003136(5).png","29643","71410c1bee177a4cb5af45fadd2ee97af552e9d71470745e9297a5a129834934"
"outputs/processed_data/stage2a/conservative/images/002_20200624_043128(1).png","18393","09acf9c3e32517a4917efdda63fd0db0057484791e4732000664097b53cc7679"
"outputs/processed_data/stage2a/conservative/images/002_20200624_043132(2).png","17492","fa88ff5e9fbd62c369146131ac6aba824629d3dbee2405fdfbba723803931aa1"
"outputs/processed_data/stage2a/conservative/images/002_20200624_043136(1).png","17590","601da492000b8ca9dc61e7a5d00ba5b973602128d63c13d9bd479821c8adb007"
"outputs/processed_data/stage2a/conservative/images/002_20200624_043136(9).png","29034","4018aae388874f9086c693a8dd13790752a2939a6b95c8f66a3a0b3970c26383"
"outputs/processed_data/stage2a/conservative/images/002_20200624_043140(2).png","17782","d283f446f67fc675f1e60597da76977fdd76d70bb27da57a6fbee19eaf1f77e5"
"outputs/processed_data/stage2a/conservative/images/002_20200624_043141(4).png","28618","c97204fc89cd4d643ea2d4e26d86c9a1edaaf668679c692897ff51ccb99e7f0a"
"outputs/processed_data/stage2a/conservative/images/002_20200624_043144(2).png","18922","a5148e503e40707f64fb0a4c2e1351165c356b370c8b003400857d3262a10e2d"
"outputs/processed_data/stage2a/conservative/images/002_20200624_043145(8).png","28453","3e2f673f4c2cf2fa6fb687707dcf8d2d33de6e4f08fde0498ea84dbee8a1363c"
"outputs/processed_data/stage2a/conservative/images/002_20200624_043148(1).png","17975","75de2ddd9a8a84b7896ab61a94df05981dcc29b14b672dc89ceb31b109b3c5b3"
"outputs/processed_data/stage2a/conservative/images/002_20200624_043150(3).png","28646","8559d69b421b05fce58aaa8b69c591edca47f6a03d01d7f929e5055ccd499a3d"
"outputs/processed_data/stage2a/conservative/images/002_20200624_043154(8).png","28699","d9464a71907537d1ed8beb65ae6bb7b6b3aab277d6038cbb9da72dd1d4ee79ff"
"outputs/processed_data/stage2a/conservative/images/002_20200624_043159(4).png","28417","34ef9378261219e7081740b3e3c40caf03f63b4eba99132db20d310c61affade"
"outputs/processed_data/stage2a/conservative/images/002_20200624_083032(4).png","29412","799353548e828d7f3b31206f0561a3ed6a105107213362b220a459cebd954026"
"outputs/processed_data/stage2a/conservative/images/002_20200624_083036(9).png","29105","1e7a0bcf1291d2b482a03d6208ab0c0b86ba8d8d227d9625976923980f9a76a7"
"outputs/processed_data/stage2a/conservative/images/002_20200624_083041(3).png","28344","d5694622d7d4c5c2a8f10a06c5c4173024773a43829bc8beac91e5f0500f259b"
"outputs/processed_data/stage2a/conservative/images/002_20200624_083045(5).png","17214","8cf1190801c9b900f179b35b952b113b0bb0908eb38e9bf6313099dcbce07854"
"outputs/processed_data/stage2a/conservative/images/002_20200624_083045(8).png","29490","f4f6f181e96da64d0a97cf03fccb6ca0e818825467910adfc68bf704886e9158"
"outputs/processed_data/stage2a/conservative/images/002_20200624_083049(6).png","17494","d0287f867a1669ed63b968258cf86774477eaf87a7d0b33d53737a808f3be3c5"
"outputs/processed_data/stage2a/conservative/images/002_20200624_083050(4).png","28729","2b1c65dd744bbb5908acabed54d293071b35c7b576759053bed2d6968f869f17"
"outputs/processed_data/stage2a/conservative/images/002_20200624_083053(3).png","17412","7b7c26543089d4868702578feb851b4611f010eee6cb4f09e013e7d47580fb4e"
"outputs/processed_data/stage2a/conservative/images/002_20200624_083054(9).png","28306","8b84064aaf7f358589be53aa39eb49790975e59ec97ed3c0c3dad62d585c53a2"
"outputs/processed_data/stage2a/conservative/images/002_20200624_083057(4).png","18138","0aaab4045734ef338b4acd40dd3578f94bd2297d55b3a8dee2dbb8b0585cf8a9"
"outputs/processed_data/stage2a/conservative/images/002_20200624_083101(4).png","17496","28252c4ffeebbeedecff89f4bd855de39be3e9f2b97eb3ecb22894f038608d53"
"outputs/processed_data/stage2a/conservative/images/002_20200624_083105(5).png","17775","641e8046a7badc56687b09b5a9031e2262345f37fb3d6ab9d902555c706f3b00"
"outputs/processed_data/stage2a/conservative/images/002_20200624_123122(6).png","17725","37c1f9149a9e8f9cd76aad68c99cde240248805392af178265221275354a9f50"
"outputs/processed_data/stage2a/conservative/images/002_20200624_123126(4).png","17528","79422ffdfb902b9d7b381c528ccc934ba3638c45148e47d7132910a4592b45b1"
"outputs/processed_data/stage2a/conservative/images/002_20200624_123129(9).png","17282","96dbafafbc5e06ffd849b7d3418735407679b0f71327d5fdf6f8a7eabf35bb2c"
"outputs/processed_data/stage2a/conservative/images/002_20200624_123133(0).png","17627","359c17d791b2bafb829c91f02de9568cdf7df9756b64e21e8fafa8902571d029"
"outputs/processed_data/stage2a/conservative/images/002_20200624_123136(5).png","18238","6a2133a21439d2f9d6b0657f77c4aa523420f7e7dc5f31ec005c1b9870bc588b"
"outputs/processed_data/stage2a/conservative/images/002_20200624_123143(7).png","17406","59eb2622072b8279fb0925d745daa9f1f1fe38dfa429ea706a56a7b9dba303c1"
"outputs/processed_data/stage2a/conservative/images/002_20200624_123144(0).png","28804","4a77929fb2214de89434ce0558d61970bb012e4e05cc9c6f07ebf479fbb2ab8d"
"outputs/processed_data/stage2a/conservative/images/002_20200624_123148(2).png","28422","a0d601046853fd3f0470865339ab45e8df978cbbbce09936c140c688d8627e71"
"outputs/processed_data/stage2a/conservative/images/002_20200624_123152(7).png","29635","715a5558710a690a8e14d2a4aee9059bf61862c06844436c0dafc1fae42cf4a4"
"outputs/processed_data/stage2a/conservative/images/002_20200624_123157(4).png","30979","a66d3415e0013cdfc7673f1f0ba0ff6acb1d977ada4250b43caea4c82d292372"
"outputs/processed_data/stage2a/conservative/images/002_20200624_123201(7).png","28042","11d7d6bc6c36a892628c38668b61e56b2eae7b47b9966fc4fb33e4bfc6f9b446"
"outputs/processed_data/stage2a/conservative/images/002_20200624_123206(2).png","28107","1d552e2d3b0d5039705f3b6332d495367e2f1cbc71d372a98b6b9095afca0338"
"outputs/processed_data/stage2a/conservative/images/002_20200624_162522(0).png","18036","288768879b439bf71d8a6d759b5f78bf73909c8aba6729215fcf393d219840cc"
"outputs/processed_data/stage2a/conservative/images/002_20200624_162527(8).png","18483","ce83eaf761b4caa74cfa71f33c633a4ce45fb1564ef8849a6e54783dcd8441a6"
"outputs/processed_data/stage2a/conservative/images/002_20200624_162531(7).png","17915","2441aa6aa12bb19775dfb84722ae1ab5b8825141ed0fd83546ac4a0e8cd3c07e"
"outputs/processed_data/stage2a/conservative/images/002_20200624_162536(8).png","17944","90dcdc03bddafd55c3c2be52ded60eddcb73eec3a83738776d1e197650b8ece2"
"outputs/processed_data/stage2a/conservative/images/002_20200624_162540(3).png","18000","7281e43d4bfa84c564097a2d3e4e55d6e69c9db9e6086b9b89bc89939c3ee6f8"
"outputs/processed_data/stage2a/conservative/images/002_20200624_162543(7).png","18443","badcfb85979fbcb40d53ce4ebaabc82bb97d2d6b4d4fc3e3d83f88746fb10a6c"
"outputs/processed_data/stage2a/conservative/images/002_20200624_162708(9).png","28647","bc2c333b63d3a4cdcde3b250d357ff2a51e174a1db4363e85bb4b9bd96c45bbe"
"outputs/processed_data/stage2a/conservative/images/002_20200624_162713(4).png","28252","a1c7475c491f2ba17de5e6b037c14b71403d40121e22f8026577e61f0b7bae19"
"outputs/processed_data/stage2a/conservative/images/002_20200624_162717(9).png","28404","e4d2df95fc24a1c599e3b5ee2c5d408cc9f468911ada8c2e7de4797dc96e5e09"
"outputs/processed_data/stage2a/conservative/images/002_20200624_162722(4).png","29415","63348361fbf3437f38efcbf31dd7da106f992708f8fbb79c0366761b011daab4"
"outputs/processed_data/stage2a/conservative/images/002_20200624_203003(9).png","17815","ce461996652700ca7a1762cd45fc40ca39d0bfddf11878167b6e399bd327f7b2"
"outputs/processed_data/stage2a/conservative/images/002_20200624_203012(9).png","17911","f85202f1856c16d8882f113a192b4d23b902dd7a359b3fbe5e704908dc8c0714"
"outputs/processed_data/stage2a/conservative/images/002_20200624_203017(4).png","17482","321c397ecc20eda943c093599225c06f3327edfa85b54ab4eb4a0ceca83d6324"
"outputs/processed_data/stage2a/conservative/images/002_20200624_203021(9).png","18201","7f1548ac73e699c827517774e95ed4a0c68a5e758bf38a3667c5c47b1c59bed0"
"outputs/processed_data/stage2a/conservative/images/002_20200624_203026(4).png","18091","c9fc5df755f86ce0464024e23abd33743798adca57f77d31942cc1bc8a61d182"
"outputs/processed_data/stage2a/conservative/images/002_20200624_203044(4).png","17318","2dd073657e056dd90255dd237569ab0b50504126d8b6c047de3e895e276025a7"
"outputs/processed_data/stage2a/conservative/images/002_20200624_203111(4).png","27968","02eeb89161d953602f0b43c9b61dae36057fb2580b5c70ce2c8de694dd9a64bd"
"outputs/processed_data/stage2a/conservative/images/002_20200624_203114(3).png","29491","4fba30adb44fbc15ae37f9648c4fa120a4460ee20f33454bf1e94ac9bd4e42bb"
"outputs/processed_data/stage2a/conservative/images/002_20200624_203117(3).png","30452","f2f95bf436430ebfc90399efbf4556f4aa9a0f5682fb7c556d31002784dc3eef"
"outputs/processed_data/stage2a/conservative/images/002_20200624_203120(3).png","30184","2ca3cedc6ca517d3be71681cf62fa808e2852792aa58b1f41701c84abc5d4971"
"outputs/processed_data/stage2a/conservative/images/002_20200624_203123(3).png","28970","c21cf695260b5da8eed9a37fdc52768e839a425fa930efce34413daa372f5771"
"outputs/processed_data/stage2a/conservative/images/002_20200624_203126(3).png","29630","28bf8c6166a8bbcd9273e874203acb60b8fd10de3a8d1376c434046c67a28a5c"
"outputs/processed_data/stage2a/conservative/images/002_20200625_003116(4).png","17390","6f6fe6394f1dba88b87f632965653bcc220013677c2b11ae25eeecf33aadeb6a"
"outputs/processed_data/stage2a/conservative/images/002_20200625_003120(7).png","16912","090d5d83efc82a42b14bd0d5a9728c0e0ada97a558fc0edcaec4c20a83cfb931"
"outputs/processed_data/stage2a/conservative/images/002_20200625_003125(4).png","17621","2e3404bbe0383a685e050915b6a5b4c9c598ece941343020d6224f0accdf8718"
"outputs/processed_data/stage2a/conservative/images/002_20200625_003130(0).png","17014","7d522be77a6576d0a3d59ffda1b991a43cbec34b4b0fb24ae79529516314068a"
"outputs/processed_data/stage2a/conservative/images/002_20200625_003134(4).png","16939","e197fbf750d70c52ac42af4ae15563c37501701deed2e97360235f3170cfd3a5"
"outputs/processed_data/stage2a/conservative/images/002_20200625_003139(0).png","17288","a4cf433e9b3a9e5186d4fca0bedbadd7f715de8081d387a99450b6258a198abb"
"outputs/processed_data/stage2a/conservative/images/002_20200625_003352(9).png","25853","218c448161486cd5b5992305eda4c569796230f610d2d97bc6dc5abc9306b58c"
"outputs/processed_data/stage2a/conservative/images/002_20200625_003357(4).png","26757","a18d1755dbf74e6f557cbeab35206357d3fd3b5b888517e4d4a5369fe408bc27"
"outputs/processed_data/stage2a/conservative/images/002_20200625_003401(8).png","26464","a5bbf4dbe8b207ff5e5515accb132db35295774353674aa8a05d5f7a4eb890df"
"outputs/processed_data/stage2a/conservative/images/002_20200625_003406(3).png","25362","5c5dce77d62f7b49b56c93c6df820580890a18ab087102aef1fdb5707e9ffaf0"
"outputs/processed_data/stage2a/conservative/images/002_20200625_003410(8).png","26526","6b59cb3ace1ca0651b0947efeec4b28d9e7280b69ffb68b6675f68ba9489650c"
"outputs/processed_data/stage2a/conservative/images/002_20200625_003415(4).png","26464","c526b651298a2380cec16d395f0cab728b500983d0e27e3bae87dd743a80344f"
"outputs/processed_data/stage2a/conservative/images/002_20200625_042934(9).png","18440","c87a4bec19748464273404143ccbd0e6dd082a126572199fb3e40b90d086eaa7"
"outputs/processed_data/stage2a/conservative/images/002_20200625_042939(2).png","16764","5d44ba016c31633ccd18f339b58879a026edcaf9634a9a18d204bd8593b3dde8"
"outputs/processed_data/stage2a/conservative/images/002_20200625_042943(7).png","17604","f484ea81575646a16eadb12e7c22a1b2c4f4487f121139fb217e65204ff94389"
"outputs/processed_data/stage2a/conservative/images/002_20200625_042948(3).png","17754","3bec0d9c8448cb54a883e4892460afacf0fb21f01b9da282bca6700d6764dc46"
"outputs/processed_data/stage2a/conservative/images/002_20200625_042952(8).png","18062","36b530426484bf92bed33302c0e00f1cad053105f6fbea295cd394ec21908b9b"
"outputs/processed_data/stage2a/conservative/images/002_20200625_042957(3).png","17009","5fefc043ef7a08dbede1185c6fd693da2efc30c55dfdba1bf2fbea89615388ba"
"outputs/processed_data/stage2a/conservative/images/002_20200629_082630(7).png","19416","48e0cb874dd48c628b711d4f5275143dddcf325da2d2ae0c80cbb9166a911354"
"outputs/processed_data/stage2a/conservative/images/002_20200629_082639(2).png","20058","6ea7833fd119cbaab0e1698f136e206a09e78336e6bcef991ed15229c34dbd63"
"outputs/processed_data/stage2a/conservative/images/002_20200629_082642(2).png","18916","1159128f31cb0205d104586b12433ba7632c60a684e892de9a941ec5cdbe7e9b"
"outputs/processed_data/stage2a/conservative/images/002_20200629_082645(4).png","18336","30bd6f5bc7d7f9620409e49806d3e6396faf1441dfec389f1eebf8898559ecb4"
"outputs/processed_data/stage2a/conservative/images/002_20200629_082823(5).png","44077","1c09ae5933c7e28c95ab88df618c17d190738d3b6029cd5487c59c96d81d2374"
"outputs/processed_data/stage2a/conservative/images/002_20200629_082828(5).png","45113","eda6c37aab1b997001de1787632ddfba1e6215b87315db4e4abc4cfcae636ab6"
"outputs/processed_data/stage2a/conservative/images/002_20200629_082831(3).png","45552","5495d68948a8abf4e7bbdc03f7ae5b9935a8567a888b7e1250934707ec90147d"
"outputs/processed_data/stage2a/conservative/images/002_20200629_082834(2).png","45649","b46f390f97d6574c46fc04244393013986ad75b92b95450b398454e71e7ae44a"
"outputs/processed_data/stage2a/conservative/images/002_20200629_082837(0).png","45140","053e5d6ecebca6ac857d4a300c88b90bd1869b064cf5c440d63f3094d2324317"
"outputs/processed_data/stage2a/conservative/images/002_20200629_082839(9).png","45713","1d14306ba1246f2ad67a175408852e8b7c59f1c86bedd0c199c1b0a307d98710"
"outputs/processed_data/stage2a/conservative/images/002_20200629_123442(5).png","34471","ed2a365d20abb8d19ad776433b74168002eac058f18991cea0775c2df1a522f7"
"outputs/processed_data/stage2a/conservative/images/002_20200629_123447(0).png","35142","6c3f708cc486cdc8acbff413945b3c20eda05ff53c689e248238d799a4aee173"
"outputs/processed_data/stage2a/conservative/images/002_20200629_123451(5).png","34555","d8e76017971890048fc2e576b9c1cbd6fe76304662d42744286c0cb14125364f"
"outputs/processed_data/stage2a/conservative/images/002_20200629_123456(0).png","34560","922d5a8cf044cafab4bf108c2dd4f585d98abd6586fe37c2bb2c1efc821876a6"
"outputs/processed_data/stage2a/conservative/images/002_20200629_123500(5).png","35153","b8da061ad381778d1a8418436c077dbe7c614f3e147411d0d5e20c74842bd24e"
"outputs/processed_data/stage2a/conservative/images/002_20200629_123505(0).png","34625","b50d60247f57f207a95bd194c2d4a256ed532525c8d98005584b61faeec91834"
"outputs/processed_data/stage2a/conservative/images/002_20200629_163656(7).png","32197","bb4336d7b7046747925ba2ac81ec0e49f28452928486759566700fb7d320fd46"
"outputs/processed_data/stage2a/conservative/images/002_20200629_163659(7).png","33371","4aebad0cefa18006f0570f14816c8bc35d72af11fa52cd1014698930921d9d54"
"outputs/processed_data/stage2a/conservative/images/002_20200629_163702(8).png","32195","606e700b44d68469b2c3a4df762b8a6bec84254e0daf28399e67494871c9c209"
"outputs/processed_data/stage2a/conservative/images/002_20200629_163705(8).png","32573","68a877a8027312b3fb62451f3e20c9b5506ca1a55964b9466cee51e3c4777a86"
"outputs/processed_data/stage2a/conservative/images/002_20200629_163708(9).png","33461","e556b06b61bb812cdc76a8421f01653baafba4aa0bec509f4a49ee193ab8e24c"
"outputs/processed_data/stage2a/conservative/images/002_20200629_163711(8).png","32617","bbb401b47a549916b86f4a0239f3e7986873515eb0c301d13a69b1088b51a02e"
"outputs/processed_data/stage2a/conservative/images/002_20200714_042641(8).png","17700","31fd48b6547f34c40ae96e1873531be02461e34e8d0a2aebd496a859ddce22bd"
"outputs/processed_data/stage2a/conservative/images/002_20200714_083054(2).png","17319","6e98006f6b8fba7c4d00140b2f29bba38dd8915c201c1f3db3dfd7b2bc6c62f7"
"outputs/processed_data/stage2a/conservative/images/002_20200714_083057(5).png","18052","507f92853383f26c23e14b49653de0a85fdabeca87a35b86860325e48b7dcb81"
"outputs/processed_data/stage2a/conservative/images/002_20200714_083101(7).png","18160","30925452fc70bd97f20ffd2ca0f311d7693aff6bf5e964ce92144b623605d62b"
"outputs/processed_data/stage2a/conservative/images/002_20200714_083106(2).png","18573","0e90a73cd4fa509e387f608576048af61451c89da36a25d5cf53252e2aba36eb"
"outputs/processed_data/stage2a/conservative/images/002_20200714_083110(8).png","18933","b2e5ba34bb57891d27d9975874261dc212e8ee150486225fcb9df104f7baee6c"
"outputs/processed_data/stage2a/conservative/images/002_20200714_083115(1).png","17428","42c7d0f456acb4a86afeb980d1daa993709e6eeee784dd40aa5093ea0235bb7c"
"outputs/processed_data/stage2a/conservative/images/002_20200714_123109(8).png","18327","e8ffcf9f4812f0ff6bac4cd78e80c40d415beb2482be7fafc7d96f757f6792e2"
"outputs/processed_data/stage2a/conservative/images/002_20200714_123113(1).png","17560","2f084741b4b18598607cc30acdfcbf355ed5dbe62fc56821529e06e1e27280e3"
"outputs/processed_data/stage2a/conservative/images/002_20200714_123117(3).png","17331","c869bfd7f34eeca56697e5d0e075bc7cd9605d9d02a88514c0255dfc56e3c364"
"outputs/processed_data/stage2a/conservative/images/002_20200714_123120(4).png","17540","0c05679a15929cdda4027e721a7f3273278aaa8da726a5d0d8a8cea616b2a22b"
"outputs/processed_data/stage2a/conservative/images/002_20200714_123123(5).png","17627","7aefe5357a1cb9f353bb0280991dd3d38734171e811f143227647bf15d3d321b"
"outputs/processed_data/stage2a/conservative/images/002_20200714_123126(4).png","17534","8be3255ed10c1ae9ef2b691d982fa642216f2b71b4e432f743e2c0fe9c215e86"
"outputs/processed_data/stage2a/conservative/images/002_20200714_163046(2).png","18124","7280b6f1f06bccf17209d91dcf465d66c6a80cabd0a8e8b05863fe353b1b7f7f"
"outputs/processed_data/stage2a/conservative/images/002_20200714_163049(8).png","18411","d944e0d8f14e26c05432ba4efb226d1048ad469d07126f191f84fdf54912570b"
"outputs/processed_data/stage2a/conservative/images/002_20200714_163053(5).png","19369","a4f045fd93446e85370a8c33d76f952e94e1417c4b5b02df0614b9d2a0a58737"
"outputs/processed_data/stage2a/conservative/images/002_20200714_163056(8).png","18327","d1cf83e6849712b5ee534b1ae8f518f25a3a90a30cce28f74b51a281d2a9497b"
"outputs/processed_data/stage2a/conservative/images/002_20200714_163100(2).png","18361","7183421323ad40313b6f42232021e5fa5a66bc8f8555aa17a64da6ed62b0e18d"
"outputs/processed_data/stage2a/conservative/images/002_20200714_163103(5).png","18090","ebb0b8572c69fbb2655afc5324a19faef98d8e38633e54ffc058a74e8a285a56"
"outputs/processed_data/stage2a/conservative/images/002_20200714_225756(0).png","18645","a03913405ca8c73f3750ac5a33926837367ab8387963ec5d07a29a6a0d0c1776"
"outputs/processed_data/stage2a/conservative/images/002_20200714_225759(8).png","17107","32a047d7178d5cdebfaf173bb4ada43f8d52229c545c98222f981990f1616e94"
"outputs/processed_data/stage2a/conservative/images/002_20200714_225803(3).png","17455","01bc624a4af43836766c6122aee564018412af9efb0e3e54cec523cb80170b21"
"outputs/processed_data/stage2a/conservative/images/002_20200714_225807(3).png","18499","8e3e66ff0abe174e47dd720cf9887d38f6448729c1d25669683889561cb09d65"
"outputs/processed_data/stage2a/conservative/images/002_20200714_225810(5).png","18435","d413852e67390781e59d44a1ad4c32e4793c266f6bfc7187ab9fea64acaae6a1"
"outputs/processed_data/stage2a/conservative/images/002_20200714_225817(4).png","18454","242275a78c56785b08542d249aaad01088856ebc6a2567a3e9099bc82dc5a0ef"
"outputs/processed_data/stage2a/conservative/images/002_20200715_002443(4).png","17288","e791841b7232381c777330526fe70a8f6587c63802070dcb07ab36833b9b2d5f"
"outputs/processed_data/stage2a/conservative/images/002_20200715_002447(9).png","17513","b8c911a5b75c84c676de519160a8a0474752d3bd46edb8a7b5cb17f4d2ec4d02"
"outputs/processed_data/stage2a/conservative/images/002_20200715_002456(9).png","17756","9671c4cc1ac4d05a66fdbea3df553dc2542764d9c2876c4f557234a25ffeed65"
"outputs/processed_data/stage2a/conservative/images/002_20200715_002509(0).png","17221","ea422dbb8876c2c6ef96bbe3e234720b2b906123364d43648cc389a6f604f06f"
"outputs/processed_data/stage2a/conservative/images/002_20200715_002513(4).png","18150","18f2d4a0fc7361a20b3cb9cedac94e04ac7c7c0beeb27460b924926120ebdd97"
"outputs/processed_data/stage2a/conservative/images/002_20200831_163149(1).png","37935","c45b7463da2f677517aa00fc28d7f01ffd672d795a827dc03862ba388ca717e6"
"outputs/processed_data/stage2a/conservative/images/002_20200831_163150(6).png","34515","c8971e988da320b601ccee410271aa30578f3c78d14efa5c747707c68ebdcad6"
"outputs/processed_data/stage2a/conservative/images/002_20200831_203101(4).png","30265","1e1d82791c72c039ed5e3239dfba9d9f933f3356ea56f215053cd2afa5abcec9"
"outputs/processed_data/stage2a/conservative/images/002_20200831_203105(9).png","31299","7094788d47bae53684a9e869b2d5af866323464aa3b66ee465d04ff8cd791a8c"
"outputs/processed_data/stage2a/conservative/images/002_20200901_003133(6).png","26758","dc2ed2a877761434a5c580691a9b83c72f0c7e308f5aa095a1bf7a0101eb1978"
"outputs/processed_data/stage2a/conservative/images/002_20200901_003136(6).png","26849","67b870b7235085d8ea9a7825cc94450fc5099a290d9a603a160f41357c6ba146"
"outputs/processed_data/stage2a/conservative/images/002_20200901_003139(6).png","27315","ceda3b9b8044c62e605421a73fb85fd88d1f2ea6021f653e8e467e669da1a781"
"outputs/processed_data/stage2a/conservative/images/002_20200901_003142(6).png","27054","0fd6488d678e6f7899f3911dd7de0e8e8affa35d43317fc8a5180e50e5eb262c"
"outputs/processed_data/stage2a/conservative/images/002_20200901_003148(6).png","27250","06f7a72ec44e80760def727577a9b7ab2109c34a9129ce38b3c4ed9cfb5312b3"
"outputs/processed_data/stage2a/conservative/images/002_20200901_043133(6).png","24938","7b938b2a2f94574de01ad2ce51126234850f570a1853257b45591ef42b1e672a"
"outputs/processed_data/stage2a/conservative/images/002_20200901_043136(6).png","25272","789c5a762906988654042352bcd8b3028f6bf0a582f43e01a4937a8ef45c9002"
"outputs/processed_data/stage2a/conservative/images/002_20200901_043139(6).png","25078","8a931d931e31ce7382fe8556b69fc18f09b4ee24593544fa0f657c40ab0af592"
"outputs/processed_data/stage2a/conservative/images/002_20200901_043142(6).png","25336","866a1af39dd0502cbc55da5b3ed12476687881384710448ad5d232a953a518a6"
"outputs/processed_data/stage2a/conservative/images/002_20200901_043145(5).png","24937","32de6487766fe40f10a5a81d899150f793c1bb660917dc6da3d4447981063e58"
"outputs/processed_data/stage2a/conservative/images/002_20200901_043148(6).png","26135","ad232e2413e99d709887696bed51ba0123387c3b51d2ee91e7b3fbd77412295e"
"outputs/processed_data/stage2a/conservative/images/002_20200901_083204(5).png","25219","e8db880aad224310bf4a42def3a0be8feb932090b6f0c23b3d899fe8fdb23c79"
"outputs/processed_data/stage2a/conservative/images/002_20200901_083452(2).png","23798","0414c88c86bb7643569865dec07ed1c3c23f1d69cd26e480b5f5a24c64b98939"
"outputs/processed_data/stage2a/conservative/images/002_20200901_083456(7).png","24465","1f4b0f48f673882081fb3208707386e207c60f5d1bcd1bf635c768676f6db603"
"outputs/processed_data/stage2a/conservative/images/002_20200901_083501(2).png","25148","844e48682529ee9bcd34a30379c9ff3b64d85095ae9297ad6b8991991880bf0c"
"outputs/processed_data/stage2a/conservative/images/002_20200901_083505(8).png","25155","13f6aea8bb96bbedae571dee2c5f429fbd817e710b8e10ae9c21be19dd65a46d"
"outputs/processed_data/stage2a/conservative/images/002_20200901_083510(2).png","24176","1fa587354f11f8275a1fd6107f59f5167a4decd09f539b5d0730869d80aa4936"
"outputs/processed_data/stage2a/conservative/images/002_20200901_083514(7).png","25390","4cc145129687c0a2a419d166f8d117a68cfa607c833123258b6fd1f45feb9fab"
"outputs/processed_data/stage2a/conservative/images/002_20200901_123049(7).png","23081","3b43c58d4d239eeb4881176f4288ff9678180263783e19bc68766af0b14a4864"
"outputs/processed_data/stage2a/conservative/images/002_20200901_123052(7).png","23024","25023c35bdb15587393f2d71012950ca664fcde6efcc66ce9241d83617129b08"
"outputs/processed_data/stage2a/conservative/images/002_20200901_123100(3).png","22904","4826d46bcc8e78df5c3d43008f75d1911840f39d2cb9e64fda368ce2b5c24434"
"outputs/processed_data/stage2a/conservative/images/002_20200901_123104(8).png","24468","be77a2fe3b1ffdd82299d6b1ffbe245ce4249b79946cd0b5228b586f086e4018"
"outputs/processed_data/stage2a/conservative/images/002_20200901_123109(2).png","23992","044ac850c1259b5d4b76ce43319befa77f5fff6cb371255b7bf62b7bbe5ecd7f"
"outputs/processed_data/stage2a/conservative/images/002_20200901_191340(2).png","22194","ff234a53077234d8c32e0da4693bdb02fa31f0176d442dd1bead65c7234b50f4"
"outputs/processed_data/stage2a/conservative/images/002_20200901_191343(2).png","22924","a7b6cb3ffe0dadd0e997351ed5074dc677ea51c56d51e02d8c9e0999425a98c7"
"outputs/processed_data/stage2a/conservative/images/002_20200901_191346(1).png","22180","913759c6f02029f33b5a3805cf2592954e95341cc6e0c11bda42c664151cadbf"
"outputs/processed_data/stage2a/conservative/images/002_20200901_191348(8).png","21638","4c286d0bcd0a957328d2250e4515dca8cd0901739b116c847d6142f436d0feb2"
"outputs/processed_data/stage2a/conservative/images/002_20200901_191351(5).png","21856","1febf1cfab68098c290f86deda4f96396207d2462470bfd3b5586b9b5103ffc6"
"outputs/processed_data/stage2a/conservative/images/002_20200904_230054(2).png","42954","0bcd2d95026eb28732cbaa6fcb652b2d6ba1a2a60f7be2db66e4543f7cd5b8ff"
"outputs/processed_data/stage2a/conservative/images/002_20200904_230057(6).png","41822","0a193ec1c569dac157a98e0c3aa14e22d4d2d0cc45de5ac1f12d646ee9a7f4c0"
"outputs/processed_data/stage2a/conservative/images/002_20200904_230105(4).png","43126","5b26e784786d56b5a12fd5d7f46630458dfb8697cd3c7ef5ddc8e2704af50b88"
"outputs/processed_data/stage2a/conservative/images/002_20200905_003315(2).png","37468","b7450d5e53877924c7e8656b03cda9558787cd3f5faad351a6213f86d8d6b37c"
"outputs/processed_data/stage2a/conservative/images/002_20200905_003319(2).png","36615","80cf7801a51100e79d02f217fcd247c76d5a7d4518e5495df915c7d086dee2ad"
"outputs/processed_data/stage2a/conservative/images/002_20200905_003323(3).png","37101","558de3b27021e22446cd690fa5e466dde9e48d9fec23e8ea62f2e0d1b43f723c"
"outputs/processed_data/stage2a/conservative/images/002_20200905_003327(3).png","36639","07b2ed6851746c32ec32c69e96f0dd9d30e468b03aa8fbd2d9c8f1f217501a98"
"outputs/processed_data/stage2a/conservative/images/002_20200905_003331(2).png","37217","b39351bf5fcb03af2591014ae1f2567bda38a2acae35ae35df3f8b9752aa4f8e"
"outputs/processed_data/stage2a/conservative/images/002_20200905_003335(3).png","36878","e00506d7d5d69a23c4f4e715debced712b32a8597333f01e4a27b04adeab5ccb"
"outputs/processed_data/stage2a/conservative/images/002_20200905_043156(0).png","36654","a0dfa51b9427a4c0d7904eaa26dc4aebb80afe1b6016de85527024f584ef0eef"
"outputs/processed_data/stage2a/conservative/images/002_20200905_043200(0).png","35714","c272d019b483b80d0a26d3a38bdf4cc48624ed67cb174073b0681f8af9dc1a0c"
"outputs/processed_data/stage2a/conservative/images/002_20200905_043204(0).png","36246","ab5b48fd6568869a56ef8f02901a23ac02ab71bd61589d97f1e55d1a4cf1d473"
"outputs/processed_data/stage2a/conservative/images/002_20200905_043208(0).png","36234","5bce2033a60a16f94cf087606b466dd15767b8b12654807df0360d7cb2715fb8"
"outputs/processed_data/stage2a/conservative/images/002_20200905_043212(1).png","36710","a26740c2f2c045cff637f20659d76dbbc7aea5f9142a5595270383a94ab459e0"
"outputs/processed_data/stage2a/conservative/images/002_20200905_043216(0).png","36503","118835cd0196fe703cd36d53e9d91998fb34f6f01ea3a5f989dff3318fc9b19a"
"outputs/processed_data/stage2a/conservative/images/002_20200905_083407(3).png","39385","066252f4dcadeb6070afd9fdfc94a0fc395ff1f6531dfc53b2ce7c760c67685e"
"outputs/processed_data/stage2a/conservative/images/002_20200905_083410(5).png","37732","68a74ca25404512fb502bc9fa160826cca1cc3ee310c68555888df9eb96cc7b0"
"outputs/processed_data/stage2a/conservative/images/002_20200905_083413(6).png","38352","14ad2429f2ab452f2f1abe1cc446be0087e1e6ab245ec69cdcc688b2a0b44dcb"
"outputs/processed_data/stage2a/conservative/images/002_20200905_083416(3).png","39463","6eec2ec0d155c4da14b7e9735f04c6e32f6d634a572c968bbe7832cec590931b"
"outputs/processed_data/stage2a/conservative/images/002_20200905_083419(3).png","35523","8663e2b936a5133a075bf390105f5d54246c5b14fdfa87d6898bf28787d82884"
"outputs/processed_data/stage2a/conservative/images/002_20200905_083422(4).png","36303","58e0609225c67c6e90e93b212ac27daf34ec75cd7f616fd52e035956d51f0404"
"outputs/processed_data/stage2a/conservative/images/002_20200905_123055(0).png","39080","cd478f1ba2a8239051107b4f33b579d5807aaa13fd430b38b4e07ce0b69ac75f"
"outputs/processed_data/stage2a/conservative/images/002_20200905_123058(4).png","36447","f2a781ceb4dc0e329fda9c0d8c8b6c4c968819e4e3c9cd297b236652c33cb312"
"outputs/processed_data/stage2a/conservative/images/002_20200905_123102(0).png","35938","bec04d69e9ad0f5f12d3aad68e5e8db361c2e020d5af03c1b9eaa87ee5ab40a7"
"outputs/processed_data/stage2a/conservative/images/002_20200905_123103(4).png","17880","65eb5215fcc11016bf41618801606cc65ab77b018120732f27bee7bd4964247e"
"outputs/processed_data/stage2a/conservative/images/002_20200905_123105(0).png","35334","9a0bf87e270e8ab9643bb403d9f61789656741fdf58715c1be4442ee250bdff5"
"outputs/processed_data/stage2a/conservative/images/002_20200905_123107(5).png","16781","101f2ca4369fae3cad950b3f371532622be0bdf588f8e24ac0bdcfc67f5041a7"
"outputs/processed_data/stage2a/conservative/images/002_20200905_123108(4).png","34777","bf1fd0fc4df664f3a22d34c4726593fbf986de42453e06bbcfe2582158bd79f9"
"outputs/processed_data/stage2a/conservative/images/002_20200905_123111(6).png","16563","a5ec569b46b39dc85f2bc51edad7967b4f079dbce6732d8eaf50c750710812d2"
"outputs/processed_data/stage2a/conservative/images/002_20200905_123112(0).png","35685","0e542741bdf5ebd5b69e6ef51fad3b339e4abee1828c1e39097de821844b1212"
"outputs/processed_data/stage2a/conservative/images/002_20200905_163920(4).png","18090","9b307480c00296b61108f78fb31588043a94f72e39fe73a144d3c72d0395dae4"
"outputs/processed_data/stage2a/conservative/images/002_20200905_163922(9).png","33473","3fdbe2ac14499807b6d2b335e12955267faa209f6a3f121b891709e5cf52f9ff"
"outputs/processed_data/stage2a/conservative/images/002_20200905_163924(2).png","17751","9dd3084c63cf3fdf583e201a725d021cc48850af75fde68e270d2d28dfd81359"
"outputs/processed_data/stage2a/conservative/images/002_20200905_163926(4).png","34350","1d07a1a23216f2566e4812240bad02fef3e7348f988a1195299b10659e395b19"
"outputs/processed_data/stage2a/conservative/images/002_20200905_163928(3).png","16577","e3812ba264cdb2a7d677bda78a1ef38da502e1c03a6a7cb2f0a8928166561fb3"
"outputs/processed_data/stage2a/conservative/images/002_20200905_163929(7).png","34631","b90c48a9df751fb427551476bbc3a04bd435e17603ae08b2de061e4b2bded3c7"
"outputs/processed_data/stage2a/conservative/images/002_20200905_163932(3).png","17358","843cee76f98f9eeb8c8bd6e4755c9d768fa2d63873d138828089dc5ba310cd0e"
"outputs/processed_data/stage2a/conservative/images/002_20200905_163932(9).png","34397","8918cd44d4c667779ef8d02e7d7aa007d39e303e8248e1be62f0cd5bace08701"
"outputs/processed_data/stage2a/conservative/images/002_20200905_163936(2).png","33988","3de789f0136671de7f7c263b95147678b08fe84dc82f9c8a52598c9804598a00"
"outputs/processed_data/stage2a/conservative/images/002_20200905_163936(3).png","16896","66cbb8bb7e1262e960818b6a8eb49097f995604039697fded8e63d5d3ffd7bbd"
"outputs/processed_data/stage2a/conservative/images/002_20200905_163939(7).png","36080","646fe5ed972167ec4d01d46868e02f5ff9e1a5eedcbd8620cc9e585b0ab40535"
"outputs/processed_data/stage2a/conservative/images/002_20200905_163940(2).png","17003","f7352078a98e47c3b435a22013865c8e5e78262a21304af0ccbcc43625414b9f"
"outputs/processed_data/stage2a/conservative/images/002_20200905_203836(3).png","17178","778f278e2e65d06b5acf1fc7ebf0f45a325367db332018a24261708ef7130624"
"outputs/processed_data/stage2a/conservative/images/002_20200905_203840(3).png","18213","b68d6a1d936785a6c3580f0573fbaa10beddb2b0178b7e66cec3b58e0b558efb"
"outputs/processed_data/stage2a/conservative/images/002_20200905_203844(2).png","17963","9f3204d346a66220dc4281fe34f6e2c5d25476ac2637d7514d7ba5637abb0d09"
"outputs/processed_data/stage2a/conservative/images/002_20200905_203848(4).png","17626","e090977923fb3aa7ff28bda19f9a24d5ecb8ba077aa74abbb074f0a0d1a17153"
"outputs/processed_data/stage2a/conservative/images/002_20200905_203856(3).png","18336","46d9ecf7b9efe4782a3f40978f22738f0673974ebb20a1a1e74bf4396f3ddf51"
"outputs/processed_data/stage2a/conservative/images/002_20200905_203900(3).png","17785","8eec094fdeeefed93a6eb782fcb399313111e5fbd0509339613de819016fad94"
"outputs/processed_data/stage2a/conservative/images/002_20200905_204033(3).png","32299","25d5d91f1649cd842c867da7111bfc6271a3435129c343f606a7bb016e9acd97"
"outputs/processed_data/stage2a/conservative/images/002_20200905_204039(5).png","29952","c00b0629923fe15f3a7cecffa0d446366727f36a66ef29009aebf5ad85ec3fd3"
"outputs/processed_data/stage2a/conservative/images/002_20200905_204042(9).png","32391","9554f022b4fbd828f0ee1dcf3bae595906313e6e00ecb3d098ac2cbe95a89eee"
"outputs/processed_data/stage2a/conservative/images/002_20200905_204046(0).png","31425","494e98b394e7e5644f5903b72acc08446d2434be6b2a203cf4e3701508fd0f69"
"outputs/processed_data/stage2a/conservative/images/002_20200905_204049(1).png","33590","bb1ae4e4cf7d16b0ac040679955220a3b93619e6b4eee43a8ceb8ef2d63abb53"
"outputs/processed_data/stage2a/conservative/images/002_20200905_204052(3).png","31832","cf57185105f0e5104e8f805f8c73a7d53839726af4b464dac42a05e9bc996bca"
"outputs/processed_data/stage2a/conservative/images/002_20200906_003059(0).png","16899","a0bd4ea6cb36c119508c0c8f631762c43ed367a0049aec27d5551bcb3b4e8840"
"outputs/processed_data/stage2a/conservative/images/002_20200906_003114(0).png","29320","9e479a77987fb61a78ff0d035fafb53a8fc57a285451033fb85e7ef62c4f0308"
"outputs/processed_data/stage2a/conservative/images/002_20200906_003114(8).png","16785","3d9b2d08cdea9154ac6e1b4f532d0632d76bea4f13595d4adea88546646ce010"
"outputs/processed_data/stage2a/conservative/images/002_20200906_003117(3).png","28182","f36d88dbb570edc697650bd8491bab34da6fb71197871f57f8d12c4bbb175cca"
"outputs/processed_data/stage2a/conservative/images/002_20200906_003118(7).png","17400","d0ed17aa96d8dd44d55689449b756c154ceb0265a9f0a6b0efb8ef286069c823"
"outputs/processed_data/stage2a/conservative/images/002_20200906_003120(8).png","28404","7c8d24680c3c4f535fd345a883e7c4d85906ff695525a9e534ad636ddf8868db"
"outputs/processed_data/stage2a/conservative/images/002_20200906_003122(7).png","16905","d89044ebc28a3945abbfa79b40eeef36060627b77d4a7f414b7535e102ce28c7"
"outputs/processed_data/stage2a/conservative/images/002_20200906_003124(0).png","29172","a94cfb2054d89c4e6666160408006bd163ad58837d3fdc108a7e827c8500459d"
"outputs/processed_data/stage2a/conservative/images/002_20200906_003126(8).png","17588","9a4898bfa068536102dafbac6ea9e6d014612a05853454a57315614988beca23"
"outputs/processed_data/stage2a/conservative/images/002_20200906_003127(3).png","28984","00360be20336382d31e65ef2c641ec9fd557c9831c7ddbf28e76cbb0000d112b"
"outputs/processed_data/stage2a/conservative/images/002_20200906_003130(7).png","28922","5fcc9c87a60fe151e001060e66e0908d327cb052b06d6b14f41c961bd2244e57"
"outputs/processed_data/stage2a/conservative/images/002_20200906_003132(7).png","17314","db2eb462a120869b5cfa0a78f6255a3b17b3090718a9a9861407886dd833a71d"
"outputs/processed_data/stage2a/conservative/images/002_20200907_184813(1).png","17586","091ebcb7fca6cc77925e9e1ee6e0919c240399d1795305876037037c261d8acf"
"outputs/processed_data/stage2a/conservative/images/002_20200907_184815(7).png","18718","74569da563f0f0d016e336fed484e1eb189daa5d5c533b5a169b25203b4b6c20"
"outputs/processed_data/stage2a/conservative/images/002_20200907_184818(2).png","17558","ed3faae2fa2870ace78b60cecdb9970082eeb12a3372c839c851b63d0d853ae3"
"outputs/processed_data/stage2a/conservative/images/002_20200907_184823(7).png","18168","0d9b66600473dc3d89de118f6fc2c4366431cd1b5171138b41fac34704a4a6bb"
"outputs/processed_data/stage2a/conservative/images/002_20200907_184826(3).png","17691","4b983e93da90b9201b3071863ecc13358948b437b6739783b1118c6d5846d481"
"outputs/processed_data/stage2a/conservative/images/002_20200907_184828(8).png","17623","045da4becd5486840222986cd10b1727f4618dfcb9457ad5d17f6b0b361227e5"
"outputs/processed_data/stage2a/conservative/images/002_20200907_204635(5).png","18257","0d698c9515b5145d84caf94cd79c5de77f3d662950f8218487dbe99fa0239308"
"outputs/processed_data/stage2a/conservative/images/002_20200907_204640(0).png","17724","7dea0b66c11c12dab1277818885760b8d72807cea02446b977f476cb9c178de8"
"outputs/processed_data/stage2a/conservative/images/002_20200907_204644(5).png","17814","74ac3ddb89fbc6365a7c85e330305fe51588d612c361968911d26f0d654ee933"
"outputs/processed_data/stage2a/conservative/images/002_20200907_204649(0).png","17878","f9c16bec902041be0fba9eec84d1a62d40ed72a3633c4bb214b11b1b1ec237f5"
"outputs/processed_data/stage2a/conservative/images/002_20200907_204653(4).png","17497","a4199eba3a45624022451f5896449eb70f0f6d7e8c51fb2c949d3f3bfa605066"
"outputs/processed_data/stage2a/conservative/labels/001_20200622_203305(8).txt","238","beacc3ef7875fb3ff6e932e43388a6f8a99590db908f64487df91a5c2f644a94"
"outputs/processed_data/stage2a/conservative/labels/001_20200622_203309(1).txt","249","f11feaf4aeeaecfba595478080f53ba00ccd38cb20ff1a6e3f33ee718dcd6e1a"
"outputs/processed_data/stage2a/conservative/labels/001_20200622_203312(6).txt","236","23d2a26f38d5f6c86ffafc6860c7e965870f84d9dd54a29bc2ce720bcb249745"
"outputs/processed_data/stage2a/conservative/labels/001_20200622_203316(0).txt","248","29a0779224f6fcc5c717fce7b644e331d25818aa01070a0a791b289690929058"
"outputs/processed_data/stage2a/conservative/labels/001_20200622_203319(4).txt","246","b6efa2ea290bf86b11de2de2e480447be4a15c6c20b79e973a343d7636a1556e"
"outputs/processed_data/stage2a/conservative/labels/001_20200622_203330(3).txt","236","7b23b878531e9b9227ad319fd396918a45cf25906ec7b195d4ab54ab47919d85"
"outputs/processed_data/stage2a/conservative/labels/001_20200623_003516(8).txt","247","fac5b8f5df457bcc84a1cb795d92de897e91dc5e8e623f8a5612e9c46112679b"
"outputs/processed_data/stage2a/conservative/labels/001_20200623_003520(5).txt","249","3007cfe0ebcbfc865ed08be164df00d72345f9b0485727108924325a1c6dfe17"
"outputs/processed_data/stage2a/conservative/labels/001_20200623_003524(0).txt","239","c72e1be91da74927ffd64c80b4e8a33f39af531da597957d679fc7f9c556f134"
"outputs/processed_data/stage2a/conservative/labels/001_20200623_003529(0).txt","238","9e7dd344a6dd08bc7943e598204a828d0d31bc88f1b954630fa110778823d49f"
"outputs/processed_data/stage2a/conservative/labels/001_20200623_003532(5).txt","248","15719cbc1c6582055c4aa0a42a526defa074c71f79ec8463bbf5ae6de6b1e174"
"outputs/processed_data/stage2a/conservative/labels/001_20200623_003536(0).txt","248","1bd74629eae32f097bc83286f6ec09c446f24f8f956adb3ed399eb3797ce3247"
"outputs/processed_data/stage2a/conservative/labels/001_20200623_043227(1).txt","248","016e05725fbc674e65e5a4a585583187002f8f6adec43283a55557673d637681"
"outputs/processed_data/stage2a/conservative/labels/001_20200623_043231(6).txt","249","a102ce94deba6f303c0e033bc55cc108e2bd920dc7decb73089f5426bcd9c7fa"
"outputs/processed_data/stage2a/conservative/labels/001_20200623_043236(1).txt","247","a0d9ed5be6e7872b18dc9857939545956562653fbc82e3723b2464bbec0c17fe"
"outputs/processed_data/stage2a/conservative/labels/001_20200623_043240(6).txt","247","3bebac1dff88e8e34249411f9e6f76d56fd44f2214138751aa81fbd74198604b"
"outputs/processed_data/stage2a/conservative/labels/001_20200623_043245(2).txt","227","81397cb26c97c8a3fc47085164788ca8a6cd124f71ee344bf2cf0bddea25bb56"
"outputs/processed_data/stage2a/conservative/labels/001_20200623_043249(6).txt","248","bc47ec20bf28cebf07e7c9a592313ab6e246b4751b6972e5d3dae2f69354ac51"
"outputs/processed_data/stage2a/conservative/labels/001_20200623_082407(9).txt","238","c0778c60eec3a890baff173f96e75d243953c90d9733ca4921d8dbb89b79953f"
"outputs/processed_data/stage2a/conservative/labels/001_20200623_082411(0).txt","248","b416fbdc21a7f377544f6ef4f64cffbd24b4e52cb3227ae7740841877bea549d"
"outputs/processed_data/stage2a/conservative/labels/001_20200623_082414(1).txt","248","f3b3385d10d76702547e448a837c54c0c38949c99aca3a79a9f7719e8e7b9955"
"outputs/processed_data/stage2a/conservative/labels/001_20200623_082416(7).txt","226","f1e4251c7b6a22b8b23a3ff5c3a900acc756215ebdead5fe921fed94cc2db6af"
"outputs/processed_data/stage2a/conservative/labels/001_20200623_082419(6).txt","223","3ffa2986a52ec2c56770f4d47699a0cf8722e9bd151e863dc7ab344a4008a776"
"outputs/processed_data/stage2a/conservative/labels/001_20200623_082422(5).txt","248","d46737910069853e322bb22d034f259b236a03f1e511209a67fe30ef27f4012e"
"outputs/processed_data/stage2a/conservative/labels/001_20200623_123214(3).txt","247","ede45a06d27568bfa1c9ce6e6bc5522e87f18c50012689abcaaafe0e9498f86b"
"outputs/processed_data/stage2a/conservative/labels/001_20200623_123223(3).txt","237","06e4bde0e82667f4597ed6fde99640df575c9a165650537a6b30c15eb291812f"
"outputs/processed_data/stage2a/conservative/labels/001_20200623_123232(3).txt","248","f8e6ae319f7108b7434f7ed90f6a03cb87b236f4a67f4f2f00f986fb7eff6142"
"outputs/processed_data/stage2a/conservative/labels/001_20200623_123236(9).txt","240","8e5875ce60952385b9e60f7fa5a9daa172dc02d6e53881301a36f4103b21f192"
"outputs/processed_data/stage2a/conservative/labels/001_20200623_123241(3).txt","247","29ea4130525e92dc8e7dd964706b84b3265e1e625ed212853581849e5292e378"
"outputs/processed_data/stage2a/conservative/labels/001_20200623_123245(8).txt","239","c9838ac19a9d045aefa49ccb99f7ede3e6587beae8e99ec7003ed806f04bc586"
"outputs/processed_data/stage2a/conservative/labels/001_20200623_163159(5).txt","247","ce8a61829761ea8737b06ff826cfa97465f85eec6b0d908e59b02f392edc37d7"
"outputs/processed_data/stage2a/conservative/labels/001_20200623_163209(3).txt","249","6442058549a0544d8a2d643307eed8e5ca0e80114581d65be630e45c617460fa"
"outputs/processed_data/stage2a/conservative/labels/001_20200623_163212(9).txt","249","47fb718c60d45fdd5a22a95b979377ba2fc3eaaf4d50462475a50252b55d63a5"
"outputs/processed_data/stage2a/conservative/labels/001_20200623_163216(2).txt","229","1ce6c53fbfe2174499732577e89f0d19022711896a05e5cfbe1fc212ef8116fd"
"outputs/processed_data/stage2a/conservative/labels/001_20200623_163219(5).txt","228","73134d77bad50b83e9572bd2e402023fda38395d8e8348fb57ca5b3579876878"
"outputs/processed_data/stage2a/conservative/labels/001_20200623_163222(9).txt","248","9ffcebf87865bde2a34b366e47670d9f04b833e8e0ff9c1ec4a6a63998e8ae24"
"outputs/processed_data/stage2a/conservative/labels/001_20200623_203217(4).txt","247","91a36936daf149b29a4b2659ff5fe69d8e8d575aceff7ce105872fdf45a0a4ff"
"outputs/processed_data/stage2a/conservative/labels/001_20200623_203222(0).txt","247","4cdc15a6bb1c12d33ca4f353962521ce8788c0e23d337eeafe309aebda0b6fca"
"outputs/processed_data/stage2a/conservative/labels/001_20200623_203226(3).txt","248","c979b21af6f9e7080392b7f94c0cbf1ca91b2de5d7bf787b00fedb7dbc53b201"
"outputs/processed_data/stage2a/conservative/labels/001_20200623_203230(9).txt","249","bfad9bd2b3edaa510f33dd574fe3a017b7814c932b1839a7f00086ff1b101260"
"outputs/processed_data/stage2a/conservative/labels/001_20200623_203235(3).txt","247","c5a38d06b2ce6a74caa2e5195310751939bd57b5ae234ad79e9bace4a103397c"
"outputs/processed_data/stage2a/conservative/labels/001_20200623_203247(5).txt","239","d6fff4c89299303319682acb431e9f9bbaeee220a6c083cf35f09a39b1117a9e"
"outputs/processed_data/stage2a/conservative/labels/001_20200624_003240(4).txt","247","89dbde0a5d6216c25e0cef40d65f314fdf916ddcbefd0e9efc17db3c4b1405bd"
"outputs/processed_data/stage2a/conservative/labels/001_20200624_003244(2).txt","246","0064079d0f2516b02f6e5f79738f53db9ad5e2328d3a4c94bb90c96884c75686"
"outputs/processed_data/stage2a/conservative/labels/001_20200624_003247(7).txt","236","5335c26d0aeb6443a2afbdcb5c453dc08f79116dd9a8ab86ff3de62da839690d"
"outputs/processed_data/stage2a/conservative/labels/001_20200624_003251(1).txt","247","13f17adb7d8d330c0368eeafb042841d03d54701befffb7a44097e1f47736e25"
"outputs/processed_data/stage2a/conservative/labels/001_20200624_003254(3).txt","249","44efa5c614ba8c514d09674e3b47e302d59174243a04cc8e2938d0991b0ad72b"
"outputs/processed_data/stage2a/conservative/labels/001_20200624_003303(5).txt","250","be6d68140518873e125c698f6e8c3be21cd2ad155706236929b273705b4cae35"
"outputs/processed_data/stage2a/conservative/labels/001_20200624_043315(2).txt","248","efa2dcd0611c18bb039e66d991fced74fc5d9238b5c0650e9d4eea202bc31662"
"outputs/processed_data/stage2a/conservative/labels/001_20200624_043324(2).txt","247","5e88c5e4c0ffc1e81ab023f0e5cfc41809a6c4a5ec334912f03fdc418f15d21a"
"outputs/processed_data/stage2a/conservative/labels/001_20200624_043328(7).txt","247","5585311de32bbe4f935c9f357773779af97f7268a79ff309dd189e704123db5e"
"outputs/processed_data/stage2a/conservative/labels/001_20200624_043333(2).txt","241","b634569ec0e0db2b35540a891347ba8c6be8b7de45f97b68e4739f14a32aa0e7"
"outputs/processed_data/stage2a/conservative/labels/001_20200624_043337(8).txt","247","ed585b51c6d5ca7f331e538594bd6dd2ac21beaa389894342f24579c548f27a2"
"outputs/processed_data/stage2a/conservative/labels/001_20200624_043349(7).txt","249","a0457e864e1e3da10baf30cfefeba25a2906f07cf660968787f7b801f816c7fe"
"outputs/processed_data/stage2a/conservative/labels/001_20200624_083150(7).txt","250","dc25311961542def8a2259c92448a7e3b7f7bdc88308d2cde710721587fbb145"
"outputs/processed_data/stage2a/conservative/labels/001_20200624_083153(8).txt","248","ad8137c907dcc67f0f4fb62d948a194f3ef2cf237ba172d08168c5c950e43990"
"outputs/processed_data/stage2a/conservative/labels/001_20200624_083156(9).txt","245","f59a1888b9ef7040c40c07707e566c00106a55e9586e897520dc28212ee4ff16"
"outputs/processed_data/stage2a/conservative/labels/001_20200624_083159(6).txt","247","319d31489bc474b4f7aa5f8261f18be82bbef6b2ab9a8e32ba8eb57e4ddfa235"
"outputs/processed_data/stage2a/conservative/labels/001_20200624_083202(6).txt","237","ebc4ca696fd08f0d8c15dc5482f3cf2357205e9081b6f930813e9acf381c1b0b"
"outputs/processed_data/stage2a/conservative/labels/001_20200624_083205(7).txt","235","30f8bbacfb478db2b220763ff0db36dede641c3c5fde3e1e6f441c30a2103b6b"
"outputs/processed_data/stage2a/conservative/labels/001_20200624_123313(4).txt","248","8203f70e615eb6a152db5a6396fe91a81a595de0177dbc2a132193289e2c545c"
"outputs/processed_data/stage2a/conservative/labels/001_20200624_123317(8).txt","248","104cf9abfcea8f34a9bdd8ed6ebe492112b4b959e8f254405967c1d37726b4bb"
"outputs/processed_data/stage2a/conservative/labels/001_20200624_123322(3).txt","226","3cfeb7fd8fde40b9c83135f567ead2159c53c71c232dc3d405815073faf77b2c"
"outputs/processed_data/stage2a/conservative/labels/001_20200624_123326(6).txt","240","bd52bc1ce3562560f338f085fe29eabff0c9561c3bd99b61f73231bc5d892f69"
"outputs/processed_data/stage2a/conservative/labels/001_20200624_123331(2).txt","250","dd0b885d747d29ed6ef4449fc4f650794c5c4cc7c765427126d631e714736448"
"outputs/processed_data/stage2a/conservative/labels/001_20200624_123335(6).txt","250","ba460c6679150917398f75fc26153623b15004c3b6873a0f16b5a5b35ba6f42e"
"outputs/processed_data/stage2a/conservative/labels/001_20200624_162816(3).txt","249","b81d3c514b1808879a213623227e7727564e85916ad51fc6ff79017d2bb37aa8"
"outputs/processed_data/stage2a/conservative/labels/001_20200624_162821(2).txt","248","31daa403e28f790bbaf34eb45f07478440505ca1c18c31637655bfb9e069b9f4"
"outputs/processed_data/stage2a/conservative/labels/001_20200624_162831(2).txt","247","287cd954a00a87bad5249ae731a2c7795f7717ae3c8004c7177437db0c551c84"
"outputs/processed_data/stage2a/conservative/labels/001_20200624_162835(8).txt","248","5c2d68fa4403e6e3b949ce95871275f173a26f9339fbd916c7a3e28d1b6cbb60"
"outputs/processed_data/stage2a/conservative/labels/001_20200624_203149(7).txt","234","bb05ce985f0421abed64f43677a07eeff8daff2ea076b7906c34b5f1ccb448e4"
"outputs/processed_data/stage2a/conservative/labels/001_20200624_203154(3).txt","237","cd10906c6d338a3d735fbc8d6d4564b9ca69d8a9751a18e8a6c058dfecf461af"
"outputs/processed_data/stage2a/conservative/labels/001_20200624_203203(1).txt","248","87a2696ebd8e5a90a3b60ee990edeefccbe13123588fb451b4d8b344b4e2d590"
"outputs/processed_data/stage2a/conservative/labels/001_20200624_203207(8).txt","237","5b7f85c28ed341ce68325fbbdf79c46702d0a949fb1dc6e4629cf5cc3f89e5e6"
"outputs/processed_data/stage2a/conservative/labels/001_20200624_203212(2).txt","248","869ba9ea0224ea3a3cb7ab02970e770358a29d956991de3af1f4fa177709ec3d"
"outputs/processed_data/stage2a/conservative/labels/001_20200624_203225(8).txt","249","cbaef0f90b4126bd8f1802c135d68dbef69ddaaae25e014c3b57902500b5af99"
"outputs/processed_data/stage2a/conservative/labels/001_20200625_003507(0).txt","238","8f4620e3ccdb7137a25ce23562585ea36277df2f869f9bfd8013947f54740ff5"
"outputs/processed_data/stage2a/conservative/labels/001_20200625_003511(4).txt","238","8fbba3bfd2d9f3b0a96f7d748ee0bf5b594be168fbc95f21facbb591ece05daf"
"outputs/processed_data/stage2a/conservative/labels/001_20200625_003515(9).txt","248","2172b04468e13f5d49bbc08c62acf37629ef733faabf22a92956a35e9bca7bd3"
"outputs/processed_data/stage2a/conservative/labels/001_20200625_003520(4).txt","238","82b6c443b33abb5d1080cc568b468a6840cde5bcf680981d757607a0034f8db1"
"outputs/processed_data/stage2a/conservative/labels/001_20200625_003524(9).txt","229","37764b78fcfdb6375b7fbd1178960cc64a4ab7a920bc6efe9e6e05d65e1df41a"
"outputs/processed_data/stage2a/conservative/labels/001_20200625_003529(2).txt","236","63a4aebda5ffbfa38163c2c284076b2492cfe52ac891194d2bb4a58ca9cbedfd"
"outputs/processed_data/stage2a/conservative/labels/001_20200625_043323(7).txt","248","b05217f20e6325f8b279c7f205a7550af3613a12125c6bd7556126df7aab182e"
"outputs/processed_data/stage2a/conservative/labels/001_20200625_043328(3).txt","237","2a6d18c8ca1c78799e235ab044bfed480171a2b950a812100a8b2217839b1883"
"outputs/processed_data/stage2a/conservative/labels/001_20200625_043337(3).txt","249","9187ba5141cf3fa9716fdb42818758df64eaf3507dd562ecbd345703e44a167a"
"outputs/processed_data/stage2a/conservative/labels/001_20200625_043341(7).txt","248","e9a40c868ad6a063872ab72db6206bc800768cb285a81d861ddf7330e7a831e7"
"outputs/processed_data/stage2a/conservative/labels/001_20200625_043346(2).txt","248","a875b7c93a727ff9ad2f4ac9f27db6a69b6a36fc8e31ee39d14e7908576fcaba"
"outputs/processed_data/stage2a/conservative/labels/001_20200625_043359(8).txt","240","4c15e2bca247af2680cea73944b576860accf8e879f72164ba0f57e9e2dc05e4"
"outputs/processed_data/stage2a/conservative/labels/001_20200629_082825(1).txt","247","32a1461bd2b3d82623d5cbe169b3b64c2e3cfa4789cdf87bdd715c02816e00f0"
"outputs/processed_data/stage2a/conservative/labels/001_20200629_082828(0).txt","248","5f0b1de48c94ad6c6eeb79a81f563a3c6388b9b990225af5102c356f220a94c7"
"outputs/processed_data/stage2a/conservative/labels/001_20200629_082831(0).txt","248","f46e7b5ce2acc1088c19e8860d92dda6f9bf91b9cb01af2d47d3c478240a9102"
"outputs/processed_data/stage2a/conservative/labels/001_20200629_082834(2).txt","248","f7b3fc4de0ffb7ece30d1158cec3eb9a83edabb270c73491855e02d513851368"
"outputs/processed_data/stage2a/conservative/labels/001_20200629_082837(2).txt","237","03b19287162c69ed119d3646ab71fdbf793cec3495cef60b85a6c62d35d551cf"
"outputs/processed_data/stage2a/conservative/labels/001_20200629_082840(2).txt","248","e1380e17cf00d3808c29a18bbe21e7e763a1d0ee92d42f09f0e1c53e574d2544"
"outputs/processed_data/stage2a/conservative/labels/001_20200629_082905(4).txt","248","547dfba46707b2be09e165334a04ffe98507abf58860e303777affe7afc7aadc"
"outputs/processed_data/stage2a/conservative/labels/001_20200629_123107(1).txt","238","c30c84eec966a7b7eabac88dce6183c46cc5d8257869568bdb182a098543f382"
"outputs/processed_data/stage2a/conservative/labels/001_20200629_123111(6).txt","248","b034de50cb5b2135700dafcab21ea3d11caeb21736f50fe951ac60d2ac875ff9"
"outputs/processed_data/stage2a/conservative/labels/001_20200629_123116(1).txt","240","c6af18aa8300a2273c89eba4718a8e1ad136619d60be9614e6bb89cc592a5806"
"outputs/processed_data/stage2a/conservative/labels/001_20200629_123120(6).txt","248","48eba56f0911184eda2af97435e16ed8083387fa9df44e215ce3b7aff00e6767"
"outputs/processed_data/stage2a/conservative/labels/001_20200629_123125(2).txt","231","f1a3766706d211aba08ebb097d7baf5d78827f8bc40102a32f603dc1d63e117a"
"outputs/processed_data/stage2a/conservative/labels/001_20200727_204954(7).txt","84","e7eff7083839c98b26bf98bb799d9a78e223f57a197ee6f5616f718d2b2efcbe"
"outputs/processed_data/stage2a/conservative/labels/001_20200727_204958(2).txt","84","7c22c83dda144996b84cc981b95aeaa34a4882d70ce5d7b2a4e7848896af828e"
"outputs/processed_data/stage2a/conservative/labels/001_20200728_014351(3).txt","82","9bcc10677f47f4521203cb677e869359cfa09928b642172f2c68d6e9df92c3b8"
"outputs/processed_data/stage2a/conservative/labels/001_20200728_014355(2).txt","83","bb1dab65b582ac83718aabe6a3060632a03b804b4d82b08458a64d637fb944df"
"outputs/processed_data/stage2a/conservative/labels/001_20200728_043138(3).txt","82","7b6ecebd7e7184fb6278d726d3cad336df8d2f13db63cf4e31f6b6fabd1ac167"
"outputs/processed_data/stage2a/conservative/labels/001_20200728_043141(5).txt","83","be1cb4398577ce18eb890068bf8241ac01ae4621e69fa5b539fc7d444516076b"
"outputs/processed_data/stage2a/conservative/labels/001_20200728_083108(2).txt","71","6c030cdf9853e221bc65063e2de69405ba0ef0d93dcc88712acdb27d217645ee"
"outputs/processed_data/stage2a/conservative/labels/001_20200728_083116(1).txt","84","931ff79ba853d9207ce8b3f5cd0d4112b4f01ac5f5091f021423132f9452db35"
"outputs/processed_data/stage2a/conservative/labels/001_20200728_123129(2).txt","71","70d27b99bdbc326a563c40e157973b20cfe0687b5e647f9afeae4a6f0b1924b9"
"outputs/processed_data/stage2a/conservative/labels/001_20200728_123132(4).txt","70","058bf9a6200ff85308c0e5d4ea081fca71526dfe8301271bedcd5ad9dd57f848"
"outputs/processed_data/stage2a/conservative/labels/001_20200728_163910(5).txt","82","ddd4179a85a6605592245fb3dd830fca139a6aa7cb3896509ea13625dc492cb2"
"outputs/processed_data/stage2a/conservative/labels/001_20200728_163913(6).txt","82","2625178cafa7a12ac3b5e7099fa2f65c5c2773598406085f49fc7e068445d3a8"
"outputs/processed_data/stage2a/conservative/labels/001_20200810_085043(8).txt","82","a654c9d50b03777d99441a0bf11cc1d84ddbdce6aa56f292b728a9950e1df2ba"
"outputs/processed_data/stage2a/conservative/labels/001_20200810_123047(8).txt","71","43c61aee738698dd8dfa98ca38d8c1ac1f6490bc4b08e42213bf21d240577196"
"outputs/processed_data/stage2a/conservative/labels/001_20200810_123051(3).txt","82","054c6291c49443e19cec6f7677af7cf267abeaad0fb2cdb3e04a422e5f289db3"
"outputs/processed_data/stage2a/conservative/labels/001_20200810_163112(8).txt","83","a06cdac9a0845120a41b9ce49b4db9a01f7ed46a0d33297c2c2b61f8f9aa31f4"
"outputs/processed_data/stage2a/conservative/labels/001_20200810_163116(0).txt","84","a1eae7998e98eb89cf5bf911ab96040096ce2b0a8f424e72cdcd41b98bc2e0c6"
"outputs/processed_data/stage2a/conservative/labels/001_20200810_203208(7).txt","63","bf17e26606f984f0eb8c16c594b3ad24b25a5aea69fde4c7ba74ae5caba93807"
"outputs/processed_data/stage2a/conservative/labels/001_20200810_203212(6).txt","82","7b11439d8c3e57af3f53f53c8c36df4d705b576b384a1771b663ef175a059537"
"outputs/processed_data/stage2a/conservative/labels/001_20200811_003323(2).txt","83","71570a6725f76902a3fc0594c8a10085381fa19480b17805335f8235dbaca7b1"
"outputs/processed_data/stage2a/conservative/labels/001_20200811_003327(0).txt","72","c3e746735544ce54d24b69c56c12eec914e85a4c0002b24fcd5ca1d7f6fe24a2"
"outputs/processed_data/stage2a/conservative/labels/001_20200811_043037(3).txt","83","defef782a150cf5242a4b35db0c136ac2757e65fcda3b42ab121fbd5af55bf02"
"outputs/processed_data/stage2a/conservative/labels/001_20200811_043041(6).txt","82","f582c3afa19ac2d5f9036e873537e39d1ab7c6bcb1bc56ca440386c4865a4324"
"outputs/processed_data/stage2a/conservative/labels/001_20200814_033012(7).txt","84","d31a3b5c698dbe275e736d0862f617e7ef28816885fe8e193d77eafbd47a1812"
"outputs/processed_data/stage2a/conservative/labels/001_20200814_033016(6).txt","62","b77971e1960a78423d90464e8e952e65ce0d38852e2702fedab06bbc09736bce"
"outputs/processed_data/stage2a/conservative/labels/001_20200814_043321(6).txt","82","746eacc25892b16278ee07711fb32f0816534013d40367549da4c22ebcbea40e"
"outputs/processed_data/stage2a/conservative/labels/001_20200814_083045(8).txt","83","96701b9b2b96bffa811b0c1a320b76de260530354b55651778ac2121e0326bfc"
"outputs/processed_data/stage2a/conservative/labels/001_20200814_083051(9).txt","84","ff056ff9753bc4ccf3127b5a3ca519d858987f6d9147418bbcd4bca8a21a729a"
"outputs/processed_data/stage2a/conservative/labels/001_20200814_123136(2).txt","83","c96a1caa055296533bdfba05146cdbf49026aff13a3f0a9ab088818d5af63d26"
"outputs/processed_data/stage2a/conservative/labels/001_20200814_123143(5).txt","83","07b2e31f986f862e485334c9e7059d7607acececd1a470153e0fe3d87d4e034c"
"outputs/processed_data/stage2a/conservative/labels/001_20200814_163101(7).txt","72","376a48d59221a76f6581c6ebd3760b9d224a5a4da0f45a88bab670c6cca7c6b9"
"outputs/processed_data/stage2a/conservative/labels/001_20200814_163105(1).txt","82","9c76f40b49d86d8156ffc762803e0dcdbd134f0595f10258125c5f33a14546b9"
"outputs/processed_data/stage2a/conservative/labels/001_20200814_203438(9).txt","83","1da8c6742ab6442f50ba7a37064895aa7b9fb0f8b9b23d63489bb24a07b26045"
"outputs/processed_data/stage2a/conservative/labels/001_20200814_203442(4).txt","70","cc2b2d600453d310b89229c9367614928a98702c1f9119ef831742d96ca403ba"
"outputs/processed_data/stage2a/conservative/labels/001_20200815_003438(6).txt","84","c55e999f1bcdab9f5dccacb8f2321cca38a707116db964b82afcde09db825d81"
"outputs/processed_data/stage2a/conservative/labels/001_20200815_003529(0).txt","83","4ccd824565057357e90edf9a498c8ff4730d043bb4d94202d34bd4bd61585ae0"
"outputs/processed_data/stage2a/conservative/labels/001_20200818_083145(2).txt","83","725806869f2192ba19353e45e783a3dba1543935e45d51b9aa503d732d63185e"
"outputs/processed_data/stage2a/conservative/labels/001_20200818_083159(7).txt","83","597d8bbc0b5692604f309cd00cfdf3f2569847c3191b40f785cb62ff8d09906e"
"outputs/processed_data/stage2a/conservative/labels/001_20200818_123634(4).txt","62","539f75795012b57d4df855cc386218668f83e1f21597c632ca4200305fb1ac00"
"outputs/processed_data/stage2a/conservative/labels/001_20200818_163230(6).txt","71","fdd7e0a9b707656513a585c0b89cf97764fda0bbb6e5fc97785a6a5a31b034c7"
"outputs/processed_data/stage2a/conservative/labels/001_20200818_163233(9).txt","82","e9e547536d81e00588c8d237f5621c5e26446fd64ded0877a24b89c96ae96d61"
"outputs/processed_data/stage2a/conservative/labels/001_20200818_203601(4).txt","70","6a5a06cc4af002f1b6d83963479f5e1ec734df09636eaf1bf445bf8f98a69d55"
"outputs/processed_data/stage2a/conservative/labels/001_20200818_203607(4).txt","74","397f272e5ca620e985ee1b4a482d94f0ed9e1456458da2739fce7ac477227b07"
"outputs/processed_data/stage2a/conservative/labels/001_20200819_003039(4).txt","82","fce7b7f6ad7274739b21aad385ba03b8445eca502df9b624877d6a257b3a8e36"
"outputs/processed_data/stage2a/conservative/labels/001_20200819_003044(1).txt","70","77ed8e35a12f69a1576cd57426d348082d82fd448d0523c586c38d7ba08d55f8"
"outputs/processed_data/stage2a/conservative/labels/001_20200819_043209(9).txt","83","4483611773c3f7b64e91800e64f19dbd5496f545021861d2c653ad958da4c59e"
"outputs/processed_data/stage2a/conservative/labels/001_20200819_043216(0).txt","82","96095c8f974ae4d3788f14bb99121c90452db13987f6afe86b5bba7efad1a04e"
"outputs/processed_data/stage2a/conservative/labels/001_20200819_083353(5).txt","83","f92cd6c218ac945a77e49196e4a89706248fc5b505338d32ffda8d7987181782"
"outputs/processed_data/stage2a/conservative/labels/001_20200819_083401(0).txt","83","616fe924c9256301664557b8b81ee793130f8da0b5bbf5a2c593c7b2daf5ae4a"
"outputs/processed_data/stage2a/conservative/labels/001_20200819_124414(0).txt","72","41f62573168a16b422ae1c2d9285325eaea08912597f99bbdcf7060900cf7fab"
"outputs/processed_data/stage2a/conservative/labels/001_20200819_124415(9).txt","83","ec4d5cbd9bf43e7ee4ae56d777da847b443e68d01e1d597f958ea4cc22bae193"
"outputs/processed_data/stage2a/conservative/labels/001_20200819_162723(4).txt","71","d980a852853dc8da586f623e172ad11cee07d7e160c1c8fd57d3281b598c4316"
"outputs/processed_data/stage2a/conservative/labels/001_20200821_150525(5).txt","83","ba05f9bed411edb5c665ef8c8ddb43aca91d0da5e0509f57843546c2a43311f7"
"outputs/processed_data/stage2a/conservative/labels/001_20200821_150529(4).txt","83","0c6fbf823ae35f0ae97e7cec3ab05dc81e42869a6eab4da3fac05ac43081f171"
"outputs/processed_data/stage2a/conservative/labels/001_20200821_163349(7).txt","83","fefb863d8f21b6059a222cdea1e01550a303a4027d882be33a84425e677a2684"
"outputs/processed_data/stage2a/conservative/labels/001_20200821_163353(8).txt","83","d97f9ee61b4f1853866a4692f325ff287cdf936e587e800637985076fd5aa30c"
"outputs/processed_data/stage2a/conservative/labels/001_20200826_023328(3).txt","83","c7f6ec4c4ae53a14aa23bd437294ab7f2843d29183bc01685112f13e83f6303f"
"outputs/processed_data/stage2a/conservative/labels/001_20200826_023332(5).txt","84","e3ec3ae34c7fa7a375cacd724834b6d818b17fefe19fd4aefa2b19001ae55774"
"outputs/processed_data/stage2a/conservative/labels/001_20200826_043252(8).txt","83","1c7aceddab50acb6055eafe7bed488dccdc3bbf45dcd649ccfc6b39163df7117"
"outputs/processed_data/stage2a/conservative/labels/001_20200826_043255(8).txt","72","485bad587dc87e4249e9db03b0a499fab0a7dfddf77701c19e0a8dd8f6a01f96"
"outputs/processed_data/stage2a/conservative/labels/001_20200826_123711(3).txt","71","5b78b13888514682877becd4d1c39d7e47402dc1387fb1a1159c2a9d57610d47"
"outputs/processed_data/stage2a/conservative/labels/001_20200826_123714(5).txt","74","3c695c98a38c181ad3469014a7a1da344acf0dd0d78264f262b0e7316b0d5f18"
"outputs/processed_data/stage2a/conservative/labels/001_20200831_083711(6).txt","82","4c5cf45e3fd99d678324f5b5af5975d77cdfc922da027b26068e447b13e5b85c"
"outputs/processed_data/stage2a/conservative/labels/001_20200831_083714(8).txt","83","a2d9c4a45bd6d4b33403c3be38c2f17539c2e755e3b1092aab005e73056b633c"
"outputs/processed_data/stage2a/conservative/labels/001_20200831_123316(5).txt","83","88533991cf9b376c6dde4a45571c48435156e7fdb8ac4ac99eea13811248c793"
"outputs/processed_data/stage2a/conservative/labels/001_20200922_163332(2).txt","72","a5b7b1759cf3f4ae8430dd38ddc3df07dc3c9e4f05cdb4aacffaaf96762c14a6"
"outputs/processed_data/stage2a/conservative/labels/001_20200922_163335(3).txt","74","06bb65a093587f540544b3f347141ea1f0f58a7e4127fd89f803a13918593c26"
"outputs/processed_data/stage2a/conservative/labels/002_20200622_203053(2).txt","248","dfa57b1c442bfb2cc29c8029c00ed754ec8fd5f951dfb60c7edadf01d482a281"
"outputs/processed_data/stage2a/conservative/labels/002_20200622_203057(3).txt","246","dd7e03878888cc52eb75f1b1e1284ad1bfa80486338094562ff24791a78d8aa7"
"outputs/processed_data/stage2a/conservative/labels/002_20200622_203101(3).txt","248","10468611c32bd07a8ecd723ff1bce1d097ff8a5abfb9827b4acb88f3ce0a5f57"
"outputs/processed_data/stage2a/conservative/labels/002_20200622_203105(4).txt","245","366a1b770c92232a81c52cb1b21df340978bfb721e4a1197c79b2de5c226d81a"
"outputs/processed_data/stage2a/conservative/labels/002_20200622_203109(3).txt","238","ffe45f1138f424a56e90a92a86662f52acc8936a5ecfe57248a61318447abed4"
"outputs/processed_data/stage2a/conservative/labels/002_20200622_203121(4).txt","235","8fcf4c2ea6f348b279435ea9a98351cfa954648628d7f245643230090c44b43e"
"outputs/processed_data/stage2a/conservative/labels/002_20200622_203136(3).txt","241","0d1e35737676f3af189e291719a454ffd62240f508a524be2aded26460ce6790"
"outputs/processed_data/stage2a/conservative/labels/002_20200622_203140(8).txt","242","6ecdd02b7aeaa04bfcad86dc5409fa02b618c721b3b94c66de64bd247dd86a23"
"outputs/processed_data/stage2a/conservative/labels/002_20200622_203145(3).txt","246","2602aa141c67ee8a7b177e3d7af835f5c8bb077520355c1bb8a3c6c19042e838"
"outputs/processed_data/stage2a/conservative/labels/002_20200622_203149(8).txt","243","da4e33eaa28704299eaf2f585c146a7b85858071e9895c4657d670ca7e0694e4"
"outputs/processed_data/stage2a/conservative/labels/002_20200622_203154(3).txt","247","477cd742d93abd26545709136c21aaf72a5587714424ae283727ff707499126d"
"outputs/processed_data/stage2a/conservative/labels/002_20200622_203158(8).txt","244","412857668c7077d11ad1647e6c85bfd4a88fe19affd2c872bd76519ebf02f4fe"
"outputs/processed_data/stage2a/conservative/labels/002_20200623_003346(4).txt","234","c71872b1a528c8e459a193a3dc0977489834edbeec1488f41639a0ca3c69fb00"
"outputs/processed_data/stage2a/conservative/labels/002_20200623_003350(4).txt","236","45b81224e8cc94799b78c05de3c0845654ac04659499014b82272d37a75e5f70"
"outputs/processed_data/stage2a/conservative/labels/002_20200623_003351(2).txt","243","6c6843978ad5c136de42c34c0c910f2fa9d0e79780dccfaf0e7690741485ccf6"
"outputs/processed_data/stage2a/conservative/labels/002_20200623_003354(3).txt","245","042e4849632882af50a51f2bd7cc052051d53a8fe975002a2a14c188a767bd31"
"outputs/processed_data/stage2a/conservative/labels/002_20200623_003355(7).txt","244","8a732f8fbc7d8cef6215abed7a212ee46d9eca0df8e26ed84fe0e49d153a6086"
"outputs/processed_data/stage2a/conservative/labels/002_20200623_003358(2).txt","238","3e823fb79abc6964d33cb87b1abcc664dfe5ffde9ce26abdd0a3eb8f0a512f74"
"outputs/processed_data/stage2a/conservative/labels/002_20200623_003400(2).txt","230","42d426bc67d3bfdea938a110dec161ba8df796cc6c0b9e0e86592a4c7fc22346"
"outputs/processed_data/stage2a/conservative/labels/002_20200623_003402(2).txt","245","3e23961c7ff0ead03b70bd7163c490444e22a1a12fab66429e7b6f5263fa10b0"
"outputs/processed_data/stage2a/conservative/labels/002_20200623_003404(7).txt","231","60563613452aefe584bf5577352ed2d54f8d7e952456b0c1a314fd6b946c0bcb"
"outputs/processed_data/stage2a/conservative/labels/002_20200623_003409(2).txt","249","a2328e6607495058c5b0ec92ab7eabe8da5f4b153bc3a796ffd4ccb47b963eb3"
"outputs/processed_data/stage2a/conservative/labels/002_20200623_003410(2).txt","247","6f335351784448ed5a5a830fc988923966113ed3c09559cc3049f6e27a540721"
"outputs/processed_data/stage2a/conservative/labels/002_20200623_003413(7).txt","246","0f0a795f1809b68acf8662f32419537cd11df931381d39e5d50aa857fde0136d"
"outputs/processed_data/stage2a/conservative/labels/002_20200623_043039(3).txt","234","ee0cbc91bfa22cf19ecd4d65a63ed7cca3bb6d7e960b4b5ddb9d484fda16b3cd"
"outputs/processed_data/stage2a/conservative/labels/002_20200623_043043(2).txt","249","7a063c830ac85ae92bb86a549f301b07f0038d4eaab1a9df324e521f01ced153"
"outputs/processed_data/stage2a/conservative/labels/002_20200623_043047(2).txt","238","e49326cf79376370d0e098d81014f5aec679a2ede718fe36b84d528aed2fd2bd"
"outputs/processed_data/stage2a/conservative/labels/002_20200623_043051(3).txt","245","91044535cbfb30c27c0cab10afd0c50b19d5db1492aa342601c781a1cf31a119"
"outputs/processed_data/stage2a/conservative/labels/002_20200623_043055(3).txt","247","ad37d273416df3e82ccb7ef2a90a883acfcf77662e57417b4fb2a1efb1c2ab3e"
"outputs/processed_data/stage2a/conservative/labels/002_20200623_043056(0).txt","242","3709c27deeeb0714e7fe58f68b3a6707f8a2aeb0a7b7ae830f9bdddbf5b1c3df"
"outputs/processed_data/stage2a/conservative/labels/002_20200623_043059(4).txt","234","e487d6bd5afa58b9f392c92dc98b51fb3ab285f2bcdbdabc9b789951675947da"
"outputs/processed_data/stage2a/conservative/labels/002_20200623_043100(6).txt","244","dbf6029d84c4147bf8325989c173226d4490799ab10f0a9e8f9c7c4012338f31"
"outputs/processed_data/stage2a/conservative/labels/002_20200623_043105(0).txt","243","2b4459c370c599a5d662f8ead56ae7685aa7b4062207f605d9553465600a433c"
"outputs/processed_data/stage2a/conservative/labels/002_20200623_043109(4).txt","242","de4d10e05b7799654590567181794c4b7cfee3f8b4643819105961dd9843ca1d"
"outputs/processed_data/stage2a/conservative/labels/002_20200623_043115(4).txt","246","406f7b9b582b3bb57e0a8495dcffcf638d825195b8dd5f5e43dc2e3381cca76a"
"outputs/processed_data/stage2a/conservative/labels/002_20200623_043120(0).txt","243","e0701a8245f87b7f731372442e5e58e6c8b446ac747cbd272dcb57b8b4c55499"
"outputs/processed_data/stage2a/conservative/labels/002_20200623_082249(3).txt","244","e924918e3e54d2656083bdaa22928d74ce22332e4b7ff4c325978c62ec4c4e96"
"outputs/processed_data/stage2a/conservative/labels/002_20200623_082253(8).txt","242","4614cbccebab8d3d5cf3d6ee02dedab2bb768a76ac2235ad796a75d399f48aaa"
"outputs/processed_data/stage2a/conservative/labels/002_20200623_082258(4).txt","243","db8376309bb68d43a279c1ea98975ab49d305218faea893191cb884a805135a1"
"outputs/processed_data/stage2a/conservative/labels/002_20200623_082258(6).txt","237","447f6a3ff1283edb6f3d60de8096f9be29c57829844a7cfb061a0b46381be302"
"outputs/processed_data/stage2a/conservative/labels/002_20200623_082302(6).txt","236","97643ee9bafc9944d6ebc8c249f6ea4b8c501823ae5145c96150993bfad803a7"
"outputs/processed_data/stage2a/conservative/labels/002_20200623_082302(7).txt","245","f83c307e9abaa71c0f3950e07c87b2b91964be9626f3e7bd6ff42ceb8b0c1685"
"outputs/processed_data/stage2a/conservative/labels/002_20200623_082306(5).txt","232","1b2146839ceb09f584cfaa10c01520d435ac0e751e3ab37742a2795bbd5d250f"
"outputs/processed_data/stage2a/conservative/labels/002_20200623_082307(2).txt","228","f6131d4e6e84158cd39aeaf51777191a6234afde2a32ea4e874556fc728ddae4"
"outputs/processed_data/stage2a/conservative/labels/002_20200623_082310(6).txt","235","56ee349a37923434648e52d7675380bc4a04340886b37af48116ce1eda050e3c"
"outputs/processed_data/stage2a/conservative/labels/002_20200623_082311(8).txt","244","3990deb2b1ff98079d58dffe79c8c56f56e2354f0b407c55b9d81b0ac08cf9ff"
"outputs/processed_data/stage2a/conservative/labels/002_20200623_082314(4).txt","236","55009425b487e517821063e62f11f5380010965bc292359b39dca9070a3ebacb"
"outputs/processed_data/stage2a/conservative/labels/002_20200623_082318(5).txt","233","5e36784a3c89e4ad9ce7e02f08d7f39fa21a436b7aa44a100e9a4ecd0d7cc695"
"outputs/processed_data/stage2a/conservative/labels/002_20200623_123032(7).txt","247","35bea16881d8b6d91abfeb93eefda2458cc987b043ce6d511337dba1b2484fc3"
"outputs/processed_data/stage2a/conservative/labels/002_20200623_123036(5).txt","234","802b160aa16638a5c5ee3613a30d25249fa456a06ba9b163dd7ebe06dee89abc"
"outputs/processed_data/stage2a/conservative/labels/002_20200623_123040(5).txt","246","05718c7b1be18b7872374696bb4efc864cf20658bf1cc3bbb3a877114c07539d"
"outputs/processed_data/stage2a/conservative/labels/002_20200623_123042(0).txt","242","edcb4fca69a38185f6e22f1bcc776e10119e7c1fb991159df31013b1371a5b8a"
"outputs/processed_data/stage2a/conservative/labels/002_20200623_123044(3).txt","234","bfd41d7bda741a79d8d891c40cbecd917f496d8056503414f4da7c16000cb67a"
"outputs/processed_data/stage2a/conservative/labels/002_20200623_123046(4).txt","246","f7031ee5607f9c4003524cdded324fa5b90b1eab6b4e124a5030c33819c067b1"
"outputs/processed_data/stage2a/conservative/labels/002_20200623_123048(4).txt","245","4d032b06d46432a5a1a1f4fe343c46a0e630d931623a2b39f633adfc0b062cfd"
"outputs/processed_data/stage2a/conservative/labels/002_20200623_123051(1).txt","242","fae039fbb4e21f9c5e13597a449a9989a267ebf91045c4129ce49ab9a54ce18d"
"outputs/processed_data/stage2a/conservative/labels/002_20200623_123052(5).txt","247","363bbe26265f3c4680a32e748870bda00a5091e0520bc3a401b90d812512f785"
"outputs/processed_data/stage2a/conservative/labels/002_20200623_123055(5).txt","164","7f53f3f8cedcdaf377beed42f5569ae90bfb65d603b9560e70f11fa2955224c8"
"outputs/processed_data/stage2a/conservative/labels/002_20200623_123100(0).txt","247","1fef9db53e116f7b5f300f1a476e862692ef26d05f74c70eb7f5520b437544ec"
"outputs/processed_data/stage2a/conservative/labels/002_20200623_123104(5).txt","246","af516c084bd5c14e8f9ea73a290c8cf4a42c087d2a93c9e95a363eb02dba7bb1"
"outputs/processed_data/stage2a/conservative/labels/002_20200623_163020(3).txt","247","c0d7b4269c729d172bcbc095295a622257b56385f89cf32b53a3af020190f757"
"outputs/processed_data/stage2a/conservative/labels/002_20200623_163023(3).txt","241","8dbfc6c2ee592cab69833f02bb1d073c49643261a827a1a3a2db09dc2167e6ba"
"outputs/processed_data/stage2a/conservative/labels/002_20200623_163026(3).txt","243","77d3d6921aac82c84ba51c84316e95bcef7f9411c8a03ed597e94d6c0e007393"
"outputs/processed_data/stage2a/conservative/labels/002_20200623_163029(6).txt","244","a28146c1990bbea1d5e195e1de43e4f3ebfb100180cf42a3744d954a6213d68d"
"outputs/processed_data/stage2a/conservative/labels/002_20200623_163032(5).txt","248","01cc823fbc1c2db18702bad69d843a502191fec4fbeab6956810a8d521d36e2f"
"outputs/processed_data/stage2a/conservative/labels/002_20200623_163035(5).txt","245","4750fd1fcefd85d15c57c04b75c79ef4b5b37c5f3b7a91641ba26f889e370bd6"
"outputs/processed_data/stage2a/conservative/labels/002_20200623_163039(5).txt","247","52050e934d0689ce4ded1e6a0f6f301b563467d0a9d0cdc5c0528c0f6d67718d"
"outputs/processed_data/stage2a/conservative/labels/002_20200623_163043(7).txt","246","0b082a3f0feb4dfb6c4346c6be7fb4324188ac788c250925f59cf6ec6bb0d2a8"
"outputs/processed_data/stage2a/conservative/labels/002_20200623_163047(6).txt","247","1bd6dfff321ed0d772121ab77b500653e19364786e8764690a66e05f4c348e50"
"outputs/processed_data/stage2a/conservative/labels/002_20200623_163051(7).txt","239","83a3387075842b6062b64e03a66e440a6eea88666354c9563c1ad81feb66da6e"
"outputs/processed_data/stage2a/conservative/labels/002_20200623_163055(6).txt","250","86572226b74e33514b261433a81c9aeb7943a644ff3bf8fd333ae0aab74f0d5b"
"outputs/processed_data/stage2a/conservative/labels/002_20200623_163059(6).txt","249","ec77b8cccdad72cfe3ca5bfbbb74f9677d3b400e334086613200714d926c4b42"
"outputs/processed_data/stage2a/conservative/labels/002_20200623_203033(6).txt","245","1ff694b7c312840925a36eb45ad46cfde9f0a9104a0558376fe99268dab5dc97"
"outputs/processed_data/stage2a/conservative/labels/002_20200623_203038(0).txt","246","b663c0efaf68495b91c41d39929e008161e78e8d094b6f99cfa73fc4a358153f"
"outputs/processed_data/stage2a/conservative/labels/002_20200623_203040(4).txt","247","5d1b301b2f16e5c1ede5e104baeaf249b73b42bf5de98b7cd7b4f3489f23df5e"
"outputs/processed_data/stage2a/conservative/labels/002_20200623_203042(5).txt","229","1c8a388eaa3ad7ba19f647ac174c18de7bcb0ec325793dbb529a2b480c959b2b"
"outputs/processed_data/stage2a/conservative/labels/002_20200623_203044(0).txt","246","be4b6bd90264839c8206bd310b52ddbb31a075b532f64d2c96c627d498803871"
"outputs/processed_data/stage2a/conservative/labels/002_20200623_203047(0).txt","247","4dd8cdd780d9cbb1d96e872fa2d177fa23fca7a04fe0b4013be801153ba34662"
"outputs/processed_data/stage2a/conservative/labels/002_20200623_203047(7).txt","245","4e28e299e358d612fe7f27a9bcc3de312d1777a2f731adf2d8f623604dc4de61"
"outputs/processed_data/stage2a/conservative/labels/002_20200623_203050(0).txt","247","563c37d72a834ff2a732549cc99a584f422c6e80fb9195ef803a8c010f238f7b"
"outputs/processed_data/stage2a/conservative/labels/002_20200623_203051(2).txt","233","3dec3d7cc1a965f679fd0b907e3c56fa2c73ce6be7e5d80ae5c3deecbd3021f2"
"outputs/processed_data/stage2a/conservative/labels/002_20200623_203054(6).txt","246","faa15d2c0d7b4ee833c51a005390e402ee6f5a0990669347db14152fbc375bdd"
"outputs/processed_data/stage2a/conservative/labels/002_20200623_203054(7).txt","245","a24b51bf7c96a6c8e04f8bd6a3f8aa9089a35f767176d8fe706f07836d70fac8"
"outputs/processed_data/stage2a/conservative/labels/002_20200623_203058(3).txt","247","2328a00220c9f07ec1b9a56c4fc7e785149625714c5026a292d6a05fe0fceebe"
"outputs/processed_data/stage2a/conservative/labels/002_20200624_003107(0).txt","246","7ba0f4356f904be854ba1931065d50437b79cec9d9a5d52c71fc69fe240051c8"
"outputs/processed_data/stage2a/conservative/labels/002_20200624_003111(0).txt","246","17a4804b030a054e53bff701a502c2ca3cac73a98878bdef6c3cf2320aa33341"
"outputs/processed_data/stage2a/conservative/labels/002_20200624_003115(1).txt","237","df1abe9886402519714671e4328f085b50948bb71298622a2b06dc3e8d865440"
"outputs/processed_data/stage2a/conservative/labels/002_20200624_003115(6).txt","243","bcf13bb10b74623e2c84b4b79868edefcb993982f05e1024f98680b8fbaba7d4"
"outputs/processed_data/stage2a/conservative/labels/002_20200624_003118(6).txt","243","0ddfd3e7ed5b3602a1d411918e3396a1c6f1f1ac2a38b1f6176d2b5ed2aebd0f"
"outputs/processed_data/stage2a/conservative/labels/002_20200624_003119(1).txt","248","aca917657af30d5670d722e43b00cc7176db129d9e4014590eef51894c26535a"
"outputs/processed_data/stage2a/conservative/labels/002_20200624_003123(0).txt","245","4f28b36cbac8dbbbc9c39ef3745e64facf5b1f9f79a35901638923abc6651ebe"
"outputs/processed_data/stage2a/conservative/labels/002_20200624_003123(1).txt","234","7ba967b75b655f78d1a206a05cfde4f946b32e73b74b569f158d8ccbb1887b33"
"outputs/processed_data/stage2a/conservative/labels/002_20200624_003127(0).txt","248","e352327ab022bd4b0c88506f74c7cf409e2ed05558fb76493144f898f0acf1d9"
"outputs/processed_data/stage2a/conservative/labels/002_20200624_003127(5).txt","244","4d60d4b9686e6b4b9d6ca2ab85e7c74efca7568b705a84465cf9c0ef98cd3f1b"
"outputs/processed_data/stage2a/conservative/labels/002_20200624_003132(0).txt","245","b135dc069556fab784e6c87b2a3f3370f1adaf06e263325dfe15b80169145554"
"outputs/processed_data/stage2a/conservative/labels/002_20200624_003136(5).txt","248","51c6ed4bf022dafac28028d29f4dbd282849da28abc7176dbec90b301195aa21"
"outputs/processed_data/stage2a/conservative/labels/002_20200624_043128(1).txt","225","d2aedd3dd153576541f85cf27cb96554a0bf0f554b053fdd28b2ae40297c5467"
"outputs/processed_data/stage2a/conservative/labels/002_20200624_043132(2).txt","248","784040cf50e6c55d4d393fb329ca0a4a30bf6babe3719d07e069212a5b560d7e"
"outputs/processed_data/stage2a/conservative/labels/002_20200624_043136(1).txt","246","98e2719fc6bb5e09a6b2b61165558c9a3c086040dc7bff1882eadfbf9c77336a"
"outputs/processed_data/stage2a/conservative/labels/002_20200624_043136(9).txt","240","2dba227f4fdac4043e6efc902db12c3b193053aaf5adb0b56697f1bf1904fad5"
"outputs/processed_data/stage2a/conservative/labels/002_20200624_043140(2).txt","244","2e7252009161d01928d045f6e0cd97225180c94c36636b8f780e514657a56409"
"outputs/processed_data/stage2a/conservative/labels/002_20200624_043141(4).txt","242","2df121743623d538234ce78e92cbfc0eddf57d447fc4f996f745baac0680731d"
"outputs/processed_data/stage2a/conservative/labels/002_20200624_043144(2).txt","232","acbb6f40e7743a72d0306eec270822d92ff1456f08abaeb133a4dcb8bf9c3bde"
"outputs/processed_data/stage2a/conservative/labels/002_20200624_043145(8).txt","243","104f51288f27164e53f5f8377b6cb1361248c4fe033f39dca7822307d45f26da"
"outputs/processed_data/stage2a/conservative/labels/002_20200624_043148(1).txt","236","dfceab5e68e447a08c1d9ed6a55ec471822642ef76a9cf3b3ab4760496d82d0c"
"outputs/processed_data/stage2a/conservative/labels/002_20200624_043150(3).txt","226","cf18c6657c78ea231727b3379301742167211ad249599cb1e1dd24356b803970"
"outputs/processed_data/stage2a/conservative/labels/002_20200624_043154(8).txt","229","39652cba7b713cc6e0856c4d3ebb1976e0a0ec15753494dd666de48b0c0d20ea"
"outputs/processed_data/stage2a/conservative/labels/002_20200624_043159(4).txt","246","d86d2d60e899cca7162710af39e71efee58c498abfd4557a36e6856e0b392634"
"outputs/processed_data/stage2a/conservative/labels/002_20200624_083032(4).txt","244","314d2d3ce674741f53382500da366c403176378e80076dc1a56d15cc61a99b82"
"outputs/processed_data/stage2a/conservative/labels/002_20200624_083036(9).txt","243","54c277176a40aea2dbe781fa5e7a1c449240e05fcbdb8a6d78d235a98a512315"
"outputs/processed_data/stage2a/conservative/labels/002_20200624_083041(3).txt","246","9a7f102707cf3c6f94a90d18edddf5161b151b7307d942b0e9843cd6c8b34555"
"outputs/processed_data/stage2a/conservative/labels/002_20200624_083045(5).txt","248","56c6160350fbab0de6c1cc66361cbb2127bfe55e05895ccc0a84071d884281d4"
"outputs/processed_data/stage2a/conservative/labels/002_20200624_083045(8).txt","243","2cf171fc29c60bf8923c87c16e6b0e4fa43702f4900fc84015c5f3d51878e890"
"outputs/processed_data/stage2a/conservative/labels/002_20200624_083049(6).txt","236","724bef20866e019b64eb04bc74243508066c49a969db8bc9c82f286af172a62d"
"outputs/processed_data/stage2a/conservative/labels/002_20200624_083050(4).txt","235","96405a5b9de0033c029751aa74ef7d8543decaa520722af569cbca178f350a77"
"outputs/processed_data/stage2a/conservative/labels/002_20200624_083053(3).txt","246","0bca33573aba21e0248270101b03227fda46ec7489693e8924947cfce2bed58b"
"outputs/processed_data/stage2a/conservative/labels/002_20200624_083054(9).txt","247","989a3f2616ca710b4297707870026bcc79ff8f81fe06d960e44c7a0b80148263"
"outputs/processed_data/stage2a/conservative/labels/002_20200624_083057(4).txt","249","1670fd3f879b54e887195ed29b1a6ffa334261ca409e7aad7ef0029f97e64f3c"
"outputs/processed_data/stage2a/conservative/labels/002_20200624_083101(4).txt","233","051608829d1f9d3c144807b0228efd3d929f868d01cda00c56774c847e875dad"
"outputs/processed_data/stage2a/conservative/labels/002_20200624_083105(5).txt","235","8b5fd3a3506273698b4e0a38de393261e34ddf18f3376f8ba40aa94af7919abf"
"outputs/processed_data/stage2a/conservative/labels/002_20200624_123122(6).txt","233","2357b0bffe2905744437cd89bf2df101c225c0294c2e6a131a8ff1d8d94b1ae3"
"outputs/processed_data/stage2a/conservative/labels/002_20200624_123126(4).txt","248","ecfbf7418685d8b0f2139078ef950c0d88be2fe95c53c637ec3068edd9948451"
"outputs/processed_data/stage2a/conservative/labels/002_20200624_123129(9).txt","237","dc5700ddab6d2211d008cd3432647d1fa788c89cd7a21bb242bf5549ca5be2b3"
"outputs/processed_data/stage2a/conservative/labels/002_20200624_123133(0).txt","248","c39b18a9a771837240b74c2e21ca0984bebfd384d775829ab65f77ee3bc445b4"
"outputs/processed_data/stage2a/conservative/labels/002_20200624_123136(5).txt","245","3160fb91c8130000e54b87deda210a4f9f3328dc397b4328f3dc5e14e8df5868"
"outputs/processed_data/stage2a/conservative/labels/002_20200624_123143(7).txt","234","3694b0a66fa9d4eabfa98326d89f589a2842856fd6ab91c8a1e4ed5dca6ba62f"
"outputs/processed_data/stage2a/conservative/labels/002_20200624_123144(0).txt","244","8f08392415e6a31656a12aed2c44610a2e240fe2859d9be4bca8b66fb1cf0361"
"outputs/processed_data/stage2a/conservative/labels/002_20200624_123148(2).txt","229","4090f6286489d73e950680719576120726d2d0b597ebbfed2343d5671f0f8df6"
"outputs/processed_data/stage2a/conservative/labels/002_20200624_123152(7).txt","232","64db2be84933b3feb02fd6baf88578f59c2723e377774dd8428c99633440c854"
"outputs/processed_data/stage2a/conservative/labels/002_20200624_123157(4).txt","246","8411122ad288b9a31442f239bd9f39c6acffc590e2eb2030963d48104a7699a3"
"outputs/processed_data/stage2a/conservative/labels/002_20200624_123201(7).txt","242","494444ac92086ecdf0eac2fcce4b33b43c3ffee089429d2d1be18a5aa4554df0"
"outputs/processed_data/stage2a/conservative/labels/002_20200624_123206(2).txt","246","841ffa6c6ec05aa6d53813d761bd5ca6d7ac1fa268ac2f3e88ec7588580b84fe"
"outputs/processed_data/stage2a/conservative/labels/002_20200624_162522(0).txt","246","d13fa494771c837fa9b2db72a6ad8804d2a1dea4858d2fbe14070d3b3fe5f6ca"
"outputs/processed_data/stage2a/conservative/labels/002_20200624_162527(8).txt","246","75769ce4ca5932d431d1227b2647f3ce16971a1f0c8c76d5f1c5849cd48bde1a"
"outputs/processed_data/stage2a/conservative/labels/002_20200624_162531(7).txt","236","2ba97e62fbdc003b9aa404aae4c0f5e92ee866d6fa9964574d4550bdc6883003"
"outputs/processed_data/stage2a/conservative/labels/002_20200624_162536(8).txt","248","77cdf412d283996dd69f6a854ea816218771a98bec6bf900dcfd405343603fa2"
"outputs/processed_data/stage2a/conservative/labels/002_20200624_162540(3).txt","232","9b679f5f7da181a8f8278da82220c72c027b4dbcbf73d94c4923c3e62053bf6a"
"outputs/processed_data/stage2a/conservative/labels/002_20200624_162543(7).txt","221","79b2ffcafff46b1220cd854f8ccdbc47b34e333f074af8c46193ef34bc3bb783"
"outputs/processed_data/stage2a/conservative/labels/002_20200624_162708(9).txt","243","2c4db4e454c1e896ab4bb6deeb8776491865f90aec6c316c91552a29130b94c9"
"outputs/processed_data/stage2a/conservative/labels/002_20200624_162713(4).txt","245","930dd34ad02bfba5ae34c254289de56508bfe24fd2a5d6afc4e7b018a8aec758"
"outputs/processed_data/stage2a/conservative/labels/002_20200624_162717(9).txt","246","9b78f6ce09639f69b982d825a11ddbcf43079a73d7abee61c436ca30d0ac6ba6"
"outputs/processed_data/stage2a/conservative/labels/002_20200624_162722(4).txt","244","319220ef3eb7ed9e9a08d9dcb40356511aeef7d5c5cc80c02c56ab77366f775a"
"outputs/processed_data/stage2a/conservative/labels/002_20200624_203003(9).txt","247","b9c1722a5e006e15ba4fab221d0463d408a01444e942f024e41360194215242f"
"outputs/processed_data/stage2a/conservative/labels/002_20200624_203012(9).txt","223","8e9d62fe62eae484ed03622dd2b2a973a5221de378390f8ea632aeabfabcb394"
"outputs/processed_data/stage2a/conservative/labels/002_20200624_203017(4).txt","234","5d4614185a17d0c47e7aeaf44c12efe32d5f85cc5e06ce4746ee0d528261c293"
"outputs/processed_data/stage2a/conservative/labels/002_20200624_203021(9).txt","248","b15f68d198c85c31c027462512e5a1c3144661a2cc260dd95ce71fefdc4fefe5"
"outputs/processed_data/stage2a/conservative/labels/002_20200624_203026(4).txt","248","88c327ab4a18f3e92a01dd9c0f0e0aa51a64c13538a4eb9e2f95e96ce80a4ef8"
"outputs/processed_data/stage2a/conservative/labels/002_20200624_203044(4).txt","243","21b8427d86c991bb84e7ecdd433233d7ac0fcee8e9bd790b2c20922dcd491a63"
"outputs/processed_data/stage2a/conservative/labels/002_20200624_203111(4).txt","241","223f1f4d2a8c539289812456b9c51900a450207189c405941dac14c002791397"
"outputs/processed_data/stage2a/conservative/labels/002_20200624_203114(3).txt","247","3b8417f51c9a0c3b43f7a6d635b5bec98c1d6697e53d5ef07cd5c8841b2e80f3"
"outputs/processed_data/stage2a/conservative/labels/002_20200624_203117(3).txt","245","8dd4380e8faf40f6712bd7da8fa5eea74156dbe50e8e1ca5b7bfefcd6b198af8"
"outputs/processed_data/stage2a/conservative/labels/002_20200624_203120(3).txt","243","8517146b549629d0fc9056846802ce6259bd29c397880973d7e15cfef1b670ff"
"outputs/processed_data/stage2a/conservative/labels/002_20200624_203123(3).txt","243","38d897cab48f8d5dd82edca39418868e519a00f9b13c4e2e2f91cbaeffb23f1e"
"outputs/processed_data/stage2a/conservative/labels/002_20200624_203126(3).txt","243","f813c3b3dcac6cd457bc3f950a9631e7d75cc3865d61ce3cd0ee76d94edeba9e"
"outputs/processed_data/stage2a/conservative/labels/002_20200625_003116(4).txt","233","f5545e265266e87efc4de2081e3952e7209f39b88ffb3a069a33aec62346bc85"
"outputs/processed_data/stage2a/conservative/labels/002_20200625_003120(7).txt","232","61c9ee7fa475b9f9aa61c1278c8e49b4666cf87fe61600051309df20ace5535e"
"outputs/processed_data/stage2a/conservative/labels/002_20200625_003125(4).txt","249","9f5e4e4f9e894c60ac7136dbc70fbda39d5634ada569c29d3927d9724ed72504"
"outputs/processed_data/stage2a/conservative/labels/002_20200625_003130(0).txt","235","599dc88a16968639f9fec8b2a7823af87785f615e62c3958eb5d488e2e86f698"
"outputs/processed_data/stage2a/conservative/labels/002_20200625_003134(4).txt","246","16a408e7655bfd8a20e76431e569dffc08f14a9dd1adf2ea9a592a2ce44a82b6"
"outputs/processed_data/stage2a/conservative/labels/002_20200625_003139(0).txt","224","a451c62da53ec7467615db3df805fef80390cf17b8715bf9300f74a8e4c64cfa"
"outputs/processed_data/stage2a/conservative/labels/002_20200625_003352(9).txt","245","e4a1fc43a218fd6f22b22d61053bb8ff82a06bb9472ff86f8afe7dd0430a5aa0"
"outputs/processed_data/stage2a/conservative/labels/002_20200625_003357(4).txt","245","476afcd17342b91643de2e26fbfb981de65477a9591b9b0cdc66776064d5d0f3"
"outputs/processed_data/stage2a/conservative/labels/002_20200625_003401(8).txt","243","dda6d1946cf8419604fa8c3b7a491dd3d223138c933f709539af5eeed56e706e"
"outputs/processed_data/stage2a/conservative/labels/002_20200625_003406(3).txt","244","11b5548c0b5199c3e38c31f89680973cd952a257c40c55f160cb26c243d602cb"
"outputs/processed_data/stage2a/conservative/labels/002_20200625_003410(8).txt","244","a94f82448e2dd83cc46ce22429f05de70f752da945ad8220e69347311074a7e6"
"outputs/processed_data/stage2a/conservative/labels/002_20200625_003415(4).txt","244","eddacb57aeadaf1a3c7d5bba5f807685716fa8e96ce52edb47603e776daeec98"
"outputs/processed_data/stage2a/conservative/labels/002_20200625_042934(9).txt","236","c1bc0d8fcdf559cc500663402cc66238c34a71f2f13cac2c46b41d8901029126"
"outputs/processed_data/stage2a/conservative/labels/002_20200625_042939(2).txt","225","63ab501582af73084f43398da210db6708101710914d9c9a4122f68ed21c94d8"
"outputs/processed_data/stage2a/conservative/labels/002_20200625_042943(7).txt","235","0c8f7ec7d1e6a808071ecddaa72a21a8314cc4a15e3397076784a19a84029497"
"outputs/processed_data/stage2a/conservative/labels/002_20200625_042948(3).txt","236","a741802092c5cb4691f1af5657fcd1519d332fb1f948edf933603bf47533b6bb"
"outputs/processed_data/stage2a/conservative/labels/002_20200625_042952(8).txt","233","e314af58f58d9600f85ad955046f24d8730e8920ee8b5ea4d48e1950b104cd24"
"outputs/processed_data/stage2a/conservative/labels/002_20200625_042957(3).txt","235","73dee2fe0ae2e577e7ba5e970beca254c79420c731077e827181c5af244c415d"
"outputs/processed_data/stage2a/conservative/labels/002_20200629_082630(7).txt","233","9a9c82a27f3bdc07cb5c0250e0b1322c449aab085af71248c2d9504659f71b48"
"outputs/processed_data/stage2a/conservative/labels/002_20200629_082639(2).txt","221","45290d7840acd1809c75b057ceb29ba96882a42cf3df03e86685f84faa5d9601"
"outputs/processed_data/stage2a/conservative/labels/002_20200629_082642(2).txt","236","ecb6058bfda6a65e045a7703a3aaef6e13828a5c9654da2c7913979dd88f3d1d"
"outputs/processed_data/stage2a/conservative/labels/002_20200629_082645(4).txt","235","9cc8419ed3e145ef92c88b26ef11eab9376b4ebf802c464832db0b648a40febd"
"outputs/processed_data/stage2a/conservative/labels/002_20200629_082823(5).txt","246","41ccd187f1d874b9b5af0dc06fb72fed63f29f06003d9dde92d0fc93d4a33deb"
"outputs/processed_data/stage2a/conservative/labels/002_20200629_082828(5).txt","247","2e6f20c7104a659d48f359a24a0b2424bf36f9d80a24dd5a891ecd7dc6548b40"
"outputs/processed_data/stage2a/conservative/labels/002_20200629_082831(3).txt","244","9372e780eef3c279eacc0be50f3f599bdd6169b3062491bd536c786a7f36c7e5"
"outputs/processed_data/stage2a/conservative/labels/002_20200629_082834(2).txt","245","8435d2fd3b0f1714bea042dafb2d26183af8eda6b156048d2867e0119f47063f"
"outputs/processed_data/stage2a/conservative/labels/002_20200629_082837(0).txt","233","8d2e77bdefc73c1836dfdf9b90bd0039e1dc413c74c4458d75d4be81a489e56d"
"outputs/processed_data/stage2a/conservative/labels/002_20200629_082839(9).txt","229","ef7f78fcfd11337a3704010d3b6abf46fb88fbeae4a1e6ab3b9e393e6200d62c"
"outputs/processed_data/stage2a/conservative/labels/002_20200629_123442(5).txt","245","ad0bee90d4b52e5d5cdcc3bb3cced4ed29585a0fedf7e75bbf17ec707a1df4d3"
"outputs/processed_data/stage2a/conservative/labels/002_20200629_123447(0).txt","247","c79d8b977c4128d4498f2f1c9ebfabc4bcb44515cb06c62ae8df183b6d1a2bf7"
"outputs/processed_data/stage2a/conservative/labels/002_20200629_123451(5).txt","247","da6df873fbf349db7c21fa7efd16fbcf4d1bb944eee40e304b9b9743c29d25ce"
"outputs/processed_data/stage2a/conservative/labels/002_20200629_123456(0).txt","249","9b9ac62a783d13e74e35a3609f415562489d0d35462ea023cbdfbb89f8dd65a2"
"outputs/processed_data/stage2a/conservative/labels/002_20200629_123500(5).txt","244","baf3740a49a8b8d3074778cb3a420225e3aa2d5a51e1933df77af216926fe976"
"outputs/processed_data/stage2a/conservative/labels/002_20200629_123505(0).txt","250","92070ebe9770cf728e122ca9af82f9bad9fd2943d04d8356fc39ddef9c03d074"
"outputs/processed_data/stage2a/conservative/labels/002_20200629_163656(7).txt","243","7ee1e39c52bde5a9a12a93adece333e2c3425727333c133c264b136e8ff7e804"
"outputs/processed_data/stage2a/conservative/labels/002_20200629_163659(7).txt","230","93fd947fd00c8f6747051aee29d6f506e35e6aeec5e9419d6d92fa2e132da050"
"outputs/processed_data/stage2a/conservative/labels/002_20200629_163702(8).txt","247","4e9725e0dc25ad200a5958836fe543c2c44d90ed25cd2ef66a5e3e147083cdf5"
"outputs/processed_data/stage2a/conservative/labels/002_20200629_163705(8).txt","245","51d5f5d1a98c7c80cee1c97b7b474ac09672f115be4d5350069db69fe3238fba"
"outputs/processed_data/stage2a/conservative/labels/002_20200629_163708(9).txt","247","72b52867c537de88d7666fc857d2e4b07bc9cbe489500789a0f39920cae70ed0"
"outputs/processed_data/stage2a/conservative/labels/002_20200629_163711(8).txt","247","c502157c86855ff96304b105d9ab7fc080a874ad41104964ddc934007bfa3b37"
"outputs/processed_data/stage2a/conservative/labels/002_20200714_042641(8).txt","247","82820d6dcf63d6186abb06437a5afb77f6def4d7f1d19d0f8776e304226d3ce3"
"outputs/processed_data/stage2a/conservative/labels/002_20200714_083054(2).txt","247","1051548415a3b01745c8992f423d9bc5002972bb926112a39e7c02d89be6349c"
"outputs/processed_data/stage2a/conservative/labels/002_20200714_083057(5).txt","247","925d54b5ffb96d350e3120063c5615c32b7bf13bcf1bf751cb7de2f0149846bb"
"outputs/processed_data/stage2a/conservative/labels/002_20200714_083101(7).txt","245","e87b144987477a8115d7b7b280f14055b5a1759ca6925ac7a2344d56bcdb63bd"
"outputs/processed_data/stage2a/conservative/labels/002_20200714_083106(2).txt","234","2917f59e2acd47dbad1c3fc8dc47c1a2dfd01bf5a1e3b06a66d5eafcaf6915a4"
"outputs/processed_data/stage2a/conservative/labels/002_20200714_083110(8).txt","247","a8c4f726c681a2e9dd8e49711d2b858a1232ad5785f5897cec904dbc632f5386"
"outputs/processed_data/stage2a/conservative/labels/002_20200714_083115(1).txt","247","ae66ed2bd8ed41b4cef8cf5804ee1c206ebf2d0bd4b17fbc9eb852cd00bf2c5d"
"outputs/processed_data/stage2a/conservative/labels/002_20200714_123109(8).txt","245","4fbaddcaccdfe7f283ebfff460ab6563685a2e2dc64742a83e42860ea8d27f1f"
"outputs/processed_data/stage2a/conservative/labels/002_20200714_123113(1).txt","236","c0468ce6abb04193724dbad279a672c9431943d0525b8174d6d2d63ea95fbdc7"
"outputs/processed_data/stage2a/conservative/labels/002_20200714_123117(3).txt","248","2aa9a1e2a8dadb6a724d5691f2eda2662b573b7997f1a4d435c893a292c556d5"
"outputs/processed_data/stage2a/conservative/labels/002_20200714_123120(4).txt","247","18b3c9d09debfee744bc84b22ee2afbc8c12f715c019989a1b33886bcdc0620b"
"outputs/processed_data/stage2a/conservative/labels/002_20200714_123123(5).txt","235","1c944048ee6fc7556a32f6c9227b8f7abadcac1628cb64cd8b0a56a48dfb89fd"
"outputs/processed_data/stage2a/conservative/labels/002_20200714_123126(4).txt","232","344f1201e23bdc02d4d9a783a22178dc52815e9858198fe8eeb5df3ce316c9d7"
"outputs/processed_data/stage2a/conservative/labels/002_20200714_163046(2).txt","237","409d1f9fe3286b6357ead34cf4be8e52b8bf979b628bdcd12c75edad515dcdeb"
"outputs/processed_data/stage2a/conservative/labels/002_20200714_163049(8).txt","247","1d808d628d6b79b2b7315e94c5cbcd0fe5dd16ae0532b8f6fb1aeae49bf44d7a"
"outputs/processed_data/stage2a/conservative/labels/002_20200714_163053(5).txt","247","781cca16136e747bfc0a0e064928aae4c0c11d5598da16aed8378bd6acea8b30"
"outputs/processed_data/stage2a/conservative/labels/002_20200714_163056(8).txt","225","a29d6cf39498c368ecb99e1fb98356c6714948132fe8269df7529830e662ddf3"
"outputs/processed_data/stage2a/conservative/labels/002_20200714_163100(2).txt","246","28a6e68dea3917e732cdf96d9fbdb31c714b9617f29e5a982fada035715c3a13"
"outputs/processed_data/stage2a/conservative/labels/002_20200714_163103(5).txt","246","8f5fe50f7ba869bb7310575956a8c34da392c1829b162979dd3277fe39709bdb"
"outputs/processed_data/stage2a/conservative/labels/002_20200714_225756(0).txt","237","22893d66f4f68b3f9a7e49cd3002c7dd12d99535c606be99168672e89b9cdd57"
"outputs/processed_data/stage2a/conservative/labels/002_20200714_225759(8).txt","236","33bc5e52b56475cb49c369b67bb7d4715375cfbf28ff17591e942e432a079e67"
"outputs/processed_data/stage2a/conservative/labels/002_20200714_225803(3).txt","246","4dd425914469d7e9d6476fbd28c907b720498624662294eb9659a9ff4a87ed0f"
"outputs/processed_data/stage2a/conservative/labels/002_20200714_225807(3).txt","245","ef23d5ffcb64c893be6d031800216b6a86f81d12da16017695555dc5f48e281e"
"outputs/processed_data/stage2a/conservative/labels/002_20200714_225810(5).txt","237","c6a1b9f1f969ae542460a02248a37be52ba7abe0bd029aa2fcf5f8c530e01dcf"
"outputs/processed_data/stage2a/conservative/labels/002_20200714_225817(4).txt","246","13a494ffb86705453c013f6b8ebf97ebd4596f1592bd44b11220ef987dce4a74"
"outputs/processed_data/stage2a/conservative/labels/002_20200715_002443(4).txt","244","1cdf16ac59373d165cbc6a31ff756e0c5f719c6341d0bdc3bca049cbc9241145"
"outputs/processed_data/stage2a/conservative/labels/002_20200715_002447(9).txt","249","6606fd6371a03bc782b3e472aac23750b19c4acbd02484a4b112c8950c49b983"
"outputs/processed_data/stage2a/conservative/labels/002_20200715_002456(9).txt","223","4d74bb1c09a08ebcf3470dea489abe9d26bbe68c736321cc37ebb873f73e9c32"
"outputs/processed_data/stage2a/conservative/labels/002_20200715_002509(0).txt","248","f2dad930511fd3f2f1be10a2fa73bb2559a1923b4baf8fe01883c4514d908b68"
"outputs/processed_data/stage2a/conservative/labels/002_20200715_002513(4).txt","246","6a5651c44acb1c1acc626606c108c0efbc92595a64d4532f17be2169a84fe014"
"outputs/processed_data/stage2a/conservative/labels/002_20200831_163149(1).txt","69","4664d9eac02a873871e91c14ab4adceb49efc9bb92cb7019460320cbf6b9bc92"
"outputs/processed_data/stage2a/conservative/labels/002_20200831_163150(6).txt","81","d1990668cc29dc96f97ab4a35643883e67312599f203b3c6c918ab65f9e91572"
"outputs/processed_data/stage2a/conservative/labels/002_20200831_203101(4).txt","83","a0649a5ac280ff4a44a9e287a0434e5c1fc9890ed4d6669b188666dbe4f7572d"
"outputs/processed_data/stage2a/conservative/labels/002_20200831_203105(9).txt","83","8168a8b4b1ac6858b4b1798289988fcc968d1cd5720515cb6ef43ee3a34bc740"
"outputs/processed_data/stage2a/conservative/labels/002_20200901_003133(6).txt","83","e54d5f6d94310187a0ced1e08e06407d70b820ce6647f51097cdbc690acead00"
"outputs/processed_data/stage2a/conservative/labels/002_20200901_003136(6).txt","82","d8599dcf2f8b89afca79b8ce08b258c78516037e4a8c17f5f71dee52d19b87a3"
"outputs/processed_data/stage2a/conservative/labels/002_20200901_003139(6).txt","82","37b58f13732a61a62a7b6a9e411edb9cce07a1a675f646d704d9bf8cce8587a1"
"outputs/processed_data/stage2a/conservative/labels/002_20200901_003142(6).txt","82","565e282077ba86f1f17d2a293c49249bed14d571352d5ef8d9cb228465556204"
"outputs/processed_data/stage2a/conservative/labels/002_20200901_003148(6).txt","82","0145b507cc76f28ea4fa18a0a9f826015b0ff64de210c15ec534317cfa1c0a8f"
"outputs/processed_data/stage2a/conservative/labels/002_20200901_043133(6).txt","82","bb365bbd2d3b280cd94440adadc3b71a95dbb34d37f2ee65af6b5ea965153f57"
"outputs/processed_data/stage2a/conservative/labels/002_20200901_043136(6).txt","82","e99afea38492c30773f7e0f7e3026ca2b1521572c39a40b910ec7c66e66f30af"
"outputs/processed_data/stage2a/conservative/labels/002_20200901_043139(6).txt","82","9428cba29456f58daaa8a73e06c2e2e26db361658e0a80335a4733c490b62962"
"outputs/processed_data/stage2a/conservative/labels/002_20200901_043142(6).txt","82","54d5784e3bef41762757d680b7d322c2a9a210bb0a7fb8ab3cf75e6783c01af0"
"outputs/processed_data/stage2a/conservative/labels/002_20200901_043145(5).txt","82","9339e01b4f599d0e9a4d1e1a11f469dd339ca4bef0f12908bb2f87617b34cc76"
"outputs/processed_data/stage2a/conservative/labels/002_20200901_043148(6).txt","83","a86ae1db26529310b56e74e888dc50ebad654b51c04def668318db7887849d20"
"outputs/processed_data/stage2a/conservative/labels/002_20200901_083204(5).txt","81","1fa68ddb6b02bd8f2514b877779d425a6471527644e6b303afed1453e1e738d0"
"outputs/processed_data/stage2a/conservative/labels/002_20200901_083452(2).txt","82","a3ed5b529e2e717d5ba9285cece5d2b3cccb7b710c2b37f47d7b8e5dcfdf7489"
"outputs/processed_data/stage2a/conservative/labels/002_20200901_083456(7).txt","81","475abdbcf75855d6ea1723e3bf0324742b40b8cfd1e5e8c75cd807f4875678b4"
"outputs/processed_data/stage2a/conservative/labels/002_20200901_083501(2).txt","81","f870bd667101ddb68ea2975faaa23a7855366f83b4a74a675a3ed5decb7ef4ea"
"outputs/processed_data/stage2a/conservative/labels/002_20200901_083505(8).txt","82","47e8fcda7c5283c2f20edb688527f9e78c99bd96f3d6ffbf1164481f9d8d25cc"
"outputs/processed_data/stage2a/conservative/labels/002_20200901_083510(2).txt","81","f19019a7ff49cd4c99ebfc55b56ad10d8d3e31f02b9cf077e84bc8fac4948046"
"outputs/processed_data/stage2a/conservative/labels/002_20200901_083514(7).txt","82","80157a4a34843956319e0d2c36dcdfdbb350a6cc77468117f4ab4440b318334e"
"outputs/processed_data/stage2a/conservative/labels/002_20200901_123049(7).txt","82","042b8a3e362633069bccb2808a2ce45586d504654c57f9cafb816699049c2dbb"
"outputs/processed_data/stage2a/conservative/labels/002_20200901_123052(7).txt","82","6eecbf7d3de7151f124728ca1cd5c3e3efbe99eb0c1ddda882280ea7187180c4"
"outputs/processed_data/stage2a/conservative/labels/002_20200901_123100(3).txt","82","366d2755d1effad6c4b51148ce01e3b67eec9e70fcea85c1d3a9d88551a96577"
"outputs/processed_data/stage2a/conservative/labels/002_20200901_123104(8).txt","81","bea5bac3fa11f5a6fb4829037e05fce671e06b94d498cbb5e545446547960c51"
"outputs/processed_data/stage2a/conservative/labels/002_20200901_123109(2).txt","80","c59f11a7e39aa1aa94cbe6a644600c3193280f6239f8b96cb0e0aa21d1a41634"
"outputs/processed_data/stage2a/conservative/labels/002_20200901_191340(2).txt","82","aedc05c1cb47cbef4f083c96be5345a81c08323046d12c1835bf7e627cde9328"
"outputs/processed_data/stage2a/conservative/labels/002_20200901_191343(2).txt","82","6b91721ff39950e3a59757aeea357e8e559b53e2f3530b33abee02b829642354"
"outputs/processed_data/stage2a/conservative/labels/002_20200901_191346(1).txt","82","6cdc585f2d00707402d27b8670209127ec30138a7c2631b6d5545240bf954270"
"outputs/processed_data/stage2a/conservative/labels/002_20200901_191348(8).txt","82","5047e3f650516d37563b4e5b8016ec1d31834e59779f8fc964a5def00edd82c9"
"outputs/processed_data/stage2a/conservative/labels/002_20200901_191351(5).txt","79","fb08eb9bf6737135612c67466e6d8fb3a848acf0fcdbee11042a1a226532d822"
"outputs/processed_data/stage2a/conservative/labels/002_20200904_230054(2).txt","81","041ba47c49ae5d1ef28f869a763b432dcc90984cebb1b3af9248a96ba77f4167"
"outputs/processed_data/stage2a/conservative/labels/002_20200904_230057(6).txt","81","5d798d7ca411afa28ddec5e04cd01c11d1aab38a379c2ba9c79cd7cae39b2ab7"
"outputs/processed_data/stage2a/conservative/labels/002_20200904_230105(4).txt","82","e9d22b474321bf31ab76264022596376abc258e6a7fbabc2c4814f92f7fb7cbd"
"outputs/processed_data/stage2a/conservative/labels/002_20200905_003315(2).txt","81","95ccc3be54b49290b5ddbd823b366baa80d7e0fbc56058300c71a383ab097c94"
"outputs/processed_data/stage2a/conservative/labels/002_20200905_003319(2).txt","81","beae57d4d154dbd9a40053458ecff32d8ace7b4690c112e18632ca073cd1754d"
"outputs/processed_data/stage2a/conservative/labels/002_20200905_003323(3).txt","67","3977c72d0c35817a2c19ac5e92e907dfb1b2da5affc86fb82d493008ca0d0d47"
"outputs/processed_data/stage2a/conservative/labels/002_20200905_003327(3).txt","81","0608c6a73944334d0a364170880e0dbcfe2334e34e097b05fc648dc40a6cab6f"
"outputs/processed_data/stage2a/conservative/labels/002_20200905_003331(2).txt","82","5e52c55e99ffd0451722cdfac5772d7619ef88a609aec5a5713f951b15c3807e"
"outputs/processed_data/stage2a/conservative/labels/002_20200905_003335(3).txt","83","6d395eec16f512280b7ac54fa88b8478b24ab718353cb6691c4eefeb12c16349"
"outputs/processed_data/stage2a/conservative/labels/002_20200905_043156(0).txt","82","3bc3e33b1830a1c30cdc5dbfa1e16c0174a134fd01acf75cce49624ee96a0f44"
"outputs/processed_data/stage2a/conservative/labels/002_20200905_043200(0).txt","83","526a726f03e1fbc8474c345d2aafa8aa55e497f176bd8a2a7a5a093abbd9ad26"
"outputs/processed_data/stage2a/conservative/labels/002_20200905_043204(0).txt","81","00ab27b0769f7e61333706c2e0cd0af5df3dac208ee80d6c0402335099e08a25"
"outputs/processed_data/stage2a/conservative/labels/002_20200905_043208(0).txt","82","f5c18fb01a5afb32709a464d783c8803a2f350c8ec65632b727b016ecd54545d"
"outputs/processed_data/stage2a/conservative/labels/002_20200905_043212(1).txt","82","8b205babb4d609873dcfe50aafce0df9de6e5674a0d7b2b1d2777f99579f0a2e"
"outputs/processed_data/stage2a/conservative/labels/002_20200905_043216(0).txt","82","9768b02ec91dcf0afc339bdceeacb7a3714ebbfe6bbfeddc7fee894682e59173"
"outputs/processed_data/stage2a/conservative/labels/002_20200905_083407(3).txt","82","f5768297d23e03f943cf4504cea69dd8a8cee926c024fdb044d17e4e48fc674f"
"outputs/processed_data/stage2a/conservative/labels/002_20200905_083410(5).txt","81","aaf86de29aec08031e553c982e3b74439048700867a356b06ca3e9c3fc64c66f"
"outputs/processed_data/stage2a/conservative/labels/002_20200905_083413(6).txt","81","542238330aa60a796e47d495fc9bc0ae4327cb5bbaf13f855cbc95b55dfb2f22"
"outputs/processed_data/stage2a/conservative/labels/002_20200905_083416(3).txt","82","b82519e0ab5f400e008b3d1ab7a9ddcdf310a43c20dc944231195e2b301db693"
"outputs/processed_data/stage2a/conservative/labels/002_20200905_083419(3).txt","81","ada231b554de742ef4b736536abacba187589edc2f53c314f5ec959464d8653f"
"outputs/processed_data/stage2a/conservative/labels/002_20200905_083422(4).txt","81","c2e9ee87906f74ecc9e4be74ee135db308cb7f6a67c6da01d1a22e00abaa51f0"
"outputs/processed_data/stage2a/conservative/labels/002_20200905_123055(0).txt","83","29fb7f153479a3b9ca51970a6e6c61b06191b5da7e891667748dbb08ad620dea"
"outputs/processed_data/stage2a/conservative/labels/002_20200905_123058(4).txt","81","e7d2de31638d49f448926ad1f0e495c543ab854015d03bae07c17fed0ff3793f"
"outputs/processed_data/stage2a/conservative/labels/002_20200905_123102(0).txt","81","be5d77ec2548148675a789b531b8741d742c11178b97c27577d86e21d59cfdaa"
"outputs/processed_data/stage2a/conservative/labels/002_20200905_123103(4).txt","82","3e2fa7b7ad36adcbf82fe3f5a1e64a83c092bb516782e9778ffbca63db96195b"
"outputs/processed_data/stage2a/conservative/labels/002_20200905_123105(0).txt","81","4a1410e8b62ca401f8bdc97b97d3a36156e42d2f7e916059dfd852e3b069a634"
"outputs/processed_data/stage2a/conservative/labels/002_20200905_123107(5).txt","81","f6b4ea67aac032457c68ae9682b32a694b9d41174772ecd98d2ffbd75b4ce4fb"
"outputs/processed_data/stage2a/conservative/labels/002_20200905_123108(4).txt","80","d5a1d252bc0fce44d1a23f74688e78252b59aca90329fae7b37f4ddf19cff386"
"outputs/processed_data/stage2a/conservative/labels/002_20200905_123111(6).txt","82","6354b47f587db7fe60cc6a68ee92ded3b8dd19a4d7620488a68d488846402568"
"outputs/processed_data/stage2a/conservative/labels/002_20200905_123112(0).txt","82","02dad5a846e284f2c71734cf06221317958cd2117c59d54396d006e4dc6f36f5"
"outputs/processed_data/stage2a/conservative/labels/002_20200905_163920(4).txt","82","ff13e08984de47c5c57b8eadf5c960b0082e119f597c774c0b48e34f5ff56c6a"
"outputs/processed_data/stage2a/conservative/labels/002_20200905_163922(9).txt","81","48a20e47d3cc7c2287fdacbe0143c517e7f3c9fad804877e028e3951268245b5"
"outputs/processed_data/stage2a/conservative/labels/002_20200905_163924(2).txt","83","489b1005c88cef527f64e1a0cfaaa644b3f764a54b08917367cd4e7dfde901cf"
"outputs/processed_data/stage2a/conservative/labels/002_20200905_163926(4).txt","83","4a574cedcccc12a4c3d28f021037885cd9bf5334d61954bedc22f2fb1287d111"
"outputs/processed_data/stage2a/conservative/labels/002_20200905_163928(3).txt","83","4a574cedcccc12a4c3d28f021037885cd9bf5334d61954bedc22f2fb1287d111"
"outputs/processed_data/stage2a/conservative/labels/002_20200905_163929(7).txt","83","752737fef8bd9288ab9217fdc885e5f40870156e4a4962c6dfeefe121239dc23"
"outputs/processed_data/stage2a/conservative/labels/002_20200905_163932(3).txt","82","9d20661bc0cf8ec69827f04cda23ff1b98a957053f2ef05dae302d7768b1cdaa"
"outputs/processed_data/stage2a/conservative/labels/002_20200905_163932(9).txt","80","ee325f6e356d12bfe61a8200c81d27452f10511afcf2f68dc32a900adf406319"
"outputs/processed_data/stage2a/conservative/labels/002_20200905_163936(2).txt","82","228783a7e611d0c50a5322376802f7a4e432da0c232ebe6e5e10050a64317ff7"
"outputs/processed_data/stage2a/conservative/labels/002_20200905_163936(3).txt","83","8219fc0d2bb867b3605123021230bc68e14defe13cc8930b72ba9acd3056cb81"
"outputs/processed_data/stage2a/conservative/labels/002_20200905_163939(7).txt","81","6a4d47164c650a3a45c2249ff3f5bc688e02ebbbb766fcb3c764c117b8ec068d"
"outputs/processed_data/stage2a/conservative/labels/002_20200905_163940(2).txt","82","7b71db7284e0a681367298a6d091a74c6aa5f0039548fd58944d8d2413d6efc1"
"outputs/processed_data/stage2a/conservative/labels/002_20200905_203836(3).txt","80","cd4024d232e723ad8cfd702b7052b550fb5d0063e81a52e81c0df750635f068c"
"outputs/processed_data/stage2a/conservative/labels/002_20200905_203840(3).txt","81","41e99689c641ae0978e7338201d8d7834c27abc4856a7edb9a429254502eaf3b"
"outputs/processed_data/stage2a/conservative/labels/002_20200905_203844(2).txt","81","9890608e343d0fdb29b35033e598c2c7d37a0c9dd647b2bc3d6596ad08dddd65"
"outputs/processed_data/stage2a/conservative/labels/002_20200905_203848(4).txt","84","73dfa08c100633cfa78187f49e6bdbe5bf97766c096be43e55b79b98a6a41220"
"outputs/processed_data/stage2a/conservative/labels/002_20200905_203856(3).txt","81","aa2b500913028e639d076da1ace84297570295392c0f023fbed93850961c571c"
"outputs/processed_data/stage2a/conservative/labels/002_20200905_203900(3).txt","83","0d6edc99f405a2f232fba663ef0df2a3451cf56d38ff371727b8c32e69f87193"
"outputs/processed_data/stage2a/conservative/labels/002_20200905_204033(3).txt","81","05ae8ce0f182505ccd83dcee2ed20ab98137d9bb04baf38d4d77e9b1bb15d335"
"outputs/processed_data/stage2a/conservative/labels/002_20200905_204039(5).txt","82","e150467275d71e822846d77316a92d12dd188f023d9fdbacdc2950587895f5c3"
"outputs/processed_data/stage2a/conservative/labels/002_20200905_204042(9).txt","82","c6e257ecdc35b4f165ab6903676657b8bb80f9afa69f27952d6446dd09e1a1ab"
"outputs/processed_data/stage2a/conservative/labels/002_20200905_204046(0).txt","82","b493a60a3ec5dc4382fd598af2025cf67424b41aafd26131206ec90d88c8ede9"
"outputs/processed_data/stage2a/conservative/labels/002_20200905_204049(1).txt","84","9d9bd1943bbb372fc2c8181d675e8aa13dc5d7e4b24dd3fd0ce968842912483e"
"outputs/processed_data/stage2a/conservative/labels/002_20200905_204052(3).txt","82","013eef03a389344aa2d11cd1a367dd642a462f7993c27f3ad65914dc03e4ca47"
"outputs/processed_data/stage2a/conservative/labels/002_20200906_003059(0).txt","82","433be9f8389fd73f4e6a3fd2ada599e9cb7cc56aade5eb61b452d0fca7cb6b98"
"outputs/processed_data/stage2a/conservative/labels/002_20200906_003114(0).txt","81","a69f9c4d3e1e51ce3a66e87eb233283d19957af6a0d57d773a5407379091e619"
"outputs/processed_data/stage2a/conservative/labels/002_20200906_003114(8).txt","81","c223094b1496d844e1466e556fb2ea9c89da41c13a8781b639bb4d4e111dd9b2"
"outputs/processed_data/stage2a/conservative/labels/002_20200906_003117(3).txt","81","0dc957fd923ddec895b77b9f0086abb0fc08da199bb67003074d2e61d217e0d3"
"outputs/processed_data/stage2a/conservative/labels/002_20200906_003118(7).txt","82","c0808773fb349f529c2691153149517cc13e277a2f87f5bc4c06cb0d0b4761fe"
"outputs/processed_data/stage2a/conservative/labels/002_20200906_003120(8).txt","81","556bac5c07f837496750c9f43da02725354fe46eebf7d8e9c7b62d9eb5a31dd4"
"outputs/processed_data/stage2a/conservative/labels/002_20200906_003122(7).txt","82","264c51eb2fc769c7369464d7ff7049210a5b67aa060a28843126cb2d2d6bca63"
"outputs/processed_data/stage2a/conservative/labels/002_20200906_003124(0).txt","81","fb8474c8dccf9dc3245b072dbe4e93e252742ef15c12eb3b93de0801bc5c6b53"
"outputs/processed_data/stage2a/conservative/labels/002_20200906_003126(8).txt","83","d9e480b22a7f0142b4a2b93631758bb247d0473940f3ad2607ce58c531c3d10a"
"outputs/processed_data/stage2a/conservative/labels/002_20200906_003127(3).txt","82","7f248c4ead4fbcd1d5a9b923e0d23e34651ddc5bb1e0ec94842b0af34b12f807"
"outputs/processed_data/stage2a/conservative/labels/002_20200906_003130(7).txt","81","6ce5d1dd26e1712622d52350c27769278893d07919d783e85c0069835f2203f9"
"outputs/processed_data/stage2a/conservative/labels/002_20200906_003132(7).txt","83","c9409d5d551d422df0ea6797c67bc818c29497e5f18eddde1f978cdec1f24a86"
"outputs/processed_data/stage2a/conservative/labels/002_20200907_184813(1).txt","82","bdd406a0c071520970f544cda67ee408701d150d3a82fba92bf2c0c73fe0a559"
"outputs/processed_data/stage2a/conservative/labels/002_20200907_184815(7).txt","82","f85f933d726fc0c058052fadeb42205a6ce25bd0276ab06f76d3629a33ecbc1e"
"outputs/processed_data/stage2a/conservative/labels/002_20200907_184818(2).txt","81","c74f5fd9d91ced8430034527212f88881f852f927707ec8bd8e9ba2628816266"
"outputs/processed_data/stage2a/conservative/labels/002_20200907_184823(7).txt","81","0659b9926ee745400d722d38eed1b4da7153e8679230ff63580cb1e673401a26"
"outputs/processed_data/stage2a/conservative/labels/002_20200907_184826(3).txt","81","5ef6544e4d89e321b4f6b10dd740df2a79337e70457729b63602836ae2ecd490"
"outputs/processed_data/stage2a/conservative/labels/002_20200907_184828(8).txt","82","1f78698b6983c8bf5585c62b0cecbdfddf5586d2185753406415f7152d3de3b2"
"outputs/processed_data/stage2a/conservative/labels/002_20200907_204635(5).txt","82","067aee9f8e29021b4ac702de1f5c530dc77d54f97b8a59cb439147ffd5b79a9e"
"outputs/processed_data/stage2a/conservative/labels/002_20200907_204640(0).txt","82","38b584dc7c5cb2f2165ec40295984d1cb63769474f3c891d0b28784ddb649a64"
"outputs/processed_data/stage2a/conservative/labels/002_20200907_204644(5).txt","81","d717183fb80e33170a8b238c05e6aa579efbaac23c704581f894bcf9235c4583"
"outputs/processed_data/stage2a/conservative/labels/002_20200907_204649(0).txt","82","fbd8c9e9dd21c2d677543c653944555970a9f87699c78b65cf02c2f4e96fcd99"
"outputs/processed_data/stage2a/conservative/labels/002_20200907_204653(4).txt","81","a2eef515a12147bfa364c2032f14e6bf5def9847d4df8155473cd368cd240ca6"
"outputs/tables/00_stage1_allowlist.csv","238664","a34868097a301cd4af6c0d5621b46146e4aeaa45bccdfcc48b59ee3ca1357a44"
"outputs/tables/01a_label_integrity.csv","25095","8f37946565c233308f5c241e9ff5b516a4275ea72b2fa7914dd977387c817892"
"outputs/tables/01b_artifact_image_summary.csv","108289","69d38b63f20f305741e8aeccaaae3693282944bc6393d1bf680ded3834567c98"
"outputs/tables/01b_artifact_mask_quality.csv","187504","e07f60d38fc217611238c767d9f324c3f3ab1a1d276babc911d886a677cc5d15"
"outputs/tables/01b_artifact_object_relationship.csv","117151","8d83257f47d8fd10a76ad8ee84cb9838fd3feb149ae4debe88d5fa4f8c2d0aa3"
"outputs/tables/01b_object_xray_features.csv","672932","a30ea5f25695db680244dbcf5389db9fff6925b5f2b6ff7db2c37a21f526d25b"
"outputs/tables/01c_final_validation_folds.csv","37079","963116078893679b859c2d5150a1ba90700ad207c54ae385a1b6acac255b98a8"
"outputs/tables/01d_artifact_control_comparison.csv","1718","5990b1c7033fd49a464fad25509a25993185c3d1d86aa5ed4983c02f9f26761c"
"outputs/tables/01d_artifact_mask_robustness.csv","150922","4de85f091b2e4574ff5487b95e63abec03dd07c2c1dc9c889fa7af8c722d853e"
"outputs/tables/01d_chapter1_artifact_evidence.csv","1235","f7bf578cf6e8d648748df004939978856816f4f5cfce874e9f90d718727433fc"
"outputs/tables/01d_grayscale_artifact_leakage.csv","485707","b24ef13829af56b4511fed9475ebce51c27f295acd73e2f030be64f4622618c7"
"outputs/tables/01d_gt_signal_preservation.csv","64505","8636fe3fcc8823028eb73d8e35a718cee6e9580c1eccc3a5d271ace91bdc3631"
"outputs/tables/01d_input_integrity.csv","2235","e7a051da10ea91de0c3689530b400f7fc1fa31a8ffc6f7ab265bd90ac2dd25db"
"outputs/tables/01d_processed_image_manifest.csv","510622","c9f8a7418602b4f78a260e00d84e4d53d3362fd2c0ebf1dcd1add99d052cb587"
"outputs/tables/01d_repair_artifact_audit.csv","457911","6dd1fa0423105e889df84820a8ab06aba02332ff29281eb5bf0b2b4167bcf39f"
"outputs/tables/01d_residual_shortcut_diagnostic.csv","662755","4a1377650f1baa7652d0481a26bdd1cd0ea5076551d285c1d5a7e0e23545a2b4"
"outputs/tables/01d_signal_preservation.csv","316929","0c3c0c578c6ff4b63077be44492e880b4e06d7c93a13b66f1fa29e1a68fdf32e"
"outputs/tables/01d_small_object_preservation.csv","2161","675dfce3dd505e7c010dc01a21457293c57d221a55f61590a21cc42dc09339b8"
"outputs/tables/01d_xray_feature_stability.csv","6327","17421eff550e5b336db663f4eb03c4df14c8edf8be9f92ced3b02c2150b2fe52"
"outputs/tables/02a_experiment_integrity.csv","247659","0fbd7e0d103c5c10738dcaba3dfced44719300377a53a4cdde5d478afa6eba60"
"predictions/b2_640_frozen_4fold_oof_bbox_conf025.csv","161271","0972120aad27f30f699d8eee7d072e4ebac7c8770d8e57d83e7541a58c705c1c"
"predictions/b2_640_frozen_4fold_oof_image_summary_conf025.csv","26009","fcf57f923188b1cf8bb1a11190ff239f2e017503db75b11a5bbd12b572686778"
"README.md","9499","3e2f312b33a4587532a83398ec0006bf31848961a3f332a6abad78452b2436d6"
"reference/fold_evaluations/fold1/confidence_sweep.csv","1337","ecb22888a48e9e5b7ecdbf9dfaee092ed757d0c11d743d2dd253d817a9a1b2f6"
"reference/fold_evaluations/fold1/error_types.csv","63716","6d0d7e4dc6ad052a2f6e4113eed8a6c66d951df93dd06812bad7cf6ca0e9fca6"
"reference/fold_evaluations/fold1/evaluation_metadata.json","1939","e07891380541b820474f9df497d0337bcb38659fb6aa483689c4a3008a52fa38"
"reference/fold_evaluations/fold1/fp_predictions.csv","3504","4fd7fb4afc8459caa937aacb7173d7ef7a2df287cdc14927a10e55aee55547e0"
"reference/fold_evaluations/fold1/image_predictions.csv","159841","459308d5b86c25783729ab5257e0238e1001e2029bacda40135b8082e1475a8d"
"reference/fold_evaluations/fold1/metrics.csv","709","8a1f1c8c67d27f5eb6e19f4ca1c29f78ef291da703ad008d8e4e4b196859bee1"
"reference/fold_evaluations/fold1/metrics.json","880","aec221dbbe69b7bc150ac55a6852fed4edfe1305b4d6bd361e5910ceae0b55aa"
"reference/fold_evaluations/fold1/object_predictions.csv","63716","6d0d7e4dc6ad052a2f6e4113eed8a6c66d951df93dd06812bad7cf6ca0e9fca6"
"reference/fold_evaluations/fold2/confidence_sweep.csv","1271","753e052d8f7c95a0f53e3686c655fdbe8b46601cc7b8df44cea971017bd657d4"
"reference/fold_evaluations/fold2/error_types.csv","61798","300b2aa11213f4b15afccbc3b1afceda6d1b78185f594c491a406ce871db81bf"
"reference/fold_evaluations/fold2/evaluation_metadata.json","1939","cde22cf020870d3b312fcdcfd14246cb10eb7b5cba01d7d37a08fd000d15e7b9"
"reference/fold_evaluations/fold2/fp_predictions.csv","3149","db1dbcc4b68ab3da5c92794e29097a5b39be1c084d1b218b41ab881368480bfa"
"reference/fold_evaluations/fold2/image_predictions.csv","172942","424f8d6574a2d4841e2e35ca7d10940f5896a74e1a57ed2d78e38c173d66b843"
"reference/fold_evaluations/fold2/metrics.csv","708","dab7b5ab0ad6826c0d628b2a223c6da07fc4552371c71a7bb3ead2f156505340"
"reference/fold_evaluations/fold2/metrics.json","879","cf1a8657b80a127338dbd169b2916cbc2ffb63424ed2118644c1db6419b0a3ef"
"reference/fold_evaluations/fold2/object_predictions.csv","61798","300b2aa11213f4b15afccbc3b1afceda6d1b78185f594c491a406ce871db81bf"
"reference/fold_evaluations/fold3/confidence_sweep.csv","1312","3c0371608de948f9a44cca74ddcc8741acdb7299760cf0e3b8eb6dea8b6ed39e"
"reference/fold_evaluations/fold3/error_types.csv","63680","cb7c97ad112bd737790bfc0bcc75e3131ae6e0ca3e7a9758f4f5f6dc367711a7"
"reference/fold_evaluations/fold3/evaluation_metadata.json","1939","315a2358e6185c6e9f73204715c2694a6fb7a639288387b6e252a99e4b678bb4"
"reference/fold_evaluations/fold3/fp_predictions.csv","850","6583e865af76fd1813604dbddaa2e6fde43ee31d807370096eb8d060075d22b7"
"reference/fold_evaluations/fold3/image_predictions.csv","153110","e5582ce163385936b422c297c090d04fbaff1f41f504e73cac89aa88539626cf"
"reference/fold_evaluations/fold3/metrics.csv","709","e1d0ebbaf7adcccb28259c4e9ca36281cc3695be99b84db9d1e7a3978fcd5080"
"reference/fold_evaluations/fold3/metrics.json","880","608581fc54033877b123ed011c433f9f250efd421ddb79ae711df3dbfe995a6e"
"reference/fold_evaluations/fold3/object_predictions.csv","63680","cb7c97ad112bd737790bfc0bcc75e3131ae6e0ca3e7a9758f4f5f6dc367711a7"
"reference/fold_evaluations/fold4/confidence_sweep.csv","1330","4b78e4cb64c6f7a2896f2eab5033148f6890d0552941d9f87df3701985e7cdec"
"reference/fold_evaluations/fold4/error_types.csv","62038","454bca9fd07b45ebf7dc1257c891e89943c93eec17e8f3c332e4d435712e9fce"
"reference/fold_evaluations/fold4/evaluation_metadata.json","1939","c9326fd0e42fdf657a29956e3c9e51a7e3c86e2eec04a77d716e93a4f5f6c966"
"reference/fold_evaluations/fold4/fp_predictions.csv","2094","3da29945a54684e44fb373a7c6408d0e9cf001951680b46db549bab48f6a8c51"
"reference/fold_evaluations/fold4/image_predictions.csv","161410","167dd37bf0f0e3254a88a416f7945269f92ea5badc477022c53529abcf453ccd"
"reference/fold_evaluations/fold4/metrics.csv","710","81cb7a7fc0d9a07f7e0f7a78349ace7b3a90dacf297dad3fcbd88fac0999ef38"
"reference/fold_evaluations/fold4/metrics.json","881","0f4472f186e2fdaf9645bf840b603532d8109c4cab36f3df85aa593fe9039039"
"reference/fold_evaluations/fold4/object_predictions.csv","62038","454bca9fd07b45ebf7dc1257c891e89943c93eec17e8f3c332e4d435712e9fce"
"reference/oof/02a_confidence_sweep.csv","1362","5986268e9388509fafa181e89893adbc6bf866acdcea85a1dde2d7f451af098c"
"reference/oof/02a_error_types.csv","250716","e6be68758364b481a6aa21ba43a3ccd5a519d17339d3ee14efd46c896b1c28e2"
"reference/oof/02a_false_positive_predictions.csv","9204","c1d3214ac9d1b743afa75f8799789c48bd19ec3d8623dcca34918bb7a504a3a2"
"reference/oof/02a_fold_metrics.csv","2182","ba7997fbf8416fe69576f28ecfcd59dbdbf1cc6c4f2bdeac8af757b40dbda534"
"reference/oof/02a_image_predictions.csv","646976","f5a779e25d483efa516d382eed228e5faea964a01377cc056230ddce1bfdda6c"
"reference/oof/02a_object_predictions.csv","250716","e6be68758364b481a6aa21ba43a3ccd5a519d17339d3ee14efd46c896b1c28e2"
"reference/oof/02a_oof_summary.csv","1609","596c6f25a8347cc459b9bfc7afabfd02c489b2aa4aecd19b04a6a5cce8059317"
"reference/oof/02a_oof_summary.json","1964","7a3a8abcf6659e382df1989cced71289ba0f8d9c2dd6ec6ca37b361027ab3c9e"
"reference/oof/aggregation_metadata.json","2199","b54a0252fd978fe012e98fa198518631aad3e53a10d92c2d7e4e78bfeed2706b"
"reproduction_runs/README.md","229","84a17d5b8e22c186dbd762282ed4762e396501b4b878c376f555f1a04ae00901"
"requirements.txt","206","eb1ed34c60dacc346df91abb24222bf42970a28cc9c7b26dd737281dcfad4982"
"src/aggregate_stage2a_oof.py","9012","77bda6c958f7e971210e08b1920b31dfebb5a6f39c6ddb506289ae9148c109ac"
"src/b2_final_support.py","6143","19f9639ae1a0c07326dbb9e70c434b5a94c80e386c3bd2f8ecc0b3b882989749"
"src/evaluate_stage2a_run.py","12958","86065e45baa00f5e5a199c9e8a5cc6936ead2d0b2b30c6834cae2b9a30dad90d"
"src/export_oof_predictions.py","2849","39372c64876454b3a2b01d8f4db6b6df271b66cf83b590f7130f8e8444397028"
"src/prepare_stage2a_dataset.py","7292","88582ee5dd21334fee1758197910dc101b885e5e3a8f20db6a6e49807a4c7196"
"src/run_stage1a_structural_eda.py","65622","77ed4e57af40c343774791d4543dd73ee59ec40a5d0cef657f5b33df8097f9a4"
"src/run_stage1b_xray_difficulty_eda.py","84525","5f48c87ca602217ba51bfb131bbe96ea9bbaf9b2f7ca3fe4d6a2cbf891123af1"
"src/run_stage1d_artifact_control.py","54472","8f35baaf696a61c35771b97c9669851fc5d879203894bfa8dc4f02217ac86964"
"src/run_stage2a_training.py","20210","0d3b372dc986cecf2243e1efedd43d4f02b6257ae6eb02da64c8f0287913ec1b"
"src/run_submission_pipeline.py","5802","b7d715df243852bd7f4b31c44efb63a8482c8748374e3bf6fe9943557de2337f"
"src/stage2a_common.py","11539","638e98ad4a7a65766da4d3df786ddf37aa4d67b2198abf8215e230d4f16e611d"
"src/stage2b_augmentations.py","2192","6f6461990b0fae2141d08b2257f135b89154ed80bdd5db4fb62c4ee0d94c701f"
"src/wandb_logging.py","3899","9948cd0fcb1513cd65fe53dcf5e0ae652056cf8eb18f3486f1324a8f7aa859dc"
