stem,fold_id,width,height,gt_boxes_json,prediction_boxes_json,prediction_count_at_floor,confidence_floor
001_20200622_203305(8),2,576,444,"[[362.0,189.99999999999997,368.00000000000006,198.0],[363.0,218.0,371.0,228.0],[368.0,255.0,379.0,267.0]]","[{""bbox"":[361.57525634765625,218.8521728515625,372.88360595703125,230.91818237304688],""confidence"":0.6054115891456604},{""bbox"":[357.8056335449219,186.88006591796875,370.8868408203125,199.6273956298828],""confidence"":0.5750477910041809},{""bbox"":[366.0341491699219,255.18734741210938,378.91412353515625,268.84918212890625],""confidence"":0.5682536959648132},{""bbox"":[362.18731689453125,217.07296752929688,374.5700988769531,231.493408203125],""confidence"":0.30794569849967957},{""bbox"":[360.2007751464844,219.10203552246094,374.0682373046875,233.6707763671875],""confidence"":0.14928455650806427},{""bbox"":[363.0843505859375,254.84945678710938,377.7579040527344,269.46710205078125],""confidence"":0.0638061910867691},{""bbox"":[369.205810546875,254.76039123535156,382.8165588378906,269.7110595703125],""confidence"":0.006225695833563805},{""bbox"":[356.1394958496094,218.99513244628906,371.37939453125,232.86065673828125],""confidence"":0.004559194203466177},{""bbox"":[363.2550048828125,218.0736083984375,378.3219909667969,231.34146118164062],""confidence"":0.0034089453984051943},{""bbox"":[358.0812072753906,182.3372802734375,372.18975830078125,199.48341369628906],""confidence"":0.003189981682226062},{""bbox"":[494.3755187988281,175.1657257080078,503.8023376464844,185.99769592285156],""confidence"":0.0030089428182691336},{""bbox"":[355.69378662109375,186.26150512695312,372.7005615234375,204.7176055908203],""confidence"":0.002791555831208825},{""bbox"":[494.6098937988281,178.95497131347656,503.5843200683594,187.3470916748047],""confidence"":0.0026551045011729},{""bbox"":[361.8283996582031,212.42762756347656,372.8660583496094,227.25784301757812],""confidence"":0.0020538705866783857},{""bbox"":[497.8201599121094,178.21717834472656,508.25762939453125,187.44284057617188],""confidence"":0.0012806777376681566}]",15,0.001
001_20200622_203309(1),2,576,444,"[[369.0,173.0,379.0,184.0],[366.00000000000006,201.0,378.0,215.0],[368.00000000000006,241.0,376.0,254.99999999999997]]","[{""bbox"":[365.9483642578125,204.1192626953125,378.0367431640625,216.37649536132812],""confidence"":0.588650107383728},{""bbox"":[367.3069763183594,171.51612854003906,380.03704833984375,184.28762817382812],""confidence"":0.5776733756065369},{""bbox"":[365.9827575683594,241.19998168945312,378.9527587890625,254.77139282226562],""confidence"":0.5610665082931519},{""bbox"":[363.10064697265625,203.65882873535156,376.89300537109375,216.7677764892578],""confidence"":0.10008371621370316},{""bbox"":[365.06463623046875,204.23605346679688,379.22796630859375,219.1044464111328],""confidence"":0.07116255909204483},{""bbox"":[363.0762023925781,240.58642578125,377.79052734375,255.27882385253906],""confidence"":0.06233162432909012},{""bbox"":[367.7842712402344,167.86790466308594,381.2874450683594,183.75863647460938],""confidence"":0.03630048781633377},{""bbox"":[369.6646423339844,169.71470642089844,382.7877502441406,184.38040161132812],""confidence"":0.03047076426446438},{""bbox"":[370.4241943359375,203.72463989257812,383.2740173339844,217.6829376220703],""confidence"":0.012486906722187996},{""bbox"":[363.26171875,170.7627410888672,378.63275146484375,184.9109344482422],""confidence"":0.010849179700016975},{""bbox"":[369.5448913574219,241.15081787109375,382.8165588378906,255.95639038085938],""confidence"":0.010403051041066647},{""bbox"":[365.6321716308594,173.07090759277344,380.35516357421875,188.1269073486328],""confidence"":0.005894515197724104},{""bbox"":[500.59027099609375,228.6823272705078,510.2694396972656,238.69180297851562],""confidence"":0.003768232185393572},{""bbox"":[368.7819519042969,172.0563201904297,385.45416259765625,186.08224487304688],""confidence"":0.0028508894611150026},{""bbox"":[365.8573303222656,197.70883178710938,378.7816467285156,212.1566162109375],""confidence"":0.002590949647128582},{""bbox"":[501.5257568359375,225.56039428710938,511.1055908203125,236.67868041992188],""confidence"":0.0013510636053979397},{""bbox"":[501.3504638671875,229.474609375,510.7504577636719,240.69549560546875],""confidence"":0.0010820465395227075}]",17,0.001
001_20200622_203312(6),2,576,444,"[[357.0,187.0,366.0,198.0],[357.00000000000006,218.00000000000003,369.0,232.0],[356.0,256.0,369.0,268.0]]","[{""bbox"":[357.75567626953125,186.54014587402344,370.7160339355469,198.9447021484375],""confidence"":0.608154833316803},{""bbox"":[355.4538269042969,257.1399841308594,368.8039855957031,270.34368896484375],""confidence"":0.5708140730857849},{""bbox"":[355.139404296875,219.74522399902344,365.7069396972656,230.99061584472656],""confidence"":0.5075196027755737},{""bbox"":[358.6973876953125,219.0736846923828,369.8125915527344,231.81393432617188],""confidence"":0.11978529393672943},{""bbox"":[356.9292297363281,257.5040588378906,371.4963684082031,271.199951171875],""confidence"":0.10418413579463959},{""bbox"":[354.2821960449219,220.0559539794922,366.875732421875,233.56248474121094],""confidence"":0.081244096159935},{""bbox"":[354.878173828125,254.18093872070312,368.2398681640625,269.2997741699219],""confidence"":0.05685479938983917},{""bbox"":[351.4819641113281,219.21176147460938,364.8423156738281,232.1221160888672],""confidence"":0.05117469280958176},{""bbox"":[357.1807861328125,187.84654235839844,370.2281494140625,202.4314422607422],""confidence"":0.03131336346268654},{""bbox"":[352.15606689453125,256.2667541503906,366.0303649902344,270.9120788574219],""confidence"":0.019263623282313347},{""bbox"":[495.5503234863281,207.9091339111328,504.9971618652344,216.506591796875],""confidence"":0.011354411020874977},{""bbox"":[357.9308776855469,182.32101440429688,371.8575744628906,198.75205993652344],""confidence"":0.00794926006346941},{""bbox"":[357.50152587890625,258.8702087402344,370.7386169433594,274.03375244140625],""confidence"":0.004826122894883156},{""bbox"":[495.6728820800781,207.90113830566406,506.2413024902344,219.12840270996094],""confidence"":0.0037628780119121075},{""bbox"":[498.282958984375,207.9388885498047,508.3791809082031,216.80606079101562],""confidence"":0.003622332587838173},{""bbox"":[495.3467102050781,203.97064208984375,504.93426513671875,214.97906494140625],""confidence"":0.003027062164619565},{""bbox"":[351.61114501953125,258.9434509277344,366.3804016113281,274.1119384765625],""confidence"":0.002386607462540269},{""bbox"":[498.0641784667969,208.30406188964844,509.0871887207031,219.4022979736328],""confidence"":0.001794692943803966},{""bbox"":[355.26861572265625,182.11659240722656,369.1159362792969,197.3809356689453],""confidence"":0.0016204903367906809},{""bbox"":[352.12530517578125,183.91139221191406,365.72100830078125,197.6787567138672],""confidence"":0.0015296033816412091},{""bbox"":[354.3348388671875,185.36807250976562,372.2251892089844,204.73147583007812],""confidence"":0.0012232880108058453},{""bbox"":[348.6571044921875,220.92367553710938,363.2909851074219,234.31951904296875],""confidence"":0.0010152289178222418}]",22,0.001
001_20200622_203316(0),2,576,444,"[[365.0,203.0,371.99999999999994,213.99999999999997],[364.00000000000006,233.00000000000003,376.0,247.0],[370.0,276.0,378.0,287.0]]","[{""bbox"":[360.8967590332031,202.87171936035156,373.4663391113281,215.73703002929688],""confidence"":0.6149153113365173},{""bbox"":[367.5235290527344,273.2032470703125,380.2481689453125,285.8448181152344],""confidence"":0.612844705581665},{""bbox"":[364.0160827636719,234.83274841308594,376.8304443359375,247.77706909179688],""confidence"":0.5649875998497009},{""bbox"":[359.514892578125,203.13412475585938,374.6484375,219.1405487060547],""confidence"":0.032912563532590866},{""bbox"":[362.76885986328125,232.5953369140625,376.375,246.6633758544922],""confidence"":0.024206753820180893},{""bbox"":[370.3284912109375,271.44793701171875,382.89105224609375,286.262451171875],""confidence"":0.022580116987228394},{""bbox"":[362.21575927734375,202.85182189941406,378.32049560546875,217.0386962890625],""confidence"":0.011829123832285404},{""bbox"":[362.35113525390625,199.06922912597656,373.2344665527344,213.7159881591797],""confidence"":0.008857588283717632},{""bbox"":[363.30218505859375,272.635986328125,379.66094970703125,287.2633972167969],""confidence"":0.00807221420109272},{""bbox"":[365.9414978027344,272.9035949707031,382.8237609863281,291.1724853515625],""confidence"":0.005769098177552223},{""bbox"":[367.7664794921875,268.70562744140625,381.788818359375,285.9320983886719],""confidence"":0.005359519738703966},{""bbox"":[370.7083435058594,273.4495849609375,384.22723388671875,288.57769775390625],""confidence"":0.0051503232680261135},{""bbox"":[356.2060546875,201.96205139160156,373.8430480957031,216.99436950683594],""confidence"":0.0014444147236645222}]",13,0.001
001_20200622_203319(4),2,576,444,"[[364.00000000000006,209.0,376.0,219.0],[369.0,237.99999999999997,380.00000000000006,249.00000000000003],[374.0,276.0,384.00000000000006,286.0]]","[{""bbox"":[363.2529296875,207.22921752929688,375.5155334472656,219.4684295654297],""confidence"":0.5978298783302307},{""bbox"":[372.31683349609375,275.3739013671875,385.0064392089844,287.9178771972656],""confidence"":0.5862037539482117},{""bbox"":[367.093017578125,237.98146057128906,379.3134460449219,250.1211395263672],""confidence"":0.5642346143722534},{""bbox"":[363.777587890625,204.78756713867188,377.0125732421875,219.00892639160156],""confidence"":0.3561970889568329},{""bbox"":[373.3349304199219,273.3504333496094,387.3112487792969,288.9144287109375],""confidence"":0.2930872440338135},{""bbox"":[371.8505859375,275.7091369628906,386.4747009277344,291.0888366699219],""confidence"":0.041436996310949326},{""bbox"":[510.8038024902344,256.9187316894531,522.6703491210938,267.6557922363281],""confidence"":0.03972887992858887},{""bbox"":[371.24871826171875,238.24478149414062,382.9638366699219,249.84194946289062],""confidence"":0.03818657621741295},{""bbox"":[509.89105224609375,257.9985046386719,520.516845703125,268.0398254394531],""confidence"":0.03525407239794731},{""bbox"":[373.9395751953125,271.7067565917969,384.67047119140625,286.51007080078125],""confidence"":0.02068190462887287},{""bbox"":[363.2486267089844,238.16880798339844,377.94403076171875,252.01669311523438],""confidence"":0.01654321327805519},{""bbox"":[509.8218078613281,254.37803649902344,520.5717163085938,266.7656555175781],""confidence"":0.011486558243632317},{""bbox"":[365.2174987792969,237.8165283203125,381.1478271484375,255.0832977294922],""confidence"":0.011336209252476692},{""bbox"":[366.3638610839844,274.3489685058594,381.1932067871094,289.2439270019531],""confidence"":0.0023616033140569925},{""bbox"":[362.5745849609375,240.1524658203125,378.2484436035156,255.5639190673828],""confidence"":0.0012708863941952586}]",15,0.001
001_20200623_203247(5),2,576,444,"[[340.0,184.0,355.00000000000006,197.0],[343.0,215.0,360.0,228.0],[348.0,258.0,363.0,274.0]]","[{""bbox"":[341.9659729003906,182.5421142578125,353.6009521484375,194.37582397460938],""confidence"":0.6191551685333252},{""bbox"":[349.3302307128906,260.36767578125,362.318603515625,273.0099792480469],""confidence"":0.615356981754303},{""bbox"":[344.644287109375,215.5401611328125,357.0096130371094,228.04127502441406],""confidence"":0.5430185198783875},{""bbox"":[349.324951171875,258.29168701171875,365.0037536621094,274.5412902832031],""confidence"":0.3405861556529999},{""bbox"":[343.295654296875,180.8802490234375,355.4573974609375,194.24632263183594],""confidence"":0.28342536091804504},{""bbox"":[345.1219787597656,215.4347381591797,358.5285339355469,230.82723999023438],""confidence"":0.10145292431116104},{""bbox"":[350.497314453125,256.69976806640625,363.11236572265625,272.0190124511719],""confidence"":0.07009483873844147},{""bbox"":[341.6217956542969,215.88433837890625,355.822021484375,228.33436584472656],""confidence"":0.059435199946165085},{""bbox"":[340.5981140136719,182.8185272216797,354.466552734375,197.44287109375],""confidence"":0.04778753221035004},{""bbox"":[337.4847717285156,180.7407989501953,351.3636779785156,193.37716674804688],""confidence"":0.01811506226658821},{""bbox"":[347.4046936035156,260.005126953125,363.1080017089844,276.9195556640625],""confidence"":0.014735112898051739},{""bbox"":[484.3013916015625,254.31298828125,494.991943359375,266.2094421386719],""confidence"":0.005503524094820023},{""bbox"":[343.1170654296875,214.15826416015625,361.31658935546875,234.18370056152344],""confidence"":0.004906953778117895},{""bbox"":[477.8103332519531,210.7450714111328,486.3458251953125,220.45191955566406],""confidence"":0.002695303177461028},{""bbox"":[344.6358642578125,211.12112426757812,358.6217346191406,227.7689208984375],""confidence"":0.0012456629192456603},{""bbox"":[480.9924011230469,254.395751953125,491.1448669433594,266.54534912109375],""confidence"":0.001236341311596334},{""bbox"":[483.8311767578125,257.13775634765625,495.0934753417969,269.442626953125],""confidence"":0.0011586392065510154}]",17,0.001
001_20200624_003240(4),2,576,444,"[[342.0,242.0,356.0,252.0],[342.0,194.0,353.00000000000006,207.0],[338.0,161.0,351.0,175.0]]","[{""bbox"":[340.2835998535156,162.4344482421875,351.2444152832031,174.7162322998047],""confidence"":0.6054350733757019},{""bbox"":[343.5920104980469,240.76959228515625,356.0256652832031,253.55801391601562],""confidence"":0.5806190967559814},{""bbox"":[338.99517822265625,194.42495727539062,351.84564208984375,207.1645965576172],""confidence"":0.5305545926094055},{""bbox"":[341.464111328125,160.4757537841797,354.72857666015625,174.96275329589844],""confidence"":0.22064168751239777},{""bbox"":[341.6845397949219,194.1861114501953,354.1447448730469,206.84983825683594],""confidence"":0.20526228845119476},{""bbox"":[337.5176086425781,160.43240356445312,352.2469177246094,174.99192810058594],""confidence"":0.09424152970314026},{""bbox"":[341.2759094238281,239.41278076171875,354.2021484375,252.6468048095703],""confidence"":0.09044662863016129},{""bbox"":[480.94378662109375,251.31893920898438,491.6043701171875,261.2369689941406],""confidence"":0.04669139161705971},{""bbox"":[481.68988037109375,250.92864990234375,493.9223937988281,262.6619567871094],""confidence"":0.012354793027043343},{""bbox"":[338.2873229980469,194.4447021484375,354.4786376953125,212.43734741210938],""confidence"":0.011320861056447029},{""bbox"":[341.1382751464844,162.19021606445312,356.7161560058594,176.41339111328125],""confidence"":0.0068704960867762566},{""bbox"":[337.7434387207031,239.8071746826172,351.96435546875,253.61380004882812],""confidence"":0.005644035525619984},{""bbox"":[481.23114013671875,247.22230529785156,491.8489990234375,259.64239501953125],""confidence"":0.0042744786478579044},{""bbox"":[339.98980712890625,193.86795043945312,356.8183898925781,208.74986267089844],""confidence"":0.0027013702783733606},{""bbox"":[479.48004150390625,251.2178955078125,489.5582275390625,261.6571044921875],""confidence"":0.0024586105719208717},{""bbox"":[339.440673828125,189.32630920410156,353.2606506347656,203.61947631835938],""confidence"":0.0012115250574424863},{""bbox"":[334.5409240722656,194.4580535888672,351.30859375,208.5454864501953],""confidence"":0.0011009874287992716},{""bbox"":[478.89111328125,166.3742218017578,488.174560546875,176.60386657714844],""confidence"":0.0010365755297243595}]",18,0.001
001_20200624_003244(2),2,576,444,"[[348.0,167.0,362.0,182.0],[350.0,200.0,365.0,213.00000000000003],[356.0,246.0,368.0,259.0]]","[{""bbox"":[355.2225646972656,246.619873046875,367.3404846191406,259.0505676269531],""confidence"":0.6267125010490417},{""bbox"":[351.1947021484375,167.6929168701172,363.7620849609375,180.20501708984375],""confidence"":0.5903664827346802},{""bbox"":[351.9703369140625,200.69493103027344,364.5062255859375,213.3166961669922],""confidence"":0.5219855308532715},{""bbox"":[355.9844665527344,244.80679321289062,370.1292724609375,260.3231201171875],""confidence"":0.18223968148231506},{""bbox"":[348.64239501953125,166.7274932861328,362.5699768066406,180.3087921142578],""confidence"":0.08839920908212662},{""bbox"":[351.9063415527344,244.71923828125,366.9917907714844,260.386962890625],""confidence"":0.08792778104543686},{""bbox"":[349.8309326171875,167.74191284179688,364.7597961425781,183.17434692382812],""confidence"":0.07208423316478729},{""bbox"":[350.83831787109375,201.56307983398438,365.05291748046875,216.54678344726562],""confidence"":0.06027941033244133},{""bbox"":[354.014892578125,246.57269287109375,368.74591064453125,262.3946533203125],""confidence"":0.03882969543337822},{""bbox"":[348.7227478027344,200.1431427001953,363.0702209472656,214.20960998535156],""confidence"":0.027280500158667564},{""bbox"":[356.3354187011719,242.55979919433594,368.8312072753906,257.50469970703125],""confidence"":0.006861519068479538},{""bbox"":[352.2918395996094,242.11863708496094,366.3433532714844,257.0166015625],""confidence"":0.005251836497336626},{""bbox"":[356.3634033203125,246.80763244628906,371.4983825683594,262.27496337890625],""confidence"":0.004217519890516996},{""bbox"":[426.189453125,203.1243438720703,438.457275390625,214.88197326660156],""confidence"":0.0033390610478818417},{""bbox"":[352.140625,196.6283416748047,365.9493408203125,212.24024963378906],""confidence"":0.002581704640761018},{""bbox"":[351.1510314941406,200.21609497070312,368.59381103515625,219.71128845214844],""confidence"":0.002283890498802066},{""bbox"":[355.235107421875,166.20462036132812,368.5204162597656,180.17506408691406],""confidence"":0.0021368484012782574},{""bbox"":[355.5619812011719,199.11532592773438,368.2296447753906,213.8011932373047],""confidence"":0.001808236469514668},{""bbox"":[493.18359375,165.7852783203125,502.9647216796875,176.812255859375],""confidence"":0.0016942651709541678},{""bbox"":[486.5449523925781,170.7711944580078,495.9260559082031,180.21548461914062],""confidence"":0.0016492381691932678},{""bbox"":[431.8822021484375,204.49224853515625,442.57464599609375,217.18035888671875],""confidence"":0.0016009064856916666},{""bbox"":[393.9544677734375,201.8075714111328,405.6717224121094,212.6830596923828],""confidence"":0.0014921465190127492}]",22,0.001
001_20200624_003247(7),2,576,444,"[[339.0,151.0,357.0,165.0],[345.0,184.00000000000003,358.0,200.0],[349.0,228.00000000000003,363.0,242.0]]","[{""bbox"":[350.16583251953125,228.3316192626953,363.3452453613281,241.31190490722656],""confidence"":0.5742126703262329},{""bbox"":[343.35174560546875,150.33607482910156,355.8818664550781,162.5911865234375],""confidence"":0.5703189373016357},{""bbox"":[345.4490966796875,183.1959686279297,357.6773681640625,196.58950805664062],""confidence"":0.5398518443107605},{""bbox"":[348.350341796875,225.39532470703125,362.03765869140625,240.639404296875],""confidence"":0.01397354993969202},{""bbox"":[341.648681640625,183.0331573486328,356.3979797363281,197.36097717285156],""confidence"":0.01347405556589365},{""bbox"":[349.37774658203125,229.45367431640625,364.1736755371094,245.0863494873047],""confidence"":0.009704452008008957},{""bbox"":[343.9508056640625,146.34088134765625,357.32666015625,162.2430419921875],""confidence"":0.008979406207799911},{""bbox"":[337.43499755859375,148.56153869628906,351.6717529296875,161.80152893066406],""confidence"":0.00838377047330141},{""bbox"":[491.985107421875,225.31532287597656,502.03582763671875,235.21273803710938],""confidence"":0.00468746991828084},{""bbox"":[388.0201721191406,228.98263549804688,398.740966796875,239.39910888671875],""confidence"":0.003729092190042138},{""bbox"":[477.4129638671875,180.71495056152344,486.3478088378906,190.4631805419922],""confidence"":0.002074142452329397},{""bbox"":[340.9826965332031,146.15579223632812,354.9365539550781,161.45523071289062],""confidence"":0.0016631092876195908},{""bbox"":[488.68487548828125,225.66290283203125,498.8805236816406,235.58888244628906],""confidence"":0.0012712294701486826},{""bbox"":[390.82733154296875,228.70852661132812,400.90838623046875,239.19223022460938],""confidence"":0.0010786959901452065}]",14,0.001
001_20200624_003251(1),2,576,444,"[[345.0,186.00000000000003,358.0,198.0],[346.00000000000006,219.00000000000003,362.0,231.0],[349.0,265.0,363.0,277.0]]","[{""bbox"":[347.7803955078125,185.53842163085938,359.5255432128906,197.8350830078125],""confidence"":0.6115772724151611},{""bbox"":[350.2686767578125,263.8848571777344,363.072265625,276.67388916015625],""confidence"":0.5877564549446106},{""bbox"":[347.7621154785156,219.18899536132812,359.3312072753906,231.18463134765625],""confidence"":0.568897008895874},{""bbox"":[347.660400390625,219.6748046875,361.3469543457031,233.78146362304688],""confidence"":0.10231083631515503},{""bbox"":[347.62518310546875,182.27943420410156,360.48858642578125,196.9599151611328],""confidence"":0.050369348376989365},{""bbox"":[348.3841247558594,261.37200927734375,361.765380859375,275.7315673828125],""confidence"":0.030142394825816154},{""bbox"":[348.04547119140625,184.99168395996094,363.9940185546875,199.40777587890625],""confidence"":0.020998816937208176},{""bbox"":[487.24957275390625,193.04872131347656,497.4231262207031,202.32337951660156],""confidence"":0.010964457876980305},{""bbox"":[487.0514831542969,193.2379913330078,498.35595703125,205.01303100585938],""confidence"":0.004521925467997789},{""bbox"":[349.6037902832031,218.14759826660156,364.0162048339844,231.1570587158203],""confidence"":0.0038668978959321976},{""bbox"":[488.7812805175781,192.81869506835938,501.029052734375,203.2619171142578],""confidence"":0.002987661398947239},{""bbox"":[348.31304931640625,212.90512084960938,358.58148193359375,227.18113708496094],""confidence"":0.0022108100820332766},{""bbox"":[487.4165954589844,189.5704803466797,497.5350036621094,201.13787841796875],""confidence"":0.0020896620117127895},{""bbox"":[346.80364990234375,187.724365234375,359.7548828125,202.27224731445312],""confidence"":0.0017515303334221244}]",14,0.001
001_20200624_003254(3),2,576,444,"[[339.0,175.0,353.0,188.0],[342.99999999999994,207.0,357.0,223.0],[351.0,252.99999999999997,364.0,266.0]]","[{""bbox"":[340.7784729003906,174.32049560546875,352.22412109375,186.06642150878906],""confidence"":0.6223069429397583},{""bbox"":[350.24169921875,252.54721069335938,362.91448974609375,264.6860046386719],""confidence"":0.5935503840446472},{""bbox"":[344.2743225097656,207.187255859375,356.10638427734375,219.25485229492188],""confidence"":0.5283845067024231},{""bbox"":[345.71820068359375,208.30763244628906,357.83154296875,219.87657165527344],""confidence"":0.1782103031873703},{""bbox"":[341.8241882324219,173.47422790527344,355.1216125488281,188.16744995117188],""confidence"":0.0991097018122673},{""bbox"":[341.48834228515625,207.08985900878906,354.74346923828125,219.9669952392578],""confidence"":0.08135321736335754},{""bbox"":[342.5235290527344,170.28634643554688,354.580810546875,184.83135986328125],""confidence"":0.029708849266171455},{""bbox"":[337.59893798828125,173.39523315429688,352.4217529296875,188.32455444335938],""confidence"":0.02383478544652462},{""bbox"":[344.7223815917969,203.94200134277344,356.8631591796875,217.78460693359375],""confidence"":0.013189800083637238},{""bbox"":[337.8182678222656,169.8783416748047,351.6559753417969,184.11805725097656],""confidence"":0.005807989276945591},{""bbox"":[448.4486083984375,246.3834686279297,460.12432861328125,260.14910888671875],""confidence"":0.005191963631659746},{""bbox"":[349.3504333496094,250.70286560058594,366.001220703125,269.5242004394531],""confidence"":0.005154231563210487},{""bbox"":[341.1597900390625,203.6931610107422,354.6321105957031,216.9665069580078],""confidence"":0.0023158302064985037},{""bbox"":[337.4851989746094,206.84754943847656,351.4510192871094,219.55494689941406],""confidence"":0.0018220709171146154}]",14,0.001
001_20200624_003303(5),2,576,444,"[[349.0,227.0,366.0,243.00000000000003],[346.00000000000006,194.00000000000003,362.0,209.0],[349.0,272.0,364.00000000000006,288.0]]","[{""bbox"":[350.10552978515625,195.63320922851562,362.0513916015625,207.17259216308594],""confidence"":0.6169916987419128},{""bbox"":[349.72479248046875,274.4494934082031,362.2216491699219,286.5440368652344],""confidence"":0.6015188097953796},{""bbox"":[349.0006408691406,228.9097442626953,361.7154541015625,241.455810546875],""confidence"":0.5531812310218811},{""bbox"":[350.26861572265625,229.2761688232422,364.5218505859375,242.47706604003906],""confidence"":0.07468639314174652},{""bbox"":[350.0472106933594,270.7621154785156,362.0316467285156,285.6881408691406],""confidence"":0.06332743912935257},{""bbox"":[349.1897277832031,230.25650024414062,362.498291015625,245.21351623535156],""confidence"":0.033995822072029114},{""bbox"":[492.42681884765625,214.51771545410156,502.44677734375,224.21951293945312],""confidence"":0.024486038833856583},{""bbox"":[348.1023254394531,225.4810791015625,361.3821716308594,239.98776245117188],""confidence"":0.014077821746468544},{""bbox"":[348.18560791015625,194.8151397705078,363.6139221191406,211.81394958496094],""confidence"":0.00585067318752408},{""bbox"":[349.37371826171875,273.1874084472656,365.2604064941406,291.0976257324219],""confidence"":0.004534590058028698},{""bbox"":[490.301025390625,214.18914794921875,500.7123107910156,223.9998779296875],""confidence"":0.004410425201058388},{""bbox"":[449.8843994140625,242.65237426757812,460.7759094238281,253.86074829101562],""confidence"":0.0024425513111054897},{""bbox"":[494.2595520019531,209.8310546875,504.6203308105469,220.76004028320312],""confidence"":0.0023431447334587574},{""bbox"":[492.3230895996094,211.0864715576172,502.9748840332031,223.04409790039062],""confidence"":0.0020337249152362347},{""bbox"":[449.9080505371094,240.6673126220703,459.1451416015625,251.85821533203125],""confidence"":0.0013886806555092335},{""bbox"":[485.29266357421875,294.1084899902344,495.24188232421875,304.2202453613281],""confidence"":0.0012050482910126448}]",16,0.001
001_20200624_162816(3),2,576,444,"[[335.0,168.0,354.0,183.0],[342.0,201.00000000000003,357.99999999999994,217.0],[355.00000000000006,242.0,371.0,257.0]]","[{""bbox"":[356.1702575683594,243.9223175048828,369.49249267578125,256.9891357421875],""confidence"":0.5787316560745239},{""bbox"":[338.5190124511719,168.70040893554688,350.0826721191406,181.09490966796875],""confidence"":0.5572906732559204},{""bbox"":[344.1351623535156,202.674560546875,356.6826477050781,214.46075439453125],""confidence"":0.4339076280593872},{""bbox"":[336.92657470703125,169.11550903320312,350.7690734863281,183.2303009033203],""confidence"":0.11928755044937134},{""bbox"":[341.4624328613281,202.74957275390625,355.1187438964844,215.57456970214844],""confidence"":0.03988529369235039},{""bbox"":[352.3097839355469,242.1051483154297,366.49871826171875,257.2174987792969],""confidence"":0.035563353449106216},{""bbox"":[341.1684265136719,166.7606964111328,354.2015686035156,180.44427490234375],""confidence"":0.025687718763947487},{""bbox"":[344.1635437011719,199.01943969726562,355.0115051269531,213.35423278808594],""confidence"":0.02522350661456585},{""bbox"":[334.5237731933594,168.95916748046875,348.8310852050781,182.15594482421875],""confidence"":0.019407792016863823},{""bbox"":[344.1691589355469,202.7861785888672,359.7472839355469,219.3759307861328],""confidence"":0.005720442160964012},{""bbox"":[355.87542724609375,239.8787384033203,370.7909240722656,257.9253845214844],""confidence"":0.0055423821322619915},{""bbox"":[353.63592529296875,243.83668518066406,370.67144775390625,262.53204345703125],""confidence"":0.0030239110346883535},{""bbox"":[449.4638366699219,217.8157501220703,461.14813232421875,231.304443359375],""confidence"":0.002562570618465543},{""bbox"":[337.3299560546875,203.2638702392578,351.47247314453125,217.14735412597656],""confidence"":0.0012549655511975288}]",14,0.001
001_20200624_162821(2),2,576,444,"[[343.0,141.0,355.0,156.0],[347.0,176.0,361.0,190.0],[353.0,221.99999999999997,364.00000000000006,235.99999999999994]]","[{""bbox"":[346.5180969238281,177.10023498535156,359.4057922363281,190.47152709960938],""confidence"":0.581238329410553},{""bbox"":[345.40179443359375,143.38528442382812,357.731201171875,155.89601135253906],""confidence"":0.5653575658798218},{""bbox"":[352.84869384765625,222.74839782714844,365.2188720703125,234.73733520507812],""confidence"":0.5484491586685181},{""bbox"":[351.0474548339844,220.20704650878906,365.4054870605469,235.03396606445312],""confidence"":0.25379687547683716},{""bbox"":[341.6787109375,143.26388549804688,356.12237548828125,156.80931091308594],""confidence"":0.032020386308431625},{""bbox"":[348.7745056152344,222.1172332763672,363.7084045410156,236.24317932128906],""confidence"":0.026419643312692642},{""bbox"":[355.42193603515625,220.4165496826172,369.05706787109375,235.46044921875],""confidence"":0.025250932201743126},{""bbox"":[499.9395446777344,108.31637573242188,510.2198791503906,117.43096160888672],""confidence"":0.013040383346378803},{""bbox"":[347.90264892578125,176.66970825195312,364.3045959472656,191.4085235595703],""confidence"":0.008616860024631023},{""bbox"":[345.3753967285156,139.1260528564453,359.05242919921875,156.0243377685547],""confidence"":0.006152330432087183},{""bbox"":[420.0032958984375,219.06138610839844,430.8612976074219,231.7723388671875],""confidence"":0.006062580272555351},{""bbox"":[497.7032165527344,108.0242919921875,508.44049072265625,117.39971923828125],""confidence"":0.00540923373773694},{""bbox"":[352.86029052734375,218.26548767089844,366.8703918457031,234.60621643066406],""confidence"":0.0043271565809845924},{""bbox"":[477.4564514160156,219.1649932861328,488.08001708984375,231.6750030517578],""confidence"":0.0025987480767071247},{""bbox"":[350.8633117675781,221.7353973388672,368.1095275878906,240.79591369628906],""confidence"":0.0024704306852072477},{""bbox"":[342.4007568359375,143.2802276611328,359.2659912109375,161.49412536621094],""confidence"":0.0023857811465859413},{""bbox"":[498.8048095703125,108.82406616210938,510.3426513671875,119.50005340576172],""confidence"":0.002367886248975992},{""bbox"":[478.822265625,138.98709106445312,488.76336669921875,149.77276611328125],""confidence"":0.0020459741353988647},{""bbox"":[478.78509521484375,137.7538299560547,487.83331298828125,147.7271270751953],""confidence"":0.0014848376158624887},{""bbox"":[341.70477294921875,177.77635192871094,359.06494140625,192.6151580810547],""confidence"":0.0011898159282281995}]",20,0.001
001_20200624_162831(2),2,576,444,"[[360.0,201.00000000000003,375.99999999999994,213.0],[364.0,228.99999999999997,378.0,247.0],[372.0,267.0,385.0,283.0]]","[{""bbox"":[365.74725341796875,231.9755859375,377.7228088378906,243.4405975341797],""confidence"":0.5823175311088562},{""bbox"":[361.0225830078125,199.87156677246094,373.79962158203125,212.89486694335938],""confidence"":0.5796701908111572},{""bbox"":[372.8257751464844,267.58355712890625,384.7891845703125,278.9180603027344],""confidence"":0.5712181925773621},{""bbox"":[364.9806823730469,230.93873596191406,378.6493225097656,245.4977569580078],""confidence"":0.15633928775787354},{""bbox"":[370.2795104980469,266.9095458984375,384.1025085449219,279.9124450683594],""confidence"":0.13913996517658234},{""bbox"":[363.07965087890625,231.8916778564453,376.56085205078125,244.56573486328125],""confidence"":0.12310986965894699},{""bbox"":[361.295654296875,196.67959594726562,374.9853210449219,212.43096923828125],""confidence"":0.03822782263159752},{""bbox"":[365.15264892578125,226.89804077148438,377.4440002441406,241.67025756835938],""confidence"":0.03647300601005554},{""bbox"":[361.8088684082031,198.7092742919922,378.3164978027344,213.0581817626953],""confidence"":0.017063431441783905},{""bbox"":[438.675537109375,217.9956512451172,449.59991455078125,228.97242736816406],""confidence"":0.01221540942788124},{""bbox"":[440.3021545410156,217.51467895507812,451.3384704589844,228.38333129882812],""confidence"":0.009180390276014805},{""bbox"":[366.16473388671875,266.4755859375,379.62640380859375,278.7362060546875],""confidence"":0.008551418781280518},{""bbox"":[371.5043640136719,266.7825012207031,387.4191589355469,283.8994140625],""confidence"":0.0060144527815282345},{""bbox"":[362.2589111328125,232.16647338867188,377.7641296386719,248.20970153808594],""confidence"":0.004121484234929085},{""bbox"":[508.398681640625,238.46395874023438,518.8406372070312,248.43756103515625],""confidence"":0.00239733187481761},{""bbox"":[360.39385986328125,201.99313354492188,374.2912902832031,216.95135498046875],""confidence"":0.0023194155655801296},{""bbox"":[356.1219787597656,200.0331268310547,372.7062683105469,214.63186645507812],""confidence"":0.0021191653795540333},{""bbox"":[358.1872863769531,200.8899383544922,375.6319274902344,219.16712951660156],""confidence"":0.0010684879962354898},{""bbox"":[510.640869140625,237.81124877929688,522.8382568359375,248.47096252441406],""confidence"":0.001002955250442028}]",19,0.001
001_20200624_162835(8),2,576,444,"[[358.0,141.0,369.99999999999994,153.00000000000003],[360.0,172.00000000000003,371.99999999999994,184.0],[365.0,209.0,378.0,224.00000000000003]]","[{""bbox"":[361.14947509765625,172.5952606201172,373.4458312988281,185.28919982910156],""confidence"":0.6053856015205383},{""bbox"":[357.632080078125,140.2350616455078,370.46026611328125,153.27871704101562],""confidence"":0.5657238960266113},{""bbox"":[366.54608154296875,209.65321350097656,378.80194091796875,221.47994995117188],""confidence"":0.5420798063278198},{""bbox"":[363.0959167480469,208.71192932128906,377.7567443847656,222.32855224609375],""confidence"":0.0412871427834034},{""bbox"":[355.6520080566406,138.5967254638672,369.19232177734375,152.45587158203125],""confidence"":0.03785569593310356},{""bbox"":[362.5079345703125,172.7391815185547,378.2825622558594,186.0246124267578],""confidence"":0.012238346971571445},{""bbox"":[364.8581237792969,208.61187744140625,381.552734375,226.39170837402344],""confidence"":0.007768761832267046},{""bbox"":[358.8014831542969,171.68350219726562,375.8290710449219,190.37432861328125],""confidence"":0.007212406489998102},{""bbox"":[352.0401611328125,139.01675415039062,366.0479431152344,152.37034606933594],""confidence"":0.0038668664637953043},{""bbox"":[356.1556396484375,172.09840393066406,372.8711853027344,186.94708251953125],""confidence"":0.002679642289876938},{""bbox"":[362.1962585449219,210.27056884765625,378.79571533203125,226.93824768066406],""confidence"":0.0013736030086874962}]",11,0.001
001_20200625_003507(0),2,576,444,"[[341.00000000000006,143.00000000000003,353.0,154.0],[342.0,175.0,353.00000000000006,188.0],[346.0,223.0,356.0,234.99999999999997]]","[{""bbox"":[340.611572265625,142.8418731689453,352.4533386230469,155.03109741210938],""confidence"":0.599590003490448},{""bbox"":[343.33087158203125,221.90042114257812,356.1599426269531,234.20333862304688],""confidence"":0.5711657404899597},{""bbox"":[341.4305114746094,175.2786102294922,353.47186279296875,187.72003173828125],""confidence"":0.5549004077911377},{""bbox"":[342.864990234375,175.01873779296875,355.4498291015625,189.2109832763672],""confidence"":0.25793999433517456},{""bbox"":[341.914794921875,140.7588348388672,354.4620361328125,155.19215393066406],""confidence"":0.13076840341091156},{""bbox"":[337.74920654296875,140.4213409423828,351.71875,154.42758178710938],""confidence"":0.03994572535157204},{""bbox"":[340.7276611328125,175.99697875976562,354.7984924316406,190.65269470214844],""confidence"":0.03147634491324425},{""bbox"":[337.5231628417969,175.21385192871094,352.01654052734375,189.29502868652344],""confidence"":0.027588602155447006},{""bbox"":[340.6500244140625,141.79794311523438,356.7510681152344,156.43992614746094],""confidence"":0.02335476130247116},{""bbox"":[343.44342041015625,218.29354858398438,357.0660400390625,233.87841796875],""confidence"":0.01883862540125847},{""bbox"":[472.1285400390625,186.67880249023438,483.1431884765625,197.9591827392578],""confidence"":0.014422588981688023},{""bbox"":[343.66217041015625,176.60708618164062,357.6419372558594,190.68902587890625],""confidence"":0.009323406033217907},{""bbox"":[341.084228515625,218.18968200683594,354.5229797363281,233.0579071044922],""confidence"":0.006011890713125467},{""bbox"":[337.51898193359375,220.19017028808594,352.0384521484375,233.9719696044922],""confidence"":0.004955981392413378},{""bbox"":[473.10675048828125,185.4729461669922,486.63311767578125,198.37066650390625],""confidence"":0.004073655232787132},{""bbox"":[475.98834228515625,183.2634735107422,485.4045104980469,194.68882751464844],""confidence"":0.004053561948239803},{""bbox"":[341.18804931640625,144.94728088378906,354.4312744140625,159.3115997314453],""confidence"":0.002751980209723115},{""bbox"":[483.2709655761719,229.67620849609375,494.5009765625,241.1119842529297],""confidence"":0.0016617687651887536},{""bbox"":[477.77593994140625,225.60488891601562,487.28240966796875,236.8321533203125],""confidence"":0.0013018114259466529},{""bbox"":[342.2282409667969,169.7493133544922,354.1392517089844,184.01890563964844],""confidence"":0.0011795564787462354}]",20,0.001
001_20200625_003511(4),2,576,444,"[[348.00000000000006,145.0,360.0,157.00000000000003],[350.0,179.0,360.0,191.00000000000003],[350.0,225.99999999999997,361.0,237.0]]","[{""bbox"":[346.90008544921875,144.29115295410156,358.9134216308594,156.724365234375],""confidence"":0.6160027980804443},{""bbox"":[350.7539978027344,224.8425750732422,363.10394287109375,236.77098083496094],""confidence"":0.587209165096283},{""bbox"":[347.5027160644531,178.81275939941406,359.1715087890625,190.61997985839844],""confidence"":0.5126268267631531},{""bbox"":[348.46075439453125,223.96754455566406,361.8707275390625,237.01019287109375],""confidence"":0.18505196273326874},{""bbox"":[347.91748046875,141.2164764404297,359.10565185546875,155.9062957763672],""confidence"":0.09155098348855972},{""bbox"":[347.3182373046875,175.1439208984375,359.4821472167969,188.96263122558594],""confidence"":0.01673428900539875},{""bbox"":[350.18560791015625,223.73257446289062,365.7243347167969,240.66734313964844],""confidence"":0.011671626009047031},{""bbox"":[348.2107238769531,144.93075561523438,363.8621826171875,158.0203857421875],""confidence"":0.006120666395872831},{""bbox"":[344.30633544921875,143.40032958984375,360.9212951660156,161.50201416015625],""confidence"":0.004506526980549097},{""bbox"":[349.3390197753906,179.33328247070312,363.9827880859375,191.722900390625],""confidence"":0.0018624336225911975},{""bbox"":[346.4983215332031,139.06130981445312,360.75469970703125,157.01901245117188],""confidence"":0.0010792382527142763}]",11,0.001
001_20200625_003515(9),2,576,444,"[[342.99999999999994,154.0,357.0,167.00000000000003],[347.0,187.0,360.0,202.0],[349.0,233.0,360.99999999999994,249.00000000000003]]","[{""bbox"":[349.43304443359375,233.1934814453125,362.08160400390625,245.99156188964844],""confidence"":0.5989606380462646},{""bbox"":[346.4603271484375,153.9363555908203,358.4637145996094,166.67483520507812],""confidence"":0.587041974067688},{""bbox"":[345.15966796875,187.35336303710938,358.4622497558594,200.402587890625],""confidence"":0.5615087747573853},{""bbox"":[348.8780822753906,230.8876190185547,363.5392761230469,246.70655822753906],""confidence"":0.4149966537952423},{""bbox"":[350.0671691894531,233.888916015625,364.3045654296875,248.0223846435547],""confidence"":0.061318397521972656},{""bbox"":[346.4468688964844,184.92010498046875,357.1321716308594,199.79856872558594],""confidence"":0.05956634134054184},{""bbox"":[344.0939636230469,186.32699584960938,361.0275573730469,205.1885986328125],""confidence"":0.012907033786177635},{""bbox"":[341.66534423828125,186.77383422851562,357.3761291503906,201.1353759765625],""confidence"":0.009080886840820312},{""bbox"":[347.38702392578125,154.0006561279297,363.85321044921875,168.34786987304688],""confidence"":0.0036875761579722166},{""bbox"":[349.4759826660156,227.88681030273438,360.7451171875,242.704833984375],""confidence"":0.003327256767079234},{""bbox"":[341.805419921875,153.1397705078125,358.599609375,167.68955993652344],""confidence"":0.0012992678675800562}]",11,0.001
001_20200625_003520(4),2,576,444,"[[340.0,152.0,354.0,163.0],[342.0,187.0,353.00000000000006,198.0],[346.0,233.0,355.0,244.00000000000003]]","[{""bbox"":[341.502197265625,152.88626098632812,353.6756896972656,164.9536895751953],""confidence"":0.603763222694397},{""bbox"":[343.61505126953125,231.87271118164062,356.38739013671875,244.42514038085938],""confidence"":0.5887150764465332},{""bbox"":[342.6337890625,186.7808837890625,355.3660583496094,198.91012573242188],""confidence"":0.5428341627120972},{""bbox"":[342.32281494140625,152.5081329345703,356.7987365722656,165.89187622070312],""confidence"":0.06707478314638138},{""bbox"":[343.8659973144531,187.03321838378906,356.7568054199219,202.0823516845703],""confidence"":0.06278828531503677},{""bbox"":[337.4049377441406,151.3927764892578,351.21368408203125,163.94998168945312],""confidence"":0.036173153668642044},{""bbox"":[343.54241943359375,232.20814514160156,358.1734619140625,247.92552185058594],""confidence"":0.02828681282699108},{""bbox"":[339.888671875,152.7711181640625,354.66241455078125,168.6561737060547],""confidence"":0.02449876442551613},{""bbox"":[343.767578125,228.0458984375,355.50360107421875,243.0037841796875],""confidence"":0.020145319402217865},{""bbox"":[337.5639343261719,230.7989044189453,352.5140075683594,245.99838256835938],""confidence"":0.005671236198395491},{""bbox"":[482.879150390625,244.6770477294922,494.4990539550781,255.9617156982422],""confidence"":0.005044109653681517},{""bbox"":[480.7909851074219,244.95481872558594,492.0600891113281,255.91812133789062],""confidence"":0.0027929844800382853},{""bbox"":[340.8011779785156,182.1791229248047,354.4474792480469,196.08660888671875],""confidence"":0.0026828593108803034},{""bbox"":[342.7033386230469,185.66041564941406,359.8281555175781,205.0924835205078],""confidence"":0.001954453531652689},{""bbox"":[479.2569580078125,164.62632751464844,489.0677490234375,175.06773376464844],""confidence"":0.001373718143440783},{""bbox"":[478.16693115234375,240.626220703125,487.74041748046875,252.40274047851562],""confidence"":0.0012819408439099789},{""bbox"":[337.9588317871094,184.2871856689453,351.9591979980469,198.74227905273438],""confidence"":0.0012113975826650858},{""bbox"":[337.50628662109375,187.3859405517578,352.2985534667969,202.36216735839844],""confidence"":0.0010440119076520205}]",18,0.001
001_20200625_003524(9),2,576,444,"[[345.0,150.0,357.0,163.0],[346.0,183.0,356.0,194.0],[350.0,229.99999999999997,360.0,241.0]]","[{""bbox"":[346.3716125488281,149.2032012939453,358.30352783203125,161.45684814453125],""confidence"":0.5858474373817444},{""bbox"":[348.773681640625,227.86517333984375,361.8329772949219,240.98031616210938],""confidence"":0.5849272012710571},{""bbox"":[345.99212646484375,182.83572387695312,358.710693359375,196.11363220214844],""confidence"":0.5730960965156555},{""bbox"":[346.8984680175781,146.30039978027344,359.3161315917969,160.57432556152344],""confidence"":0.061182789504528046},{""bbox"":[348.8572998046875,225.45437622070312,364.19635009765625,241.80038452148438],""confidence"":0.0063371919095516205},{""bbox"":[341.67120361328125,149.40875244140625,356.66534423828125,162.80136108398438],""confidence"":0.005439930595457554},{""bbox"":[348.3359680175781,229.4985809326172,362.7190856933594,245.0484161376953],""confidence"":0.0036688644904643297},{""bbox"":[348.9820556640625,183.21348571777344,364.5509033203125,197.99916076660156],""confidence"":0.0026951469480991364},{""bbox"":[448.546875,191.2428436279297,458.6080322265625,203.06491088867188],""confidence"":0.0026511147152632475},{""bbox"":[341.6825866699219,182.5845489501953,358.02398681640625,197.7777099609375],""confidence"":0.0026227529160678387},{""bbox"":[347.1690368652344,148.53228759765625,364.02349853515625,163.3720703125],""confidence"":0.002275229664519429}]",11,0.001
001_20200625_003529(2),2,576,444,"[[341.0,146.0,350.0,159.0],[342.0,180.0,353.99999999999994,195.0],[344.99999999999994,226.0,356.0,237.99999999999997]]","[{""bbox"":[340.7769775390625,146.51368713378906,351.6599426269531,158.0467071533203],""confidence"":0.6098321080207825},{""bbox"":[344.2873229980469,225.6040496826172,356.4906311035156,238.1419219970703],""confidence"":0.586585521697998},{""bbox"":[341.1279296875,179.76153564453125,353.3715515136719,191.64813232421875],""confidence"":0.5497161746025085},{""bbox"":[342.2548522949219,145.92343139648438,354.8341064453125,159.78643798828125],""confidence"":0.1513890027999878},{""bbox"":[341.5339050292969,225.05557250976562,355.5246276855469,238.60733032226562],""confidence"":0.09804179519414902},{""bbox"":[479.7286071777344,234.32232666015625,490.1902160644531,244.7910919189453],""confidence"":0.07678443938493729},{""bbox"":[342.1688232421875,178.99679565429688,356.87664794921875,192.72767639160156],""confidence"":0.07367537170648575},{""bbox"":[344.3456115722656,226.24070739746094,358.10369873046875,240.6772918701172],""confidence"":0.07101384550333023},{""bbox"":[337.5680847167969,178.74986267089844,351.9293212890625,192.02969360351562],""confidence"":0.04590989649295807},{""bbox"":[339.2236328125,147.1982421875,352.45391845703125,161.43569946289062],""confidence"":0.033926237374544144},{""bbox"":[337.438232421875,145.86366271972656,351.8328552246094,159.88414001464844],""confidence"":0.028958750888705254},{""bbox"":[481.182373046875,234.34996032714844,493.680419921875,245.59556579589844],""confidence"":0.011230657808482647},{""bbox"":[479.7031555175781,235.0184783935547,491.0841064453125,247.7725067138672],""confidence"":0.00917343981564045},{""bbox"":[340.38824462890625,175.04812622070312,353.83319091796875,189.3865966796875],""confidence"":0.004154466092586517},{""bbox"":[477.24102783203125,234.06716918945312,488.8519287109375,244.92852783203125],""confidence"":0.003256195690482855},{""bbox"":[340.6197204589844,178.4465789794922,357.7391662597656,197.75230407714844],""confidence"":0.002746004844084382},{""bbox"":[337.7262878417969,224.56649780273438,352.00390625,238.048095703125],""confidence"":0.0019480481278151274},{""bbox"":[343.5538024902344,141.19342041015625,354.6861877441406,154.93345642089844],""confidence"":0.0017766148084774613},{""bbox"":[476.9329528808594,234.81155395507812,489.4024353027344,247.7960662841797],""confidence"":0.001212941249832511},{""bbox"":[341.1217346191406,146.6053466796875,356.90057373046875,161.76202392578125],""confidence"":0.0011205128394067287}]",20,0.001
001_20200629_082905(4),2,576,444,"[[349.0,194.0,363.0,208.0],[344.99999999999994,228.0,356.0,239.00000000000003],[339.0,273.99999999999994,349.0,285.0]]","[{""bbox"":[350.0859680175781,194.38877868652344,362.5911560058594,206.14207458496094],""confidence"":0.5707436800003052},{""bbox"":[338.1153259277344,271.6349182128906,350.65478515625,284.6730651855469],""confidence"":0.5414989590644836},{""bbox"":[343.3641357421875,226.26034545898438,356.3512268066406,239.53445434570312],""confidence"":0.5254258513450623},{""bbox"":[341.1885986328125,224.9335174560547,354.12420654296875,238.00450134277344],""confidence"":0.09056681394577026},{""bbox"":[336.3802185058594,273.70068359375,350.5428161621094,288.5823059082031],""confidence"":0.02719036303460598},{""bbox"":[334.3716125488281,271.04425048828125,348.75457763671875,285.0546569824219],""confidence"":0.017368119210004807},{""bbox"":[341.2397155761719,270.36114501953125,354.03582763671875,284.84271240234375],""confidence"":0.0029559542890638113},{""bbox"":[350.07684326171875,189.4776153564453,364.1029968261719,205.9539337158203],""confidence"":0.0026814574375748634},{""bbox"":[345.7554931640625,231.46554565429688,356.7559814453125,245.24559020996094],""confidence"":0.0019413180416449904},{""bbox"":[347.9124450683594,189.31710815429688,361.5909729003906,204.713134765625],""confidence"":0.0017952534835785627},{""bbox"":[347.07537841796875,193.47402954101562,364.065185546875,211.87948608398438],""confidence"":0.0016579332295805216},{""bbox"":[340.3394775390625,273.8925476074219,355.15399169921875,291.1026306152344],""confidence"":0.0012634774902835488},{""bbox"":[452.17181396484375,235.5034637451172,463.1601257324219,246.12713623046875],""confidence"":0.0011737322201952338}]",13,0.001
001_20200629_123107(1),2,576,444,"[[339.99999999999994,160.99999999999997,351.0,173.0],[342.99999999999994,196.00000000000003,354.0,207.0],[347.0,242.0,355.0,253.99999999999997]]","[{""bbox"":[342.4745788574219,160.89991760253906,354.3859558105469,172.8499755859375],""confidence"":0.6030685305595398},{""bbox"":[344.7648010253906,240.2919158935547,356.6086120605469,252.42971801757812],""confidence"":0.5789857506752014},{""bbox"":[341.3074645996094,194.1783447265625,353.2007141113281,205.73321533203125],""confidence"":0.544044017791748},{""bbox"":[344.6944274902344,241.1256103515625,358.00701904296875,255.10372924804688],""confidence"":0.08117005228996277},{""bbox"":[341.5981140136719,239.7862091064453,355.5071105957031,252.79676818847656],""confidence"":0.0669943243265152},{""bbox"":[341.5907897949219,161.4215850830078,355.0282897949219,175.8142852783203],""confidence"":0.05614091083407402},{""bbox"":[342.3264465332031,193.5701446533203,356.9414367675781,207.1239776611328],""confidence"":0.051060277968645096},{""bbox"":[337.64056396484375,159.67755126953125,352.4943542480469,174.4629364013672],""confidence"":0.03240762650966644},{""bbox"":[337.5290832519531,193.1456756591797,351.64373779296875,206.00100708007812],""confidence"":0.029096415266394615},{""bbox"":[343.18896484375,155.93885803222656,354.75201416015625,170.31370544433594],""confidence"":0.004331662319600582},{""bbox"":[340.541259765625,189.41140747070312,353.91607666015625,203.27032470703125],""confidence"":0.004209151491522789},{""bbox"":[477.9217224121094,252.446533203125,486.7942810058594,262.1914978027344],""confidence"":0.0034412501845508814},{""bbox"":[341.4128112792969,193.4170379638672,358.1000671386719,212.16323852539062],""confidence"":0.0018663681112229824},{""bbox"":[337.670166015625,239.1660919189453,351.7541809082031,252.40988159179688],""confidence"":0.0018566391663625836},{""bbox"":[463.2247619628906,207.894775390625,472.67431640625,218.43296813964844],""confidence"":0.0016599503578618169}]",15,0.001
001_20200629_123111(6),2,576,444,"[[348.00000000000006,161.0,360.0,171.0],[348.99999999999994,196.0,360.0,205.0],[351.0,239.99999999999997,362.00000000000006,251.0]]","[{""bbox"":[349.7989196777344,239.94163513183594,362.0318908691406,251.9792022705078],""confidence"":0.6131255030632019},{""bbox"":[348.3643493652344,159.88665771484375,360.3493347167969,172.00985717773438],""confidence"":0.6022284030914307},{""bbox"":[347.3184509277344,194.23167419433594,359.7159729003906,206.52780151367188],""confidence"":0.5597681403160095},{""bbox"":[348.10748291015625,158.7279510498047,361.9624938964844,173.84544372558594],""confidence"":0.27638906240463257},{""bbox"":[349.87744140625,240.29869079589844,363.7830810546875,255.0497589111328],""confidence"":0.04686291143298149},{""bbox"":[349.4041442871094,160.08599853515625,363.96026611328125,172.84046936035156],""confidence"":0.04041938856244087},{""bbox"":[348.39837646484375,193.1073455810547,364.0643310546875,207.5334930419922],""confidence"":0.030177749693393707},{""bbox"":[346.1565856933594,160.1167449951172,360.9067077636719,175.90591430664062],""confidence"":0.016340456902980804},{""bbox"":[349.09356689453125,155.7749481201172,360.25030517578125,170.38230895996094],""confidence"":0.011461084708571434},{""bbox"":[347.1474609375,189.4995880126953,360.7569274902344,205.16323852539062],""confidence"":0.003935498651117086},{""bbox"":[346.0363464355469,192.3759307861328,364.0320739746094,212.28732299804688],""confidence"":0.0038790982216596603},{""bbox"":[341.73052978515625,193.49671936035156,358.554443359375,207.7451171875],""confidence"":0.0011702518677338958}]",12,0.001
001_20200629_123116(1),2,576,444,"[[339.0,144.0,354.0,159.0],[342.99999999999994,180.99999999999997,354.0,193.0],[346.0,224.00000000000003,357.00000000000006,237.99999999999997]]","[{""bbox"":[339.97113037109375,144.5283660888672,351.8279724121094,156.94000244140625],""confidence"":0.6179378032684326},{""bbox"":[346.55023193359375,225.01272583007812,358.2369079589844,236.75668334960938],""confidence"":0.5768460035324097},{""bbox"":[341.9065856933594,178.86724853515625,353.1506652832031,190.25204467773438],""confidence"":0.5182573795318604},{""bbox"":[344.2513427734375,177.89210510253906,355.6427307128906,190.4716033935547],""confidence"":0.20945784449577332},{""bbox"":[341.4852600097656,144.56443786621094,354.8116760253906,159.25286865234375],""confidence"":0.06640851497650146},{""bbox"":[342.0452880859375,141.42921447753906,354.3992004394531,156.02059936523438],""confidence"":0.048774052411317825},{""bbox"":[337.61224365234375,144.37326049804688,352.4707946777344,159.41705322265625],""confidence"":0.024555504322052002},{""bbox"":[337.863525390625,141.04246520996094,351.8702087402344,155.37615966796875],""confidence"":0.01629507727921009},{""bbox"":[341.6585388183594,224.3800048828125,355.98809814453125,237.2120819091797],""confidence"":0.015963556244969368},{""bbox"":[344.9264221191406,224.30191040039062,360.341552734375,240.7291717529297],""confidence"":0.014595363289117813},{""bbox"":[340.8400573730469,175.1153564453125,353.0329895019531,188.14678955078125],""confidence"":0.009679536335170269},{""bbox"":[337.38922119140625,178.2936248779297,350.9706726074219,190.61538696289062],""confidence"":0.008525611832737923},{""bbox"":[484.1680603027344,151.4329376220703,494.97784423828125,162.43678283691406],""confidence"":0.005487080663442612},{""bbox"":[349.0472106933594,224.96142578125,363.9128112792969,237.67535400390625],""confidence"":0.004657664801925421},{""bbox"":[344.7998046875,179.84266662597656,357.484619140625,191.26344299316406],""confidence"":0.0045639206655323505},{""bbox"":[481.8356018066406,151.84506225585938,492.78369140625,162.56155395507812],""confidence"":0.0031733117066323757},{""bbox"":[406.053466796875,181.5561981201172,416.4479675292969,192.07611083984375],""confidence"":0.0013548460556194186}]",17,0.001
001_20200629_123120(6),2,576,444,"[[342.0,142.0,356.0,155.00000000000003],[342.0,174.0,357.00000000000006,189.0],[342.99999999999994,223.00000000000003,354.0,232.0]]","[{""bbox"":[344.3702697753906,141.25892639160156,356.333984375,153.60865783691406],""confidence"":0.5807493925094604},{""bbox"":[342.65960693359375,221.6464080810547,354.5141296386719,233.141845703125],""confidence"":0.5798105597496033},{""bbox"":[342.9402770996094,174.67857360839844,356.0552062988281,187.7104949951172],""confidence"":0.5425007939338684},{""bbox"":[343.4846496582031,219.5460205078125,356.1590270996094,233.84829711914062],""confidence"":0.23863428831100464},{""bbox"":[341.1331481933594,174.03770446777344,354.0185241699219,186.96971130371094],""confidence"":0.20678068697452545},{""bbox"":[344.4818115234375,222.42608642578125,357.2306823730469,234.46803283691406],""confidence"":0.0891646221280098},{""bbox"":[343.38433837890625,175.98338317871094,358.0629577636719,190.83360290527344],""confidence"":0.08472497761249542},{""bbox"":[341.5501403808594,141.05172729492188,354.8820495605469,153.97164916992188],""confidence"":0.08278767019510269},{""bbox"":[337.3759460449219,219.6420135498047,351.6538391113281,233.2808837890625],""confidence"":0.018526213243603706},{""bbox"":[340.980712890625,218.3035430908203,353.1385192871094,231.8098602294922],""confidence"":0.017166834324598312},{""bbox"":[337.6617126464844,174.46290588378906,352.5553283691406,189.27890014648438],""confidence"":0.013500118628144264},{""bbox"":[343.1408996582031,170.3581085205078,354.6710510253906,184.9754180908203],""confidence"":0.005169246345758438},{""bbox"":[480.55810546875,167.08375549316406,491.21661376953125,177.61854553222656],""confidence"":0.0025393059477210045},{""bbox"":[337.6087951660156,139.6096954345703,351.0673828125,152.37530517578125],""confidence"":0.001806367188692093},{""bbox"":[476.9710693359375,246.24053955078125,488.1002197265625,257.2909240722656],""confidence"":0.0011178560089319944},{""bbox"":[479.6593322753906,166.6885223388672,489.6142578125,176.0501251220703],""confidence"":0.001114651095122099},{""bbox"":[477.67706298828125,248.76055908203125,487.31427001953125,260.2949523925781],""confidence"":0.0010726592736318707},{""bbox"":[483.2151184082031,167.1871337890625,494.5835266113281,178.1803741455078],""confidence"":0.001057542278431356}]",18,0.001
001_20200629_123125(2),2,576,444,"[[342.0,148.00000000000003,356.0,159.0],[345.0,182.0,357.0,198.0],[350.0,226.0,361.0,239.99999999999997]]","[{""bbox"":[350.15679931640625,226.36294555664062,363.2384033203125,239.7956085205078],""confidence"":0.5853678584098816},{""bbox"":[345.8416748046875,180.7747802734375,358.5036315917969,193.21487426757812],""confidence"":0.5670335292816162},{""bbox"":[345.3896484375,146.6524200439453,357.1091003417969,159.4035186767578],""confidence"":0.5647302269935608},{""bbox"":[348.45220947265625,225.10089111328125,361.82257080078125,238.87478637695312],""confidence"":0.1335541009902954},{""bbox"":[343.8232116699219,147.05667114257812,357.8457336425781,161.54307556152344],""confidence"":0.11104509979486465},{""bbox"":[341.69232177734375,146.19325256347656,356.076171875,159.9434051513672],""confidence"":0.03289376199245453},{""bbox"":[344.8274230957031,180.06521606445312,361.1311950683594,197.8798828125],""confidence"":0.013773241080343723},{""bbox"":[341.6895751953125,180.58534240722656,357.1585388183594,194.37823486328125],""confidence"":0.004122280515730381},{""bbox"":[337.5811767578125,145.43789672851562,352.3930358886719,160.0108184814453],""confidence"":0.002972870599478483},{""bbox"":[345.24127197265625,141.5933837890625,356.1539001464844,156.1353302001953],""confidence"":0.002370392670854926},{""bbox"":[348.33734130859375,181.37954711914062,363.9075927734375,194.51974487304688],""confidence"":0.0019634398631751537}]",11,0.001
001_20200728_014351(3),2,576,444,"[[312.99999999999994,215.0,324.0,225.00000000000003]]","[{""bbox"":[313.572998046875,214.536865234375,326.5887756347656,227.20848083496094],""confidence"":0.5593762993812561},{""bbox"":[308.981689453125,212.8494415283203,323.07305908203125,227.53640747070312],""confidence"":0.018368752673268318},{""bbox"":[313.7603454589844,215.72267150878906,327.0378723144531,230.76625061035156],""confidence"":0.008448749780654907},{""bbox"":[312.0225830078125,211.02532958984375,325.9216003417969,227.07086181640625],""confidence"":0.005550198256969452},{""bbox"":[308.51971435546875,215.77114868164062,323.323486328125,230.91360473632812],""confidence"":0.0012179543264210224},{""bbox"":[310.6414489746094,215.6201934814453,327.67742919921875,233.77212524414062],""confidence"":0.0010002070339396596}]",6,0.001
001_20200728_014355(2),2,576,444,"[[323.00000000000006,186.00000000000003,331.0,198.0]]","[{""bbox"":[322.5829772949219,184.6703338623047,334.1024475097656,196.97837829589844],""confidence"":0.5503690242767334},{""bbox"":[319.91363525390625,184.30953979492188,332.9588317871094,197.37855529785156],""confidence"":0.0996142104268074},{""bbox"":[323.1771545410156,182.3931427001953,334.6018371582031,195.687255859375],""confidence"":0.06936318427324295},{""bbox"":[454.9904479980469,193.2991943359375,466.3960266113281,204.361328125],""confidence"":0.013553604483604431},{""bbox"":[453.3345031738281,194.02049255371094,465.2833251953125,205.5734405517578],""confidence"":0.002726954407989979},{""bbox"":[461.91015625,194.19960021972656,471.1463623046875,204.23440551757812],""confidence"":0.0023840726353228092},{""bbox"":[450.9277648925781,194.03652954101562,461.0895690917969,204.31320190429688],""confidence"":0.0010981581872329116}]",7,0.001
001_20200810_163112(8),2,576,444,"[[314.0,222.0,328.0,233.00000000000003]]","[{""bbox"":[314.268310546875,222.1504669189453,326.5926513671875,234.15890502929688],""confidence"":0.5371502041816711},{""bbox"":[308.6445617675781,220.6244659423828,322.9251403808594,233.9609375],""confidence"":0.02158028818666935},{""bbox"":[314.813232421875,218.33721923828125,327.6141662597656,232.9370574951172],""confidence"":0.013582444749772549},{""bbox"":[448.49566650390625,283.45751953125,460.2713623046875,295.31134033203125],""confidence"":0.009427206590771675},{""bbox"":[312.3122863769531,218.20599365234375,325.536865234375,232.48074340820312],""confidence"":0.0070342812687158585},{""bbox"":[449.2091369628906,281.7452087402344,458.7252502441406,292.20172119140625],""confidence"":0.006418112199753523},{""bbox"":[447.917236328125,284.4355773925781,461.35693359375,298.4393005371094],""confidence"":0.0020889423321932554}]",7,0.001
001_20200810_163116(0),2,576,444,"[[319.99999999999994,191.0,331.0,201.99999999999997]]","[{""bbox"":[322.65240478515625,191.15003967285156,334.5141296386719,204.05892944335938],""confidence"":0.5631590485572815},{""bbox"":[319.9938659667969,191.6974639892578,333.8936767578125,205.26524353027344],""confidence"":0.04832407459616661},{""bbox"":[462.4629821777344,186.98312377929688,473.981689453125,198.01174926757812],""confidence"":0.03149447590112686},{""bbox"":[319.7890930175781,189.42181396484375,332.9670715332031,203.1587371826172],""confidence"":0.018501857295632362},{""bbox"":[327.8578186035156,189.6477508544922,340.8434753417969,204.03302001953125],""confidence"":0.0077806985937058926}]",5,0.001
001_20200814_033012(7),2,576,444,"[[315.99999999999994,175.0,326.0,186.0]]","[{""bbox"":[316.9732360839844,174.31492614746094,328.3022155761719,186.18521118164062],""confidence"":0.5698429346084595},{""bbox"":[312.90478515625,173.59754943847656,327.3482971191406,187.11709594726562],""confidence"":0.02640858292579651},{""bbox"":[317.34442138671875,170.29132080078125,328.1650695800781,184.8696746826172],""confidence"":0.015450092032551765},{""bbox"":[315.613037109375,174.15147399902344,330.2214050292969,190.20875549316406],""confidence"":0.01272607408463955},{""bbox"":[312.37646484375,175.31382751464844,327.9547424316406,190.67271423339844],""confidence"":0.0012448604684323072}]",5,0.001
001_20200814_033016(6),2,576,444,"[[315.0,136.99999999999997,324.0,150.0]]","[{""bbox"":[313.9255065917969,138.01654052734375,326.3420715332031,150.07420349121094],""confidence"":0.6159019470214844},{""bbox"":[308.4576416015625,136.95248413085938,322.2660827636719,149.95376586914062],""confidence"":0.014804938808083534},{""bbox"":[313.3950500488281,137.04098510742188,328.6858215332031,154.21310424804688],""confidence"":0.00878699216991663}]",3,0.001
001_20200814_203438(9),2,576,444,"[[315.99999999999994,125.0,330.0,136.99999999999997]]","[{""bbox"":[317.218994140625,124.8598861694336,328.6957092285156,137.5851287841797],""confidence"":0.5589891076087952},{""bbox"":[312.91864013671875,124.3759536743164,327.6865539550781,138.38467407226562],""confidence"":0.011591165326535702},{""bbox"":[308.7332763671875,123.91569519042969,322.4522705078125,136.54183959960938],""confidence"":0.0012957779690623283}]",3,0.001
001_20200814_203442(4),2,576,444,"[[323.0,160.0,332.0,172.00000000000003]]","[{""bbox"":[322.05303955078125,158.09451293945312,333.9554138183594,169.29293823242188],""confidence"":0.5275499224662781},{""bbox"":[323.42510986328125,158.84085083007812,335.5434875488281,170.51068115234375],""confidence"":0.21691466867923737},{""bbox"":[319.76507568359375,157.12640380859375,332.4772644042969,169.32012939453125],""confidence"":0.13370783627033234},{""bbox"":[321.0614013671875,158.84744262695312,334.1416320800781,173.34005737304688],""confidence"":0.0338825061917305},{""bbox"":[322.4986877441406,153.5294189453125,334.8473205566406,167.45997619628906],""confidence"":0.004717988893389702},{""bbox"":[319.35150146484375,153.3851776123047,332.1128845214844,166.81068420410156],""confidence"":0.00296608149074018}]",6,0.001
001_20200818_083145(2),2,576,444,"[[324.0,142.0,337.0,153.0]]","[{""bbox"":[324.6483459472656,141.44430541992188,336.3050537109375,153.85293579101562],""confidence"":0.5513435006141663},{""bbox"":[327.0415344238281,139.94268798828125,339.8740234375,154.0934600830078],""confidence"":0.052323322743177414},{""bbox"":[320.1357116699219,140.91000366210938,334.90771484375,154.47752380371094],""confidence"":0.004175596404820681},{""bbox"":[327.50128173828125,141.6337890625,342.4213562011719,154.89955139160156],""confidence"":0.0014335218584164977}]",4,0.001
001_20200819_003039(4),2,576,444,"[[316.0,169.0,328.0,182.0]]","[{""bbox"":[316.6293029785156,169.3460235595703,328.61175537109375,182.42991638183594],""confidence"":0.5681924819946289},{""bbox"":[312.8565979003906,169.17068481445312,327.3092956542969,183.093994140625],""confidence"":0.02532942220568657},{""bbox"":[308.8234558105469,168.504150390625,322.5480041503906,181.8974151611328],""confidence"":0.0012000181013718247}]",3,0.001
001_20200819_003044(1),2,576,444,"[[326.0,160.0,335.0,169.0]]","[{""bbox"":[325.9788818359375,158.92115783691406,336.9991149902344,170.5338134765625],""confidence"":0.6001105308532715},{""bbox"":[322.7513427734375,158.57127380371094,337.29754638671875,173.4385223388672],""confidence"":0.028761345893144608},{""bbox"":[323.2620849609375,155.39405822753906,336.8981018066406,169.6624298095703],""confidence"":0.025750698521733284},{""bbox"":[328.0048828125,155.67514038085938,340.19256591796875,170.19839477539062],""confidence"":0.02134954184293747},{""bbox"":[328.10284423828125,158.77798461914062,340.85308837890625,173.38243103027344],""confidence"":0.01175204198807478},{""bbox"":[324.2762756347656,158.9559783935547,339.76727294921875,175.84158325195312],""confidence"":0.002032494405284524},{""bbox"":[325.0108947753906,153.56607055664062,338.1146545410156,168.99432373046875],""confidence"":0.0015152443666011095},{""bbox"":[320.16650390625,158.04530334472656,335.90435791015625,171.35350036621094],""confidence"":0.0011385948164388537}]",8,0.001
001_20200819_162723(4),2,576,444,"[[313.0,159.0,322.0,169.0]]","[{""bbox"":[313.8472595214844,156.6773681640625,326.2398681640625,169.25802612304688],""confidence"":0.5656197667121887},{""bbox"":[312.2580871582031,153.4532012939453,325.9404296875,168.94223022460938],""confidence"":0.011685429140925407},{""bbox"":[309.04193115234375,154.97727966308594,323.20947265625,169.35350036621094],""confidence"":0.007539897691458464},{""bbox"":[314.45318603515625,158.17543029785156,327.35992431640625,173.1053009033203],""confidence"":0.007251091301441193}]",4,0.001
001_20200821_163349(7),2,576,444,"[[319.0,212.0,330.00000000000006,226.0]]","[{""bbox"":[317.665771484375,213.40542602539062,328.5386962890625,225.69781494140625],""confidence"":0.502030611038208},{""bbox"":[318.7453918457031,215.25111389160156,329.071533203125,226.41079711914062],""confidence"":0.3238661587238312},{""bbox"":[318.3361511230469,211.18902587890625,329.5658264160156,224.76702880859375],""confidence"":0.020799458026885986},{""bbox"":[312.8918151855469,213.361572265625,326.9541015625,226.4271697998047],""confidence"":0.004639416467398405},{""bbox"":[449.02130126953125,190.7484893798828,459.05413818359375,202.67689514160156],""confidence"":0.001683982671238482}]",5,0.001
001_20200821_163353(8),2,576,444,"[[333.99999999999994,227.0,344.0,238.00000000000003]]","[{""bbox"":[333.32452392578125,227.4619140625,344.2303161621094,239.51919555664062],""confidence"":0.5669248104095459},{""bbox"":[333.97662353515625,225.47805786132812,345.1047058105469,238.1070556640625],""confidence"":0.08220040053129196},{""bbox"":[334.9296569824219,227.84681701660156,349.5292053222656,240.6028289794922],""confidence"":0.0013367381179705262}]",3,0.001
002_20200623_003346(4),2,352,332,"[[192.00000000000003,151.0,202.0,160.0],[196.00000000000003,175.0,203.0,183.00000000000003],[199.0,208.0,210.0,215.00000000000003]]","[{""bbox"":[199.8516387939453,206.50831604003906,208.7605438232422,215.45936584472656],""confidence"":0.602956235408783},{""bbox"":[193.6251983642578,150.85076904296875,201.95925903320312,159.6991424560547],""confidence"":0.5731808543205261},{""bbox"":[195.62899780273438,174.1485595703125,204.4727325439453,183.00489807128906],""confidence"":0.5683968663215637},{""bbox"":[197.49473571777344,206.1022491455078,206.78982543945312,215.88140869140625],""confidence"":0.05922470614314079},{""bbox"":[200.3138427734375,204.9494171142578,207.92686462402344,214.15138244628906],""confidence"":0.014507219195365906},{""bbox"":[191.1614532470703,151.162109375,201.74562072753906,160.81161499023438],""confidence"":0.012920655310153961},{""bbox"":[195.36483764648438,172.37542724609375,205.32701110839844,184.00881958007812],""confidence"":0.007705631200224161},{""bbox"":[193.25198364257812,149.91587829589844,204.8258819580078,160.98883056640625],""confidence"":0.005149045493453741},{""bbox"":[194.40179443359375,174.46218872070312,205.0495147705078,186.38104248046875],""confidence"":0.003997241612523794},{""bbox"":[197.71942138671875,204.69577026367188,206.33311462402344,213.89329528808594],""confidence"":0.0023162036668509245},{""bbox"":[4.197211742401123,0.0,11.716534614562988,0.0],""confidence"":0.001575083821080625},{""bbox"":[336.2993469238281,0.0,342.11920166015625,0.0],""confidence"":0.001174100674688816}]",12,0.001
002_20200623_003350(4),2,352,332,"[[196.00000000000003,131.0,203.0,139.0],[196.00000000000003,153.0,204.0,162.0],[199.0,187.0,208.0,195.99999999999997]]","[{""bbox"":[195.70654296875,130.3521728515625,204.48207092285156,139.2064971923828],""confidence"":0.5854771137237549},{""bbox"":[196.35186767578125,154.42477416992188,205.4264373779297,163.69461059570312],""confidence"":0.5774732232093811},{""bbox"":[198.89479064941406,186.54421997070312,207.7568817138672,195.4076690673828],""confidence"":0.5621856451034546},{""bbox"":[195.2522735595703,128.3055419921875,205.41851806640625,140.09848022460938],""confidence"":0.01631687581539154},{""bbox"":[198.9666290283203,185.4537353515625,209.4252166748047,196.29525756835938],""confidence"":0.0064032725058496},{""bbox"":[197.08895874023438,152.13710021972656,204.79103088378906,161.33502197265625],""confidence"":0.006196632981300354},{""bbox"":[194.61573791503906,129.59324645996094,205.75283813476562,142.24371337890625],""confidence"":0.004156682174652815},{""bbox"":[198.90724182128906,154.1575164794922,207.73899841308594,164.01870727539062],""confidence"":0.0034214258193969727},{""bbox"":[199.9105987548828,188.42111206054688,208.28123474121094,197.6737060546875],""confidence"":0.0021533945109695196},{""bbox"":[197.29470825195312,188.2050018310547,206.4798126220703,197.72096252441406],""confidence"":0.0016477070748806},{""bbox"":[4.197180271148682,0.0,11.716495513916016,0.0],""confidence"":0.0015753620536997914},{""bbox"":[195.58973693847656,185.8472900390625,206.99755859375,196.17214965820312],""confidence"":0.0011614951072260737},{""bbox"":[336.2978515625,0.0,342.11529541015625,0.0],""confidence"":0.0011445446871221066}]",13,0.001
002_20200623_003354(3),2,352,332,"[[188.0,123.0,195.99999999999997,134.0],[192.0,146.0,199.99999999999997,157.0],[198.0,178.0,207.00000000000003,186.99999999999997]]","[{""bbox"":[187.69471740722656,123.59445190429688,196.67645263671875,132.79751586914062],""confidence"":0.580867350101471},{""bbox"":[198.5590362548828,178.36370849609375,207.04013061523438,186.92933654785156],""confidence"":0.56344074010849},{""bbox"":[191.69911193847656,147.5383758544922,200.57931518554688,156.55650329589844],""confidence"":0.5432833433151245},{""bbox"":[199.52114868164062,177.8121337890625,209.23641967773438,187.22642517089844],""confidence"":0.02640342153608799},{""bbox"":[191.18023681640625,145.87893676757812,201.1659393310547,157.49526977539062],""confidence"":0.018806908279657364},{""bbox"":[197.223876953125,179.5353546142578,206.3489532470703,188.97874450683594],""confidence"":0.015244183130562305},{""bbox"":[188.7942352294922,147.48861694335938,197.9770050048828,156.8382110595703],""confidence"":0.01059031579643488},{""bbox"":[189.9073944091797,123.07861328125,198.61099243164062,132.88670349121094],""confidence"":0.006713761482387781},{""bbox"":[191.4326171875,147.65599060058594,202.1944122314453,159.8567657470703],""confidence"":0.0042672776617109776},{""bbox"":[199.7551727294922,179.8136444091797,208.02061462402344,188.95323181152344],""confidence"":0.004038271494209766},{""bbox"":[197.7527618408203,178.8936004638672,208.2923126220703,190.6659698486328],""confidence"":0.002808466088026762},{""bbox"":[195.58827209472656,178.52011108398438,206.9934539794922,188.44515991210938],""confidence"":0.001608753576874733},{""bbox"":[4.196976661682129,0.0,11.715946197509766,0.0],""confidence"":0.0015748438891023397},{""bbox"":[336.29290771484375,0.0,342.10980224609375,0.0],""confidence"":0.001109917415305972}]",14,0.001
002_20200623_003358(2),2,352,332,"[[195.99999999999997,158.0,205.0,168.0],[198.0,183.0,204.99999999999997,190.0],[200.00000000000003,213.0,206.99999999999997,222.99999999999997]]","[{""bbox"":[198.3995819091797,214.79859924316406,207.1846466064453,223.65354919433594],""confidence"":0.6161025166511536},{""bbox"":[196.8532257080078,158.6953582763672,205.4872589111328,167.66903686523438],""confidence"":0.5720878839492798},{""bbox"":[197.05865478515625,183.25442504882812,205.68655395507812,192.1295928955078],""confidence"":0.570656418800354},{""bbox"":[195.37088012695312,182.62913513183594,205.02011108398438,192.57713317871094],""confidence"":0.07219536602497101},{""bbox"":[197.64796447753906,213.4715576171875,206.22915649414062,222.72669982910156],""confidence"":0.037978395819664},{""bbox"":[198.9483184814453,214.48023986816406,209.26947021484375,224.68511962890625],""confidence"":0.030742650851607323},{""bbox"":[196.77816772460938,181.19662475585938,206.47494506835938,192.93495178222656],""confidence"":0.02001510001718998},{""bbox"":[199.4580841064453,213.6459197998047,207.50096130371094,222.84539794921875],""confidence"":0.010587143711745739},{""bbox"":[198.9457550048828,158.33290100097656,207.4548797607422,167.63479614257812],""confidence"":0.010234256274998188},{""bbox"":[196.4383544921875,183.30538940429688,206.91937255859375,195.01451110839844],""confidence"":0.007838948629796505},{""bbox"":[198.9420166015625,183.00326538085938,207.5599365234375,192.7322540283203],""confidence"":0.007535902783274651},{""bbox"":[195.59536743164062,214.14657592773438,207.1386260986328,224.36944580078125],""confidence"":0.002380691934376955},{""bbox"":[4.197266101837158,0.0,11.716596603393555,0.0],""confidence"":0.0015747029101476073},{""bbox"":[195.05494689941406,184.4194793701172,205.564453125,195.31434631347656],""confidence"":0.0012799850665032864},{""bbox"":[336.2986145019531,0.0,342.1222229003906,0.0],""confidence"":0.0012000033166259527}]",15,0.001
002_20200623_003402(2),2,352,332,"[[192.99999999999997,156.0,202.0,167.0],[194.0,183.0,203.00000000000003,190.0],[196.00000000000003,214.99999999999997,204.0,223.0]]","[{""bbox"":[193.82061767578125,157.5782470703125,202.36273193359375,166.48936462402344],""confidence"":0.6220311522483826},{""bbox"":[195.33392333984375,213.882080078125,204.0403594970703,222.49624633789062],""confidence"":0.5769647359848022},{""bbox"":[193.69412231445312,181.68014526367188,203.0169677734375,191.21498107910156],""confidence"":0.5426835417747498},{""bbox"":[192.99131774902344,157.1644744873047,203.34654235839844,168.71817016601562],""confidence"":0.033419255167245865},{""bbox"":[194.3597869873047,181.5243377685547,204.99156188964844,192.04295349121094],""confidence"":0.03103330358862877},{""bbox"":[195.1099090576172,211.95700073242188,204.7933807373047,223.10093688964844],""confidence"":0.027772359549999237},{""bbox"":[194.124755859375,157.92633056640625,204.8254852294922,167.28565979003906],""confidence"":0.012728525325655937},{""bbox"":[194.0684356689453,213.98175048828125,204.56016540527344,225.89385986328125],""confidence"":0.0025221318937838078},{""bbox"":[193.70556640625,154.7578125,203.49365234375,166.95140075683594],""confidence"":0.002324290107935667},{""bbox"":[4.197248458862305,0.0,11.716572761535645,0.0],""confidence"":0.0015748372534289956},{""bbox"":[191.11167907714844,180.76516723632812,203.03768920898438,191.77902221679688],""confidence"":0.0014960912521928549},{""bbox"":[193.48196411132812,183.16001892089844,204.3129119873047,195.30613708496094],""confidence"":0.0012586909579113126},{""bbox"":[336.2986145019531,0.0,342.1223449707031,0.0],""confidence"":0.0012006544275209308}]",13,0.001
002_20200623_003410(2),2,352,332,"[[204.0,114.0,212.0,123.0],[202.0,137.0,210.0,145.0],[201.0,170.0,207.99999999999997,178.99999999999997]]","[{""bbox"":[204.0445556640625,114.71443939208984,212.79547119140625,123.831298828125],""confidence"":0.5689205527305603},{""bbox"":[200.79531860351562,170.09779357910156,209.0901641845703,178.1622314453125],""confidence"":0.5635892152786255},{""bbox"":[201.76138305664062,137.4503173828125,210.6817626953125,146.7152557373047],""confidence"":0.5548115968704224},{""bbox"":[201.10897827148438,170.94827270507812,209.07875061035156,180.1295623779297],""confidence"":0.022916534915566444},{""bbox"":[199.76144409179688,136.5364990234375,209.44882202148438,146.0951690673828],""confidence"":0.01047180313616991},{""bbox"":[199.4363555908203,167.8992156982422,208.03541564941406,177.4292755126953],""confidence"":0.007271900773048401},{""bbox"":[197.6372833251953,169.0047149658203,206.21786499023438,177.85768127441406],""confidence"":0.005087223835289478},{""bbox"":[201.83399963378906,136.95556640625,213.73324584960938,148.51332092285156],""confidence"":0.0025637554936110973},{""bbox"":[200.24008178710938,167.97584533691406,209.86427307128906,179.0644073486328],""confidence"":0.0020429748110473156},{""bbox"":[4.197206497192383,0.0,11.716531753540039,0.0],""confidence"":0.001575167872942984},{""bbox"":[200.1888427734375,169.67750549316406,211.1175537109375,181.81202697753906],""confidence"":0.0012289551086723804},{""bbox"":[202.53843688964844,134.41598510742188,208.88754272460938,143.3778839111328],""confidence"":0.001192406751215458},{""bbox"":[336.2995300292969,0.0,342.1189270019531,0.0],""confidence"":0.001171122770756483}]",13,0.001
002_20200623_163020(3),2,316,332,"[[157.0,139.00000000000003,166.99999999999997,150.0],[160.0,160.0,169.0,170.0],[164.0,186.00000000000003,173.99999999999997,196.0]]","[{""bbox"":[163.263671875,186.1466064453125,173.98377990722656,196.7481231689453],""confidence"":0.676220178604126},{""bbox"":[156.6605224609375,138.7846221923828,167.12562561035156,149.1761474609375],""confidence"":0.6545579433441162},{""bbox"":[158.8171844482422,160.7475128173828,169.76856994628906,171.42526245117188],""confidence"":0.6436973214149475},{""bbox"":[161.85366821289062,186.9137725830078,170.81236267089844,196.75682067871094],""confidence"":0.07310621440410614},{""bbox"":[161.0799102783203,161.11398315429688,168.1306610107422,169.91905212402344],""confidence"":0.06397391110658646},{""bbox"":[156.9950408935547,137.7841033935547,169.20510864257812,149.8893585205078],""confidence"":0.019228462129831314},{""bbox"":[155.71109008789062,139.68064880371094,167.62100219726562,151.9723358154297],""confidence"":0.007974459789693356},{""bbox"":[165.27383422851562,186.12486267089844,172.24085998535156,194.86578369140625],""confidence"":0.005863030906766653},{""bbox"":[159.6597137451172,186.35415649414062,172.02037048339844,198.50868225097656],""confidence"":0.0030178434681147337},{""bbox"":[162.13739013671875,185.97964477539062,170.32017517089844,194.78515625],""confidence"":0.0027518142014741898},{""bbox"":[155.41920471191406,161.1952667236328,167.71371459960938,173.24794006347656],""confidence"":0.001798149198293686}]",11,0.001
002_20200623_163023(3),2,316,332,"[[149.0,129.0,159.0,144.0],[155.00000000000003,149.0,167.0,164.0],[163.0,172.99999999999997,174.99999999999997,187.0]]","[{""bbox"":[162.529541015625,174.9042205810547,173.15631103515625,185.19204711914062],""confidence"":0.6209208965301514},{""bbox"":[148.67047119140625,129.61000061035156,159.19415283203125,140.21522521972656],""confidence"":0.617900013923645},{""bbox"":[155.1253662109375,151.05575561523438,165.4912567138672,161.06044006347656],""confidence"":0.5954581499099731},{""bbox"":[161.9385223388672,176.0012664794922,170.547607421875,185.74990844726562],""confidence"":0.06830276548862457},{""bbox"":[153.8101348876953,152.14605712890625,162.22227478027344,161.25540161132812],""confidence"":0.06196573004126549},{""bbox"":[147.29808044433594,130.53575134277344,159.3960723876953,141.95913696289062],""confidence"":0.030629130080342293},{""bbox"":[153.72906494140625,152.392333984375,166.12681579589844,164.86032104492188],""confidence"":0.018218157812952995},{""bbox"":[148.2266082763672,127.50794982910156,161.0774383544922,140.70558166503906],""confidence"":0.014865051954984665},{""bbox"":[159.75808715820312,175.6793212890625,171.80796813964844,187.1184844970703],""confidence"":0.01283921767026186},{""bbox"":[161.3915557861328,177.37953186035156,173.27658081054688,189.5643310546875],""confidence"":0.007268222514539957},{""bbox"":[148.67446899414062,126.04405975341797,159.81649780273438,137.8738555908203],""confidence"":0.004597711376845837},{""bbox"":[151.49993896484375,151.90367126464844,163.311767578125,163.0206298828125],""confidence"":0.003707793541252613},{""bbox"":[148.23521423339844,131.844482421875,159.8416748046875,143.7110137939453],""confidence"":0.003698622342199087},{""bbox"":[162.81857299804688,171.45367431640625,174.89154052734375,184.3719024658203],""confidence"":0.002273770049214363},{""bbox"":[156.1371612548828,153.5773162841797,164.85154724121094,162.72833251953125],""confidence"":0.0017003387911245227}]",15,0.001
002_20200623_163026(3),2,316,332,"[[157.0,127.00000000000001,169.0,141.0],[159.0,151.0,169.0,160.0],[160.0,177.00000000000003,175.00000000000003,187.0]]","[{""bbox"":[161.6002197265625,176.67135620117188,171.87832641601562,186.7647247314453],""confidence"":0.6847463846206665},{""bbox"":[157.24191284179688,128.1810302734375,167.92245483398438,139.0933380126953],""confidence"":0.6608904600143433},{""bbox"":[159.10775756835938,150.81092834472656,169.40296936035156,160.83480834960938],""confidence"":0.6361699104309082},{""bbox"":[160.67144775390625,175.56568908691406,172.794189453125,188.05868530273438],""confidence"":0.10092170536518097},{""bbox"":[161.6382598876953,178.16860961914062,170.6397247314453,187.74301147460938],""confidence"":0.06860166043043137},{""bbox"":[163.74217224121094,177.32064819335938,171.61810302734375,186.38768005371094],""confidence"":0.03716694191098213},{""bbox"":[159.173095703125,127.83428955078125,166.10650634765625,136.61962890625],""confidence"":0.017836429178714752},{""bbox"":[160.01962280273438,153.1668701171875,169.5542449951172,162.704345703125],""confidence"":0.011209328658878803},{""bbox"":[163.73480224609375,178.42018127441406,172.61167907714844,187.65145874023438],""confidence"":0.00835422147065401},{""bbox"":[155.38836669921875,129.3378448486328,167.77362060546875,141.19097900390625],""confidence"":0.006478732451796532},{""bbox"":[157.78958129882812,152.1864776611328,170.6529998779297,164.92276000976562],""confidence"":0.006183828692883253},{""bbox"":[155.45252990722656,150.76504516601562,168.08706665039062,163.09738159179688],""confidence"":0.0037383476737886667},{""bbox"":[159.21966552734375,178.46917724609375,171.5203399658203,189.99693298339844],""confidence"":0.0037182343658059835},{""bbox"":[163.1529998779297,177.73464965820312,174.4945068359375,189.22853088378906],""confidence"":0.0012175425654277205},{""bbox"":[158.9771728515625,175.3518829345703,170.80938720703125,187.1888427734375],""confidence"":0.001184838474728167}]",15,0.001
002_20200623_163029(6),2,316,332,"[[150.0,114.0,159.0,126.0],[149.0,139.0,161.00000000000003,148.0],[150.0,172.0,161.00000000000003,180.99999999999997]]","[{""bbox"":[150.03811645507812,170.7982635498047,160.319580078125,181.00335693359375],""confidence"":0.6675027012825012},{""bbox"":[149.92611694335938,138.86962890625,159.9736785888672,148.82789611816406],""confidence"":0.6430093050003052},{""bbox"":[150.40904235839844,115.29656982421875,160.3099365234375,125.35420227050781],""confidence"":0.6418574452400208},{""bbox"":[149.17564392089844,114.91631317138672,160.8702850341797,127.14563751220703],""confidence"":0.05629384517669678},{""bbox"":[152.22792053222656,169.419677734375,159.34103393554688,178.20765686035156],""confidence"":0.007210064679384232},{""bbox"":[147.37173461914062,137.99990844726562,159.4038543701172,149.46217346191406],""confidence"":0.006567738950252533},{""bbox"":[149.6570281982422,139.9634246826172,161.58384704589844,152.21826171875],""confidence"":0.004595617298036814},{""bbox"":[147.4673309326172,170.14398193359375,159.58848571777344,181.85008239746094],""confidence"":0.0036471355706453323},{""bbox"":[147.4077911376953,114.34732818603516,159.36141967773438,125.68043518066406],""confidence"":0.001157436752691865}]",9,0.001
002_20200623_163032(5),2,316,332,"[[147.0,160.0,157.0,170.0],[154.0,183.0,160.99999999999997,191.00000000000003],[162.00000000000003,213.00000000000003,173.0,222.0]]","[{""bbox"":[145.93772888183594,160.50242614746094,155.71865844726562,170.21929931640625],""confidence"":0.6450917720794678},{""bbox"":[162.1631317138672,212.34567260742188,172.3460693359375,222.35301208496094],""confidence"":0.6255882382392883},{""bbox"":[152.81588745117188,182.54727172851562,163.0166473388672,192.9300079345703],""confidence"":0.6160438656806946},{""bbox"":[151.33865356445312,183.74195861816406,163.27833557128906,195.04159545898438],""confidence"":0.06210695207118988},{""bbox"":[146.0589599609375,158.94775390625,157.18453979492188,170.96530151367188],""confidence"":0.028749946504831314},{""bbox"":[147.81471252441406,162.1012725830078,156.2277069091797,171.11758422851562],""confidence"":0.0239164549857378},{""bbox"":[145.6092987060547,161.08242797851562,156.3313751220703,172.81097412109375],""confidence"":0.01613231934607029},{""bbox"":[159.8935546875,212.72412109375,171.7869415283203,223.97210693359375],""confidence"":0.011126004159450531},{""bbox"":[145.26026916503906,161.9403076171875,154.00071716308594,171.07247924804688],""confidence"":0.007414042018353939},{""bbox"":[153.5587921142578,182.84767150878906,165.12416076660156,194.11341857910156],""confidence"":0.0036044232547283173},{""bbox"":[161.7948455810547,215.0933837890625,172.28369140625,226.57717895507812],""confidence"":0.003574186936020851},{""bbox"":[152.29029846191406,185.94776916503906,163.56703186035156,197.91607666015625],""confidence"":0.002429087646305561},{""bbox"":[143.42442321777344,160.90184020996094,155.04348754882812,171.4158477783203],""confidence"":0.0019100088393315673},{""bbox"":[161.91778564453125,210.8200225830078,169.87026977539062,219.6927947998047],""confidence"":0.0017327358946204185}]",14,0.001
002_20200623_163035(5),2,316,332,"[[154.0,117.0,164.0,126.0],[154.0,141.0,164.0,149.0],[154.0,171.00000000000003,165.0,181.0]]","[{""bbox"":[153.2397918701172,115.98738098144531,163.36146545410156,126.30130004882812],""confidence"":0.6555264592170715},{""bbox"":[154.61123657226562,171.40972900390625,164.98092651367188,181.62844848632812],""confidence"":0.6453048586845398},{""bbox"":[153.3144989013672,139.22206115722656,163.1864471435547,149.14964294433594],""confidence"":0.6442959308624268},{""bbox"":[153.6976318359375,170.88343811035156,162.72605895996094,181.595458984375],""confidence"":0.060223329812288284},{""bbox"":[153.20025634765625,140.07626342773438,164.32298278808594,152.0194854736328],""confidence"":0.007726846728473902},{""bbox"":[151.393798828125,117.55573272705078,162.7542724609375,127.98270416259766],""confidence"":0.004557125736027956},{""bbox"":[153.39210510253906,138.31483459472656,164.9933624267578,150.27735900878906],""confidence"":0.0038863758090883493},{""bbox"":[152.7067108154297,113.69464874267578,164.29974365234375,125.92415618896484],""confidence"":0.003716959385201335},{""bbox"":[151.1768035888672,137.80369567871094,161.9358673095703,148.8330841064453],""confidence"":0.003577978117391467},{""bbox"":[151.59591674804688,170.65626525878906,163.75323486328125,182.39292907714844],""confidence"":0.0018739481456577778},{""bbox"":[154.5061492919922,173.3955841064453,165.30494689941406,185.1342315673828],""confidence"":0.0016291909851133823}]",11,0.001
002_20200623_163039(5),2,352,332,"[[206.00000000000003,143.0,213.0,154.0],[213.00000000000003,190.0,220.0,198.99999999999997],[209.0,166.0,218.00000000000003,174.00000000000003]]","[{""bbox"":[208.0210723876953,165.9311981201172,216.80859375,174.76902770996094],""confidence"":0.5890722274780273},{""bbox"":[206.17945861816406,143.01809692382812,215.2362060546875,152.59912109375],""confidence"":0.5713083744049072},{""bbox"":[211.3504180908203,191.5008087158203,219.97007751464844,200.17935180664062],""confidence"":0.5601965188980103},{""bbox"":[206.24630737304688,166.39353942871094,215.00682067871094,174.902099609375],""confidence"":0.10016891360282898},{""bbox"":[204.8882293701172,141.4100799560547,215.46978759765625,153.3811798095703],""confidence"":0.0272714551538229},{""bbox"":[207.10302734375,166.3070068359375,217.02517700195312,177.4918670654297],""confidence"":0.02023315615952015},{""bbox"":[212.3623046875,190.92935180664062,222.4612274169922,200.64303588867188],""confidence"":0.009836258366703987},{""bbox"":[207.96632385253906,144.5705108642578,216.62896728515625,153.89492797851562],""confidence"":0.004033439327031374},{""bbox"":[208.755615234375,191.66062927246094,219.52740478515625,201.23561096191406],""confidence"":0.003914414439350367},{""bbox"":[205.8702850341797,141.97482299804688,218.0381622314453,153.43276977539062],""confidence"":0.003576866118237376},{""bbox"":[205.13087463378906,143.14549255371094,216.2867431640625,155.4503936767578],""confidence"":0.003483316395431757},{""bbox"":[210.7914581298828,192.56202697753906,220.9972686767578,203.79681396484375],""confidence"":0.0026984158903360367},{""bbox"":[207.9398193359375,163.61253356933594,217.75294494628906,175.27955627441406],""confidence"":0.0020447419956326485},{""bbox"":[4.197195053100586,0.0,11.716519355773926,0.0],""confidence"":0.0015752660110592842},{""bbox"":[208.93443298339844,167.02630615234375,218.43569946289062,177.3759307861328],""confidence"":0.0015195364831015468},{""bbox"":[336.2975158691406,0.0,342.11456298828125,0.0],""confidence"":0.0011396853951737285}]",16,0.001
002_20200623_163043(7),2,352,332,"[[201.0,136.0,207.99999999999997,146.0],[203.0,159.0,212.0,168.0],[206.0,182.00000000000003,215.0,192.0]]","[{""bbox"":[206.88323974609375,185.297119140625,215.12095642089844,193.96983337402344],""confidence"":0.5914098620414734},{""bbox"":[200.25340270996094,137.0153350830078,209.5052490234375,146.3727569580078],""confidence"":0.5517955422401428},{""bbox"":[202.8018035888672,159.3033905029297,211.74305725097656,168.49844360351562],""confidence"":0.5330995917320251},{""bbox"":[203.14456176757812,158.72634887695312,213.7539520263672,169.46632385253906],""confidence"":0.016039559617638588},{""bbox"":[197.5618133544922,136.50576782226562,206.85031127929688,146.234375],""confidence"":0.012841273099184036},{""bbox"":[204.319580078125,185.18350219726562,214.65516662597656,194.88900756835938],""confidence"":0.00350509537383914},{""bbox"":[200.93170166015625,134.51644897460938,208.273681640625,143.62509155273438],""confidence"":0.002981045516207814},{""bbox"":[207.31390380859375,184.51084899902344,218.0592498779297,194.47084045410156],""confidence"":0.002701591234654188},{""bbox"":[4.197113037109375,0.0,11.716289520263672,0.0],""confidence"":0.0015750027960166335},{""bbox"":[203.6077117919922,162.16932678222656,211.32154846191406,171.23143005371094],""confidence"":0.0015706837875768542},{""bbox"":[199.98040771484375,159.03909301757812,211.513916015625,169.53953552246094],""confidence"":0.0011919904500246048},{""bbox"":[336.2961730957031,0.0,342.11334228515625,0.0],""confidence"":0.0011337094474583864}]",12,0.001
002_20200623_163047(6),2,352,332,"[[207.99999999999997,137.0,217.0,147.0],[212.0,158.0,218.99999999999997,166.99999999999997],[217.99999999999997,184.99999999999997,224.0,192.0]]","[{""bbox"":[216.2469024658203,185.27587890625,224.3870391845703,193.9267578125],""confidence"":0.5745710134506226},{""bbox"":[207.69642639160156,137.35507202148438,216.72560119628906,146.49459838867188],""confidence"":0.5485879778862},{""bbox"":[211.22564697265625,159.54605102539062,219.83563232421875,168.64283752441406],""confidence"":0.5296478271484375},{""bbox"":[206.29507446289062,136.5146026611328,215.58596801757812,146.3410186767578],""confidence"":0.1157468780875206},{""bbox"":[216.72079467773438,184.4381561279297,226.84597778320312,194.08480834960938],""confidence"":0.00987026933580637},{""bbox"":[208.74221801757812,159.46072387695312,219.48239135742188,169.5621337890625],""confidence"":0.0048982929438352585},{""bbox"":[210.92218017578125,158.94639587402344,222.4430389404297,169.38458251953125],""confidence"":0.004145204555243254},{""bbox"":[211.71170043945312,162.15570068359375,219.34474182128906,171.2317657470703],""confidence"":0.0021752102766186},{""bbox"":[208.65737915039062,158.79843139648438,218.1519317626953,167.9615478515625],""confidence"":0.0016486006788909435},{""bbox"":[4.197193622589111,0.0,11.716519355773926,0.0],""confidence"":0.0015752967447042465},{""bbox"":[208.87538146972656,134.46470642089844,216.4913330078125,143.47830200195312],""confidence"":0.0012951560784131289},{""bbox"":[213.1762237548828,185.17022705078125,224.18971252441406,195.15109252929688],""confidence"":0.0011762124486267567},{""bbox"":[336.297607421875,0.0,342.1143493652344,0.0],""confidence"":0.0011365017853677273}]",13,0.001
002_20200623_163051(7),2,352,332,"[[181.0,131.0,188.99999999999997,139.0],[188.99999999999997,151.0,195.0,161.0],[200.00000000000003,181.0,206.99999999999997,189.99999999999997]]","[{""bbox"":[180.2005615234375,130.32757568359375,188.75613403320312,139.00296020507812],""confidence"":0.5602998733520508},{""bbox"":[199.29942321777344,180.82310485839844,207.3629150390625,188.8251953125],""confidence"":0.5372666120529175},{""bbox"":[187.9846954345703,151.84959411621094,196.70639038085938,160.6488494873047],""confidence"":0.5344939827919006},{""bbox"":[181.6876983642578,129.36480712890625,190.20091247558594,138.8496856689453],""confidence"":0.20077228546142578},{""bbox"":[197.1962127685547,180.5659637451172,206.0264892578125,189.51148986816406],""confidence"":0.1179923415184021},{""bbox"":[198.57113647460938,181.4528350830078,207.59149169921875,190.9033966064453],""confidence"":0.07650977373123169},{""bbox"":[187.60546875,153.04583740234375,196.55088806152344,162.54354858398438],""confidence"":0.05069737881422043},{""bbox"":[199.86265563964844,179.8190155029297,209.30291748046875,189.31228637695312],""confidence"":0.021533681079745293},{""bbox"":[179.39161682128906,128.30856323242188,189.34329223632812,139.5001678466797],""confidence"":0.015892574563622475},{""bbox"":[186.34144592285156,150.30360412597656,194.9496307373047,159.53903198242188],""confidence"":0.005068943370133638},{""bbox"":[187.59950256347656,152.30245971679688,198.4902801513672,164.38168334960938],""confidence"":0.004854016471654177},{""bbox"":[179.66717529296875,130.85011291503906,189.98538208007812,142.20675659179688],""confidence"":0.004151374101638794},{""bbox"":[178.05276489257812,130.62002563476562,188.6080322265625,139.82266235351562],""confidence"":0.0035409736447036266},{""bbox"":[4.196909427642822,0.0,11.715700149536133,0.0],""confidence"":0.0015743791591376066},{""bbox"":[197.20291137695312,177.86087036132812,204.8707733154297,186.6341552734375],""confidence"":0.0011548255570232868},{""bbox"":[336.2978210449219,0.0,342.1118469238281,0.0],""confidence"":0.0011051454348489642},{""bbox"":[195.57705688476562,181.71405029296875,205.16627502441406,190.3240203857422],""confidence"":0.0010833286214619875}]",17,0.001
002_20200623_163055(6),2,352,332,"[[201.0,143.99999999999997,207.99999999999997,154.0],[200.00000000000003,169.99999999999997,208.0,178.0],[201.0,201.0,207.00000000000003,209.00000000000003]]","[{""bbox"":[201.4709930419922,144.59605407714844,210.27200317382812,153.7806854248047],""confidence"":0.5911443829536438},{""bbox"":[200.99951171875,200.36911010742188,209.72190856933594,209.32037353515625],""confidence"":0.5584887862205505},{""bbox"":[200.58624267578125,168.3783416748047,209.91476440429688,177.8754425048828],""confidence"":0.5391457676887512},{""bbox"":[200.56045532226562,144.1929168701172,210.9500732421875,155.5910186767578],""confidence"":0.07269476354122162},{""bbox"":[201.4585418701172,143.3238067626953,208.7404327392578,152.49749755859375],""confidence"":0.036088503897190094},{""bbox"":[199.53921508789062,198.63743591308594,208.884521484375,208.87937927246094],""confidence"":0.009142576716840267},{""bbox"":[200.91622924804688,170.67372131347656,209.30422973632812,180.0819854736328],""confidence"":0.0063072629272937775},{""bbox"":[197.4818115234375,199.86007690429688,206.59596252441406,208.97544860839844],""confidence"":0.0054520536214113235},{""bbox"":[197.7534942626953,168.84896850585938,206.66038513183594,178.13592529296875],""confidence"":0.002895401092246175},{""bbox"":[197.5928955078125,144.8560333251953,206.840576171875,154.44422912597656],""confidence"":0.0025425944477319717},{""bbox"":[200.4278106689453,200.2822723388672,211.36614990234375,212.62786865234375],""confidence"":0.002010860713198781},{""bbox"":[4.197248458862305,0.0,11.716581344604492,0.0],""confidence"":0.0015748791629448533},{""bbox"":[336.2995910644531,0.0,342.120849609375,0.0],""confidence"":0.001186863868497312}]",13,0.001
002_20200623_163059(6),2,352,332,"[[192.0,153.0,199.99999999999997,161.0],[195.0,174.0,203.0,186.0],[202.0,207.0,211.99999999999997,215.00000000000003]]","[{""bbox"":[189.98973083496094,152.53067016601562,198.0056915283203,160.91696166992188],""confidence"":0.5999814867973328},{""bbox"":[202.43060302734375,206.0550537109375,210.76809692382812,214.63279724121094],""confidence"":0.5847670435905457},{""bbox"":[195.0675048828125,175.2890625,203.65159606933594,183.48635864257812],""confidence"":0.5648268461227417},{""bbox"":[202.86962890625,204.75491333007812,209.7753143310547,213.97694396972656],""confidence"":0.05579351633787155},{""bbox"":[201.7317657470703,205.88267517089844,211.9201202392578,217.1320343017578],""confidence"":0.03132087364792824},{""bbox"":[190.7461700439453,153.3838653564453,199.26976013183594,162.6361083984375],""confidence"":0.02339519001543522},{""bbox"":[190.3342742919922,151.74664306640625,200.4054718017578,161.578125],""confidence"":0.023221269249916077},{""bbox"":[194.3519287109375,175.7327117919922,204.11181640625,186.44757080078125],""confidence"":0.020901929587125778},{""bbox"":[188.6758270263672,153.09051513671875,197.88812255859375,162.6842041015625],""confidence"":0.015850016847252846},{""bbox"":[188.9788360595703,150.357666015625,199.15390014648438,161.97178649902344],""confidence"":0.007329801097512245},{""bbox"":[202.33053588867188,204.87420654296875,213.61741638183594,215.5172882080078],""confidence"":0.005052751395851374},{""bbox"":[188.8397979736328,152.3761444091797,199.40806579589844,164.23512268066406],""confidence"":0.003914379049092531},{""bbox"":[200.00706481933594,206.08973693847656,211.06488037109375,215.90977478027344],""confidence"":0.0034681532997637987},{""bbox"":[194.2952880859375,172.4224395751953,203.6505126953125,183.49508666992188],""confidence"":0.0020072783809155226},{""bbox"":[4.1972150802612305,0.0,11.71651554107666,0.0],""confidence"":0.001574953319504857},{""bbox"":[195.92893981933594,176.32315063476562,205.26846313476562,186.2292938232422],""confidence"":0.0013614207273349166},{""bbox"":[336.297607421875,0.0,342.11474609375,0.0],""confidence"":0.0011428811121731997}]",17,0.001
002_20200623_203040(4),2,352,332,"[[192.0,178.0,199.99999999999997,187.99999999999997],[198.0,204.0,207.00000000000003,208.99999999999997],[204.0,233.00000000000003,210.99999999999997,242.0]]","[{""bbox"":[197.30618286132812,202.26182556152344,206.173583984375,211.5068817138672],""confidence"":0.5835387706756592},{""bbox"":[193.34063720703125,179.05160522460938,201.5310821533203,187.73336791992188],""confidence"":0.5703070163726807},{""bbox"":[203.14093017578125,233.26548767089844,211.36065673828125,241.77928161621094],""confidence"":0.5682585835456848},{""bbox"":[191.19424438476562,178.72186279296875,200.97332763671875,188.03309631347656],""confidence"":0.02700923942029476},{""bbox"":[195.34201049804688,202.9901123046875,205.95140075683594,213.20372009277344],""confidence"":0.017489798367023468},{""bbox"":[203.43429565429688,232.3414764404297,213.63072204589844,242.42556762695312],""confidence"":0.017401328310370445},{""bbox"":[203.68077087402344,231.0710906982422,210.54159545898438,240.31549072265625],""confidence"":0.011729213409125805},{""bbox"":[198.73802185058594,202.01327514648438,207.4187774658203,211.83888244628906],""confidence"":0.01021916326135397},{""bbox"":[192.80963134765625,176.7694091796875,202.43820190429688,188.5861053466797],""confidence"":0.007676851470023394},{""bbox"":[191.83900451660156,178.4702606201172,202.7659912109375,190.626220703125],""confidence"":0.005902260076254606},{""bbox"":[192.84803771972656,178.62335205078125,204.7635040283203,188.5281524658203],""confidence"":0.0017501225229352713},{""bbox"":[4.19730806350708,0.0,11.716636657714844,0.0],""confidence"":0.0015743753174319863},{""bbox"":[200.02613830566406,233.02398681640625,211.0781707763672,242.8069305419922],""confidence"":0.00123388203792274},{""bbox"":[336.29833984375,0.0,342.1220703125,0.0],""confidence"":0.0011995815439149737}]",14,0.001
002_20200623_203044(0),2,352,332,"[[190.0,144.0,198.0,153.0],[191.0,167.0,200.00000000000003,177.0],[192.99999999999997,198.0,202.0,208.99999999999997]]","[{""bbox"":[190.87242126464844,144.59725952148438,199.61279296875,153.44607543945312],""confidence"":0.6264527440071106},{""bbox"":[194.8699951171875,199.78802490234375,203.55987548828125,208.546142578125],""confidence"":0.5613823533058167},{""bbox"":[191.86070251464844,167.54103088378906,200.9653778076172,176.89437866210938],""confidence"":0.5475488901138306},{""bbox"":[188.82167053222656,144.44171142578125,198.11077880859375,154.30860900878906],""confidence"":0.041849177330732346},{""bbox"":[190.1641082763672,144.0036163330078,200.31947326660156,155.40933227539062],""confidence"":0.037076812237501144},{""bbox"":[188.92872619628906,168.04006958007812,197.94866943359375,177.34165954589844],""confidence"":0.006743947975337505},{""bbox"":[188.93649291992188,143.1472930908203,197.63864135742188,152.31932067871094],""confidence"":0.0058416579850018024},{""bbox"":[4.1971635818481445,0.0,11.716469764709473,0.0],""confidence"":0.0015753981424495578},{""bbox"":[336.2991943359375,0.0,342.1202697753906,0.0],""confidence"":0.0011832228628918529}]",9,0.001
002_20200623_203047(7),2,352,332,"[[184.0,145.0,193.0,156.0],[190.0,167.0,199.00000000000003,178.0],[198.0,197.00000000000003,206.0,209.00000000000003]]","[{""bbox"":[183.88015747070312,146.53240966796875,192.5384979248047,155.49166870117188],""confidence"":0.5599053502082825},{""bbox"":[189.04429626464844,169.3900909423828,197.6654052734375,178.1415557861328],""confidence"":0.5425558686256409},{""bbox"":[196.72012329101562,199.75462341308594,205.44781494140625,208.7205352783203],""confidence"":0.5372422933578491},{""bbox"":[188.29254150390625,170.7794952392578,197.33334350585938,180.186767578125],""confidence"":0.031953975558280945},{""bbox"":[182.14674377441406,145.63668823242188,191.7091064453125,155.2979736328125],""confidence"":0.015116444788873196},{""bbox"":[195.27957153320312,198.6715850830078,204.3992156982422,208.519287109375],""confidence"":0.010757466778159142},{""bbox"":[188.4091033935547,170.2744140625,198.97552490234375,181.94183349609375],""confidence"":0.005875999573618174},{""bbox"":[198.80978393554688,198.5846405029297,207.73553466796875,208.83657836914062],""confidence"":0.005850551649928093},{""bbox"":[190.1286163330078,168.9547119140625,200.3916473388672,178.28382873535156],""confidence"":0.004877613391727209},{""bbox"":[186.7650146484375,169.46035766601562,197.3099365234375,179.38304138183594],""confidence"":0.00403570244088769},{""bbox"":[179.921630859375,146.001953125,189.12091064453125,155.35386657714844],""confidence"":0.0032335694413632154},{""bbox"":[190.79638671875,171.15191650390625,199.05055236816406,180.23175048828125],""confidence"":0.0018598976312205195},{""bbox"":[4.197108745574951,0.0,11.716268539428711,0.0],""confidence"":0.00157497962936759},{""bbox"":[336.2959899902344,0.0,342.11407470703125,0.0],""confidence"":0.0011414389591664076},{""bbox"":[196.01625061035156,200.28146362304688,207.0226287841797,212.6400146484375],""confidence"":0.0011239900486543775}]",15,0.001
002_20200623_203051(2),2,352,332,"[[192.0,133.0,203.0,142.0],[195.99999999999997,153.0,205.0,166.0],[200.00000000000003,187.0,208.0,196.99999999999997]]","[{""bbox"":[192.163818359375,132.7379150390625,200.8953399658203,141.74517822265625],""confidence"":0.5846562385559082},{""bbox"":[199.9768524169922,187.75856018066406,208.58363342285156,196.2877960205078],""confidence"":0.5588390231132507},{""bbox"":[195.474609375,155.6306610107422,204.43096923828125,164.67739868164062],""confidence"":0.5514180660247803},{""bbox"":[197.70359802246094,186.9851531982422,206.35806274414062,196.18624877929688],""confidence"":0.017061255872249603},{""bbox"":[199.47506713867188,185.58148193359375,209.2508544921875,197.04722595214844],""confidence"":0.010417664423584938},{""bbox"":[197.4077911376953,188.27743530273438,206.62290954589844,197.84054565429688],""confidence"":0.009259060025215149},{""bbox"":[188.84765625,132.45285034179688,197.89236450195312,141.71006774902344],""confidence"":0.006132030393928289},{""bbox"":[198.60525512695312,187.92701721191406,209.0262451171875,199.5401611328125],""confidence"":0.003189702983945608},{""bbox"":[4.1971540451049805,0.0,11.716428756713867,0.0],""confidence"":0.001575253321789205},{""bbox"":[336.2967224121094,0.0,342.114013671875,0.0],""confidence"":0.0011365337995812297}]",10,0.001
002_20200623_203054(7),2,352,332,"[[181.0,143.0,190.0,154.0],[189.00000000000003,164.0,197.0,175.0],[198.0,193.99999999999997,207.00000000000003,208.0]]","[{""bbox"":[182.86572265625,144.83645629882812,191.14405822753906,153.015625],""confidence"":0.5827206373214722},{""bbox"":[188.70034790039062,167.4155731201172,197.12538146972656,176.0254364013672],""confidence"":0.545316219329834},{""bbox"":[198.18869018554688,196.76792907714844,206.21934509277344,205.05210876464844],""confidence"":0.5295770168304443},{""bbox"":[183.0496826171875,143.180908203125,190.52967834472656,152.26510620117188],""confidence"":0.05393466725945473},{""bbox"":[186.6863250732422,167.54075622558594,196.59532165527344,177.1073455810547],""confidence"":0.02740357257425785},{""bbox"":[182.34178161621094,144.75543212890625,191.92068481445312,155.3722686767578],""confidence"":0.024202149361371994},{""bbox"":[199.19210815429688,195.84266662597656,207.39443969726562,205.05462646484375],""confidence"":0.014832060784101486},{""bbox"":[179.87208557128906,144.81333923339844,188.99435424804688,154.11355590820312],""confidence"":0.011977599002420902},{""bbox"":[199.59071350097656,197.49232482910156,207.9431610107422,206.66844177246094],""confidence"":0.011071319691836834},{""bbox"":[197.33544921875,196.63833618164062,207.80764770507812,208.301025390625],""confidence"":0.005466810893267393},{""bbox"":[197.58335876464844,195.71023559570312,209.214599609375,205.4472198486328],""confidence"":0.004576361272484064},{""bbox"":[190.14651489257812,166.9329376220703,198.61720275878906,176.1470489501953],""confidence"":0.0038178025279194117},{""bbox"":[195.6123809814453,196.9414825439453,206.19590759277344,206.16610717773438],""confidence"":0.002499414375051856},{""bbox"":[198.0201416015625,194.3998565673828,207.1759033203125,206.09121704101562],""confidence"":0.002183531876653433},{""bbox"":[4.197080612182617,0.0,11.7161865234375,0.0],""confidence"":0.001574849127791822},{""bbox"":[180.044921875,142.9403076171875,188.5634765625,151.873779296875],""confidence"":0.0014734860742464662},{""bbox"":[336.29315185546875,0.0,342.1115417480469,0.0],""confidence"":0.0011258026352152228}]",17,0.001
002_20200623_203058(3),2,352,332,"[[195.0,145.0,204.0,155.0],[198.0,167.0,210.00000000000003,177.0],[209.0,198.0,217.0,210.0]]","[{""bbox"":[195.63734436035156,146.0921630859375,204.23123168945312,154.89437866210938],""confidence"":0.572260856628418},{""bbox"":[200.09304809570312,168.6158447265625,208.74432373046875,177.36932373046875],""confidence"":0.5507412552833557},{""bbox"":[207.292236328125,199.80636596679688,215.77548217773438,208.4547576904297],""confidence"":0.5468003153800964},{""bbox"":[197.68177795410156,168.79457092285156,206.39999389648438,177.7793731689453],""confidence"":0.04632846266031265},{""bbox"":[208.14320373535156,199.2305450439453,218.03636169433594,208.97015380859375],""confidence"":0.021305246278643608},{""bbox"":[204.39901733398438,199.78689575195312,215.20216369628906,209.60296630859375],""confidence"":0.0019645397551357746},{""bbox"":[4.197219371795654,0.0,11.716544151306152,0.0],""confidence"":0.001575044123455882},{""bbox"":[196.3754119873047,143.1317596435547,203.78114318847656,152.23959350585938],""confidence"":0.0011445431737229228},{""bbox"":[336.297607421875,0.0,342.1148986816406,0.0],""confidence"":0.0011416407069191337},{""bbox"":[206.4132080078125,200.86204528808594,217.0420684814453,212.65045166015625],""confidence"":0.001001261523924768}]",10,0.001
002_20200624_003115(6),2,316,332,"[[153.0,143.99999999999997,165.0,154.0],[155.00000000000003,169.0,167.0,178.99999999999997],[157.0,199.0,167.99999999999997,211.0]]","[{""bbox"":[157.88768005371094,199.68850708007812,168.21707153320312,209.9698486328125],""confidence"":0.6851896047592163},{""bbox"":[153.4603271484375,144.10110473632812,163.24818420410156,153.97610473632812],""confidence"":0.6698429584503174},{""bbox"":[155.24447631835938,167.62913513183594,165.50157165527344,177.8700714111328],""confidence"":0.6166035532951355},{""bbox"":[155.229736328125,145.5557861328125,163.69198608398438,154.57615661621094],""confidence"":0.057939425110816956},{""bbox"":[153.9071502685547,168.64486694335938,162.42782592773438,177.82083129882812],""confidence"":0.041742511093616486},{""bbox"":[152.3324737548828,143.97129821777344,163.83387756347656,156.12307739257812],""confidence"":0.0291280597448349},{""bbox"":[155.7379913330078,199.1151123046875,167.93553161621094,211.02450561523438],""confidence"":0.00802277959883213},{""bbox"":[156.27391052246094,170.00225830078125,165.0228729248047,179.23077392578125],""confidence"":0.007347287144511938},{""bbox"":[153.68507385253906,142.60128784179688,165.0043182373047,154.46578979492188],""confidence"":0.005044116638600826},{""bbox"":[155.21484375,168.82174682617188,166.50950622558594,180.9552459716797],""confidence"":0.003297532210126519},{""bbox"":[151.2211456298828,146.15484619140625,162.90733337402344,157.1349334716797],""confidence"":0.0012666682014241815},{""bbox"":[157.53656005859375,196.6534423828125,168.39199829101562,208.996826171875],""confidence"":0.0012219446944072843}]",12,0.001
002_20200624_003118(6),2,316,332,"[[145.0,140.0,156.0,149.0],[146.0,164.0,160.0,174.0],[148.0,196.0,160.0,208.0]]","[{""bbox"":[145.20858764648438,140.76522827148438,155.18338012695312,150.798095703125],""confidence"":0.6644302010536194},{""bbox"":[148.62060546875,196.63192749023438,158.69728088378906,206.6310272216797],""confidence"":0.6481386423110962},{""bbox"":[146.69805908203125,164.24017333984375,156.4640350341797,174.14537048339844],""confidence"":0.6268547773361206},{""bbox"":[145.35836791992188,164.1177520751953,154.26039123535156,174.0410614013672],""confidence"":0.05301470309495926},{""bbox"":[144.9674072265625,140.8196258544922,157.04867553710938,152.7539825439453],""confidence"":0.01963040418922901},{""bbox"":[148.9427490234375,195.6484375,161.03465270996094,207.2188720703125],""confidence"":0.01868085376918316},{""bbox"":[146.7116241455078,164.88223266601562,157.62493896484375,176.7218475341797],""confidence"":0.005704811774194241},{""bbox"":[148.50753784179688,198.0015106201172,159.35987854003906,209.93136596679688],""confidence"":0.00261654588393867},{""bbox"":[143.0950164794922,142.3965301513672,154.597412109375,153.11004638671875],""confidence"":0.0012002302100881934},{""bbox"":[145.395263671875,196.43006896972656,154.27818298339844,206.07676696777344],""confidence"":0.0011964223813265562},{""bbox"":[143.39334106445312,164.5010528564453,155.077880859375,174.88511657714844],""confidence"":0.00113222049549222}]",11,0.001
002_20200624_003123(0),2,316,332,"[[149.0,143.99999999999997,161.00000000000003,154.0],[151.0,167.0,162.0,179.0],[152.0,200.00000000000003,166.0,210.0]]","[{""bbox"":[154.72235107421875,199.5692596435547,165.07296752929688,209.87168884277344],""confidence"":0.6737218499183655},{""bbox"":[150.63168334960938,144.17919921875,160.090576171875,153.708984375],""confidence"":0.6371567249298096},{""bbox"":[152.02835083007812,167.804443359375,162.17196655273438,178.04696655273438],""confidence"":0.6128806471824646},{""bbox"":[153.78268432617188,199.9597930908203,162.59426879882812,210.28964233398438],""confidence"":0.05720807611942291},{""bbox"":[152.7684783935547,169.8238525390625,161.8790283203125,179.26463317871094],""confidence"":0.03005356900393963},{""bbox"":[149.42808532714844,144.28587341308594,160.4161834716797,156.12672424316406],""confidence"":0.021370766684412956},{""bbox"":[151.98643493652344,168.9287567138672,163.07888793945312,181.00477600097656],""confidence"":0.004605784546583891},{""bbox"":[152.49960327148438,167.45094299316406,164.9478302001953,179.1736602783203],""confidence"":0.003815744537860155},{""bbox"":[154.73440551757812,168.33639526367188,163.0262451171875,177.7399444580078],""confidence"":0.0018483925377950072},{""bbox"":[147.53897094726562,144.0135498046875,159.34756469726562,154.90621948242188],""confidence"":0.0017725543584674597},{""bbox"":[151.6129608154297,199.0635986328125,163.84388732910156,210.99237060546875],""confidence"":0.00165518035646528}]",11,0.001
002_20200624_003127(5),2,316,332,"[[149.0,144.0,159.0,156.0],[152.0,166.0,165.0,178.0],[155.0,198.0,164.0,210.0]]","[{""bbox"":[154.86029052734375,199.51499938964844,165.01055908203125,209.6248016357422],""confidence"":0.6570162177085876},{""bbox"":[150.99790954589844,143.95660400390625,160.70909118652344,153.87664794921875],""confidence"":0.6302620768547058},{""bbox"":[152.50030517578125,166.9891815185547,162.4838409423828,177.11285400390625],""confidence"":0.6065378189086914},{""bbox"":[152.0851593017578,145.11622619628906,161.468505859375,154.5848388671875],""confidence"":0.13882964849472046},{""bbox"":[153.6984405517578,199.85211181640625,162.48780822753906,209.94451904296875],""confidence"":0.05646542087197304},{""bbox"":[149.9263153076172,143.84986877441406,161.51881408691406,156.13003540039062],""confidence"":0.020887188613414764},{""bbox"":[152.6865997314453,166.75537109375,164.91041564941406,178.20932006835938],""confidence"":0.007605693303048611},{""bbox"":[152.81866455078125,169.92149353027344,161.7764129638672,179.2234344482422],""confidence"":0.0025754671078175306},{""bbox"":[152.58946228027344,163.53155517578125,162.20916748046875,174.8791046142578],""confidence"":0.002409274922683835},{""bbox"":[151.63055419921875,199.15988159179688,163.67926025390625,210.68896484375],""confidence"":0.0014212696114555001}]",10,0.001
002_20200624_003132(0),2,316,332,"[[143.0,143.0,154.0,155.0],[145.0,168.0,158.0,182.00000000000003],[148.0,200.00000000000003,161.00000000000003,212.00000000000003]]","[{""bbox"":[149.5617218017578,199.60191345214844,159.53359985351562,209.60855102539062],""confidence"":0.6889006495475769},{""bbox"":[145.09776306152344,144.1499786376953,154.6138458251953,153.771484375],""confidence"":0.6726797223091125},{""bbox"":[146.58181762695312,167.23231506347656,156.7738037109375,177.31883239746094],""confidence"":0.6020094752311707},{""bbox"":[145.55601501464844,168.27517700195312,154.11190795898438,177.5687255859375],""confidence"":0.06544110178947449},{""bbox"":[144.60598754882812,143.2852325439453,156.6022186279297,154.8982696533203],""confidence"":0.028767289593815804},{""bbox"":[146.95785522460938,145.55934143066406,155.31668090820312,154.49606323242188],""confidence"":0.018937543034553528},{""bbox"":[147.36163330078125,200.03330993652344,159.3326416015625,211.1970672607422],""confidence"":0.004229341633617878},{""bbox"":[149.09844970703125,196.68833923339844,159.84750366210938,209.02169799804688],""confidence"":0.00168487592600286},{""bbox"":[148.04994201660156,170.08212280273438,156.5443878173828,179.20663452148438],""confidence"":0.0014427456771954894},{""bbox"":[146.55453491210938,168.83738708496094,158.49932861328125,181.16712951660156],""confidence"":0.001116807572543621}]",10,0.001
002_20200624_003136(5),2,316,332,"[[141.0,142.0,155.0,157.0],[144.0,165.0,157.0,180.0],[148.0,198.00000000000003,157.0,213.0]]","[{""bbox"":[147.39256286621094,199.39524841308594,157.45265197753906,209.4510040283203],""confidence"":0.664640486240387},{""bbox"":[142.90505981445312,143.65077209472656,152.6892852783203,153.638916015625],""confidence"":0.6342997550964355},{""bbox"":[144.5946044921875,166.95237731933594,154.59722900390625,177.01783752441406],""confidence"":0.6222309470176697},{""bbox"":[144.04385375976562,145.0509490966797,153.36175537109375,154.51605224609375],""confidence"":0.07819989323616028},{""bbox"":[145.44241333007812,199.77418518066406,154.2339324951172,209.8004913330078],""confidence"":0.01855706050992012},{""bbox"":[144.84841918945312,166.15069580078125,157.07940673828125,177.66453552246094],""confidence"":0.014422887936234474},{""bbox"":[141.88380432128906,143.8048095703125,153.4795379638672,156.13063049316406],""confidence"":0.013856335543096066},{""bbox"":[144.7880096435547,163.49588012695312,154.40708923339844,174.94161987304688],""confidence"":0.0027673523873090744},{""bbox"":[144.7927703857422,169.92269897460938,153.7098846435547,179.221435546875],""confidence"":0.0018772020703181624},{""bbox"":[146.36146545410156,196.6976776123047,158.02940368652344,209.3385467529297],""confidence"":0.001383060123771429},{""bbox"":[144.33201599121094,168.96116638183594,155.938232421875,181.27163696289062],""confidence"":0.0013426373479887843}]",11,0.001
002_20200624_043128(1),2,352,332,"[[188.0,153.0,197.0,161.0],[193.0,175.0,199.99999999999997,183.00000000000003],[199.0,205.0,210.0,213.99999999999997]]","[{""bbox"":[187.55686950683594,151.63177490234375,196.16015625,160.36349487304688],""confidence"":0.5591092705726624},{""bbox"":[199.7078399658203,205.489990234375,208.36859130859375,214.09017944335938],""confidence"":0.5571162104606628},{""bbox"":[192.07676696777344,174.3570098876953,200.86734008789062,183.3908233642578],""confidence"":0.5463503003120422},{""bbox"":[197.4237823486328,205.8239288330078,206.68333435058594,215.4924774169922],""confidence"":0.025198698043823242},{""bbox"":[197.68370056152344,204.66038513183594,206.26858520507812,213.92532348632812],""confidence"":0.015147321857511997},{""bbox"":[191.7498321533203,172.37286376953125,201.47390747070312,184.0657958984375],""confidence"":0.012935349717736244},{""bbox"":[188.77957153320312,174.68605041503906,197.84010314941406,183.60781860351562],""confidence"":0.008206055499613285},{""bbox"":[198.50851440429688,205.38746643066406,208.9561309814453,217.24575805664062],""confidence"":0.007274589501321316},{""bbox"":[191.50025939941406,174.04815673828125,202.33590698242188,186.26658630371094],""confidence"":0.007247353438287973},{""bbox"":[187.59988403320312,152.94082641601562,196.876220703125,162.5421600341797],""confidence"":0.006665444932878017},{""bbox"":[199.0338592529297,203.1925048828125,209.19654846191406,215.3583984375],""confidence"":0.002782066585496068},{""bbox"":[190.75680541992188,172.3067169189453,200.02359008789062,182.8038787841797],""confidence"":0.002735383342951536},{""bbox"":[189.91790771484375,151.07235717773438,198.51622009277344,160.52854919433594],""confidence"":0.002409221138805151},{""bbox"":[4.197196006774902,0.0,11.716496467590332,0.0],""confidence"":0.0015751190949231386},{""bbox"":[336.29766845703125,0.0,342.115234375,0.0],""confidence"":0.0011472862679511309},{""bbox"":[186.77877807617188,152.0458526611328,197.55868530273438,164.1702880859375],""confidence"":0.0010851273545995355}]",16,0.001
002_20200624_043132(2),2,352,332,"[[200.00000000000003,113.0,208.0,125.0],[201.0,138.0,209.0,148.00000000000003],[203.0,171.00000000000003,209.0,180.0]]","[{""bbox"":[202.39175415039062,171.07806396484375,210.51939392089844,179.41050720214844],""confidence"":0.599581778049469},{""bbox"":[200.4605255126953,114.87053680419922,209.06082153320312,123.78388214111328],""confidence"":0.5816419720649719},{""bbox"":[200.5048065185547,138.16566467285156,209.49070739746094,147.41787719726562],""confidence"":0.527472972869873},{""bbox"":[202.98272705078125,169.52862548828125,209.9378204345703,178.74180603027344],""confidence"":0.0762266218662262},{""bbox"":[199.49969482421875,136.85186767578125,208.57542419433594,146.7002410888672],""confidence"":0.045732010155916214},{""bbox"":[197.5499267578125,114.43262481689453,206.4812469482422,123.27774047851562],""confidence"":0.017503267154097557},{""bbox"":[201.57041931152344,170.31991577148438,211.98828125,181.90525817871094],""confidence"":0.0172274149954319},{""bbox"":[197.5596923828125,138.47669982910156,206.60035705566406,147.2766571044922],""confidence"":0.00946778617799282},{""bbox"":[200.0124053955078,170.55091857910156,210.5297088623047,180.01992797851562],""confidence"":0.00543292798101902},{""bbox"":[202.55223083496094,170.58848571777344,213.6058807373047,180.7481689453125],""confidence"":0.0037185964174568653},{""bbox"":[4.19720458984375,0.0,11.716533660888672,0.0],""confidence"":0.0015752646140754223},{""bbox"":[336.2973937988281,0.0,342.114013671875,0.0],""confidence"":0.0011349660344421864},{""bbox"":[200.30262756347656,139.1347198486328,210.9879913330078,151.04525756835938],""confidence"":0.0010150481248274446}]",13,0.001
002_20200624_043136(1),2,352,332,"[[196.00000000000003,140.0,203.0,152.0],[198.0,164.0,204.0,175.0],[202.0,197.00000000000003,210.0,205.99999999999997]]","[{""bbox"":[201.41343688964844,197.6594696044922,209.88577270507812,206.28030395507812],""confidence"":0.5886439085006714},{""bbox"":[197.67047119140625,166.09410095214844,205.81640625,174.4907684326172],""confidence"":0.5830879211425781},{""bbox"":[195.49472045898438,141.84605407714844,204.4301300048828,150.99188232421875],""confidence"":0.5623500943183899},{""bbox"":[201.48049926757812,196.09207153320312,208.70115661621094,205.32769775390625],""confidence"":0.04662289470434189},{""bbox"":[200.65768432617188,197.09727478027344,210.83482360839844,208.30355834960938],""confidence"":0.037978172302246094},{""bbox"":[199.2392578125,166.11282348632812,207.53500366210938,175.05978393554688],""confidence"":0.03173621743917465},{""bbox"":[197.08982849121094,166.32781982421875,207.21669006347656,177.41371154785156],""confidence"":0.01005109678953886},{""bbox"":[195.58360290527344,165.837646484375,205.97171020507812,175.4386444091797],""confidence"":0.009232091717422009},{""bbox"":[197.51478576660156,197.48692321777344,206.7325897216797,207.00389099121094],""confidence"":0.003699110820889473},{""bbox"":[197.6652069091797,163.60960388183594,206.93988037109375,175.15309143066406],""confidence"":0.002595700789242983},{""bbox"":[4.19719934463501,0.0,11.716529846191406,0.0],""confidence"":0.0015752766048535705},{""bbox"":[336.2987365722656,0.0,342.1163024902344,0.0],""confidence"":0.0011510798940435052}]",12,0.001
002_20200624_043136(9),2,316,332,"[[149.0,144.0,160.0,155.0],[151.0,168.00000000000003,162.0,177.0],[153.0,198.0,166.0,211.0]]","[{""bbox"":[154.36566162109375,199.63278198242188,164.544189453125,209.79501342773438],""confidence"":0.6813486218452454},{""bbox"":[149.86720275878906,143.76580810546875,159.58958435058594,153.48382568359375],""confidence"":0.6557343602180481},{""bbox"":[151.7181854248047,167.70774841308594,161.8990478515625,177.89109802246094],""confidence"":0.6270827651023865},{""bbox"":[150.95401000976562,145.18417358398438,160.16932678222656,154.47518920898438],""confidence"":0.09946709871292114},{""bbox"":[152.49061584472656,169.74185180664062,161.7469940185547,179.21820068359375],""confidence"":0.01914973370730877},{""bbox"":[149.04852294921875,144.14498901367188,160.03741455078125,156.07952880859375],""confidence"":0.017882907763123512},{""bbox"":[151.40933227539062,168.72406005859375,162.79669189453125,180.98751831054688],""confidence"":0.003194637130945921},{""bbox"":[151.6446990966797,199.0391387939453,163.80360412597656,210.7698974609375],""confidence"":0.002847797702997923},{""bbox"":[147.52365112304688,142.92591857910156,159.45587158203125,154.1719970703125],""confidence"":0.002557613654062152}]",9,0.001
002_20200624_043140(2),2,352,332,"[[189.00000000000003,159.0,199.0,170.0],[194.0,182.00000000000003,203.00000000000003,194.00000000000003],[199.99999999999997,213.0,209.0,225.0]]","[{""bbox"":[194.77066040039062,183.61257934570312,203.49942016601562,192.2744140625],""confidence"":0.5818688869476318},{""bbox"":[200.0349578857422,215.28866577148438,208.4756622314453,223.5316925048828],""confidence"":0.581200361251831},{""bbox"":[191.6596221923828,160.31747436523438,200.34628295898438,169.11331176757812],""confidence"":0.5474870204925537},{""bbox"":[197.3973388671875,214.94482421875,206.59561157226562,224.46978759765625],""confidence"":0.0401916541159153},{""bbox"":[200.44544982910156,213.66458129882812,208.00453186035156,222.85171508789062],""confidence"":0.025648044422268867},{""bbox"":[194.04660034179688,184.15447998046875,203.9371337890625,195.1378936767578],""confidence"":0.02018147148191929},{""bbox"":[199.69134521484375,214.7170867919922,209.60189819335938,225.82154846191406],""confidence"":0.019796228036284447},{""bbox"":[188.8727264404297,159.9307861328125,197.71609497070312,169.067626953125],""confidence"":0.012013336643576622},{""bbox"":[191.77761840820312,162.0800323486328,200.11402893066406,171.3138885498047],""confidence"":0.007153631653636694},{""bbox"":[194.5852508544922,181.22219848632812,203.19766235351562,191.51153564453125],""confidence"":0.005144719034433365},{""bbox"":[197.65798950195312,213.43661499023438,206.16358947753906,222.55458068847656],""confidence"":0.0032253803219646215},{""bbox"":[4.197269439697266,0.0,11.716588973999023,0.0],""confidence"":0.0015746138524264097},{""bbox"":[336.2991638183594,0.0,342.120361328125,0.0],""confidence"":0.0011844632681459188},{""bbox"":[190.85130310058594,160.8504180908203,201.58946228027344,172.97518920898438],""confidence"":0.0011222251923754811}]",14,0.001
002_20200624_043141(4),2,316,332,"[[151.0,141.0,162.0,155.0],[153.0,166.0,164.0,180.00000000000003],[155.0,198.0,164.0,212.00000000000003]]","[{""bbox"":[155.67315673828125,199.15386962890625,165.6696319580078,209.27195739746094],""confidence"":0.6651943922042847},{""bbox"":[152.9717254638672,166.87982177734375,162.90383911132812,176.90185546875],""confidence"":0.6257412433624268},{""bbox"":[151.73025512695312,143.08836364746094,161.67230224609375,153.11854553222656],""confidence"":0.6223590970039368},{""bbox"":[152.72958374023438,145.121826171875,161.803466796875,154.46275329589844],""confidence"":0.023096144199371338},{""bbox"":[153.72732543945312,199.5193328857422,162.5415802001953,209.568603515625],""confidence"":0.018321655690670013},{""bbox"":[153.0864715576172,166.05313110351562,165.33413696289062,177.60557556152344],""confidence"":0.015312952920794487},{""bbox"":[151.02096557617188,143.8842315673828,162.38429260253906,156.07725524902344],""confidence"":0.008565718308091164},{""bbox"":[153.3343505859375,163.55528259277344,162.86929321289062,175.1046142578125],""confidence"":0.002771683968603611},{""bbox"":[154.60357666015625,143.21517944335938,162.9447479248047,152.64813232421875],""confidence"":0.00155832979362458},{""bbox"":[153.1161346435547,169.892333984375,162.06069946289062,179.22850036621094],""confidence"":0.0012650302378460765},{""bbox"":[152.42181396484375,142.1382293701172,165.17652893066406,155.12229919433594],""confidence"":0.0012211930006742477},{""bbox"":[152.75294494628906,168.88665771484375,164.6345977783203,181.3843994140625],""confidence"":0.001000335207208991}]",12,0.001
002_20200624_043144(2),2,352,332,"[[200.00000000000003,149.0,210.0,157.0],[198.0,170.0,207.00000000000003,181.0],[193.0,201.0,201.0,214.0]]","[{""bbox"":[201.0885772705078,148.18260192871094,209.72039794921875,156.9774932861328],""confidence"":0.5677395462989807},{""bbox"":[196.90704345703125,171.6072998046875,205.97157287597656,180.83694458007812],""confidence"":0.5675416588783264},{""bbox"":[193.35316467285156,203.31700134277344,202.0340576171875,212.4910430908203],""confidence"":0.5576331615447998},{""bbox"":[195.28810119628906,171.0726776123047,204.70945739746094,180.35723876953125],""confidence"":0.038214605301618576},{""bbox"":[199.28697204589844,171.88182067871094,207.81640625,181.27590942382812],""confidence"":0.01743772067129612},{""bbox"":[200.5039825439453,145.95433044433594,210.49061584472656,157.72488403320312],""confidence"":0.009919081814587116},{""bbox"":[195.21192932128906,172.1015167236328,205.69952392578125,182.4015350341797],""confidence"":0.00979047454893589},{""bbox"":[200.00831604003906,147.38656616210938,211.13507080078125,159.89886474609375],""confidence"":0.008576305583119392},{""bbox"":[197.46266174316406,147.80479431152344,206.45944213867188,156.6154022216797],""confidence"":0.007594871334731579},{""bbox"":[190.96678161621094,202.44854736328125,200.44287109375,211.56040954589844],""confidence"":0.003449383657425642},{""bbox"":[191.0139617919922,203.4565887451172,202.20343017578125,213.78408813476562],""confidence"":0.0033788548316806555},{""bbox"":[193.29611206054688,203.1362762451172,205.02200317382812,215.0926971435547],""confidence"":0.002678174525499344},{""bbox"":[194.00360107421875,206.32579040527344,201.42611694335938,215.26974487304688],""confidence"":0.0020296480506658554},{""bbox"":[4.197263240814209,0.0,11.716594696044922,0.0],""confidence"":0.0015747336437925696},{""bbox"":[197.21641540527344,169.52862548828125,205.11111450195312,178.65969848632812],""confidence"":0.001330640516243875},{""bbox"":[336.3004150390625,0.0,342.1229553222656,0.0],""confidence"":0.001203241292387247}]",16,0.001
002_20200624_043145(8),2,316,332,"[[153.0,143.0,164.0,154.0],[155.00000000000003,169.0,167.0,177.99999999999997],[160.0,199.0,169.0,210.0]]","[{""bbox"":[159.02700805664062,199.71636962890625,169.4954833984375,210.020263671875],""confidence"":0.6595615148544312},{""bbox"":[154.4183807373047,143.96826171875,164.088134765625,153.6767120361328],""confidence"":0.6517471671104431},{""bbox"":[156.0657958984375,167.6754150390625,166.20111083984375,177.82159423828125],""confidence"":0.6119872331619263},{""bbox"":[155.58753967285156,145.36105346679688,164.2413330078125,154.45481872558594],""confidence"":0.05728384107351303},{""bbox"":[153.40672302246094,144.1215362548828,164.57391357421875,156.12591552734375],""confidence"":0.020342348143458366},{""bbox"":[153.68402099609375,145.14659118652344,162.47215270996094,154.5344696044922],""confidence"":0.010892798192799091},{""bbox"":[156.84552001953125,169.96087646484375,165.7091064453125,179.22865295410156],""confidence"":0.009394928812980652},{""bbox"":[153.91990661621094,168.58164978027344,162.46673583984375,177.69656372070312],""confidence"":0.005004416219890118},{""bbox"":[151.67630004882812,143.74691772460938,163.6328125,154.78704833984375],""confidence"":0.0031154188327491283},{""bbox"":[155.86471557617188,168.83164978027344,167.34364318847656,181.0707244873047],""confidence"":0.0029320395551621914},{""bbox"":[156.6508026123047,167.34420776367188,169.14442443847656,179.0192413330078],""confidence"":0.002754272660240531},{""bbox"":[155.74838256835938,199.2448272705078,167.9866943359375,211.18333435058594],""confidence"":0.0013874961296096444}]",12,0.001
002_20200624_043148(1),2,352,332,"[[198.0,121.00000000000001,206.0,132.0],[198.0,146.0,204.99999999999997,155.0],[199.0,178.99999999999997,208.0,186.0]]","[{""bbox"":[197.72802734375,122.59309387207031,206.36851501464844,131.56295776367188],""confidence"":0.5981354713439941},{""bbox"":[198.26287841796875,179.38467407226562,206.6282501220703,188.06607055664062],""confidence"":0.5950141549110413},{""bbox"":[196.91188049316406,147.0045166015625,205.97372436523438,156.4346160888672],""confidence"":0.5522359013557434},{""bbox"":[199.05490112304688,122.02938079833984,207.6187286376953,131.60269165039062],""confidence"":0.12207472324371338},{""bbox"":[197.06065368652344,122.19845581054688,207.29457092285156,133.5283966064453],""confidence"":0.04914652183651924},{""bbox"":[199.56593322753906,179.90663146972656,208.0347442626953,189.1902313232422],""confidence"":0.03867962956428528},{""bbox"":[199.4382781982422,178.35606384277344,207.46731567382812,187.50746154785156],""confidence"":0.014914159663021564},{""bbox"":[199.05030822753906,147.0580291748047,207.65835571289062,156.7470703125],""confidence"":0.012680825777351856},{""bbox"":[198.3024139404297,178.92694091796875,209.24266052246094,189.4971160888672],""confidence"":0.008819958195090294},{""bbox"":[198.3415985107422,123.12804412841797,209.20108032226562,132.40049743652344],""confidence"":0.005035258363932371},{""bbox"":[195.13296508789062,145.6180419921875,204.695068359375,155.78399658203125],""confidence"":0.005022064782679081},{""bbox"":[198.15802001953125,176.8272705078125,207.35464477539062,188.4447479248047],""confidence"":0.0036774533800780773},{""bbox"":[196.71029663085938,148.2477264404297,207.14498901367188,159.82887268066406],""confidence"":0.0026894418988376856},{""bbox"":[195.57586669921875,178.763671875,206.19656372070312,188.4733428955078],""confidence"":0.0019048433750867844},{""bbox"":[4.197176933288574,0.0,11.716498374938965,0.0],""confidence"":0.0015754093183204532},{""bbox"":[336.2979431152344,0.0,342.1153564453125,0.0],""confidence"":0.0011448014993220568},{""bbox"":[195.3451690673828,123.69279479980469,206.18751525878906,134.03050231933594],""confidence"":0.0010704451706260443}]",17,0.001
002_20200624_043150(3),2,316,332,"[[146.0,142.0,158.0,153.0],[149.0,164.0,160.0,178.99999999999997],[153.0,195.0,163.0,209.00000000000003]]","[{""bbox"":[153.41424560546875,198.69667053222656,162.88047790527344,208.29151916503906],""confidence"":0.6638512015342712},{""bbox"":[149.6610870361328,166.20997619628906,159.9174041748047,176.5366668701172],""confidence"":0.6437395215034485},{""bbox"":[147.9991912841797,142.54031372070312,158.06678771972656,152.53819274902344],""confidence"":0.6217425465583801},{""bbox"":[152.42552185058594,196.69508361816406,163.42262268066406,208.79379272460938],""confidence"":0.008923942223191261},{""bbox"":[150.26788330078125,163.6269989013672,159.4934539794922,174.9680633544922],""confidence"":0.005872917361557484},{""bbox"":[148.59396362304688,145.3326416015625,157.09530639648438,154.33084106445312],""confidence"":0.004826935473829508},{""bbox"":[154.59120178222656,199.13037109375,165.1129150390625,210.06053161621094],""confidence"":0.004082717001438141},{""bbox"":[148.25424194335938,142.35105895996094,160.724853515625,154.1533203125],""confidence"":0.0037323888391256332},{""bbox"":[145.56520080566406,142.95387268066406,154.20364379882812,152.20156860351562],""confidence"":0.0035388998221606016},{""bbox"":[146.94287109375,143.94781494140625,158.37835693359375,156.0146484375],""confidence"":0.0030809405725449324},{""bbox"":[147.3378143310547,167.41769409179688,159.2416534423828,178.1578826904297],""confidence"":0.0027819632086902857},{""bbox"":[151.32159423828125,199.62770080566406,162.9458770751953,210.71084594726562],""confidence"":0.0023430264554917812}]",12,0.001
002_20200624_043154(8),2,316,332,"[[150.0,143.0,164.0,155.0],[152.0,167.0,164.0,179.0],[156.0,199.0,165.0,212.00000000000003]]","[{""bbox"":[155.42367553710938,199.82131958007812,165.83352661132812,210.08778381347656],""confidence"":0.6515144109725952},{""bbox"":[152.6990509033203,168.2041778564453,162.71728515625,178.24220275878906],""confidence"":0.6470620036125183},{""bbox"":[151.07421875,144.19927978515625,160.4718780517578,153.7421112060547],""confidence"":0.6355693340301514},{""bbox"":[150.4895477294922,142.61143493652344,161.3229522705078,154.51976013183594],""confidence"":0.047955840826034546},{""bbox"":[153.2227325439453,169.77565002441406,162.25831604003906,179.30274963378906],""confidence"":0.045292727649211884},{""bbox"":[149.70962524414062,144.18865966796875,160.94354248046875,156.1982421875],""confidence"":0.02015424519777298},{""bbox"":[153.8362274169922,200.399169921875,162.58563232421875,210.3649139404297],""confidence"":0.01727493479847908},{""bbox"":[152.8472442626953,167.11279296875,165.06246948242188,178.6736602783203],""confidence"":0.011627506464719772},{""bbox"":[152.4757843017578,168.96414184570312,163.4549560546875,180.96011352539062],""confidence"":0.01107395626604557},{""bbox"":[147.51466369628906,144.047119140625,159.434326171875,155.08424377441406],""confidence"":0.001128857722505927},{""bbox"":[155.2559051513672,170.19761657714844,163.85739135742188,179.27606201171875],""confidence"":0.0010053602745756507}]",11,0.001
002_20200624_043159(4),2,316,332,"[[150.0,141.0,160.0,156.0],[153.0,166.0,160.99999999999997,178.0],[155.0,198.0,163.0,211.0]]","[{""bbox"":[154.39292907714844,199.44012451171875,164.53211975097656,209.5535888671875],""confidence"":0.6680420637130737},{""bbox"":[149.37039184570312,143.77247619628906,159.22177124023438,153.66197204589844],""confidence"":0.6636614799499512},{""bbox"":[151.60543823242188,167.43882751464844,161.7519073486328,177.55628967285156],""confidence"":0.6087153553962708},{""bbox"":[150.3080291748047,145.2401123046875,159.5019073486328,154.5221405029297],""confidence"":0.13507194817066193},{""bbox"":[148.54953002929688,144.24807739257812,159.5237579345703,156.1016387939453],""confidence"":0.029686519876122475},{""bbox"":[152.31324768066406,169.85960388183594,161.41087341308594,179.21755981445312],""confidence"":0.009489092044532299},{""bbox"":[151.6328582763672,199.05555725097656,163.70697021484375,210.66941833496094],""confidence"":0.0031747661996632814},{""bbox"":[151.5062713623047,168.82876586914062,163.12167358398438,181.14524841308594],""confidence"":0.0018840912962332368}]",8,0.001
002_20200624_203044(4),2,352,332,"[[192.99999999999997,139.00000000000003,205.0,150.0],[192.99999999999997,167.0,205.0,175.99999999999997],[198.0,197.00000000000003,207.99999999999997,207.0]]","[{""bbox"":[197.1469268798828,198.17088317871094,205.53704833984375,206.82766723632812],""confidence"":0.608387291431427},{""bbox"":[193.52207946777344,141.11085510253906,202.29173278808594,150.30628967285156],""confidence"":0.5888193845748901},{""bbox"":[194.8234100341797,165.8123016357422,203.22796630859375,174.3053436279297],""confidence"":0.5833338499069214},{""bbox"":[195.42315673828125,165.3167266845703,204.94000244140625,174.80946350097656],""confidence"":0.07041213661432266},{""bbox"":[197.19601440429688,195.9200439453125,205.30320739746094,205.20611572265625],""confidence"":0.028908638283610344},{""bbox"":[195.26657104492188,198.17333984375,205.580078125,208.5829315185547],""confidence"":0.010603373870253563},{""bbox"":[199.119384765625,197.67581176757812,207.91500854492188,207.29685974121094],""confidence"":0.010241958312690258},{""bbox"":[193.54165649414062,140.40216064453125,204.945556640625,151.87469482421875],""confidence"":0.007690529339015484},{""bbox"":[193.89332580566406,166.0695037841797,204.09793090820312,177.46893310546875],""confidence"":0.0055919610895216465},{""bbox"":[191.21189880371094,140.56422424316406,202.93922424316406,151.17535400390625],""confidence"":0.0024047030601650476},{""bbox"":[4.197180271148682,0.0,11.716503143310547,0.0],""confidence"":0.0015753861516714096},{""bbox"":[336.2991943359375,0.0,342.1191101074219,0.0],""confidence"":0.0011742085916921496}]",12,0.001
002_20200714_225756(0),2,352,332,"[[188.0,146.0,195.99999999999997,156.0],[194.0,168.00000000000003,202.0,178.0],[203.0,198.00000000000003,212.0,208.0]]","[{""bbox"":[187.263427734375,145.75025939941406,195.97520446777344,154.62522888183594],""confidence"":0.5605841279029846},{""bbox"":[203.0759735107422,198.76483154296875,211.20657348632812,207.2610321044922],""confidence"":0.5276771187782288},{""bbox"":[193.30821228027344,168.84243774414062,201.79873657226562,177.73878479003906],""confidence"":0.5200904607772827},{""bbox"":[191.1253662109375,169.4803924560547,201.33326721191406,179.0198516845703],""confidence"":0.019279720261693},{""bbox"":[203.03741455078125,197.6442108154297,213.62725830078125,207.86465454101562],""confidence"":0.009046762250363827},{""bbox"":[193.2602996826172,170.81541442871094,201.2030792236328,180.05319213867188],""confidence"":0.008269286714494228},{""bbox"":[190.304443359375,145.2556610107422,198.99168395996094,154.82089233398438],""confidence"":0.003246099455282092},{""bbox"":[187.95880126953125,143.12913513183594,195.7052001953125,152.2912139892578],""confidence"":0.0028483476489782333},{""bbox"":[192.4011993408203,170.26513671875,202.97218322753906,181.90859985351562],""confidence"":0.0016516525065526366},{""bbox"":[4.19717264175415,0.0,11.71646499633789,0.0],""confidence"":0.0015752631006762385},{""bbox"":[192.9459991455078,167.3394775390625,204.8094024658203,178.01768493652344],""confidence"":0.0015161964111030102},{""bbox"":[200.01193237304688,199.16159057617188,210.5615997314453,208.5661163330078],""confidence"":0.0013713299995288253},{""bbox"":[191.03196716308594,167.72158813476562,200.3659210205078,177.14991760253906],""confidence"":0.0012152033159509301},{""bbox"":[336.2916564941406,0.0,342.1106262207031,0.0],""confidence"":0.0011219163425266743}]",14,0.001
002_20200714_225759(8),2,352,332,"[[199.0,139.0,208.0,149.0],[201.0,162.0,210.00000000000003,171.0],[205.0,196.0,214.00000000000003,205.99999999999997]]","[{""bbox"":[199.7917938232422,139.46524047851562,208.27432250976562,148.17840576171875],""confidence"":0.5990976095199585},{""bbox"":[205.11351013183594,195.6798095703125,213.8448486328125,204.53990173339844],""confidence"":0.5546911954879761},{""bbox"":[200.98538208007812,163.38671875,209.96987915039062,172.69342041015625],""confidence"":0.5465797185897827},{""bbox"":[199.72113037109375,164.35684204101562,209.1623077392578,173.61962890625],""confidence"":0.05346468463540077},{""bbox"":[197.4964141845703,138.77476501464844,206.64047241210938,147.9947052001953],""confidence"":0.044006530195474625},{""bbox"":[204.9749298095703,196.7628936767578,214.36085510253906,206.48837280273438],""confidence"":0.026240285485982895},{""bbox"":[203.9500732421875,194.26708984375,213.1570281982422,204.41549682617188],""confidence"":0.020914560183882713},{""bbox"":[197.5457000732422,163.79840087890625,206.6171112060547,172.7814483642578],""confidence"":0.007408868055790663},{""bbox"":[198.56463623046875,139.34107971191406,208.90013122558594,151.08604431152344],""confidence"":0.00572133157402277},{""bbox"":[199.24989318847656,137.19638061523438,209.4046173095703,149.2620086669922],""confidence"":0.0035822303034365177},{""bbox"":[201.07763671875,160.99331665039062,207.79771423339844,169.86984252929688],""confidence"":0.0027769925072789192},{""bbox"":[4.197211742401123,0.0,11.716544151306152,0.0],""confidence"":0.0015751702012494206},{""bbox"":[204.55787658691406,195.8258819580078,215.470458984375,208.19198608398438],""confidence"":0.0013711523497477174},{""bbox"":[336.29833984375,0.0,342.1156311035156,0.0],""confidence"":0.001146420487202704}]",14,0.001
002_20200714_225803(3),2,352,332,"[[192.99999999999997,147.0,202.0,156.0],[195.0,171.0,203.0,179.0],[197.0,202.0,203.99999999999997,214.0]]","[{""bbox"":[194.44358825683594,147.4873809814453,202.906494140625,156.13990783691406],""confidence"":0.6043809652328491},{""bbox"":[194.44105529785156,171.06399536132812,203.7333221435547,180.4027862548828],""confidence"":0.5673525333404541},{""bbox"":[196.45338439941406,203.67408752441406,205.44366455078125,212.81857299804688],""confidence"":0.5445525646209717},{""bbox"":[195.2144775390625,202.80117797851562,204.3608856201172,212.28395080566406],""confidence"":0.05979180335998535},{""bbox"":[194.63775634765625,146.91331481933594,204.87979125976562,156.9905548095703],""confidence"":0.05392938479781151},{""bbox"":[195.81724548339844,169.6824493408203,202.51258850097656,178.78846740722656],""confidence"":0.017126085236668587},{""bbox"":[194.87693786621094,170.9330291748047,205.2739715576172,182.02708435058594],""confidence"":0.007790872361510992},{""bbox"":[194.6519012451172,167.9503631591797,203.4559326171875,178.23594665527344],""confidence"":0.002550523029640317},{""bbox"":[196.2665252685547,205.69821166992188,205.35018920898438,215.2346649169922],""confidence"":0.0023440096992999315},{""bbox"":[193.33770751953125,147.94631958007812,203.97686767578125,159.8346710205078],""confidence"":0.002105523832142353},{""bbox"":[4.197208881378174,0.0,11.716527938842773,0.0],""confidence"":0.0015751236351206899},{""bbox"":[198.68154907226562,203.61685180664062,207.3241729736328,213.18397521972656],""confidence"":0.0013136250199750066},{""bbox"":[336.2993469238281,0.0,342.1212158203125,0.0],""confidence"":0.0011905364226549864}]",13,0.001
002_20200714_225807(3),2,352,332,"[[206.99999999999997,140.0,216.0,149.0],[211.00000000000003,162.0,221.0,171.0],[216.0,186.00000000000003,225.00000000000003,196.0]]","[{""bbox"":[207.97384643554688,140.41502380371094,216.4525146484375,148.92613220214844],""confidence"":0.5849659442901611},{""bbox"":[216.8188934326172,187.8206024169922,225.1023712158203,196.10020446777344],""confidence"":0.5516110062599182},{""bbox"":[211.3682403564453,162.3077392578125,219.75083923339844,171.02273559570312],""confidence"":0.5408234596252441},{""bbox"":[212.1150665283203,163.49392700195312,218.85215759277344,171.69622802734375],""confidence"":0.2380940318107605},{""bbox"":[206.1846160888672,139.73501586914062,215.06317138671875,148.44349670410156],""confidence"":0.08174260705709457},{""bbox"":[215.10134887695312,186.86331176757812,223.47174072265625,195.88584899902344],""confidence"":0.05444996803998947},{""bbox"":[217.6605682373047,187.15081787109375,226.89297485351562,196.22206115722656],""confidence"":0.044506680220365524},{""bbox"":[210.80162048339844,162.60452270507812,220.5127716064453,173.25881958007812],""confidence"":0.03734844923019409},{""bbox"":[207.22393798828125,140.41015625,216.91064453125,151.10679626464844],""confidence"":0.029747815802693367},{""bbox"":[214.8054962158203,188.5347137451172,223.8401336669922,197.84950256347656],""confidence"":0.028056733310222626},{""bbox"":[216.40423583984375,185.55825805664062,225.96990966796875,196.67742919921875],""confidence"":0.013773998245596886},{""bbox"":[217.65773010253906,188.68678283691406,225.83116149902344,197.82228088378906],""confidence"":0.013121857307851315},{""bbox"":[211.55899047851562,160.65663146972656,217.27227783203125,169.02935791015625],""confidence"":0.005377013701945543},{""bbox"":[215.7791290283203,188.3644561767578,225.77322387695312,199.467041015625],""confidence"":0.005286180879920721},{""bbox"":[4.19720983505249,0.0,11.716537475585938,0.0],""confidence"":0.001575149828568101},{""bbox"":[336.29791259765625,0.0,342.114990234375,0.0],""confidence"":0.0011410986771807075}]",16,0.001
002_20200714_225810(5),2,352,332,"[[201.0,146.0,212.0,156.0],[202.0,169.0,210.0,177.00000000000003],[202.0,195.0,210.0,203.00000000000003]]","[{""bbox"":[202.00169372558594,146.70648193359375,210.9569549560547,155.8976287841797],""confidence"":0.5872544646263123},{""bbox"":[201.1003875732422,195.23130798339844,209.90760803222656,204.25018310546875],""confidence"":0.5573934316635132},{""bbox"":[201.02491760253906,169.04983520507812,209.75242614746094,177.99069213867188],""confidence"":0.537971556186676},{""bbox"":[201.24815368652344,171.01853942871094,209.1018524169922,180.14053344726562],""confidence"":0.026013139635324478},{""bbox"":[199.59829711914062,167.69749450683594,208.91082763671875,177.4823455810547],""confidence"":0.014072172343730927},{""bbox"":[199.48687744140625,193.98486328125,208.48709106445312,203.39710998535156],""confidence"":0.010076436214148998},{""bbox"":[201.78079223632812,197.52066040039062,209.34178161621094,206.5104522705078],""confidence"":0.0084792235866189},{""bbox"":[202.3430938720703,146.16590881347656,213.68630981445312,156.95643615722656],""confidence"":0.007088808808475733},{""bbox"":[197.60400390625,195.01319885253906,206.12767028808594,203.61061096191406],""confidence"":0.0017219949513673782},{""bbox"":[4.1971611976623535,0.0,11.71646785736084,0.0],""confidence"":0.0015754280611872673},{""bbox"":[200.4272918701172,169.83609008789062,210.95745849609375,181.76528930664062],""confidence"":0.0013988499995321035},{""bbox"":[199.62620544433594,144.9591827392578,209.59556579589844,154.6595458984375],""confidence"":0.0012853647349402308},{""bbox"":[336.2987060546875,0.0,342.1219177246094,0.0],""confidence"":0.0011977695394307375}]",13,0.001
002_20200714_225817(4),2,352,332,"[[201.0,99.0,210.00000000000003,109.00000000000001],[201.0,122.0,210.00000000000003,130.0],[202.0,147.0,210.0,156.0]]","[{""bbox"":[201.13226318359375,98.31356811523438,210.39230346679688,107.8751220703125],""confidence"":0.5715242028236389},{""bbox"":[202.15101623535156,147.123291015625,210.73220825195312,156.1473846435547],""confidence"":0.5602080225944519},{""bbox"":[200.84335327148438,120.9197998046875,209.5236358642578,129.78004455566406],""confidence"":0.5528470277786255},{""bbox"":[199.6350860595703,119.44249725341797,208.85476684570312,129.43263244628906],""confidence"":0.022664282470941544},{""bbox"":[200.81350708007812,100.52120971679688,209.39544677734375,109.82054901123047],""confidence"":0.012237222865223885},{""bbox"":[199.48768615722656,97.03308868408203,209.51881408691406,107.3642807006836],""confidence"":0.011939899995923042},{""bbox"":[197.58175659179688,121.07466125488281,206.69810485839844,130.00137329101562],""confidence"":0.006378413178026676},{""bbox"":[199.90879821777344,147.38912963867188,210.2271728515625,156.88751220703125],""confidence"":0.005719929467886686},{""bbox"":[200.15280151367188,121.25594329833984,210.8056182861328,133.35157775878906],""confidence"":0.002598176011815667},{""bbox"":[197.6707000732422,98.28253936767578,206.48374938964844,107.36022186279297],""confidence"":0.002475482877343893},{""bbox"":[202.8386993408203,146.90538024902344,213.68333435058594,157.2584991455078],""confidence"":0.002183758420869708},{""bbox"":[4.197049140930176,0.0,11.716124534606934,0.0],""confidence"":0.0015748686855658889},{""bbox"":[200.06857299804688,99.12608337402344,211.31402587890625,111.41648864746094],""confidence"":0.0013225047150626779},{""bbox"":[201.73123168945312,148.59707641601562,211.88917541503906,159.8084259033203],""confidence"":0.0012849064078181982},{""bbox"":[199.00559997558594,122.3630142211914,209.26788330078125,133.53236389160156],""confidence"":0.0011947436723858118},{""bbox"":[336.2988586425781,0.0,342.1108093261719,0.0],""confidence"":0.0010985531844198704}]",16,0.001
002_20200715_002509(0),2,352,332,"[[207.99999999999997,129.0,217.0,137.0],[210.00000000000003,151.0,217.0,158.0],[212.0,178.0,221.99999999999997,184.0]]","[{""bbox"":[212.410888671875,176.77281188964844,220.81658935546875,185.572509765625],""confidence"":0.5790284872055054},{""bbox"":[207.82798767089844,128.95791625976562,216.81396484375,138.05210876464844],""confidence"":0.5679314732551575},{""bbox"":[209.23516845703125,151.32675170898438,218.0688934326172,160.236328125],""confidence"":0.5491542816162109},{""bbox"":[206.2522735595703,128.2479705810547,215.46893310546875,137.8411102294922],""confidence"":0.10187961906194687},{""bbox"":[213.1328887939453,176.9103546142578,222.53289794921875,186.38990783691406],""confidence"":0.025045165792107582},{""bbox"":[209.5312957763672,153.2159881591797,217.71812438964844,162.46856689453125],""confidence"":0.008083374239504337},{""bbox"":[206.53506469726562,151.4540252685547,215.29055786132812,160.5950927734375],""confidence"":0.006770087871700525},{""bbox"":[4.197176933288574,0.0,11.716499328613281,0.0],""confidence"":0.001575402682647109},{""bbox"":[336.2967834472656,0.0,342.11517333984375,0.0],""confidence"":0.001144373556599021}]",9,0.001
002_20200715_002513(4),2,352,332,"[[205.0,138.0,211.99999999999997,147.0],[207.99999999999997,160.0,217.0,169.0],[212.0,184.99999999999997,220.0,193.0]]","[{""bbox"":[212.34165954589844,185.07809448242188,220.73184204101562,193.82958984375],""confidence"":0.5801768898963928},{""bbox"":[204.6550750732422,137.31369018554688,213.9960174560547,146.80447387695312],""confidence"":0.5380904078483582},{""bbox"":[208.0709686279297,159.5830078125,216.86700439453125,168.62289428710938],""confidence"":0.5148900747299194},{""bbox"":[206.46202087402344,159.69680786132812,215.20599365234375,168.70164489746094],""confidence"":0.11543821543455124},{""bbox"":[213.14801025390625,185.40011596679688,222.54835510253906,195.044921875],""confidence"":0.005683640483766794},{""bbox"":[207.6617889404297,136.6733856201172,216.55792236328125,146.71307373046875],""confidence"":0.003929882310330868},{""bbox"":[4.197173595428467,0.0,11.716485023498535,0.0],""confidence"":0.0015753800980746746},{""bbox"":[336.2968444824219,0.0,342.1150817871094,0.0],""confidence"":0.0011440787930041552}]",8,0.001
002_20200831_163149(1),2,316,332,"[[253.00000000000003,120.0,260.0,129.0]]","[{""bbox"":[251.2787628173828,119.45272827148438,260.9126892089844,129.17469787597656],""confidence"":0.653453528881073},{""bbox"":[250.41629028320312,121.27146911621094,260.1649475097656,131.14137268066406],""confidence"":0.020917724817991257},{""bbox"":[251.640380859375,117.8826675415039,262.06292724609375,129.9285430908203],""confidence"":0.018610049039125443},{""bbox"":[251.9550018310547,119.34896850585938,259.2095642089844,128.1171875],""confidence"":0.01793341152369976},{""bbox"":[254.93446350097656,121.0979232788086,262.9503173828125,129.86773681640625],""confidence"":0.0021768109872937202}]",5,0.001
002_20200831_163150(6),2,316,332,"[[241.00000000000003,137.0,251.0,148.0]]","[{""bbox"":[240.798583984375,137.09469604492188,251.06781005859375,147.47653198242188],""confidence"":0.6457966566085815},{""bbox"":[238.44264221191406,137.42698669433594,251.0361328125,149.49476623535156],""confidence"":0.004071533214300871},{""bbox"":[241.00144958496094,134.56683349609375,251.77842712402344,146.5238494873047],""confidence"":0.0037347867619246244},{""bbox"":[242.310546875,136.19944763183594,249.05856323242188,144.9002227783203],""confidence"":0.0018899946007877588}]",4,0.001
002_20200901_083452(2),2,316,332,"[[242.0,170.0,252.99999999999997,180.0]]","[{""bbox"":[242.61927795410156,170.5335235595703,252.851806640625,180.7483673095703],""confidence"":0.6196308732032776},{""bbox"":[244.06100463867188,169.38662719726562,251.5321044921875,178.16883850097656],""confidence"":0.006936174351722002},{""bbox"":[246.07192993164062,170.95640563964844,254.63162231445312,180.52333068847656],""confidence"":0.002922194777056575},{""bbox"":[242.87960815429688,167.7578125,253.3177947998047,179.92747497558594],""confidence"":0.001265142229385674}]",4,0.001
002_20200901_083456(7),2,316,332,"[[237.0,180.00000000000003,248.0,189.0]]","[{""bbox"":[237.1593017578125,179.46023559570312,247.49542236328125,189.7906494140625],""confidence"":0.6106384992599487},{""bbox"":[238.74606323242188,177.7688446044922,246.1395263671875,186.3590087890625],""confidence"":0.002354835392907262},{""bbox"":[237.73101806640625,176.07107543945312,247.18946838378906,187.26580810546875],""confidence"":0.0017066379077732563},{""bbox"":[237.37701416015625,181.74850463867188,247.67596435546875,193.2506103515625],""confidence"":0.0013713064836338162},{""bbox"":[234.47171020507812,178.28355407714844,246.7333526611328,190.04794311523438],""confidence"":0.0013180230744183064}]",5,0.001
002_20200901_083501(2),2,316,332,"[[242.0,182.00000000000003,253.99999999999997,192.0]]","[{""bbox"":[242.9728240966797,182.31443786621094,253.29039001464844,192.7722625732422],""confidence"":0.6378196477890015},{""bbox"":[245.84129333496094,182.293701171875,254.29156494140625,192.50164794921875],""confidence"":0.003718636929988861},{""bbox"":[244.19439697265625,182.97364807128906,256.0057067871094,193.5231170654297],""confidence"":0.002206843812018633},{""bbox"":[242.11151123046875,179.97279357910156,252.42202758789062,191.52188110351562],""confidence"":0.0013528255512937903}]",4,0.001
002_20200901_083505(8),2,316,332,"[[236.0,187.0,246.99999999999997,196.99999999999997]]","[{""bbox"":[237.02593994140625,187.27798461914062,246.92730712890625,197.23277282714844],""confidence"":0.6537942886352539},{""bbox"":[237.87725830078125,187.98550415039062,248.1185302734375,198.451416015625],""confidence"":0.074469193816185},{""bbox"":[236.39524841308594,187.9504852294922,244.98825073242188,196.84725952148438],""confidence"":0.026338528841733932},{""bbox"":[239.350341796875,185.8723907470703,246.3730926513672,194.33665466308594],""confidence"":0.0016855401918292046},{""bbox"":[234.48626708984375,186.30445861816406,246.57310485839844,197.96766662597656],""confidence"":0.0010303966701030731}]",5,0.001
002_20200901_083510(2),2,316,332,"[[241.00000000000003,150.0,252.0,161.0]]","[{""bbox"":[242.94699096679688,149.77389526367188,253.30970764160156,160.1260986328125],""confidence"":0.6402440667152405},{""bbox"":[143.98883056640625,148.4984588623047,150.33984375,155.29336547851562],""confidence"":0.00676596537232399},{""bbox"":[245.86451721191406,150.288818359375,254.21511840820312,159.987060546875],""confidence"":0.005740043241530657},{""bbox"":[143.49842834472656,145.00135803222656,154.76756286621094,156.1184539794922],""confidence"":0.0029629571363329887},{""bbox"":[244.4564666748047,149.9921112060547,256.1019287109375,162.32470703125],""confidence"":0.0016459469916298985},{""bbox"":[141.43846130371094,144.5607452392578,151.8666534423828,155.3282928466797],""confidence"":0.0012810900807380676}]",6,0.001
002_20200901_083514(7),2,316,332,"[[246.0,168.00000000000003,256.0,178.0]]","[{""bbox"":[245.85736083984375,168.40162658691406,255.27740478515625,177.9171905517578],""confidence"":0.6279202699661255},{""bbox"":[247.2459259033203,170.69403076171875,254.9560546875,179.2870635986328],""confidence"":0.026601454243063927},{""bbox"":[244.91226196289062,168.16342163085938,253.24313354492188,177.01112365722656],""confidence"":0.018145481124520302},{""bbox"":[245.79861450195312,169.3095245361328,256.0552062988281,180.8582305908203],""confidence"":0.005022703669965267}]",4,0.001
002_20200901_191340(2),2,316,332,"[[243.0,150.0,252.99999999999997,159.0]]","[{""bbox"":[243.37591552734375,148.88751220703125,253.4951629638672,159.3091278076172],""confidence"":0.6380529403686523},{""bbox"":[242.59649658203125,150.30970764160156,252.65139770507812,160.45986938476562],""confidence"":0.044802457094192505},{""bbox"":[245.9467010498047,149.1511688232422,254.32351684570312,159.0533905029297],""confidence"":0.017772546038031578},{""bbox"":[244.02003479003906,149.07891845703125,256.06475830078125,160.01040649414062],""confidence"":0.004644501488655806},{""bbox"":[143.608642578125,142.84783935546875,155.3595428466797,154.68138122558594],""confidence"":0.0029690302908420563}]",5,0.001
002_20200901_191343(2),2,316,332,"[[245.0,172.0,253.99999999999997,183.0]]","[{""bbox"":[245.11895751953125,173.3140106201172,254.4582977294922,182.8448944091797],""confidence"":0.6442224979400635},{""bbox"":[246.0530242919922,171.78770446777344,256.3060607910156,182.94837951660156],""confidence"":0.003529042936861515},{""bbox"":[242.7820281982422,172.2241973876953,254.5714569091797,183.43597412109375],""confidence"":0.002964263316243887},{""bbox"":[246.3022003173828,174.661865234375,256.34075927734375,185.30029296875],""confidence"":0.001687368261627853}]",4,0.001
002_20200901_191346(1),2,316,332,"[[246.0,159.0,256.0,169.0]]","[{""bbox"":[246.87484741210938,159.26612854003906,256.7364807128906,169.18582153320312],""confidence"":0.6066136360168457},{""bbox"":[247.61302185058594,162.00140380859375,255.6644744873047,170.8705596923828],""confidence"":0.0045171137899160385},{""bbox"":[145.5386199951172,158.05694580078125,155.52386474609375,168.14111328125],""confidence"":0.002291377168148756},{""bbox"":[244.7339324951172,159.85507202148438,253.1416473388672,169.13742065429688],""confidence"":0.0017312238924205303},{""bbox"":[148.06556701660156,158.2866668701172,158.73023986816406,168.80970764160156],""confidence"":0.001265553291887045}]",5,0.001
002_20200901_191348(8),2,316,332,"[[242.0,138.0,251.99999999999997,148.00000000000003]]","[{""bbox"":[241.95956420898438,137.1619110107422,252.31497192382812,147.4608612060547],""confidence"":0.6251194477081299},{""bbox"":[243.70411682128906,136.1646270751953,250.89842224121094,144.90504455566406],""confidence"":0.0042128125205636024},{""bbox"":[242.51583862304688,134.59970092773438,252.72601318359375,146.53671264648438],""confidence"":0.0027023518923670053}]",3,0.001
002_20200901_191351(5),2,316,332,"[[236.0,178.0,248.0,189.0]]","[{""bbox"":[237.1599884033203,178.83566284179688,247.2216033935547,188.91456604003906],""confidence"":0.6286587715148926},{""bbox"":[238.68722534179688,177.79725646972656,246.1390380859375,186.404052734375],""confidence"":0.008572831749916077},{""bbox"":[234.5335693359375,178.57156372070312,246.7401580810547,190.12701416015625],""confidence"":0.003694655140861869},{""bbox"":[136.14340209960938,183.27157592773438,142.2720947265625,189.35549926757812],""confidence"":0.001898525981232524},{""bbox"":[237.39395141601562,176.0851593017578,248.03028869628906,188.1986846923828],""confidence"":0.0016396654536947608}]",5,0.001
002_20200905_003315(2),2,316,332,"[[246.0,168.0,256.0,180.0]]","[{""bbox"":[245.4973602294922,169.13507080078125,254.94857788085938,178.7916259765625],""confidence"":0.6165244579315186},{""bbox"":[246.87930297851562,170.71449279785156,254.8965301513672,179.49879455566406],""confidence"":0.08665433526039124},{""bbox"":[244.74684143066406,169.75588989257812,255.20213317871094,180.93402099609375],""confidence"":0.04704795777797699},{""bbox"":[244.36688232421875,170.47872924804688,253.1546630859375,179.64743041992188],""confidence"":0.010922609828412533},{""bbox"":[244.705078125,168.94215393066406,252.69688415527344,177.74609375],""confidence"":0.005449409130960703},{""bbox"":[242.69056701660156,169.021484375,254.61231994628906,179.96737670898438],""confidence"":0.0019381699385121465}]",6,0.001
002_20200905_003319(2),2,316,332,"[[246.0,162.0,256.0,171.0]]","[{""bbox"":[246.13673400878906,161.17584228515625,256.2562255859375,171.21168518066406],""confidence"":0.6477425694465637},{""bbox"":[247.44383239746094,162.48876953125,255.51596069335938,171.3995361328125],""confidence"":0.23667584359645844},{""bbox"":[247.71656799316406,161.02154541015625,254.79954528808594,169.57139587402344],""confidence"":0.00970447063446045},{""bbox"":[244.31614685058594,162.57945251464844,252.96726989746094,171.59197998046875],""confidence"":0.005289293359965086}]",4,0.001
002_20200905_003323(3),2,316,332,"[[245.0,161.0,255.0,171.0]]","[{""bbox"":[244.5379638671875,161.46360778808594,254.4140625,171.75131225585938],""confidence"":0.6251205801963806},{""bbox"":[246.6234130859375,162.66468811035156,254.79026794433594,171.613037109375],""confidence"":0.1133197546005249},{""bbox"":[246.77789306640625,161.05596923828125,254.28717041015625,169.59027099609375],""confidence"":0.0056806872598826885},{""bbox"":[245.20675659179688,161.8841552734375,256.1253356933594,173.18356323242188],""confidence"":0.0022834199480712414},{""bbox"":[244.60252380371094,160.91656494140625,252.27944946289062,169.58201599121094],""confidence"":0.001499598496593535},{""bbox"":[242.42686462402344,162.53665161132812,253.8511505126953,173.20863342285156],""confidence"":0.0013649091124534607}]",6,0.001
002_20200905_003327(3),2,316,332,"[[242.0,162.0,251.99999999999997,172.99999999999997]]","[{""bbox"":[242.28843688964844,162.5560302734375,252.2960968017578,172.56817626953125],""confidence"":0.6058202385902405},{""bbox"":[243.8179473876953,161.0532684326172,251.13394165039062,169.81410217285156],""confidence"":0.0036242175847291946},{""bbox"":[242.38453674316406,159.40594482421875,252.84400939941406,171.4041290283203],""confidence"":0.0018713839817792177}]",3,0.001
002_20200905_003331(2),2,316,332,"[[247.00000000000003,164.0,256.0,172.99999999999997]]","[{""bbox"":[246.72108459472656,163.4187774658203,257.27752685546875,174.07931518554688],""confidence"":0.5978174805641174},{""bbox"":[246.43759155273438,165.24118041992188,256.65106201171875,176.62005615234375],""confidence"":0.006039244122803211},{""bbox"":[243.8092498779297,163.52395629882812,253.02188110351562,173.9327392578125],""confidence"":0.0010792150860652328}]",3,0.001
002_20200905_003335(3),2,316,332,"[[245.0,165.99999999999997,253.99999999999997,175.99999999999997]]","[{""bbox"":[243.84738159179688,166.1240234375,254.11631774902344,176.5824737548828],""confidence"":0.6101744771003723},{""bbox"":[244.5431671142578,163.62538146972656,254.35284423828125,175.2602081298828],""confidence"":0.005967321805655956},{""bbox"":[244.55227661132812,166.07534790039062,256.11676025390625,178.2269744873047],""confidence"":0.00164508365560323}]",3,0.001
002_20200905_163922(9),2,316,332,"[[245.0,153.0,257.0,163.0]]","[{""bbox"":[246.76087951660156,154.36920166015625,257.1807556152344,164.7034912109375],""confidence"":0.6325581669807434},{""bbox"":[247.5092010498047,152.94151306152344,254.7716064453125,161.5804901123047],""confidence"":0.004044176544994116},{""bbox"":[244.639404296875,154.20346069335938,253.68258666992188,164.45480346679688],""confidence"":0.0019366624765098095}]",3,0.001
002_20200905_163926(4),2,316,332,"[[242.00000000000003,138.0,251.0,148.00000000000003]]","[{""bbox"":[241.930908203125,137.71633911132812,252.09844970703125,147.86572265625],""confidence"":0.6148144006729126},{""bbox"":[243.7482147216797,136.1947021484375,250.96974182128906,144.9315643310547],""confidence"":0.003360720118507743},{""bbox"":[143.63278198242188,140.2174072265625,149.5585479736328,146.7992706298828],""confidence"":0.002531131962314248}]",3,0.001
002_20200905_163929(7),2,316,332,"[[242.00000000000003,127.99999999999999,251.0,138.0]]","[{""bbox"":[241.47998046875,128.87171936035156,251.48245239257812,139.01571655273438],""confidence"":0.6252351999282837},{""bbox"":[243.42820739746094,127.8704605102539,250.44476318359375,136.58837890625],""confidence"":0.005304045509546995},{""bbox"":[241.8199462890625,126.30149841308594,252.15345764160156,138.28492736816406],""confidence"":0.0024678197223693132},{""bbox"":[238.69342041015625,128.76210021972656,250.92596435546875,140.4093017578125],""confidence"":0.0022740112617611885},{""bbox"":[166.99832153320312,132.46376037597656,174.90028381347656,141.43162536621094],""confidence"":0.0014016370987519622}]",5,0.001
002_20200905_163932(9),2,316,332,"[[247.00000000000003,148.0,257.0,160.0]]","[{""bbox"":[247.05728149414062,149.00701904296875,256.657958984375,158.8232879638672],""confidence"":0.6421380043029785},{""bbox"":[246.3177490234375,150.20138549804688,255.75289916992188,160.32765197753906],""confidence"":0.061036475002765656}]",2,0.001
002_20200905_163936(2),2,316,332,"[[239.0,148.0,250.0,158.0]]","[{""bbox"":[239.7860107421875,147.71881103515625,249.42474365234375,157.76573181152344],""confidence"":0.6103806495666504},{""bbox"":[143.29971313476562,155.3323516845703,150.41549682617188,163.3274383544922],""confidence"":0.03854609653353691},{""bbox"":[240.06626892089844,147.08518981933594,251.91534423828125,158.18435668945312],""confidence"":0.01358901895582676},{""bbox"":[239.63760375976562,149.18545532226562,249.44430541992188,160.03871154785156],""confidence"":0.013406055979430676},{""bbox"":[140.25088500976562,153.27415466308594,151.51589965820312,164.41201782226562],""confidence"":0.003707872936502099},{""bbox"":[238.3976593017578,150.53671264648438,248.18524169921875,160.22764587402344],""confidence"":0.0026361572090536356},{""bbox"":[142.7316131591797,153.26181030273438,154.3853759765625,164.5002899169922],""confidence"":0.0010681790299713612}]",7,0.001
002_20200905_163939(7),2,316,332,"[[249.0,126.0,259.0,135.0]]","[{""bbox"":[250.43545532226562,126.00606536865234,260.5658264160156,136.18321228027344],""confidence"":0.5925843715667725},{""bbox"":[251.02272033691406,128.56756591796875,259.8055725097656,137.7246856689453],""confidence"":0.010721437633037567},{""bbox"":[148.6597137451172,120.0338134765625,159.59930419921875,130.93666076660156],""confidence"":0.0014303901698440313},{""bbox"":[152.10374450683594,123.7290267944336,158.181640625,130.34625244140625],""confidence"":0.0010139680234715343}]",4,0.001
002_20200905_203836(3),2,316,332,"[[250.0,132.0,260.0,141.0]]","[{""bbox"":[251.5069580078125,132.96986389160156,260.13739013671875,141.74014282226562],""confidence"":0.5872703790664673},{""bbox"":[250.77847290039062,134.1815643310547,259.5113525390625,143.55345153808594],""confidence"":0.021769322454929352},{""bbox"":[251.7402801513672,130.40911865234375,261.83416748046875,142.1498565673828],""confidence"":0.002259262604638934},{""bbox"":[254.4371337890625,132.40399169921875,262.6332702636719,141.6955108642578],""confidence"":0.0013212281046435237}]",4,0.001
002_20200905_203840(3),2,316,332,"[[247.00000000000003,132.0,256.0,141.0]]","[{""bbox"":[247.1101837158203,131.6514434814453,255.93722534179688,140.51394653320312],""confidence"":0.5356094241142273},{""bbox"":[246.941162109375,130.02737426757812,256.9723815917969,141.2096405029297],""confidence"":0.12009252607822418},{""bbox"":[244.7413330078125,131.7881317138672,253.27410888671875,140.4880828857422],""confidence"":0.010718894191086292},{""bbox"":[246.15151977539062,132.80224609375,255.79696655273438,143.6416015625],""confidence"":0.006718147546052933}]",4,0.001
002_20200905_203844(2),2,316,332,"[[243.0,188.00000000000003,253.99999999999997,196.99999999999997]]","[{""bbox"":[244.36012268066406,188.11526489257812,253.76309204101562,197.87158203125],""confidence"":0.5378543138504028},{""bbox"":[242.8368682861328,188.88746643066406,253.86865234375,199.57858276367188],""confidence"":0.022765131667256355},{""bbox"":[244.43441772460938,187.2735595703125,256.0563659667969,198.46278381347656],""confidence"":0.010209660977125168},{""bbox"":[243.9822998046875,190.61337280273438,253.82252502441406,201.544921875],""confidence"":0.0017323335632681847},{""bbox"":[245.52967834472656,184.3881072998047,254.64364624023438,194.83644104003906],""confidence"":0.0011375118046998978}]",5,0.001
002_20200905_203848(4),2,316,332,"[[242.00000000000003,156.0,251.0,166.0]]","[{""bbox"":[242.12637329101562,155.5350799560547,251.4619598388672,165.07717895507812],""confidence"":0.5477421283721924},{""bbox"":[243.15538024902344,154.38461303710938,252.62838745117188,164.21568298339844],""confidence"":0.2068154215812683},{""bbox"":[245.5109405517578,151.2104949951172,253.9451904296875,160.5708465576172],""confidence"":0.003635651431977749}]",3,0.001
002_20200905_203856(3),2,316,332,"[[239.0,235.0,251.0,245.0]]","[{""bbox"":[241.11070251464844,234.31103515625,250.48716735839844,243.8118438720703],""confidence"":0.5802892446517944},{""bbox"":[242.2640380859375,236.79901123046875,250.15350341796875,245.62513732910156],""confidence"":0.013806702569127083}]",2,0.001
002_20200905_203900(3),2,316,332,"[[246.0,233.00000000000003,255.0,243.0]]","[{""bbox"":[246.41102600097656,232.71417236328125,255.86219787597656,242.5692901611328],""confidence"":0.5766339898109436},{""bbox"":[244.8815460205078,232.8546905517578,253.497314453125,241.93870544433594],""confidence"":0.01985854282975197},{""bbox"":[247.17123413085938,230.0560302734375,257.1781311035156,241.9766387939453],""confidence"":0.0020425363909453154}]",3,0.001
002_20200906_003059(0),2,316,332,"[[243.0,155.0,250.99999999999997,165.0]]","[{""bbox"":[243.61354064941406,155.74075317382812,252.89903259277344,165.37606811523438],""confidence"":0.5646112561225891},{""bbox"":[246.23843383789062,155.40919494628906,254.55458068847656,164.8887939453125],""confidence"":0.006954229902476072},{""bbox"":[244.12069702148438,154.77711486816406,256.0252685546875,166.0967254638672],""confidence"":0.002939040306955576},{""bbox"":[243.35580444335938,157.21044921875,253.2770233154297,168.3353729248047],""confidence"":0.0013051634887233377}]",4,0.001
