stem,fold_id,width,height,gt_boxes_json,prediction_boxes_json,prediction_count_at_floor,confidence_floor
001_20200623_123214(3),3,576,444,"[[351.0,202.0,364.0,211.0],[358.0,232.0,368.00000000000006,242.0],[366.00000000000006,267.0,378.0,282.0]]","[{""bbox"":[348.89996337890625,199.7644500732422,362.8924560546875,214.44180297851562],""confidence"":0.533182680606842},{""bbox"":[362.80108642578125,267.8404235839844,376.4464416503906,282.075439453125],""confidence"":0.5246418118476868},{""bbox"":[355.2484130859375,230.83419799804688,369.4405822753906,245.47853088378906],""confidence"":0.5151481628417969},{""bbox"":[502.1093444824219,230.68865966796875,514.1353149414062,243.2766876220703],""confidence"":0.21642592549324036},{""bbox"":[357.706298828125,229.52207946777344,372.0700378417969,244.536376953125],""confidence"":0.11466406285762787},{""bbox"":[364.1600646972656,266.1028137207031,379.0697326660156,281.0744323730469],""confidence"":0.10143227130174637},{""bbox"":[503.50164794921875,230.10910034179688,515.9601440429688,242.47833251953125],""confidence"":0.06213084235787392},{""bbox"":[498.4393615722656,232.22117614746094,511.48388671875,245.50914001464844],""confidence"":0.04246063530445099},{""bbox"":[361.7862243652344,269.6233215332031,376.090087890625,284.499267578125],""confidence"":0.039950497448444366},{""bbox"":[354.14306640625,232.1360321044922,369.51885986328125,248.56739807128906],""confidence"":0.025038858875632286},{""bbox"":[347.2841491699219,199.9329833984375,365.9938659667969,220.27835083007812],""confidence"":0.014551050961017609},{""bbox"":[347.9657897949219,196.2878875732422,363.8297119140625,215.25221252441406],""confidence"":0.013689457438886166},{""bbox"":[493.33392333984375,165.74334716796875,504.5071105957031,177.55853271484375],""confidence"":0.008802874945104122},{""bbox"":[496.4100341796875,197.54246520996094,507.8003234863281,209.78102111816406],""confidence"":0.008046523667871952},{""bbox"":[498.6470031738281,197.25926208496094,510.1094970703125,209.19163513183594],""confidence"":0.007821029983460903},{""bbox"":[363.206298828125,267.03704833984375,379.5647277832031,284.7061462402344],""confidence"":0.00581803685054183},{""bbox"":[356.2021789550781,230.8369140625,372.4527282714844,248.6556396484375],""confidence"":0.004121814854443073},{""bbox"":[350.7029113769531,224.19900512695312,369.5187072753906,244.3240966796875],""confidence"":0.0035987147130072117},{""bbox"":[490.0448303222656,167.24957275390625,501.9912414550781,179.59649658203125],""confidence"":0.002339468104764819},{""bbox"":[0.0,444.0,8.772542953491211,444.0],""confidence"":0.0013292536605149508},{""bbox"":[0.0,0.0,9.202360153198242,0.0],""confidence"":0.0012471278896555305}]",21,0.001
001_20200623_123223(3),3,576,444,"[[362.99999999999994,194.0,373.0,203.0],[364.00000000000006,225.00000000000003,376.0,237.0],[365.0,260.0,373.0,273.99999999999994]]","[{""bbox"":[360.7663269042969,223.49305725097656,374.4626770019531,237.7804412841797],""confidence"":0.5492982864379883},{""bbox"":[360.7536926269531,190.0674285888672,374.1434631347656,204.20875549316406],""confidence"":0.4944781959056854},{""bbox"":[362.594970703125,261.0093078613281,375.4814758300781,274.6947937011719],""confidence"":0.48782140016555786},{""bbox"":[502.36962890625,236.02328491210938,515.3695068359375,250.31869506835938],""confidence"":0.14738599956035614},{""bbox"":[503.4579162597656,272.13336181640625,515.0944213867188,284.8487243652344],""confidence"":0.09895601868629456},{""bbox"":[505.970947265625,205.1853790283203,517.6865234375,217.59564208984375],""confidence"":0.059091657400131226},{""bbox"":[359.5045471191406,224.34906005859375,375.1618957519531,241.2747039794922],""confidence"":0.05137987062335014},{""bbox"":[365.91204833984375,260.9872741699219,379.44305419921875,274.6939697265625],""confidence"":0.04734502732753754},{""bbox"":[365.1917419433594,223.9223175048828,379.0354919433594,237.2388458251953],""confidence"":0.03198905289173126},{""bbox"":[361.3458557128906,262.1393737792969,375.6766662597656,277.2542724609375],""confidence"":0.02475525438785553},{""bbox"":[364.6888122558594,190.2753448486328,378.9345703125,204.86221313476562],""confidence"":0.00724181579425931},{""bbox"":[502.87750244140625,206.09988403320312,516.0942993164062,220.13491821289062],""confidence"":0.006368107162415981},{""bbox"":[499.1912841796875,235.65980529785156,513.5455932617188,250.71151733398438],""confidence"":0.005541966762393713},{""bbox"":[356.06280517578125,190.2445831298828,370.4353332519531,203.82423400878906],""confidence"":0.005122409202158451},{""bbox"":[356.1180725097656,224.18222045898438,370.18475341796875,237.25645446777344],""confidence"":0.00319444271735847},{""bbox"":[498.6724548339844,272.6417236328125,512.0162353515625,285.9593200683594],""confidence"":0.0026484327390789986},{""bbox"":[504.250244140625,203.22808837890625,516.2394409179688,217.26014709472656],""confidence"":0.0024435389786958694},{""bbox"":[358.60504150390625,217.9521026611328,376.07171630859375,238.23043823242188],""confidence"":0.0017216482665389776},{""bbox"":[0.0,444.0,8.776668548583984,444.0],""confidence"":0.001337474212050438},{""bbox"":[0.0,0.0,9.202899932861328,0.0],""confidence"":0.001246983534656465}]",20,0.001
001_20200623_123232(3),3,576,444,"[[360.0,144.0,370.0,153.00000000000003],[362.99999999999994,175.0,373.0,184.0],[368.00000000000006,210.0,381.0,223.99999999999997]]","[{""bbox"":[365.8581237792969,211.2919158935547,378.99578857421875,225.2654266357422],""confidence"":0.5801727175712585},{""bbox"":[356.579345703125,140.30413818359375,371.0963439941406,155.3251190185547],""confidence"":0.5519565343856812},{""bbox"":[360.1326599121094,173.34768676757812,374.6250915527344,188.3908233642578],""confidence"":0.49146708846092224},{""bbox"":[501.0222473144531,159.26361083984375,513.8110961914062,172.28822326660156],""confidence"":0.1362246572971344},{""bbox"":[507.4681091308594,193.2655487060547,518.7654418945312,204.82855224609375],""confidence"":0.09201811999082565},{""bbox"":[500.12567138671875,126.82914733886719,511.91949462890625,139.2655029296875],""confidence"":0.055252380669116974},{""bbox"":[363.20556640625,211.80628967285156,376.5181579589844,224.88771057128906],""confidence"":0.04578272998332977},{""bbox"":[503.58251953125,158.9194793701172,516.5333862304688,172.0360565185547],""confidence"":0.04146566241979599},{""bbox"":[364.4533996582031,173.01126098632812,379.0036926269531,187.16790771484375],""confidence"":0.025180457159876823},{""bbox"":[506.06640625,193.63446044921875,517.1806030273438,205.71371459960938],""confidence"":0.022641794756054878},{""bbox"":[354.8820495605469,138.42018127441406,369.77874755859375,154.34243774414062],""confidence"":0.018300224095582962},{""bbox"":[498.6179504394531,159.01998901367188,512.3310546875,172.9694366455078],""confidence"":0.015010488219559193},{""bbox"":[498.7903747558594,128.03280639648438,510.9937744140625,140.86000061035156],""confidence"":0.006158613599836826},{""bbox"":[504.02142333984375,126.60435485839844,515.8822631835938,138.5321502685547],""confidence"":0.0045059965923428535},{""bbox"":[510.53778076171875,192.48391723632812,522.671630859375,204.19973754882812],""confidence"":0.002712698420509696},{""bbox"":[504.3664245605469,194.6039581298828,516.2033081054688,206.43667602539062],""confidence"":0.0026858195196837187},{""bbox"":[355.0399475097656,141.53448486328125,374.15460205078125,162.76646423339844],""confidence"":0.002360042417421937},{""bbox"":[357.4244689941406,167.2156982421875,375.486083984375,187.29959106445312],""confidence"":0.0022193454205989838},{""bbox"":[499.6462097167969,160.257568359375,514.4608154296875,176.6459197998047],""confidence"":0.0017888800939545035},{""bbox"":[356.1477355957031,174.61553955078125,369.983154296875,187.47702026367188],""confidence"":0.0015159877948462963},{""bbox"":[0.0,444.0,8.775293350219727,444.0],""confidence"":0.0013337142299860716},{""bbox"":[0.0,0.0,9.2097806930542,0.0],""confidence"":0.001259315642528236},{""bbox"":[514.19287109375,227.97190856933594,525.3778686523438,240.6417236328125],""confidence"":0.0010057991603389382}]",23,0.001
001_20200623_123236(9),3,576,444,"[[345.0,169.0,358.0,178.0],[349.0,203.0,362.0,211.0],[358.0,247.0,372.0,258.99999999999994]]","[{""bbox"":[345.3323059082031,167.9867706298828,358.3463134765625,181.74078369140625],""confidence"":0.617304265499115},{""bbox"":[350.4997863769531,200.38885498046875,364.0904235839844,214.6800994873047],""confidence"":0.5704285502433777},{""bbox"":[358.414794921875,244.6864013671875,371.7541198730469,258.5646667480469],""confidence"":0.5329851508140564},{""bbox"":[496.8606262207031,222.66485595703125,507.9926452636719,234.8202362060547],""confidence"":0.10713386535644531},{""bbox"":[498.5079345703125,222.4455108642578,509.89471435546875,234.38973999023438],""confidence"":0.09506743401288986},{""bbox"":[348.64556884765625,201.27232360839844,362.02081298828125,214.40451049804688],""confidence"":0.09302767366170883},{""bbox"":[487.6213073730469,177.2703094482422,499.71844482421875,190.3564453125],""confidence"":0.04991888999938965},{""bbox"":[356.7422790527344,244.58505249023438,373.0832214355469,262.8332214355469],""confidence"":0.043064773082733154},{""bbox"":[355.9867248535156,245.31585693359375,369.1893310546875,257.8375244140625],""confidence"":0.0358758270740509},{""bbox"":[348.1718444824219,200.5498046875,365.2168884277344,219.75270080566406],""confidence"":0.032932933419942856},{""bbox"":[341.6038818359375,168.0547332763672,355.7227783203125,181.72665405273438],""confidence"":0.028213365003466606},{""bbox"":[489.7283020019531,177.13491821289062,501.831298828125,189.69097900390625],""confidence"":0.01587280072271824},{""bbox"":[348.753662109375,196.46311950683594,364.0501403808594,214.5256805419922],""confidence"":0.01470890548080206},{""bbox"":[488.9525146484375,143.34190368652344,499.7516174316406,154.96409606933594],""confidence"":0.013691531494259834},{""bbox"":[491.2349853515625,142.63485717773438,502.3955383300781,154.467529296875],""confidence"":0.01275330875068903},{""bbox"":[484.210205078125,177.83456420898438,496.53753662109375,191.2535400390625],""confidence"":0.005305107217282057},{""bbox"":[491.96221923828125,223.26705932617188,504.3373107910156,236.10118103027344],""confidence"":0.004855172708630562},{""bbox"":[487.42108154296875,144.31591796875,498.8789367675781,155.85818481445312],""confidence"":0.003696769243106246},{""bbox"":[357.3072814941406,239.66510009765625,373.12921142578125,259.5487976074219],""confidence"":0.0027777927462011576},{""bbox"":[349.78118896484375,167.0917510986328,364.2729187011719,180.79119873046875],""confidence"":0.00239568785764277},{""bbox"":[0.0,444.0,8.775521278381348,444.0],""confidence"":0.0013369520893320441},{""bbox"":[0.0,0.0,9.205700874328613,0.0],""confidence"":0.0012515522539615631},{""bbox"":[496.9484558105469,218.1538848876953,510.7365417480469,234.4516143798828],""confidence"":0.0010243732249364257}]",23,0.001
001_20200623_123241(3),3,576,444,"[[342.99999999999994,190.0,358.0,201.0],[351.0,268.0,364.0,280.0],[348.0,226.0,358.0,236.0]]","[{""bbox"":[343.6871643066406,188.84854125976562,356.51129150390625,201.76670837402344],""confidence"":0.6141822338104248},{""bbox"":[351.2978515625,268.1524658203125,363.8281555175781,280.99737548828125],""confidence"":0.5554227232933044},{""bbox"":[346.2635498046875,224.09510803222656,358.45361328125,236.6620330810547],""confidence"":0.5016384124755859},{""bbox"":[484.3566589355469,220.13563537597656,496.8782043457031,233.38723754882812],""confidence"":0.23632889986038208},{""bbox"":[342.4578552246094,190.06005859375,356.5884704589844,205.1497802734375],""confidence"":0.09434068202972412},{""bbox"":[350.13812255859375,269.0747375488281,364.4361572265625,284.31414794921875],""confidence"":0.08208628743886948},{""bbox"":[348.77850341796875,268.5123291015625,361.4327697753906,280.5592956542969],""confidence"":0.0594937689602375},{""bbox"":[481.8560485839844,220.82012939453125,495.02777099609375,234.7122344970703],""confidence"":0.04931480810046196},{""bbox"":[344.3224792480469,224.06988525390625,359.73150634765625,241.17044067382812],""confidence"":0.030014285817742348},{""bbox"":[483.43359375,218.00596618652344,494.9241943359375,231.74935913085938],""confidence"":0.014038167893886566},{""bbox"":[341.6354675292969,224.28109741210938,355.0870056152344,236.82359313964844],""confidence"":0.007794043980538845},{""bbox"":[491.9518737792969,265.942138671875,503.0832214355469,277.6251220703125],""confidence"":0.0071517424657940865},{""bbox"":[488.1655578613281,185.15521240234375,499.0326843261719,196.51300048828125],""confidence"":0.006785649340599775},{""bbox"":[488.02783203125,220.22132873535156,501.1180419921875,233.31405639648438],""confidence"":0.005283879116177559},{""bbox"":[490.0959167480469,265.6466064453125,501.053466796875,277.8929443359375],""confidence"":0.0039665065705776215},{""bbox"":[491.10858154296875,184.7639923095703,502.078857421875,196.18450927734375],""confidence"":0.0030399877578020096},{""bbox"":[351.1424865722656,222.9901580810547,364.8649597167969,236.06570434570312],""confidence"":0.0024152144324034452},{""bbox"":[0.0,444.0,8.778185844421387,444.0],""confidence"":0.0013503452064469457},{""bbox"":[0.0,0.0,9.213488578796387,0.0],""confidence"":0.0012598922476172447}]",19,0.001
001_20200623_123245(8),3,576,444,"[[340.0,166.0,353.0,180.0],[343.0,201.00000000000003,360.0,213.0],[350.0,245.0,364.0,258.0]]","[{""bbox"":[340.152587890625,166.35536193847656,353.82720947265625,180.49954223632812],""confidence"":0.5416574478149414},{""bbox"":[343.9219970703125,199.7510528564453,356.91650390625,213.57284545898438],""confidence"":0.5390961170196533},{""bbox"":[349.126220703125,244.23658752441406,361.9841613769531,257.8070068359375],""confidence"":0.522500216960907},{""bbox"":[351.8221740722656,243.927490234375,365.18634033203125,258.08978271484375],""confidence"":0.12441068142652512},{""bbox"":[339.4808349609375,167.7954559326172,354.328857421875,183.65975952148438],""confidence"":0.0793900415301323},{""bbox"":[343.0645751953125,166.19677734375,357.2960205078125,180.1563262939453],""confidence"":0.06835594773292542},{""bbox"":[341.5191650390625,200.73880004882812,354.3938903808594,213.29600524902344],""confidence"":0.06202828511595726},{""bbox"":[484.26995849609375,153.86700439453125,495.8778991699219,165.83323669433594],""confidence"":0.057891447097063065},{""bbox"":[342.8774719238281,196.50404357910156,356.75848388671875,212.68003845214844],""confidence"":0.024635201320052147},{""bbox"":[346.6281433105469,243.51211547851562,363.49639892578125,262.8426818847656],""confidence"":0.014081860892474651},{""bbox"":[487.9881896972656,234.4252471923828,499.44976806640625,246.72422790527344],""confidence"":0.008265912532806396},{""bbox"":[341.85272216796875,200.59178161621094,358.3729248046875,219.67140197753906],""confidence"":0.0062489681877195835},{""bbox"":[480.7749938964844,189.54249572753906,492.599365234375,201.5983428955078],""confidence"":0.0040654707700014114},{""bbox"":[347.6316223144531,239.7158203125,363.0058898925781,259.1257019042969],""confidence"":0.003945434931665659},{""bbox"":[490.72454833984375,234.2657470703125,502.0292663574219,246.0574951171875],""confidence"":0.0033247624523937702},{""bbox"":[343.0316467285156,168.0994415283203,357.9794616699219,183.76797485351562],""confidence"":0.00323395524173975},{""bbox"":[483.2361145019531,189.31283569335938,495.0830993652344,201.2069549560547],""confidence"":0.0019143843092024326},{""bbox"":[334.4969787597656,166.43446350097656,349.7664489746094,180.34634399414062],""confidence"":0.0015378629323095083},{""bbox"":[0.0,444.0,8.776514053344727,444.0],""confidence"":0.0013389213709160686},{""bbox"":[0.0,0.0,9.201637268066406,0.0],""confidence"":0.001240647747181356},{""bbox"":[483.24053955078125,155.79327392578125,495.5116271972656,169.27371215820312],""confidence"":0.0011124128941446543}]",21,0.001
001_20200623_203217(4),3,576,444,"[[346.0,199.99999999999997,361.0,212.0],[346.99999999999994,232.0,362.0,245.0],[351.0,277.00000000000006,362.00000000000006,289.0]]","[{""bbox"":[350.9097900390625,276.16064453125,363.6432189941406,289.5278625488281],""confidence"":0.571395993232727},{""bbox"":[347.2732849121094,230.6051025390625,361.5754699707031,245.3302001953125],""confidence"":0.555912971496582},{""bbox"":[346.64654541015625,197.9493408203125,359.308349609375,211.727294921875],""confidence"":0.544674813747406},{""bbox"":[348.737060546875,276.4354553222656,361.4639587402344,288.8763732910156],""confidence"":0.08278539031744003},{""bbox"":[350.7814025878906,230.61004638671875,365.0776672363281,244.84986877441406],""confidence"":0.0819515809416771},{""bbox"":[345.5252990722656,230.45375061035156,362.19427490234375,248.59849548339844],""confidence"":0.06295468658208847},{""bbox"":[351.81292724609375,277.0271301269531,365.9803466796875,291.7969665527344],""confidence"":0.031001130118966103},{""bbox"":[350.6336364746094,198.0706024169922,364.4118347167969,211.9191436767578],""confidence"":0.026021864265203476},{""bbox"":[488.3738098144531,285.7672424316406,500.28363037109375,298.8477783203125],""confidence"":0.020552730187773705},{""bbox"":[485.4775390625,240.27999877929688,497.759033203125,252.80914306640625],""confidence"":0.016023559495806694},{""bbox"":[492.7353210449219,206.0165557861328,503.949951171875,217.88168334960938],""confidence"":0.010635392740368843},{""bbox"":[341.6979675292969,198.2651824951172,356.5205078125,212.19825744628906],""confidence"":0.007604808080941439},{""bbox"":[347.92041015625,277.2517395019531,362.06048583984375,291.7651062011719],""confidence"":0.007456192281097174},{""bbox"":[489.84906005859375,286.4920654296875,502.3013916015625,299.46240234375],""confidence"":0.006158873438835144},{""bbox"":[483.2414245605469,240.12948608398438,495.1846618652344,252.83517456054688],""confidence"":0.0027012620121240616},{""bbox"":[490.89361572265625,205.982666015625,502.42706298828125,218.66131591796875],""confidence"":0.0019520107889547944},{""bbox"":[341.8155517578125,231.42166137695312,356.05291748046875,244.10263061523438],""confidence"":0.0017915571806952357},{""bbox"":[349.6614685058594,230.85317993164062,365.8487243652344,248.575439453125],""confidence"":0.0017597057158127427},{""bbox"":[0.0,444.0,8.778098106384277,444.0],""confidence"":0.0013413176639005542},{""bbox"":[483.5401916503906,241.25662231445312,497.1670837402344,255.72447204589844],""confidence"":0.001307423459365964},{""bbox"":[0.0,0.0,9.205953598022461,0.0],""confidence"":0.0012494070688262582},{""bbox"":[484.2359619140625,285.3814697265625,496.7924499511719,299.0453796386719],""confidence"":0.0011209639487788081},{""bbox"":[344.61590576171875,225.09400939941406,362.0116882324219,245.2767791748047],""confidence"":0.001012548920698464}]",23,0.001
001_20200623_203222(0),3,576,444,"[[342.99999999999994,236.0,358.0,249.00000000000003],[351.0,266.0,364.0,281.0],[358.0,311.99999999999994,373.99999999999994,323.0]]","[{""bbox"":[343.8118591308594,234.61709594726562,356.9958801269531,248.50436401367188],""confidence"":0.6017274856567383},{""bbox"":[358.144287109375,311.7319641113281,371.3740234375,325.4510803222656],""confidence"":0.5993491411209106},{""bbox"":[349.1319274902344,266.96051025390625,363.1665344238281,281.414306640625],""confidence"":0.5808299779891968},{""bbox"":[351.1787414550781,265.9943542480469,365.2417907714844,280.90740966796875],""confidence"":0.1656380593776703},{""bbox"":[356.0007019042969,312.3216247558594,369.1274719238281,325.2214660644531],""confidence"":0.07930166274309158},{""bbox"":[341.53076171875,235.25079345703125,355.1315002441406,248.7073974609375],""confidence"":0.07568159699440002},{""bbox"":[356.7703857421875,311.2685241699219,372.6684265136719,327.9246520996094],""confidence"":0.03873804211616516},{""bbox"":[347.2995300292969,268.306396484375,362.5697326660156,284.53277587890625],""confidence"":0.020234111696481705},{""bbox"":[486.1957702636719,240.7514190673828,498.60504150390625,253.69683837890625],""confidence"":0.010138863697648048},{""bbox"":[348.8988037109375,266.4724426269531,365.3926696777344,284.631591796875],""confidence"":0.005707449279725552},{""bbox"":[495.6039123535156,286.29876708984375,506.98046875,298.7145690917969],""confidence"":0.0035596631933003664},{""bbox"":[487.46868896484375,206.38250732421875,498.6452941894531,218.34640502929688],""confidence"":0.0034763533622026443},{""bbox"":[483.0727844238281,241.2952423095703,495.2732238769531,254.79095458984375],""confidence"":0.0022834744304418564},{""bbox"":[498.68701171875,285.996826171875,510.015869140625,298.05206298828125],""confidence"":0.0020716162398457527},{""bbox"":[341.6364440917969,236.07481384277344,359.0484619140625,256.268798828125],""confidence"":0.0016758005367591977},{""bbox"":[491.08502197265625,205.76332092285156,502.30511474609375,217.6253662109375],""confidence"":0.001631955849006772},{""bbox"":[345.8966979980469,260.97686767578125,363.6566467285156,281.2903747558594],""confidence"":0.001437758794054389},{""bbox"":[0.0,444.0,8.775750160217285,444.0],""confidence"":0.0013362900353968143},{""bbox"":[489.4180603027344,240.4918212890625,501.7379150390625,252.7971649169922],""confidence"":0.0012848855694755912},{""bbox"":[0.0,0.0,9.2042875289917,0.0],""confidence"":0.0012513203546404839}]",20,0.001
001_20200623_203226(3),3,576,444,"[[339.0,208.0,350.00000000000006,218.99999999999997],[342.0,239.00000000000003,357.00000000000006,249.00000000000003],[349.0,282.0,363.0,296.0]]","[{""bbox"":[349.9602966308594,282.968505859375,363.4200439453125,296.9349365234375],""confidence"":0.6025893092155457},{""bbox"":[342.5051574707031,238.2465362548828,356.19561767578125,252.27157592773438],""confidence"":0.5580125451087952},{""bbox"":[337.73455810546875,206.14317321777344,350.1854553222656,219.61241149902344],""confidence"":0.5161662697792053},{""bbox"":[341.06378173828125,238.75701904296875,356.646240234375,255.68563842773438],""confidence"":0.07848428189754486},{""bbox"":[348.46417236328125,282.34051513671875,361.3031311035156,295.458251953125],""confidence"":0.05003500357270241},{""bbox"":[480.7107238769531,220.09986877441406,492.6507873535156,232.94288635253906],""confidence"":0.049877382814884186},{""bbox"":[334.393310546875,206.96275329589844,347.6874694824219,219.7960968017578],""confidence"":0.03531225770711899},{""bbox"":[347.9178161621094,284.22021484375,362.1800537109375,298.9070739746094],""confidence"":0.02317718043923378},{""bbox"":[482.6872863769531,219.94529724121094,494.6865539550781,232.39686584472656],""confidence"":0.020768286660313606},{""bbox"":[488.10595703125,265.2569274902344,499.74420166015625,277.9302673339844],""confidence"":0.01051245629787445},{""bbox"":[484.8910217285156,185.41104125976562,495.8246154785156,197.00753784179688],""confidence"":0.007800689898431301},{""bbox"":[490.6249084472656,265.0627746582031,502.3187561035156,277.373779296875],""confidence"":0.005052063148468733},{""bbox"":[482.8376159667969,185.98123168945312,493.4140625,197.57839965820312],""confidence"":0.004178186878561974},{""bbox"":[478.4098205566406,221.179931640625,491.0269470214844,234.38507080078125],""confidence"":0.00270608882419765},{""bbox"":[333.9462585449219,203.31271362304688,348.4229431152344,219.13543701171875],""confidence"":0.0016796113923192024},{""bbox"":[0.0,444.0,8.773670196533203,444.0],""confidence"":0.0013333705719560385},{""bbox"":[0.0,0.0,9.195467948913574,0.0],""confidence"":0.0012351595796644688},{""bbox"":[484.14862060546875,265.66314697265625,496.7691650390625,279.1112365722656],""confidence"":0.0012135589495301247},{""bbox"":[339.2041320800781,232.13641357421875,356.89178466796875,252.49346923828125],""confidence"":0.001083551556803286}]",19,0.001
001_20200623_203230(9),3,576,444,"[[339.00000000000006,186.00000000000003,355.0,198.0],[342.0,215.0,355.0,231.0],[349.0,261.0,363.0,276.0]]","[{""bbox"":[343.0465393066406,218.3080596923828,356.72528076171875,232.54441833496094],""confidence"":0.5722169876098633},{""bbox"":[349.4889831542969,261.9024353027344,362.9171447753906,276.04864501953125],""confidence"":0.570777177810669},{""bbox"":[339.0942687988281,184.71304321289062,351.708984375,198.46946716308594],""confidence"":0.5567805767059326},{""bbox"":[344.97833251953125,217.1030731201172,358.6877136230469,231.652099609375],""confidence"":0.1805727779865265},{""bbox"":[351.42181396484375,260.4317932128906,365.5570373535156,275.4109802246094],""confidence"":0.08055978268384933},{""bbox"":[341.162109375,217.6658477783203,354.1007080078125,231.1859588623047],""confidence"":0.05884924530982971},{""bbox"":[337.6607971191406,181.90194702148438,352.5379943847656,198.578857421875],""confidence"":0.047017864882946014},{""bbox"":[348.2590637207031,260.81951904296875,361.2306213378906,274.4412841796875],""confidence"":0.041546933352947235},{""bbox"":[347.9516906738281,263.21978759765625,361.7789306640625,277.3939514160156],""confidence"":0.03846414387226105},{""bbox"":[340.6473693847656,219.36361694335938,355.1404724121094,234.27069091796875],""confidence"":0.031318455934524536},{""bbox"":[487.80230712890625,249.35638427734375,499.77618408203125,262.4687805175781],""confidence"":0.02876235917210579},{""bbox"":[334.5311584472656,185.5140380859375,348.8331604003906,198.83737182617188],""confidence"":0.014417466707527637},{""bbox"":[343.3133850097656,184.5119171142578,357.20904541015625,198.49278259277344],""confidence"":0.011919638141989708},{""bbox"":[490.17132568359375,249.3631134033203,502.1582946777344,262.0154113769531],""confidence"":0.011576675809919834},{""bbox"":[484.8164978027344,170.6726531982422,496.1376647949219,182.67593383789062],""confidence"":0.0090884855017066},{""bbox"":[480.9095153808594,205.4356231689453,492.7567443847656,218.29110717773438],""confidence"":0.005070333834737539},{""bbox"":[482.8701477050781,205.3208465576172,494.8986511230469,217.81065368652344],""confidence"":0.002928144531324506},{""bbox"":[484.17718505859375,249.51956176757812,497.0055847167969,263.2853088378906],""confidence"":0.0024436460807919502},{""bbox"":[0.0,444.0,8.773080825805664,444.0],""confidence"":0.0013329611392691731},{""bbox"":[0.0,0.0,9.199479103088379,0.0],""confidence"":0.0012422966537997127}]",20,0.001
001_20200623_203235(3),3,576,444,"[[342.0,177.0,355.0,190.0],[346.0,208.0,357.00000000000006,223.0],[348.0,255.0,360.99999999999994,268.0]]","[{""bbox"":[341.5224914550781,176.21295166015625,354.84716796875,190.1448211669922],""confidence"":0.5998688340187073},{""bbox"":[344.4160461425781,210.19064331054688,357.15106201171875,223.32139587402344],""confidence"":0.5251725316047668},{""bbox"":[347.38372802734375,254.34793090820312,360.18548583984375,268.1528015136719],""confidence"":0.4869297742843628},{""bbox"":[343.13427734375,210.83485412597656,357.951416015625,226.791015625],""confidence"":0.0646117776632309},{""bbox"":[341.4776611328125,210.559814453125,354.5959777832031,223.04434204101562],""confidence"":0.04942656680941582},{""bbox"":[486.7125549316406,178.2600860595703,498.3202819824219,190.61129760742188],""confidence"":0.04212729260325432},{""bbox"":[351.21588134765625,254.3740234375,364.796630859375,268.083984375],""confidence"":0.04175479710102081},{""bbox"":[343.5672912597656,177.15785217285156,357.6941833496094,191.41696166992188],""confidence"":0.03295721486210823},{""bbox"":[486.4346618652344,258.4661865234375,498.2025451660156,270.8486633300781],""confidence"":0.0132909482344985},{""bbox"":[483.6962585449219,213.69984436035156,495.04888916015625,225.71141052246094],""confidence"":0.00917865987867117},{""bbox"":[490.0604248046875,177.94769287109375,501.794921875,190.2747344970703],""confidence"":0.007979304529726505},{""bbox"":[483.8705749511719,258.0282287597656,495.7203063964844,271.0846862792969],""confidence"":0.00333999446593225},{""bbox"":[480.24249267578125,214.396484375,492.3995361328125,227.20291137695312],""confidence"":0.002742229960858822},{""bbox"":[340.2765197753906,211.27822875976562,355.28680419921875,227.10348510742188],""confidence"":0.0018934446852654219},{""bbox"":[0.0,444.0,8.775727272033691,444.0],""confidence"":0.0013361042365431786},{""bbox"":[0.0,0.0,9.200274467468262,0.0],""confidence"":0.0012410583440214396},{""bbox"":[483.5491638183594,178.7928466796875,496.86151123046875,192.5105438232422],""confidence"":0.0012227374827489257}]",17,0.001
001_20200624_043349(7),3,576,444,"[[335.99999999999994,152.0,351.0,167.0],[341.00000000000006,232.00000000000006,354.0,246.0],[338.0,189.0,353.99999999999994,203.0]]","[{""bbox"":[341.04736328125,231.7017364501953,354.74578857421875,245.9971466064453],""confidence"":0.5654815435409546},{""bbox"":[338.81842041015625,153.14437866210938,353.1409606933594,167.9324188232422],""confidence"":0.5597911477088928},{""bbox"":[339.70587158203125,188.61341857910156,352.65765380859375,202.04600524902344],""confidence"":0.5062749981880188},{""bbox"":[478.05633544921875,245.90406799316406,490.3172912597656,258.0519714355469],""confidence"":0.1533135622739792},{""bbox"":[343.70086669921875,231.7869415283203,357.8504943847656,246.3076171875],""confidence"":0.1413738876581192},{""bbox"":[477.18048095703125,203.68927001953125,489.225341796875,215.92935180664062],""confidence"":0.06116551160812378},{""bbox"":[337.6153869628906,188.0500030517578,353.85052490234375,205.44664001464844],""confidence"":0.05653681606054306},{""bbox"":[342.9659729003906,153.3986053466797,357.25390625,167.7904815673828],""confidence"":0.05318538472056389},{""bbox"":[343.90380859375,188.26979064941406,357.8430480957031,202.09323120117188],""confidence"":0.028493287041783333},{""bbox"":[475.865966796875,202.2099609375,487.23541259765625,214.9851837158203],""confidence"":0.01786128059029579},{""bbox"":[334.47869873046875,153.39736938476562,349.6554260253906,167.6337890625],""confidence"":0.005148620344698429},{""bbox"":[481.6380920410156,245.8021697998047,494.1570129394531,257.9041442871094],""confidence"":0.004942668601870537},{""bbox"":[334.55682373046875,188.28099060058594,348.3149719238281,200.86407470703125],""confidence"":0.0034279192332178354},{""bbox"":[475.72930908203125,246.7741241455078,490.05670166015625,262.74468994140625],""confidence"":0.0028811658266931772},{""bbox"":[475.7571105957031,205.00372314453125,489.21380615234375,219.6116943359375],""confidence"":0.002083650790154934},{""bbox"":[0.0,444.0,8.772171974182129,444.0],""confidence"":0.0013298954581841826},{""bbox"":[0.0,0.0,9.202058792114258,0.0],""confidence"":0.001243585953488946},{""bbox"":[484.4839782714844,167.9857940673828,495.2331237792969,178.561767578125],""confidence"":0.0011185718467459083}]",18,0.001
001_20200625_043323(7),3,576,444,"[[342.99999999999994,154.0,357.0,168.0],[344.99999999999994,190.0,356.0,201.0],[348.0,233.00000000000003,358.0,247.0]]","[{""bbox"":[342.29095458984375,154.2538604736328,356.4483947753906,168.75010681152344],""confidence"":0.6543207764625549},{""bbox"":[343.7710876464844,189.05947875976562,357.1283874511719,202.8883056640625],""confidence"":0.5784077048301697},{""bbox"":[346.9664306640625,234.06893920898438,359.8164367675781,247.9647674560547],""confidence"":0.5135310292243958},{""bbox"":[341.43731689453125,189.2542724609375,354.8636169433594,202.34524536132812],""confidence"":0.08243212103843689},{""bbox"":[486.464111328125,164.74278259277344,497.9920654296875,176.83279418945312],""confidence"":0.03996626287698746},{""bbox"":[484.9920959472656,245.09349060058594,496.4564514160156,256.6104736328125],""confidence"":0.011133771389722824},{""bbox"":[351.49761962890625,234.74594116210938,365.0355224609375,249.1947784423828],""confidence"":0.008303078822791576},{""bbox"":[482.201904296875,244.95144653320312,493.7153625488281,256.6891784667969],""confidence"":0.006460434757173061},{""bbox"":[340.5426025390625,189.55038452148438,355.9134521484375,205.5183563232422],""confidence"":0.005773369688540697},{""bbox"":[489.78070068359375,164.6105194091797,501.5969543457031,176.70602416992188],""confidence"":0.004775192588567734},{""bbox"":[341.8002624511719,234.98873901367188,355.29168701171875,247.25144958496094],""confidence"":0.003374488325789571},{""bbox"":[483.646728515625,164.90176391601562,496.52423095703125,178.0365753173828],""confidence"":0.002779842121526599},{""bbox"":[481.75653076171875,199.53997802734375,492.96563720703125,211.78829956054688],""confidence"":0.0020801301579922438},{""bbox"":[483.6979064941406,199.76853942871094,494.8819885253906,211.40867614746094],""confidence"":0.0015383915742859244},{""bbox"":[0.0,444.0,8.774209976196289,444.0],""confidence"":0.001332522020675242},{""bbox"":[0.0,0.0,9.209375381469727,0.0],""confidence"":0.0012587322853505611}]",16,0.001
001_20200625_043328(3),3,576,444,"[[343.0,154.0,355.0,165.99999999999997],[345.0,189.0,357.0,198.0],[349.0,236.0,360.99999999999994,246.0]]","[{""bbox"":[344.352294921875,153.2947540283203,357.5773620605469,167.0223388671875],""confidence"":0.6375437378883362},{""bbox"":[344.9649963378906,187.9945831298828,357.5792541503906,200.87692260742188],""confidence"":0.5124440789222717},{""bbox"":[346.6484069824219,233.03924560546875,359.7854309082031,247.21917724609375],""confidence"":0.4997556209564209},{""bbox"":[487.5865173339844,162.7432861328125,499.2656555175781,175.28591918945312],""confidence"":0.08444776386022568},{""bbox"":[341.4801330566406,153.27610778808594,355.48162841796875,166.95346069335938],""confidence"":0.06305675953626633},{""bbox"":[490.0711364746094,162.60476684570312,501.8149719238281,174.8768768310547],""confidence"":0.030841628089547157},{""bbox"":[343.4554748535156,188.04440307617188,359.0047607421875,205.2135009765625],""confidence"":0.029907841235399246},{""bbox"":[341.607666015625,187.92747497558594,354.3365478515625,200.0223846435547],""confidence"":0.02558773383498192},{""bbox"":[351.3223876953125,233.5408172607422,364.88433837890625,247.66397094726562],""confidence"":0.019987402483820915},{""bbox"":[486.26837158203125,163.85841369628906,498.4493713378906,176.77223205566406],""confidence"":0.0199118684977293},{""bbox"":[486.7930908203125,243.81643676757812,498.2048034667969,255.68881225585938],""confidence"":0.012619546614587307},{""bbox"":[484.6419677734375,198.5741424560547,495.729248046875,210.2610626220703],""confidence"":0.007125226315110922},{""bbox"":[482.9306335449219,243.76304626464844,494.88726806640625,256.2908630371094],""confidence"":0.002493480686098337},{""bbox"":[341.79656982421875,233.48605346679688,355.2216491699219,245.66944885253906],""confidence"":0.0016135044861584902},{""bbox"":[342.7326965332031,182.19082641601562,357.8231201171875,200.91098022460938],""confidence"":0.0014516887022182345},{""bbox"":[0.0,444.0,8.772021293640137,444.0],""confidence"":0.0013290579663589597},{""bbox"":[0.0,0.0,9.195268630981445,0.0],""confidence"":0.001237431657500565}]",17,0.001
001_20200625_043337(3),3,576,444,"[[348.99999999999994,148.00000000000003,360.0,159.0],[351.0,184.99999999999997,364.0,197.0],[353.0,230.00000000000003,364.99999999999994,242.0]]","[{""bbox"":[349.8273620605469,147.5135955810547,363.7966003417969,161.9256134033203],""confidence"":0.6444858312606812},{""bbox"":[349.9267578125,182.95608520507812,363.69110107421875,197.29620361328125],""confidence"":0.6013277173042297},{""bbox"":[353.1084899902344,227.3404083251953,366.2124328613281,241.45355224609375],""confidence"":0.5839648842811584},{""bbox"":[492.25537109375,159.33290100097656,504.344970703125,171.23411560058594],""confidence"":0.16968007385730743},{""bbox"":[491.98150634765625,239.39515686035156,503.6494140625,250.9646453857422],""confidence"":0.08249250799417496},{""bbox"":[351.121337890625,183.6668243408203,365.8255310058594,198.64064025878906],""confidence"":0.07990364730358124},{""bbox"":[347.94525146484375,148.3695068359375,362.0193786621094,162.67922973632812],""confidence"":0.060585323721170425},{""bbox"":[351.1430358886719,224.91912841796875,366.7772216796875,242.1807403564453],""confidence"":0.04599321261048317},{""bbox"":[347.9694519042969,184.0428009033203,362.1622619628906,198.43609619140625],""confidence"":0.0420447401702404},{""bbox"":[490.7978210449219,195.8458251953125,502.6703186035156,207.8802490234375],""confidence"":0.041243184357881546},{""bbox"":[348.25994873046875,181.6823272705078,361.5458068847656,195.7225341796875],""confidence"":0.035529620945453644},{""bbox"":[489.5660400390625,194.53753662109375,501.05224609375,207.319580078125],""confidence"":0.02674216404557228},{""bbox"":[348.9748229980469,228.1175079345703,362.3758239746094,240.66976928710938],""confidence"":0.01271105743944645},{""bbox"":[495.7889099121094,159.12098693847656,508.39617919921875,171.0345458984375],""confidence"":0.006978798657655716},{""bbox"":[359.2372741699219,228.63565063476562,372.4082336425781,242.7583465576172],""confidence"":0.0052130683325231075},{""bbox"":[490.208251953125,161.031005859375,503.8913879394531,176.37362670898438],""confidence"":0.0017577626276761293},{""bbox"":[490.2040100097656,240.68869018554688,503.5646057128906,255.44805908203125],""confidence"":0.001677204156294465},{""bbox"":[348.7331237792969,225.05384826660156,362.4983215332031,239.21864318847656],""confidence"":0.0013935945462435484},{""bbox"":[0.0,444.0,8.780591011047363,444.0],""confidence"":0.0013394283596426249},{""bbox"":[0.0,0.0,9.209671974182129,0.0],""confidence"":0.0012530544772744179}]",20,0.001
001_20200625_043341(7),3,576,444,"[[341.0,162.0,356.0,172.99999999999997],[346.0,197.0,357.00000000000006,211.0],[344.99999999999994,242.0,356.0,255.0]]","[{""bbox"":[344.6994934082031,161.2599334716797,358.5237121582031,175.74623107910156],""confidence"":0.5776447653770447},{""bbox"":[345.35650634765625,241.5441131591797,358.7590026855469,255.845458984375],""confidence"":0.5749199986457825},{""bbox"":[343.67559814453125,197.36585998535156,357.2740478515625,211.68214416503906],""confidence"":0.5485522150993347},{""bbox"":[481.17193603515625,217.51800537109375,493.2669982910156,229.70233154296875],""confidence"":0.16530248522758484},{""bbox"":[341.420654296875,197.69235229492188,354.9636535644531,211.23019409179688],""confidence"":0.07305744290351868},{""bbox"":[343.5426330566406,239.26547241210938,359.3938293457031,256.7760925292969],""confidence"":0.04153451323509216},{""bbox"":[341.7185363769531,242.14544677734375,355.1416931152344,255.0458221435547],""confidence"":0.027360547333955765},{""bbox"":[341.5059509277344,161.4404754638672,355.9148254394531,175.63534545898438],""confidence"":0.026477670297026634},{""bbox"":[487.06329345703125,180.92300415039062,498.5509338378906,191.98580932617188],""confidence"":0.0262885894626379},{""bbox"":[484.72662353515625,260.2494812011719,496.23248291015625,271.7594299316406],""confidence"":0.024948325008153915},{""bbox"":[482.5454406738281,259.9490966796875,493.9312438964844,271.5002746582031],""confidence"":0.013823001645505428},{""bbox"":[477.187255859375,216.49658203125,490.3902893066406,229.68719482421875],""confidence"":0.009276914410293102},{""bbox"":[490.29986572265625,180.28125,501.7528991699219,192.02880859375],""confidence"":0.0058599053882062435},{""bbox"":[478.48345947265625,217.90040588378906,493.0704650878906,233.9753875732422],""confidence"":0.005085196811705828},{""bbox"":[352.1675109863281,243.38583374023438,365.321533203125,257.4587707519531],""confidence"":0.0026590556371957064},{""bbox"":[481.4480285644531,218.70787048339844,495.4258117675781,233.9270782470703],""confidence"":0.002479165093973279},{""bbox"":[0.0,444.0,8.772242546081543,444.0],""confidence"":0.0013291174545884132},{""bbox"":[0.0,0.0,9.202668190002441,0.0],""confidence"":0.0012493535177782178},{""bbox"":[350.6293029785156,162.1883087158203,364.5660095214844,176.4022979736328],""confidence"":0.0011038886150345206},{""bbox"":[484.3158874511719,180.2208709716797,496.7710876464844,192.46266174316406],""confidence"":0.0010833952110260725}]",20,0.001
001_20200625_043346(2),3,576,444,"[[340.0,155.00000000000003,350.00000000000006,166.0],[342.0,193.0,353.00000000000006,201.00000000000003],[342.0,235.00000000000003,353.99999999999994,245.0]]","[{""bbox"":[339.4442443847656,153.4732666015625,354.12945556640625,168.43988037109375],""confidence"":0.5926171541213989},{""bbox"":[343.1857604980469,233.46270751953125,357.1290283203125,248.07720947265625],""confidence"":0.5836200714111328},{""bbox"":[339.8938293457031,189.2050018310547,354.6275939941406,204.28494262695312],""confidence"":0.5486562252044678},{""bbox"":[342.89874267578125,153.64187622070312,357.3789367675781,168.54641723632812],""confidence"":0.1097450852394104},{""bbox"":[343.5770568847656,189.31654357910156,357.940185546875,204.20399475097656],""confidence"":0.10233663767576218},{""bbox"":[483.79425048828125,163.7239227294922,495.5505065917969,176.1427459716797],""confidence"":0.0915750190615654},{""bbox"":[340.9731750488281,234.35610961914062,355.3416442871094,248.82028198242188],""confidence"":0.02912510745227337},{""bbox"":[481.600341796875,164.55313110351562,493.77880859375,177.28981018066406],""confidence"":0.026667220517992973},{""bbox"":[341.1329040527344,231.9862060546875,354.8733825683594,246.36192321777344],""confidence"":0.023102862760424614},{""bbox"":[478.975341796875,200.5492401123047,490.6260986328125,212.7525177001953],""confidence"":0.016721190884709358},{""bbox"":[484.16290283203125,243.8172149658203,495.20208740234375,255.4354705810547],""confidence"":0.011521944776177406},{""bbox"":[480.9960021972656,244.19700622558594,492.5385437011719,256.1290283203125],""confidence"":0.006755386013537645},{""bbox"":[334.5152893066406,153.6585693359375,350.0872497558594,168.02072143554688],""confidence"":0.002761811250820756},{""bbox"":[476.96295166015625,199.94448852539062,488.90948486328125,213.11105346679688],""confidence"":0.002412128262221813},{""bbox"":[0.0,444.0,8.773248672485352,444.0],""confidence"":0.0013329992070794106},{""bbox"":[0.0,0.0,9.196870803833008,0.0],""confidence"":0.0012452062219381332}]",16,0.001
001_20200629_082825(1),3,576,444,"[[343.0,186.0,356.0,196.99999999999997],[342.99999999999994,219.00000000000003,357.0,231.0],[342.0,263.0,356.0,277.0]]","[{""bbox"":[342.70953369140625,184.53932189941406,356.1620788574219,198.52597045898438],""confidence"":0.6096187829971313},{""bbox"":[342.35528564453125,218.51876831054688,355.6117248535156,232.25112915039062],""confidence"":0.5846023559570312},{""bbox"":[341.89349365234375,263.61627197265625,354.8959045410156,277.61505126953125],""confidence"":0.5107369422912598},{""bbox"":[478.2422180175781,289.5218811035156,490.5754699707031,301.8786315917969],""confidence"":0.15147024393081665},{""bbox"":[340.9833068847656,217.6171875,353.04486083984375,230.496337890625],""confidence"":0.1352008581161499},{""bbox"":[486.404296875,211.2511749267578,497.9676208496094,222.6350555419922],""confidence"":0.12933339178562164},{""bbox"":[344.396728515625,263.9825744628906,357.9340515136719,278.5648193359375],""confidence"":0.11573438346385956},{""bbox"":[476.3580017089844,288.7750244140625,488.5884094238281,301.54278564453125],""confidence"":0.0776534378528595},{""bbox"":[344.1007995605469,217.3526611328125,357.919189453125,231.68360900878906],""confidence"":0.05672328546643257},{""bbox"":[478.83282470703125,245.48414611816406,491.0029296875,257.4162902832031],""confidence"":0.04228253662586212},{""bbox"":[340.37091064453125,219.28787231445312,354.767822265625,234.18313598632812],""confidence"":0.03723771870136261},{""bbox"":[344.638916015625,219.61158752441406,358.96453857421875,234.3834686279297],""confidence"":0.0328671969473362},{""bbox"":[340.57611083984375,261.10968017578125,353.116455078125,275.1253967285156],""confidence"":0.018096299842000008},{""bbox"":[489.7474670410156,211.34469604492188,501.4689025878906,222.93324279785156],""confidence"":0.014171200804412365},{""bbox"":[476.25555419921875,290.42462158203125,490.50439453125,305.9562072753906],""confidence"":0.006880664732307196},{""bbox"":[342.568603515625,181.80636596679688,358.328125,199.51039123535156],""confidence"":0.005957040935754776},{""bbox"":[476.5533447265625,244.61773681640625,489.0755615234375,257.43719482421875],""confidence"":0.005355642177164555},{""bbox"":[481.6099548339844,289.7322082519531,494.1860046386719,302.0715637207031],""confidence"":0.0049093011766672134},{""bbox"":[485.3270263671875,213.27044677734375,497.4400939941406,226.79998779296875],""confidence"":0.0034124902449548244},{""bbox"":[482.17291259765625,245.6692352294922,494.39837646484375,257.6556396484375],""confidence"":0.0024643007200211287},{""bbox"":[340.7438049316406,186.54539489746094,356.69189453125,205.5023651123047],""confidence"":0.0018471366493031383},{""bbox"":[0.0,444.0,8.781189918518066,444.0],""confidence"":0.0013439524918794632},{""bbox"":[0.0,0.0,9.186846733093262,0.0],""confidence"":0.0012326773721724749}]",23,0.001
001_20200629_082828(0),3,576,444,"[[349.0,201.0,364.00000000000006,216.0],[350.00000000000006,235.00000000000003,366.0,247.0],[356.0,281.0,370.0,292.99999999999994]]","[{""bbox"":[348.6354675292969,200.8824462890625,362.11907958984375,214.6988525390625],""confidence"":0.6061975359916687},{""bbox"":[350.3958435058594,234.14166259765625,363.427734375,247.98069763183594],""confidence"":0.5697072148323059},{""bbox"":[355.174560546875,280.5339660644531,367.96722412109375,294.2888488769531],""confidence"":0.464874804019928},{""bbox"":[350.8351135253906,200.74195861816406,364.5027160644531,214.1604461669922],""confidence"":0.14692449569702148},{""bbox"":[358.2632751464844,280.1379089355469,372.14263916015625,293.8010559082031],""confidence"":0.037935420870780945},{""bbox"":[348.1798095703125,235.360107421875,361.7024230957031,248.95700073242188],""confidence"":0.032924022525548935},{""bbox"":[493.5487976074219,280.3746032714844,504.93524169921875,292.1486511230469],""confidence"":0.026555141434073448},{""bbox"":[493.94122314453125,201.19349670410156,504.84649658203125,212.30506896972656],""confidence"":0.02645491436123848},{""bbox"":[347.1817932128906,202.0436248779297,362.6761474609375,219.55813598632812],""confidence"":0.022066155448555946},{""bbox"":[352.0454406738281,232.05337524414062,365.6404724121094,246.61422729492188],""confidence"":0.016253678128123283},{""bbox"":[353.63873291015625,280.6474914550781,369.6566467285156,298.8326110839844],""confidence"":0.014983425848186016},{""bbox"":[348.3218078613281,232.3663787841797,361.01275634765625,246.1608123779297],""confidence"":0.013184296898543835},{""bbox"":[346.65966796875,196.4762420654297,362.8243103027344,216.25146484375],""confidence"":0.009710833430290222},{""bbox"":[491.2735290527344,279.9055480957031,502.6450500488281,292.46917724609375],""confidence"":0.008286850526928902},{""bbox"":[491.2707824707031,236.16348266601562,502.36016845703125,247.84776306152344],""confidence"":0.0050925337709486485},{""bbox"":[491.97100830078125,201.20651245117188,503.3388977050781,213.05471801757812],""confidence"":0.0030543881002813578},{""bbox"":[353.7113037109375,275.6994934082031,369.01373291015625,295.2090148925781],""confidence"":0.0019485654775053263},{""bbox"":[497.495849609375,200.8070068359375,508.79266357421875,212.31265258789062],""confidence"":0.0018562176264822483},{""bbox"":[350.4079284667969,202.9019775390625,365.5922546386719,219.68959045410156],""confidence"":0.0016191963804885745},{""bbox"":[0.0,444.0,8.77602767944336,444.0],""confidence"":0.001341012422926724},{""bbox"":[0.0,0.0,9.185344696044922,0.0],""confidence"":0.0012323885457590222},{""bbox"":[496.9706115722656,280.3186950683594,508.68927001953125,292.2823791503906],""confidence"":0.0010069938143715262}]",22,0.001
001_20200629_082831(0),3,576,444,"[[351.0,215.00000000000003,365.0,227.0],[350.0,261.0,364.0,273.0],[353.0,182.0,364.00000000000006,192.0]]","[{""bbox"":[352.4359436035156,181.68740844726562,365.14410400390625,194.84442138671875],""confidence"":0.5740277767181396},{""bbox"":[350.17742919921875,260.89990234375,362.7721862792969,273.6832580566406],""confidence"":0.5367369651794434},{""bbox"":[350.54876708984375,215.35816955566406,363.1454162597656,228.59487915039062],""confidence"":0.5204333066940308},{""bbox"":[352.7340087890625,215.50225830078125,365.5033264160156,229.0891571044922],""confidence"":0.21018311381340027},{""bbox"":[348.5370178222656,261.1561584472656,360.7599792480469,272.8953857421875],""confidence"":0.17931951582431793},{""bbox"":[351.77325439453125,260.96026611328125,365.13372802734375,274.6961669921875],""confidence"":0.15370559692382812},{""bbox"":[348.5928955078125,215.81138610839844,361.07666015625,228.13441467285156],""confidence"":0.09394461661577225},{""bbox"":[351.0309143066406,182.37002563476562,365.795654296875,198.05136108398438],""confidence"":0.08704371750354767},{""bbox"":[494.8538818359375,208.23016357421875,506.1370544433594,220.03057861328125],""confidence"":0.08588790893554688},{""bbox"":[349.4708557128906,261.8074951171875,363.7115478515625,277.1363830566406],""confidence"":0.05984033644199371},{""bbox"":[486.2297058105469,286.8770751953125,498.26324462890625,299.3607482910156],""confidence"":0.044889919459819794},{""bbox"":[487.6321105957031,241.70855712890625,499.5412902832031,254.53070068359375],""confidence"":0.03855942189693451},{""bbox"":[348.6986083984375,181.54757690429688,362.7578125,195.04055786132812],""confidence"":0.03492097556591034},{""bbox"":[497.1330871582031,208.04078674316406,508.9117431640625,220.21353149414062],""confidence"":0.021940333768725395},{""bbox"":[483.9527893066406,285.4031982421875,495.89031982421875,298.75836181640625],""confidence"":0.01652940921485424},{""bbox"":[490.011962890625,242.455078125,501.66912841796875,254.48422241210938],""confidence"":0.009196264669299126},{""bbox"":[349.21453857421875,215.8899688720703,365.1236267089844,234.03575134277344],""confidence"":0.008838318288326263},{""bbox"":[352.20965576171875,262.1333312988281,366.4707336425781,277.27117919921875],""confidence"":0.007083806674927473},{""bbox"":[348.7550964355469,210.9963836669922,363.4591979980469,229.1658935546875],""confidence"":0.004804225172847509},{""bbox"":[489.7834167480469,287.33355712890625,501.6415100097656,299.4352722167969],""confidence"":0.0035121559631079435},{""bbox"":[491.82647705078125,207.97305297851562,505.2245178222656,221.3114471435547],""confidence"":0.003510325448587537},{""bbox"":[484.2266845703125,240.84051513671875,496.7179260253906,254.27613830566406],""confidence"":0.003403519745916128},{""bbox"":[358.1148376464844,182.36021423339844,371.6642761230469,195.3395233154297],""confidence"":0.002111732726916671},{""bbox"":[487.1046142578125,239.574462890625,498.91973876953125,253.00018310546875],""confidence"":0.001582095748744905},{""bbox"":[347.488037109375,182.3682098388672,363.4847412109375,198.73849487304688],""confidence"":0.0014474204508587718},{""bbox"":[351.9281921386719,216.73931884765625,367.3117370605469,234.04135131835938],""confidence"":0.0013642397243529558},{""bbox"":[0.0,444.0,8.773768424987793,444.0],""confidence"":0.0013325402978807688},{""bbox"":[0.0,0.0,9.188045501708984,0.0],""confidence"":0.0012335770297795534}]",28,0.001
001_20200629_082834(2),3,576,444,"[[356.0,178.0,368.0,189.0],[350.0,212.0,364.0,226.0],[339.99999999999994,253.99999999999997,360.0,272.0]]","[{""bbox"":[350.8942565917969,210.94512939453125,364.1352844238281,224.7137451171875],""confidence"":0.5451416969299316},{""bbox"":[354.2572937011719,177.24566650390625,368.41998291015625,192.10203552246094],""confidence"":0.5362346172332764},{""bbox"":[346.6304626464844,255.65357971191406,358.4428405761719,268.6083679199219],""confidence"":0.5014394521713257},{""bbox"":[493.7615966796875,224.32159423828125,505.88238525390625,236.04806518554688],""confidence"":0.3097778558731079},{""bbox"":[478.8166809082031,299.8879699707031,492.0425720214844,313.965576171875],""confidence"":0.26921865344047546},{""bbox"":[347.7804870605469,256.90338134765625,360.64801025390625,270.55072021484375],""confidence"":0.15676799416542053},{""bbox"":[476.392822265625,298.4044494628906,490.25152587890625,313.30108642578125],""confidence"":0.15366052091121674},{""bbox"":[348.53387451171875,210.93919372558594,361.8529357910156,223.86965942382812],""confidence"":0.11923923343420029},{""bbox"":[482.29156494140625,255.5884552001953,494.97418212890625,269.7767639160156],""confidence"":0.10809600353240967},{""bbox"":[483.969482421875,257.433837890625,497.17022705078125,271.00469970703125],""confidence"":0.10602816939353943},{""bbox"":[345.4593811035156,253.813232421875,357.58404541015625,267.45263671875],""confidence"":0.10471338778734207},{""bbox"":[357.5420227050781,177.76177978515625,371.9021911621094,192.71043395996094],""confidence"":0.07272270321846008},{""bbox"":[496.1637268066406,224.2217254638672,508.58880615234375,236.3575439453125],""confidence"":0.05363515764474869},{""bbox"":[481.48724365234375,300.9490966796875,494.68994140625,314.45513916015625],""confidence"":0.047984540462493896},{""bbox"":[353.1124267578125,212.46969604492188,367.4776306152344,227.25851440429688],""confidence"":0.0454515740275383},{""bbox"":[474.8852233886719,296.5630187988281,488.7369079589844,312.1931457519531],""confidence"":0.016399063169956207},{""bbox"":[341.7505798339844,256.2207336425781,354.3649597167969,267.729736328125],""confidence"":0.01201776321977377},{""bbox"":[492.1986999511719,225.99282836914062,505.68023681640625,241.16143798828125],""confidence"":0.006899859756231308},{""bbox"":[347.5492858886719,211.61578369140625,362.6501159667969,227.14166259765625],""confidence"":0.006162928882986307},{""bbox"":[480.5328674316406,253.6200408935547,493.289306640625,268.2622985839844],""confidence"":0.004975013434886932},{""bbox"":[352.2667541503906,257.79638671875,365.251708984375,271.6079406738281],""confidence"":0.004251549486070871},{""bbox"":[352.70654296875,178.70777893066406,369.59210205078125,198.33193969726562],""confidence"":0.003055331762880087},{""bbox"":[476.88177490234375,253.81910705566406,490.6533508300781,268.0604553222656],""confidence"":0.0022792427334934473},{""bbox"":[477.02142333984375,301.2936096191406,493.3760986328125,320.565185546875],""confidence"":0.002085329033434391},{""bbox"":[488.5248718261719,258.8359069824219,501.4061279296875,271.43408203125],""confidence"":0.0020749170798808336},{""bbox"":[469.6683044433594,296.7518005371094,483.1169128417969,310.7090759277344],""confidence"":0.001970251090824604},{""bbox"":[0.0,444.0,8.772581100463867,444.0],""confidence"":0.0013306051259860396},{""bbox"":[348.90948486328125,178.0445098876953,364.32208251953125,192.00340270996094],""confidence"":0.0012493791291490197},{""bbox"":[0.0,0.0,9.187272071838379,0.0],""confidence"":0.0012344045098870993}]",29,0.001
001_20200629_082837(2),3,576,444,"[[339.00000000000006,162.00000000000003,355.0,174.0],[338.0,197.0,355.0,211.0],[342.0,240.0,356.0,253.99999999999997]]","[{""bbox"":[342.3038330078125,240.84695434570312,355.1430969238281,254.54745483398438],""confidence"":0.5237141251564026},{""bbox"":[339.497314453125,161.132568359375,352.13763427734375,174.60548400878906],""confidence"":0.50774085521698},{""bbox"":[339.7798767089844,195.84930419921875,352.1795959472656,208.57081604003906],""confidence"":0.43547523021698},{""bbox"":[344.3192138671875,240.9264373779297,357.7600402832031,255.13934326171875],""confidence"":0.16182558238506317},{""bbox"":[485.0382385253906,170.47512817382812,496.0169982910156,182.03329467773438],""confidence"":0.059262655675411224},{""bbox"":[481.2813720703125,249.89639282226562,492.6700134277344,262.2355651855469],""confidence"":0.045004215091466904},{""bbox"":[340.8922424316406,239.3853302001953,353.126708984375,252.58660888671875],""confidence"":0.036133814603090286},{""bbox"":[340.65460205078125,241.99935913085938,353.94189453125,255.73106384277344],""confidence"":0.033720653504133224},{""bbox"":[338.3426513671875,195.69102478027344,353.84600830078125,212.51515197753906],""confidence"":0.02929995395243168},{""bbox"":[343.3800964355469,161.05712890625,357.2489013671875,174.85366821289062],""confidence"":0.014311621896922588},{""bbox"":[483.20281982421875,250.19361877441406,494.6289367675781,262.1641540527344],""confidence"":0.014218735508620739},{""bbox"":[344.4612731933594,195.5094757080078,357.86566162109375,208.61029052734375],""confidence"":0.013691654428839684},{""bbox"":[334.4549255371094,161.07765197753906,348.85546875,174.68881225585938],""confidence"":0.007234955672174692},{""bbox"":[478.8699035644531,205.48635864257812,490.12860107421875,217.15065002441406],""confidence"":0.0044873617589473724},{""bbox"":[481.95294189453125,171.74295043945312,493.7256774902344,184.15310668945312],""confidence"":0.0036948800552636385},{""bbox"":[477.465576171875,249.40321350097656,489.5648193359375,262.41717529296875],""confidence"":0.0029648717027157545},{""bbox"":[334.4609680175781,195.92555236816406,348.20068359375,208.655517578125],""confidence"":0.0026544160209596157},{""bbox"":[480.55450439453125,246.88645935058594,492.33624267578125,260.8893127441406],""confidence"":0.0021336511708796024},{""bbox"":[484.70416259765625,167.59678649902344,496.49676513671875,181.20242309570312],""confidence"":0.0019290093332529068},{""bbox"":[0.0,444.0,8.772564888000488,444.0],""confidence"":0.0013320042053237557},{""bbox"":[0.0,0.0,9.183670043945312,0.0],""confidence"":0.0012249553110450506}]",21,0.001
001_20200629_082840(2),3,576,444,"[[349.0,198.0,364.99999999999994,212.0],[350.00000000000006,231.0,362.0,246.0],[351.0,280.0,364.0,291.00000000000006]]","[{""bbox"":[350.376953125,198.52333068847656,363.85992431640625,212.53842163085938],""confidence"":0.6359248161315918},{""bbox"":[350.3018493652344,278.3713073730469,362.9587707519531,291.9505615234375],""confidence"":0.5295108556747437},{""bbox"":[349.3584899902344,232.68344116210938,362.21441650390625,246.11878967285156],""confidence"":0.501884937286377},{""bbox"":[493.7764892578125,221.29318237304688,505.52703857421875,233.52035522460938],""confidence"":0.3078485429286957},{""bbox"":[352.00927734375,278.6390380859375,365.1895751953125,292.8017272949219],""confidence"":0.16431443393230438},{""bbox"":[351.930908203125,232.86041259765625,365.1643371582031,246.60935974121094],""confidence"":0.08845550566911697},{""bbox"":[348.1073913574219,231.88885498046875,360.0088806152344,244.56785583496094],""confidence"":0.0856056809425354},{""bbox"":[348.07696533203125,199.29649353027344,361.75885009765625,213.15118408203125],""confidence"":0.0629553347826004},{""bbox"":[487.64776611328125,255.50369262695312,499.4316101074219,267.8540344238281],""confidence"":0.0523172952234745},{""bbox"":[496.206298828125,221.05673217773438,508.4942626953125,233.48226928710938],""confidence"":0.04389376938343048},{""bbox"":[486.97918701171875,300.08648681640625,498.8728942871094,312.8489685058594],""confidence"":0.0418708361685276},{""bbox"":[491.4882507324219,221.48895263671875,504.7031555175781,234.9668731689453],""confidence"":0.02938571758568287},{""bbox"":[347.22332763671875,233.78158569335938,361.4596252441406,248.5945587158203],""confidence"":0.017924703657627106},{""bbox"":[483.7385559082031,299.1952819824219,495.9010925292969,312.7781066894531],""confidence"":0.017363082617521286},{""bbox"":[349.7598876953125,196.14808654785156,365.50372314453125,213.326904296875],""confidence"":0.01598529890179634},{""bbox"":[490.1151428222656,256.0782470703125,501.5617980957031,267.8310546875],""confidence"":0.012198160402476788},{""bbox"":[486.11798095703125,256.60369873046875,498.6131591796875,270.06427001953125],""confidence"":0.010915210470557213},{""bbox"":[492.9768981933594,218.09722900390625,505.4087219238281,232.6041259765625],""confidence"":0.006290346384048462},{""bbox"":[348.18072509765625,275.5022277832031,361.1125183105469,289.7550048828125],""confidence"":0.0044936505146324635},{""bbox"":[489.8679504394531,300.83648681640625,501.5606994628906,312.7234802246094],""confidence"":0.00395212834700942},{""bbox"":[484.29638671875,254.80142211914062,496.5640563964844,267.6890563964844],""confidence"":0.003702001180499792},{""bbox"":[350.6793518066406,275.4122619628906,365.73590087890625,292.5115051269531],""confidence"":0.0031963656656444073},{""bbox"":[485.91583251953125,297.2086486816406,498.449462890625,311.7340087890625],""confidence"":0.0017534237122163177},{""bbox"":[0.0,444.0,8.77749252319336,444.0],""confidence"":0.001337545458227396},{""bbox"":[0.0,0.0,9.189882278442383,0.0],""confidence"":0.001235244213603437},{""bbox"":[347.9687194824219,200.3839111328125,364.4276123046875,220.0092315673828],""confidence"":0.0010707603069022298}]",26,0.001
001_20200728_043138(3),3,576,444,"[[328.0,179.0,339.00000000000006,191.00000000000003]]","[{""bbox"":[329.99273681640625,179.34735107421875,341.27349853515625,190.98660278320312],""confidence"":0.4283078908920288},{""bbox"":[332.3103942871094,179.226806640625,343.6900329589844,191.36505126953125],""confidence"":0.1353043019771576},{""bbox"":[327.1855163574219,179.99664306640625,338.5089416503906,190.77159118652344],""confidence"":0.04007726535201073},{""bbox"":[328.65966796875,175.0814666748047,340.94207763671875,190.3182373046875],""confidence"":0.003933507017791271},{""bbox"":[466.8565979003906,189.6790008544922,477.9382629394531,200.64259338378906],""confidence"":0.0016776504926383495},{""bbox"":[0.0,444.0,8.775294303894043,444.0],""confidence"":0.0013354159891605377},{""bbox"":[0.0,0.0,9.187265396118164,0.0],""confidence"":0.0012291236780583858},{""bbox"":[469.8531188964844,189.47561645507812,480.7559509277344,200.3190155029297],""confidence"":0.0010786991333588958}]",8,0.001
001_20200728_043141(5),3,576,444,"[[313.0,213.0,323.00000000000006,222.0]]","[{""bbox"":[310.9205627441406,212.43487548828125,322.156005859375,224.81190490722656],""confidence"":0.497882604598999},{""bbox"":[309.59478759765625,213.58998107910156,321.7691955566406,226.68348693847656],""confidence"":0.1683039665222168},{""bbox"":[448.60345458984375,177.95802307128906,460.1156005859375,190.15635681152344],""confidence"":0.0447043851017952},{""bbox"":[447.3986511230469,178.62599182128906,458.60479736328125,191.17303466796875],""confidence"":0.0236805509775877},{""bbox"":[305.7811584472656,213.4136505126953,318.438720703125,224.8308563232422],""confidence"":0.009998087771236897},{""bbox"":[314.8172302246094,211.0164337158203,328.33673095703125,223.4990997314453],""confidence"":0.0051195984706282616},{""bbox"":[448.2043151855469,174.76446533203125,460.8052062988281,189.1778564453125],""confidence"":0.0024664257653057575},{""bbox"":[305.6645202636719,210.62619018554688,318.46612548828125,223.253662109375],""confidence"":0.0018089449731633067},{""bbox"":[0.0,444.0,8.775215148925781,444.0],""confidence"":0.0013352195965126157},{""bbox"":[445.0841369628906,179.73606872558594,457.00616455078125,191.90283203125],""confidence"":0.0012975475983694196},{""bbox"":[0.0,0.0,9.191807746887207,0.0],""confidence"":0.0012371158227324486},{""bbox"":[304.89434814453125,213.99444580078125,318.8670959472656,227.76052856445312],""confidence"":0.0012097918661311269}]",12,0.001
001_20200728_163910(5),3,576,444,"[[324.0,190.0,335.99999999999994,199.0]]","[{""bbox"":[322.7758483886719,188.712890625,335.0047302246094,200.85174560546875],""confidence"":0.5680601596832275},{""bbox"":[319.8603515625,188.6594696044922,332.5279235839844,200.54080200195312],""confidence"":0.09332262724637985},{""bbox"":[458.0135192871094,225.4900665283203,470.0057678222656,237.49911499023438],""confidence"":0.0670289620757103},{""bbox"":[321.616943359375,189.4976806640625,335.9631042480469,205.12216186523438],""confidence"":0.039674632251262665},{""bbox"":[324.1148986816406,190.2080535888672,338.0967712402344,205.21295166015625],""confidence"":0.00992779154330492},{""bbox"":[455.3046875,224.5780029296875,467.8440246582031,237.35214233398438],""confidence"":0.008719335310161114},{""bbox"":[461.0990905761719,225.86019897460938,472.8004150390625,237.50965881347656],""confidence"":0.007878618314862251},{""bbox"":[456.2331237792969,226.69601440429688,469.52191162109375,241.20603942871094],""confidence"":0.0032967186998575926},{""bbox"":[0.0,444.0,8.777214050292969,444.0],""confidence"":0.0013423656346276402},{""bbox"":[0.0,0.0,9.193489074707031,0.0],""confidence"":0.0012440046994015574},{""bbox"":[318.4017028808594,189.36460876464844,333.64044189453125,205.5561981201172],""confidence"":0.0011747450334951282}]",11,0.001
001_20200728_163913(6),3,576,444,"[[330.0,191.00000000000003,340.0,203.0]]","[{""bbox"":[327.885009765625,190.93112182617188,339.6495361328125,203.5589141845703],""confidence"":0.45430025458335876},{""bbox"":[330.73443603515625,190.95616149902344,343.16552734375,203.78094482421875],""confidence"":0.062470272183418274},{""bbox"":[326.2936096191406,189.1975555419922,337.71356201171875,202.13330078125],""confidence"":0.034683916717767715},{""bbox"":[325.8638000488281,192.27513122558594,338.2811584472656,205.26327514648438],""confidence"":0.03352990373969078},{""bbox"":[464.8937683105469,197.69908142089844,476.52630615234375,209.4818115234375],""confidence"":0.029641227796673775},{""bbox"":[462.5211181640625,197.380859375,474.4874267578125,210.02041625976562],""confidence"":0.004232750739902258},{""bbox"":[463.1430358886719,198.93443298339844,475.3835754394531,212.37928771972656],""confidence"":0.0021080903243273497},{""bbox"":[468.1412658691406,197.55368041992188,479.86083984375,209.17127990722656],""confidence"":0.0017914719646796584},{""bbox"":[0.0,444.0,8.772716522216797,444.0],""confidence"":0.0013312014052644372},{""bbox"":[0.0,0.0,9.18889045715332,0.0],""confidence"":0.0012354314094409347}]",10,0.001
001_20200810_085043(8),3,576,444,"[[326.0,210.00000000000003,336.0,222.0]]","[{""bbox"":[325.8234558105469,211.51748657226562,337.3477783203125,223.66067504882812],""confidence"":0.44568878412246704},{""bbox"":[325.7353515625,212.35873413085938,339.2084045410156,226.7813720703125],""confidence"":0.09132106602191925},{""bbox"":[462.7969665527344,231.41238403320312,474.7750244140625,243.41006469726562],""confidence"":0.0808711051940918},{""bbox"":[330.0063781738281,211.47618103027344,343.1445617675781,224.6798858642578],""confidence"":0.031016219407320023},{""bbox"":[320.12939453125,211.55113220214844,333.6949768066406,223.86813354492188],""confidence"":0.0051042912527918816},{""bbox"":[0.0,444.0,8.788078308105469,444.0],""confidence"":0.001367962104268372},{""bbox"":[0.0,0.0,9.207352638244629,0.0],""confidence"":0.0012425356544554234},{""bbox"":[460.9061279296875,232.897216796875,474.7359313964844,248.37355041503906],""confidence"":0.001171921263448894}]",8,0.001
001_20200814_123136(2),3,576,444,"[[326.0,159.0,337.99999999999994,169.0]]","[{""bbox"":[328.06768798828125,158.82550048828125,339.4627990722656,170.52151489257812],""confidence"":0.3730006515979767},{""bbox"":[326.6090393066406,159.13294982910156,337.257080078125,170.22203063964844],""confidence"":0.16310031712055206},{""bbox"":[331.904541015625,158.62960815429688,343.6522216796875,170.93275451660156],""confidence"":0.028340691700577736},{""bbox"":[326.17803955078125,159.29629516601562,340.7257995605469,176.39755249023438],""confidence"":0.004594279918819666},{""bbox"":[465.7554931640625,160.67262268066406,477.4192199707031,172.42970275878906],""confidence"":0.0038516477216035128},{""bbox"":[468.5638122558594,160.28265380859375,480.3525695800781,172.0790252685547],""confidence"":0.0013733276864513755},{""bbox"":[0.0,444.0,8.777121543884277,444.0],""confidence"":0.0013387652579694986},{""bbox"":[0.0,0.0,9.198760986328125,0.0],""confidence"":0.0012418138794600964}]",8,0.001
001_20200814_123143(5),3,576,444,"[[330.00000000000006,164.0,342.0,175.99999999999997]]","[{""bbox"":[332.16943359375,166.40342712402344,343.77978515625,178.07200622558594],""confidence"":0.38929563760757446},{""bbox"":[471.0494689941406,164.48353576660156,483.0091857910156,177.1640625],""confidence"":0.028400685638189316},{""bbox"":[330.2320556640625,167.2811279296875,344.8386535644531,183.570556640625],""confidence"":0.008475299924612045},{""bbox"":[467.8661804199219,164.91065979003906,480.2356872558594,177.72720336914062],""confidence"":0.006058934610337019},{""bbox"":[327.16839599609375,166.54226684570312,340.64410400390625,178.9365997314453],""confidence"":0.004161467310041189},{""bbox"":[0.0,444.0,8.775008201599121,444.0],""confidence"":0.0013348450884222984},{""bbox"":[0.0,0.0,9.198846817016602,0.0],""confidence"":0.0012396796373650432},{""bbox"":[337.2832336425781,165.48109436035156,350.4695739746094,178.029296875],""confidence"":0.00114252301864326}]",8,0.001
001_20200815_003529(0),3,576,444,"[[319.00000000000006,194.0,331.0,206.00000000000003]]","[{""bbox"":[320.73291015625,191.31338500976562,332.95513916015625,204.5130157470703],""confidence"":0.4474725127220154},{""bbox"":[318.91876220703125,192.8872833251953,331.32550048828125,205.6262664794922],""confidence"":0.05421466752886772},{""bbox"":[323.11480712890625,190.26205444335938,336.05316162109375,203.61758422851562],""confidence"":0.04765482619404793},{""bbox"":[318.9464111328125,189.1822509765625,331.4803771972656,203.53622436523438],""confidence"":0.006319498177617788},{""bbox"":[457.9208068847656,157.3280029296875,469.5646667480469,169.68902587890625],""confidence"":0.004644386935979128},{""bbox"":[454.980712890625,158.1785125732422,466.8730163574219,171.1685791015625],""confidence"":0.0017512317281216383},{""bbox"":[0.0,444.0,8.772652626037598,444.0],""confidence"":0.0013318913988769054},{""bbox"":[0.0,0.0,9.191211700439453,0.0],""confidence"":0.0012332621263340116}]",8,0.001
001_20200818_163230(6),3,576,444,"[[331.0,173.0,340.0,187.0]]","[{""bbox"":[332.4541320800781,176.0482635498047,343.49365234375,187.74728393554688],""confidence"":0.41246485710144043},{""bbox"":[331.2162170410156,177.4119415283203,343.48504638671875,190.6939239501953],""confidence"":0.05521271750330925},{""bbox"":[327.30804443359375,176.5374298095703,340.0341491699219,187.9723358154297],""confidence"":0.0038429489359259605},{""bbox"":[471.26171875,184.8970947265625,482.16290283203125,196.24783325195312],""confidence"":0.001429290627129376},{""bbox"":[0.0,444.0,8.772553443908691,444.0],""confidence"":0.001324089476838708},{""bbox"":[0.0,0.0,9.199298858642578,0.0],""confidence"":0.0012452915543690324},{""bbox"":[338.54644775390625,176.1480255126953,350.5979919433594,188.16563415527344],""confidence"":0.0010992147726938128}]",7,0.001
001_20200818_163233(9),3,576,444,"[[317.0,215.0,328.99999999999994,228.0]]","[{""bbox"":[315.99493408203125,216.32595825195312,327.21746826171875,227.76014709472656],""confidence"":0.44165316224098206},{""bbox"":[317.9014892578125,215.74807739257812,329.3861389160156,227.8718719482422],""confidence"":0.2278643250465393},{""bbox"":[453.6521301269531,186.61964416503906,465.1167907714844,199.33697509765625],""confidence"":0.07355869561433792},{""bbox"":[454.77618408203125,185.8758087158203,466.8182373046875,198.41461181640625],""confidence"":0.062014490365982056},{""bbox"":[312.86029052734375,216.99403381347656,324.1778564453125,227.47312927246094],""confidence"":0.03626105934381485},{""bbox"":[451.27044677734375,187.49102783203125,463.43719482421875,199.79164123535156],""confidence"":0.01769557222723961},{""bbox"":[313.456787109375,216.7437744140625,328.1596984863281,233.9764862060547],""confidence"":0.0054317014291882515},{""bbox"":[448.86065673828125,187.61219787597656,462.040283203125,201.19679260253906],""confidence"":0.0019555571489036083},{""bbox"":[454.60394287109375,182.05345153808594,467.7987060546875,197.294677734375],""confidence"":0.0015485428739339113},{""bbox"":[0.0,444.0,8.783798217773438,444.0],""confidence"":0.001345657859928906},{""bbox"":[0.0,0.0,9.200545310974121,0.0],""confidence"":0.0012413226068019867},{""bbox"":[314.1669921875,211.09945678710938,327.11199951171875,227.7888946533203],""confidence"":0.0010522105731070042}]",12,0.001
001_20200819_043209(9),3,576,444,"[[329.0,168.0,339.00000000000006,182.0]]","[{""bbox"":[326.66357421875,169.4092559814453,338.7937316894531,182.72935485839844],""confidence"":0.44531798362731934},{""bbox"":[325.3955993652344,167.5430908203125,337.5006103515625,181.36883544921875],""confidence"":0.04557175561785698},{""bbox"":[464.8743896484375,172.279296875,476.4651794433594,184.1625518798828],""confidence"":0.038326580077409744},{""bbox"":[330.5480651855469,169.51303100585938,343.32598876953125,182.8391571044922],""confidence"":0.03321176767349243},{""bbox"":[462.7756652832031,171.96563720703125,474.5475158691406,184.72120666503906],""confidence"":0.006305616348981857},{""bbox"":[467.7943115234375,171.9394073486328,479.77777099609375,183.88902282714844],""confidence"":0.002533568302169442},{""bbox"":[320.1639099121094,170.41683959960938,333.5032653808594,182.2733917236328],""confidence"":0.0018050847575068474},{""bbox"":[0.0,444.0,8.774219512939453,444.0],""confidence"":0.0013370501110330224},{""bbox"":[0.0,0.0,9.189128875732422,0.0],""confidence"":0.0012330395402386785}]",9,0.001
001_20200819_043216(0),3,576,444,"[[338.0,159.0,352.0,170.99999999999997]]","[{""bbox"":[335.49969482421875,154.69114685058594,349.2052917480469,169.08140563964844],""confidence"":0.4900606870651245},{""bbox"":[453.898681640625,258.57965087890625,469.5821228027344,274.6094665527344],""confidence"":0.2539842128753662},{""bbox"":[336.89013671875,155.9227752685547,350.80859375,170.25543212890625],""confidence"":0.23864737153053284},{""bbox"":[452.8344421386719,254.99569702148438,468.87646484375,271.9360046386719],""confidence"":0.1813526600599289},{""bbox"":[334.33026123046875,152.7067108154297,347.8454284667969,167.4092559814453],""confidence"":0.13240189850330353},{""bbox"":[337.68890380859375,157.12567138671875,352.5552673339844,172.59469604492188],""confidence"":0.09539751708507538},{""bbox"":[455.2673034667969,260.93731689453125,471.0229797363281,277.8371887207031],""confidence"":0.06493277102708817},{""bbox"":[458.06976318359375,260.0341796875,472.74609375,275.2691955566406],""confidence"":0.025435427203774452},{""bbox"":[449.74114990234375,251.34124755859375,466.0011291503906,269.50494384765625],""confidence"":0.007887748070061207},{""bbox"":[458.5709228515625,262.2016906738281,473.47320556640625,278.2872009277344],""confidence"":0.005918930750340223},{""bbox"":[0.0,444.0,8.780287742614746,444.0],""confidence"":0.0013480244670063257},{""bbox"":[0.0,0.0,9.190046310424805,0.0],""confidence"":0.0012367464369162917}]",12,0.001
001_20200821_150525(5),3,576,444,"[[319.00000000000006,231.0,331.0,242.00000000000003]]","[{""bbox"":[316.3570251464844,229.69686889648438,327.4585876464844,241.3834686279297],""confidence"":0.3685687184333801},{""bbox"":[318.50018310546875,229.40232849121094,329.7569885253906,241.54067993164062],""confidence"":0.13535034656524658},{""bbox"":[456.2447204589844,224.63206481933594,467.97613525390625,236.16358947753906],""confidence"":0.01476968266069889},{""bbox"":[312.81048583984375,230.57264709472656,324.3183288574219,241.22488403320312],""confidence"":0.012208006344735622},{""bbox"":[454.0918884277344,224.808837890625,465.7148742675781,236.6011199951172],""confidence"":0.003966661170125008},{""bbox"":[315.3209533691406,225.44471740722656,327.36737060546875,240.39151000976562],""confidence"":0.0019851934630423784},{""bbox"":[0.0,444.0,8.77828311920166,444.0],""confidence"":0.0013338514836505055},{""bbox"":[0.0,0.0,9.219904899597168,0.0],""confidence"":0.0012634588638320565}]",8,0.001
001_20200821_150529(4),3,576,444,"[[306.0,246.0,317.00000000000006,257.00000000000006]]","[{""bbox"":[309.10736083984375,245.57711791992188,320.767822265625,257.05816650390625],""confidence"":0.42067164182662964},{""bbox"":[310.4866027832031,244.83218383789062,322.5372619628906,257.6503601074219],""confidence"":0.2206396907567978},{""bbox"":[447.0543518066406,223.62181091308594,458.1923522949219,235.94956970214844],""confidence"":0.08216705918312073},{""bbox"":[305.6352844238281,245.7266082763672,317.9422607421875,257.2163391113281],""confidence"":0.02136434242129326},{""bbox"":[307.2251892089844,245.98402404785156,321.9143371582031,262.73333740234375],""confidence"":0.0097684720531106},{""bbox"":[441.5830993652344,224.2852783203125,453.4877014160156,236.9112091064453],""confidence"":0.0028859383892267942},{""bbox"":[0.0,444.0,8.780323028564453,444.0],""confidence"":0.0013442423660308123},{""bbox"":[0.0,0.0,9.229239463806152,0.0],""confidence"":0.0012704021064564586}]",8,0.001
001_20200826_043252(8),3,576,444,"[[309.0,190.0,322.0,201.0]]","[{""bbox"":[310.4508056640625,190.32701110839844,321.3907165527344,201.64891052246094],""confidence"":0.4276885986328125},{""bbox"":[308.95233154296875,191.8092498779297,320.98443603515625,205.00735473632812],""confidence"":0.06403610110282898},{""bbox"":[305.6888122558594,190.85165405273438,318.152587890625,202.1347198486328],""confidence"":0.010199061594903469},{""bbox"":[450.0082702636719,168.20799255371094,461.3085021972656,179.23165893554688],""confidence"":0.004798506386578083},{""bbox"":[0.0,444.0,8.7769136428833,444.0],""confidence"":0.001332153333351016},{""bbox"":[0.0,0.0,9.201360702514648,0.0],""confidence"":0.0012495344271883368}]",6,0.001
001_20200826_043255(8),3,576,444,"[[327.0,226.0,339.0,237.99999999999997]]","[{""bbox"":[325.0189208984375,226.29144287109375,336.21783447265625,238.17507934570312],""confidence"":0.4808305501937866},{""bbox"":[323.788330078125,227.568603515625,336.2895202636719,241.04278564453125],""confidence"":0.08547386527061462},{""bbox"":[463.7076416015625,225.4180450439453,475.53265380859375,237.19923400878906],""confidence"":0.02875458262860775},{""bbox"":[320.1352233886719,226.77609252929688,332.83349609375,238.3333282470703],""confidence"":0.010908175259828568},{""bbox"":[330.83355712890625,226.0311737060547,343.3385314941406,238.2542266845703],""confidence"":0.0039641414768993855},{""bbox"":[0.0,444.0,8.792038917541504,444.0],""confidence"":0.0013612974435091019},{""bbox"":[0.0,0.0,9.215964317321777,0.0],""confidence"":0.0012662429362535477}]",7,0.001
001_20200922_163332(2),3,576,444,"[[472.0,183.0,482.0,192.0]]","[{""bbox"":[468.8290100097656,180.97222900390625,481.4544982910156,194.22789001464844],""confidence"":0.46508046984672546},{""bbox"":[472.9400329589844,179.7396697998047,486.706787109375,193.4196319580078],""confidence"":0.034272003918886185},{""bbox"":[465.6297912597656,180.68899536132812,481.5714111328125,198.19912719726562],""confidence"":0.023067666217684746},{""bbox"":[463.5243225097656,181.11334228515625,478.4927673339844,195.7045135498047],""confidence"":0.022963926196098328},{""bbox"":[467.8519592285156,174.97775268554688,483.3946228027344,194.3103485107422],""confidence"":0.002298325067386031},{""bbox"":[0.0,444.0,8.775635719299316,444.0],""confidence"":0.0013406019425019622},{""bbox"":[0.0,0.0,9.189714431762695,0.0],""confidence"":0.0012331511825323105}]",7,0.001
001_20200922_163335(3),3,576,444,"[[475.0,165.0,488.0,175.0]]","[{""bbox"":[470.9352111816406,164.17848205566406,484.9966125488281,178.69387817382812],""confidence"":0.48853379487991333},{""bbox"":[469.09344482421875,164.90187072753906,483.34600830078125,179.85206604003906],""confidence"":0.34140878915786743},{""bbox"":[473.1154479980469,163.76239013671875,487.14520263671875,178.10850524902344],""confidence"":0.15581771731376648},{""bbox"":[469.99224853515625,160.4257049560547,485.7462158203125,179.6719970703125],""confidence"":0.01646663062274456},{""bbox"":[467.0668029785156,163.90138244628906,484.7619323730469,183.81971740722656],""confidence"":0.011595307849347591},{""bbox"":[463.1492919921875,166.3367919921875,478.0885009765625,181.1044464111328],""confidence"":0.004275980871170759},{""bbox"":[472.2763671875,160.35435485839844,488.1646728515625,178.50930786132812],""confidence"":0.0034360247664153576},{""bbox"":[0.0,444.0,8.776151657104492,444.0],""confidence"":0.0013387767830863595},{""bbox"":[0.0,0.0,9.18695068359375,0.0],""confidence"":0.001229916582815349}]",9,0.001
002_20200622_203053(2),3,352,332,"[[211.00000000000003,110.0,219.0,121.0],[214.0,135.0,221.99999999999997,143.0],[218.00000000000003,159.0,225.0,172.0]]","[{""bbox"":[212.74285888671875,134.6659393310547,221.6211395263672,144.0122528076172],""confidence"":0.6215368509292603},{""bbox"":[210.38711547851562,111.08271789550781,219.8680419921875,120.79298400878906],""confidence"":0.5353499054908752},{""bbox"":[215.36570739746094,160.24842834472656,223.47225952148438,169.03903198242188],""confidence"":0.4183562397956848},{""bbox"":[210.95555114746094,134.3915557861328,222.2073974609375,147.02000427246094],""confidence"":0.024772319942712784},{""bbox"":[317.4227294921875,110.4209976196289,325.0166320800781,118.108154296875],""confidence"":0.01352386362850666},{""bbox"":[316.16278076171875,110.50437927246094,323.74786376953125,118.49885559082031],""confidence"":0.00971055869013071},{""bbox"":[208.68106079101562,111.62744903564453,218.05026245117188,120.70861053466797],""confidence"":0.00797484815120697},{""bbox"":[212.14901733398438,132.66696166992188,221.09788513183594,142.8635711669922],""confidence"":0.007796027231961489},{""bbox"":[213.1398468017578,160.7894287109375,221.46560668945312,168.79042053222656],""confidence"":0.006366233341395855},{""bbox"":[213.8625946044922,111.30471801757812,222.82801818847656,120.50791931152344],""confidence"":0.0060219718143343925},{""bbox"":[2.8589892387390137,332.0,9.497539520263672,332.0],""confidence"":0.0051932320930063725},{""bbox"":[319.9324951171875,157.54568481445312,326.9435119628906,165.01995849609375],""confidence"":0.0036988123320043087},{""bbox"":[214.0795440673828,132.52162170410156,223.4849395751953,142.8757781982422],""confidence"":0.0023594587109982967},{""bbox"":[209.77725219726562,112.50615692138672,220.36038208007812,125.00238800048828],""confidence"":0.0013972437009215355},{""bbox"":[317.6321105957031,157.5885467529297,324.7210388183594,165.42796325683594],""confidence"":0.0011885483982041478},{""bbox"":[213.2677764892578,135.03831481933594,223.6329803466797,146.9457550048828],""confidence"":0.0011113695800304413},{""bbox"":[0.25079914927482605,332.0,6.603455543518066,332.0],""confidence"":0.001099571818485856}]",17,0.001
002_20200622_203057(3),3,352,332,"[[203.00000000000003,111.0,210.0,121.99999999999999],[204.0,134.0,212.0,143.0],[209.0,158.0,215.99999999999997,169.99999999999997]]","[{""bbox"":[204.29452514648438,134.1573028564453,213.49252319335938,143.74473571777344],""confidence"":0.6374633312225342},{""bbox"":[200.65167236328125,111.41349029541016,209.8672332763672,120.80431365966797],""confidence"":0.6102230548858643},{""bbox"":[207.4598388671875,159.56671142578125,216.38941955566406,168.8797149658203],""confidence"":0.49086794257164},{""bbox"":[209.788818359375,159.14491271972656,218.66763305664062,168.3553924560547],""confidence"":0.05374837666749954},{""bbox"":[202.29234313964844,134.03131103515625,213.9882354736328,147.04017639160156],""confidence"":0.02073534205555916},{""bbox"":[205.16578674316406,132.3604736328125,214.81602478027344,142.71922302246094],""confidence"":0.020245004445314407},{""bbox"":[311.17169189453125,145.92811584472656,318.72943115234375,153.83349609375],""confidence"":0.013510536402463913},{""bbox"":[203.56369018554688,132.606201171875,212.67343139648438,142.60865783691406],""confidence"":0.012739591300487518},{""bbox"":[306.4356689453125,98.58870697021484,314.1540832519531,107.0350570678711],""confidence"":0.006608615629374981},{""bbox"":[2.858806610107422,332.0,9.497383117675781,332.0],""confidence"":0.005197073798626661},{""bbox"":[312.8248596191406,145.65090942382812,320.4438781738281,153.2871551513672],""confidence"":0.005120106041431427},{""bbox"":[308.23907470703125,120.9616470336914,316.38568115234375,129.5653076171875],""confidence"":0.004558925982564688},{""bbox"":[199.14234924316406,112.2627944946289,210.32977294921875,124.97904205322266],""confidence"":0.003994823433458805},{""bbox"":[307.8786315917969,98.41114807128906,315.7594299316406,106.61914825439453],""confidence"":0.003603460965678096},{""bbox"":[308.95123291015625,145.35707092285156,316.3904724121094,153.72073364257812],""confidence"":0.001511421287432313},{""bbox"":[0.2508447766304016,332.0,6.603361129760742,332.0],""confidence"":0.0011007309658452868}]",16,0.001
002_20200622_203101(3),3,352,332,"[[210.00000000000003,117.0,217.0,123.0],[210.00000000000003,137.0,217.0,145.0],[213.00000000000003,162.0,220.0,171.0]]","[{""bbox"":[209.53521728515625,137.30792236328125,218.46505737304688,146.45529174804688],""confidence"":0.6199955940246582},{""bbox"":[207.23223876953125,114.12670135498047,216.81297302246094,123.85269165039062],""confidence"":0.5981224179267883},{""bbox"":[211.7239532470703,163.5207061767578,220.199951171875,172.34255981445312],""confidence"":0.3595675826072693},{""bbox"":[209.2883758544922,114.1007308959961,218.5345458984375,123.54318237304688],""confidence"":0.13967151939868927},{""bbox"":[313.7650451660156,115.94252014160156,321.81390380859375,124.42131042480469],""confidence"":0.056612759828567505},{""bbox"":[208.5116424560547,136.7041778564453,216.92095947265625,145.40199279785156],""confidence"":0.038669899106025696},{""bbox"":[208.2202606201172,137.81723022460938,217.53614807128906,147.20436096191406],""confidence"":0.03002890944480896},{""bbox"":[315.2102355957031,163.73141479492188,322.9164733886719,171.94837951660156],""confidence"":0.010090229101479053},{""bbox"":[2.858827590942383,332.0,9.497403144836426,332.0],""confidence"":0.005195509176701307},{""bbox"":[315.9652099609375,115.91908264160156,324.0719299316406,124.09601593017578],""confidence"":0.003778989426791668},{""bbox"":[312.63848876953125,163.6046142578125,320.6310729980469,172.19078063964844],""confidence"":0.002518406370654702},{""bbox"":[313.1923828125,138.54129028320312,321.18804931640625,147.07847595214844],""confidence"":0.002084925305098295},{""bbox"":[312.41912841796875,116.54386138916016,321.0473937988281,125.53731536865234],""confidence"":0.0018855052767321467},{""bbox"":[316.89715576171875,163.80593872070312,324.4836120605469,171.49107360839844],""confidence"":0.0017924868734553456},{""bbox"":[204.37673950195312,114.37272644042969,214.34759521484375,123.51986694335938],""confidence"":0.0017100744880735874},{""bbox"":[208.74754333496094,163.9618377685547,217.280029296875,172.0517120361328],""confidence"":0.0011227834038436413},{""bbox"":[0.2508222162723541,332.0,6.603395462036133,332.0],""confidence"":0.0011003216495737433}]",17,0.001
002_20200622_203105(4),3,352,332,"[[206.0,123.0,215.0,134.0],[208.0,147.0,214.99999999999997,156.0],[210.99999999999997,173.0,217.0,181.99999999999997]]","[{""bbox"":[204.14634704589844,124.43572235107422,213.3627471923828,133.73422241210938],""confidence"":0.6702163219451904},{""bbox"":[206.71597290039062,147.4844970703125,215.470458984375,156.69679260253906],""confidence"":0.5773736238479614},{""bbox"":[209.4084014892578,173.53721618652344,217.69039916992188,182.4031524658203],""confidence"":0.5319742560386658},{""bbox"":[206.34628295898438,145.8015899658203,214.96112060546875,155.6482391357422],""confidence"":0.05778304487466812},{""bbox"":[210.53070068359375,171.95777893066406,219.32925415039062,181.64073181152344],""confidence"":0.013084078207612038},{""bbox"":[205.00440979003906,147.80740356445312,215.79884338378906,160.12648010253906],""confidence"":0.012706128880381584},{""bbox"":[204.4157257080078,148.20028686523438,213.15841674804688,156.43312072753906],""confidence"":0.009405184537172318},{""bbox"":[311.07110595703125,121.06278228759766,318.5538330078125,129.3273162841797],""confidence"":0.006487968377768993},{""bbox"":[2.859409809112549,332.0,9.497862815856934,332.0],""confidence"":0.005202225875109434},{""bbox"":[208.3458709716797,172.11300659179688,216.5921173095703,181.10287475585938],""confidence"":0.004560529720038176},{""bbox"":[209.7447052001953,147.59007263183594,218.43157958984375,156.69602966308594],""confidence"":0.00335966469720006},{""bbox"":[312.33587646484375,120.94992065429688,320.04119873046875,128.93167114257812],""confidence"":0.0024332785978913307},{""bbox"":[310.8404235839844,143.81207275390625,318.3831787109375,152.0264892578125],""confidence"":0.002111355774104595},{""bbox"":[314.7171630859375,169.58602905273438,321.6846923828125,176.99253845214844],""confidence"":0.0018303206888958812},{""bbox"":[202.56260681152344,125.46858215332031,213.58255004882812,138.2218475341797],""confidence"":0.0015429145423695445},{""bbox"":[312.6939392089844,169.52886962890625,319.60614013671875,177.32266235351562],""confidence"":0.0015294133918359876},{""bbox"":[0.25098586082458496,332.0,6.6033735275268555,332.0],""confidence"":0.001101228641346097}]",17,0.001
002_20200622_203109(3),3,352,332,"[[201.0,119.0,209.0,127.0],[203.99999999999997,140.0,210.0,150.0],[205.0,166.99999999999997,213.0,175.0]]","[{""bbox"":[200.5758514404297,117.63101959228516,209.45016479492188,126.92955780029297],""confidence"":0.6078132390975952},{""bbox"":[202.88491821289062,141.18638610839844,211.4789276123047,150.0883026123047],""confidence"":0.5455529093742371},{""bbox"":[204.0121307373047,167.280029296875,212.29026794433594,176.0122833251953],""confidence"":0.46337658166885376},{""bbox"":[201.23550415039062,140.77166748046875,211.45745849609375,151.54608154296875],""confidence"":0.10993802547454834},{""bbox"":[205.57962036132812,166.87269592285156,214.28627014160156,175.6269073486328],""confidence"":0.06865020841360092},{""bbox"":[199.65672302246094,117.7654037475586,210.00694274902344,129.34957885742188],""confidence"":0.05941516160964966},{""bbox"":[205.10968017578125,140.74813842773438,214.11378479003906,149.720947265625],""confidence"":0.020676264539361},{""bbox"":[307.70391845703125,165.3773193359375,315.36041259765625,173.99571228027344],""confidence"":0.016038905829191208},{""bbox"":[203.234130859375,168.32272338867188,212.23464965820312,177.72361755371094],""confidence"":0.014776588417589664},{""bbox"":[199.5332489013672,115.00653076171875,209.88172912597656,127.37303924560547],""confidence"":0.014077400788664818},{""bbox"":[305.736083984375,118.38195037841797,313.43621826171875,126.20536804199219],""confidence"":0.011605306528508663},{""bbox"":[305.7550964355469,139.97573852539062,313.66845703125,148.5821533203125],""confidence"":0.005788937211036682},{""bbox"":[2.858745813369751,332.0,9.497356414794922,332.0],""confidence"":0.005201530642807484},{""bbox"":[200.00704956054688,141.29176330566406,208.9084930419922,149.71615600585938],""confidence"":0.003814776660874486},{""bbox"":[308.6568603515625,166.31658935546875,316.3072509765625,174.047607421875],""confidence"":0.003381728660315275},{""bbox"":[205.2602081298828,167.66725158691406,214.6460723876953,177.74456787109375],""confidence"":0.002994163893163204},{""bbox"":[307.8401794433594,118.37431335449219,315.5423889160156,126.02490997314453],""confidence"":0.0026798893231898546},{""bbox"":[304.2334899902344,139.98497009277344,312.24957275390625,148.81747436523438],""confidence"":0.0018978338921442628},{""bbox"":[0.2509470582008362,332.0,6.603349685668945,332.0],""confidence"":0.001101860892958939},{""bbox"":[201.75070190429688,137.17152404785156,211.2274932861328,149.06715393066406],""confidence"":0.0010380949825048447}]",20,0.001
002_20200623_043056(0),3,316,332,"[[151.0,143.0,163.0,154.0],[153.0,166.0,165.0,179.0],[158.0,198.0,167.99999999999997,212.00000000000003]]","[{""bbox"":[151.6160430908203,144.2762451171875,162.5786895751953,155.46900939941406],""confidence"":0.6329001784324646},{""bbox"":[157.3896026611328,200.32191467285156,167.5369873046875,210.1276397705078],""confidence"":0.610219419002533},{""bbox"":[153.55621337890625,167.7371063232422,164.42152404785156,178.29612731933594],""confidence"":0.5721663236618042},{""bbox"":[156.0960693359375,167.9034881591797,166.39134216308594,178.3985595703125],""confidence"":0.1562618762254715},{""bbox"":[152.67176818847656,168.5243377685547,164.76278686523438,181.6393280029297],""confidence"":0.027778489515185356},{""bbox"":[155.76422119140625,200.46031188964844,165.78675842285156,209.93408203125],""confidence"":0.02720927819609642},{""bbox"":[151.94769287109375,142.1797332763672,162.56451416015625,153.45855712890625],""confidence"":0.02675049379467964},{""bbox"":[160.14503479003906,200.4071502685547,169.9458770751953,210.53253173828125],""confidence"":0.024938933551311493},{""bbox"":[253.95973205566406,169.6551971435547,263.8916015625,179.5281524658203],""confidence"":0.012089093215763569},{""bbox"":[258.9098205566406,201.73052978515625,267.8491516113281,210.98446655273438],""confidence"":0.004746798891574144},{""bbox"":[151.65492248535156,167.7669677734375,162.2985382080078,177.87530517578125],""confidence"":0.0039314767345786095},{""bbox"":[149.89259338378906,147.61993408203125,163.6769256591797,161.1050262451172],""confidence"":0.0037899198941886425},{""bbox"":[255.9998321533203,169.6833953857422,265.5945739746094,179.36940002441406],""confidence"":0.002654043724760413},{""bbox"":[252.42234802246094,168.80886840820312,261.9627685546875,178.87579345703125],""confidence"":0.0026075642090290785},{""bbox"":[156.0502166748047,201.73919677734375,168.17245483398438,214.53089904785156],""confidence"":0.0025014278944581747},{""bbox"":[155.4994354248047,144.91806030273438,165.34796142578125,154.707275390625],""confidence"":0.0017417811322957277},{""bbox"":[156.9368133544922,196.3744354248047,167.9764862060547,208.8430938720703],""confidence"":0.0016930672572925687},{""bbox"":[0.0,2.3701395988464355,0.0,8.917304039001465],""confidence"":0.0013751868391409516}]",18,0.001
002_20200623_043100(6),3,316,332,"[[153.0,145.0,164.0,157.0],[154.99999999999997,166.99999999999997,167.99999999999997,180.0],[159.0,198.00000000000003,169.0,213.0]]","[{""bbox"":[152.5853271484375,144.98158264160156,164.2848663330078,156.21766662597656],""confidence"":0.6293101906776428},{""bbox"":[158.58685302734375,200.9199981689453,169.30706787109375,211.39096069335938],""confidence"":0.6146334409713745},{""bbox"":[155.2472381591797,168.63768005371094,166.1262969970703,179.91873168945312],""confidence"":0.6087478399276733},{""bbox"":[154.900390625,167.156005859375,165.26158142089844,178.38536071777344],""confidence"":0.1735895276069641},{""bbox"":[155.11618041992188,145.2538299560547,165.89341735839844,156.07215881347656],""confidence"":0.15360768139362335},{""bbox"":[259.28546142578125,200.43789672851562,268.697509765625,209.97879028320312],""confidence"":0.025482404977083206},{""bbox"":[157.7277374267578,201.68565368652344,169.9380645751953,214.67686462402344],""confidence"":0.02179059199988842},{""bbox"":[152.64015197753906,142.03890991210938,164.0058135986328,154.39828491210938],""confidence"":0.01223783940076828},{""bbox"":[151.09146118164062,144.36019897460938,162.01905822753906,155.6626434326172],""confidence"":0.009999295696616173},{""bbox"":[151.97329711914062,147.63218688964844,164.20065307617188,160.8885498046875],""confidence"":0.0077573680318892},{""bbox"":[255.0903778076172,168.05490112304688,264.85943603515625,178.09567260742188],""confidence"":0.007617881987243891},{""bbox"":[160.12954711914062,169.13465881347656,170.16659545898438,179.13778686523438],""confidence"":0.004782978445291519},{""bbox"":[260.47174072265625,199.39830017089844,270.3935241699219,209.60682678222656],""confidence"":0.0025757646653801203},{""bbox"":[256.9834899902344,200.27000427246094,266.6467590332031,210.04454040527344],""confidence"":0.0023517825175076723},{""bbox"":[256.3607177734375,168.73809814453125,266.27471923828125,178.67945861816406],""confidence"":0.0023451484739780426},{""bbox"":[0.0,2.369765520095825,0.0,8.915214538574219],""confidence"":0.0013720353599637747},{""bbox"":[260.7723693847656,201.27029418945312,270.08795166015625,210.7764892578125],""confidence"":0.001368811703287065},{""bbox"":[165.15443420410156,201.81674194335938,174.0290985107422,211.2388458251953],""confidence"":0.0011140131391584873},{""bbox"":[258.1759338378906,143.08926391601562,267.6888427734375,152.80392456054688],""confidence"":0.0010157222859561443}]",19,0.001
002_20200623_043105(0),3,316,332,"[[148.0,143.0,161.00000000000003,157.0],[151.0,165.0,162.0,179.0],[155.00000000000003,198.0,165.0,212.00000000000003]]","[{""bbox"":[153.95262145996094,200.2593536376953,164.8494110107422,210.7764434814453],""confidence"":0.6204980611801147},{""bbox"":[148.78135681152344,144.82000732421875,160.35989379882812,156.04013061523438],""confidence"":0.6050344705581665},{""bbox"":[150.8648223876953,168.36854553222656,161.94972229003906,179.8021240234375],""confidence"":0.5678181648254395},{""bbox"":[151.0685272216797,145.0821990966797,161.786865234375,155.89407348632812],""confidence"":0.16788440942764282},{""bbox"":[155.8455047607422,200.47012329101562,166.64996337890625,211.3861083984375],""confidence"":0.1503363996744156},{""bbox"":[150.67100524902344,166.9293212890625,160.9412078857422,177.53500366210938],""confidence"":0.04370654374361038},{""bbox"":[148.99191284179688,142.2487030029297,159.81398010253906,154.121826171875],""confidence"":0.016823336482048035},{""bbox"":[153.259033203125,201.59588623046875,165.69256591796875,214.67520141601562],""confidence"":0.009618651121854782},{""bbox"":[147.0247344970703,144.24758911132812,157.89878845214844,155.42710876464844],""confidence"":0.006768092978745699},{""bbox"":[148.07174682617188,147.6286163330078,160.53599548339844,160.91543579101562],""confidence"":0.005734116770327091},{""bbox"":[156.5913848876953,168.94798278808594,165.873291015625,178.90447998046875],""confidence"":0.004359899088740349},{""bbox"":[255.38694763183594,201.7292022705078,264.5167236328125,211.32797241210938],""confidence"":0.002410969464108348},{""bbox"":[253.6865234375,143.80783081054688,263.19879150390625,153.7137908935547],""confidence"":0.0020669104997068644},{""bbox"":[154.44290161132812,196.3517303466797,165.45352172851562,208.86631774902344],""confidence"":0.001847323845140636},{""bbox"":[251.1748046875,168.7971649169922,260.4197998046875,178.72943115234375],""confidence"":0.001714001758955419},{""bbox"":[0.0,2.3697423934936523,0.0,8.915999412536621],""confidence"":0.001374411629512906}]",16,0.001
002_20200623_043109(4),3,316,332,"[[146.0,145.0,159.0,159.0],[149.0,168.0,160.0,181.0],[151.0,197.00000000000003,163.0,213.0]]","[{""bbox"":[147.62644958496094,145.5582733154297,159.27069091796875,156.690185546875],""confidence"":0.607024073600769},{""bbox"":[150.09654235839844,169.0453338623047,161.08847045898438,180.1806640625],""confidence"":0.5799522399902344},{""bbox"":[152.60841369628906,201.3980712890625,163.59429931640625,212.13534545898438],""confidence"":0.5510984659194946},{""bbox"":[151.94705200195312,169.072265625,162.92799377441406,179.9703826904297],""confidence"":0.26762279868125916},{""bbox"":[149.74388122558594,167.18017578125,160.2697296142578,178.4597625732422],""confidence"":0.08581037074327469},{""bbox"":[155.69839477539062,201.79391479492188,165.92977905273438,212.38877868652344],""confidence"":0.041239961981773376},{""bbox"":[146.7843017578125,147.6725311279297,159.8310546875,160.88668823242188],""confidence"":0.021835006773471832},{""bbox"":[151.053955078125,146.2166290283203,161.37893676757812,156.66448974609375],""confidence"":0.012983163818717003},{""bbox"":[147.52342224121094,142.17881774902344,158.68846130371094,154.4921112060547],""confidence"":0.008371898904442787},{""bbox"":[254.36265563964844,204.6736602783203,263.6861572265625,214.0235137939453],""confidence"":0.006248278543353081},{""bbox"":[250.62844848632812,171.81939697265625,260.10064697265625,181.40943908691406],""confidence"":0.004151070024818182},{""bbox"":[252.89430236816406,146.69973754882812,262.738525390625,156.4569549560547],""confidence"":0.0030381439719349146},{""bbox"":[252.1370391845703,204.49522399902344,261.518310546875,214.09310913085938],""confidence"":0.0028986488468945026},{""bbox"":[151.8628387451172,167.18751525878906,162.17843627929688,177.99090576171875],""confidence"":0.002060944214463234},{""bbox"":[0.0,2.369910717010498,0.0,8.916463851928711],""confidence"":0.0013781276065856218},{""bbox"":[156.90487670898438,170.0999298095703,166.2729034423828,179.3963623046875],""confidence"":0.0012682152446359396},{""bbox"":[151.41148376464844,200.1441650390625,161.55978393554688,211.05494689941406],""confidence"":0.0011692068073898554},{""bbox"":[256.2829895019531,204.7274932861328,265.2872314453125,213.848388671875],""confidence"":0.0010435663862153888}]",18,0.001
002_20200623_043115(4),3,316,332,"[[143.0,146.0,155.0,156.0],[146.0,168.0,156.0,182.00000000000003],[148.0,196.0,159.0,214.0]]","[{""bbox"":[142.76145935058594,145.2640838623047,154.12989807128906,156.33197021484375],""confidence"":0.6290374398231506},{""bbox"":[148.39964294433594,200.3944549560547,159.4973602294922,211.13064575195312],""confidence"":0.600710928440094},{""bbox"":[144.49363708496094,168.65769958496094,156.03533935546875,180.0421142578125],""confidence"":0.5830199718475342},{""bbox"":[147.52076721191406,168.8936309814453,158.41192626953125,179.708984375],""confidence"":0.12127608805894852},{""bbox"":[144.75167846679688,166.98171997070312,155.56417846679688,178.21127319335938],""confidence"":0.11475973576307297},{""bbox"":[151.63601684570312,200.8253631591797,161.8411865234375,211.3035125732422],""confidence"":0.03753270208835602},{""bbox"":[142.54847717285156,142.17388916015625,153.68621826171875,154.43759155273438],""confidence"":0.02117166481912136},{""bbox"":[141.196533203125,147.5847930908203,154.59938049316406,160.9606475830078],""confidence"":0.014624305069446564},{""bbox"":[147.93177795410156,201.7440185546875,160.0716094970703,214.601318359375],""confidence"":0.01443213690072298},{""bbox"":[143.2097625732422,168.76365661621094,153.77435302734375,179.16867065429688],""confidence"":0.0073358300141990185},{""bbox"":[147.1879425048828,199.9551239013672,157.33990478515625,210.46051025390625],""confidence"":0.006516501773148775},{""bbox"":[246.02732849121094,168.49557495117188,255.4947052001953,178.329345703125],""confidence"":0.003562822239473462},{""bbox"":[248.44268798828125,143.30921936035156,257.9399719238281,152.99253845214844],""confidence"":0.0024007256142795086},{""bbox"":[250.1986083984375,201.6177520751953,259.1980895996094,210.8648223876953],""confidence"":0.001956213265657425},{""bbox"":[147.17588806152344,145.94747924804688,157.1207275390625,155.89422607421875],""confidence"":0.0014033247716724873},{""bbox"":[0.0,2.367617130279541,0.0,8.912384986877441],""confidence"":0.0013711850624531507},{""bbox"":[143.1094970703125,166.9144287109375,153.26425170898438,177.504638671875],""confidence"":0.0013662471901625395},{""bbox"":[243.9884490966797,168.50741577148438,253.40206909179688,178.41400146484375],""confidence"":0.0011509291362017393},{""bbox"":[142.72999572753906,169.64768981933594,154.0758819580078,181.7064666748047],""confidence"":0.0010849506361410022},{""bbox"":[149.37281799316406,196.30429077148438,160.11985778808594,208.7030029296875],""confidence"":0.001077993423677981}]",20,0.001
002_20200623_043120(0),3,316,332,"[[151.0,143.99999999999997,164.0,157.0],[152.0,169.0,167.0,177.99999999999997],[157.0,200.00000000000003,166.99999999999997,212.00000000000003]]","[{""bbox"":[151.48248291015625,144.93585205078125,162.41815185546875,155.87001037597656],""confidence"":0.6460559964179993},{""bbox"":[156.9788360595703,200.10755920410156,167.76734924316406,210.60794067382812],""confidence"":0.59233158826828},{""bbox"":[153.76219177246094,168.31211853027344,164.66964721679688,179.1462860107422],""confidence"":0.5591036081314087},{""bbox"":[155.9216766357422,168.40463256835938,166.44935607910156,179.12127685546875],""confidence"":0.2052994817495346},{""bbox"":[159.98297119140625,200.43453979492188,169.9717254638672,210.77413940429688],""confidence"":0.04214182123541832},{""bbox"":[151.22645568847656,142.19854736328125,162.22950744628906,154.35934448242188],""confidence"":0.03356020152568817},{""bbox"":[155.8353271484375,200.66795349121094,166.0130157470703,210.173828125],""confidence"":0.008578896522521973},{""bbox"":[149.9178924560547,147.63003540039062,163.23992919921875,160.8855743408203],""confidence"":0.006211704108864069},{""bbox"":[254.40576171875,167.8999786376953,264.0833435058594,177.6734619140625],""confidence"":0.004980133380740881},{""bbox"":[256.6184387207031,142.67205810546875,266.44720458984375,152.48416137695312],""confidence"":0.004313962534070015},{""bbox"":[156.6529998779297,201.7564697265625,168.22850036621094,214.55303955078125],""confidence"":0.0037165284156799316},{""bbox"":[151.6733856201172,168.4051055908203,162.22422790527344,178.53504943847656],""confidence"":0.00200018216855824},{""bbox"":[0.0,2.370473861694336,0.0,8.917074203491211],""confidence"":0.0013757460983470082},{""bbox"":[258.5827331542969,200.7067413330078,267.6880187988281,209.91024780273438],""confidence"":0.0011752593563869596},{""bbox"":[155.59214782714844,145.5860137939453,165.31900024414062,155.27993774414062],""confidence"":0.001139155705459416},{""bbox"":[252.23602294921875,167.884521484375,261.9168701171875,177.77452087402344],""confidence"":0.001127123017795384}]",16,0.001
002_20200623_123032(7),3,352,332,"[[212.0,142.0,221.99999999999997,152.0],[212.0,166.0,221.99999999999997,173.0],[214.00000000000003,193.0,221.0,200.00000000000003]]","[{""bbox"":[211.39756774902344,141.59039306640625,221.11709594726562,151.30972290039062],""confidence"":0.5839546918869019},{""bbox"":[212.08006286621094,165.54409790039062,221.11404418945312,175.1675567626953],""confidence"":0.547532320022583},{""bbox"":[212.3805389404297,192.215576171875,220.58924865722656,201.1461181640625],""confidence"":0.44358769059181213},{""bbox"":[213.82925415039062,141.81985473632812,223.03463745117188,151.4345245361328],""confidence"":0.09473101794719696},{""bbox"":[214.02224731445312,165.59744262695312,223.05245971679688,175.17147827148438],""confidence"":0.07595905661582947},{""bbox"":[314.6381530761719,176.97923278808594,323.1883850097656,185.963134765625],""confidence"":0.03646455332636833},{""bbox"":[318.0534973144531,154.73583984375,325.3542785644531,162.1063995361328],""confidence"":0.03622095659375191},{""bbox"":[210.66554260253906,165.92686462402344,221.20169067382812,177.78990173339844],""confidence"":0.02108033373951912},{""bbox"":[214.8444366455078,192.38429260253906,223.25010681152344,201.3496856689453],""confidence"":0.014689153991639614},{""bbox"":[314.92926025390625,175.8787841796875,322.7835388183594,184.5636749267578],""confidence"":0.010088791139423847},{""bbox"":[2.86006236076355,332.0,9.498147964477539,332.0],""confidence"":0.005198560655117035},{""bbox"":[313.02227783203125,176.6266632080078,321.86376953125,185.88014221191406],""confidence"":0.004907913040369749},{""bbox"":[315.7535095214844,202.9396514892578,323.1374816894531,210.5753631591797],""confidence"":0.004655945114791393},{""bbox"":[211.62747192382812,192.8544158935547,221.41116333007812,204.12420654296875],""confidence"":0.004435933660715818},{""bbox"":[211.85379028320312,189.7776336669922,220.53208923339844,199.9270477294922],""confidence"":0.0020629249047487974},{""bbox"":[317.3195495605469,203.08628845214844,324.5737609863281,210.30763244628906],""confidence"":0.00191487988922745},{""bbox"":[208.7751922607422,141.82044982910156,218.57679748535156,150.851806640625],""confidence"":0.001583537203259766},{""bbox"":[316.4576721191406,175.903564453125,324.48638916015625,184.35940551757812],""confidence"":0.0015350846806541085},{""bbox"":[317.2257995605469,155.7460479736328,325.1551513671875,164.45704650878906],""confidence"":0.0014668257208541036},{""bbox"":[315.98211669921875,178.04217529296875,324.6639709472656,187.0329132080078],""confidence"":0.0012292402097955346},{""bbox"":[0.2507157325744629,332.0,6.602787017822266,332.0],""confidence"":0.001100017107091844}]",21,0.001
002_20200623_123036(5),3,352,332,"[[200.00000000000003,168.0,206.99999999999997,175.0],[202.0,188.00000000000003,211.00000000000003,196.99999999999997],[208.0,214.99999999999997,214.99999999999997,222.0]]","[{""bbox"":[197.54396057128906,166.55198669433594,206.1361083984375,175.6299285888672],""confidence"":0.5784565806388855},{""bbox"":[202.1729736328125,189.46627807617188,211.1791534423828,198.7387237548828],""confidence"":0.5419887900352478},{""bbox"":[206.40585327148438,214.95062255859375,214.8561553955078,223.86221313476562],""confidence"":0.4797810912132263},{""bbox"":[200.5900421142578,189.0441131591797,210.8461456298828,200.02392578125],""confidence"":0.08760484308004379},{""bbox"":[196.5073699951172,166.43753051757812,206.78671264648438,177.76214599609375],""confidence"":0.0795048400759697},{""bbox"":[205.34768676757812,214.95225524902344,215.39198303222656,226.1432647705078],""confidence"":0.030839476734399796},{""bbox"":[195.4565887451172,166.86622619628906,204.44088745117188,175.53892517089844],""confidence"":0.022064801305532455},{""bbox"":[200.27049255371094,165.89620971679688,209.493408203125,174.68646240234375],""confidence"":0.00900106318295002},{""bbox"":[204.3158721923828,215.31607055664062,212.96669006347656,223.55140686035156],""confidence"":0.008911699056625366},{""bbox"":[199.9419708251953,189.77786254882812,208.9405059814453,198.45346069335938],""confidence"":0.008306821808218956},{""bbox"":[304.17315673828125,150.2511749267578,311.6307373046875,157.73573303222656],""confidence"":0.00794418528676033},{""bbox"":[2.856107234954834,332.0,9.493487358093262,332.0],""confidence"":0.005154417362064123},{""bbox"":[204.97598266601562,188.71209716796875,214.05755615234375,197.4541778564453],""confidence"":0.0036113038659095764},{""bbox"":[303.1478271484375,150.6680450439453,310.31488037109375,158.2330322265625],""confidence"":0.003287225030362606},{""bbox"":[210.68809509277344,214.13868713378906,218.88198852539062,222.927001953125],""confidence"":0.002083765808492899},{""bbox"":[201.39930725097656,185.56182861328125,210.4117889404297,196.9862823486328],""confidence"":0.0020267930813133717},{""bbox"":[196.32228088378906,163.38192749023438,207.5661163330078,176.40008544921875],""confidence"":0.002017576014623046},{""bbox"":[206.28309631347656,211.8983612060547,215.0610809326172,222.7835235595703],""confidence"":0.0018442500149831176},{""bbox"":[310.1448059082031,197.37437438964844,317.2967529296875,204.9304962158203],""confidence"":0.001596247311681509},{""bbox"":[308.4572448730469,197.52001953125,315.6186828613281,205.56369018554688],""confidence"":0.0011278033489361405},{""bbox"":[0.24798089265823364,332.0,6.598095893859863,332.0],""confidence"":0.0010967723792418838}]",21,0.001
002_20200623_123040(5),3,352,332,"[[203.0,165.99999999999997,212.0,174.99999999999997],[207.00000000000003,187.99999999999997,215.0,196.0],[212.0,214.0,220.0,221.00000000000003]]","[{""bbox"":[202.82293701171875,165.10031127929688,212.08741760253906,174.65306091308594],""confidence"":0.5767053961753845},{""bbox"":[206.82330322265625,188.5846710205078,215.69696044921875,197.9134979248047],""confidence"":0.5340420603752136},{""bbox"":[211.1313934326172,213.58316040039062,219.9609375,223.08529663085938],""confidence"":0.4620036780834198},{""bbox"":[204.9097137451172,164.90896606445312,214.0850830078125,174.4864959716797],""confidence"":0.06424713879823685},{""bbox"":[205.76248168945312,188.2808380126953,216.2024688720703,199.8265380859375],""confidence"":0.06062072142958641},{""bbox"":[309.5010986328125,152.21754455566406,317.0156555175781,160.16148376464844],""confidence"":0.036953721195459366},{""bbox"":[202.0725860595703,163.28018188476562,212.6770782470703,175.4888458251953],""confidence"":0.02834615483880043},{""bbox"":[201.48397827148438,165.5587615966797,212.1780242919922,177.73745727539062],""confidence"":0.021101243793964386},{""bbox"":[310.3855895996094,174.1048583984375,318.26068115234375,182.66961669921875],""confidence"":0.012229944579303265},{""bbox"":[209.9623260498047,214.2117462158203,220.50405883789062,226.13597106933594],""confidence"":0.012119621969759464},{""bbox"":[209.9415283203125,187.89527893066406,218.5838165283203,197.017578125],""confidence"":0.00909697450697422},{""bbox"":[204.38978576660156,188.7681884765625,213.13185119628906,197.0304718017578],""confidence"":0.006516665685921907},{""bbox"":[206.3536834716797,185.52479553222656,215.20420837402344,196.39085388183594],""confidence"":0.006372432224452496},{""bbox"":[208.8069305419922,214.72671508789062,217.269287109375,222.59475708007812],""confidence"":0.005820583552122116},{""bbox"":[2.8595199584960938,332.0,9.497302055358887,332.0],""confidence"":0.005190352909266949},{""bbox"":[214.6622772216797,213.5830535888672,223.11447143554688,222.5227813720703],""confidence"":0.0036837973166257143},{""bbox"":[307.5671691894531,152.77182006835938,315.33892822265625,160.79995727539062],""confidence"":0.0029377187602221966},{""bbox"":[199.99057006835938,165.9088592529297,209.73651123046875,174.7855987548828],""confidence"":0.0020384667441248894},{""bbox"":[311.6946716308594,174.04559326171875,319.8815612792969,182.5347442626953],""confidence"":0.0019848989322781563},{""bbox"":[308.89208984375,174.24827575683594,317.0511779785156,183.1026153564453],""confidence"":0.0016815786948427558},{""bbox"":[0.2500443458557129,332.0,6.601490020751953,332.0],""confidence"":0.0010995583143085241}]",21,0.001
002_20200623_123042(0),3,316,332,"[[158.0,121.0,170.0,134.0],[160.0,144.0,172.0,156.0],[163.0,168.00000000000003,172.99999999999997,184.0]]","[{""bbox"":[157.93963623046875,119.90584564208984,169.43344116210938,131.109375],""confidence"":0.6491152048110962},{""bbox"":[162.36302185058594,170.53773498535156,173.0763702392578,181.02500915527344],""confidence"":0.614517331123352},{""bbox"":[159.9600372314453,143.9441375732422,171.70086669921875,155.65609741210938],""confidence"":0.6109153628349304},{""bbox"":[164.32015991210938,170.27532958984375,174.8037872314453,180.86354064941406],""confidence"":0.255869060754776},{""bbox"":[160.25518798828125,142.20217895507812,170.68325805664062,153.4093780517578],""confidence"":0.19731295108795166},{""bbox"":[159.43148803710938,120.33167266845703,170.63055419921875,132.33123779296875],""confidence"":0.09099965542554855},{""bbox"":[157.7902374267578,117.3604965209961,168.90029907226562,129.4969482421875],""confidence"":0.030687646940350533},{""bbox"":[266.1690368652344,167.86599731445312,275.2286682128906,176.86521911621094],""confidence"":0.021684719249606133},{""bbox"":[164.13902282714844,144.04641723632812,173.98147583007812,154.4460906982422],""confidence"":0.015818821266293526},{""bbox"":[162.49302673339844,167.48976135253906,172.39112854003906,178.93133544921875],""confidence"":0.011703572236001492},{""bbox"":[157.27996826171875,122.65087890625,170.72328186035156,136.0832977294922],""confidence"":0.0072804843075573444},{""bbox"":[161.7152862548828,172.68600463867188,173.68231201171875,185.50711059570312],""confidence"":0.003248000517487526},{""bbox"":[158.93014526367188,147.77500915527344,171.15570068359375,160.6387481689453],""confidence"":0.0028746402822434902},{""bbox"":[265.3671569824219,166.7359619140625,273.4744567871094,175.6449432373047],""confidence"":0.002604943932965398},{""bbox"":[264.373046875,168.03831481933594,274.0063781738281,178.0117645263672],""confidence"":0.0018723426619544625},{""bbox"":[0.0,2.3595314025878906,0.0,8.914816856384277],""confidence"":0.0014329138211905956},{""bbox"":[155.6592254638672,119.50578308105469,165.99755859375,129.9498748779297],""confidence"":0.0010094046592712402}]",17,0.001
002_20200623_123044(3),3,352,332,"[[199.0,150.0,208.0,158.0],[200.00000000000003,172.0,208.0,184.0],[202.00000000000003,205.0,209.0,216.0]]","[{""bbox"":[199.4943084716797,149.9524688720703,208.66665649414062,159.2431182861328],""confidence"":0.6458916068077087},{""bbox"":[200.07154846191406,173.4198455810547,209.18858337402344,182.90396118164062],""confidence"":0.6255037784576416},{""bbox"":[201.53468322753906,206.0279083251953,209.7080535888672,214.5128936767578],""confidence"":0.5542485117912292},{""bbox"":[199.8386688232422,206.28582763671875,208.08322143554688,214.2583465576172],""confidence"":0.04698279872536659},{""bbox"":[200.7039337158203,150.72625732421875,210.00653076171875,160.2412872314453],""confidence"":0.04473104700446129},{""bbox"":[200.88246154785156,171.92544555664062,210.36956787109375,182.08775329589844],""confidence"":0.03596688434481621},{""bbox"":[200.57920837402344,205.84593200683594,210.75460815429688,217.29086303710938],""confidence"":0.031469572335481644},{""bbox"":[199.34603881835938,172.12277221679688,208.05062866210938,181.591552734375],""confidence"":0.024948742240667343},{""bbox"":[301.57177734375,182.31248474121094,309.4600524902344,190.91073608398438],""confidence"":0.005993067752569914},{""bbox"":[198.40460205078125,173.63031005859375,209.9946746826172,186.58444213867188],""confidence"":0.00580021133646369},{""bbox"":[2.859680414199829,332.0,9.497325897216797,332.0],""confidence"":0.0051864273846149445},{""bbox"":[200.528564453125,203.1044158935547,210.4058380126953,215.26666259765625],""confidence"":0.004864097107201815},{""bbox"":[299.58209228515625,182.1393280029297,307.7684326171875,191.12046813964844],""confidence"":0.001512038172222674},{""bbox"":[195.59942626953125,150.09361267089844,205.85337829589844,159.47657775878906],""confidence"":0.0011584823951125145},{""bbox"":[0.2498953938484192,332.0,6.601278305053711,332.0],""confidence"":0.001098615932278335}]",15,0.001
002_20200623_123046(4),3,316,332,"[[169.00000000000003,173.0,177.0,181.99999999999997],[163.0,146.0,173.99999999999997,156.0],[161.00000000000003,125.0,172.0,134.0]]","[{""bbox"":[162.93798828125,145.8761444091797,174.56439208984375,157.007080078125],""confidence"":0.6271519064903259},{""bbox"":[166.4635009765625,172.08920288085938,177.29171752929688,182.7894744873047],""confidence"":0.5977550745010376},{""bbox"":[160.21058654785156,122.11886596679688,171.72409057617188,133.21453857421875],""confidence"":0.5771616101264954},{""bbox"":[168.29847717285156,171.8598175048828,179.010986328125,182.68453979492188],""confidence"":0.19155286252498627},{""bbox"":[160.6218719482422,122.9566421508789,173.28140258789062,136.1652374267578],""confidence"":0.08542228490114212},{""bbox"":[268.8186340332031,164.1951446533203,277.8797302246094,173.74221801757812],""confidence"":0.05797998979687691},{""bbox"":[165.6073455810547,172.94908142089844,177.2996826171875,185.66079711914062],""confidence"":0.05268543213605881},{""bbox"":[162.10108947753906,147.6538848876953,174.7574005126953,160.92897033691406],""confidence"":0.038185905665159225},{""bbox"":[162.17041015625,142.1222686767578,173.60104370117188,154.22715759277344],""confidence"":0.03740113228559494},{""bbox"":[163.53929138183594,122.36566925048828,173.93499755859375,133.0889129638672],""confidence"":0.013672002591192722},{""bbox"":[159.31214904785156,120.87960052490234,169.66552734375,131.63983154296875],""confidence"":0.011219787411391735},{""bbox"":[167.89016723632812,146.1866912841797,178.232421875,156.53863525390625],""confidence"":0.004774159286171198},{""bbox"":[266.07232666015625,164.45506286621094,275.0160827636719,173.9066619873047],""confidence"":0.003745376132428646},{""bbox"":[273.3150329589844,89.8175277709961,279.8477783203125,96.89999389648438],""confidence"":0.0028941938653588295},{""bbox"":[168.07095336914062,173.22714233398438,178.78860473632812,185.56651306152344],""confidence"":0.0024262331426143646},{""bbox"":[173.6171875,172.28363037109375,182.5429229736328,181.7085418701172],""confidence"":0.0017919919919222593},{""bbox"":[166.93609619140625,167.3511505126953,176.62802124023438,178.6606903076172],""confidence"":0.0016227500746026635},{""bbox"":[275.89849853515625,90.14512634277344,282.18670654296875,97.18610382080078],""confidence"":0.001550709013827145},{""bbox"":[0.0,2.366830587387085,0.0,8.916379928588867],""confidence"":0.0013941971119493246},{""bbox"":[160.20578002929688,127.56495666503906,173.30618286132812,143.95635986328125],""confidence"":0.0013694701483473182},{""bbox"":[269.3158874511719,163.00830078125,277.4939880371094,172.07818603515625],""confidence"":0.0011800510110333562}]",21,0.001
002_20200623_123048(4),3,352,332,"[[195.99999999999997,170.0,205.0,178.99999999999997],[200.00000000000003,194.00000000000003,208.0,205.0],[205.0,225.00000000000003,211.99999999999997,234.0]]","[{""bbox"":[196.32212829589844,171.24014282226562,205.17529296875,180.47378540039062],""confidence"":0.6701627969741821},{""bbox"":[199.58590698242188,194.5773468017578,209.20030212402344,204.22177124023438],""confidence"":0.6351813077926636},{""bbox"":[204.76490783691406,225.3448028564453,214.12559509277344,234.9064483642578],""confidence"":0.5790180563926697},{""bbox"":[200.6628875732422,193.54649353027344,210.44627380371094,203.70611572265625],""confidence"":0.15138642489910126},{""bbox"":[301.1977844238281,182.31619262695312,309.529296875,191.2998809814453],""confidence"":0.02011261135339737},{""bbox"":[194.46141052246094,171.4138641357422,204.59713745117188,182.25135803222656],""confidence"":0.014670050702989101},{""bbox"":[2.859635591506958,332.0,9.497564315795898,332.0],""confidence"":0.005192012991756201},{""bbox"":[299.5399169921875,182.6103057861328,308.0880126953125,191.88531494140625],""confidence"":0.004699027631431818},{""bbox"":[197.73960876464844,195.31593322753906,209.9679718017578,208.7059326171875],""confidence"":0.0029760142788290977},{""bbox"":[302.7641906738281,182.11590576171875,311.2605895996094,190.9278564453125],""confidence"":0.0026083504781126976},{""bbox"":[301.7683410644531,180.80145263671875,309.7453308105469,189.94775390625],""confidence"":0.0023931649047881365},{""bbox"":[303.98797607421875,156.5784454345703,311.5107116699219,164.4837646484375],""confidence"":0.0019066972890868783},{""bbox"":[195.34825134277344,167.8758544921875,206.21241760253906,180.80838012695312],""confidence"":0.001597031718119979},{""bbox"":[303.0456237792969,156.8474884033203,310.1915283203125,164.80892944335938],""confidence"":0.0014077505329623818},{""bbox"":[0.25028353929519653,332.0,6.602039337158203,332.0],""confidence"":0.0010994529584422708}]",15,0.001
002_20200623_123051(1),3,316,332,"[[165.0,141.0,176.0,153.0],[166.0,163.0,177.0,175.0],[167.0,190.0,178.0,201.0]]","[{""bbox"":[164.00711059570312,140.90316772460938,175.3370361328125,152.01702880859375],""confidence"":0.6157061457633972},{""bbox"":[165.86268615722656,164.02757263183594,176.65194702148438,174.6636505126953],""confidence"":0.6083332300186157},{""bbox"":[167.79092407226562,190.57192993164062,178.1861114501953,201.24508666992188],""confidence"":0.5526177287101746},{""bbox"":[168.1843719482422,164.1240997314453,178.3387451171875,174.5945587158203],""confidence"":0.12528689205646515},{""bbox"":[270.82183837890625,192.3542022705078,280.1594543457031,201.53590393066406],""confidence"":0.11831140518188477},{""bbox"":[164.86976623535156,164.51556396484375,176.78150939941406,177.5946807861328],""confidence"":0.06988100707530975},{""bbox"":[163.53672790527344,138.06393432617188,174.42794799804688,150.16146850585938],""confidence"":0.031549882143735886},{""bbox"":[168.18775939941406,188.0327911376953,178.3374481201172,199.83853149414062],""confidence"":0.0270948838442564},{""bbox"":[270.1600036621094,191.4332275390625,279.0240173339844,200.83860778808594],""confidence"":0.016637369990348816},{""bbox"":[272.532470703125,192.11990356445312,281.5597229003906,201.1804962158203],""confidence"":0.011065155267715454},{""bbox"":[163.07339477539062,143.4690704345703,176.7945556640625,156.8693389892578],""confidence"":0.009700099937617779},{""bbox"":[269.7470397949219,144.2576904296875,278.93231201171875,153.8108673095703],""confidence"":0.004977293778210878},{""bbox"":[173.63893127441406,190.7666778564453,182.78823852539062,200.64268493652344],""confidence"":0.004693669266998768},{""bbox"":[269.0414733886719,192.2875213623047,279.0233459472656,202.68133544921875],""confidence"":0.0034374829847365618},{""bbox"":[268.9066467285156,167.07859802246094,278.7607421875,176.83302307128906],""confidence"":0.0032721813768148422},{""bbox"":[164.11288452148438,164.30694580078125,174.46502685546875,174.14349365234375],""confidence"":0.003143623238429427},{""bbox"":[164.46543884277344,154.00364685058594,177.7218475341797,170.4029998779297],""confidence"":0.0014252240071073174},{""bbox"":[168.04397583007812,141.94091796875,178.00689697265625,152.04286193847656],""confidence"":0.0013721922878175974},{""bbox"":[0.0,2.369992971420288,0.0,8.915596008300781],""confidence"":0.001369708334095776},{""bbox"":[277.40020751953125,114.27775573730469,284.1434631347656,121.63897705078125],""confidence"":0.0012450781650841236},{""bbox"":[167.87742614746094,165.04647827148438,178.57810974121094,177.39154052734375],""confidence"":0.001107214018702507}]",21,0.001
002_20200623_123052(5),3,352,332,"[[197.0,198.00000000000003,205.0,207.0],[203.0,253.0,210.99999999999997,262.0],[200.00000000000003,222.0,210.0,230.00000000000003]]","[{""bbox"":[196.64292907714844,198.26023864746094,205.4727325439453,207.38404846191406],""confidence"":0.6822603940963745},{""bbox"":[198.64016723632812,221.1439208984375,208.1532440185547,230.75521850585938],""confidence"":0.5653563737869263},{""bbox"":[202.2483673095703,253.18289184570312,211.6142120361328,262.7909851074219],""confidence"":0.4932946562767029},{""bbox"":[200.98361206054688,221.1052703857422,210.08016967773438,230.66709899902344],""confidence"":0.1493099331855774},{""bbox"":[303.7829895019531,195.6175537109375,311.67877197265625,203.82928466796875],""confidence"":0.02695106714963913},{""bbox"":[194.72842407226562,198.29539489746094,204.77085876464844,208.71511840820312],""confidence"":0.016794400289654732},{""bbox"":[200.90115356445312,253.67726135253906,211.66139221191406,265.7398681640625],""confidence"":0.014558369293808937},{""bbox"":[199.8186492919922,253.88485717773438,208.87411499023438,262.60040283203125],""confidence"":0.00919102318584919},{""bbox"":[2.8594107627868652,332.0,9.496871948242188,332.0],""confidence"":0.005179049447178841},{""bbox"":[301.80987548828125,219.7191925048828,309.25677490234375,227.75401306152344],""confidence"":0.0032059771474450827},{""bbox"":[302.414794921875,196.47914123535156,310.1256103515625,204.540283203125],""confidence"":0.0026285082567483187},{""bbox"":[200.6023712158203,198.1356964111328,209.44798278808594,206.39364624023438],""confidence"":0.00241116457618773},{""bbox"":[205.37945556640625,253.6883544921875,214.2675018310547,263.0263977050781],""confidence"":0.0014551794156432152},{""bbox"":[197.3940887451172,221.87173461914062,209.16810607910156,235.09268188476562],""confidence"":0.0012879230780526996},{""bbox"":[0.2494642287492752,332.0,6.600584983825684,332.0],""confidence"":0.0010976498015224934}]",15,0.001
002_20200623_123055(5),3,316,332,"[[141.0,127.99999999999999,157.0,138.0],[148.0,181.0,160.0,195.99999999999997]]","[{""bbox"":[147.91835021972656,184.51754760742188,158.74566650390625,194.91781616210938],""confidence"":0.6437613368034363},{""bbox"":[144.0945587158203,152.0047149658203,154.90675354003906,163.1743927001953],""confidence"":0.6134964227676392},{""bbox"":[142.09681701660156,128.428466796875,153.1853485107422,139.3592529296875],""confidence"":0.5774811506271362},{""bbox"":[245.7207794189453,154.94309997558594,255.66517639160156,164.6545867919922],""confidence"":0.0424184687435627},{""bbox"":[146.70230102539062,185.09005737304688,158.9673309326172,198.0968017578125],""confidence"":0.038604769855737686},{""bbox"":[147.7130584716797,152.2234344482422,158.20944213867188,162.62939453125],""confidence"":0.03145568445324898},{""bbox"":[146.69912719726562,183.4384765625,157.1389617919922,194.4935760498047],""confidence"":0.024199875071644783},{""bbox"":[142.09042358398438,125.48462677001953,152.8078155517578,137.29373168945312],""confidence"":0.018306635320186615},{""bbox"":[142.78233337402344,150.4258575439453,152.93360900878906,161.26304626464844],""confidence"":0.011280657723546028},{""bbox"":[151.87559509277344,184.979248046875,161.68421936035156,195.20816040039062],""confidence"":0.010978871956467628},{""bbox"":[243.62387084960938,154.94078063964844,253.29957580566406,164.64418029785156],""confidence"":0.010963862761855125},{""bbox"":[247.4845428466797,154.7557373046875,257.28619384765625,164.4827117919922],""confidence"":0.010131319984793663},{""bbox"":[142.34080505371094,152.63433837890625,153.80674743652344,164.90716552734375],""confidence"":0.009432586841285229},{""bbox"":[140.6477508544922,131.12060546875,153.20957946777344,144.21226501464844],""confidence"":0.00547573110088706},{""bbox"":[249.55886840820312,187.41278076171875,258.6435852050781,196.3724365234375],""confidence"":0.004472603090107441},{""bbox"":[247.77076721191406,187.38853454589844,256.6361083984375,196.50851440429688],""confidence"":0.00206238916143775},{""bbox"":[138.85948181152344,128.1811981201172,150.2933807373047,139.86985778808594],""confidence"":0.001902430783957243},{""bbox"":[0.0,2.358552932739258,0.0,8.914586067199707],""confidence"":0.001437099650502205}]",18,0.001
002_20200623_123100(0),3,316,332,"[[145.0,131.0,154.99999999999997,142.0],[146.0,156.0,156.0,166.0],[146.0,189.00000000000003,154.0,199.0]]","[{""bbox"":[144.71141052246094,188.37664794921875,155.61032104492188,198.7110595703125],""confidence"":0.6214516162872314},{""bbox"":[144.38198852539062,155.7904815673828,155.23312377929688,166.3088836669922],""confidence"":0.5970609784126282},{""bbox"":[144.49468994140625,132.58851623535156,155.7507781982422,143.5339813232422],""confidence"":0.5883998274803162},{""bbox"":[147.27589416503906,133.1297607421875,157.4871368408203,143.60186767578125],""confidence"":0.12338737398386002},{""bbox"":[143.5751495361328,156.12403869628906,155.64608764648438,169.1576690673828],""confidence"":0.07515870034694672},{""bbox"":[147.9134979248047,156.3335723876953,158.71031188964844,166.98770141601562],""confidence"":0.05671458691358566},{""bbox"":[243.1228790283203,208.06573486328125,253.21475219726562,218.2366485595703],""confidence"":0.053836505860090256},{""bbox"":[244.48924255371094,208.6206817626953,254.69140625,218.5413360595703],""confidence"":0.041238076984882355},{""bbox"":[147.2386932373047,188.9715118408203,157.7564239501953,199.8362579345703],""confidence"":0.038585592061281204},{""bbox"":[242.73666381835938,175.78785705566406,253.21241760253906,186.23512268066406],""confidence"":0.03646215796470642},{""bbox"":[243.96253967285156,176.63113403320312,254.78042602539062,187.30702209472656],""confidence"":0.03435120731592178},{""bbox"":[143.80625915527344,189.30613708496094,155.84117126464844,202.1498260498047],""confidence"":0.017555758357048035},{""bbox"":[142.95245361328125,154.511474609375,152.91799926757812,164.9529266357422],""confidence"":0.01423545554280281},{""bbox"":[142.70079040527344,131.96041870117188,153.70997619628906,143.41896057128906],""confidence"":0.010703063569962978},{""bbox"":[143.05104064941406,187.4848175048828,153.18313598632812,197.9234619140625],""confidence"":0.007915711961686611},{""bbox"":[144.29928588867188,129.39920043945312,155.8509063720703,141.93765258789062],""confidence"":0.007868800312280655},{""bbox"":[240.155517578125,207.23565673828125,250.16880798339844,217.5070037841797],""confidence"":0.004941723309457302},{""bbox"":[249.35696411132812,151.6597900390625,259.0476989746094,161.4849395751953],""confidence"":0.004479109309613705},{""bbox"":[239.81863403320312,175.0783233642578,250.31324768066406,185.48434448242188],""confidence"":0.0030593855772167444},{""bbox"":[243.7948760986328,177.87075805664062,254.53201293945312,189.8240203857422],""confidence"":0.0030060787685215473},{""bbox"":[142.44456481933594,135.18206787109375,156.22952270507812,148.6217498779297],""confidence"":0.0026762785855680704},{""bbox"":[244.81663513183594,174.69822692871094,254.49639892578125,184.89390563964844],""confidence"":0.0021130635868757963},{""bbox"":[0.0,2.362017869949341,0.0,8.912866592407227],""confidence"":0.0014102450804784894},{""bbox"":[147.4832763671875,154.75259399414062,157.49945068359375,165.2472686767578],""confidence"":0.0010341957677155733}]",24,0.001
002_20200623_123104(5),3,316,332,"[[152.0,126.0,162.0,135.0],[154.0,148.0,164.0,159.0],[157.99999999999997,182.00000000000003,166.99999999999997,192.0]]","[{""bbox"":[153.58743286132812,149.02825927734375,164.87118530273438,160.0705108642578],""confidence"":0.6266361474990845},{""bbox"":[151.0382843017578,125.2508544921875,162.2936553955078,136.08740234375],""confidence"":0.6148249506950378},{""bbox"":[157.07241821289062,181.14239501953125,168.0902099609375,192.11805725097656],""confidence"":0.594795823097229},{""bbox"":[155.81268310546875,149.0325927734375,166.93898010253906,159.99847412109375],""confidence"":0.261807918548584},{""bbox"":[159.96713256835938,181.2445831298828,170.35765075683594,191.7510528564453],""confidence"":0.07322993874549866},{""bbox"":[253.56211853027344,149.62632751464844,264.1731262207031,160.01588439941406],""confidence"":0.06279810518026352},{""bbox"":[153.54136657714844,146.45860290527344,164.2517852783203,158.13681030273438],""confidence"":0.02146989479660988},{""bbox"":[149.7788848876953,127.04582977294922,162.0421142578125,140.0077362060547],""confidence"":0.019474340602755547},{""bbox"":[255.54757690429688,149.46969604492188,266.0405578613281,159.89256286621094],""confidence"":0.018822092562913895},{""bbox"":[251.76095581054688,149.5891571044922,262.22705078125,160.07540893554688],""confidence"":0.016396893188357353},{""bbox"":[258.6581115722656,181.2073516845703,268.1806335449219,191.1616973876953],""confidence"":0.01454959437251091},{""bbox"":[155.7534637451172,181.4781951904297,166.29652404785156,191.46839904785156],""confidence"":0.006021218374371529},{""bbox"":[256.5101623535156,181.0513458251953,266.39984130859375,191.19654846191406],""confidence"":0.004620447754859924},{""bbox"":[152.81871032714844,151.69725036621094,165.56924438476562,164.9502410888672],""confidence"":0.0037435118574649096},{""bbox"":[151.61956787109375,149.22845458984375,162.63160705566406,159.9675750732422],""confidence"":0.0030719435308128595},{""bbox"":[150.96568298339844,121.56145477294922,161.65040588378906,133.61985778808594],""confidence"":0.0030275299213826656},{""bbox"":[260.5557556152344,181.82821655273438,269.7584228515625,191.13201904296875],""confidence"":0.0014173127710819244},{""bbox"":[0.0,2.366337776184082,0.0,8.912591934204102],""confidence"":0.0013814566191285849},{""bbox"":[160.6999969482422,149.9790802001953,170.30775451660156,159.6796875],""confidence"":0.001126881456002593}]",19,0.001
002_20200623_203033(6),3,316,332,"[[145.0,144.0,158.0,159.0],[147.0,166.99999999999997,158.0,180.0],[150.0,200.00000000000003,164.0,212.00000000000003]]","[{""bbox"":[149.7576446533203,200.66810607910156,160.89309692382812,211.45541381835938],""confidence"":0.6175423860549927},{""bbox"":[144.59039306640625,145.24160766601562,156.18032836914062,156.3676300048828],""confidence"":0.6057077050209045},{""bbox"":[147.26763916015625,168.361328125,158.43975830078125,179.88201904296875],""confidence"":0.5917055010795593},{""bbox"":[146.9785614013672,145.48837280273438,157.72305297851562,156.27734375],""confidence"":0.21088434755802155},{""bbox"":[146.64759826660156,166.95509338378906,157.29083251953125,178.24314880371094],""confidence"":0.21017424762248993},{""bbox"":[151.6485137939453,200.9748077392578,162.51104736328125,211.80130004882812],""confidence"":0.18220806121826172},{""bbox"":[149.0425262451172,201.67178344726562,161.29672241210938,214.75257873535156],""confidence"":0.026444416493177414},{""bbox"":[246.67869567871094,171.8379669189453,256.55181884765625,181.80702209472656],""confidence"":0.014541728422045708},{""bbox"":[143.64910888671875,147.5706329345703,156.2684326171875,161.08587646484375],""confidence"":0.010812902823090553},{""bbox"":[144.8459930419922,142.29534912109375,155.69674682617188,154.26681518554688],""confidence"":0.008614297024905682},{""bbox"":[151.8640594482422,169.1411590576172,162.12368774414062,179.293701171875],""confidence"":0.008229296654462814},{""bbox"":[142.72320556640625,144.46092224121094,153.6846466064453,155.884765625],""confidence"":0.008149578236043453},{""bbox"":[250.37112426757812,204.38339233398438,259.73040771484375,213.8353729248047],""confidence"":0.004049855750054121},{""bbox"":[248.06167602539062,172.31893920898438,258.0341796875,182.42269897460938],""confidence"":0.0026108315214514732},{""bbox"":[0.0,2.3672640323638916,0.0,8.911323547363281],""confidence"":0.0013690143823623657},{""bbox"":[248.8603057861328,170.41835021972656,258.0519104003906,180.08432006835938],""confidence"":0.0013389119412750006},{""bbox"":[244.05245971679688,171.87823486328125,253.80267333984375,181.7594451904297],""confidence"":0.0012120041064918041},{""bbox"":[247.80335998535156,204.29164123535156,257.12225341796875,213.87063598632812],""confidence"":0.001123898895457387}]",18,0.001
002_20200623_203038(0),3,316,332,"[[147.0,146.0,158.0,156.0],[149.0,169.0,160.0,180.0],[152.0,200.00000000000003,163.0,212.00000000000003]]","[{""bbox"":[151.3733367919922,201.05540466308594,162.25221252441406,211.64614868164062],""confidence"":0.6181791424751282},{""bbox"":[146.74765014648438,145.6865234375,157.998291015625,156.5667266845703],""confidence"":0.6128209233283997},{""bbox"":[148.50933837890625,168.71514892578125,159.8773193359375,179.92703247070312],""confidence"":0.5558807253837585},{""bbox"":[148.33261108398438,166.9735870361328,159.0775604248047,178.1464080810547],""confidence"":0.13823765516281128},{""bbox"":[151.81182861328125,169.1024932861328,162.2871856689453,179.53170776367188],""confidence"":0.04293021187186241},{""bbox"":[150.177490234375,201.76107788085938,162.2777557373047,214.70298767089844],""confidence"":0.03360012546181679},{""bbox"":[147.2562713623047,168.6539764404297,157.76779174804688,179.01776123046875],""confidence"":0.022458216175436974},{""bbox"":[145.26014709472656,147.60768127441406,158.56857299804688,160.98500061035156],""confidence"":0.019851885735988617},{""bbox"":[249.080810546875,172.0076446533203,259.3438720703125,182.2079315185547],""confidence"":0.014918819069862366},{""bbox"":[146.5535888671875,142.26377868652344,157.4967041015625,154.47897338867188],""confidence"":0.011883469298481941},{""bbox"":[247.15211486816406,171.9947509765625,257.1978454589844,182.21853637695312],""confidence"":0.011394530534744263},{""bbox"":[252.32859802246094,147.06597900390625,262.24267578125,157.0353240966797],""confidence"":0.0036845693830400705},{""bbox"":[156.4348907470703,201.7815399169922,165.81076049804688,211.69259643554688],""confidence"":0.002638569101691246},{""bbox"":[146.70941162109375,169.49600219726562,158.03744506835938,181.6172637939453],""confidence"":0.002100782236084342},{""bbox"":[251.6955108642578,204.92091369628906,260.7967224121094,214.32655334472656],""confidence"":0.0017778617329895496},{""bbox"":[253.77603149414062,205.08946228027344,262.87744140625,214.2731170654297],""confidence"":0.001377231441438198},{""bbox"":[0.0,2.368556499481201,0.0,8.912981986999512],""confidence"":0.0013689289335161448},{""bbox"":[249.82144165039062,170.54791259765625,259.1777648925781,180.55062866210938],""confidence"":0.0011781948851421475}]",18,0.001
002_20200623_203042(5),3,316,332,"[[151.99999999999997,146.0,160.99999999999997,157.0],[153.0,168.00000000000003,163.0,178.0],[157.99999999999997,199.99999999999997,165.99999999999997,214.0]]","[{""bbox"":[151.38885498046875,145.74354553222656,162.3091278076172,156.39097595214844],""confidence"":0.6542831659317017},{""bbox"":[156.412109375,201.00404357910156,167.0020294189453,211.19210815429688],""confidence"":0.6280759572982788},{""bbox"":[152.63551330566406,168.61880493164062,164.0077362060547,179.8543701171875],""confidence"":0.5203199982643127},{""bbox"":[153.1980438232422,167.0272979736328,163.556640625,177.800537109375],""confidence"":0.11211759597063065},{""bbox"":[156.0927734375,168.9367218017578,166.03369140625,179.38650512695312],""confidence"":0.054275333881378174},{""bbox"":[155.3218536376953,201.75474548339844,167.39891052246094,214.6317138671875],""confidence"":0.027260780334472656},{""bbox"":[155.2723388671875,200.0707244873047,165.4445343017578,210.5849151611328],""confidence"":0.019794173538684845},{""bbox"":[149.81301879882812,147.6796417236328,162.7069549560547,160.8229522705078],""confidence"":0.014435452409088612},{""bbox"":[253.81155395507812,170.81362915039062,263.87677001953125,180.6468505859375],""confidence"":0.013425411656498909},{""bbox"":[151.5552978515625,168.74496459960938,161.9933624267578,178.9546356201172],""confidence"":0.009425175376236439},{""bbox"":[151.10935974121094,142.2997589111328,162.03150939941406,154.53204345703125],""confidence"":0.009126486256718636},{""bbox"":[160.028076171875,201.3422088623047,169.68460083007812,211.46665954589844],""confidence"":0.007583648432046175},{""bbox"":[257.825439453125,203.36488342285156,267.2431640625,212.7123260498047],""confidence"":0.007460202556103468},{""bbox"":[256.2703552246094,145.91146850585938,266.3517761230469,155.94166564941406],""confidence"":0.005350250285118818},{""bbox"":[251.78421020507812,170.7469024658203,261.7026672363281,180.7412567138672],""confidence"":0.003984587732702494},{""bbox"":[256.22064208984375,203.271484375,265.4765930175781,212.85658264160156],""confidence"":0.002272790065035224},{""bbox"":[255.7824249267578,170.69610595703125,265.4991455078125,180.39268493652344],""confidence"":0.002106101019307971},{""bbox"":[0.0,2.3687074184417725,0.0,8.912243843078613],""confidence"":0.0013653484638780355},{""bbox"":[151.49539184570312,167.0132598876953,161.36386108398438,177.13589477539062],""confidence"":0.0012506739003583789},{""bbox"":[151.08921813964844,169.8458709716797,162.13671875,181.58050537109375],""confidence"":0.0010323002934455872}]",20,0.001
002_20200623_203047(0),3,316,332,"[[146.0,145.0,160.0,159.0],[150.0,169.0,160.0,178.99999999999997],[153.0,201.00000000000003,164.0,211.0]]","[{""bbox"":[152.21347045898438,200.86390686035156,163.19366455078125,211.36549377441406],""confidence"":0.6248785257339478},{""bbox"":[146.7016143798828,145.52061462402344,157.88233947753906,156.38497924804688],""confidence"":0.6231634616851807},{""bbox"":[148.5007781982422,168.629150390625,160.01300048828125,179.977783203125],""confidence"":0.5635864734649658},{""bbox"":[148.59793090820312,166.9525909423828,159.31629943847656,178.03305053710938],""confidence"":0.14438079297542572},{""bbox"":[151.60662841796875,168.92015075683594,162.35218811035156,179.60240173339844],""confidence"":0.056976016610860825},{""bbox"":[151.04002380371094,201.71852111816406,163.29005432128906,214.6880340576172],""confidence"":0.026906048879027367},{""bbox"":[151.02883911132812,199.8545379638672,161.49246215820312,210.72976684570312],""confidence"":0.016518158838152885},{""bbox"":[146.52410888671875,142.23960876464844,157.53829956054688,154.47665405273438],""confidence"":0.01570642925798893},{""bbox"":[145.1778106689453,147.59280395507812,158.5445556640625,160.97549438476562],""confidence"":0.015652772039175034},{""bbox"":[147.29161071777344,168.64938354492188,157.84097290039062,179.03578186035156],""confidence"":0.015355079434812069},{""bbox"":[155.9368438720703,201.32679748535156,165.77732849121094,211.58453369140625],""confidence"":0.01316979993134737},{""bbox"":[249.23146057128906,170.881103515625,259.4019470214844,180.77877807617188],""confidence"":0.009157261811196804},{""bbox"":[247.20333862304688,170.85546875,257.0941162109375,180.81239318847656],""confidence"":0.004306612070649862},{""bbox"":[147.20376586914062,166.93536376953125,157.26034545898438,177.41598510742188],""confidence"":0.0032971310429275036},{""bbox"":[252.18048095703125,146.04075622558594,262.0986633300781,155.9267120361328],""confidence"":0.0024547006469219923},{""bbox"":[146.77064514160156,169.54318237304688,158.0849609375,181.64794921875],""confidence"":0.001540659461170435},{""bbox"":[0.0,2.3679378032684326,0.0,8.912019729614258],""confidence"":0.0013683672295883298},{""bbox"":[252.8267364501953,144.6626739501953,262.1922912597656,154.46363830566406],""confidence"":0.0011181083973497152}]",18,0.001
002_20200623_203050(0),3,316,332,"[[147.0,130.0,160.0,140.0],[151.99999999999997,154.0,160.99999999999997,164.0],[156.0,185.00000000000003,165.0,196.0]]","[{""bbox"":[153.5204315185547,185.42237854003906,164.50872802734375,196.4560546875],""confidence"":0.6962444186210632},{""bbox"":[149.50660705566406,153.63685607910156,160.45555114746094,164.30726623535156],""confidence"":0.6621989607810974},{""bbox"":[146.60508728027344,130.9122772216797,157.53939819335938,141.76658630371094],""confidence"":0.554235577583313},{""bbox"":[155.6531219482422,185.44580078125,166.28831481933594,196.18484497070312],""confidence"":0.2479449361562729},{""bbox"":[151.72560119628906,153.57273864746094,162.35086059570312,164.13922119140625],""confidence"":0.21328642964363098},{""bbox"":[145.58497619628906,131.71827697753906,156.96347045898438,144.20265197753906],""confidence"":0.11074218153953552},{""bbox"":[249.62342834472656,150.39662170410156,260.2036437988281,160.75865173339844],""confidence"":0.03833860158920288},{""bbox"":[147.45645141601562,129.39122009277344,157.9939727783203,140.3509521484375],""confidence"":0.03331005200743675},{""bbox"":[251.47059631347656,150.11569213867188,262.16363525390625,160.58706665039062],""confidence"":0.011433565057814121},{""bbox"":[148.86126708984375,150.65957641601562,159.82186889648438,162.52598571777344],""confidence"":0.011361097916960716},{""bbox"":[247.50955200195312,150.50918579101562,257.9217834472656,160.84124755859375],""confidence"":0.008626995608210564},{""bbox"":[254.82762145996094,181.8404998779297,264.644287109375,192.22879028320312],""confidence"":0.005881547927856445},{""bbox"":[147.50790405273438,153.73016357421875,157.36744689941406,163.3924560546875],""confidence"":0.004791873041540384},{""bbox"":[148.45770263671875,155.88729858398438,160.80349731445312,169.00808715820312],""confidence"":0.0032316811848431826},{""bbox"":[256.6703796386719,182.63523864746094,265.9866638183594,191.92538452148438],""confidence"":0.002144236583262682},{""bbox"":[251.9199676513672,181.8136749267578,262.1635437011719,192.41708374023438],""confidence"":0.0016107700066640973},{""bbox"":[0.0,2.3627185821533203,0.0,8.911507606506348],""confidence"":0.0013963845558464527},{""bbox"":[151.63763427734375,185.5175018310547,162.4004364013672,195.8656768798828],""confidence"":0.0011644468177109957}]",18,0.001
002_20200623_203054(6),3,316,332,"[[148.0,144.0,157.0,156.0],[150.0,168.00000000000003,158.0,178.0],[153.0,200.00000000000003,164.0,212.00000000000003]]","[{""bbox"":[152.38372802734375,200.49635314941406,162.94073486328125,210.6346893310547],""confidence"":0.6419357061386108},{""bbox"":[146.9615936279297,145.096923828125,158.14122009277344,156.11029052734375],""confidence"":0.5977060198783875},{""bbox"":[149.1826629638672,168.2014617919922,160.0655517578125,178.95767211914062],""confidence"":0.5549201369285583},{""bbox"":[151.9052276611328,168.50692749023438,162.07664489746094,179.05096435546875],""confidence"":0.07696249336004257},{""bbox"":[148.32431030273438,168.6876678466797,160.20957946777344,181.7274627685547],""confidence"":0.06454235315322876},{""bbox"":[146.80340576171875,142.13858032226562,157.76808166503906,154.2552490234375],""confidence"":0.03344346210360527},{""bbox"":[151.17576599121094,199.75900268554688,161.45603942871094,210.1226043701172],""confidence"":0.02245037443935871},{""bbox"":[249.29098510742188,171.0252685546875,259.45062255859375,180.90570068359375],""confidence"":0.01239799428731203},{""bbox"":[145.34194946289062,147.5847625732422,159.0431671142578,161.04737854003906],""confidence"":0.011847475543618202},{""bbox"":[156.18353271484375,201.02981567382812,165.69049072265625,210.97047424316406],""confidence"":0.008201598189771175},{""bbox"":[151.06260681152344,201.69857788085938,163.3728485107422,214.59413146972656],""confidence"":0.007850765250623226},{""bbox"":[147.38613891601562,168.15042114257812,158.0172882080078,178.45582580566406],""confidence"":0.007290167268365622},{""bbox"":[247.3318328857422,171.02029418945312,257.2239074707031,180.9599151611328],""confidence"":0.005341722629964352},{""bbox"":[252.08404541015625,146.0651092529297,262.14874267578125,156.07447814941406],""confidence"":0.004017472267150879},{""bbox"":[147.3408966064453,166.76683044433594,157.27236938476562,176.8721923828125],""confidence"":0.0025634870398789644},{""bbox"":[251.4349365234375,203.917236328125,260.4644775390625,213.22129821777344],""confidence"":0.0017659392906352878},{""bbox"":[152.19866943359375,196.2763214111328,163.3354949951172,208.8116455078125],""confidence"":0.001495238859206438},{""bbox"":[0.0,2.367445707321167,0.0,8.910846710205078],""confidence"":0.0013666806044057012},{""bbox"":[253.61293029785156,203.98973083496094,262.7538757324219,213.0602569580078],""confidence"":0.0012096611317247152},{""bbox"":[146.62289428710938,156.884765625,160.3332977294922,174.12269592285156],""confidence"":0.0010129449656233191}]",20,0.001
002_20200624_123122(6),3,352,332,"[[194.0,147.0,205.0,156.0],[198.0,169.0,207.00000000000003,177.00000000000003],[201.0,201.0,207.99999999999997,211.99999999999997]]","[{""bbox"":[194.58670043945312,145.92117309570312,204.22836303710938,155.51528930664062],""confidence"":0.6325346827507019},{""bbox"":[201.71575927734375,201.80435180664062,210.28530883789062,210.89324951171875],""confidence"":0.5767123699188232},{""bbox"":[197.39390563964844,169.9615478515625,206.0541534423828,179.08778381347656],""confidence"":0.5756329298019409},{""bbox"":[200.82005310058594,201.86251831054688,210.9711456298828,212.95413208007812],""confidence"":0.08646318316459656},{""bbox"":[195.958251953125,145.1166229248047,205.66009521484375,154.99566650390625],""confidence"":0.07272084057331085},{""bbox"":[199.88389587402344,202.21075439453125,208.57435607910156,210.62115478515625],""confidence"":0.028918351978063583},{""bbox"":[195.56149291992188,170.4637451171875,204.22164916992188,178.79136657714844],""confidence"":0.027922077104449272},{""bbox"":[195.8868408203125,169.73287963867188,206.90591430664062,182.1702880859375],""confidence"":0.027628792449831963},{""bbox"":[197.00759887695312,167.7714385986328,206.68643188476562,178.7794952392578],""confidence"":0.014721800573170185},{""bbox"":[301.0226135253906,137.51502990722656,308.7072448730469,145.48394775390625],""confidence"":0.005719338543713093},{""bbox"":[2.8596532344818115,332.0,9.497539520263672,332.0],""confidence"":0.005192914046347141},{""bbox"":[201.57208251953125,170.18592834472656,209.79751586914062,178.84315490722656],""confidence"":0.003628271399065852},{""bbox"":[298.60858154296875,162.3646697998047,306.32086181640625,171.06846618652344],""confidence"":0.0029578129760921},{""bbox"":[200.8592529296875,198.6139373779297,211.5189971923828,211.36874389648438],""confidence"":0.002527947071939707},{""bbox"":[300.0302429199219,162.23526000976562,307.7183532714844,170.47056579589844],""confidence"":0.0017124059377238154},{""bbox"":[192.9365692138672,147.2717742919922,204.2282257080078,160.2574005126953],""confidence"":0.0014259767485782504},{""bbox"":[205.18386840820312,201.59921264648438,214.0673370361328,210.00296020507812],""confidence"":0.0013248671311885118},{""bbox"":[199.08648681640625,202.18637084960938,209.26394653320312,213.07318115234375],""confidence"":0.0012145935324952006},{""bbox"":[0.2502630650997162,332.0,6.601912021636963,332.0],""confidence"":0.001099737943150103},{""bbox"":[191.2034454345703,146.54937744140625,201.54776000976562,155.9552001953125],""confidence"":0.0010264834854751825}]",20,0.001
002_20200624_123126(4),3,352,332,"[[193.0,129.0,199.99999999999997,136.0],[199.0,184.99999999999997,205.0,192.0],[195.0,153.0,203.0,161.0]]","[{""bbox"":[191.45559692382812,128.33384704589844,200.6444549560547,137.6373291015625],""confidence"":0.6321872472763062},{""bbox"":[197.04820251464844,184.5160675048828,205.9323272705078,193.87342834472656],""confidence"":0.5992873311042786},{""bbox"":[193.4871368408203,152.02841186523438,202.23974609375,161.34169006347656],""confidence"":0.5411149859428406},{""bbox"":[195.45648193359375,184.9085693359375,204.39459228515625,193.60202026367188],""confidence"":0.03607159107923508},{""bbox"":[192.21014404296875,152.09591674804688,203.22496032714844,164.5492706298828],""confidence"":0.011217179708182812},{""bbox"":[191.22476196289062,152.8081512451172,199.8483428955078,160.8955535888672],""confidence"":0.009571551345288754},{""bbox"":[294.3053283691406,148.00831604003906,302.4472961425781,157.07821655273438],""confidence"":0.009112087078392506},{""bbox"":[295.9692077636719,147.87542724609375,304.2216796875,156.7784881591797],""confidence"":0.009038284420967102},{""bbox"":[298.4346923828125,122.48921966552734,305.9835510253906,130.8330535888672],""confidence"":0.008975137956440449},{""bbox"":[197.03977966308594,152.30433654785156,205.38760375976562,161.08721923828125],""confidence"":0.008396156132221222},{""bbox"":[2.8592755794525146,332.0,9.497556686401367,332.0],""confidence"":0.005200790707021952},{""bbox"":[200.88905334472656,184.6015625,209.70193481445312,193.0631103515625],""confidence"":0.0033278735354542732},{""bbox"":[0.25072988867759705,332.0,6.602739334106445,332.0],""confidence"":0.0011014757910743356}]",13,0.001
002_20200624_123129(9),3,352,332,"[[189.00000000000003,175.0,195.99999999999997,183.99999999999997],[191.00000000000003,198.00000000000003,198.0,208.0],[194.0,231.0,203.00000000000003,239.00000000000003]]","[{""bbox"":[188.36383056640625,174.6795196533203,196.95932006835938,183.7711639404297],""confidence"":0.6013704538345337},{""bbox"":[190.68716430664062,198.5885009765625,199.87901306152344,207.95501708984375],""confidence"":0.5965460538864136},{""bbox"":[194.21234130859375,230.2271728515625,203.20046997070312,239.6338348388672],""confidence"":0.4905809164047241},{""bbox"":[192.3245849609375,197.91087341308594,201.3562469482422,207.39434814453125],""confidence"":0.10564261674880981},{""bbox"":[186.975830078125,174.55856323242188,197.5866241455078,186.54054260253906],""confidence"":0.04758201539516449},{""bbox"":[295.6044006347656,171.4208984375,303.2752685546875,179.1266326904297],""confidence"":0.0445675365626812},{""bbox"":[196.66099548339844,230.23204040527344,205.56948852539062,239.5673370361328],""confidence"":0.04151259735226631},{""bbox"":[186.56130981445312,174.96311950683594,195.72535705566406,183.91041564941406],""confidence"":0.04105444625020027},{""bbox"":[187.5956268310547,172.15933227539062,198.2271728515625,184.69573974609375],""confidence"":0.013820772990584373},{""bbox"":[191.78167724609375,174.4314727783203,200.69520568847656,183.51071166992188],""confidence"":0.006556094624102116},{""bbox"":[2.856062412261963,332.0,9.490862846374512,332.0],""confidence"":0.005078229587525129},{""bbox"":[293.1689758300781,196.40277099609375,300.6827392578125,204.59539794921875],""confidence"":0.003949195612221956},{""bbox"":[290.9438171386719,196.47679138183594,298.6243591308594,205.0025634765625],""confidence"":0.0010895265731960535},{""bbox"":[0.24361896514892578,332.0,6.590861797332764,332.0],""confidence"":0.0010843343334272504}]",14,0.001
002_20200624_123133(0),3,352,332,"[[203.0,169.0,212.0,178.99999999999997],[203.00000000000003,190.99999999999997,213.0,199.0],[207.00000000000003,216.99999999999997,214.0,225.0]]","[{""bbox"":[200.2017822265625,167.47970581054688,209.08462524414062,176.55906677246094],""confidence"":0.5981650352478027},{""bbox"":[202.00782775878906,189.744873046875,211.38323974609375,199.31057739257812],""confidence"":0.5355956554412842},{""bbox"":[203.7495880126953,215.9565887451172,212.07553100585938,224.79409790039062],""confidence"":0.4757654070854187},{""bbox"":[200.98585510253906,168.29469299316406,210.21041870117188,177.81546020507812],""confidence"":0.04618788883090019},{""bbox"":[205.80484008789062,215.76046752929688,214.35142517089844,224.4686279296875],""confidence"":0.04057833552360535},{""bbox"":[198.8648223876953,168.09213256835938,208.18215942382812,177.83563232421875],""confidence"":0.024103840813040733},{""bbox"":[205.211669921875,189.92230224609375,214.12564086914062,199.02230834960938],""confidence"":0.017418760806322098},{""bbox"":[305.63336181640625,191.45680236816406,313.6561584472656,200.1624755859375],""confidence"":0.011379574425518513},{""bbox"":[307.4646301269531,216.73179626464844,314.8096008300781,224.69175720214844],""confidence"":0.005837444681674242},{""bbox"":[2.856978178024292,332.0,9.49225902557373,332.0],""confidence"":0.005098323337733746},{""bbox"":[306.5400085449219,170.1044158935547,313.7931213378906,177.9834442138672],""confidence"":0.004686301574110985},{""bbox"":[308.7817687988281,216.7794952392578,316.0475158691406,224.21412658691406],""confidence"":0.004243271425366402},{""bbox"":[200.01226806640625,190.52740478515625,209.0012664794922,198.98439025878906],""confidence"":0.0021697732154279947},{""bbox"":[308.1924133300781,170.19068908691406,315.5915222167969,177.84054565429688],""confidence"":0.0017679848242551088},{""bbox"":[307.421875,191.58087158203125,315.4716796875,199.904052734375],""confidence"":0.0013747194316238165},{""bbox"":[0.24482642114162445,332.0,6.592844009399414,332.0],""confidence"":0.0010867298115044832}]",16,0.001
002_20200624_123136(5),3,352,332,"[[207.99999999999997,154.0,217.0,163.0],[212.0,175.0,220.0,183.99999999999997],[217.99999999999997,201.00000000000003,227.0,210.0]]","[{""bbox"":[206.7174835205078,153.52191162109375,214.9727020263672,162.23818969726562],""confidence"":0.5321400165557861},{""bbox"":[216.82028198242188,200.71046447753906,226.1025390625,210.52163696289062],""confidence"":0.5224688649177551},{""bbox"":[211.4242706298828,174.86837768554688,220.53465270996094,184.52560424804688],""confidence"":0.5139163136482239},{""bbox"":[218.32815551757812,200.05572509765625,227.7894744873047,210.1457977294922],""confidence"":0.1667105108499527},{""bbox"":[210.88092041015625,175.73617553710938,221.0508270263672,186.64866638183594],""confidence"":0.07330802828073502},{""bbox"":[205.65289306640625,153.23699951171875,215.86264038085938,164.54437255859375],""confidence"":0.04818442091345787},{""bbox"":[215.32383728027344,200.89756774902344,226.26165771484375,213.03268432617188],""confidence"":0.04556262865662575},{""bbox"":[213.78977966308594,174.49046325683594,222.93795776367188,184.15818786621094],""confidence"":0.02858537994325161},{""bbox"":[204.33718872070312,153.73348999023438,213.1737823486328,162.23895263671875],""confidence"":0.012347365729510784},{""bbox"":[209.2698974609375,152.68084716796875,218.32083129882812,161.32266235351562],""confidence"":0.010439243167638779},{""bbox"":[311.7999572753906,151.7046661376953,319.6844482421875,160.50279235839844],""confidence"":0.0075790053233504295},{""bbox"":[311.1453857421875,129.4586639404297,318.5691833496094,137.62716674804688],""confidence"":0.005820853635668755},{""bbox"":[2.8598294258117676,332.0,9.497986793518066,332.0],""confidence"":0.005194860510528088},{""bbox"":[313.02069091796875,151.56527709960938,321.06768798828125,160.11941528320312],""confidence"":0.004966586362570524},{""bbox"":[219.03602600097656,198.39329528808594,228.58926391601562,209.29493713378906],""confidence"":0.0037123658694326878},{""bbox"":[211.1013946533203,172.30670166015625,220.41098022460938,183.75418090820312],""confidence"":0.00249917758628726},{""bbox"":[312.5387268066406,129.25125122070312,320.1090087890625,137.04046630859375],""confidence"":0.0022150350268930197},{""bbox"":[217.5103759765625,201.08407592773438,227.86959838867188,212.99951171875],""confidence"":0.002148032421246171},{""bbox"":[208.7897186279297,176.10313415527344,217.94065856933594,184.66773986816406],""confidence"":0.0013302610022947192},{""bbox"":[0.250662237405777,332.0,6.602877140045166,332.0],""confidence"":0.0010993692558258772}]",20,0.001
002_20200624_123143(7),3,352,332,"[[201.0,168.00000000000003,212.0,178.0],[203.00000000000003,189.0,213.0,199.99999999999997],[205.0,216.0,214.00000000000003,225.99999999999997]]","[{""bbox"":[201.49403381347656,167.4984130859375,209.98654174804688,176.31100463867188],""confidence"":0.5985853672027588},{""bbox"":[202.75311279296875,189.56494140625,212.107421875,199.06417846679688],""confidence"":0.5635170936584473},{""bbox"":[204.96163940429688,216.11380004882812,213.2057342529297,224.83924865722656],""confidence"":0.5150772929191589},{""bbox"":[206.18238830566406,215.4843292236328,214.74029541015625,224.5973663330078],""confidence"":0.08054368197917938},{""bbox"":[205.1116180419922,189.47596740722656,214.19668579101562,198.78074645996094],""confidence"":0.0654963031411171},{""bbox"":[199.81527709960938,167.7182159423828,208.4588165283203,176.173583984375],""confidence"":0.049732573330402374},{""bbox"":[308.7361755371094,170.35287475585938,316.1442565917969,178.13128662109375],""confidence"":0.01824197545647621},{""bbox"":[307.1292419433594,170.75352478027344,314.6111145019531,178.4425048828125],""confidence"":0.013300511986017227},{""bbox"":[306.78875732421875,191.76104736328125,314.60223388671875,200.45590209960938],""confidence"":0.012960110791027546},{""bbox"":[203.63320922851562,216.8074951171875,212.77743530273438,226.21815490722656],""confidence"":0.008051229640841484},{""bbox"":[2.8577303886413574,332.0,9.493690490722656,332.0],""confidence"":0.005124198272824287},{""bbox"":[309.6772766113281,217.1431884765625,316.9103698730469,224.709716796875],""confidence"":0.0045425910502672195},{""bbox"":[307.9310607910156,192.74368286132812,315.9564208984375,200.892578125],""confidence"":0.002404766157269478},{""bbox"":[308.2803649902344,217.0019989013672,315.6286926269531,225.12905883789062],""confidence"":0.002149444306269288},{""bbox"":[205.38973999023438,167.737548828125,213.94166564941406,175.72792053222656],""confidence"":0.0013309491332620382},{""bbox"":[0.24628615379333496,332.0,6.595242023468018,332.0],""confidence"":0.0010903291404247284}]",16,0.001
002_20200624_203012(9),3,352,332,"[[194.0,122.0,203.00000000000003,133.0],[193.0,148.0,203.0,158.0],[193.0,180.00000000000003,204.0,190.0]]","[{""bbox"":[193.27847290039062,123.37954711914062,202.75624084472656,132.917236328125],""confidence"":0.5779657959938049},{""bbox"":[194.16131591796875,180.03536987304688,203.38829040527344,189.478759765625],""confidence"":0.5711047649383545},{""bbox"":[193.5590057373047,147.6028594970703,202.6777801513672,157.10406494140625],""confidence"":0.5236119627952576},{""bbox"":[196.57823181152344,180.31361389160156,205.57339477539062,189.48699951171875],""confidence"":0.08443040400743484},{""bbox"":[196.31552124023438,123.70634460449219,205.18017578125,132.5891571044922],""confidence"":0.06894836574792862},{""bbox"":[193.03970336914062,145.74795532226562,202.16175842285156,156.35035705566406],""confidence"":0.0351182259619236},{""bbox"":[299.68817138671875,133.96975708007812,307.3926086425781,142.04922485351562],""confidence"":0.020409831777215004},{""bbox"":[191.05934143066406,123.68449401855469,200.84432983398438,133.09954833984375],""confidence"":0.020125877112150192},{""bbox"":[192.2650909423828,147.92431640625,203.06239318847656,160.1432647705078],""confidence"":0.019828349351882935},{""bbox"":[191.08331298828125,148.23138427734375,200.30931091308594,157.0546112060547],""confidence"":0.009981883689761162},{""bbox"":[196.71315002441406,148.19451904296875,205.5122528076172,157.6155548095703],""confidence"":0.008038402535021305},{""bbox"":[2.858487844467163,332.0,9.497095108032227,332.0],""confidence"":0.0052010295912623405},{""bbox"":[298.04351806640625,134.58428955078125,306.0018005371094,142.9569854736328],""confidence"":0.003064584918320179},{""bbox"":[0.25086259841918945,332.0,6.603142738342285,332.0],""confidence"":0.0011021983809769154}]",14,0.001
002_20200624_203111(4),3,316,332,"[[166.0,145.0,178.0,154.0],[168.00000000000003,166.0,177.0,177.0],[170.0,193.0,180.99999999999997,204.0]]","[{""bbox"":[167.2284393310547,167.28602600097656,178.23475646972656,177.91146850585938],""confidence"":0.6345484256744385},{""bbox"":[165.02752685546875,144.05599975585938,176.2847900390625,155.19798278808594],""confidence"":0.6247340440750122},{""bbox"":[169.9586639404297,193.30844116210938,180.0625762939453,203.2724609375],""confidence"":0.5388543009757996},{""bbox"":[167.96478271484375,144.46893310546875,178.14471435546875,154.85330200195312],""confidence"":0.05280016362667084},{""bbox"":[166.04249572753906,168.4507293701172,178.40902709960938,181.5780487060547],""confidence"":0.027162479236721992},{""bbox"":[271.4024353027344,192.7678985595703,280.73577880859375,202.18222045898438],""confidence"":0.02680666372179985},{""bbox"":[173.29759216308594,193.46310424804688,182.60804748535156,203.38717651367188],""confidence"":0.025018924847245216},{""bbox"":[168.91552734375,193.90829467773438,179.90354919433594,206.16952514648438],""confidence"":0.02383331023156643},{""bbox"":[168.2613067626953,193.59158325195312,177.9194793701172,202.87710571289062],""confidence"":0.0201804768294096},{""bbox"":[166.37379455566406,162.9510498046875,177.844482421875,175.2884521484375],""confidence"":0.00861055962741375},{""bbox"":[269.57269287109375,192.72760009765625,279.06585693359375,202.35980224609375],""confidence"":0.0038282154127955437},{""bbox"":[172.7251434326172,167.6703643798828,182.15347290039062,177.3743133544922],""confidence"":0.0035592198837548494},{""bbox"":[272.0108642578125,191.5373992919922,280.5005798339844,200.73045349121094],""confidence"":0.00313039543107152},{""bbox"":[269.5332336425781,144.40077209472656,278.72637939453125,153.9509735107422],""confidence"":0.0030476637184619904},{""bbox"":[0.0,2.3684630393981934,0.0,8.911402702331543],""confidence"":0.0013637772062793374},{""bbox"":[272.6212463378906,193.3554229736328,281.8989562988281,202.8345184326172],""confidence"":0.001303158001974225},{""bbox"":[164.68460083007812,147.83035278320312,177.5123291015625,162.0217742919922],""confidence"":0.0012686162954196334},{""bbox"":[163.662109375,142.0563507080078,173.78147888183594,153.26754760742188],""confidence"":0.0012183255748823285},{""bbox"":[269.8897705078125,191.6429901123047,278.32159423828125,200.82090759277344],""confidence"":0.0011238112347200513},{""bbox"":[173.2751007080078,166.69052124023438,181.8814697265625,175.72906494140625],""confidence"":0.0011210654629394412}]",20,0.001
002_20200624_203114(3),3,316,332,"[[153.0,134.0,160.99999999999997,144.0],[157.99999999999997,156.0,165.99999999999997,166.0],[164.0,180.00000000000003,176.0,190.0]]","[{""bbox"":[155.88600158691406,156.06744384765625,166.3163604736328,166.5120391845703],""confidence"":0.6140446066856384},{""bbox"":[149.82183837890625,134.6936492919922,160.73252868652344,145.35049438476562],""confidence"":0.6115745306015015},{""bbox"":[161.58486938476562,181.07212829589844,172.59886169433594,191.94769287109375],""confidence"":0.598609209060669},{""bbox"":[163.53244018554688,180.43907165527344,174.42507934570312,191.405517578125],""confidence"":0.17755669355392456},{""bbox"":[156.2803192138672,154.38587951660156,166.8502197265625,165.0830078125],""confidence"":0.14818063378334045},{""bbox"":[260.0057678222656,151.90573120117188,270.0295715332031,162.3361358642578],""confidence"":0.14385807514190674},{""bbox"":[155.1945343017578,156.15435791015625,167.25692749023438,169.32662963867188],""confidence"":0.14297932386398315},{""bbox"":[149.22544860839844,135.34429931640625,161.83628845214844,148.51524353027344],""confidence"":0.05761468783020973},{""bbox"":[257.16357421875,152.6477508544922,266.7372741699219,162.69874572753906],""confidence"":0.02124810591340065},{""bbox"":[151.33929443359375,133.33963012695312,161.91415405273438,144.28407287597656],""confidence"":0.015203314833343029},{""bbox"":[252.7333984375,104.866455078125,262.1786804199219,114.24114227294922],""confidence"":0.014145969413220882},{""bbox"":[263.6194152832031,151.36180114746094,273.33624267578125,161.17404174804688],""confidence"":0.006481821183115244},{""bbox"":[261.5355529785156,150.1289520263672,271.5910339355469,160.7021026611328],""confidence"":0.005127979442477226},{""bbox"":[159.34461975097656,155.39662170410156,169.5910186767578,165.9081573486328],""confidence"":0.004763435106724501},{""bbox"":[160.071044921875,181.94091796875,169.9754180908203,191.07748413085938],""confidence"":0.0017997896065935493},{""bbox"":[151.7904052734375,140.96151733398438,165.9908447265625,160.3938446044922],""confidence"":0.001399155822582543},{""bbox"":[0.0,2.3685920238494873,0.0,8.911700248718262],""confidence"":0.0013638732489198446}]",17,0.001
002_20200624_203117(3),3,316,332,"[[152.0,121.00000000000001,163.0,132.0],[157.99999999999997,142.0,166.99999999999997,153.0],[164.0,167.0,177.0,178.0]]","[{""bbox"":[151.39639282226562,122.04525756835938,162.07559204101562,132.43719482421875],""confidence"":0.5892051458358765},{""bbox"":[163.8128204345703,168.37258911132812,174.66542053222656,179.2003631591797],""confidence"":0.5673373937606812},{""bbox"":[156.74850463867188,143.03607177734375,168.48948669433594,154.46560668945312],""confidence"":0.5367695093154907},{""bbox"":[164.75279235839844,166.4854736328125,175.55006408691406,177.60813903808594],""confidence"":0.19178742170333862},{""bbox"":[157.17355346679688,143.9105224609375,169.73785400390625,157.16455078125],""confidence"":0.15609723329544067},{""bbox"":[158.9385223388672,142.79296875,170.21487426757812,154.09889221191406],""confidence"":0.08027927577495575},{""bbox"":[150.7900848388672,122.81121826171875,164.20191955566406,136.186279296875],""confidence"":0.04922148957848549},{""bbox"":[163.34034729003906,166.94664001464844,173.4892578125,177.52914428710938],""confidence"":0.04688425734639168},{""bbox"":[262.30645751953125,134.51243591308594,272.1617126464844,144.29144287109375],""confidence"":0.034980129450559616},{""bbox"":[251.97889709472656,86.23905944824219,261.98651123046875,96.81524658203125],""confidence"":0.023355664685368538},{""bbox"":[250.9078369140625,87.50007629394531,261.3809814453125,98.0615005493164],""confidence"":0.019952882081270218},{""bbox"":[259.9248962402344,134.8162384033203,269.7054138183594,144.91001892089844],""confidence"":0.01817082241177559},{""bbox"":[155.59613037109375,143.51956176757812,166.17300415039062,153.73306274414062],""confidence"":0.009070320054888725},{""bbox"":[159.75457763671875,141.36378479003906,170.12509155273438,152.08592224121094],""confidence"":0.007625019643455744},{""bbox"":[167.2920379638672,166.94284057617188,177.713134765625,177.47962951660156],""confidence"":0.006069934461265802},{""bbox"":[264.44903564453125,134.36492919921875,273.7831115722656,143.68719482421875],""confidence"":0.004715150222182274},{""bbox"":[156.9348602294922,147.60736083984375,169.88449096679688,160.97372436523438],""confidence"":0.004527122713625431},{""bbox"":[153.22613525390625,132.35386657714844,167.10943603515625,148.9930419921875],""confidence"":0.0033376680221408606},{""bbox"":[253.8115234375,109.38325500488281,264.44989013671875,120.02481842041016],""confidence"":0.001982644200325012},{""bbox"":[256.6319885253906,135.6536102294922,265.813720703125,145.50079345703125],""confidence"":0.0018472984666004777},{""bbox"":[162.266845703125,161.99191284179688,174.01974487304688,174.85472106933594],""confidence"":0.001542422454804182},{""bbox"":[0.0,2.368126630783081,0.0,8.911632537841797],""confidence"":0.0013663709396496415},{""bbox"":[153.12364196777344,128.31085205078125,166.6141815185547,147.13388061523438],""confidence"":0.0010669399052858353}]",23,0.001
002_20200624_203120(3),3,316,332,"[[161.00000000000003,125.0,172.0,133.0],[165.0,146.0,176.0,153.0],[172.0,170.0,182.0,178.99999999999997]]","[{""bbox"":[170.74713134765625,170.21702575683594,181.8510284423828,181.0890655517578],""confidence"":0.6185662150382996},{""bbox"":[159.39724731445312,123.21092987060547,170.31088256835938,134.41427612304688],""confidence"":0.5704185366630554},{""bbox"":[164.4573211669922,144.7498321533203,176.6044464111328,156.3592071533203],""confidence"":0.5665864944458008},{""bbox"":[163.56007385253906,141.60105895996094,175.46484375,153.9486846923828],""confidence"":0.06073693931102753},{""bbox"":[170.85496520996094,167.1995391845703,181.6094512939453,179.16017150878906],""confidence"":0.05558555945754051},{""bbox"":[167.16860961914062,144.72915649414062,178.4430694580078,155.8236541748047],""confidence"":0.046397000551223755},{""bbox"":[270.64208984375,138.82876586914062,280.35040283203125,148.568115234375],""confidence"":0.03245452046394348},{""bbox"":[163.75808715820312,144.73666381835938,174.10198974609375,154.9995880126953],""confidence"":0.02830478735268116},{""bbox"":[164.83518981933594,147.7683868408203,177.37106323242188,160.86093139648438],""confidence"":0.026903951540589333},{""bbox"":[170.03317260742188,172.52244567871094,182.658203125,185.64859008789062],""confidence"":0.018190067261457443},{""bbox"":[173.22047424316406,167.0908203125,183.56944274902344,178.35780334472656],""confidence"":0.017610393464565277},{""bbox"":[158.66160583496094,121.37252807617188,169.03793334960938,132.45751953125],""confidence"":0.017313793301582336},{""bbox"":[268.3829345703125,139.13711547851562,278.10284423828125,149.29739379882812],""confidence"":0.013210080564022064},{""bbox"":[160.3150634765625,121.2135009765625,170.83229064941406,132.2610626220703],""confidence"":0.009985145181417465},{""bbox"":[272.7122497558594,138.63720703125,281.9192810058594,147.8940887451172],""confidence"":0.004230249673128128},{""bbox"":[159.92555236816406,127.04202270507812,174.62957763671875,142.33387756347656],""confidence"":0.0028720528353005648},{""bbox"":[176.0247802734375,168.78182983398438,186.0382843017578,179.298095703125],""confidence"":0.0018470804207026958},{""bbox"":[0.0,2.367969512939453,0.0,8.911637306213379],""confidence"":0.0013675347436219454},{""bbox"":[260.3204650878906,92.51367950439453,270.3865661621094,102.67430877685547],""confidence"":0.0012059715809300542},{""bbox"":[266.540771484375,139.56735229492188,276.9581298828125,150.08233642578125],""confidence"":0.001170265837572515}]",20,0.001
002_20200624_203123(3),3,316,332,"[[153.0,134.0,164.0,147.0],[157.0,158.0,167.99999999999997,166.99999999999997],[163.0,182.00000000000003,173.99999999999997,194.00000000000003]]","[{""bbox"":[152.36961364746094,136.35171508789062,162.69268798828125,147.05593872070312],""confidence"":0.6662254333496094},{""bbox"":[161.39169311523438,183.6304473876953,172.72744750976562,194.5157012939453],""confidence"":0.6046009063720703},{""bbox"":[156.43753051757812,157.8245086669922,168.02182006835938,168.84042358398438],""confidence"":0.60123211145401},{""bbox"":[262.0165710449219,159.8470001220703,271.95550537109375,169.6888427734375],""confidence"":0.203801691532135},{""bbox"":[163.47982788085938,183.00466918945312,174.56353759765625,194.0657958984375],""confidence"":0.16510021686553955},{""bbox"":[260.5908203125,160.05552673339844,270.3365173339844,170.08966064453125],""confidence"":0.1648208647966385},{""bbox"":[151.6640625,133.9259490966797,162.8594207763672,146.1879425048828],""confidence"":0.05829210579395294},{""bbox"":[159.2222137451172,157.75389099121094,169.96575927734375,168.4111328125],""confidence"":0.046859756112098694},{""bbox"":[155.62432861328125,158.08761596679688,165.1395721435547,167.44252014160156],""confidence"":0.03846544772386551},{""bbox"":[160.7797088623047,185.04881286621094,172.91131591796875,198.20904541015625],""confidence"":0.035022538155317307},{""bbox"":[263.9332580566406,159.5531463623047,273.50225830078125,169.1267852783203],""confidence"":0.021684911102056503},{""bbox"":[154.94667053222656,154.60903930664062,166.63912963867188,166.9914093017578],""confidence"":0.016197560355067253},{""bbox"":[257.60089111328125,160.67369079589844,266.8123779296875,170.36593627929688],""confidence"":0.01607437990605831},{""bbox"":[156.26646423339844,160.16029357910156,168.66783142089844,173.1913299560547],""confidence"":0.011571481823921204},{""bbox"":[162.4558563232422,179.9578857421875,172.6319580078125,191.86764526367188],""confidence"":0.0038293427787721157},{""bbox"":[253.8181915283203,113.49617004394531,263.69647216796875,123.38622283935547],""confidence"":0.0035174600780010223},{""bbox"":[155.41555786132812,136.4379119873047,165.1535186767578,145.96124267578125],""confidence"":0.003252063412219286},{""bbox"":[257.32293701171875,137.3484649658203,267.46185302734375,147.24024963378906],""confidence"":0.002892068587243557},{""bbox"":[151.46035766601562,139.32667541503906,165.6143798828125,153.11294555664062],""confidence"":0.002447871258482337},{""bbox"":[168.79689025878906,210.09642028808594,177.65525817871094,220.01699829101562],""confidence"":0.001992401434108615},{""bbox"":[160.0429229736328,184.2307891845703,170.41957092285156,193.89500427246094],""confidence"":0.0017401169752702117},{""bbox"":[163.64256286621094,185.2877655029297,174.4614715576172,198.03196716308594],""confidence"":0.0015712161548435688},{""bbox"":[0.0,2.369358539581299,0.0,8.913721084594727],""confidence"":0.0013672119239345193}]",23,0.001
002_20200624_203126(3),3,316,332,"[[159.0,133.0,170.0,141.0],[165.0,151.0,174.99999999999997,164.0],[171.0,175.0,180.99999999999997,187.0]]","[{""bbox"":[164.299560546875,153.10411071777344,175.31748962402344,164.15135192871094],""confidence"":0.6525575518608093},{""bbox"":[157.9459228515625,131.6748046875,168.97341918945312,142.7545623779297],""confidence"":0.5992414355278015},{""bbox"":[170.1361083984375,177.66477966308594,181.1726531982422,188.718994140625],""confidence"":0.5905177593231201},{""bbox"":[171.95578002929688,177.26609802246094,182.95591735839844,188.3249053955078],""confidence"":0.21679633855819702},{""bbox"":[170.83229064941406,175.61114501953125,181.14756774902344,187.35903930664062],""confidence"":0.09085570275783539},{""bbox"":[162.94068908691406,150.4167022705078,174.4706268310547,162.56654357910156],""confidence"":0.0794009417295456},{""bbox"":[269.42041015625,143.05133056640625,279.8822937011719,153.46444702148438],""confidence"":0.05150369927287102},{""bbox"":[268.16412353515625,143.4852294921875,278.6313781738281,154.46990966796875],""confidence"":0.034695666283369064},{""bbox"":[159.25245666503906,132.26185607910156,170.31179809570312,144.48709106445312],""confidence"":0.029602056369185448},{""bbox"":[173.2235107421875,175.41055297851562,183.43310546875,186.65869140625],""confidence"":0.020213136449456215},{""bbox"":[167.31771850585938,152.53961181640625,178.01123046875,163.05528259277344],""confidence"":0.01680029183626175},{""bbox"":[266.3042907714844,144.1290740966797,277.10711669921875,155.06689453125],""confidence"":0.00958408135920763},{""bbox"":[163.2107391357422,155.90577697753906,176.1431427001953,169.01934814453125],""confidence"":0.007542710285633802},{""bbox"":[158.48117065429688,135.2570037841797,173.96571350097656,150.9227294921875],""confidence"":0.0028991284780204296},{""bbox"":[169.78314208984375,180.90184020996094,181.9983673095703,193.93252563476562],""confidence"":0.002444826066493988},{""bbox"":[270.3992614746094,141.408935546875,279.95068359375,151.5509033203125],""confidence"":0.0024290240835398436},{""bbox"":[271.8984375,142.69639587402344,281.7004089355469,152.6431121826172],""confidence"":0.0023831985890865326},{""bbox"":[160.05319213867188,129.408203125,170.77671813964844,140.793212890625],""confidence"":0.0018745100824162364},{""bbox"":[0.0,2.3684206008911133,0.0,8.911468505859375],""confidence"":0.0013638065429404378},{""bbox"":[263.0621643066406,145.65626525878906,273.7510070800781,156.55332946777344],""confidence"":0.0012091497192159295},{""bbox"":[159.817626953125,136.45826721191406,173.09140014648438,154.14657592773438],""confidence"":0.001031538937240839}]",21,0.001
002_20200625_003116(4),3,352,332,"[[196.00000000000003,168.0,206.0,178.99999999999997],[201.0,195.00000000000003,207.99999999999997,204.0],[203.0,227.00000000000003,215.0,236.0]]","[{""bbox"":[196.52734375,169.36773681640625,205.75241088867188,178.83160400390625],""confidence"":0.6612861752510071},{""bbox"":[199.43150329589844,193.84666442871094,209.0433349609375,203.55731201171875],""confidence"":0.6384199857711792},{""bbox"":[203.48684692382812,225.36325073242188,212.98931884765625,235.07330322265625],""confidence"":0.5527552962303162},{""bbox"":[205.20997619628906,225.14768981933594,214.56910705566406,234.95127868652344],""confidence"":0.12532754242420197},{""bbox"":[195.7418670654297,167.6782989501953,206.2264404296875,179.74171447753906],""confidence"":0.08745981752872467},{""bbox"":[194.5093231201172,169.2432403564453,206.1454620361328,182.19227600097656],""confidence"":0.021814389154314995},{""bbox"":[2.859600782394409,332.0,9.49742603302002,332.0],""confidence"":0.005189111921936274},{""bbox"":[200.57554626464844,169.48678588867188,209.4261016845703,178.34962463378906],""confidence"":0.0036929475609213114},{""bbox"":[0.25010257959365845,332.0,6.60172176361084,332.0],""confidence"":0.0010990273440256715},{""bbox"":[198.97898864746094,189.98269653320312,208.64340209960938,202.4015655517578],""confidence"":0.0010078729828819633}]",10,0.001
002_20200625_003120(7),3,352,332,"[[193.0,112.00000000000001,207.00000000000003,123.0],[195.99999999999997,136.0,205.0,147.0],[197.0,166.0,208.0,178.0]]","[{""bbox"":[195.9396209716797,136.30487060546875,205.18115234375,145.8816680908203],""confidence"":0.6536316275596619},{""bbox"":[194.2584991455078,111.80594635009766,204.03610229492188,121.68087005615234],""confidence"":0.6450610160827637},{""bbox"":[198.15707397460938,169.00901794433594,206.8506622314453,178.10658264160156],""confidence"":0.5222892761230469},{""bbox"":[195.97808837890625,111.95967102050781,205.43893432617188,121.4737777709961],""confidence"":0.13289916515350342},{""bbox"":[196.90562438964844,167.59535217285156,207.15878295898438,178.87283325195312],""confidence"":0.0712190642952919},{""bbox"":[192.5803985595703,112.13848876953125,203.99371337890625,124.99695587158203],""confidence"":0.0166995357722044},{""bbox"":[201.23175048828125,169.46311950683594,209.79771423339844,178.43572998046875],""confidence"":0.014350438490509987},{""bbox"":[195.60208129882812,169.595947265625,204.40818786621094,177.95233154296875],""confidence"":0.008483794517815113},{""bbox"":[2.8581435680389404,332.0,9.497011184692383,332.0],""confidence"":0.005191310774534941},{""bbox"":[300.6900939941406,115.48248291015625,308.21337890625,123.26301574707031],""confidence"":0.0033963797613978386},{""bbox"":[195.18101501464844,132.8147430419922,204.44662475585938,144.70994567871094],""confidence"":0.002367639448493719},{""bbox"":[191.1583709716797,112.29802703857422,201.60218811035156,121.95753479003906],""confidence"":0.0020895604975521564},{""bbox"":[196.85218811035156,169.4475555419922,207.89031982421875,182.24005126953125],""confidence"":0.0014157668920233846},{""bbox"":[297.8033752441406,139.99037170410156,305.4476623535156,148.4558868408203],""confidence"":0.0011842494131997228},{""bbox"":[0.25061294436454773,332.0,6.6031880378723145,332.0],""confidence"":0.0011001419043168426}]",15,0.001
002_20200625_003125(4),3,352,332,"[[198.0,135.0,207.99999999999997,146.0],[201.0,160.0,210.00000000000003,170.0],[205.0,191.00000000000003,214.99999999999997,201.0]]","[{""bbox"":[198.75030517578125,135.50428771972656,208.3302001953125,145.31520080566406],""confidence"":0.6087775826454163},{""bbox"":[205.40774536132812,192.33749389648438,214.0022430419922,201.4104766845703],""confidence"":0.5720661878585815},{""bbox"":[201.5815887451172,160.33509826660156,210.5697784423828,169.7266845703125],""confidence"":0.5255595445632935},{""bbox"":[200.40003967285156,135.17892456054688,209.7603759765625,144.70938110351562],""confidence"":0.1845341920852661},{""bbox"":[204.23379516601562,192.88121032714844,212.7451629638672,201.19459533691406],""confidence"":0.053488027304410934},{""bbox"":[204.326171875,192.3160400390625,214.83157348632812,204.11585998535156],""confidence"":0.040760912001132965},{""bbox"":[199.90306091308594,160.81729125976562,208.67074584960938,169.4889678955078],""confidence"":0.02460493892431259},{""bbox"":[304.6137390136719,127.88341522216797,312.0285339355469,135.3123779296875],""confidence"":0.014146938920021057},{""bbox"":[204.90411376953125,189.79751586914062,215.2161407470703,202.23670959472656],""confidence"":0.010564585216343403},{""bbox"":[302.7899169921875,153.01812744140625,310.006103515625,160.9529571533203],""confidence"":0.0077224900014698505},{""bbox"":[199.87588500976562,135.9156494140625,210.0419921875,147.01132202148438],""confidence"":0.007645233999937773},{""bbox"":[200.2321014404297,160.9389190673828,211.16941833496094,173.3775634765625],""confidence"":0.005225412081927061},{""bbox"":[2.859703540802002,332.0,9.497945785522461,332.0],""confidence"":0.005195838864892721},{""bbox"":[303.6644592285156,128.1951904296875,310.99237060546875,135.8240203857422],""confidence"":0.004256455693393946},{""bbox"":[299.80828857421875,153.2563018798828,307.08355712890625,161.3300018310547],""confidence"":0.0021582874469459057},{""bbox"":[199.72996520996094,158.94427490234375,208.186279296875,167.9952850341797],""confidence"":0.0019708971958607435},{""bbox"":[304.4554748535156,153.0272979736328,311.6558532714844,160.67080688476562],""confidence"":0.0018045426113530993},{""bbox"":[195.59251403808594,136.06118774414062,205.66012573242188,145.27670288085938],""confidence"":0.0013337687123566866},{""bbox"":[0.2507304251194,332.0,6.603031158447266,332.0],""confidence"":0.001099631073884666}]",19,0.001
002_20200625_003130(0),3,352,332,"[[194.0,113.0,203.99999999999997,122.0],[195.99999999999997,136.0,205.0,146.0],[199.0,169.0,208.0,177.99999999999997]]","[{""bbox"":[194.55575561523438,136.37005615234375,204.166259765625,146.09181213378906],""confidence"":0.6164529323577881},{""bbox"":[193.33213806152344,112.0330810546875,203.00335693359375,121.87165069580078],""confidence"":0.5838828682899475},{""bbox"":[197.4849853515625,168.9189910888672,206.8413543701172,178.5618438720703],""confidence"":0.5243688821792603},{""bbox"":[196.3186492919922,136.2141571044922,205.73081970214844,145.95118713378906],""confidence"":0.18478301167488098},{""bbox"":[196.05116271972656,112.09061431884766,205.24191284179688,121.69561004638672],""confidence"":0.059064142405986786},{""bbox"":[299.7045593261719,111.22035217285156,307.5329284667969,119.3517837524414],""confidence"":0.02030475065112114},{""bbox"":[191.75607299804688,112.27303314208984,203.14620971679688,125.00870513916016],""confidence"":0.0169124323874712},{""bbox"":[201.0183563232422,169.3214874267578,209.7914276123047,178.50035095214844],""confidence"":0.016323627904057503},{""bbox"":[190.9136199951172,112.31204223632812,201.20040893554688,122.07793426513672],""confidence"":0.010681919753551483},{""bbox"":[195.584716796875,169.6446533203125,204.6243438720703,178.21974182128906],""confidence"":0.008166885934770107},{""bbox"":[296.72991943359375,136.51455688476562,304.6866455078125,144.53024291992188],""confidence"":0.008001022040843964},{""bbox"":[2.8586010932922363,332.0,9.497239112854004,332.0],""confidence"":0.005197145044803619},{""bbox"":[295.1868896484375,135.95843505859375,302.76287841796875,144.43321228027344],""confidence"":0.004799886606633663},{""bbox"":[196.59222412109375,169.36643981933594,207.7860870361328,182.2369842529297],""confidence"":0.002698404248803854},{""bbox"":[299.2533874511719,112.23939514160156,307.33258056640625,120.76533508300781],""confidence"":0.0011465204879641533},{""bbox"":[0.2508578896522522,332.0,6.6034016609191895,332.0],""confidence"":0.0011009617010131478}]",16,0.001
002_20200625_003134(4),3,352,332,"[[198.0,132.0,207.99999999999997,144.0],[199.99999999999997,157.0,209.0,168.0],[201.0,189.0,210.99999999999997,199.99999999999997]]","[{""bbox"":[198.16574096679688,133.76272583007812,207.53729248046875,143.25784301757812],""confidence"":0.612450897693634},{""bbox"":[202.18458557128906,190.66839599609375,210.73590087890625,199.64450073242188],""confidence"":0.5605599284172058},{""bbox"":[198.8167724609375,157.84744262695312,208.04632568359375,167.35528564453125],""confidence"":0.5559348464012146},{""bbox"":[200.91156005859375,157.8316192626953,209.9916534423828,167.14215087890625],""confidence"":0.12734320759773254},{""bbox"":[200.573486328125,133.77601623535156,209.6099090576172,143.17234802246094],""confidence"":0.11454126238822937},{""bbox"":[199.98699951171875,191.10052490234375,208.5142822265625,199.3556365966797],""confidence"":0.014688665047287941},{""bbox"":[196.8164520263672,134.20111083984375,207.96469116210938,146.97142028808594],""confidence"":0.005967231001704931},{""bbox"":[195.59097290039062,134.3510284423828,205.3211669921875,143.46739196777344],""confidence"":0.00524763111025095},{""bbox"":[2.8595211505889893,332.0,9.497812271118164,332.0],""confidence"":0.0052000428549945354},{""bbox"":[198.53697204589844,154.80593872070312,207.7760009765625,166.6343536376953],""confidence"":0.00204379647038877},{""bbox"":[304.7703552246094,135.35354614257812,311.6817626953125,142.55618286132812],""confidence"":0.001863050740212202},{""bbox"":[205.6359405517578,191.08575439453125,214.150390625,199.91751098632812],""confidence"":0.0012599126202985644},{""bbox"":[0.2508006989955902,332.0,6.602983474731445,332.0],""confidence"":0.0011008443543687463},{""bbox"":[303.80181884765625,135.53549194335938,310.388671875,142.80728149414062],""confidence"":0.0010155303170904517}]",14,0.001
002_20200625_003139(0),3,352,332,"[[198.0,162.0,207.99999999999997,172.0],[199.0,189.00000000000003,210.0,198.0],[204.0,219.99999999999997,214.0,228.0]]","[{""bbox"":[200.4805450439453,188.07681274414062,209.6863250732422,197.83802795410156],""confidence"":0.5985260009765625},{""bbox"":[203.312744140625,219.15933227539062,212.738037109375,228.88658142089844],""confidence"":0.5638775825500488},{""bbox"":[197.84364318847656,162.93028259277344,207.8681182861328,172.87930297851562],""confidence"":0.5551203489303589},{""bbox"":[205.0950469970703,218.96124267578125,214.4539794921875,228.53158569335938],""confidence"":0.14062482118606567},{""bbox"":[200.2509002685547,162.7113037109375,209.7369842529297,172.4352569580078],""confidence"":0.09319911897182465},{""bbox"":[199.3755340576172,187.60418701171875,210.35667419433594,199.8844451904297],""confidence"":0.07515180855989456},{""bbox"":[199.9947967529297,185.50595092773438,209.14756774902344,196.708740234375],""confidence"":0.019646866247057915},{""bbox"":[2.859750747680664,332.0,9.497618675231934,332.0],""confidence"":0.005190687719732523},{""bbox"":[195.4841766357422,163.615966796875,205.71128845214844,173.2845458984375],""confidence"":0.004113182425498962},{""bbox"":[203.14047241210938,216.24208068847656,213.78384399414062,229.1356658935547],""confidence"":0.00143709487747401},{""bbox"":[0.25022950768470764,332.0,6.601963043212891,332.0],""confidence"":0.0010990665759891272}]",11,0.001
002_20200629_082823(5),3,316,332,"[[150.0,144.0,160.0,153.0],[151.0,168.00000000000003,162.0,178.0],[154.0,201.00000000000003,164.0,211.0]]","[{""bbox"":[149.45120239257812,144.15846252441406,161.26409912109375,155.74560546875],""confidence"":0.6333673000335693},{""bbox"":[153.28150939941406,200.4868621826172,164.56349182128906,211.38259887695312],""confidence"":0.5747278928756714},{""bbox"":[151.4899444580078,168.26022338867188,162.65725708007812,179.31387329101562],""confidence"":0.551681637763977},{""bbox"":[155.71107482910156,200.741943359375,166.5412139892578,211.7078857421875],""confidence"":0.16657939553260803},{""bbox"":[149.4362030029297,142.04815673828125,160.66294860839844,154.04994201660156],""confidence"":0.10771072655916214},{""bbox"":[151.14939880371094,144.91708374023438,162.46456909179688,157.1967315673828],""confidence"":0.09592747688293457},{""bbox"":[150.80506896972656,166.61538696289062,161.22686767578125,177.2914276123047],""confidence"":0.038181934505701065},{""bbox"":[150.43807983398438,169.25576782226562,162.13046264648438,181.6698760986328],""confidence"":0.019303278997540474},{""bbox"":[152.92730712890625,201.7113800048828,165.0419464111328,214.75013732910156],""confidence"":0.01724410429596901},{""bbox"":[156.36903381347656,168.98886108398438,166.12326049804688,179.31826782226562],""confidence"":0.01511178258806467},{""bbox"":[254.9345703125,150.7478790283203,264.4393615722656,160.287353515625],""confidence"":0.015082336030900478},{""bbox"":[148.43783569335938,147.48736572265625,162.16616821289062,161.1996612548828],""confidence"":0.007369260769337416},{""bbox"":[251.32852172851562,175.12806701660156,260.891845703125,184.83787536621094],""confidence"":0.005460312590003014},{""bbox"":[151.49957275390625,142.1046600341797,162.13113403320312,153.40383911132812],""confidence"":0.0047654518857598305},{""bbox"":[255.08599853515625,206.40127563476562,264.32562255859375,216.28102111816406],""confidence"":0.0038764586206525564},{""bbox"":[151.64942932128906,200.6267852783203,162.39744567871094,210.84918212890625],""confidence"":0.0032080854289233685},{""bbox"":[253.2060546875,175.45623779296875,262.7446594238281,184.84268188476562],""confidence"":0.0030608167871832848},{""bbox"":[147.10662841796875,143.49742126464844,158.08055114746094,154.83836364746094],""confidence"":0.002178485505282879},{""bbox"":[252.39218139648438,206.0712890625,262.0296325683594,216.14974975585938],""confidence"":0.001523517188616097},{""bbox"":[149.2493896484375,158.46539306640625,162.48023986816406,174.3587646484375],""confidence"":0.0013915401650592685},{""bbox"":[0.0,2.3678112030029297,0.0,8.911251068115234],""confidence"":0.0013667743187397718},{""bbox"":[283.4096984863281,155.9765167236328,290.5121765136719,163.75526428222656],""confidence"":0.001172670628875494},{""bbox"":[256.3555603027344,151.71124267578125,265.44610595703125,161.0546112060547],""confidence"":0.0011713263811543584},{""bbox"":[279.92889404296875,184.2925262451172,287.28167724609375,192.44891357421875],""confidence"":0.0010032266145572066}]",24,0.001
002_20200629_082828(5),3,316,332,"[[153.0,155.0,164.0,166.0],[156.0,181.0,165.0,190.99999999999997],[160.0,213.0,169.0,223.99999999999997]]","[{""bbox"":[158.10671997070312,213.1649627685547,168.9891357421875,223.72329711914062],""confidence"":0.6465447545051575},{""bbox"":[152.25509643554688,156.41224670410156,163.7239532470703,167.6703643798828],""confidence"":0.6423606276512146},{""bbox"":[154.64276123046875,180.7455291748047,165.66397094726562,191.71324157714844],""confidence"":0.5857015252113342},{""bbox"":[154.55490112304688,179.3599853515625,164.72840881347656,189.91799926757812],""confidence"":0.09538792818784714},{""bbox"":[156.32809448242188,179.3921356201172,166.76248168945312,190.2273406982422],""confidence"":0.09195001423358917},{""bbox"":[155.32398986816406,156.7490692138672,165.64776611328125,167.1644744873047],""confidence"":0.06250203400850296},{""bbox"":[159.96371459960938,212.4707794189453,170.647216796875,223.46273803710938],""confidence"":0.05162491649389267},{""bbox"":[155.59059143066406,181.13009643554688,167.1289825439453,194.2021942138672],""confidence"":0.025945691391825676},{""bbox"":[157.17958068847656,214.08657836914062,169.435302734375,227.1533660888672],""confidence"":0.019391609355807304},{""bbox"":[258.08740234375,153.95932006835938,267.27008056640625,163.05650329589844],""confidence"":0.008879433386027813},{""bbox"":[257.0141906738281,178.881591796875,266.5523681640625,188.33059692382812],""confidence"":0.005526109132915735},{""bbox"":[255.76290893554688,177.94461059570312,264.9876403808594,187.95635986328125],""confidence"":0.005180730018764734},{""bbox"":[160.42442321777344,181.0502166748047,170.1756134033203,191.43983459472656],""confidence"":0.004743932280689478},{""bbox"":[150.76834106445312,156.86508178710938,162.39990234375,169.21311950683594],""confidence"":0.0032959808595478535},{""bbox"":[150.86753845214844,154.4949493408203,161.3000030517578,166.05145263671875],""confidence"":0.002588072791695595},{""bbox"":[256.6285400390625,153.9759979248047,265.6938781738281,163.3058319091797],""confidence"":0.001889097155071795},{""bbox"":[0.0,2.3673622608184814,0.0,8.910440444946289],""confidence"":0.0013657016679644585},{""bbox"":[159.7518310546875,214.399658203125,170.62841796875,226.9993896484375],""confidence"":0.0011920370161533356}]",18,0.001
002_20200629_082831(3),3,316,332,"[[149.0,142.0,159.0,152.0],[151.0,168.00000000000003,162.0,177.0],[154.0,199.0,163.0,211.0]]","[{""bbox"":[149.101318359375,141.89797973632812,160.97804260253906,153.2120819091797],""confidence"":0.6191281080245972},{""bbox"":[152.39889526367188,197.96739196777344,163.19595336914062,209.0826416015625],""confidence"":0.6043049693107605},{""bbox"":[150.5760040283203,165.1953125,162.04150390625,176.59194946289062],""confidence"":0.5959779024124146},{""bbox"":[151.1772003173828,142.37347412109375,162.41648864746094,153.7027130126953],""confidence"":0.18200360238552094},{""bbox"":[149.68223571777344,162.77740478515625,161.0448455810547,174.67056274414062],""confidence"":0.08725334703922272},{""bbox"":[148.2215118408203,143.42047119140625,161.1564178466797,157.0623016357422],""confidence"":0.04362870752811432},{""bbox"":[156.1294708251953,198.87667846679688,166.45761108398438,209.30856323242188],""confidence"":0.03499564900994301},{""bbox"":[255.18238830566406,151.93055725097656,264.5526123046875,161.71258544921875],""confidence"":0.024912867695093155},{""bbox"":[251.14105224609375,176.56910705566406,260.68756103515625,186.50473022460938],""confidence"":0.01451036985963583},{""bbox"":[156.33119201660156,166.6715087890625,166.44593811035156,176.76544189453125],""confidence"":0.01336863823235035},{""bbox"":[254.5919952392578,209.32632446289062,263.9085998535156,218.7562255859375],""confidence"":0.008968493901193142},{""bbox"":[150.80453491210938,198.53038024902344,162.149658203125,210.5668182373047],""confidence"":0.007507027126848698},{""bbox"":[146.9659881591797,141.19122314453125,158.59088134765625,152.96754455566406],""confidence"":0.006576733198016882},{""bbox"":[150.98422241210938,196.02487182617188,161.41885375976562,207.52476501464844],""confidence"":0.004217878915369511},{""bbox"":[149.8619842529297,168.3324432373047,163.055908203125,181.6090087890625],""confidence"":0.004216146655380726},{""bbox"":[252.50787353515625,177.40750122070312,262.16961669921875,187.03851318359375],""confidence"":0.0031803727615624666},{""bbox"":[149.2262725830078,138.20925903320312,160.11148071289062,150.32737731933594],""confidence"":0.0025751979555934668},{""bbox"":[252.68460083007812,208.78294372558594,262.2652587890625,218.50576782226562],""confidence"":0.0024814787320792675},{""bbox"":[151.01182556152344,143.91586303710938,162.15234375,156.69619750976562],""confidence"":0.002437232295051217},{""bbox"":[256.27734375,209.65292358398438,265.32672119140625,218.91342163085938],""confidence"":0.001959092216566205},{""bbox"":[248.38731384277344,176.2853546142578,258.1053466796875,186.19711303710938],""confidence"":0.0015467243501916528},{""bbox"":[148.06272888183594,148.9001922607422,161.93612670898438,167.5787353515625],""confidence"":0.0014295793371275067},{""bbox"":[0.0,2.365797758102417,0.0,8.90929126739502],""confidence"":0.001371388090774417}]",23,0.001
002_20200629_082834(2),3,316,332,"[[145.0,138.0,156.0,148.00000000000003],[146.0,162.0,155.0,171.0],[148.0,194.00000000000003,156.0,205.0]]","[{""bbox"":[146.22984313964844,194.19300842285156,157.15969848632812,205.2533721923828],""confidence"":0.6549111008644104},{""bbox"":[144.9532012939453,160.89590454101562,156.60946655273438,172.29295349121094],""confidence"":0.6326220035552979},{""bbox"":[144.4043426513672,137.93035888671875,156.0939483642578,149.04275512695312],""confidence"":0.6261036396026611},{""bbox"":[147.5654754638672,161.3563995361328,159.00140380859375,172.4281463623047],""confidence"":0.25418469309806824},{""bbox"":[146.84742736816406,138.21693420410156,157.69207763671875,149.05233764648438],""confidence"":0.20084361732006073},{""bbox"":[144.69142150878906,158.58859252929688,156.1334991455078,170.4808349609375],""confidence"":0.0941738486289978},{""bbox"":[147.61477661132812,194.50267028808594,158.8091583251953,206.7353973388672],""confidence"":0.08781606703996658},{""bbox"":[143.54066467285156,139.30723571777344,155.94171142578125,152.8336181640625],""confidence"":0.03444899618625641},{""bbox"":[142.44183349609375,137.53207397460938,154.51132202148438,149.73353576660156],""confidence"":0.018022149801254272},{""bbox"":[245.8934783935547,175.18626403808594,255.64154052734375,184.80758666992188],""confidence"":0.01447141170501709},{""bbox"":[246.92752075195312,207.17515563964844,256.031005859375,216.55426025390625],""confidence"":0.01328223291784525},{""bbox"":[250.2009735107422,150.9002685546875,259.6326599121094,160.312744140625],""confidence"":0.010003152303397655},{""bbox"":[147.82957458496094,192.13638305664062,158.6846923828125,204.16680908203125],""confidence"":0.007559670601040125},{""bbox"":[143.1895294189453,160.6044158935547,153.79598999023438,171.16616821289062],""confidence"":0.007055582944303751},{""bbox"":[248.5967254638672,207.53598022460938,257.7148132324219,216.73410034179688],""confidence"":0.006733817048370838},{""bbox"":[243.91275024414062,174.63671875,253.67987060546875,184.5733184814453],""confidence"":0.0038827313110232353},{""bbox"":[244.13821411132812,205.9733428955078,253.97799682617188,216.16407775878906],""confidence"":0.0034528817050158978},{""bbox"":[152.40908813476562,195.71084594726562,162.04244995117188,205.48858642578125],""confidence"":0.0034248873125761747},{""bbox"":[247.70347595214844,175.39276123046875,257.07122802734375,184.8168487548828],""confidence"":0.0023249280638992786},{""bbox"":[144.6678009033203,164.1580047607422,157.53738403320312,177.39752197265625],""confidence"":0.0017498752567917109},{""bbox"":[0.0,2.362088203430176,0.0,8.909113883972168],""confidence"":0.0013918649638071656},{""bbox"":[147.0829620361328,158.86361694335938,157.77281188964844,169.87045288085938],""confidence"":0.0013460814952850342},{""bbox"":[152.6397247314453,162.8665771484375,162.40573120117188,172.61688232421875],""confidence"":0.0012894897954538465},{""bbox"":[143.86773681640625,133.79136657714844,155.4259490966797,146.38999938964844],""confidence"":0.0012481509475037456}]",24,0.001
002_20200629_082837(0),3,316,332,"[[149.0,142.0,158.0,152.0],[150.0,166.0,158.0,174.00000000000003],[154.0,198.00000000000003,162.0,208.0]]","[{""bbox"":[146.15655517578125,140.89321899414062,157.75244140625,152.1185302734375],""confidence"":0.6192992925643921},{""bbox"":[152.28713989257812,197.0596160888672,163.4714813232422,207.8065185546875],""confidence"":0.595104455947876},{""bbox"":[148.68080139160156,164.2896728515625,159.77015686035156,175.21290588378906],""confidence"":0.5479574799537659},{""bbox"":[148.04611206054688,162.71389770507812,158.92250061035156,173.94178771972656],""confidence"":0.17716805636882782},{""bbox"":[151.447021484375,197.6758270263672,163.4638214111328,210.5915069580078],""confidence"":0.061038825660943985},{""bbox"":[151.6359405517578,164.4796600341797,161.94784545898438,175.1215362548828],""confidence"":0.053113922476768494},{""bbox"":[147.15431213378906,164.13369750976562,157.86106872558594,174.65704345703125],""confidence"":0.03204115480184555},{""bbox"":[145.99459838867188,138.0369873046875,156.97769165039062,150.0943145751953],""confidence"":0.029374325647950172},{""bbox"":[155.9605255126953,197.41049194335938,166.08444213867188,207.91880798339844],""confidence"":0.019955512136220932},{""bbox"":[144.7766571044922,143.37542724609375,158.57350158691406,156.9912872314453],""confidence"":0.014355256222188473},{""bbox"":[151.0091094970703,195.81224060058594,161.47706604003906,206.91647338867188],""confidence"":0.011413000524044037},{""bbox"":[253.1847381591797,139.5012664794922,262.3533935546875,148.8924560546875],""confidence"":0.011313257738947868},{""bbox"":[250.23280334472656,163.9091796875,259.56390380859375,173.4801483154297],""confidence"":0.0032404835801571608},{""bbox"":[146.6212615966797,165.10821533203125,158.1878662109375,177.53067016601562],""confidence"":0.0015610274858772755},{""bbox"":[0.0,2.3643975257873535,0.0,8.908573150634766],""confidence"":0.0013764676405116916},{""bbox"":[247.63388061523438,163.9854736328125,256.837646484375,173.60800170898438],""confidence"":0.0013601673999801278},{""bbox"":[255.10292053222656,196.58082580566406,263.5001220703125,205.1968231201172],""confidence"":0.001280333730392158},{""bbox"":[142.99295043945312,140.35089111328125,154.5078125,152.2382354736328],""confidence"":0.0012737734941765666},{""bbox"":[145.67044067382812,152.5796661376953,159.65199279785156,170.0312957763672],""confidence"":0.001141689601354301}]",19,0.001
002_20200629_082839(9),3,316,332,"[[154.0,142.0,165.0,152.0],[153.0,166.0,164.0,173.0],[154.0,198.00000000000003,162.0,208.0]]","[{""bbox"":[152.60084533691406,140.78945922851562,164.62973022460938,152.29315185546875],""confidence"":0.6109978556632996},{""bbox"":[152.46499633789062,197.2377471923828,163.56768798828125,207.97021484375],""confidence"":0.5733135938644409},{""bbox"":[152.6811065673828,164.04763793945312,164.1167755126953,175.16510009765625],""confidence"":0.5146359205245972},{""bbox"":[155.0267791748047,141.29478454589844,166.3209686279297,152.50515747070312],""confidence"":0.20637063682079315},{""bbox"":[156.08941650390625,165.261474609375,167.173583984375,176.13870239257812],""confidence"":0.08082745969295502},{""bbox"":[156.39825439453125,198.4300079345703,166.73126220703125,208.85423278808594],""confidence"":0.029832324013113976},{""bbox"":[152.46669006347656,137.74183654785156,164.01812744140625,150.16246032714844],""confidence"":0.026708414778113365},{""bbox"":[252.9244842529297,187.0112762451172,263.0766906738281,196.89076232910156],""confidence"":0.012433565221726894},{""bbox"":[151.77499389648438,143.37777709960938,164.47152709960938,157.0950927734375],""confidence"":0.01210768986493349},{""bbox"":[150.9859161376953,139.89712524414062,162.10086059570312,151.3817596435547],""confidence"":0.011857672594487667},{""bbox"":[251.40135192871094,186.48477172851562,261.4369201660156,196.7151336669922],""confidence"":0.009701025672256947},{""bbox"":[151.1436309814453,195.9319305419922,161.42453002929688,206.85997009277344],""confidence"":0.008267772383987904},{""bbox"":[151.16958618164062,162.26602172851562,161.71022033691406,173.22801208496094],""confidence"":0.0073299952782690525},{""bbox"":[258.36297607421875,162.3531494140625,267.0751953125,170.9834442138672],""confidence"":0.0029742999467998743},{""bbox"":[150.8985595703125,165.33956909179688,162.3444366455078,177.4956817626953],""confidence"":0.002533520106226206},{""bbox"":[150.9823455810547,152.10350036621094,165.25816345214844,170.04263305664062],""confidence"":0.0020807150285691023},{""bbox"":[252.0078887939453,218.00099182128906,261.23712158203125,227.63345336914062],""confidence"":0.0018947977805510163},{""bbox"":[253.7974090576172,218.45957946777344,262.79803466796875,227.81436157226562],""confidence"":0.0018789200112223625},{""bbox"":[0.0,2.3672964572906494,0.0,8.910372734069824],""confidence"":0.0013680022675544024}]",19,0.001
002_20200714_123109(8),3,352,332,"[[192.99999999999997,168.0,202.0,175.0],[199.0,190.0,206.99999999999997,198.99999999999997],[206.00000000000003,222.0,216.0,230.00000000000003]]","[{""bbox"":[193.42379760742188,167.08177185058594,203.039794921875,176.7506103515625],""confidence"":0.561253547668457},{""bbox"":[198.85353088378906,190.41098022460938,208.43832397460938,200.14273071289062],""confidence"":0.5587838888168335},{""bbox"":[205.89125061035156,221.11370849609375,214.9938507080078,230.4489288330078],""confidence"":0.5213890671730042},{""bbox"":[200.65647888183594,189.83848571777344,210.1116485595703,199.66456604003906],""confidence"":0.1633690446615219},{""bbox"":[195.8011474609375,166.6581268310547,205.13006591796875,175.89137268066406],""confidence"":0.07704844325780869},{""bbox"":[204.2647705078125,221.6610565185547,213.20834350585938,230.4679718017578],""confidence"":0.023586783558130264},{""bbox"":[191.10076904296875,167.99502563476562,200.9220733642578,177.39309692382812],""confidence"":0.011823774315416813},{""bbox"":[195.61924743652344,167.8439178466797,205.30621337890625,177.8055877685547],""confidence"":0.006124414969235659},{""bbox"":[297.8414001464844,142.69664001464844,305.85693359375,151.471923828125],""confidence"":0.005301975179463625},{""bbox"":[2.8597445487976074,332.0,9.497679710388184,332.0],""confidence"":0.005190215073525906},{""bbox"":[299.0209045410156,142.38687133789062,307.1993408203125,150.83766174316406],""confidence"":0.003995673730969429},{""bbox"":[197.27037048339844,191.17149353027344,208.8557891845703,204.24822998046875],""confidence"":0.0035964155104011297},{""bbox"":[298.0902404785156,168.9422149658203,305.7594299316406,177.43603515625],""confidence"":0.0013763371389359236},{""bbox"":[306.3114318847656,199.24276733398438,314.0182800292969,207.61033630371094],""confidence"":0.0011515289079397917},{""bbox"":[0.25029560923576355,332.0,6.602109432220459,332.0],""confidence"":0.0010989252477884293},{""bbox"":[209.62295532226562,220.39535522460938,218.49978637695312,229.02052307128906],""confidence"":0.0010134276235476136}]",16,0.001
002_20200714_123113(1),3,352,332,"[[200.00000000000003,92.0,208.0,99.99999999999999],[199.0,116.0,210.0,124.0],[202.0,148.0,211.99999999999997,156.0]]","[{""bbox"":[200.2405548095703,114.35330200195312,209.3040771484375,123.75299835205078],""confidence"":0.6075488328933716},{""bbox"":[198.86924743652344,90.11013793945312,208.4163055419922,99.8815689086914],""confidence"":0.584503710269928},{""bbox"":[201.92529296875,146.58724975585938,211.1948699951172,156.1964111328125],""confidence"":0.5473932027816772},{""bbox"":[197.38742065429688,90.56461334228516,208.34182739257812,102.97929382324219],""confidence"":0.018384141847491264},{""bbox"":[301.6861877441406,118.571533203125,309.8231201171875,126.93848419189453],""confidence"":0.008564640767872334},{""bbox"":[305.27337646484375,93.06523132324219,313.4818115234375,101.63739013671875],""confidence"":0.00771056953817606},{""bbox"":[205.3605194091797,146.9476776123047,214.18751525878906,156.2076416015625],""confidence"":0.006794873159378767},{""bbox"":[2.859050989151001,332.0,9.497708320617676,332.0],""confidence"":0.005195350851863623},{""bbox"":[200.1770477294922,88.37564086914062,210.2397918701172,99.40306854248047],""confidence"":0.0031520819757133722},{""bbox"":[200.00936889648438,147.39480590820312,209.01278686523438,155.80392456054688],""confidence"":0.00293915206566453},{""bbox"":[303.50811767578125,118.51337432861328,311.7432861328125,126.78287506103516],""confidence"":0.002260628854855895},{""bbox"":[199.30210876464844,110.78143310546875,209.05850219726562,123.14656066894531],""confidence"":0.0018436393002048135},{""bbox"":[195.4069366455078,90.5764389038086,205.89486694335938,100.32435607910156],""confidence"":0.001640490023419261},{""bbox"":[307.40765380859375,93.00617980957031,315.5546569824219,101.21827697753906],""confidence"":0.0014611737569794059},{""bbox"":[299.56787109375,118.0254898071289,307.4674072265625,126.7586898803711],""confidence"":0.0014008645666763186},{""bbox"":[0.2509727478027344,332.0,6.603786468505859,332.0],""confidence"":0.0010997951030731201}]",16,0.001
002_20200714_123117(3),3,352,332,"[[200.00000000000003,143.0,208.0,151.0],[201.0,165.99999999999997,210.99999999999997,174.99999999999997],[204.0,198.00000000000003,212.0,208.0]]","[{""bbox"":[199.67662048339844,142.35984802246094,209.1467742919922,151.94830322265625],""confidence"":0.643640398979187},{""bbox"":[203.58108520507812,198.73533630371094,212.6328887939453,208.0426788330078],""confidence"":0.5713880062103271},{""bbox"":[201.41787719726562,167.13294982910156,209.9026336669922,176.06309509277344],""confidence"":0.5221326947212219},{""bbox"":[205.29502868652344,198.60797119140625,214.3064422607422,207.9950408935547],""confidence"":0.11882460117340088},{""bbox"":[199.83145141601562,167.5159912109375,208.38108825683594,175.82325744628906],""confidence"":0.04461519420146942},{""bbox"":[197.9081268310547,142.90493774414062,209.32061767578125,155.7872314453125],""confidence"":0.006796965375542641},{""bbox"":[2.860109567642212,332.0,9.497954368591309,332.0],""confidence"":0.005192955955862999},{""bbox"":[199.1558074951172,167.78060913085938,208.76785278320312,177.87074279785156],""confidence"":0.002635682001709938},{""bbox"":[200.79229736328125,163.55044555664062,209.8836212158203,175.26385498046875],""confidence"":0.0014029244193807244},{""bbox"":[0.25037217140197754,332.0,6.602161407470703,332.0],""confidence"":0.0010990776354447007}]",10,0.001
002_20200714_123120(4),3,352,332,"[[197.0,141.0,206.99999999999997,149.0],[201.0,164.0,209.0,174.0],[205.0,195.00000000000003,214.00000000000003,204.0]]","[{""bbox"":[204.62892150878906,195.31829833984375,213.5496063232422,204.59182739257812],""confidence"":0.5810607671737671},{""bbox"":[200.92698669433594,163.7506561279297,209.70750427246094,172.8711700439453],""confidence"":0.567216157913208},{""bbox"":[197.93898010253906,139.3453369140625,207.5542449951172,149.16259765625],""confidence"":0.5495530366897583},{""bbox"":[200.41287231445312,139.31344604492188,209.6328887939453,148.46566772460938],""confidence"":0.07663233578205109},{""bbox"":[199.7010498046875,163.09205627441406,208.07763671875,171.82794189453125],""confidence"":0.0263068825006485},{""bbox"":[199.4429473876953,164.3149871826172,208.65887451171875,173.6077117919922],""confidence"":0.02245311625301838},{""bbox"":[195.48458862304688,139.98574829101562,205.34225463867188,149.29713439941406],""confidence"":0.005474274978041649},{""bbox"":[2.860031843185425,332.0,9.498001098632812,332.0],""confidence"":0.0051954202353954315},{""bbox"":[202.96755981445312,195.6730499267578,214.47442626953125,208.66773986816406],""confidence"":0.0025960293132811785},{""bbox"":[197.464599609375,136.96986389160156,208.1826934814453,149.60260009765625],""confidence"":0.0022210469469428062},{""bbox"":[304.91455078125,132.90451049804688,312.101806640625,140.23980712890625],""confidence"":0.0012319883098825812},{""bbox"":[200.03927612304688,140.36627197265625,209.95639038085938,151.30699157714844],""confidence"":0.0011387418489903212},{""bbox"":[0.250529021024704,332.0,6.602451324462891,332.0],""confidence"":0.0010995445773005486}]",13,0.001
002_20200714_123123(5),3,352,332,"[[195.0,164.0,204.0,172.99999999999997],[198.0,189.00000000000003,206.0,198.0],[199.0,222.0,208.0,230.00000000000003]]","[{""bbox"":[196.54299926757812,188.88259887695312,205.45037841796875,198.22756958007812],""confidence"":0.617431104183197},{""bbox"":[195.7735137939453,164.6709442138672,205.19723510742188,174.32386779785156],""confidence"":0.6041104197502136},{""bbox"":[197.90687561035156,220.11471557617188,207.2874298095703,229.69117736816406],""confidence"":0.4668181836605072},{""bbox"":[195.38343811035156,188.7362060546875,204.04331970214844,197.4516143798828],""confidence"":0.07101564109325409},{""bbox"":[200.98182678222656,220.4283447265625,209.89797973632812,229.56163024902344],""confidence"":0.028812019154429436},{""bbox"":[194.14483642578125,165.27125549316406,205.1468505859375,177.7440185546875],""confidence"":0.017004093155264854},{""bbox"":[194.6970977783203,188.8580322265625,205.01309204101562,199.86766052246094],""confidence"":0.005218333099037409},{""bbox"":[2.858384609222412,332.0,9.49492073059082,332.0],""confidence"":0.005146471783518791},{""bbox"":[195.7322235107422,185.5976104736328,204.78030395507812,197.1036376953125],""confidence"":0.004120323341339827},{""bbox"":[195.5697784423828,220.7503204345703,204.61282348632812,229.33714294433594],""confidence"":0.0034466932993382215},{""bbox"":[0.2475292682647705,332.0,6.597282409667969,332.0],""confidence"":0.0010934163583442569}]",11,0.001
002_20200714_123126(4),3,352,332,"[[192.0,149.0,201.0,159.0],[193.0,173.0,204.0,181.99999999999997],[199.00000000000003,206.00000000000003,209.0,214.99999999999997]]","[{""bbox"":[191.84263610839844,150.0955810546875,200.81504821777344,159.2799530029297],""confidence"":0.6385298371315002},{""bbox"":[194.63612365722656,173.6573028564453,203.82945251464844,183.30963134765625],""confidence"":0.6004483103752136},{""bbox"":[198.4925537109375,205.5097198486328,207.6968231201172,215.0579071044922],""confidence"":0.5297628045082092},{""bbox"":[196.56521606445312,173.5314178466797,205.6083221435547,183.2333526611328],""confidence"":0.1304815709590912},{""bbox"":[200.6765594482422,205.27964782714844,209.92369079589844,214.5725860595703],""confidence"":0.08011065423488617},{""bbox"":[197.1686553955078,205.13037109375,208.25668334960938,217.4529266357422],""confidence"":0.04042965546250343},{""bbox"":[190.27651977539062,150.4853973388672,199.9137420654297,160.36888122558594],""confidence"":0.03627992793917656},{""bbox"":[194.52455139160156,172.125732421875,203.22454833984375,181.8213653564453],""confidence"":0.022791163995862007},{""bbox"":[192.97866821289062,173.8643035888672,204.23802185058594,186.5951385498047],""confidence"":0.008858254179358482},{""bbox"":[197.7876434326172,203.02146911621094,208.39649963378906,215.63119506835938],""confidence"":0.006581099703907967},{""bbox"":[2.858595132827759,332.0,9.495628356933594,332.0],""confidence"":0.005163447465747595},{""bbox"":[195.65853881835938,206.37142944335938,204.81121826171875,214.45230102539062],""confidence"":0.0013428260572254658},{""bbox"":[0.24845033884048462,332.0,6.598762035369873,332.0],""confidence"":0.001096170162782073},{""bbox"":[200.1417236328125,205.89361572265625,210.3063201904297,217.3558349609375],""confidence"":0.0010879505425691605},{""bbox"":[297.93988037109375,142.92843627929688,305.2536926269531,150.95620727539062],""confidence"":0.0010092412121593952}]",15,0.001
002_20200831_203101(4),3,316,332,"[[248.00000000000003,156.0,257.0,165.0]]","[{""bbox"":[246.34686279296875,155.31076049804688,256.668212890625,165.50180053710938],""confidence"":0.5548756718635559},{""bbox"":[244.60641479492188,154.8671417236328,255.47555541992188,166.01931762695312],""confidence"":0.26048022508621216},{""bbox"":[247.24127197265625,154.30764770507812,257.8860778808594,164.65579223632812],""confidence"":0.1693742275238037},{""bbox"":[244.3574676513672,155.90475463867188,256.9796447753906,169.1906280517578],""confidence"":0.019978707656264305},{""bbox"":[242.2001190185547,155.5113525390625,252.83860778808594,165.8224639892578],""confidence"":0.017366304993629456},{""bbox"":[250.1308135986328,154.80479431152344,260.4430236816406,165.25680541992188],""confidence"":0.0050272285006940365},{""bbox"":[0.0,2.3685522079467773,0.0,8.911420822143555],""confidence"":0.001363565563224256}]",7,0.001
002_20200831_203105(9),3,316,332,"[[243.0,153.0,251.99999999999997,164.0]]","[{""bbox"":[240.078857421875,153.6800994873047,251.073486328125,164.19700622558594],""confidence"":0.5324575901031494},{""bbox"":[238.53207397460938,152.9317626953125,249.9058837890625,165.53341674804688],""confidence"":0.25366634130477905},{""bbox"":[237.24465942382812,154.18603515625,248.09344482421875,164.7216796875],""confidence"":0.24139279127120972},{""bbox"":[242.171142578125,153.44403076171875,252.69204711914062,163.9999542236328],""confidence"":0.11923006922006607},{""bbox"":[240.81973266601562,150.9628448486328,251.32815551757812,162.9739990234375],""confidence"":0.015497899614274502},{""bbox"":[237.04531860351562,155.85311889648438,250.34906005859375,169.12100219726562],""confidence"":0.004337230697274208},{""bbox"":[233.91392517089844,154.66615295410156,244.60801696777344,164.88803100585938],""confidence"":0.001689554424956441},{""bbox"":[0.0,2.3685123920440674,0.0,8.911474227905273],""confidence"":0.0013639143435284495}]",8,0.001
002_20200901_083204(5),3,316,332,"[[243.0,162.99999999999997,252.99999999999997,171.99999999999997]]","[{""bbox"":[243.76333618164062,162.97634887695312,254.3726348876953,173.254150390625],""confidence"":0.48511430621147156},{""bbox"":[241.85899353027344,161.9281768798828,252.9582977294922,172.88587951660156],""confidence"":0.1692427694797516},{""bbox"":[246.16709899902344,162.9836883544922,256.35858154296875,173.2645263671875],""confidence"":0.03143620491027832},{""bbox"":[242.8689422607422,164.28379821777344,255.56631469726562,177.40452575683594],""confidence"":0.021682869642972946},{""bbox"":[0.0,2.368298053741455,0.0,8.911528587341309],""confidence"":0.0013655252987518907}]",5,0.001
002_20200901_123049(7),3,316,332,"[[246.0,144.0,260.0,153.0]]","[{""bbox"":[244.9191131591797,143.00735473632812,256.5738525390625,154.5260772705078],""confidence"":0.4246370494365692},{""bbox"":[247.03256225585938,141.53829956054688,257.9718017578125,152.3434600830078],""confidence"":0.1165887638926506},{""bbox"":[243.57994079589844,143.64793395996094,255.74765014648438,157.08168029785156],""confidence"":0.06240501627326012},{""bbox"":[241.59414672851562,143.70669555664062,253.1298065185547,155.36952209472656],""confidence"":0.058920640498399734},{""bbox"":[246.44338989257812,143.92515563964844,257.56414794921875,156.86151123046875],""confidence"":0.007043336518108845},{""bbox"":[239.66641235351562,144.34217834472656,252.0126953125,157.06814575195312],""confidence"":0.001588828512467444},{""bbox"":[0.0,2.368438482284546,0.0,8.911306381225586],""confidence"":0.0013638233067467809},{""bbox"":[242.28170776367188,142.053466796875,252.44305419921875,152.95108032226562],""confidence"":0.0011875071795657277}]",8,0.001
002_20200901_123052(7),3,316,332,"[[241.00000000000003,155.0,251.0,165.0]]","[{""bbox"":[239.7744903564453,155.66705322265625,251.21168518066406,166.9173126220703],""confidence"":0.43616604804992676},{""bbox"":[237.3242950439453,155.74082946777344,248.13787841796875,166.38247680664062],""confidence"":0.13758404552936554},{""bbox"":[242.134033203125,155.66412353515625,252.66671752929688,166.25619506835938],""confidence"":0.10029379278421402},{""bbox"":[238.01034545898438,155.97146606445312,250.81288146972656,169.39561462402344],""confidence"":0.05983660742640495},{""bbox"":[235.89952087402344,156.16551208496094,248.3935089111328,169.15408325195312],""confidence"":0.0026716587599366903},{""bbox"":[0.0,2.3683907985687256,0.0,8.911445617675781],""confidence"":0.0013648420572280884}]",6,0.001
002_20200901_123100(3),3,316,332,"[[251.0,168.0,260.0,180.0]]","[{""bbox"":[252.67684936523438,169.50558471679688,262.4046630859375,179.8573455810547],""confidence"":0.565582275390625},{""bbox"":[250.455322265625,169.1540985107422,260.647705078125,179.5520477294922],""confidence"":0.16804169118404388},{""bbox"":[251.76901245117188,168.9562530517578,263.17041015625,181.60552978515625],""confidence"":0.15003982186317444},{""bbox"":[254.9092559814453,169.5294647216797,264.64874267578125,179.4452362060547],""confidence"":0.04275183007121086},{""bbox"":[150.22384643554688,158.3034210205078,157.7361602783203,166.01307678222656],""confidence"":0.016377156600356102},{""bbox"":[151.56263732910156,157.98265075683594,159.02423095703125,166.26422119140625],""confidence"":0.005355817265808582},{""bbox"":[0.0,2.368605375289917,0.0,8.911460876464844],""confidence"":0.001363323419354856},{""bbox"":[281.3765563964844,123.2438735961914,287.89617919921875,130.40048217773438],""confidence"":0.0013049801345914602}]",8,0.001
002_20200901_123104(8),3,316,332,"[[245.0,164.0,255.0,175.0]]","[{""bbox"":[244.8041229248047,164.6386260986328,255.82012939453125,175.67239379882812],""confidence"":0.5566509366035461},{""bbox"":[246.27099609375,164.97169494628906,257.3544616699219,177.6341552734375],""confidence"":0.03625241294503212},{""bbox"":[242.13101196289062,163.19960021972656,253.69422912597656,174.65655517578125],""confidence"":0.023326771333813667},{""bbox"":[255.4893798828125,231.82626342773438,263.9376220703125,240.729736328125],""confidence"":0.013159312307834625},{""bbox"":[246.8418426513672,162.97373962402344,257.36895751953125,173.9187469482422],""confidence"":0.009353503584861755},{""bbox"":[255.08946228027344,230.0684814453125,264.2632751464844,239.7308349609375],""confidence"":0.006640817038714886},{""bbox"":[144.3267822265625,138.93353271484375,152.4595489501953,147.8374786376953],""confidence"":0.0041830879636108875},{""bbox"":[256.8906555175781,232.10665893554688,265.078369140625,240.4180908203125],""confidence"":0.0035579553805291653},{""bbox"":[244.63775634765625,168.4387969970703,257.050048828125,181.6041717529297],""confidence"":0.0019065102096647024},{""bbox"":[0.0,2.3684117794036865,0.0,8.911510467529297],""confidence"":0.0013647725572809577}]",10,0.001
002_20200901_123109(2),3,316,332,"[[249.0,173.0,260.0,184.0]]","[{""bbox"":[248.46865844726562,172.8925323486328,259.3704528808594,183.74240112304688],""confidence"":0.5618162751197815},{""bbox"":[246.129150390625,172.0066680908203,256.9815979003906,182.6751708984375],""confidence"":0.14149941504001617},{""bbox"":[250.41339111328125,173.4421844482422,261.1264343261719,185.70753479003906],""confidence"":0.01183498278260231},{""bbox"":[250.68350219726562,171.30734252929688,260.9732360839844,181.97752380371094],""confidence"":0.003804768668487668},{""bbox"":[0.0,2.368565797805786,0.0,8.911476135253906],""confidence"":0.0013637240044772625},{""bbox"":[245.3507080078125,173.02392578125,257.2466735839844,185.75204467773438],""confidence"":0.0011187023483216763}]",6,0.001
002_20200905_083407(3),3,316,332,"[[240.00000000000003,150.0,250.0,159.0]]","[{""bbox"":[239.7620849609375,150.90005493164062,251.2765350341797,161.7202911376953],""confidence"":0.4467540979385376},{""bbox"":[236.96755981445312,149.381103515625,248.6622314453125,160.80392456054688],""confidence"":0.14020685851573944},{""bbox"":[241.95912170410156,151.02069091796875,252.9686279296875,162.09762573242188],""confidence"":0.07060185819864273},{""bbox"":[239.29849243164062,151.92529296875,251.2242889404297,165.0958709716797],""confidence"":0.05255243554711342},{""bbox"":[252.857421875,208.55833435058594,261.9634704589844,217.74652099609375],""confidence"":0.008065172471106052},{""bbox"":[253.6031951904297,210.52157592773438,262.0787353515625,219.2783966064453],""confidence"":0.0074609084986150265},{""bbox"":[242.22300720214844,152.2174835205078,253.00119018554688,164.92372131347656],""confidence"":0.003934837412089109},{""bbox"":[0.0,2.367784023284912,0.0,8.91172981262207],""confidence"":0.0013698204420506954},{""bbox"":[236.49082946777344,152.0834503173828,248.5612030029297,164.92213439941406],""confidence"":0.0012899577850475907}]",9,0.001
002_20200905_083410(5),3,316,332,"[[245.0,157.0,255.0,168.0]]","[{""bbox"":[245.2087860107422,156.27783203125,255.97430419921875,167.20175170898438],""confidence"":0.5400251150131226},{""bbox"":[247.1933135986328,154.70399475097656,257.5347595214844,165.28546142578125],""confidence"":0.03314041718840599},{""bbox"":[246.5196075439453,156.63644409179688,257.4613037109375,169.27313232421875],""confidence"":0.0304873064160347},{""bbox"":[242.0609893798828,155.9906005859375,252.62083435058594,166.4490966796875],""confidence"":0.009599736891686916},{""bbox"":[0.0,2.3683929443359375,0.0,8.911497116088867],""confidence"":0.0013646776787936687}]",5,0.001
002_20200905_083413(6),3,316,332,"[[247.00000000000003,140.0,255.0,149.0]]","[{""bbox"":[247.1985626220703,139.27442932128906,258.07293701171875,150.23410034179688],""confidence"":0.49851396679878235},{""bbox"":[245.26947021484375,139.2486572265625,256.3780212402344,150.52076721191406],""confidence"":0.2745809555053711},{""bbox"":[247.88816833496094,137.8463592529297,258.5633850097656,148.70350646972656],""confidence"":0.14906764030456543},{""bbox"":[245.6736602783203,139.52810668945312,257.9344787597656,152.7271728515625],""confidence"":0.09519080817699432},{""bbox"":[250.02243041992188,138.83009338378906,260.5609436035156,149.70785522460938],""confidence"":0.020020605996251106},{""bbox"":[242.4221649169922,139.6084442138672,252.75404357910156,149.99717712402344],""confidence"":0.0034202521201223135},{""bbox"":[0.0,2.3681228160858154,0.0,8.911489486694336],""confidence"":0.0013662551064044237}]",7,0.001
002_20200905_083416(3),3,316,332,"[[246.0,122.0,255.0,131.0]]","[{""bbox"":[243.47781372070312,120.87812042236328,254.84193420410156,131.9228515625],""confidence"":0.4643745720386505},{""bbox"":[241.28858947753906,120.717041015625,252.94485473632812,132.0802459716797],""confidence"":0.19550931453704834},{""bbox"":[245.9965362548828,120.53279876708984,256.8658447265625,131.33114624023438],""confidence"":0.07370069622993469},{""bbox"":[241.78750610351562,122.74515533447266,254.7352294921875,136.002197265625],""confidence"":0.01545295026153326},{""bbox"":[244.9309539794922,117.57352447509766,255.6056671142578,129.52359008789062],""confidence"":0.004953884519636631},{""bbox"":[0.0,2.368558168411255,0.0,8.91149616241455],""confidence"":0.0013643743004649878}]",6,0.001
002_20200905_083419(3),3,316,332,"[[244.0,179.0,251.99999999999997,191.00000000000003]]","[{""bbox"":[242.69686889648438,181.0225067138672,252.8907012939453,191.52093505859375],""confidence"":0.5474125742912292},{""bbox"":[243.44033813476562,179.53875732421875,253.79637145996094,190.04010009765625],""confidence"":0.1244322806596756},{""bbox"":[240.605224609375,180.98171997070312,252.9149627685547,194.2695770263672],""confidence"":0.08351351320743561},{""bbox"":[241.65391540527344,179.6854248046875,251.78138732910156,190.7369842529297],""confidence"":0.03726251795887947},{""bbox"":[238.1268310546875,181.40415954589844,248.41305541992188,191.8373565673828],""confidence"":0.01240613590925932},{""bbox"":[246.08114624023438,180.64810180664062,256.2288818359375,191.0807342529297],""confidence"":0.00798257440328598},{""bbox"":[0.0,2.3686580657958984,0.0,8.911490440368652],""confidence"":0.0013630547327920794}]",7,0.001
002_20200905_083422(4),3,316,332,"[[244.0,173.0,253.99999999999997,184.0]]","[{""bbox"":[241.4864501953125,173.50477600097656,252.7779083251953,184.75396728515625],""confidence"":0.5254192352294922},{""bbox"":[242.43612670898438,171.38626098632812,252.8462371826172,183.20428466796875],""confidence"":0.07498858124017715},{""bbox"":[237.6925811767578,172.92767333984375,249.3461456298828,184.54776000976562],""confidence"":0.014609860256314278},{""bbox"":[240.88600158691406,176.6822052001953,253.62242126464844,189.8029327392578],""confidence"":0.005858502816408873},{""bbox"":[245.6484375,173.61190795898438,256.42059326171875,184.54483032226562],""confidence"":0.0022356694098562002},{""bbox"":[0.0,2.3685245513916016,0.0,8.911380767822266],""confidence"":0.0013635578798130155}]",6,0.001
002_20200905_163920(4),3,316,332,"[[238.0,157.0,246.99999999999997,168.0]]","[{""bbox"":[236.48345947265625,157.58348083496094,246.15701293945312,167.67564392089844],""confidence"":0.450581431388855},{""bbox"":[234.0895538330078,156.4427032470703,244.13426208496094,166.71258544921875],""confidence"":0.0638175904750824},{""bbox"":[238.6667022705078,158.0038299560547,248.0489044189453,167.5385284423828],""confidence"":0.034565284848213196},{""bbox"":[235.6581573486328,155.0234832763672,245.47210693359375,166.7288055419922],""confidence"":0.010492585599422455},{""bbox"":[0.0,2.3474950790405273,0.0,8.91284465789795],""confidence"":0.0015127186197787523},{""bbox"":[236.34918212890625,160.70054626464844,247.01004028320312,173.10292053222656],""confidence"":0.0013591807801276445},{""bbox"":[233.6060333251953,157.71336364746094,244.48495483398438,169.25201416015625],""confidence"":0.0012484155595302582}]",7,0.001
002_20200905_163924(2),3,316,332,"[[237.0,146.0,245.99999999999997,155.0]]","[{""bbox"":[235.02203369140625,146.15333557128906,244.22933959960938,155.59959411621094],""confidence"":0.5789968967437744},{""bbox"":[233.4031219482422,145.4829864501953,243.8878631591797,156.62965393066406],""confidence"":0.051479458808898926},{""bbox"":[238.4514617919922,146.283935546875,247.78555297851562,155.29322814941406],""confidence"":0.005025701597332954},{""bbox"":[234.28640747070312,142.70181274414062,244.32301330566406,154.8360137939453],""confidence"":0.004962888080626726},{""bbox"":[233.89239501953125,147.9609375,245.57040405273438,160.62164306640625],""confidence"":0.001884567434899509},{""bbox"":[0.0,2.3211493492126465,0.0,8.924296379089355],""confidence"":0.0017346290405839682},{""bbox"":[230.0834197998047,144.62429809570312,239.88702392578125,154.47061157226562],""confidence"":0.0011494894279167056}]",7,0.001
002_20200905_163928(3),3,316,332,"[[242.00000000000003,138.0,251.0,148.00000000000003]]","[{""bbox"":[240.34339904785156,138.72129821777344,249.1964111328125,147.74737548828125],""confidence"":0.5236870050430298},{""bbox"":[238.2158966064453,139.01686096191406,247.36590576171875,148.34170532226562],""confidence"":0.18521827459335327},{""bbox"":[243.14739990234375,137.8083953857422,252.0175323486328,146.59237670898438],""confidence"":0.033727601170539856},{""bbox"":[0.0,2.3584787845611572,0.0,8.908171653747559],""confidence"":0.0014179865829646587}]",4,0.001
002_20200905_163932(3),3,316,332,"[[241.00000000000003,132.0,251.0,144.0]]","[{""bbox"":[241.921630859375,132.9696044921875,251.09487915039062,142.3422088623047],""confidence"":0.5319291353225708},{""bbox"":[243.40554809570312,132.62857055664062,252.34671020507812,142.0243377685547],""confidence"":0.1445445716381073},{""bbox"":[240.68026733398438,132.27964782714844,251.38397216796875,144.0386962890625],""confidence"":0.07993976026773453},{""bbox"":[238.28732299804688,132.3054962158203,247.70550537109375,141.7969970703125],""confidence"":0.018270820379257202},{""bbox"":[240.89590454101562,130.1489715576172,251.07522583007812,142.09498596191406],""confidence"":0.00408783508464694},{""bbox"":[0.0,2.2808029651641846,0.0,8.94839859008789],""confidence"":0.002127079525962472},{""bbox"":[0.0,1.6651383638381958,0.0,9.63237476348877],""confidence"":0.0010185324354097247}]",7,0.001
002_20200905_163936(3),3,316,332,"[[247.00000000000003,135.0,257.0,145.00000000000003]]","[{""bbox"":[248.77500915527344,135.15017700195312,257.74139404296875,144.36134338378906],""confidence"":0.5070106983184814},{""bbox"":[246.65049743652344,135.29649353027344,255.9196014404297,144.77279663085938],""confidence"":0.14964565634727478},{""bbox"":[251.46897888183594,134.94573974609375,260.2874755859375,143.80323791503906],""confidence"":0.026913778856396675},{""bbox"":[246.312744140625,135.63418579101562,257.63958740234375,148.06239318847656],""confidence"":0.008261051028966904},{""bbox"":[0.0,2.3397328853607178,0.0,8.9158935546875],""confidence"":0.0015759223606437445}]",5,0.001
002_20200905_163940(2),3,316,332,"[[246.0,166.0,253.99999999999997,174.00000000000003]]","[{""bbox"":[246.78233337402344,165.4092254638672,255.91497802734375,174.99029541015625],""confidence"":0.43488991260528564},{""bbox"":[245.559326171875,165.74900817871094,255.82363891601562,177.0723419189453],""confidence"":0.04801192879676819},{""bbox"":[247.52999877929688,166.419677734375,256.951416015625,176.99124145507812],""confidence"":0.01102640200406313},{""bbox"":[247.7009735107422,163.32757568359375,257.387451171875,174.2010040283203],""confidence"":0.005877518095076084},{""bbox"":[242.28173828125,165.55674743652344,251.5023193359375,174.89305114746094],""confidence"":0.0021698197815567255},{""bbox"":[0.0,2.363429069519043,0.0,8.907821655273438],""confidence"":0.0013807793147861958}]",6,0.001
002_20200907_204635(5),3,316,332,"[[239.0,109.99999999999999,250.0,120.0]]","[{""bbox"":[241.27110290527344,110.77660369873047,250.40464782714844,119.80584716796875],""confidence"":0.48038727045059204},{""bbox"":[243.20643615722656,110.42935180664062,252.1833038330078,119.62848663330078],""confidence"":0.07637578248977661},{""bbox"":[238.42160034179688,111.37191009521484,247.47853088378906,120.67241668701172],""confidence"":0.05369880422949791},{""bbox"":[239.640625,111.01885223388672,250.22079467773438,123.13269805908203],""confidence"":0.011834369972348213},{""bbox"":[0.0,2.254519462585449,0.0,8.965288162231445],""confidence"":0.002419299678876996},{""bbox"":[0.0,1.6243294477462769,0.0,9.621288299560547],""confidence"":0.0011861303355544806}]",6,0.001
002_20200907_204640(0),3,316,332,"[[248.00000000000003,172.0,258.0,181.99999999999997]]","[{""bbox"":[250.8875732421875,173.54879760742188,259.5167236328125,182.38267517089844],""confidence"":0.5693252086639404},{""bbox"":[248.9356689453125,173.25189208984375,259.855224609375,185.38299560546875],""confidence"":0.033902399241924286},{""bbox"":[251.53195190429688,171.68798828125,261.0561218261719,181.997314453125],""confidence"":0.01511439960449934},{""bbox"":[246.84722900390625,173.4565887451172,255.40480041503906,182.28155517578125],""confidence"":0.010461684316396713},{""bbox"":[251.17816162109375,173.66470336914062,261.1976623535156,185.31625366210938],""confidence"":0.005795993842184544},{""bbox"":[0.0,2.366645574569702,0.0,8.909187316894531],""confidence"":0.0013658315874636173}]",6,0.001
002_20200907_204644(5),3,316,332,"[[246.0,140.0,256.0,151.0]]","[{""bbox"":[248.5592041015625,139.31996154785156,257.38934326171875,148.4535675048828],""confidence"":0.534702479839325},{""bbox"":[246.61477661132812,139.605224609375,255.70974731445312,148.97793579101562],""confidence"":0.20133759081363678},{""bbox"":[251.3321990966797,138.80941772460938,260.28912353515625,147.85740661621094],""confidence"":0.02803606539964676},{""bbox"":[245.71630859375,139.59970092773438,257.5052490234375,152.2592010498047],""confidence"":0.005897514522075653},{""bbox"":[0.0,2.361330270767212,0.0,8.907269477844238],""confidence"":0.001386723481118679}]",5,0.001
002_20200907_204649(0),3,316,332,"[[238.0,105.0,248.0,115.00000000000001]]","[{""bbox"":[237.8577423095703,106.22388458251953,247.26919555664062,115.7814712524414],""confidence"":0.4709545075893402},{""bbox"":[236.43019104003906,106.64615631103516,246.27841186523438,116.83018493652344],""confidence"":0.3229528069496155},{""bbox"":[239.14340209960938,105.68222045898438,248.43373107910156,115.25588989257812],""confidence"":0.14675042033195496},{""bbox"":[233.8467254638672,107.8023910522461,243.71490478515625,117.70182800292969],""confidence"":0.026300199329853058},{""bbox"":[234.0862579345703,106.63323974609375,245.87673950195312,119.2203369140625],""confidence"":0.010271796025335789},{""bbox"":[0.0,2.2771222591400146,0.0,8.952123641967773],""confidence"":0.0021845782175660133},{""bbox"":[0.0,1.6579065322875977,0.0,9.630716323852539],""confidence"":0.0010591218015179038}]",7,0.001
002_20200907_204653(4),3,316,332,"[[243.0,122.0,252.99999999999997,134.0]]","[{""bbox"":[243.34324645996094,123.38167572021484,252.19776916503906,132.6846160888672],""confidence"":0.5726035237312317},{""bbox"":[241.46286010742188,123.64808654785156,251.05868530273438,133.6936492919922],""confidence"":0.32732048630714417},{""bbox"":[243.75035095214844,121.73690032958984,253.34033203125,131.73672485351562],""confidence"":0.09115352481603622},{""bbox"":[240.44642639160156,123.0597152709961,252.10693359375,135.77513122558594],""confidence"":0.02721388079226017},{""bbox"":[238.10926818847656,124.5879135131836,247.43592834472656,133.99557495117188],""confidence"":0.008566964417696},{""bbox"":[246.94444274902344,122.8861083984375,256.0648193359375,132.08056640625],""confidence"":0.005241230130195618},{""bbox"":[0.0,2.3388357162475586,0.0,8.916898727416992],""confidence"":0.0015890835784375668}]",7,0.001
