stem,fold_id,width,height,gt_boxes_json,prediction_boxes_json,prediction_count_at_floor,confidence_floor
001_20200622_203330(3),1,576,444,"[[363.0,228.00000000000003,372.0,237.0],[366.0,257.0,376.0,272.0],[371.99999999999994,294.0,383.0,305.00000000000006]]","[{""bbox"":[360.9181823730469,225.43692016601562,372.879638671875,238.77223205566406],""confidence"":0.625684916973114},{""bbox"":[370.4658508300781,293.47454833984375,383.4467468261719,306.2066955566406],""confidence"":0.5950521230697632},{""bbox"":[365.5575256347656,257.209228515625,378.30706787109375,270.061279296875],""confidence"":0.5872867703437805},{""bbox"":[358.571533203125,226.0171661376953,374.0066223144531,240.77142333984375],""confidence"":0.08068395406007767},{""bbox"":[369.5683288574219,290.0235595703125,383.9102783203125,306.8515319824219],""confidence"":0.03443963825702667},{""bbox"":[362.9473876953125,253.85711669921875,378.3419494628906,270.7934875488281],""confidence"":0.015498548746109009},{""bbox"":[510.63629150390625,270.8345031738281,523.51953125,283.30059814453125],""confidence"":0.003270440036430955},{""bbox"":[355.9692077636719,223.76373291015625,372.725341796875,239.7443389892578],""confidence"":0.002155852969735861},{""bbox"":[361.4110107421875,255.98764038085938,380.68701171875,277.2364196777344],""confidence"":0.0013945185346528888},{""bbox"":[362.6230773925781,224.8594512939453,378.28668212890625,238.1555938720703],""confidence"":0.0012163196224719286},{""bbox"":[512.7034301757812,268.09033203125,525.4564208984375,280.89599609375],""confidence"":0.0011894804192706943}]",11,0.001
001_20200623_003516(8),1,576,444,"[[346.99999999999994,178.0,358.0,189.99999999999997],[342.99999999999994,211.0,358.0,223.99999999999997],[341.00000000000006,253.00000000000003,353.0,267.0]]","[{""bbox"":[343.1206970214844,210.89328002929688,356.08489990234375,223.341552734375],""confidence"":0.6234261393547058},{""bbox"":[340.35302734375,256.18121337890625,352.2530822753906,268.3743896484375],""confidence"":0.5899471044540405},{""bbox"":[346.4187927246094,177.7108612060547,357.59375,189.71847534179688],""confidence"":0.5810555815696716},{""bbox"":[343.062255859375,212.284912109375,358.2297668457031,226.66590881347656],""confidence"":0.0737801343202591},{""bbox"":[346.24365234375,174.8516082763672,358.8277282714844,188.95497131347656],""confidence"":0.05911083146929741},{""bbox"":[342.8329162597656,258.0635681152344,357.24237060546875,270.745849609375],""confidence"":0.02282165363430977},{""bbox"":[341.465576171875,177.69754028320312,355.9979553222656,190.94308471679688],""confidence"":0.0038562756963074207},{""bbox"":[384.1481628417969,226.00950622558594,396.1302795410156,237.54234313964844],""confidence"":0.0013920280616730452},{""bbox"":[484.7043762207031,327.0660705566406,496.52191162109375,338.5297546386719],""confidence"":0.0013240018161013722}]",9,0.001
001_20200623_003520(5),1,576,444,"[[339.99999999999994,183.0,351.0,198.0],[340.0,218.00000000000003,355.00000000000006,229.00000000000003],[346.99999999999994,260.0,358.0,273.99999999999994]]","[{""bbox"":[340.6339416503906,217.06214904785156,354.0022277832031,230.24240112304688],""confidence"":0.6567386388778687},{""bbox"":[345.7165222167969,261.62750244140625,357.5520935058594,274.58807373046875],""confidence"":0.6159678101539612},{""bbox"":[339.5992126464844,183.24166870117188,351.2617492675781,196.30728149414062],""confidence"":0.6101272702217102},{""bbox"":[344.3039855957031,262.32586669921875,358.6986083984375,276.6238098144531],""confidence"":0.07600087672472},{""bbox"":[338.742431640625,217.8872528076172,355.24603271484375,233.5922088623047],""confidence"":0.028830252587795258},{""bbox"":[341.3175354003906,260.51153564453125,358.66436767578125,275.4559020996094],""confidence"":0.015081365592777729},{""bbox"":[342.2018127441406,216.98167419433594,356.662109375,231.14854431152344],""confidence"":0.014909710735082626},{""bbox"":[334.3057556152344,183.11785888671875,352.0331726074219,197.91122436523438],""confidence"":0.0030324342660605907},{""bbox"":[341.467041015625,183.45046997070312,356.6719970703125,196.66427612304688],""confidence"":0.002232105704024434},{""bbox"":[457.60418701171875,261.2768859863281,468.62335205078125,272.76934814453125],""confidence"":0.0015387065941467881}]",10,0.001
001_20200623_003524(0),1,576,444,"[[342.0,186.0,355.0,196.0],[341.0,215.00000000000003,356.0,232.0],[340.0,263.0,353.0,275.0]]","[{""bbox"":[340.553466796875,218.03773498535156,353.0651550292969,230.56423950195312],""confidence"":0.6486915349960327},{""bbox"":[340.3486328125,262.71722412109375,353.0872802734375,275.7565002441406],""confidence"":0.6155492663383484},{""bbox"":[342.7441101074219,184.08888244628906,355.573974609375,196.36599731445312],""confidence"":0.5826712250709534},{""bbox"":[341.9816589355469,263.80914306640625,356.98175048828125,277.4569091796875],""confidence"":0.03247051686048508},{""bbox"":[339.74212646484375,218.40786743164062,354.0379943847656,233.6026153564453],""confidence"":0.025911666452884674},{""bbox"":[342.089599609375,218.96583557128906,356.68536376953125,231.6548309326172],""confidence"":0.011356370523571968},{""bbox"":[477.8426818847656,293.10186767578125,489.8815002441406,305.0153503417969],""confidence"":0.002127743326127529}]",7,0.001
001_20200623_003529(0),1,576,444,"[[348.0,163.0,360.99999999999994,175.0],[348.0,196.0,360.99999999999994,210.0],[350.0,241.0,361.0,254.99999999999997]]","[{""bbox"":[347.2279052734375,196.2326202392578,360.5323486328125,209.73779296875],""confidence"":0.6495473384857178},{""bbox"":[347.18585205078125,162.71165466308594,360.0017395019531,175.66912841796875],""confidence"":0.6223734617233276},{""bbox"":[347.4706726074219,241.85496520996094,359.63775634765625,254.33346557617188],""confidence"":0.600885272026062},{""bbox"":[346.29925537109375,197.21177673339844,361.7897644042969,211.98399353027344],""confidence"":0.06932004541158676},{""bbox"":[348.81097412109375,197.203369140625,363.92706298828125,210.84494018554688],""confidence"":0.017632251605391502},{""bbox"":[348.84869384765625,162.5850372314453,363.8277893066406,176.3963623046875],""confidence"":0.01296594925224781},{""bbox"":[349.5390625,242.18382263183594,363.8206787109375,254.7723388671875],""confidence"":0.010051495395600796},{""bbox"":[473.53326416015625,216.83094787597656,485.08209228515625,227.44374084472656],""confidence"":0.004733966663479805},{""bbox"":[421.021240234375,252.85076904296875,431.8611145019531,262.73297119140625],""confidence"":0.0028061140328645706},{""bbox"":[478.7415466308594,216.4414825439453,490.9273681640625,227.79684448242188],""confidence"":0.0021095031406730413},{""bbox"":[484.52099609375,217.05950927734375,496.6510009765625,228.10186767578125],""confidence"":0.0017509583849459887},{""bbox"":[345.81646728515625,163.25865173339844,362.876708984375,183.86256408691406],""confidence"":0.001338429283350706}]",12,0.001
001_20200623_003532(5),1,576,444,"[[339.00000000000006,148.00000000000003,351.0,159.0],[358.0,223.99999999999997,368.00000000000006,233.99999999999997],[347.0,179.99999999999997,360.0,192.0]]","[{""bbox"":[339.586669921875,147.403076171875,351.2841491699219,160.5222625732422],""confidence"":0.6079973578453064},{""bbox"":[346.3429870605469,179.75955200195312,358.29107666015625,193.14804077148438],""confidence"":0.607598602771759},{""bbox"":[355.7062072753906,222.1955108642578,368.5035095214844,235.2808837890625],""confidence"":0.5938577055931091},{""bbox"":[354.474853515625,218.0207061767578,369.5642395019531,236.19967651367188],""confidence"":0.015635808929800987},{""bbox"":[341.44970703125,179.12152099609375,359.21014404296875,195.89622497558594],""confidence"":0.013779622502624989},{""bbox"":[345.23822021484375,174.99559020996094,359.9809875488281,192.76580810546875],""confidence"":0.004464207217097282},{""bbox"":[334.3675231933594,147.7854766845703,352.3653259277344,162.70068359375],""confidence"":0.0039844210259616375},{""bbox"":[385.2283020019531,217.17684936523438,396.4806213378906,227.38226318359375],""confidence"":0.002903415821492672},{""bbox"":[341.0750427246094,146.15863037109375,356.69342041015625,159.7081298828125],""confidence"":0.002801948692649603},{""bbox"":[353.7494201660156,221.32456970214844,371.073486328125,241.07974243164062],""confidence"":0.0025799886789172888},{""bbox"":[488.88226318359375,188.74032592773438,501.023681640625,200.70608520507812],""confidence"":0.001077774097211659}]",11,0.001
001_20200623_003536(0),1,576,444,"[[348.00000000000006,160.0,360.0,169.0],[349.0,194.00000000000003,360.99999999999994,205.0],[350.00000000000006,238.00000000000003,363.0,247.0]]","[{""bbox"":[347.05743408203125,156.21737670898438,359.5744934082031,169.06219482421875],""confidence"":0.6246218681335449},{""bbox"":[347.6067199707031,191.0522918701172,359.7578125,203.4940948486328],""confidence"":0.6014161705970764},{""bbox"":[349.653076171875,235.90750122070312,362.57073974609375,248.2844696044922],""confidence"":0.5815066695213318},{""bbox"":[347.4297790527344,153.33889770507812,361.85150146484375,169.5125274658203],""confidence"":0.06207827106118202},{""bbox"":[348.14935302734375,232.4705810546875,362.5302429199219,248.6868438720703],""confidence"":0.034392956644296646},{""bbox"":[348.8598937988281,156.17825317382812,363.7889099121094,170.23855590820312],""confidence"":0.010551783256232738},{""bbox"":[349.8992614746094,191.5899658203125,363.8965148925781,203.64608764648438],""confidence"":0.007261430379003286},{""bbox"":[345.7531433105469,156.09169006347656,362.7334899902344,176.38893127441406],""confidence"":0.0026652768719941378},{""bbox"":[496.41107177734375,285.4078369140625,508.0904235839844,297.0377197265625],""confidence"":0.0012870810460299253},{""bbox"":[498.6531677246094,285.133544921875,511.031005859375,296.8871765136719],""confidence"":0.0012694254983216524}]",10,0.001
001_20200623_082407(9),1,576,444,"[[339.99999999999994,201.0,351.0,215.0],[345.0,233.0,357.0,247.99999999999997],[353.99999999999994,275.0,365.0,293.99999999999994]]","[{""bbox"":[344.6720275878906,233.55856323242188,357.1151428222656,246.66134643554688],""confidence"":0.6274100542068481},{""bbox"":[353.5668029785156,278.1960754394531,364.94671630859375,290.6822509765625],""confidence"":0.6040828227996826},{""bbox"":[340.3996276855469,201.0540008544922,351.9779968261719,213.5283660888672],""confidence"":0.5733779668807983},{""bbox"":[341.52545166015625,231.63259887695312,357.1860046386719,247.3592071533203],""confidence"":0.02512463927268982},{""bbox"":[348.7714538574219,278.1004333496094,366.103271484375,292.6393127441406],""confidence"":0.014930469915270805},{""bbox"":[339.08502197265625,196.54002380371094,353.9651794433594,213.82749938964844],""confidence"":0.004074968863278627},{""bbox"":[341.37713623046875,200.65176391601562,356.8422546386719,214.33375549316406],""confidence"":0.003985881805419922},{""bbox"":[348.6097412109375,275.0098571777344,364.6048583984375,291.2578125],""confidence"":0.003906897734850645},{""bbox"":[338.09271240234375,201.54808044433594,354.01336669921875,219.3651580810547],""confidence"":0.0025225828867405653},{""bbox"":[355.4804382324219,277.7686462402344,371.2662048339844,291.5887451171875],""confidence"":0.0013933556620031595}]",10,0.001
001_20200623_082411(0),1,576,444,"[[339.99999999999994,186.00000000000003,351.0,198.0],[342.99999999999994,219.0,358.0,230.00000000000003],[350.0,263.0,364.0,275.0]]","[{""bbox"":[343.0870361328125,218.88192749023438,355.9610290527344,231.366455078125],""confidence"":0.6404995322227478},{""bbox"":[339.7110595703125,184.46714782714844,352.558349609375,197.48956298828125],""confidence"":0.6081064343452454},{""bbox"":[350.3695373535156,263.4673156738281,363.0610656738281,275.604736328125],""confidence"":0.5888466238975525},{""bbox"":[340.0913391113281,182.08316040039062,354.4069519042969,198.10452270507812],""confidence"":0.08451072126626968},{""bbox"":[341.49139404296875,183.91598510742188,356.6296691894531,197.8365936279297],""confidence"":0.014815716072916985},{""bbox"":[337.6519470214844,184.92198181152344,354.8571472167969,205.305908203125],""confidence"":0.001192549243569374}]",6,0.001
001_20200623_082414(1),1,576,444,"[[342.0,146.0,355.0,160.0],[348.00000000000006,183.0,360.0,194.99999999999997],[354.0,228.00000000000003,362.0,237.0]]","[{""bbox"":[346.6488342285156,181.19137573242188,360.1092834472656,194.8966064453125],""confidence"":0.6647350788116455},{""bbox"":[352.1441955566406,226.52593994140625,364.37481689453125,239.63723754882812],""confidence"":0.6362069845199585},{""bbox"":[343.92730712890625,148.3007049560547,356.2859802246094,160.4686737060547],""confidence"":0.5630584955215454},{""bbox"":[479.43817138671875,222.34613037109375,490.61590576171875,233.00485229492188],""confidence"":0.12334830313920975},{""bbox"":[348.5555725097656,225.64939880371094,365.2288818359375,240.58937072753906],""confidence"":0.057942550629377365},{""bbox"":[345.031005859375,182.00790405273438,361.5965270996094,197.56838989257812],""confidence"":0.04607777297496796},{""bbox"":[482.224365234375,221.75440979003906,494.2554931640625,232.9382781982422],""confidence"":0.01761009730398655},{""bbox"":[341.19085693359375,148.47366333007812,355.7119140625,162.21253967285156],""confidence"":0.014846552163362503},{""bbox"":[348.5548400878906,181.12954711914062,363.90472412109375,195.09439086914062],""confidence"":0.013718421570956707},{""bbox"":[481.2172546386719,218.28416442871094,493.0710754394531,231.28939819335938],""confidence"":0.0065252408385276794},{""bbox"":[384.6614074707031,225.16864013671875,395.4582214355469,236.0075225830078],""confidence"":0.005469033494591713},{""bbox"":[484.4159851074219,218.27438354492188,495.986328125,231.5591583251953],""confidence"":0.003967947792261839},{""bbox"":[383.4719543457031,226.79623413085938,394.742919921875,237.7714080810547],""confidence"":0.003794024931266904},{""bbox"":[476.4078674316406,223.88829040527344,486.1760559082031,233.9615478515625],""confidence"":0.0015524175250902772},{""bbox"":[382.5294189453125,225.13088989257812,392.8778991699219,236.04373168945312],""confidence"":0.0014592744410037994}]",15,0.001
001_20200623_082416(7),1,576,444,"[[368.0,248.00000000000003,379.0,257.0],[376.0,283.0,385.0,293.0],[362.99999999999994,215.0,374.0,226.0]]","[{""bbox"":[362.46258544921875,212.59170532226562,375.92022705078125,225.87384033203125],""confidence"":0.5939289927482605},{""bbox"":[366.6993408203125,245.5662841796875,379.1877136230469,258.6749572753906],""confidence"":0.5900838971138},{""bbox"":[372.00689697265625,282.04083251953125,384.8330993652344,294.1024169921875],""confidence"":0.5699048042297363},{""bbox"":[363.658935546875,210.6341552734375,378.499267578125,225.90174865722656],""confidence"":0.03450939431786537},{""bbox"":[362.9278564453125,245.5392303466797,378.6275329589844,260.03778076171875],""confidence"":0.019907308742403984},{""bbox"":[407.16510009765625,275.5709228515625,418.6170654296875,287.2853698730469],""confidence"":0.015557452104985714},{""bbox"":[405.5790710449219,277.3136901855469,417.0840759277344,288.8049621582031],""confidence"":0.012308748438954353},{""bbox"":[364.8485412597656,246.33792114257812,380.4281311035156,262.49090576171875],""confidence"":0.01055718120187521},{""bbox"":[403.98480224609375,275.5968933105469,414.9631042480469,287.4648742675781],""confidence"":0.003459199331700802},{""bbox"":[370.93621826171875,282.7958679199219,386.10791015625,298.381591796875],""confidence"":0.0034179368522018194},{""bbox"":[360.7807312011719,212.76254272460938,378.34368896484375,234.39939880371094],""confidence"":0.0012185756349936128},{""bbox"":[402.6772155761719,278.4205322265625,413.4409484863281,289.6538391113281],""confidence"":0.001049327664077282}]",12,0.001
001_20200623_082419(6),1,576,444,"[[366.00000000000006,188.0,378.0,199.0],[366.0,215.0,381.0,228.99999999999997],[370.0,256.0,383.0,268.0]]","[{""bbox"":[368.1350402832031,254.83155822753906,380.5082702636719,267.7332458496094],""confidence"":0.6226115226745605},{""bbox"":[365.3228759765625,218.67022705078125,377.8204650878906,230.95359802246094],""confidence"":0.6180235743522644},{""bbox"":[364.3223876953125,185.03768920898438,377.5975036621094,197.97683715820312],""confidence"":0.553189218044281},{""bbox"":[364.76239013671875,219.33192443847656,379.2910461425781,233.4905548095703],""confidence"":0.029236523434519768},{""bbox"":[362.4747619628906,181.7908477783203,377.86529541015625,199.23719787597656],""confidence"":0.01739778183400631},{""bbox"":[370.81201171875,255.30201721191406,385.4201965332031,267.79132080078125],""confidence"":0.0026765905786305666}]",6,0.001
001_20200623_082422(5),1,576,444,"[[360.99999999999994,214.0,371.0,229.00000000000003],[365.0,243.99999999999997,378.0,257.0],[371.0,282.0,382.99999999999994,293.0]]","[{""bbox"":[368.7819519042969,280.5133056640625,380.7734375,293.3868713378906],""confidence"":0.5978018641471863},{""bbox"":[364.0815734863281,244.76824951171875,376.7971496582031,257.3341979980469],""confidence"":0.5925291180610657},{""bbox"":[359.6009216308594,212.6487579345703,371.6227111816406,225.3727264404297],""confidence"":0.5818885564804077},{""bbox"":[355.90570068359375,212.08924865722656,371.46148681640625,226.1929931640625],""confidence"":0.04806341230869293},{""bbox"":[368.3333435058594,275.73822021484375,382.62957763671875,293.3307800292969],""confidence"":0.006998484488576651},{""bbox"":[370.4811706542969,279.8863830566406,385.548583984375,293.06988525390625],""confidence"":0.006290009710937738},{""bbox"":[361.5492248535156,244.813232421875,378.32733154296875,262.9883117675781],""confidence"":0.00575035298243165},{""bbox"":[367.1301574707031,280.7105712890625,383.20526123046875,298.52496337890625],""confidence"":0.0053354837000370026},{""bbox"":[509.3192443847656,260.4773864746094,521.02734375,272.0098571777344],""confidence"":0.0036042933352291584},{""bbox"":[511.2752990722656,260.2593078613281,523.5076904296875,271.6883850097656],""confidence"":0.003597379894927144},{""bbox"":[362.08331298828125,239.51699829101562,376.8996276855469,256.5737609863281],""confidence"":0.002303861081600189},{""bbox"":[363.2475891113281,212.53836059570312,378.2408752441406,224.8756866455078],""confidence"":0.0011135314125567675}]",12,0.001
001_20200624_043315(2),1,576,444,"[[342.0,150.0,355.0,162.00000000000003],[342.0,186.00000000000003,357.00000000000006,198.0],[347.0,230.00000000000003,360.0,242.0]]","[{""bbox"":[343.0154113769531,184.73532104492188,356.3423767089844,197.9530792236328],""confidence"":0.6010343432426453},{""bbox"":[345.70379638671875,229.05258178710938,357.3589782714844,241.6107177734375],""confidence"":0.598996639251709},{""bbox"":[342.54412841796875,150.3887176513672,355.7685852050781,163.66404724121094],""confidence"":0.5952278971672058},{""bbox"":[341.08856201171875,181.63597106933594,356.7717590332031,199.4974365234375],""confidence"":0.054992154240608215},{""bbox"":[341.49713134765625,228.27622985839844,358.50982666015625,243.326171875],""confidence"":0.028541745617985725},{""bbox"":[344.3594970703125,225.41598510742188,359.12689208984375,242.68276977539062],""confidence"":0.027013910934329033},{""bbox"":[341.5140075683594,146.1986541748047,357.3409118652344,164.6614990234375],""confidence"":0.00429167877882719},{""bbox"":[338.974365234375,149.2464599609375,357.46905517578125,168.9094696044922],""confidence"":0.0029152189381420612}]",8,0.001
001_20200624_043324(2),1,576,444,"[[342.0,152.0,356.0,165.00000000000003],[342.0,186.0,357.00000000000006,196.99999999999997],[345.0,230.00000000000003,360.99999999999994,245.0]]","[{""bbox"":[345.3813171386719,230.3184814453125,357.3380432128906,243.60589599609375],""confidence"":0.6330244541168213},{""bbox"":[342.2994384765625,151.1984100341797,355.23779296875,164.17787170410156],""confidence"":0.5954024791717529},{""bbox"":[343.59466552734375,185.12649536132812,356.5330810546875,198.02389526367188],""confidence"":0.5885196328163147},{""bbox"":[341.5191345214844,229.08224487304688,358.02301025390625,244.86212158203125],""confidence"":0.038413919508457184},{""bbox"":[340.977783203125,181.48171997070312,357.4750671386719,200.04971313476562],""confidence"":0.02029443345963955},{""bbox"":[339.9002685546875,150.61253356933594,356.4964904785156,169.19403076171875],""confidence"":0.0059884400106966496},{""bbox"":[343.3669128417969,225.32164001464844,360.07733154296875,245.54489135742188],""confidence"":0.005854310933500528},{""bbox"":[487.2613220214844,165.99618530273438,498.7530212402344,176.46182250976562],""confidence"":0.0035647510085254908},{""bbox"":[342.9263000488281,230.53677368164062,360.14447021484375,247.87852478027344],""confidence"":0.0033573361579328775},{""bbox"":[339.779052734375,145.8929443359375,356.0086669921875,165.36587524414062],""confidence"":0.0012650713324546814},{""bbox"":[340.1263122558594,224.59646606445312,357.3346252441406,244.67562866210938],""confidence"":0.0011079752584919333}]",11,0.001
001_20200624_043328(7),1,576,444,"[[342.0,151.0,355.0,170.0],[343.0,189.99999999999997,355.0,203.0],[344.99999999999994,233.99999999999997,360.0,247.0]]","[{""bbox"":[343.9635314941406,188.88409423828125,356.7531433105469,201.76983642578125],""confidence"":0.6393308639526367},{""bbox"":[346.2222595214844,234.82608032226562,357.5302734375,247.18373107910156],""confidence"":0.5960545539855957},{""bbox"":[342.3602294921875,156.3095245361328,354.755615234375,168.03895568847656],""confidence"":0.5247071981430054},{""bbox"":[341.1686096191406,187.76414489746094,356.52923583984375,202.81793212890625],""confidence"":0.09719938039779663},{""bbox"":[342.9147644042969,189.734375,358.46295166015625,204.72137451171875],""confidence"":0.02908281236886978},{""bbox"":[341.4849853515625,234.17726135253906,358.99713134765625,248.5997772216797],""confidence"":0.013911540620028973},{""bbox"":[340.93304443359375,153.16854858398438,354.6469421386719,167.78993225097656],""confidence"":0.012738212011754513},{""bbox"":[343.6373291015625,153.38946533203125,357.18194580078125,167.75062561035156],""confidence"":0.004965031519532204},{""bbox"":[349.1620788574219,235.5702667236328,364.08514404296875,248.4140625],""confidence"":0.0010353738907724619}]",9,0.001
001_20200624_043333(2),1,576,444,"[[338.0,155.0,355.0,170.0],[340.0,190.0,355.99999999999994,205.0],[343.0,234.00000000000003,356.0,249.00000000000003]]","[{""bbox"":[340.00439453125,189.0263671875,352.7548828125,202.0029754638672],""confidence"":0.6605868935585022},{""bbox"":[341.4030456542969,234.14996337890625,353.8721008300781,246.56764221191406],""confidence"":0.6216862797737122},{""bbox"":[341.0010681152344,155.31124877929688,353.3950500488281,167.75221252441406],""confidence"":0.5829775333404541},{""bbox"":[342.4576110839844,155.544189453125,356.6819152832031,168.35789489746094],""confidence"":0.0397397056221962},{""bbox"":[338.7130432128906,189.9940948486328,353.9010925292969,204.6396942138672],""confidence"":0.0366552360355854},{""bbox"":[342.3266296386719,234.2492218017578,356.9798583984375,248.04661560058594],""confidence"":0.0356321707367897},{""bbox"":[341.7058410644531,189.55282592773438,356.65576171875,202.68258666992188],""confidence"":0.005614517256617546}]",7,0.001
001_20200624_043337(8),1,576,444,"[[337.99999999999994,152.0,353.0,166.0],[340.0,186.0,355.99999999999994,201.0],[342.0,232.0,356.0,245.0]]","[{""bbox"":[339.4270935058594,187.6739959716797,352.57464599609375,200.80825805664062],""confidence"":0.629021406173706},{""bbox"":[342.4015197753906,231.28408813476562,355.95184326171875,244.36721801757812],""confidence"":0.6283947229385376},{""bbox"":[339.17425537109375,153.1349639892578,352.089111328125,166.4086456298828],""confidence"":0.6108202934265137},{""bbox"":[337.528076171875,153.945068359375,353.3015441894531,168.78408813476562],""confidence"":0.05997273325920105},{""bbox"":[341.3538818359375,231.56723022460938,357.0168762207031,247.81854248046875],""confidence"":0.011666137725114822},{""bbox"":[338.78155517578125,187.91912841796875,354.6189880371094,204.95985412597656],""confidence"":0.009630667977035046},{""bbox"":[341.53314208984375,188.17442321777344,356.7618103027344,201.67623901367188],""confidence"":0.005386843346059322},{""bbox"":[341.1659851074219,153.3700714111328,356.6908874511719,167.0117950439453],""confidence"":0.004316474311053753},{""bbox"":[339.0711364746094,182.12942504882812,353.8724060058594,200.36782836914062],""confidence"":0.002629087073728442},{""bbox"":[339.3347473144531,224.793701171875,355.6448669433594,245.63795471191406],""confidence"":0.001914758002385497},{""bbox"":[478.4630432128906,162.3217010498047,491.60882568359375,174.90159606933594],""confidence"":0.0010184227721765637}]",11,0.001
001_20200624_083150(7),1,576,444,"[[339.00000000000006,148.0,356.0,161.0],[346.0,181.0,361.0,196.0],[355.0,223.99999999999997,369.0,240.0]]","[{""bbox"":[346.595458984375,180.90504455566406,360.0803527832031,194.6047821044922],""confidence"":0.6628679037094116},{""bbox"":[356.8714599609375,225.82342529296875,370.1335144042969,238.7277374267578],""confidence"":0.6276971697807312},{""bbox"":[340.6343994140625,148.54861450195312,353.0599365234375,161.05731201171875],""confidence"":0.5562982559204102},{""bbox"":[346.4263000488281,182.01683044433594,361.146484375,197.6082000732422],""confidence"":0.07235243916511536},{""bbox"":[342.2003479003906,148.2696075439453,356.7314147949219,161.4919891357422],""confidence"":0.028873886913061142},{""bbox"":[348.4278564453125,180.23800659179688,363.89617919921875,194.30633544921875],""confidence"":0.022038254886865616},{""bbox"":[421.5636291503906,215.4230499267578,432.7191467285156,225.75173950195312],""confidence"":0.0037914884742349386}]",7,0.001
001_20200624_083153(8),1,576,444,"[[349.0,150.0,363.0,163.0],[349.0,182.0,364.00000000000006,197.0],[349.0,231.0,363.0,242.99999999999997]]","[{""bbox"":[349.4844665527344,229.55264282226562,362.55963134765625,242.4933319091797],""confidence"":0.6041519641876221},{""bbox"":[349.46673583984375,184.02406311035156,362.60955810546875,196.7552490234375],""confidence"":0.596116304397583},{""bbox"":[350.07586669921875,149.4508056640625,363.3555908203125,162.59666442871094],""confidence"":0.5510985851287842},{""bbox"":[349.4836730957031,146.14999389648438,364.6850891113281,163.0575714111328],""confidence"":0.018488610163331032},{""bbox"":[347.8227844238281,225.27899169921875,362.8080139160156,242.9769744873047],""confidence"":0.013176122680306435},{""bbox"":[485.2866516113281,209.37136840820312,497.16705322265625,220.2276153564453],""confidence"":0.00509593915194273},{""bbox"":[347.3912658691406,149.30848693847656,364.9146728515625,169.76458740234375],""confidence"":0.0020591355860233307},{""bbox"":[482.15203857421875,209.2078094482422,493.3890686035156,220.26730346679688],""confidence"":0.0014152451185509562},{""bbox"":[348.88665771484375,230.54161071777344,366.2463684082031,248.0269012451172],""confidence"":0.001133604091592133}]",9,0.001
001_20200624_083156(9),1,576,444,"[[335.99999999999994,220.00000000000003,351.0,232.0],[357.0,295.0,369.99999999999994,308.0],[344.99999999999994,249.99999999999997,360.0,266.0]]","[{""bbox"":[354.98626708984375,295.03125,368.37652587890625,308.0837707519531],""confidence"":0.6332259774208069},{""bbox"":[345.2998046875,252.0393829345703,357.3417053222656,265.2205505371094],""confidence"":0.608652651309967},{""bbox"":[337.0734558105469,219.35867309570312,349.5099792480469,232.04832458496094],""confidence"":0.5756146907806396},{""bbox"":[334.2161865234375,219.61965942382812,348.6491394042969,232.96986389160156],""confidence"":0.09592784941196442},{""bbox"":[356.5325012207031,294.61614990234375,371.01837158203125,308.9893493652344],""confidence"":0.06091257557272911},{""bbox"":[341.1390380859375,251.40167236328125,357.6341247558594,266.6863098144531],""confidence"":0.04707669839262962},{""bbox"":[353.9489440917969,295.55682373046875,369.84307861328125,312.863525390625],""confidence"":0.009804307483136654},{""bbox"":[489.5283508300781,260.46209716796875,500.6202697753906,271.4142761230469],""confidence"":0.008556614629924297},{""bbox"":[492.49566650390625,260.1387634277344,503.8711242675781,270.781005859375],""confidence"":0.008549477905035019},{""bbox"":[422.479248046875,279.4696044921875,433.75823974609375,290.140625],""confidence"":0.004920880310237408},{""bbox"":[353.5732116699219,289.8464660644531,369.4176940917969,309.46002197265625],""confidence"":0.00432280357927084},{""bbox"":[484.5619812011719,216.44480895996094,496.4686279296875,227.1250457763672],""confidence"":0.0037707353476434946},{""bbox"":[424.3405456542969,275.66778564453125,435.8959655761719,287.6569519042969],""confidence"":0.00347894337028265},{""bbox"":[344.2409973144531,247.02484130859375,359.0655822753906,264.9834289550781],""confidence"":0.003120564855635166},{""bbox"":[482.23004150390625,216.76925659179688,493.3521423339844,227.28536987304688],""confidence"":0.0027470774948596954},{""bbox"":[342.1481018066406,251.23529052734375,359.9737548828125,269.99871826171875],""confidence"":0.002633138792589307},{""bbox"":[428.9026794433594,275.53472900390625,440.1310729980469,287.099609375],""confidence"":0.0017961130943149328},{""bbox"":[487.65509033203125,261.51287841796875,499.1781921386719,272.7049255371094],""confidence"":0.001227010041475296},{""bbox"":[399.86993408203125,237.86163330078125,411.4777526855469,247.93258666992188],""confidence"":0.0011759245535358787}]",19,0.001
001_20200624_083159(6),1,576,444,"[[351.0,204.0,365.0,217.0],[358.0,232.0,373.99999999999994,247.0],[371.0,268.0,384.0,281.0]]","[{""bbox"":[360.7555236816406,234.19219970703125,372.13604736328125,246.85833740234375],""confidence"":0.6160702109336853},{""bbox"":[353.0238342285156,203.94058227539062,364.56134033203125,216.3092041015625],""confidence"":0.6120660901069641},{""bbox"":[368.99609375,268.3975830078125,381.1000061035156,280.3892822265625],""confidence"":0.5966101288795471},{""bbox"":[510.4772033691406,219.78895568847656,523.27783203125,232.33523559570312],""confidence"":0.24687950313091278},{""bbox"":[350.72039794921875,204.30905151367188,365.9656677246094,219.072265625],""confidence"":0.022157402709126472},{""bbox"":[368.4835205078125,269.6966857910156,381.4334411621094,283.9235534667969],""confidence"":0.019215553998947144},{""bbox"":[348.7171630859375,203.9502716064453,363.5193176269531,217.32272338867188],""confidence"":0.01920175924897194},{""bbox"":[355.97174072265625,234.851318359375,371.57958984375,248.3974151611328],""confidence"":0.015783317387104034},{""bbox"":[370.8441162109375,267.3370666503906,385.54791259765625,279.68878173828125],""confidence"":0.009192295372486115},{""bbox"":[508.4903259277344,221.62583923339844,520.5728759765625,233.83428955078125],""confidence"":0.008390698581933975},{""bbox"":[505.5682373046875,222.09413146972656,517.2352905273438,233.6910858154297],""confidence"":0.007622259669005871},{""bbox"":[355.8894958496094,231.9598846435547,370.3349914550781,246.11050415039062],""confidence"":0.003452630713582039},{""bbox"":[488.5146484375,158.97604370117188,501.4949951171875,170.88812255859375],""confidence"":0.0031149934511631727}]",13,0.001
001_20200624_083202(6),1,576,444,"[[341.0,198.0,361.0,218.99999999999997],[355.0,232.0,369.0,245.0],[368.00000000000006,263.0,381.0,278.0]]","[{""bbox"":[344.46978759765625,201.92404174804688,357.2212829589844,215.23880004882812],""confidence"":0.5729547142982483},{""bbox"":[367.2957458496094,263.7806396484375,379.2087707519531,276.32208251953125],""confidence"":0.551328182220459},{""bbox"":[353.77838134765625,231.82252502441406,366.73162841796875,244.71339416503906],""confidence"":0.5432265996932983},{""bbox"":[365.6276550292969,264.80169677734375,378.308349609375,277.4841003417969],""confidence"":0.24983114004135132},{""bbox"":[368.32086181640625,260.9106140136719,381.5480651855469,275.1303405761719],""confidence"":0.1367194950580597},{""bbox"":[483.96343994140625,135.3722686767578,496.6711120605469,147.175537109375],""confidence"":0.07345788925886154},{""bbox"":[341.256103515625,202.25357055664062,355.94976806640625,216.31683349609375],""confidence"":0.05209586024284363},{""bbox"":[354.00244140625,234.4164581298828,366.7203369140625,248.12564086914062],""confidence"":0.039529599249362946},{""bbox"":[362.62347412109375,265.662841796875,376.2806396484375,278.5149841308594],""confidence"":0.03353407233953476},{""bbox"":[493.1519775390625,165.2751007080078,506.09893798828125,177.07891845703125],""confidence"":0.032515186816453934},{""bbox"":[362.0595397949219,267.7727966308594,374.1068115234375,279.3946838378906],""confidence"":0.031152348965406418},{""bbox"":[490.449951171875,167.6328582763672,502.33056640625,179.8561248779297],""confidence"":0.01774952933192253},{""bbox"":[491.1202697753906,165.7147979736328,503.77740478515625,177.9030303955078],""confidence"":0.006769225001335144},{""bbox"":[342.691650390625,202.7239532470703,358.55303955078125,219.24508666992188],""confidence"":0.006271813064813614},{""bbox"":[497.86614990234375,196.69976806640625,511.62554931640625,209.90231323242188],""confidence"":0.004770663101226091},{""bbox"":[496.5828857421875,198.17640686035156,509.0835876464844,211.1058349609375],""confidence"":0.0027020021807402372},{""bbox"":[355.97650146484375,231.2908477783203,371.2490234375,244.65489196777344],""confidence"":0.0026882640086114407},{""bbox"":[370.74755859375,261.10003662109375,385.70257568359375,274.1658630371094],""confidence"":0.002628047950565815},{""bbox"":[495.44549560546875,164.93801879882812,508.79058837890625,176.70558166503906],""confidence"":0.0020689917728304863},{""bbox"":[342.3663330078125,196.2989044189453,359.7413024902344,216.2521514892578],""confidence"":0.0016139531508088112},{""bbox"":[451.57025146484375,222.15359497070312,463.4165954589844,232.99008178710938],""confidence"":0.0014893414918333292},{""bbox"":[499.2892761230469,195.16848754882812,512.7681884765625,207.67807006835938],""confidence"":0.0014796574832871556},{""bbox"":[482.18548583984375,101.4310531616211,497.1241455078125,116.33543395996094],""confidence"":0.0012041534064337611},{""bbox"":[497.17730712890625,195.4828643798828,510.1112976074219,208.1096649169922],""confidence"":0.0010019743349403143}]",24,0.001
001_20200624_083205(7),1,576,444,"[[350.0,200.0,368.0,215.0],[355.0,231.0,371.99999999999994,242.99999999999997],[364.0,268.0,379.0,280.0]]","[{""bbox"":[366.92822265625,266.3773193359375,378.9232482910156,279.498291015625],""confidence"":0.6159215569496155},{""bbox"":[357.1034851074219,232.0293731689453,370.40716552734375,244.913818359375],""confidence"":0.6155445575714111},{""bbox"":[349.537109375,200.7285614013672,362.43609619140625,213.1570587158203],""confidence"":0.556186318397522},{""bbox"":[363.1402587890625,265.8901062011719,378.6774597167969,281.04730224609375],""confidence"":0.040014978498220444},{""bbox"":[356.08001708984375,232.77284240722656,370.9661560058594,247.91436767578125],""confidence"":0.031128795817494392},{""bbox"":[348.6290283203125,196.52955627441406,363.9000244140625,213.92002868652344],""confidence"":0.007961452938616276},{""bbox"":[365.96099853515625,261.3326110839844,381.1833190917969,279.9603576660156],""confidence"":0.007922305725514889},{""bbox"":[407.2210388183594,253.60263061523438,419.0599060058594,264.7293701171875],""confidence"":0.004657980985939503},{""bbox"":[405.7921142578125,255.41085815429688,417.4804992675781,266.878662109375],""confidence"":0.003636218374595046},{""bbox"":[363.8760070800781,265.8656311035156,380.93768310546875,284.0378723144531],""confidence"":0.0021008672192692757},{""bbox"":[403.95263671875,253.75439453125,415.2991638183594,265.1534423828125],""confidence"":0.0014772198628634214},{""bbox"":[503.57135009765625,224.4019012451172,514.5798950195312,234.99986267089844],""confidence"":0.0013211865443736315},{""bbox"":[361.94384765625,260.91912841796875,376.0364685058594,277.0705871582031],""confidence"":0.0012956951977685094},{""bbox"":[347.5521240234375,201.1907501220703,364.6196594238281,219.36241149902344],""confidence"":0.001146811991930008}]",14,0.001
001_20200727_204954(7),1,576,444,"[[317.0,152.0,328.00000000000006,160.00000000000003]]","[{""bbox"":[316.38861083984375,149.22012329101562,327.8168029785156,160.8116912841797],""confidence"":0.5784688591957092},{""bbox"":[312.76422119140625,149.2417755126953,327.0897216796875,161.6646728515625],""confidence"":0.04589211568236351},{""bbox"":[316.2242126464844,146.27896118164062,328.8464050292969,160.39712524414062],""confidence"":0.04250670224428177},{""bbox"":[312.47308349609375,145.84262084960938,326.8094787597656,160.60044860839844],""confidence"":0.0038053798489272594}]",4,0.001
001_20200727_204958(2),1,576,444,"[[321.00000000000006,148.0,329.0,156.0]]","[{""bbox"":[319.6049499511719,145.19708251953125,332.579833984375,157.65768432617188],""confidence"":0.5832163095474243},{""bbox"":[383.23553466796875,139.44041442871094,395.4270935058594,151.3524169921875],""confidence"":0.01706748642027378},{""bbox"":[384.5780944824219,138.39430236816406,396.10980224609375,149.6373291015625],""confidence"":0.011739504523575306},{""bbox"":[318.42144775390625,145.63275146484375,334.15087890625,161.48583984375],""confidence"":0.006112526636570692}]",4,0.001
001_20200728_123129(2),1,576,444,"[[331.0,203.0,340.0,213.0]]","[{""bbox"":[329.9324035644531,201.171142578125,341.97003173828125,213.11619567871094],""confidence"":0.584882378578186},{""bbox"":[327.08203125,200.59996032714844,341.66937255859375,214.28421020507812],""confidence"":0.07037100940942764},{""bbox"":[328.3094787597656,196.68740844726562,343.4179992675781,213.5039520263672],""confidence"":0.0030283587984740734},{""bbox"":[327.4059753417969,200.15126037597656,344.6058349609375,219.2726287841797],""confidence"":0.0015615306328982115}]",4,0.001
001_20200728_123132(4),1,576,444,"[[323.0,226.0,332.0,237.99999999999997]]","[{""bbox"":[321.3152160644531,226.64151000976562,334.0231628417969,238.89939880371094],""confidence"":0.6058605313301086}]",1,0.001
001_20200810_203208(7),1,576,444,"[[315.0,187.0,324.0,198.0]]","[{""bbox"":[314.7339172363281,185.1939239501953,327.6966857910156,198.17771911621094],""confidence"":0.589896559715271},{""bbox"":[312.33349609375,181.85618591308594,328.0271301269531,199.59866333007812],""confidence"":0.011920136399567127}]",2,0.001
001_20200810_203212(6),1,576,444,"[[315.99999999999994,194.99999999999997,330.0,207.0]]","[{""bbox"":[315.6422119140625,194.87059020996094,327.52783203125,206.89666748046875],""confidence"":0.5839866995811462},{""bbox"":[312.70782470703125,194.27354431152344,327.1514892578125,207.89834594726562],""confidence"":0.06591632962226868},{""bbox"":[313.40045166015625,194.5978546142578,329.81610107421875,212.05601501464844],""confidence"":0.002215269021689892}]",3,0.001
001_20200811_043037(3),1,576,444,"[[315.99999999999994,222.0,326.0,233.00000000000003]]","[{""bbox"":[314.5801086425781,221.219482421875,327.3888854980469,233.7054443359375],""confidence"":0.561555802822113},{""bbox"":[312.2877502441406,217.74583435058594,327.9894104003906,235.04446411132812],""confidence"":0.013993523083627224}]",2,0.001
001_20200811_043041(6),1,576,444,"[[308.99999999999994,236.0,320.0,249.00000000000003]]","[{""bbox"":[308.030029296875,237.4464111328125,320.2059326171875,249.44012451171875],""confidence"":0.5838395357131958},{""bbox"":[305.3172607421875,236.83474731445312,319.5134582519531,250.29617309570312],""confidence"":0.09372901916503906},{""bbox"":[307.9061279296875,232.68690490722656,322.1007995605469,249.03126525878906],""confidence"":0.004982196260243654},{""bbox"":[443.74652099609375,207.17225646972656,455.62103271484375,218.40687561035156],""confidence"":0.002637878991663456},{""bbox"":[305.0582580566406,236.31088256835938,322.37664794921875,255.24400329589844],""confidence"":0.00169686833396554},{""bbox"":[304.3082580566406,232.37379455566406,318.6675109863281,248.46910095214844],""confidence"":0.0010846143122762442}]",6,0.001
001_20200814_163101(7),1,576,444,"[[328.0,179.0,338.0,192.0]]","[{""bbox"":[326.19635009765625,178.98260498046875,337.9784851074219,190.91177368164062],""confidence"":0.6003789901733398},{""bbox"":[325.94378662109375,175.0010223388672,339.7080078125,190.6803741455078],""confidence"":0.012195873074233532},{""bbox"":[327.4745788574219,179.08236694335938,342.41015625,192.26260375976562],""confidence"":0.010882574133574963},{""bbox"":[467.7493896484375,191.85838317871094,480.1527404785156,203.83370971679688],""confidence"":0.0013442756608128548},{""bbox"":[324.0986022949219,179.26904296875,341.25018310546875,197.78150939941406],""confidence"":0.0011488425079733133}]",5,0.001
001_20200814_163105(1),1,576,444,"[[326.99999999999994,187.0,338.0,201.0]]","[{""bbox"":[326.0880126953125,186.6720733642578,337.6222229003906,198.44041442871094],""confidence"":0.5843559503555298},{""bbox"":[327.5660400390625,187.32908630371094,342.3923034667969,200.1822052001953],""confidence"":0.006672179326415062},{""bbox"":[325.6287841796875,182.2206573486328,339.4195861816406,198.0108184814453],""confidence"":0.005882755387574434},{""bbox"":[324.222900390625,187.19619750976562,341.0368347167969,204.8223419189453],""confidence"":0.0018266461556777358}]",4,0.001
001_20200818_083159(7),1,576,444,"[[326.0,192.0,336.0,205.0]]","[{""bbox"":[326.06524658203125,193.82919311523438,337.3782043457031,205.44581604003906],""confidence"":0.5840494632720947},{""bbox"":[327.9878234863281,193.82403564453125,342.3844299316406,206.05215454101562],""confidence"":0.00720038078725338},{""bbox"":[325.232177734375,189.41851806640625,338.89849853515625,204.8851776123047],""confidence"":0.0034510940313339233}]",3,0.001
001_20200818_123634(4),1,576,444,"[[315.0,157.0,324.0,171.0]]","[{""bbox"":[313.2363586425781,158.14332580566406,325.6277160644531,170.25392150878906],""confidence"":0.5982122421264648},{""bbox"":[311.3787841796875,153.35455322265625,325.8973388671875,169.89694213867188],""confidence"":0.0022082722280174494},{""bbox"":[310.6436767578125,156.94268798828125,328.20794677734375,175.9939727783203],""confidence"":0.001500935759395361}]",3,0.001
001_20200819_124414(0),1,576,444,"[[323.0,165.0,332.0,173.0]]","[{""bbox"":[322.7998352050781,163.1921844482422,335.0814514160156,175.49269104003906],""confidence"":0.5569329261779785},{""bbox"":[319.635009765625,162.99229431152344,335.4841003417969,176.78187561035156],""confidence"":0.013828008435666561}]",2,0.001
001_20200819_124415(9),1,576,444,"[[314.0,161.0,324.0,170.0]]","[{""bbox"":[311.3304748535156,158.7777557373047,324.15521240234375,171.437255859375],""confidence"":0.6177193522453308},{""bbox"":[313.1620178222656,158.95452880859375,327.8935852050781,171.7145538330078],""confidence"":0.017405878752470016},{""bbox"":[310.4989013671875,158.99191284179688,326.00164794921875,176.01939392089844],""confidence"":0.0066497656516730785},{""bbox"":[309.8231506347656,153.33755493164062,324.8821716308594,170.5452117919922],""confidence"":0.0012584925862029195}]",4,0.001
001_20200826_123711(3),1,576,444,"[[319.0,189.00000000000003,328.0,200.0]]","[{""bbox"":[317.205322265625,189.38473510742188,329.67230224609375,202.1900634765625],""confidence"":0.5970562696456909},{""bbox"":[316.4953308105469,190.3011016845703,330.898681640625,204.61810302734375],""confidence"":0.034308288246393204},{""bbox"":[312.52716064453125,188.5581512451172,330.8230895996094,203.57437133789062],""confidence"":0.001429571071639657}]",3,0.001
001_20200826_123714(5),1,576,444,"[[322.0,194.0,335.0,204.0]]","[{""bbox"":[318.2078857421875,191.93309020996094,331.55914306640625,205.22633361816406],""confidence"":0.5062066912651062},{""bbox"":[320.6125793457031,192.9212646484375,335.2799987792969,206.10914611816406],""confidence"":0.024079399183392525},{""bbox"":[318.52301025390625,195.39129638671875,334.8819885253906,212.59335327148438],""confidence"":0.0013946241233497858},{""bbox"":[320.8896484375,188.88739013671875,335.797119140625,204.43606567382812],""confidence"":0.0010981335071846843}]",4,0.001
001_20200831_083711(6),1,576,444,"[[472.00000000000006,184.99999999999997,484.0,198.0]]","[{""bbox"":[473.2066345214844,183.5420379638672,485.8319091796875,196.1334686279297],""confidence"":0.5935729742050171},{""bbox"":[471.0544738769531,184.39430236816406,484.5868835449219,197.0155029296875],""confidence"":0.08114231377840042}]",2,0.001
001_20200831_083714(8),1,576,444,"[[474.0,165.99999999999997,486.99999999999994,178.0]]","[{""bbox"":[475.25469970703125,165.87086486816406,486.7742919921875,178.416259765625],""confidence"":0.623745858669281},{""bbox"":[471.19866943359375,165.1904296875,486.72552490234375,179.96231079101562],""confidence"":0.049454040825366974},{""bbox"":[471.8350830078125,166.38265991210938,488.0225830078125,183.1904296875],""confidence"":0.0024333768524229527},{""bbox"":[473.2016906738281,160.57986450195312,489.6526184082031,179.53872680664062],""confidence"":0.001731674070470035}]",4,0.001
002_20200622_203121(4),1,352,332,"[[211.00000000000003,118.0,221.0,130.0],[215.0,141.0,221.99999999999997,150.0],[215.0,165.0,225.0,175.0]]","[{""bbox"":[211.48326110839844,118.13220977783203,220.3975372314453,127.22624206542969],""confidence"":0.6987923383712769},{""bbox"":[212.99969482421875,140.4270477294922,222.04856872558594,149.84397888183594],""confidence"":0.6457242965698242},{""bbox"":[216.36248779296875,167.04461669921875,224.99993896484375,175.71104431152344],""confidence"":0.6197108626365662},{""bbox"":[212.05101013183594,139.98524475097656,222.94488525390625,151.465087890625],""confidence"":0.10380592942237854},{""bbox"":[209.9508819580078,117.94496154785156,221.22952270507812,129.12606811523438],""confidence"":0.024330036714673042},{""bbox"":[217.2120361328125,166.64317321777344,226.8798065185547,175.91737365722656],""confidence"":0.02117309719324112},{""bbox"":[215.39547729492188,167.39686584472656,225.5902862548828,177.3967742919922],""confidence"":0.01876450702548027},{""bbox"":[212.2737579345703,117.56617736816406,222.41497802734375,128.07415771484375],""confidence"":0.007501970510929823},{""bbox"":[0.0,0.0,6.798684597015381,0.0],""confidence"":0.0037094976287335157},{""bbox"":[210.8672332763672,115.09475708007812,221.29708862304688,127.68614196777344],""confidence"":0.003093044040724635},{""bbox"":[0.0,332.0,6.202112197875977,332.0],""confidence"":0.0017691397806629539},{""bbox"":[211.85215759277344,137.04739379882812,221.7336883544922,149.5088653564453],""confidence"":0.0017537710955366492},{""bbox"":[215.4736328125,163.29495239257812,225.40892028808594,175.64369201660156],""confidence"":0.0016963642556220293},{""bbox"":[0.0,0.0,6.550507545471191,0.0],""confidence"":0.001644324278458953},{""bbox"":[1.2147315740585327,332.0,8.378641128540039,332.0],""confidence"":0.0014698263257741928},{""bbox"":[1.324177861213684,332.0,9.029862403869629,332.0],""confidence"":0.0013100210344418883},{""bbox"":[341.012939453125,0.0,349.477783203125,0.0],""confidence"":0.0011527669848874211}]",17,0.001
002_20200623_082249(3),1,316,332,"[[155.0,153.0,164.0,166.0],[157.99999999999997,176.0,166.99999999999997,186.0],[160.0,201.0,172.0,215.00000000000003]]","[{""bbox"":[158.02105712890625,176.7255401611328,167.885986328125,186.6331329345703],""confidence"":0.7049948573112488},{""bbox"":[155.92022705078125,154.14610290527344,165.91970825195312,164.67782592773438],""confidence"":0.6807953119277954},{""bbox"":[161.11561584472656,202.7097625732422,170.4481201171875,212.6169891357422],""confidence"":0.6468363404273987},{""bbox"":[157.3124237060547,177.08457946777344,169.10617065429688,189.7132110595703],""confidence"":0.04828941822052002},{""bbox"":[160.4258575439453,200.63717651367188,171.35475158691406,212.89910888671875],""confidence"":0.00908686127513647},{""bbox"":[153.56552124023438,150.56478881835938,165.8229522705078,163.7029266357422],""confidence"":0.0044901128858327866},{""bbox"":[159.34573364257812,202.18905639648438,171.62937927246094,215.15724182128906],""confidence"":0.0032779809553176165},{""bbox"":[154.62472534179688,155.74978637695312,167.29708862304688,169.33316040039062],""confidence"":0.0015412948559969664}]",8,0.001
002_20200623_082253(8),1,316,332,"[[160.99999999999997,139.0,176.0,151.0],[162.00000000000003,161.0,173.0,172.0],[165.0,187.0,177.0,201.00000000000003]]","[{""bbox"":[165.46206665039062,187.77999877929688,174.81558227539062,197.52670288085938],""confidence"":0.6985660195350647},{""bbox"":[162.4862518310547,139.0083770751953,172.5583038330078,149.1731414794922],""confidence"":0.6869117617607117},{""bbox"":[163.34901428222656,161.5260009765625,172.9438018798828,171.41746520996094],""confidence"":0.6534202694892883},{""bbox"":[163.6016845703125,186.54930114746094,175.47474670410156,198.9775848388672],""confidence"":0.13750684261322021},{""bbox"":[162.6541290283203,161.04429626464844,174.46531677246094,173.5124053955078],""confidence"":0.07208043336868286},{""bbox"":[162.253662109375,137.6132354736328,173.86753845214844,150.3260955810547],""confidence"":0.03148727864027023},{""bbox"":[161.79327392578125,139.27139282226562,174.4166259765625,152.42625427246094],""confidence"":0.006914942990988493},{""bbox"":[159.24261474609375,136.58995056152344,171.9419708251953,150.2434844970703],""confidence"":0.0032526536379009485},{""bbox"":[165.9766082763672,187.3437957763672,177.2247772216797,198.22930908203125],""confidence"":0.0030179491732269526}]",9,0.001
002_20200623_082258(4),1,316,332,"[[159.0,149.0,170.0,163.0],[160.0,172.0,172.0,183.0],[161.00000000000003,196.0,172.0,210.00000000000003]]","[{""bbox"":[162.2486114501953,198.8689422607422,171.74765014648438,208.71693420410156],""confidence"":0.7265413999557495},{""bbox"":[158.97796630859375,149.6861572265625,168.69107055664062,159.83877563476562],""confidence"":0.7009479999542236},{""bbox"":[160.29913330078125,172.478271484375,169.8782196044922,182.64869689941406],""confidence"":0.6100585460662842},{""bbox"":[158.95252990722656,170.84510803222656,170.37051391601562,183.67385864257812],""confidence"":0.11719769984483719},{""bbox"":[158.83175659179688,172.82034301757812,171.11065673828125,185.8917999267578],""confidence"":0.02876049466431141},{""bbox"":[161.4786376953125,196.3594207763672,172.626953125,209.124267578125],""confidence"":0.01809769682586193},{""bbox"":[157.3275604248047,146.49575805664062,169.1710205078125,159.4877471923828],""confidence"":0.00964565109461546},{""bbox"":[159.63340759277344,198.0312957763672,172.24659729003906,210.65467834472656],""confidence"":0.004206110257655382},{""bbox"":[162.14222717285156,199.31259155273438,173.41836547851562,210.36566162109375],""confidence"":0.0011179337743669748},{""bbox"":[155.17613220214844,148.06674194335938,168.21910095214844,161.76498413085938],""confidence"":0.0010462850332260132}]",10,0.001
002_20200623_082258(6),1,352,332,"[[188.0,168.0,195.99999999999997,176.0],[195.99999999999997,188.00000000000003,202.0,198.0],[205.0,217.0,213.0,229.0]]","[{""bbox"":[204.71923828125,218.33506774902344,213.44566345214844,227.46478271484375],""confidence"":0.6180384159088135},{""bbox"":[188.23098754882812,167.05514526367188,196.75048828125,176.0441436767578],""confidence"":0.6104405522346497},{""bbox"":[195.0332489013672,188.59014892578125,204.34031677246094,198.18104553222656],""confidence"":0.6084745526313782},{""bbox"":[204.0540313720703,215.98179626464844,215.0513458251953,228.69651794433594],""confidence"":0.03258123621344566},{""bbox"":[187.15321350097656,166.66265869140625,197.55886840820312,177.48501586914062],""confidence"":0.022927112877368927},{""bbox"":[0.0,0.0,6.798685550689697,0.0],""confidence"":0.0037089791148900986},{""bbox"":[189.74046325683594,165.4577178955078,200.46664428710938,175.9282684326172],""confidence"":0.002268234733492136},{""bbox"":[186.90692138671875,163.19395446777344,199.7350311279297,176.704345703125],""confidence"":0.0021454887464642525},{""bbox"":[0.0,332.0,6.202112197875977,332.0],""confidence"":0.0017691405955702066},{""bbox"":[202.7047576904297,217.2581329345703,214.52630615234375,230.23240661621094],""confidence"":0.0017588548362255096},{""bbox"":[194.25570678710938,185.4948272705078,203.4964141845703,196.88580322265625],""confidence"":0.0017578413244336843},{""bbox"":[0.0,0.0,6.550491809844971,0.0],""confidence"":0.0016442474443465471},{""bbox"":[1.2147315740585327,332.0,8.378641128540039,332.0],""confidence"":0.0014698284212499857},{""bbox"":[1.3241767883300781,332.0,9.029863357543945,332.0],""confidence"":0.0013100223150104284},{""bbox"":[341.01214599609375,0.0,349.4786071777344,0.0],""confidence"":0.0011540453415364027},{""bbox"":[195.23886108398438,185.3798828125,205.80833435058594,198.28587341308594],""confidence"":0.0010092267766594887}]",16,0.001
002_20200623_082302(6),1,352,332,"[[190.0,172.0,199.99999999999997,180.00000000000003],[195.0,193.99999999999997,201.0,202.0],[202.00000000000003,226.0,209.0,233.00000000000003]]","[{""bbox"":[189.89308166503906,170.66317749023438,198.88180541992188,179.79904174804688],""confidence"":0.7208524942398071},{""bbox"":[201.56060791015625,225.56109619140625,209.64796447753906,234.01661682128906],""confidence"":0.6207762956619263},{""bbox"":[194.17941284179688,194.26927185058594,202.98411560058594,203.20730590820312],""confidence"":0.6126163601875305},{""bbox"":[190.66680908203125,170.0835418701172,200.3929901123047,180.54730224609375],""confidence"":0.0740460455417633},{""bbox"":[189.02191162109375,170.49571228027344,199.47010803222656,181.90464782714844],""confidence"":0.04518895968794823},{""bbox"":[195.1857452392578,193.90277099609375,204.89981079101562,203.28028869628906],""confidence"":0.027361104264855385},{""bbox"":[199.66078186035156,225.70059204101562,210.03555297851562,235.12008666992188],""confidence"":0.01894582062959671},{""bbox"":[0.0,0.0,6.798686504364014,0.0],""confidence"":0.003709582146257162},{""bbox"":[0.0,332.0,6.202112197875977,332.0],""confidence"":0.0017691415268927813},{""bbox"":[188.7789306640625,167.8729705810547,200.12388610839844,180.50497436523438],""confidence"":0.0017643915489315987},{""bbox"":[0.0,0.0,6.550508499145508,0.0],""confidence"":0.0016443601343780756},{""bbox"":[1.2147315740585327,332.0,8.378641128540039,332.0],""confidence"":0.0014698278391733766},{""bbox"":[1.3241767883300781,332.0,9.029863357543945,332.0],""confidence"":0.0013100223150104284},{""bbox"":[341.01214599609375,0.0,349.4786071777344,0.0],""confidence"":0.0011540832929313183}]",14,0.001
002_20200623_082302(7),1,316,332,"[[146.0,132.0,157.0,141.0],[151.0,153.0,160.0,162.0],[157.0,186.00000000000003,166.99999999999997,196.0]]","[{""bbox"":[157.29989624023438,185.67713928222656,167.3620147705078,196.0303497314453],""confidence"":0.6950272917747498},{""bbox"":[151.3539276123047,154.3101043701172,160.76905822753906,164.1189422607422],""confidence"":0.6305249929428101},{""bbox"":[146.71414184570312,130.90997314453125,156.84677124023438,141.4709930419922],""confidence"":0.6284573078155518},{""bbox"":[150.35340881347656,153.7198028564453,161.795166015625,165.51882934570312],""confidence"":0.27822375297546387},{""bbox"":[145.7831573486328,131.35971069335938,158.05104064941406,144.38766479492188],""confidence"":0.06757913529872894},{""bbox"":[154.86099243164062,183.37428283691406,166.6124725341797,196.2156524658203],""confidence"":0.0025840080343186855},{""bbox"":[155.49136352539062,185.2100830078125,168.33058166503906,198.9898223876953],""confidence"":0.0010571308666840196}]",7,0.001
002_20200623_082306(5),1,352,332,"[[195.99999999999997,161.0,205.0,171.0],[200.00000000000003,183.0,208.0,193.99999999999997],[204.0,216.99999999999997,212.0,225.0]]","[{""bbox"":[204.21995544433594,216.13624572753906,212.61473083496094,224.52723693847656],""confidence"":0.6514503955841064},{""bbox"":[199.2989044189453,184.45712280273438,207.81158447265625,192.8695068359375],""confidence"":0.6211197376251221},{""bbox"":[196.61936950683594,160.5126190185547,205.08584594726562,169.4232635498047],""confidence"":0.6084231734275818},{""bbox"":[196.13201904296875,158.9912567138672,205.97317504882812,169.95654296875],""confidence"":0.06144988164305687},{""bbox"":[200.24468994140625,184.1826934814453,209.2388458251953,193.41554260253906],""confidence"":0.05297081917524338},{""bbox"":[198.70703125,184.77291870117188,208.28294372558594,195.08961486816406],""confidence"":0.015917539596557617},{""bbox"":[0.0,0.0,6.798685073852539,0.0],""confidence"":0.0037095011211931705},{""bbox"":[0.0,332.0,6.202111721038818,332.0],""confidence"":0.0017691388493403792},{""bbox"":[198.47836303710938,181.0879364013672,207.23204040527344,191.73995971679688],""confidence"":0.0017016236670315266},{""bbox"":[0.0,0.0,6.550506114959717,0.0],""confidence"":0.0016443257918581367},{""bbox"":[1.2147339582443237,332.0,8.378642082214355,332.0],""confidence"":0.0014698271406814456},{""bbox"":[1.324177861213684,332.0,9.029864311218262,332.0],""confidence"":0.0013100160285830498},{""bbox"":[341.01214599609375,0.0,349.4786071777344,0.0],""confidence"":0.0011540766572579741}]",13,0.001
002_20200623_082307(2),1,316,332,"[[151.0,134.0,162.0,144.0],[152.0,157.0,164.0,169.0],[157.0,190.0,169.0,199.99999999999997]]","[{""bbox"":[157.9269561767578,190.453125,167.86907958984375,200.83946228027344],""confidence"":0.7220577597618103},{""bbox"":[153.86671447753906,158.445068359375,163.4253387451172,168.26693725585938],""confidence"":0.6696566343307495},{""bbox"":[152.0486297607422,135.00643920898438,161.5769805908203,145.0290985107422],""confidence"":0.636829674243927},{""bbox"":[150.4781036376953,133.38955688476562,162.11790466308594,146.2933349609375],""confidence"":0.12742727994918823},{""bbox"":[155.49826049804688,189.87327575683594,168.1441192626953,202.4639434814453],""confidence"":0.012260599061846733},{""bbox"":[151.26565551757812,157.505126953125,163.33888244628906,170.0877227783203],""confidence"":0.010829047299921513},{""bbox"":[150.243896484375,135.16746520996094,163.0808563232422,148.75234985351562],""confidence"":0.00586305046454072},{""bbox"":[157.07864379882812,188.21192932128906,168.52627563476562,200.49285888671875],""confidence"":0.0039079757407307625}]",8,0.001
002_20200623_082310(6),1,352,332,"[[203.0,179.0,212.0,190.0],[201.0,152.0,212.0,162.0],[205.0,130.0,211.99999999999997,139.0]]","[{""bbox"":[202.2947235107422,153.46189880371094,210.85523986816406,162.36717224121094],""confidence"":0.653370201587677},{""bbox"":[202.8277587890625,180.19468688964844,210.09169006347656,188.52894592285156],""confidence"":0.6454329490661621},{""bbox"":[203.58895874023438,130.9115447998047,212.41481018066406,139.618896484375],""confidence"":0.6383660435676575},{""bbox"":[201.73593139648438,153.44036865234375,211.85621643066406,164.25942993164062],""confidence"":0.023712005466222763},{""bbox"":[202.60118103027344,128.15576171875,212.82919311523438,140.60467529296875],""confidence"":0.01017583254724741},{""bbox"":[199.97740173339844,179.53854370117188,210.08489990234375,188.91311645507812],""confidence"":0.008099555037915707},{""bbox"":[202.6076202392578,130.3131866455078,213.32798767089844,142.4812469482422],""confidence"":0.007456713821738958},{""bbox"":[201.11131286621094,180.5115203857422,211.42173767089844,190.56089782714844],""confidence"":0.007249852642416954},{""bbox"":[0.0,0.0,6.798685073852539,0.0],""confidence"":0.0037094990257173777},{""bbox"":[202.01600646972656,150.3448028564453,211.8428192138672,162.71963500976562],""confidence"":0.002584372879937291},{""bbox"":[203.1533966064453,153.46749877929688,213.60562133789062,163.22576904296875],""confidence"":0.002153397537767887},{""bbox"":[0.0,332.0,6.202113151550293,332.0],""confidence"":0.0017691422253847122},{""bbox"":[0.0,0.0,6.550507545471191,0.0],""confidence"":0.0016443249769508839},{""bbox"":[1.2147308588027954,332.0,8.378641128540039,332.0],""confidence"":0.0014698271406814456},{""bbox"":[201.1829071044922,176.66590881347656,211.52911376953125,189.41700744628906],""confidence"":0.0014488333836197853},{""bbox"":[1.3241767883300781,332.0,9.029863357543945,332.0],""confidence"":0.0013100228970870376},{""bbox"":[341.01214599609375,0.0,349.4786071777344,0.0],""confidence"":0.001154028344899416}]",17,0.001
002_20200623_082311(8),1,316,332,"[[141.99999999999997,136.0,158.0,151.0],[145.0,160.99999999999997,156.0,174.0],[145.0,192.00000000000003,156.0,208.0]]","[{""bbox"":[144.4638671875,137.43255615234375,153.97801208496094,147.2996368408203],""confidence"":0.6751342415809631},{""bbox"":[146.86163330078125,193.90484619140625,156.26251220703125,203.7643280029297],""confidence"":0.6373099088668823},{""bbox"":[144.93017578125,161.42776489257812,154.31918334960938,171.28907775878906],""confidence"":0.6230156421661377},{""bbox"":[142.72540283203125,136.64633178710938,154.3941192626953,148.6483154296875],""confidence"":0.11780297011137009},{""bbox"":[145.58328247070312,192.0361785888672,156.8927459716797,204.79257202148438],""confidence"":0.06019672378897667},{""bbox"":[146.16360473632812,193.65985107421875,158.0339813232422,206.2869110107422],""confidence"":0.028904510661959648},{""bbox"":[142.1796112060547,158.49996948242188,152.8163299560547,170.5951385498047],""confidence"":0.003968873526901007},{""bbox"":[145.15771484375,137.25709533691406,156.64642333984375,148.38912963867188],""confidence"":0.0035898550413548946},{""bbox"":[146.03945922851562,161.51560974121094,156.57550048828125,171.51417541503906],""confidence"":0.003466978669166565},{""bbox"":[143.4256134033203,134.24081420898438,155.39111328125,146.98963928222656],""confidence"":0.0012947360519319773}]",10,0.001
002_20200623_082314(4),1,352,332,"[[202.0,151.0,210.0,157.0],[205.0,172.99999999999997,210.0,181.0],[205.0,198.00000000000003,213.0,207.0]]","[{""bbox"":[203.0603790283203,173.1138153076172,211.43948364257812,181.470703125],""confidence"":0.7025890350341797},{""bbox"":[201.82933044433594,150.2227783203125,210.22972106933594,159.1980743408203],""confidence"":0.6610037088394165},{""bbox"":[205.6997528076172,199.47080993652344,213.59375,207.5438995361328],""confidence"":0.5991817116737366},{""bbox"":[199.8662872314453,149.11367797851562,210.3553924560547,159.6258544921875],""confidence"":0.04398549348115921},{""bbox"":[203.78500366210938,172.75045776367188,213.57907104492188,181.95721435546875],""confidence"":0.026210378855466843},{""bbox"":[204.21234130859375,198.19332885742188,213.39671325683594,207.768310546875],""confidence"":0.02337587997317314},{""bbox"":[0.0,0.0,6.798685073852539,0.0],""confidence"":0.0037094990257173777},{""bbox"":[0.0,332.0,6.202112197875977,332.0],""confidence"":0.0017691415268927813},{""bbox"":[0.0,0.0,6.550507545471191,0.0],""confidence"":0.0016443257918581367},{""bbox"":[1.2147315740585327,332.0,8.378641128540039,332.0],""confidence"":0.0014698305167257786},{""bbox"":[1.3241767883300781,332.0,9.029863357543945,332.0],""confidence"":0.0013100223150104284},{""bbox"":[201.1708526611328,173.2603759765625,213.21804809570312,186.83058166503906],""confidence"":0.0013000972103327513},{""bbox"":[341.01214599609375,0.0,349.4786071777344,0.0],""confidence"":0.0011540569830685854}]",13,0.001
002_20200623_082318(5),1,352,332,"[[206.99999999999997,184.0,216.0,192.99999999999997],[212.0,207.0,218.00000000000003,214.0],[217.0,232.99999999999997,223.0,239.0]]","[{""bbox"":[206.1224365234375,184.4600067138672,214.5926971435547,193.7193145751953],""confidence"":0.6292250156402588},{""bbox"":[210.442138671875,206.75439453125,218.93881225585938,215.7692413330078],""confidence"":0.6159387230873108},{""bbox"":[216.316650390625,232.0093994140625,224.72811889648438,240.86801147460938],""confidence"":0.6013187766075134},{""bbox"":[208.42811584472656,206.62875366210938,219.41220092773438,216.6289520263672],""confidence"":0.02898920699954033},{""bbox"":[204.9910125732422,184.44094848632812,215.69461059570312,195.1041717529297],""confidence"":0.0256182961165905},{""bbox"":[217.03945922851562,231.49554443359375,226.8374786376953,241.3264923095703],""confidence"":0.01602531224489212},{""bbox"":[215.53585815429688,229.3632354736328,225.90025329589844,241.54856872558594],""confidence"":0.006435885559767485},{""bbox"":[215.3565673828125,232.59921264648438,225.26246643066406,243.46929931640625],""confidence"":0.006200196221470833},{""bbox"":[0.0,0.0,6.798684120178223,0.0],""confidence"":0.00370946922339499},{""bbox"":[0.0,332.0,6.20211124420166,332.0],""confidence"":0.001769126276485622},{""bbox"":[0.0,0.0,6.550507545471191,0.0],""confidence"":0.0016443115891888738},{""bbox"":[1.214737892150879,332.0,8.378643989562988,332.0],""confidence"":0.0014698152663186193},{""bbox"":[1.324182391166687,332.0,9.029866218566895,332.0],""confidence"":0.0013100123032927513},{""bbox"":[341.01214599609375,0.0,349.4786071777344,0.0],""confidence"":0.0011541233398020267},{""bbox"":[204.49862670898438,180.93328857421875,216.38250732421875,194.24832153320312],""confidence"":0.0010601893300190568},{""bbox"":[207.38165283203125,183.6072998046875,218.0242462158203,193.29212951660156],""confidence"":0.001023069373331964}]",16,0.001
002_20200624_083045(5),1,352,332,"[[203.0,136.0,212.0,146.0],[204.0,169.99999999999997,212.0,178.0],[202.0,112.00000000000001,210.0,120.0]]","[{""bbox"":[202.6231689453125,135.64234924316406,210.580810546875,144.77374267578125],""confidence"":0.6673160195350647},{""bbox"":[201.34486389160156,111.63758087158203,210.16709899902344,121.1391830444336],""confidence"":0.6336153149604797},{""bbox"":[204.1811065673828,168.78054809570312,212.650146484375,177.11346435546875],""confidence"":0.6074248552322388},{""bbox"":[200.6028289794922,110.40172576904297,211.02967834472656,121.89680480957031],""confidence"":0.12407732754945755},{""bbox"":[201.59275817871094,135.31460571289062,211.73822021484375,146.57933044433594],""confidence"":0.014006675221025944},{""bbox"":[0.0,0.0,6.798682689666748,0.0],""confidence"":0.003709416138008237},{""bbox"":[201.3073272705078,132.73104858398438,211.6235809326172,145.02162170410156],""confidence"":0.0019571203738451004},{""bbox"":[203.31362915039062,135.38340759277344,213.55999755859375,145.04782104492188],""confidence"":0.0018689158605411649},{""bbox"":[0.0,332.0,6.202112197875977,332.0],""confidence"":0.0017691388493403792},{""bbox"":[0.0,0.0,6.550505638122559,0.0],""confidence"":0.0016442866763100028},{""bbox"":[1.2147315740585327,332.0,8.378640174865723,332.0],""confidence"":0.0014698257436975837},{""bbox"":[198.76881408691406,111.24171447753906,211.7999267578125,124.96919250488281],""confidence"":0.0013102511875331402},{""bbox"":[1.32417631149292,332.0,9.029864311218262,332.0],""confidence"":0.0013100204523652792},{""bbox"":[341.0130310058594,0.0,349.47760009765625,0.0],""confidence"":0.0011527257738634944}]",14,0.001
002_20200624_083049(6),1,352,332,"[[192.0,113.0,199.99999999999997,122.0],[195.0,137.0,206.0,147.0],[200.00000000000003,169.0,210.0,177.00000000000003]]","[{""bbox"":[192.67425537109375,113.15502166748047,201.22007751464844,122.71822357177734],""confidence"":0.6604188084602356},{""bbox"":[195.7813720703125,136.68597412109375,204.4630126953125,145.5419464111328],""confidence"":0.6174545288085938},{""bbox"":[200.5115203857422,169.04843139648438,209.044921875,177.58807373046875],""confidence"":0.590254545211792},{""bbox"":[190.68270874023438,112.30670166015625,202.27554321289062,124.77294158935547],""confidence"":0.009029285982251167},{""bbox"":[191.94503784179688,110.62281799316406,202.83204650878906,123.51921081542969],""confidence"":0.008661122992634773},{""bbox"":[0.0,0.0,6.798685073852539,0.0],""confidence"":0.0037095011211931705},{""bbox"":[0.0,332.0,6.202113151550293,332.0],""confidence"":0.0017691397806629539},{""bbox"":[0.0,0.0,6.550507545471191,0.0],""confidence"":0.0016443257918581367},{""bbox"":[1.2147319316864014,332.0,8.378640174865723,332.0],""confidence"":0.0014698263257741928},{""bbox"":[1.32417631149292,332.0,9.029862403869629,332.0],""confidence"":0.0013100210344418883},{""bbox"":[190.2107391357422,110.29918670654297,200.75318908691406,122.8354263305664],""confidence"":0.0011824093526229262},{""bbox"":[341.0137634277344,0.0,349.4771423339844,0.0],""confidence"":0.0011510617332533002}]",12,0.001
002_20200624_083053(3),1,352,332,"[[189.00000000000003,138.0,197.0,147.0],[193.0,162.0,199.99999999999997,171.0],[196.99999999999997,195.0,206.0,203.00000000000003]]","[{""bbox"":[190.05215454101562,138.28857421875,198.96636962890625,147.26011657714844],""confidence"":0.7110340595245361},{""bbox"":[197.4201202392578,194.75392150878906,205.44178771972656,203.32174682617188],""confidence"":0.647224485874176},{""bbox"":[192.96026611328125,162.35238647460938,200.61871337890625,170.59158325195312],""confidence"":0.5997081398963928},{""bbox"":[195.38697814941406,194.2722625732422,205.89865112304688,203.98770141601562],""confidence"":0.06248857453465462},{""bbox"":[190.4802703857422,136.7872314453125,200.70448303222656,147.9356689453125],""confidence"":0.017548909410834312},{""bbox"":[191.72488403320312,162.1046142578125,202.020263671875,173.04922485351562],""confidence"":0.004426637664437294},{""bbox"":[0.0,0.0,6.798685073852539,0.0],""confidence"":0.0037094976287335157},{""bbox"":[191.91419982910156,159.1656494140625,201.46646118164062,170.76553344726562],""confidence"":0.0030819964595139027},{""bbox"":[188.59176635742188,137.75511169433594,200.66436767578125,151.4718780517578],""confidence"":0.0018482605228200555},{""bbox"":[0.0,332.0,6.202112197875977,332.0],""confidence"":0.0017691415268927813},{""bbox"":[0.0,0.0,6.550507545471191,0.0],""confidence"":0.0016443249769508839},{""bbox"":[1.2147308588027954,332.0,8.378641128540039,332.0],""confidence"":0.0014698284212499857},{""bbox"":[1.3241760730743408,332.0,9.029862403869629,332.0],""confidence"":0.0013100223150104284},{""bbox"":[190.2078857421875,158.7482147216797,198.88743591308594,169.35867309570312],""confidence"":0.0011586082400754094},{""bbox"":[341.01214599609375,0.0,349.4786071777344,0.0],""confidence"":0.0011539766564965248}]",15,0.001
002_20200624_083057(4),1,352,332,"[[206.0,113.0,214.0,121.0],[209.0,135.0,215.99999999999997,143.0],[211.00000000000003,159.0,221.0,170.0]]","[{""bbox"":[204.98812866210938,112.19677734375,213.8059539794922,121.51029205322266],""confidence"":0.6184551119804382},{""bbox"":[208.3518524169922,134.67933654785156,216.9482879638672,143.65309143066406],""confidence"":0.6148410439491272},{""bbox"":[212.84588623046875,160.59002685546875,221.2972412109375,169.03758239746094],""confidence"":0.5809978246688843},{""bbox"":[204.45054626464844,110.48370361328125,214.84576416015625,122.69367980957031],""confidence"":0.0729544386267662},{""bbox"":[212.90647888183594,158.82461547851562,222.8502655029297,169.8846435546875],""confidence"":0.0248173326253891},{""bbox"":[207.31053161621094,134.45237731933594,218.366455078125,146.8512725830078],""confidence"":0.009065795689821243},{""bbox"":[208.47396850585938,132.61703491210938,218.37823486328125,144.21780395507812],""confidence"":0.0066018132492899895},{""bbox"":[0.0,0.0,6.798685073852539,0.0],""confidence"":0.0037095011211931705},{""bbox"":[0.0,332.0,6.202112197875977,332.0],""confidence"":0.0017691397806629539},{""bbox"":[0.0,0.0,6.550507545471191,0.0],""confidence"":0.0016443273052573204},{""bbox"":[1.2147326469421387,332.0,8.378641128540039,332.0],""confidence"":0.0014698257436975837},{""bbox"":[1.324177861213684,332.0,9.029864311218262,332.0],""confidence"":0.0013100210344418883},{""bbox"":[341.01373291015625,0.0,349.4771728515625,0.0],""confidence"":0.0011511911870911717}]",13,0.001
002_20200624_083101(4),1,352,332,"[[205.0,143.99999999999997,214.00000000000003,154.0],[206.0,167.0,217.0,175.99999999999997],[210.0,194.00000000000003,217.99999999999997,202.99999999999997]]","[{""bbox"":[207.09274291992188,167.1693572998047,216.28097534179688,176.59408569335938],""confidence"":0.6755957007408142},{""bbox"":[205.18235778808594,144.4157257080078,213.71939086914062,153.54798889160156],""confidence"":0.6529114842414856},{""bbox"":[210.38783264160156,193.33421325683594,218.55967712402344,202.3597412109375],""confidence"":0.6229172945022583},{""bbox"":[209.38111877441406,193.59335327148438,219.4563446044922,203.83865356445312],""confidence"":0.019566155970096588},{""bbox"":[208.03558349609375,166.69032287597656,218.06597900390625,177.1525421142578],""confidence"":0.017415130510926247},{""bbox"":[204.1456298828125,143.86065673828125,215.24559020996094,155.5876007080078],""confidence"":0.009193316102027893},{""bbox"":[0.0,0.0,6.798685073852539,0.0],""confidence"":0.0037094990257173777},{""bbox"":[203.2263641357422,141.38522338867188,213.28921508789062,153.8304443359375],""confidence"":0.0026136976666748524},{""bbox"":[0.0,332.0,6.202113151550293,332.0],""confidence"":0.001769146416336298},{""bbox"":[0.0,0.0,6.550507545471191,0.0],""confidence"":0.0016443249769508839},{""bbox"":[1.2147295475006104,332.0,8.378641128540039,332.0],""confidence"":0.0014698278391733766},{""bbox"":[1.3241750001907349,332.0,9.029861450195312,332.0],""confidence"":0.0013100248761475086},{""bbox"":[209.44627380371094,189.92385864257812,219.69398498535156,202.43568420410156],""confidence"":0.0012162569910287857},{""bbox"":[341.01214599609375,0.0,349.4786071777344,0.0],""confidence"":0.0011540524428710341}]",14,0.001
002_20200624_083105(5),1,352,332,"[[210.0,132.0,219.0,141.0],[213.0,154.0,222.00000000000003,164.0],[217.00000000000003,180.0,224.0,188.00000000000003]]","[{""bbox"":[209.79049682617188,130.90127563476562,218.49952697753906,140.4635772705078],""confidence"":0.6670913100242615},{""bbox"":[212.4605712890625,153.48870849609375,221.5242919921875,162.8168182373047],""confidence"":0.660607635974884},{""bbox"":[217.52537536621094,179.62489318847656,225.7227325439453,188.0935516357422],""confidence"":0.6205389499664307},{""bbox"":[208.27943420410156,129.91412353515625,219.57847595214844,142.28445434570312],""confidence"":0.01017179898917675},{""bbox"":[212.00831604003906,153.5305938720703,222.93527221679688,164.51980590820312],""confidence"":0.007753453217446804},{""bbox"":[216.34136962890625,176.5771942138672,225.89892578125,188.6439666748047],""confidence"":0.004581534303724766},{""bbox"":[216.3734130859375,179.06948852539062,227.00730895996094,190.74717712402344],""confidence"":0.004548015538603067},{""bbox"":[0.0,0.0,6.798685073852539,0.0],""confidence"":0.0037095011211931705},{""bbox"":[207.7483673095703,128.13644409179688,217.98902893066406,140.68382263183594],""confidence"":0.0031919623725116253},{""bbox"":[211.752685546875,150.2509307861328,221.603271484375,162.767822265625],""confidence"":0.0022003152407705784},{""bbox"":[0.0,332.0,6.202112674713135,332.0],""confidence"":0.0017691397806629539},{""bbox"":[0.0,0.0,6.550507545471191,0.0],""confidence"":0.0016443257918581367},{""bbox"":[1.2147328853607178,332.0,8.378641128540039,332.0],""confidence"":0.0014698263257741928},{""bbox"":[1.324177861213684,332.0,9.029864311218262,332.0],""confidence"":0.0013100210344418883},{""bbox"":[341.01226806640625,0.0,349.478515625,0.0],""confidence"":0.001153802964836359}]",15,0.001
002_20200624_123144(0),1,316,332,"[[161.00000000000003,132.0,173.0,144.0],[165.0,154.0,178.0,165.0],[168.00000000000003,180.00000000000003,180.0,190.0]]","[{""bbox"":[162.26638793945312,132.1686248779297,172.07432556152344,142.34201049804688],""confidence"":0.7116551995277405},{""bbox"":[164.67051696777344,153.6486358642578,174.54119873046875,164.04351806640625],""confidence"":0.6715332269668579},{""bbox"":[168.46739196777344,179.8060302734375,177.88563537597656,189.6496124267578],""confidence"":0.6368665099143982},{""bbox"":[167.1580047607422,178.73910522460938,178.23135375976562,191.07997131347656],""confidence"":0.33240097761154175},{""bbox"":[163.1772918701172,152.88966369628906,175.5525360107422,165.85411071777344],""confidence"":0.1597408950328827},{""bbox"":[161.3970489501953,129.82833862304688,172.87173461914062,142.70346069335938],""confidence"":0.03454051911830902},{""bbox"":[161.99105834960938,132.84681701660156,173.49107360839844,144.1454315185547],""confidence"":0.004522981587797403},{""bbox"":[159.55918884277344,131.4320831298828,172.1772003173828,144.26895141601562],""confidence"":0.004191428888589144},{""bbox"":[163.0393829345703,156.169189453125,175.19277954101562,169.51304626464844],""confidence"":0.00229359557852149},{""bbox"":[162.7609405517578,150.5934295654297,174.21636962890625,163.3228759765625],""confidence"":0.002254342660307884}]",10,0.001
002_20200624_123148(2),1,316,332,"[[156.0,138.0,166.99999999999997,148.00000000000003],[157.99999999999997,160.0,166.99999999999997,172.0],[162.00000000000003,184.0,173.0,196.0]]","[{""bbox"":[162.45281982421875,185.81021118164062,172.02734375,195.62548828125],""confidence"":0.708763837814331},{""bbox"":[158.38436889648438,160.29750061035156,168.07603454589844,170.1191864013672],""confidence"":0.6987646222114563},{""bbox"":[156.07510375976562,138.4130096435547,165.89169311523438,148.7730712890625],""confidence"":0.6897392272949219},{""bbox"":[161.73773193359375,183.91891479492188,172.61387634277344,196.4778289794922],""confidence"":0.05095931142568588},{""bbox"":[157.56822204589844,160.3297882080078,169.51271057128906,173.0884246826172],""confidence"":0.032399389892816544},{""bbox"":[159.77133178710938,185.3511199951172,172.23095703125,197.64283752441406],""confidence"":0.0032946011051535606},{""bbox"":[154.4738311767578,139.1633758544922,167.31460571289062,152.78652954101562],""confidence"":0.002311375690624118},{""bbox"":[155.53514099121094,160.1305389404297,168.0399932861328,172.2080078125],""confidence"":0.001073189196176827}]",8,0.001
002_20200624_123152(7),1,316,332,"[[157.0,111.99999999999999,166.99999999999997,122.0],[157.0,136.0,169.0,144.0],[157.0,161.0,170.0,171.0]]","[{""bbox"":[158.4674835205078,159.84620666503906,167.98336791992188,169.42591857910156],""confidence"":0.7028359174728394},{""bbox"":[157.38307189941406,133.61253356933594,166.94891357421875,143.40460205078125],""confidence"":0.6764611005783081},{""bbox"":[157.02523803710938,111.13423156738281,166.5402374267578,121.15424346923828],""confidence"":0.653071403503418},{""bbox"":[157.64541625976562,158.5361785888672,168.53746032714844,170.6645965576172],""confidence"":0.41818496584892273},{""bbox"":[156.30221557617188,108.978515625,167.65975952148438,121.83259582519531],""confidence"":0.06417113542556763},{""bbox"":[155.46200561523438,133.30911254882812,167.32025146484375,144.72274780273438],""confidence"":0.044059526175260544},{""bbox"":[157.6036834716797,133.58029174804688,169.1981201171875,144.9351043701172],""confidence"":0.005658888723701239},{""bbox"":[155.22166442871094,157.44215393066406,167.61663818359375,170.9152069091797],""confidence"":0.0023114834912121296},{""bbox"":[157.5780487060547,111.0276107788086,169.11642456054688,121.98470306396484],""confidence"":0.0021723539102822542},{""bbox"":[155.16708374023438,111.21442413330078,167.12109375,123.98763275146484],""confidence"":0.0014368259580805898},{""bbox"":[155.74493408203125,135.7484893798828,167.8520050048828,148.2010955810547],""confidence"":0.0012100678868591785}]",11,0.001
002_20200624_123157(4),1,316,332,"[[155.00000000000003,93.0,167.0,103.00000000000001],[152.0,116.0,163.0,127.0],[146.0,148.0,160.0,159.0]]","[{""bbox"":[152.3782501220703,116.08882141113281,161.91197204589844,126.08992767333984],""confidence"":0.628840446472168},{""bbox"":[148.31655883789062,148.5509490966797,158.04623413085938,159.1012420654297],""confidence"":0.621135413646698},{""bbox"":[156.1822967529297,92.81285858154297,166.2308349609375,103.50337219238281],""confidence"":0.6005676984786987},{""bbox"":[154.578125,91.40333557128906,166.80197143554688,104.6144790649414],""confidence"":0.16630339622497559},{""bbox"":[258.57086181640625,214.8890838623047,267.0487976074219,222.72702026367188],""confidence"":0.04374849423766136},{""bbox"":[151.05142211914062,115.8082046508789,162.855712890625,127.95259857177734],""confidence"":0.021076232194900513},{""bbox"":[154.74972534179688,94.15762329101562,167.0282745361328,107.3039321899414],""confidence"":0.016327394172549248},{""bbox"":[258.62506103515625,216.3732452392578,266.63629150390625,223.99465942382812],""confidence"":0.012656407430768013},{""bbox"":[146.91763305664062,148.18064880371094,159.3748016357422,161.24862670898438],""confidence"":0.010035067796707153},{""bbox"":[151.27210998535156,113.28533935546875,163.21580505371094,126.22142028808594],""confidence"":0.009020347148180008},{""bbox"":[146.2264862060547,145.96495056152344,158.67344665527344,159.30911254882812],""confidence"":0.006353622768074274},{""bbox"":[260.49957275390625,214.04437255859375,269.6766052246094,223.6598663330078],""confidence"":0.002519765170291066},{""bbox"":[259.06671142578125,211.9680938720703,269.1226806640625,221.6623077392578],""confidence"":0.0015058639692142606},{""bbox"":[261.4037170410156,211.4657440185547,270.2041015625,220.1751708984375],""confidence"":0.0010514926398172975}]",14,0.001
002_20200624_123201(7),1,316,332,"[[154.0,129.0,165.0,136.0],[157.0,150.0,166.99999999999997,162.0],[160.0,182.00000000000003,172.0,194.00000000000003]]","[{""bbox"":[157.34706115722656,151.90113830566406,166.96607971191406,162.04257202148438],""confidence"":0.6683359742164612},{""bbox"":[160.87338256835938,184.2667694091797,170.3695526123047,194.27423095703125],""confidence"":0.6626966595649719},{""bbox"":[155.05874633789062,127.89414978027344,164.912841796875,138.2362518310547],""confidence"":0.631467342376709},{""bbox"":[159.3684844970703,183.51708984375,171.35321044921875,195.1102294921875],""confidence"":0.22609789669513702},{""bbox"":[154.31246948242188,127.59888458251953,166.4101104736328,140.3843231201172],""confidence"":0.12029977142810822},{""bbox"":[155.45982360839844,151.4773406982422,167.614990234375,163.1311798095703],""confidence"":0.08155938982963562},{""bbox"":[153.83628845214844,125.5779037475586,165.78900146484375,138.634521484375],""confidence"":0.01687161810696125},{""bbox"":[158.39219665527344,150.37826538085938,169.3516082763672,162.15943908691406],""confidence"":0.0012172827264294028}]",8,0.001
002_20200624_123206(2),1,316,332,"[[153.0,118.0,164.0,127.0],[156.0,143.0,166.99999999999997,155.0],[159.0,174.00000000000003,167.99999999999997,184.0]]","[{""bbox"":[154.1214141845703,118.78169250488281,163.86968994140625,128.60821533203125],""confidence"":0.6599592566490173},{""bbox"":[159.50660705566406,174.513671875,169.40420532226562,185.03407287597656],""confidence"":0.6579837203025818},{""bbox"":[156.0452423095703,142.4700469970703,165.86720275878906,152.85926818847656],""confidence"":0.6067428588867188},{""bbox"":[152.8129425048828,118.7320556640625,165.4393310546875,131.7559051513672],""confidence"":0.016032051295042038},{""bbox"":[157.89532470703125,171.48158264160156,169.6888427734375,184.31912231445312],""confidence"":0.003238809760659933},{""bbox"":[154.7676544189453,143.5401611328125,167.26515197753906,157.03317260742188],""confidence"":0.0019880447071045637},{""bbox"":[151.04345703125,118.04744720458984,163.80247497558594,130.80032348632812],""confidence"":0.001743682543747127}]",7,0.001
002_20200624_162522(0),1,352,332,"[[200.00000000000003,169.0,208.0,177.99999999999997],[203.99999999999997,193.0,210.0,201.00000000000003],[207.99999999999997,224.00000000000003,217.0,232.99999999999997]]","[{""bbox"":[202.5240936279297,192.558837890625,211.4112091064453,201.71278381347656],""confidence"":0.7059617042541504},{""bbox"":[207.84303283691406,224.40577697753906,216.509765625,233.18124389648438],""confidence"":0.6845808029174805},{""bbox"":[200.05984497070312,169.23239135742188,208.67132568359375,177.91053771972656],""confidence"":0.6127451658248901},{""bbox"":[208.64736938476562,223.86575317382812,218.01577758789062,233.77198791503906],""confidence"":0.10555677860975266},{""bbox"":[202.1903533935547,189.8821258544922,212.4840087890625,202.78306579589844],""confidence"":0.013417367823421955},{""bbox"":[203.49365234375,191.9657440185547,213.5588836669922,202.5286102294922],""confidence"":0.012549776583909988},{""bbox"":[201.1459197998047,192.4982147216797,212.26341247558594,203.7832794189453],""confidence"":0.011802338063716888},{""bbox"":[0.0,0.0,6.798685073852539,0.0],""confidence"":0.0037094990257173777},{""bbox"":[0.0,332.0,6.203100204467773,332.0],""confidence"":0.0017507349839434028},{""bbox"":[0.0,0.0,6.550507545471191,0.0],""confidence"":0.0016443249769508839},{""bbox"":[1.2186435461044312,332.0,8.381796836853027,332.0],""confidence"":0.0014578418340533972},{""bbox"":[198.4169921875,168.62008666992188,210.2200927734375,182.49163818359375],""confidence"":0.0014521594857797027},{""bbox"":[1.3282861709594727,332.0,9.031289100646973,332.0],""confidence"":0.0013088929699733853},{""bbox"":[341.01214599609375,0.0,349.4786071777344,0.0],""confidence"":0.0011541249696165323}]",14,0.001
002_20200624_162527(8),1,352,332,"[[192.0,144.0,199.99999999999997,155.0],[196.00000000000003,169.0,206.0,176.0],[205.0,199.0,211.99999999999997,207.99999999999997]]","[{""bbox"":[190.65338134765625,145.11404418945312,199.83238220214844,154.54904174804688],""confidence"":0.633057177066803},{""bbox"":[196.3992462158203,168.50953674316406,204.86154174804688,177.08448791503906],""confidence"":0.588128387928009},{""bbox"":[204.44349670410156,199.48329162597656,213.15106201171875,208.12840270996094],""confidence"":0.5817820429801941},{""bbox"":[0.0,0.0,6.798685073852539,0.0],""confidence"":0.0037095011211931705},{""bbox"":[0.0,332.0,6.202113151550293,332.0],""confidence"":0.001769143040291965},{""bbox"":[0.0,0.0,6.550506114959717,0.0],""confidence"":0.0016443257918581367},{""bbox"":[1.2147297859191895,332.0,8.378640174865723,332.0],""confidence"":0.0014698271406814456},{""bbox"":[1.32417631149292,332.0,9.029862403869629,332.0],""confidence"":0.0013100235955789685},{""bbox"":[341.0122985839844,0.0,349.4784851074219,0.0],""confidence"":0.001153832650743425}]",9,0.001
002_20200624_162531(7),1,352,332,"[[193.0,154.0,203.0,164.0],[198.0,180.0,207.99999999999997,188.00000000000003],[205.0,211.99999999999997,211.99999999999997,219.0]]","[{""bbox"":[193.9866943359375,155.56124877929688,202.80186462402344,164.3382110595703],""confidence"":0.6929792761802673},{""bbox"":[198.22930908203125,178.55105590820312,206.7257843017578,187.45391845703125],""confidence"":0.6590795516967773},{""bbox"":[204.4294891357422,210.3892364501953,212.6885223388672,219.00709533691406],""confidence"":0.6324615478515625},{""bbox"":[197.822509765625,176.60122680664062,207.99281311035156,188.30860900878906],""confidence"":0.05634348839521408},{""bbox"":[194.7060089111328,154.8476104736328,204.79412841796875,164.4060821533203],""confidence"":0.03256089240312576},{""bbox"":[199.2885284423828,177.81088256835938,209.18516540527344,187.55532836914062],""confidence"":0.024451397359371185},{""bbox"":[195.35269165039062,178.8994903564453,207.04522705078125,188.92013549804688],""confidence"":0.005096308887004852},{""bbox"":[203.1055908203125,209.40538024902344,214.2248992919922,221.57591247558594],""confidence"":0.004295733757317066},{""bbox"":[203.1763916015625,207.5193634033203,212.587890625,219.13555908203125],""confidence"":0.0042816936038434505},{""bbox"":[0.0,0.0,6.798684597015381,0.0],""confidence"":0.0037095011211931705},{""bbox"":[196.34275817871094,178.14846801757812,207.79331970214844,190.7039031982422],""confidence"":0.0033988449722528458},{""bbox"":[0.0,332.0,6.202112197875977,332.0],""confidence"":0.0017691415268927813},{""bbox"":[0.0,0.0,6.550507545471191,0.0],""confidence"":0.0016443257918581367},{""bbox"":[1.2147313356399536,332.0,8.378640174865723,332.0],""confidence"":0.0014698278391733766},{""bbox"":[1.32417631149292,332.0,9.029862403869629,332.0],""confidence"":0.0013100217329338193},{""bbox"":[341.01214599609375,0.0,349.4786071777344,0.0],""confidence"":0.0011540590785443783}]",16,0.001
002_20200624_162536(8),1,352,332,"[[208.0,144.0,216.0,153.0],[211.00000000000003,165.99999999999997,219.0,174.99999999999997],[216.0,193.0,222.00000000000003,201.00000000000003]]","[{""bbox"":[207.9580841064453,144.8827667236328,216.81729125976562,153.869384765625],""confidence"":0.7127096056938171},{""bbox"":[214.09327697753906,192.83761596679688,222.47117614746094,201.75953674316406],""confidence"":0.6426882743835449},{""bbox"":[210.01329040527344,167.1996612548828,218.8279266357422,176.49884033203125],""confidence"":0.6071587800979614},{""bbox"":[206.62701416015625,144.64389038085938,217.48220825195312,155.43576049804688],""confidence"":0.037990592420101166},{""bbox"":[208.54824829101562,166.4757843017578,219.47039794921875,177.38003540039062],""confidence"":0.03542514890432358},{""bbox"":[212.67373657226562,192.02224731445312,223.3302459716797,203.79107666015625],""confidence"":0.0067462255246937275},{""bbox"":[212.20870971679688,189.72015380859375,221.8017578125,201.89529418945312],""confidence"":0.004102034494280815},{""bbox"":[0.0,0.0,6.798685073852539,0.0],""confidence"":0.0037094990257173777},{""bbox"":[213.35768127441406,189.90443420410156,223.7947235107422,202.6468505859375],""confidence"":0.00368909677490592},{""bbox"":[206.3430938720703,141.3566436767578,217.3568572998047,154.57666015625],""confidence"":0.0021964472252875566},{""bbox"":[0.0,332.0,6.202112197875977,332.0],""confidence"":0.0017691405955702066},{""bbox"":[0.0,0.0,6.550507545471191,0.0],""confidence"":0.001644324278458953},{""bbox"":[1.2147313356399536,332.0,8.378640174865723,332.0],""confidence"":0.0014698278391733766},{""bbox"":[1.32417631149292,332.0,9.029864311218262,332.0],""confidence"":0.0013100217329338193},{""bbox"":[341.01214599609375,0.0,349.4786071777344,0.0],""confidence"":0.001154010184109211}]",15,0.001
002_20200624_162540(3),1,352,332,"[[199.99999999999997,168.0,212.0,178.99999999999997],[203.0,190.0,214.0,198.99999999999997],[207.00000000000003,217.0,217.0,225.99999999999997]]","[{""bbox"":[202.6484375,167.86819458007812,210.4219512939453,176.3656768798828],""confidence"":0.6385795474052429},{""bbox"":[207.82688903808594,216.05087280273438,216.1980743408203,224.52085876464844],""confidence"":0.6360911130905151},{""bbox"":[204.0733184814453,189.51686096191406,213.0288848876953,198.65451049804688],""confidence"":0.6098840832710266},{""bbox"":[201.3521728515625,168.12435913085938,211.18650817871094,177.4729766845703],""confidence"":0.07902605086565018},{""bbox"":[208.7050018310547,215.4488983154297,218.02505493164062,224.98707580566406],""confidence"":0.037985801696777344},{""bbox"":[0.0,0.0,6.798685073852539,0.0],""confidence"":0.0037095011211931705},{""bbox"":[199.9391326904297,166.85946655273438,210.19973754882812,176.67442321777344],""confidence"":0.002639057347550988},{""bbox"":[203.71595764160156,167.47227478027344,213.58226013183594,176.3824462890625],""confidence"":0.00233012018725276},{""bbox"":[0.0,332.0,6.202112197875977,332.0],""confidence"":0.001769143040291965},{""bbox"":[0.0,0.0,6.550507545471191,0.0],""confidence"":0.0016443257918581367},{""bbox"":[1.2147315740585327,332.0,8.378642082214355,332.0],""confidence"":0.0014698291197419167},{""bbox"":[1.32417631149292,332.0,9.029862403869629,332.0],""confidence"":0.0013100223150104284},{""bbox"":[341.01214599609375,0.0,349.4786071777344,0.0],""confidence"":0.0011541239218786359}]",13,0.001
002_20200624_162543(7),1,352,332,"[[204.0,180.00000000000003,215.0,190.0],[208.0,199.0,219.0,211.0],[214.99999999999997,226.0,224.0,236.0]]","[{""bbox"":[205.0015411376953,179.4945068359375,213.6553497314453,188.57843017578125],""confidence"":0.6510225534439087},{""bbox"":[216.3411865234375,226.8257293701172,223.77880859375,234.78501892089844],""confidence"":0.5937449932098389},{""bbox"":[208.3871612548828,201.32098388671875,217.72970581054688,211.07469177246094],""confidence"":0.5860551595687866},{""bbox"":[207.69720458984375,201.705078125,218.43348693847656,213.0601806640625],""confidence"":0.09677987545728683},{""bbox"":[215.38812255859375,224.8971710205078,224.8807830810547,235.27723693847656],""confidence"":0.06597286462783813},{""bbox"":[208.80787658691406,198.60958862304688,219.11056518554688,211.17861938476562],""confidence"":0.006231962237507105},{""bbox"":[203.3441619873047,178.4776153564453,214.6113739013672,190.62132263183594],""confidence"":0.004365351051092148},{""bbox"":[0.0,0.0,6.798684597015381,0.0],""confidence"":0.0037094990257173777},{""bbox"":[202.94859313964844,176.44906616210938,213.6535186767578,189.46107482910156],""confidence"":0.003580559277907014},{""bbox"":[213.13841247558594,227.14295959472656,223.7040557861328,236.4375],""confidence"":0.0024727405980229378},{""bbox"":[217.0174560546875,225.92355346679688,226.83103942871094,235.00352478027344],""confidence"":0.0018973354017361999},{""bbox"":[0.0,332.0,6.202112197875977,332.0],""confidence"":0.0017691415268927813},{""bbox"":[0.0,0.0,6.550507545471191,0.0],""confidence"":0.0016443249769508839},{""bbox"":[1.2147313356399536,332.0,8.378640174865723,332.0],""confidence"":0.0014698278391733766},{""bbox"":[1.32417631149292,332.0,9.029862403869629,332.0],""confidence"":0.0013100217329338193},{""bbox"":[341.01214599609375,0.0,349.4786071777344,0.0],""confidence"":0.0011540882987901568}]",16,0.001
002_20200624_162708(9),1,316,332,"[[162.00000000000003,148.0,172.0,159.0],[164.0,171.00000000000003,173.99999999999997,180.0],[167.0,197.00000000000003,178.0,208.0]]","[{""bbox"":[162.09979248046875,148.7525177001953,172.11099243164062,159.2169952392578],""confidence"":0.7175924181938171},{""bbox"":[168.00242614746094,196.6072998046875,177.64947509765625,206.70111083984375],""confidence"":0.6382229328155518},{""bbox"":[164.1730194091797,170.4947967529297,174.1319122314453,180.79637145996094],""confidence"":0.5927045941352844},{""bbox"":[162.9033203125,169.8618621826172,174.97434997558594,182.2200164794922],""confidence"":0.26824596524238586},{""bbox"":[161.0834503173828,146.38116455078125,172.77293395996094,159.36795043945312],""confidence"":0.03804781287908554},{""bbox"":[163.0166473388672,173.8018035888672,174.5592803955078,186.17556762695312],""confidence"":0.009653618559241295},{""bbox"":[159.56027221679688,147.9420928955078,172.0987091064453,160.6102752685547],""confidence"":0.008845510892570019},{""bbox"":[166.89463806152344,197.38076782226562,179.4991912841797,210.7382049560547],""confidence"":0.0015358516247943044},{""bbox"":[158.3116912841797,145.2166748046875,170.8109588623047,158.83978271484375],""confidence"":0.0014266743091866374},{""bbox"":[162.6412811279297,167.16639709472656,173.7333984375,179.48670959472656],""confidence"":0.0014145587338134646}]",10,0.001
002_20200624_162713(4),1,316,332,"[[164.0,138.0,177.0,148.00000000000003],[165.0,161.0,177.0,169.99999999999997],[167.0,186.00000000000003,177.0,196.0]]","[{""bbox"":[164.7611083984375,138.01565551757812,174.37115478515625,148.1346893310547],""confidence"":0.6621460914611816},{""bbox"":[168.4779815673828,186.49794006347656,177.614013671875,196.2101287841797],""confidence"":0.6509385108947754},{""bbox"":[165.96951293945312,160.6842498779297,175.19764709472656,170.60195922851562],""confidence"":0.6391872763633728},{""bbox"":[163.2648162841797,137.1405487060547,175.2524871826172,149.37860107421875],""confidence"":0.16343748569488525},{""bbox"":[167.2816162109375,185.82322692871094,179.09597778320312,198.21902465820312],""confidence"":0.04856139048933983},{""bbox"":[163.882080078125,160.4186553955078,175.8208770751953,171.92677307128906],""confidence"":0.04320521652698517},{""bbox"":[166.6182403564453,183.8468475341797,177.8395538330078,196.7539825439453],""confidence"":0.010759659111499786},{""bbox"":[166.3623046875,160.36276245117188,177.3560791015625,171.43673706054688],""confidence"":0.00924762338399887},{""bbox"":[163.56063842773438,158.49551391601562,174.67811584472656,170.62924194335938],""confidence"":0.0035146817099303007}]",9,0.001
002_20200624_162717(9),1,316,332,"[[159.0,121.0,169.0,131.0],[161.00000000000003,144.0,170.0,155.0],[164.0,170.0,171.99999999999997,180.0]]","[{""bbox"":[159.77206420898438,121.35332489013672,169.91542053222656,132.00393676757812],""confidence"":0.6920033097267151},{""bbox"":[163.48558044433594,169.75070190429688,172.77549743652344,179.5284881591797],""confidence"":0.6582551002502441},{""bbox"":[160.9292755126953,143.95724487304688,170.28956604003906,154.19869995117188],""confidence"":0.6529760956764221},{""bbox"":[159.2373809814453,143.28765869140625,171.09011840820312,154.96212768554688],""confidence"":0.21051648259162903},{""bbox"":[162.8162384033203,169.4097137451172,174.19004821777344,181.47743225097656],""confidence"":0.07929731905460358},{""bbox"":[162.44467163085938,167.33489990234375,173.31524658203125,180.03553771972656],""confidence"":0.00990124698728323},{""bbox"":[157.48863220214844,117.36859893798828,169.78773498535156,130.49110412597656],""confidence"":0.0029837465845048428},{""bbox"":[158.70327758789062,122.5035400390625,171.43475341796875,136.08963012695312],""confidence"":0.0023726713843643665}]",8,0.001
002_20200624_162722(4),1,316,332,"[[146.0,114.0,158.0,124.99999999999999],[150.0,138.0,160.0,148.00000000000003],[154.0,169.0,165.0,181.0]]","[{""bbox"":[153.535888671875,170.17764282226562,163.5869140625,180.5954132080078],""confidence"":0.726233184337616},{""bbox"":[149.30612182617188,138.31204223632812,159.01400756835938,148.22337341308594],""confidence"":0.662155032157898},{""bbox"":[147.57986450195312,114.49071502685547,157.41749572753906,124.89424133300781],""confidence"":0.5968737602233887},{""bbox"":[146.14718627929688,112.72552490234375,157.98446655273438,125.75048065185547],""confidence"":0.06644822657108307},{""bbox"":[147.12229919433594,138.04481506347656,159.45565795898438,149.98080444335938],""confidence"":0.02922576665878296},{""bbox"":[146.07379150390625,114.84051513671875,158.53448486328125,128.1164093017578],""confidence"":0.023251160979270935},{""bbox"":[151.32208251953125,169.43238830566406,163.89593505859375,182.1664581298828],""confidence"":0.01189150009304285},{""bbox"":[150.18011474609375,137.42156982421875,160.93270874023438,148.78411865234375],""confidence"":0.007641912903636694},{""bbox"":[153.04164123535156,167.48489379882812,164.2466278076172,179.90582275390625],""confidence"":0.0031823914032429457},{""bbox"":[147.88377380371094,139.36109924316406,160.57427978515625,152.38316345214844],""confidence"":0.0012651116121560335}]",10,0.001
002_20200624_203003(9),1,352,332,"[[197.0,155.0,206.99999999999997,166.99999999999997],[202.0,179.0,211.00000000000003,190.0],[209.0,210.0,217.0,219.99999999999997]]","[{""bbox"":[198.4456329345703,155.72926330566406,207.35177612304688,164.62782287597656],""confidence"":0.674308180809021},{""bbox"":[202.44068908691406,179.7609405517578,210.94139099121094,188.54637145996094],""confidence"":0.6715466976165771},{""bbox"":[209.38461303710938,210.698974609375,217.9644317626953,219.96978759765625],""confidence"":0.6383596658706665},{""bbox"":[207.92990112304688,210.23548889160156,218.40625,221.43841552734375],""confidence"":0.023470459505915642},{""bbox"":[201.8997802734375,179.83673095703125,211.81361389160156,190.58680725097656],""confidence"":0.017941853031516075},{""bbox"":[199.21339416503906,154.26841735839844,209.42596435546875,164.954345703125],""confidence"":0.015625735744833946},{""bbox"":[201.85227966308594,176.70330810546875,212.03970336914062,189.4198455810547],""confidence"":0.005066462326794863},{""bbox"":[203.31214904785156,179.05886840820312,213.58094787597656,188.6673583984375],""confidence"":0.004012789111584425},{""bbox"":[0.0,0.0,6.798685073852539,0.0],""confidence"":0.0037094976287335157},{""bbox"":[0.0,332.0,6.202112197875977,332.0],""confidence"":0.0017691422253847122},{""bbox"":[0.0,0.0,6.550507545471191,0.0],""confidence"":0.001644324278458953},{""bbox"":[196.5663299560547,155.6374053955078,208.40078735351562,169.03042602539062],""confidence"":0.0015669934218749404},{""bbox"":[1.2147310972213745,332.0,8.378639221191406,332.0],""confidence"":0.0014698271406814456},{""bbox"":[207.54856872558594,207.43150329589844,217.1261749267578,219.3474578857422],""confidence"":0.0013488971162587404},{""bbox"":[1.32417631149292,332.0,9.029862403869629,332.0],""confidence"":0.0013100210344418883},{""bbox"":[341.01214599609375,0.0,349.4786071777344,0.0],""confidence"":0.0011540557025000453}]",16,0.001
002_20200624_203021(9),1,352,332,"[[190.0,143.0,199.99999999999997,154.0],[195.00000000000003,170.0,205.0,178.99999999999997],[201.0,199.0,210.99999999999997,208.99999999999997]]","[{""bbox"":[190.03265380859375,145.04818725585938,199.3194122314453,154.52206420898438],""confidence"":0.6947802901268005},{""bbox"":[202.4661407470703,199.79710388183594,211.22451782226562,208.69580078125],""confidence"":0.6765159964561462},{""bbox"":[195.3726043701172,169.5274200439453,204.11691284179688,178.508056640625],""confidence"":0.596218466758728},{""bbox"":[195.36004638671875,167.62928771972656,205.48757934570312,179.2892608642578],""confidence"":0.0253936517983675},{""bbox"":[189.2330322265625,144.32513427734375,200.8522491455078,155.9076690673828],""confidence"":0.013254852034151554},{""bbox"":[203.05467224121094,198.9081268310547,213.59141540527344,208.86331176757812],""confidence"":0.00807730108499527},{""bbox"":[193.73095703125,169.22097778320312,205.343994140625,182.1543731689453],""confidence"":0.005099987145513296},{""bbox"":[0.0,0.0,6.798685073852539,0.0],""confidence"":0.0037095011211931705},{""bbox"":[199.94581604003906,200.01268005371094,212.14578247070312,210.58944702148438],""confidence"":0.0032363201025873423},{""bbox"":[0.0,332.0,6.202112674713135,332.0],""confidence"":0.0017691422253847122},{""bbox"":[0.0,0.0,6.550507545471191,0.0],""confidence"":0.0016443257918581367},{""bbox"":[1.2147310972213745,332.0,8.378640174865723,332.0],""confidence"":0.0014698278391733766},{""bbox"":[1.3241760730743408,332.0,9.029862403869629,332.0],""confidence"":0.0013100210344418883},{""bbox"":[341.01220703125,0.0,349.47857666015625,0.0],""confidence"":0.001153980498202145}]",14,0.001
002_20200624_203026(4),1,352,332,"[[195.99999999999997,158.0,205.0,168.0],[202.0,183.00000000000003,211.00000000000003,193.0],[209.0,212.00000000000003,217.0,222.0]]","[{""bbox"":[196.61520385742188,158.7777557373047,205.3507537841797,167.87054443359375],""confidence"":0.6123517751693726},{""bbox"":[201.7269744873047,182.29998779296875,209.83016967773438,190.88307189941406],""confidence"":0.606418788433075},{""bbox"":[208.6897735595703,213.32034301757812,217.3661651611328,222.13075256347656],""confidence"":0.6063414216041565},{""bbox"":[201.00482177734375,180.7834930419922,210.6533966064453,191.4816436767578],""confidence"":0.15019112825393677},{""bbox"":[208.66726684570312,211.65127563476562,218.6848907470703,222.8292694091797],""confidence"":0.042860012501478195},{""bbox"":[199.68922424316406,182.51229858398438,210.1386260986328,191.83383178710938],""confidence"":0.03137350082397461},{""bbox"":[195.11334228515625,158.70364379882812,206.00860595703125,169.1400146484375],""confidence"":0.026173017919063568},{""bbox"":[0.0,0.0,6.798685073852539,0.0],""confidence"":0.0037094976287335157},{""bbox"":[0.0,332.0,6.20271110534668,332.0],""confidence"":0.0017750366823747754},{""bbox"":[0.0,0.0,6.550507545471191,0.0],""confidence"":0.001644324278458953},{""bbox"":[207.0903778076172,212.73622131347656,218.9678192138672,226.1358184814453],""confidence"":0.0015934250550344586},{""bbox"":[1.2134740352630615,332.0,8.379195213317871,332.0],""confidence"":0.0014750352129340172},{""bbox"":[1.3228626251220703,332.0,9.030440330505371,332.0],""confidence"":0.0013122801901772618},{""bbox"":[341.01214599609375,0.0,349.4786071777344,0.0],""confidence"":0.0011540722334757447}]",14,0.001
002_20200625_003352(9),1,316,332,"[[151.0,142.0,160.0,153.0],[154.0,169.0,164.0,177.00000000000003],[156.0,201.00000000000003,166.99999999999997,210.0]]","[{""bbox"":[156.74244689941406,199.8179168701172,166.50326538085938,210.03932189941406],""confidence"":0.6949627995491028},{""bbox"":[153.8701629638672,167.42967224121094,163.31658935546875,177.09620666503906],""confidence"":0.6805532574653625},{""bbox"":[151.85223388671875,142.99032592773438,162.207763671875,153.9100341796875],""confidence"":0.6119265556335449},{""bbox"":[155.06541442871094,198.79708862304688,167.1139373779297,211.30262756347656],""confidence"":0.21465668082237244},{""bbox"":[150.3815460205078,143.75210571289062,163.03565979003906,157.1662139892578],""confidence"":0.023029984906315804},{""bbox"":[154.36077880859375,166.46429443359375,165.0581512451172,177.6966094970703],""confidence"":0.011276946403086185},{""bbox"":[151.1624755859375,165.9270477294922,163.53439331054688,179.00408935546875],""confidence"":0.01054947916418314},{""bbox"":[157.31675720214844,199.25881958007812,168.9700164794922,210.69671630859375],""confidence"":0.0015075353439897299},{""bbox"":[153.78359985351562,196.08921813964844,166.09521484375,209.176513671875],""confidence"":0.0013391714310273528}]",9,0.001
002_20200625_003357(4),1,316,332,"[[156.0,140.99999999999997,165.0,151.0],[158.0,167.0,167.99999999999997,175.99999999999997],[160.0,199.0,169.0,207.99999999999997]]","[{""bbox"":[157.4901123046875,165.89840698242188,166.81761169433594,175.72134399414062],""confidence"":0.6948853135108948},{""bbox"":[160.58311462402344,198.77552795410156,169.81796264648438,208.7555389404297],""confidence"":0.6475335955619812},{""bbox"":[155.4921875,141.52719116210938,165.59793090820312,152.036376953125],""confidence"":0.6412771344184875},{""bbox"":[155.42613220214844,165.1077423095703,167.71490478515625,177.24612426757812],""confidence"":0.03790932521224022},{""bbox"":[159.95591735839844,198.2989501953125,171.1462860107422,210.20997619628906],""confidence"":0.02806887961924076},{""bbox"":[158.21353149414062,165.1737518310547,169.0027618408203,176.15380859375],""confidence"":0.024686021730303764},{""bbox"":[158.37599182128906,196.19825744628906,170.361572265625,209.17710876464844],""confidence"":0.007285779342055321},{""bbox"":[156.8272705078125,163.2962646484375,168.11831665039062,176.01202392578125],""confidence"":0.006369790993630886},{""bbox"":[154.3933868408203,143.53981018066406,166.88075256347656,156.93821716308594],""confidence"":0.0036573244724422693},{""bbox"":[153.63478088378906,138.03985595703125,165.9884033203125,151.23023986816406],""confidence"":0.002492680214345455}]",10,0.001
002_20200625_003401(8),1,316,332,"[[153.0,143.0,164.0,152.0],[155.00000000000003,166.0,166.0,177.0],[158.0,199.0,169.0,208.99999999999997]]","[{""bbox"":[153.68324279785156,143.00894165039062,163.9429931640625,153.3296661376953],""confidence"":0.7348095774650574},{""bbox"":[158.66880798339844,199.09231567382812,168.21600341796875,209.1080780029297],""confidence"":0.7245890498161316},{""bbox"":[155.64634704589844,166.498046875,165.31271362304688,176.68251037597656],""confidence"":0.6339530944824219},{""bbox"":[152.57603454589844,143.556884765625,165.1504364013672,156.5784149169922],""confidence"":0.018801093101501465},{""bbox"":[157.54530334472656,196.47073364257812,168.7601318359375,209.03794860839844],""confidence"":0.008425748907029629},{""bbox"":[151.2244873046875,142.11904907226562,164.052978515625,155.316650390625],""confidence"":0.0025764424353837967},{""bbox"":[155.43455505371094,198.04873657226562,168.35049438476562,211.18023681640625],""confidence"":0.0012707615969702601}]",7,0.001
002_20200625_003406(3),1,316,332,"[[149.0,145.0,160.0,154.0],[152.0,168.00000000000003,162.0,177.0],[155.00000000000003,199.0,165.0,210.0]]","[{""bbox"":[155.40675354003906,199.7547607421875,165.2448272705078,210.06285095214844],""confidence"":0.6641877293586731},{""bbox"":[150.1584930419922,143.59844970703125,160.1930694580078,153.85484313964844],""confidence"":0.65485680103302},{""bbox"":[152.4355010986328,167.20948791503906,161.60626220703125,176.8684844970703],""confidence"":0.6243485808372498},{""bbox"":[150.927001953125,166.63973999023438,162.48519897460938,178.20826721191406],""confidence"":0.09435489773750305},{""bbox"":[149.36444091796875,143.76028442382812,161.6976776123047,156.73980712890625],""confidence"":0.04618433862924576},{""bbox"":[153.5872802734375,196.3284912109375,165.54522705078125,209.26844787597656],""confidence"":0.001844101818278432}]",6,0.001
002_20200625_003410(8),1,316,332,"[[155.00000000000003,141.0,165.0,152.0],[156.0,165.99999999999997,166.99999999999997,174.99999999999997],[159.0,197.00000000000003,169.0,208.0]]","[{""bbox"":[156.97142028808594,165.89598083496094,166.101806640625,175.5142822265625],""confidence"":0.6646344661712646},{""bbox"":[155.18487548828125,141.67295837402344,165.2006378173828,152.0546112060547],""confidence"":0.6519649028778076},{""bbox"":[159.91697692871094,198.4200439453125,169.02322387695312,208.20518493652344],""confidence"":0.6136370897293091},{""bbox"":[155.26296997070312,165.28089904785156,166.86598205566406,176.78842163085938],""confidence"":0.1519300490617752},{""bbox"":[158.31790161132812,196.27651977539062,169.64712524414062,208.98248291015625],""confidence"":0.023826953023672104},{""bbox"":[159.53358459472656,198.1823272705078,170.8027801513672,210.20472717285156],""confidence"":0.010451465845108032},{""bbox"":[156.2896270751953,163.31459045410156,167.5139923095703,175.95278930664062],""confidence"":0.0059218634851276875},{""bbox"":[154.3513641357422,143.5686798095703,166.8563995361328,156.95118713378906],""confidence"":0.002327756956219673},{""bbox"":[153.5483856201172,138.1546173095703,165.52554321289062,151.19125366210938],""confidence"":0.0020102981943637133}]",9,0.001
002_20200625_003415(4),1,316,332,"[[148.0,143.0,157.0,152.0],[149.0,167.0,160.0,175.99999999999997],[151.0,199.0,163.0,208.99999999999997]]","[{""bbox"":[152.76426696777344,198.71966552734375,162.21983337402344,208.78114318847656],""confidence"":0.6855871677398682},{""bbox"":[150.25015258789062,165.87905883789062,159.7025909423828,175.63107299804688],""confidence"":0.6852529644966125},{""bbox"":[148.32568359375,142.2403106689453,157.76437377929688,152.00796508789062],""confidence"":0.653448760509491},{""bbox"":[151.14340209960938,198.23956298828125,163.07687377929688,209.86961364746094],""confidence"":0.13931946456432343},{""bbox"":[146.5989990234375,141.543212890625,158.58926391601562,153.71229553222656],""confidence"":0.1336120367050171},{""bbox"":[149.52053833007812,163.2708282470703,160.24737548828125,175.74172973632812],""confidence"":0.0058105699717998505},{""bbox"":[153.54379272460938,198.1105499267578,164.8619384765625,209.4397735595703],""confidence"":0.0019720240961760283},{""bbox"":[147.14129638671875,164.89857482910156,159.58737182617188,177.7095184326172],""confidence"":0.001963410759344697},{""bbox"":[146.09249877929688,144.15541076660156,158.16458129882812,157.33700561523438],""confidence"":0.0010996185010299087}]",9,0.001
002_20200629_123442(5),1,316,332,"[[151.0,140.99999999999997,159.0,151.0],[151.99999999999997,165.99999999999997,160.99999999999997,175.99999999999997],[154.0,197.00000000000003,165.0,207.0]]","[{""bbox"":[154.6287841796875,198.22409057617188,164.30259704589844,208.36117553710938],""confidence"":0.6782273054122925},{""bbox"":[150.3648681640625,142.2124786376953,160.1255645751953,152.1262969970703],""confidence"":0.660868227481842},{""bbox"":[152.18270874023438,166.18519592285156,161.4037628173828,175.84422302246094],""confidence"":0.6433607935905457},{""bbox"":[154.19358825683594,198.06201171875,165.80023193359375,210.46444702148438],""confidence"":0.056266725063323975},{""bbox"":[150.70225524902344,165.50186157226562,162.78504943847656,177.9000701904297],""confidence"":0.04288020357489586},{""bbox"":[149.04954528808594,143.74237060546875,161.3713836669922,156.7674102783203],""confidence"":0.002963799750432372},{""bbox"":[149.99888610839844,163.05433654785156,160.93943786621094,175.59716796875],""confidence"":0.0014456614153459668},{""bbox"":[151.74053955078125,163.39120483398438,162.83676147460938,175.84860229492188],""confidence"":0.0012868954800069332}]",8,0.001
002_20200629_123447(0),1,316,332,"[[148.0,144.0,157.0,153.0],[151.0,168.00000000000003,158.0,177.0],[151.99999999999997,199.0,160.99999999999997,208.99999999999997]]","[{""bbox"":[152.50518798828125,198.86453247070312,161.9263458251953,208.92984008789062],""confidence"":0.6776310801506042},{""bbox"":[149.97817993164062,166.17774963378906,159.6113739013672,176.12673950195312],""confidence"":0.6742298007011414},{""bbox"":[147.94854736328125,142.79977416992188,157.86920166015625,153.2786865234375],""confidence"":0.6320264935493469},{""bbox"":[146.3877716064453,141.41009521484375,158.31263732910156,154.5106964111328],""confidence"":0.1364227831363678},{""bbox"":[150.96632385253906,198.0106201171875,163.3824462890625,210.98045349121094],""confidence"":0.019632680341601372},{""bbox"":[146.3612823486328,143.69593811035156,158.8453369140625,157.1081085205078],""confidence"":0.006320061162114143},{""bbox"":[150.09786987304688,196.1352996826172,162.22586059570312,209.1865234375],""confidence"":0.004955906420946121},{""bbox"":[147.1316680908203,165.21115112304688,159.5690155029297,178.10877990722656],""confidence"":0.0030115859117358923},{""bbox"":[149.43284606933594,163.29428100585938,160.2764434814453,175.74314880371094],""confidence"":0.0019774145912379026}]",9,0.001
002_20200629_123451(5),1,316,332,"[[151.0,143.99999999999997,160.0,154.0],[151.99999999999997,168.00000000000003,160.99999999999997,177.0],[155.0,200.00000000000003,164.0,210.0]]","[{""bbox"":[154.60829162597656,199.75076293945312,164.29568481445312,209.82327270507812],""confidence"":0.7385180592536926},{""bbox"":[149.6605682373047,143.49281311035156,159.725341796875,153.7340087890625],""confidence"":0.6320034265518188},{""bbox"":[151.8887939453125,167.21096801757812,161.22300720214844,177.00180053710938],""confidence"":0.6266067028045654},{""bbox"":[150.634033203125,166.26095581054688,161.61270141601562,178.27877807617188],""confidence"":0.31198543310165405},{""bbox"":[148.89529418945312,144.0667724609375,160.97332763671875,156.7554473876953],""confidence"":0.03387262672185898},{""bbox"":[146.98109436035156,143.11715698242188,159.72853088378906,155.87637329101562],""confidence"":0.0029063564725220203},{""bbox"":[153.38739013671875,196.45169067382812,164.981689453125,209.24681091308594],""confidence"":0.0025320551358163357}]",7,0.001
002_20200629_123456(0),1,316,332,"[[144.0,144.0,154.0,152.0],[147.0,166.99999999999997,154.0,175.0],[149.0,199.99999999999997,158.0,207.0]]","[{""bbox"":[146.10198974609375,165.83163452148438,155.490478515625,175.5602264404297],""confidence"":0.709414005279541},{""bbox"":[144.04266357421875,141.78298950195312,153.798828125,151.91836547851562],""confidence"":0.6716081500053406},{""bbox"":[148.5602264404297,198.4824676513672,157.6947784423828,208.44589233398438],""confidence"":0.6602268815040588},{""bbox"":[142.4723663330078,140.89060974121094,154.20135498046875,153.205322265625],""confidence"":0.20295536518096924},{""bbox"":[147.48916625976562,197.71900939941406,159.04322814941406,210.17376708984375],""confidence"":0.019847162067890167},{""bbox"":[145.2694091796875,163.24363708496094,156.13150024414062,175.86764526367188],""confidence"":0.007242431864142418},{""bbox"":[146.38587951660156,196.0936737060547,158.15438842773438,208.96446228027344],""confidence"":0.006311391480267048},{""bbox"":[145.58966064453125,165.7504425048828,156.98385620117188,177.25184631347656],""confidence"":0.004503270145505667},{""bbox"":[143.01824951171875,164.80340576171875,155.46913146972656,177.5607147216797],""confidence"":0.002123116748407483},{""bbox"":[267.3040771484375,117.93135833740234,277.9886169433594,127.9566650390625],""confidence"":0.0016784501494839787},{""bbox"":[141.9638671875,143.812744140625,154.2532196044922,157.20082092285156],""confidence"":0.0012678708881139755},{""bbox"":[144.85977172851562,141.49156188964844,156.67222595214844,153.05445861816406],""confidence"":0.0010838721645995975}]",12,0.001
002_20200629_123500(5),1,316,332,"[[147.0,144.0,158.0,153.0],[150.0,167.0,159.0,175.99999999999997],[151.99999999999997,200.00000000000003,160.99999999999997,208.99999999999997]]","[{""bbox"":[152.411376953125,199.11463928222656,162.0387725830078,209.35830688476562],""confidence"":0.6872876286506653},{""bbox"":[149.66954040527344,166.34214782714844,159.41067504882812,176.35708618164062],""confidence"":0.6575019359588623},{""bbox"":[147.86148071289062,142.9388885498047,158.012451171875,153.73733520507812],""confidence"":0.6452028751373291},{""bbox"":[146.36026000976562,141.4459991455078,158.27552795410156,154.64727783203125],""confidence"":0.1493421494960785},{""bbox"":[150.97006225585938,198.32061767578125,163.2606658935547,211.10238647460938],""confidence"":0.048904068768024445},{""bbox"":[146.28265380859375,143.67630004882812,158.8511962890625,157.0633087158203],""confidence"":0.01842310279607773},{""bbox"":[271.26605224609375,118.369873046875,281.88604736328125,128.61361694335938],""confidence"":0.00472321966663003},{""bbox"":[149.91122436523438,196.1105194091797,162.1209716796875,209.25038146972656],""confidence"":0.0044434028677642345},{""bbox"":[147.19012451171875,165.4109649658203,159.44534301757812,178.05897521972656],""confidence"":0.004404352977871895},{""bbox"":[149.38282775878906,163.30435180664062,160.0922393798828,175.52920532226562],""confidence"":0.0013690919149667025}]",10,0.001
002_20200629_123505(0),1,316,332,"[[148.00000000000003,142.0,158.0,149.99999999999997],[151.0,166.99999999999997,158.0,175.0],[154.0,199.99999999999997,160.99999999999997,208.0]]","[{""bbox"":[153.4735565185547,198.47116088867188,163.30995178222656,208.60508728027344],""confidence"":0.70732182264328},{""bbox"":[148.5535888671875,141.9586944580078,158.2207489013672,152.0138397216797],""confidence"":0.6858878135681152},{""bbox"":[150.76165771484375,166.08778381347656,159.77386474609375,175.23826599121094],""confidence"":0.6643336415290833},{""bbox"":[146.80690002441406,140.91427612304688,158.68502807617188,153.40090942382812],""confidence"":0.14216762781143188},{""bbox"":[151.3641815185547,197.99197387695312,163.716796875,209.94190979003906],""confidence"":0.03185640275478363},{""bbox"":[150.05755615234375,165.70965576171875,160.87826538085938,177.16236877441406],""confidence"":0.029043735936284065},{""bbox"":[149.75747680664062,163.2984161376953,160.0827178955078,175.404052734375],""confidence"":0.0030411556363105774},{""bbox"":[149.06227111816406,141.67491149902344,160.78695678710938,153.13404846191406],""confidence"":0.0023601725697517395},{""bbox"":[150.42465209960938,195.67909240722656,162.72393798828125,208.82977294921875],""confidence"":0.0014880048111081123},{""bbox"":[153.53872680664062,199.04798889160156,165.22323608398438,210.50241088867188],""confidence"":0.0013060432393103838}]",10,0.001
002_20200714_083054(2),1,352,332,"[[192.99999999999997,137.0,202.0,147.0],[195.0,160.0,203.0,169.0],[198.0,193.0,206.0,201.99999999999997]]","[{""bbox"":[198.6002960205078,192.53099060058594,206.8563995361328,201.44244384765625],""confidence"":0.7067323327064514},{""bbox"":[193.2799835205078,136.02818298339844,202.16807556152344,145.38294982910156],""confidence"":0.6770896315574646},{""bbox"":[195.49038696289062,160.4005126953125,204.17471313476562,169.17637634277344],""confidence"":0.5844078063964844},{""bbox"":[194.79342651367188,158.7467041015625,204.49188232421875,170.16128540039062],""confidence"":0.12288304418325424},{""bbox"":[199.004150390625,191.828857421875,209.19085693359375,201.83143615722656],""confidence"":0.024966426193714142},{""bbox"":[197.83193969726562,189.8850860595703,208.1758270263672,202.5538787841797],""confidence"":0.013896594755351543},{""bbox"":[191.09657287597656,135.36761474609375,202.9141845703125,146.09327697753906],""confidence"":0.0037978964392095804},{""bbox"":[0.0,0.0,6.798685073852539,0.0],""confidence"":0.003709502751007676},{""bbox"":[194.65524291992188,135.53173828125,204.810302734375,145.8823699951172],""confidence"":0.0032141234260052443},{""bbox"":[0.0,332.0,6.202110767364502,332.0],""confidence"":0.0017691230168566108},{""bbox"":[0.0,0.0,6.550507545471191,0.0],""confidence"":0.0016443266067653894},{""bbox"":[1.21474027633667,332.0,8.378643989562988,332.0],""confidence"":0.0014698089798912406},{""bbox"":[195.56680297851562,191.8511199951172,207.8638458251953,202.58059692382812],""confidence"":0.0013631578767672181},{""bbox"":[1.3241833448410034,332.0,9.029866218566895,332.0],""confidence"":0.001310009160079062},{""bbox"":[192.3175048828125,132.5970001220703,203.57000732421875,145.7903594970703],""confidence"":0.0012658786727115512},{""bbox"":[341.01214599609375,0.0,349.4786071777344,0.0],""confidence"":0.001153992023319006}]",16,0.001
002_20200714_083057(5),1,352,332,"[[190.0,125.0,199.00000000000003,137.0],[192.00000000000003,151.0,202.0,160.0],[202.00000000000003,184.0,209.0,193.99999999999997]]","[{""bbox"":[193.852294921875,150.58876037597656,202.64276123046875,159.51947021484375],""confidence"":0.6739130616188049},{""bbox"":[191.04661560058594,126.91730499267578,200.14208984375,136.4638214111328],""confidence"":0.6710003614425659},{""bbox"":[198.94598388671875,182.82388305664062,207.47743225097656,191.6474151611328],""confidence"":0.6585170030593872},{""bbox"":[199.6146697998047,182.20968627929688,209.20248413085938,192.06893920898438],""confidence"":0.0860433280467987},{""bbox"":[194.83399963378906,150.103515625,204.78350830078125,159.58731079101562],""confidence"":0.019508158788084984},{""bbox"":[190.27056884765625,126.36927032470703,201.15878295898438,138.11553955078125],""confidence"":0.018901458010077477},{""bbox"":[0.0,0.0,6.798685073852539,0.0],""confidence"":0.0037095011211931705},{""bbox"":[0.0,332.0,6.202112197875977,332.0],""confidence"":0.0017691415268927813},{""bbox"":[190.9212646484375,150.3543701171875,204.18551635742188,161.97889709472656],""confidence"":0.001661019749008119},{""bbox"":[0.0,0.0,6.550507545471191,0.0],""confidence"":0.0016443257918581367},{""bbox"":[1.2147308588027954,332.0,8.378641128540039,332.0],""confidence"":0.0014698278391733766},{""bbox"":[189.7499542236328,123.81420135498047,200.0758514404297,136.54547119140625],""confidence"":0.0013675399823114276},{""bbox"":[197.26629638671875,181.7274627685547,209.40953063964844,195.22079467773438],""confidence"":0.001358641660772264},{""bbox"":[1.3241767883300781,332.0,9.029863357543945,332.0],""confidence"":0.0013100210344418883},{""bbox"":[341.0126953125,0.0,349.4779968261719,0.0],""confidence"":0.001153221121057868}]",15,0.001
002_20200714_083101(7),1,352,332,"[[192.99999999999997,123.0,202.0,136.0],[198.0,147.0,206.0,158.0],[202.0,179.0,211.00000000000003,190.0]]","[{""bbox"":[193.7156219482422,124.54287719726562,202.59303283691406,133.46974182128906],""confidence"":0.7621636390686035},{""bbox"":[203.22279357910156,179.96847534179688,211.9794921875,188.8199005126953],""confidence"":0.6907376050949097},{""bbox"":[197.88821411132812,147.66275024414062,205.88705444335938,156.39483642578125],""confidence"":0.6302574276924133},{""bbox"":[203.9395751953125,179.30953979492188,213.60707092285156,189.52354431152344],""confidence"":0.07859916985034943},{""bbox"":[197.55645751953125,145.85482788085938,206.9655303955078,156.9795684814453],""confidence"":0.06550324708223343},{""bbox"":[195.42535400390625,147.4424285888672,206.8428192138672,157.84906005859375],""confidence"":0.028852585703134537},{""bbox"":[201.8554229736328,179.74234008789062,212.71124267578125,190.58047485351562],""confidence"":0.017968827858567238},{""bbox"":[194.30157470703125,123.66162872314453,204.7625732421875,133.65432739257812],""confidence"":0.016621967777609825},{""bbox"":[195.24661254882812,145.3485870361328,205.5045928955078,156.82611083984375],""confidence"":0.004586704075336456},{""bbox"":[0.0,0.0,6.798685073852539,0.0],""confidence"":0.0037095011211931705},{""bbox"":[0.0,332.0,6.202112197875977,332.0],""confidence"":0.0017691397806629539},{""bbox"":[202.13775634765625,176.59986877441406,212.78219604492188,189.58177185058594],""confidence"":0.0017361267236992717},{""bbox"":[0.0,0.0,6.550507545471191,0.0],""confidence"":0.0016443257918581367},{""bbox"":[191.04705810546875,124.12268829345703,203.9272003173828,135.28781127929688],""confidence"":0.0014985393499955535},{""bbox"":[1.2147315740585327,332.0,8.378640174865723,332.0],""confidence"":0.0014698263257741928},{""bbox"":[1.3241771459579468,332.0,9.029863357543945,332.0],""confidence"":0.0013100210344418883},{""bbox"":[341.01324462890625,0.0,349.4774169921875,0.0],""confidence"":0.0011523147113621235}]",17,0.001
002_20200714_083106(2),1,352,332,"[[190.0,144.0,199.00000000000003,153.0],[194.0,166.99999999999997,202.0,174.0],[202.0,199.0,211.00000000000003,207.00000000000003]]","[{""bbox"":[190.13308715820312,143.34573364257812,199.0100860595703,152.44728088378906],""confidence"":0.6752781867980957},{""bbox"":[202.1253662109375,199.14065551757812,210.22840881347656,207.80349731445312],""confidence"":0.6494885087013245},{""bbox"":[194.8701934814453,166.4847869873047,202.95872497558594,175.0233154296875],""confidence"":0.5883344411849976},{""bbox"":[189.6346893310547,141.38259887695312,199.66285705566406,153.46414184570312],""confidence"":0.033211372792720795},{""bbox"":[195.6923828125,166.2442169189453,204.8441925048828,175.40509033203125],""confidence"":0.021157212555408478},{""bbox"":[199.8340301513672,199.05081176757812,211.15850830078125,208.8927001953125],""confidence"":0.020703859627246857},{""bbox"":[193.8775177001953,166.892333984375,203.66241455078125,177.53086853027344],""confidence"":0.008107783272862434},{""bbox"":[188.8883056640625,142.77383422851562,200.2642822265625,155.58724975585938],""confidence"":0.0055924514308571815},{""bbox"":[0.0,0.0,6.798685073852539,0.0],""confidence"":0.0037095011211931705},{""bbox"":[194.11529541015625,163.4813995361328,203.12147521972656,174.4207000732422],""confidence"":0.0029760566540062428},{""bbox"":[203.40631103515625,197.77455139160156,213.71290588378906,207.88104248046875],""confidence"":0.0024859230034053326},{""bbox"":[0.0,332.0,6.202112674713135,332.0],""confidence"":0.0017691415268927813},{""bbox"":[0.0,0.0,6.550507545471191,0.0],""confidence"":0.0016443257918581367},{""bbox"":[1.2147313356399536,332.0,8.378640174865723,332.0],""confidence"":0.0014698278391733766},{""bbox"":[1.3241771459579468,332.0,9.029862403869629,332.0],""confidence"":0.0013100210344418883},{""bbox"":[341.0122985839844,0.0,349.4784851074219,0.0],""confidence"":0.0011538007529452443}]",16,0.001
002_20200714_083110(8),1,352,332,"[[190.0,155.0,198.0,163.0],[197.0,176.0,203.99999999999997,184.99999999999997],[206.00000000000003,209.00000000000003,213.0,217.99999999999997]]","[{""bbox"":[190.09927368164062,155.16819763183594,199.0825653076172,164.0868682861328],""confidence"":0.6611255407333374},{""bbox"":[205.09078979492188,209.35879516601562,213.72434997558594,218.4848175048828],""confidence"":0.612861692905426},{""bbox"":[196.10122680664062,177.56954956054688,204.9936065673828,186.78370666503906],""confidence"":0.5832743048667908},{""bbox"":[190.6654052734375,153.97305297851562,200.6842803955078,164.3827667236328],""confidence"":0.08603822439908981},{""bbox"":[204.4580535888672,207.2177734375,215.26036071777344,219.5682373046875],""confidence"":0.04357936978340149},{""bbox"":[0.0,0.0,6.798685073852539,0.0],""confidence"":0.0037095011211931705},{""bbox"":[0.0,332.0,6.202113151550293,332.0],""confidence"":0.0017691415268927813},{""bbox"":[0.0,0.0,6.550507545471191,0.0],""confidence"":0.0016443249769508839},{""bbox"":[1.2147313356399536,332.0,8.378640174865723,332.0],""confidence"":0.0014698271406814456},{""bbox"":[1.3241767883300781,332.0,9.029863357543945,332.0],""confidence"":0.0013100210344418883},{""bbox"":[341.0122375488281,0.0,349.4785461425781,0.0],""confidence"":0.001153953024186194},{""bbox"":[202.83885192871094,208.30259704589844,215.1069793701172,221.49978637695312],""confidence"":0.0011491085169836879}]",12,0.001
002_20200714_083115(1),1,352,332,"[[195.00000000000003,164.0,202.0,176.0],[196.00000000000003,188.00000000000003,204.0,198.0],[200.00000000000003,222.00000000000003,208.0,231.0]]","[{""bbox"":[194.37130737304688,165.4962921142578,203.328857421875,174.8855743408203],""confidence"":0.6713548898696899},{""bbox"":[196.74111938476562,189.40309143066406,205.37045288085938,198.5419464111328],""confidence"":0.6185622215270996},{""bbox"":[200.27757263183594,222.6443328857422,208.9529571533203,231.75430297851562],""confidence"":0.6061804890632629},{""bbox"":[195.317138671875,188.5611114501953,205.7606964111328,199.475341796875],""confidence"":0.08379922062158585},{""bbox"":[193.84786987304688,163.3590545654297,204.14840698242188,175.83200073242188],""confidence"":0.021776700392365456},{""bbox"":[193.0079803466797,165.04115295410156,204.3977508544922,177.66758728027344],""confidence"":0.01873333379626274},{""bbox"":[199.7763214111328,220.63485717773438,209.99720764160156,232.7328643798828],""confidence"":0.017339961603283882},{""bbox"":[0.0,0.0,6.798684597015381,0.0],""confidence"":0.0037094990257173777},{""bbox"":[0.0,332.0,6.202112674713135,332.0],""confidence"":0.0017691422253847122},{""bbox"":[0.0,0.0,6.550507545471191,0.0],""confidence"":0.0016443249769508839},{""bbox"":[1.2147315740585327,332.0,8.378641128540039,332.0],""confidence"":0.0014698284212499857},{""bbox"":[1.3241771459579468,332.0,9.029864311218262,332.0],""confidence"":0.0013100223150104284},{""bbox"":[198.25848388671875,221.47296142578125,210.43768310546875,234.69679260253906],""confidence"":0.001191969495266676},{""bbox"":[341.01214599609375,0.0,349.4786071777344,0.0],""confidence"":0.0011541243875399232}]",14,0.001
002_20200715_002443(4),1,352,332,"[[188.99999999999997,137.0,198.0,145.0],[191.0,160.0,200.00000000000003,169.0],[195.0,194.00000000000003,204.0,202.99999999999997]]","[{""bbox"":[189.3080291748047,137.4292449951172,198.056640625,146.30325317382812],""confidence"":0.7238797545433044},{""bbox"":[196.13465881347656,193.55763244628906,204.76889038085938,202.4376678466797],""confidence"":0.6419251561164856},{""bbox"":[192.05618286132812,161.5775146484375,200.0999298095703,169.7119903564453],""confidence"":0.5949893593788147},{""bbox"":[194.90818786621094,193.02059936523438,205.625732421875,204.02207946777344],""confidence"":0.019900567829608917},{""bbox"":[191.72874450683594,159.19320678710938,200.84188842773438,170.13084411621094],""confidence"":0.01451308187097311},{""bbox"":[189.9888458251953,136.77540588378906,200.3702392578125,146.55935668945312],""confidence"":0.01207762397825718},{""bbox"":[0.0,0.0,6.798685073852539,0.0],""confidence"":0.003709502751007676},{""bbox"":[0.0,332.0,6.202112674713135,332.0],""confidence"":0.0017691422253847122},{""bbox"":[0.0,0.0,6.550507545471191,0.0],""confidence"":0.0016443257918581367},{""bbox"":[186.62762451171875,137.1730194091797,199.32723999023438,148.07322692871094],""confidence"":0.0015401762211695313},{""bbox"":[1.2147310972213745,332.0,8.378641128540039,332.0],""confidence"":0.0014698291197419167},{""bbox"":[1.32417631149292,332.0,9.029862403869629,332.0],""confidence"":0.0013100223150104284},{""bbox"":[341.01214599609375,0.0,349.4786071777344,0.0],""confidence"":0.0011540035484358668}]",13,0.001
002_20200715_002447(9),1,352,332,"[[197.0,131.0,205.0,141.0],[200.00000000000003,155.0,208.0,164.0],[205.0,186.0,214.99999999999997,196.99999999999997]]","[{""bbox"":[196.6309051513672,131.3142852783203,205.3739471435547,140.93942260742188],""confidence"":0.6381801962852478},{""bbox"":[200.04327392578125,154.54896545410156,208.85581970214844,163.5505828857422],""confidence"":0.6296253800392151},{""bbox"":[205.85971069335938,186.73681640625,214.05401611328125,195.34066772460938],""confidence"":0.6296088695526123},{""bbox"":[205.17849731445312,185.35919189453125,215.0550079345703,196.13296508789062],""confidence"":0.11691653728485107},{""bbox"":[195.57276916503906,130.91400146484375,206.2394256591797,142.36631774902344],""confidence"":0.02114640176296234},{""bbox"":[0.0,0.0,6.798685550689697,0.0],""confidence"":0.0037095060106366873},{""bbox"":[0.0,332.0,6.202112674713135,332.0],""confidence"":0.0017691415268927813},{""bbox"":[0.0,0.0,6.550507545471191,0.0],""confidence"":0.0016443273052573204},{""bbox"":[195.7870330810547,128.24151611328125,207.13931274414062,141.40576171875],""confidence"":0.0015956828137859702},{""bbox"":[1.2147315740585327,332.0,8.378640174865723,332.0],""confidence"":0.0014698263257741928},{""bbox"":[1.3241771459579468,332.0,9.029864311218262,332.0],""confidence"":0.0013100210344418883},{""bbox"":[341.012451171875,0.0,349.4782409667969,0.0],""confidence"":0.0011535463854670525}]",12,0.001
002_20200715_002456(9),1,352,332,"[[186.0,131.0,197.0,141.0],[189.00000000000003,155.0,200.00000000000003,166.0],[195.0,188.00000000000003,203.0,196.99999999999997]]","[{""bbox"":[187.01060485839844,132.50454711914062,195.89808654785156,141.58995056152344],""confidence"":0.6483311057090759},{""bbox"":[195.03965759277344,188.1502685546875,203.1148223876953,196.7129669189453],""confidence"":0.627342939376831},{""bbox"":[190.3668975830078,156.23394775390625,199.0685272216797,165.12823486328125],""confidence"":0.6209588050842285},{""bbox"":[195.62709045410156,187.71875,204.798828125,197.35946655273438],""confidence"":0.08016633242368698},{""bbox"":[190.71249389648438,154.4331512451172,200.76361083984375,165.76722717285156],""confidence"":0.014668133109807968},{""bbox"":[194.25936889648438,185.54373168945312,203.62306213378906,196.9770050048828],""confidence"":0.010368665680289268},{""bbox"":[193.7636260986328,187.15841674804688,204.73777770996094,199.5094451904297],""confidence"":0.005178673658519983},{""bbox"":[0.0,0.0,6.798685073852539,0.0],""confidence"":0.0037095011211931705},{""bbox"":[0.0,332.0,6.202439308166504,332.0],""confidence"":0.0017751633422449231},{""bbox"":[0.0,0.0,6.550507545471191,0.0],""confidence"":0.001644324278458953},{""bbox"":[1.2137552499771118,332.0,8.378190040588379,332.0],""confidence"":0.001477059326134622},{""bbox"":[1.3227146863937378,332.0,9.030193328857422,332.0],""confidence"":0.0013113404856994748},{""bbox"":[341.01226806640625,0.0,349.478515625,0.0],""confidence"":0.0011538354447111487}]",13,0.001
002_20200901_043133(6),1,316,332,"[[240.00000000000003,157.0,251.0,167.0]]","[{""bbox"":[240.08624267578125,157.0371856689453,249.16683959960938,167.08151245117188],""confidence"":0.6600561738014221},{""bbox"":[239.08045959472656,156.7185516357422,250.0166473388672,168.63406372070312],""confidence"":0.04202437028288841},{""bbox"":[240.9961700439453,156.4081573486328,251.9814910888672,167.25711059570312],""confidence"":0.002181002404540777}]",3,0.001
002_20200901_043136(6),1,316,332,"[[239.0,143.0,250.0,153.0]]","[{""bbox"":[239.75375366210938,142.5551300048828,249.58702087402344,153.21258544921875],""confidence"":0.6402438282966614},{""bbox"":[238.5804901123047,143.9060516357422,250.32525634765625,156.30621337890625],""confidence"":0.007821500301361084},{""bbox"":[240.3019561767578,142.21868896484375,252.1605682373047,153.8168487548828],""confidence"":0.0012315536150708795}]",3,0.001
002_20200901_043139(6),1,316,332,"[[243.0,153.0,252.99999999999997,164.0]]","[{""bbox"":[241.99786376953125,153.65992736816406,251.6798095703125,163.86788940429688],""confidence"":0.6696756482124329},{""bbox"":[241.19126892089844,150.86817932128906,252.3262176513672,163.52481079101562],""confidence"":0.002290208823978901}]",2,0.001
002_20200901_043142(6),1,316,332,"[[238.0,157.0,248.0,167.0]]","[{""bbox"":[238.9867706298828,157.3270721435547,247.87049865722656,166.6787872314453],""confidence"":0.6485810875892639},{""bbox"":[237.7845001220703,156.66795349121094,248.63772583007812,168.536376953125],""confidence"":0.013905099593102932}]",2,0.001
002_20200901_043145(5),1,316,332,"[[237.0,155.0,246.99999999999997,164.0]]","[{""bbox"":[239.02572631835938,155.08743286132812,248.79527282714844,165.567138671875],""confidence"":0.6541190147399902},{""bbox"":[237.56796264648438,156.0138397216797,249.69400024414062,168.99032592773438],""confidence"":0.0010696393437683582}]",2,0.001
002_20200901_043148(6),1,316,332,"[[239.0,154.0,248.0,165.0]]","[{""bbox"":[238.0303955078125,154.1807403564453,247.939208984375,164.65478515625],""confidence"":0.6866799592971802}]",1,0.001
002_20200905_043156(0),1,316,332,"[[250.0,167.0,259.0,177.0]]","[{""bbox"":[250.43450927734375,166.94143676757812,260.45733642578125,177.43447875976562],""confidence"":0.6374729871749878}]",1,0.001
002_20200905_043200(0),1,316,332,"[[252.0,171.00000000000003,261.0,181.0]]","[{""bbox"":[252.20230102539062,171.380859375,261.8839416503906,181.6217498779297],""confidence"":0.6826431751251221},{""bbox"":[250.61849975585938,170.2068634033203,262.4223327636719,183.171630859375],""confidence"":0.08513067662715912},{""bbox"":[252.98260498046875,170.30020141601562,264.4324035644531,181.55902099609375],""confidence"":0.0033095574472099543}]",3,0.001
002_20200905_043204(0),1,316,332,"[[246.0,170.0,257.0,178.99999999999997]]","[{""bbox"":[247.7363739013672,169.62818908691406,257.1875915527344,179.7736053466797],""confidence"":0.7123095989227295},{""bbox"":[246.2730255126953,168.911865234375,258.13348388671875,180.7562255859375],""confidence"":0.28289562463760376}]",2,0.001
002_20200905_043208(0),1,316,332,"[[240.00000000000003,171.0,250.0,179.0]]","[{""bbox"":[240.9260711669922,168.92823791503906,250.78561401367188,179.0028839111328],""confidence"":0.6972277760505676},{""bbox"":[239.95828247070312,166.98269653320312,251.76730346679688,179.9696502685547],""confidence"":0.09290691465139389},{""bbox"":[238.5247802734375,168.71438598632812,250.7077178955078,180.37498474121094],""confidence"":0.003611077554523945}]",3,0.001
002_20200905_043212(1),1,316,332,"[[242.00000000000003,168.00000000000003,250.0,178.0]]","[{""bbox"":[241.4461669921875,168.27903747558594,252.01133728027344,178.91175842285156],""confidence"":0.6759889721870422},{""bbox"":[240.6644287109375,166.5701141357422,252.68402099609375,180.11782836914062],""confidence"":0.18020793795585632},{""bbox"":[241.7257537841797,168.9520721435547,253.05245971679688,181.09254455566406],""confidence"":0.0015375480288639665}]",3,0.001
002_20200905_043216(0),1,316,332,"[[250.0,171.00000000000003,260.0,181.0]]","[{""bbox"":[251.21102905273438,170.82180786132812,260.4866027832031,180.5794677734375],""confidence"":0.7159624695777893}]",1,0.001
002_20200905_204033(3),1,316,332,"[[253.00000000000003,169.0,264.0,177.99999999999997]]","[{""bbox"":[252.4481201171875,167.2227325439453,262.3443908691406,177.65174865722656],""confidence"":0.6751829981803894},{""bbox"":[250.737548828125,166.15347290039062,262.2903747558594,178.84271240234375],""confidence"":0.07644746452569962},{""bbox"":[253.33839416503906,165.8883514404297,264.8421325683594,178.14651489257812],""confidence"":0.0077873277477920055}]",3,0.001
002_20200905_204039(5),1,316,332,"[[244.0,202.0,253.99999999999997,211.99999999999997]]","[{""bbox"":[243.76307678222656,201.2277374267578,254.51365661621094,212.12509155273438],""confidence"":0.6916013360023499},{""bbox"":[242.2524871826172,199.51943969726562,254.3567352294922,213.03775024414062],""confidence"":0.02668912149965763},{""bbox"":[245.01144409179688,199.51617431640625,256.52734375,212.11929321289062],""confidence"":0.00421503558754921}]",3,0.001
002_20200905_204042(9),1,316,332,"[[248.00000000000003,163.00000000000003,256.0,171.00000000000003]]","[{""bbox"":[248.0328826904297,161.2772674560547,257.38104248046875,171.2373046875],""confidence"":0.6792078018188477},{""bbox"":[246.74551391601562,158.76681518554688,259.0592346191406,171.88134765625],""confidence"":0.039179477840662},{""bbox"":[248.9183807373047,160.4553680419922,260.3722229003906,171.71026611328125],""confidence"":0.0031340685673058033}]",3,0.001
002_20200905_204046(0),1,316,332,"[[244.0,166.99999999999997,253.99999999999997,175.0]]","[{""bbox"":[244.82608032226562,164.91761779785156,254.75326538085938,175.07577514648438],""confidence"":0.6585150957107544},{""bbox"":[243.86338806152344,162.87002563476562,255.61561584472656,175.7554473876953],""confidence"":0.07020018994808197}]",2,0.001
002_20200905_204049(1),1,316,332,"[[249.00000000000003,158.0,256.0,168.0]]","[{""bbox"":[248.0202178955078,158.4010009765625,257.9258728027344,168.85984802246094],""confidence"":0.7042399644851685},{""bbox"":[248.4878692626953,157.55104064941406,260.31304931640625,169.31216430664062],""confidence"":0.0059530409052968025},{""bbox"":[247.08973693847656,154.96932983398438,259.2832946777344,167.92709350585938],""confidence"":0.0018225308740511537}]",3,0.001
002_20200905_204052(3),1,316,332,"[[241.00000000000003,169.0,250.0,177.99999999999997]]","[{""bbox"":[239.89776611328125,167.19239807128906,249.8548583984375,177.66712951660156],""confidence"":0.7148252129554749},{""bbox"":[238.20779418945312,165.96986389160156,250.3470916748047,179.26345825195312],""confidence"":0.1010984554886818},{""bbox"":[240.671630859375,165.7839813232422,252.3050079345703,178.0006866455078],""confidence"":0.011131162755191326}]",3,0.001
002_20200906_003114(8),1,316,332,"[[244.0,143.0,256.0,154.0]]","[{""bbox"":[245.39134216308594,144.24403381347656,254.86557006835938,153.83901977539062],""confidence"":0.6703147888183594},{""bbox"":[244.78567504882812,142.16339111328125,255.65357971191406,154.80006408691406],""confidence"":0.08982699364423752},{""bbox"":[244.37489318847656,144.65016174316406,255.1026611328125,155.91696166992188],""confidence"":0.006676646415144205}]",3,0.001
002_20200906_003118(7),1,316,332,"[[246.0,136.0,256.0,145.0]]","[{""bbox"":[246.18838500976562,135.8126983642578,255.42787170410156,145.16134643554688],""confidence"":0.6613748073577881},{""bbox"":[245.36187744140625,133.84671020507812,256.38543701171875,146.60406494140625],""confidence"":0.11404601484537125}]",2,0.001
002_20200906_003122(7),1,316,332,"[[248.00000000000003,153.0,258.0,163.0]]","[{""bbox"":[249.91598510742188,153.57501220703125,258.596435546875,162.41986083984375],""confidence"":0.6782405972480774},{""bbox"":[250.519775390625,152.79910278320312,260.14324951171875,162.88465881347656],""confidence"":0.07905812561511993},{""bbox"":[248.6846466064453,153.48648071289062,259.1392517089844,164.19854736328125],""confidence"":0.017984988167881966},{""bbox"":[248.99911499023438,150.87472534179688,259.98358154296875,163.37564086914062],""confidence"":0.0063042654655873775}]",4,0.001
002_20200906_003126(8),1,316,332,"[[243.0,143.99999999999997,250.99999999999997,154.0]]","[{""bbox"":[243.6067657470703,144.76278686523438,252.49700927734375,154.38980102539062],""confidence"":0.6611360311508179},{""bbox"":[242.7591094970703,142.37171936035156,253.983154296875,155.0346221923828],""confidence"":0.04837047681212425}]",2,0.001
002_20200906_003132(7),1,316,332,"[[245.0,153.0,255.0,161.0]]","[{""bbox"":[247.8734130859375,152.72128295898438,256.35211181640625,161.6519317626953],""confidence"":0.6368836760520935},{""bbox"":[247.0928192138672,150.55709838867188,257.99658203125,162.93955993652344],""confidence"":0.09399361163377762},{""bbox"":[246.36886596679688,152.3592529296875,257.17181396484375,164.23484802246094],""confidence"":0.0011908505111932755}]",3,0.001
001_20200622_203305(8),2,576,444,"[[362.0,189.99999999999997,368.00000000000006,198.0],[363.0,218.0,371.0,228.0],[368.0,255.0,379.0,267.0]]","[{""bbox"":[359.5811462402344,218.40089416503906,373.2398986816406,231.8724365234375],""confidence"":0.5812037587165833},{""bbox"":[357.4053649902344,187.29766845703125,370.5921630859375,199.26089477539062],""confidence"":0.5783835053443909},{""bbox"":[364.927734375,254.95053100585938,377.9708251953125,268.0888671875],""confidence"":0.5729634165763855},{""bbox"":[356.0724182128906,187.4053497314453,372.5995788574219,202.94468688964844],""confidence"":0.1590578854084015},{""bbox"":[362.8824768066406,253.77224731445312,376.8014831542969,267.0536193847656],""confidence"":0.12883174419403076},{""bbox"":[358.3013916015625,217.89559936523438,374.671142578125,234.08692932128906],""confidence"":0.10130473971366882},{""bbox"":[0.3427502512931824,444.0,11.690238952636719,444.0],""confidence"":0.03165660426020622},{""bbox"":[471.4773254394531,213.12461853027344,483.7186279296875,224.79930114746094],""confidence"":0.027566025033593178},{""bbox"":[368.0884094238281,254.050048828125,383.24810791015625,269.1938171386719],""confidence"":0.025780227035284042},{""bbox"":[504.2088317871094,247.49461364746094,515.3109741210938,259.846435546875],""confidence"":0.0202036090195179},{""bbox"":[353.73779296875,185.08688354492188,374.5934143066406,205.93585205078125],""confidence"":0.01914248801767826},{""bbox"":[503.91900634765625,243.24411010742188,515.0330200195312,255.63339233398438],""confidence"":0.018823770806193352},{""bbox"":[356.18475341796875,218.91928100585938,371.068603515625,232.19186401367188],""confidence"":0.01738852448761463},{""bbox"":[0.0,0.0,5.770015239715576,5.549029350280762],""confidence"":0.010808763094246387},{""bbox"":[498.88671875,179.19320678710938,509.97467041015625,189.60989379882812],""confidence"":0.010522193275392056},{""bbox"":[564.3888549804688,444.0,576.0,444.0],""confidence"":0.008906920440495014},{""bbox"":[470.29052734375,212.8843231201172,484.936279296875,227.19589233398438],""confidence"":0.007594393566250801},{""bbox"":[0.0,444.0,10.997272491455078,444.0],""confidence"":0.0063091968186199665},{""bbox"":[1.8172420263290405,444.0,14.494990348815918,444.0],""confidence"":0.006078398320823908},{""bbox"":[468.90350341796875,213.64598083496094,480.0884704589844,225.06149291992188],""confidence"":0.005203544162213802},{""bbox"":[501.0388488769531,212.7783660888672,513.2626953125,224.01364135742188],""confidence"":0.004918886814266443},{""bbox"":[358.1236877441406,214.5674285888672,373.6161804199219,228.98446655273438],""confidence"":0.004905357025563717},{""bbox"":[432.70513916015625,215.7504425048828,444.2457275390625,227.4917449951172],""confidence"":0.004257624037563801},{""bbox"":[355.4572448730469,182.4306640625,371.2000427246094,199.77099609375],""confidence"":0.004147371742874384},{""bbox"":[501.9906921386719,244.65530395507812,513.774169921875,255.8681640625],""confidence"":0.003720891894772649},{""bbox"":[560.5767822265625,444.0,572.2007446289062,444.0],""confidence"":0.003682434558868408},{""bbox"":[566.0176391601562,444.0,576.0,444.0],""confidence"":0.0035655791871249676},{""bbox"":[435.06884765625,215.50868225097656,446.5939025878906,226.705078125],""confidence"":0.0034103698562830687},{""bbox"":[0.04539499059319496,444.0,14.097121238708496,444.0],""confidence"":0.0022355958353728056},{""bbox"":[504.7967834472656,244.36190795898438,516.7808837890625,256.6579284667969],""confidence"":0.002214723266661167},{""bbox"":[559.1043090820312,439.7408447265625,571.9732666015625,444.0],""confidence"":0.001822655787691474},{""bbox"":[0.0,0.0,9.36838436126709,0.0],""confidence"":0.0016517193289473653},{""bbox"":[467.1912841796875,213.467529296875,480.914306640625,227.3846893310547],""confidence"":0.0016460338374599814},{""bbox"":[359.91497802734375,218.17242431640625,378.4349670410156,232.7742462158203],""confidence"":0.0015708182472735643},{""bbox"":[364.2084045410156,256.9770812988281,379.08740234375,273.83978271484375],""confidence"":0.0014375855680555105},{""bbox"":[468.69091796875,211.32179260253906,481.1107482910156,223.9573974609375],""confidence"":0.0013903281651437283},{""bbox"":[0.0,439.79071044921875,12.280780792236328,444.0],""confidence"":0.0013629307504743338},{""bbox"":[501.9176330566406,180.9420166015625,513.3875732421875,190.75901794433594],""confidence"":0.0012516248971223831},{""bbox"":[559.5557861328125,444.0,574.2557983398438,444.0],""confidence"":0.0011876299977302551}]",39,0.001
001_20200622_203309(1),2,576,444,"[[369.0,173.0,379.0,184.0],[366.00000000000006,201.0,378.0,215.0],[368.00000000000006,241.0,376.0,254.99999999999997]]","[{""bbox"":[365.0205078125,240.85191345214844,377.993408203125,253.8229217529297],""confidence"":0.5778919458389282},{""bbox"":[365.3309631347656,203.81643676757812,378.443603515625,216.81907653808594],""confidence"":0.5685598850250244},{""bbox"":[368.05517578125,171.35952758789062,380.8031921386719,184.0880584716797],""confidence"":0.5522699356079102},{""bbox"":[363.8568420410156,202.89830017089844,380.4648742675781,219.84646606445312],""confidence"":0.12064551562070847},{""bbox"":[362.88916015625,239.1770782470703,377.0469055175781,252.5504150390625],""confidence"":0.10750517249107361},{""bbox"":[367.5387268066406,202.77960205078125,382.82147216796875,218.51312255859375],""confidence"":0.10267244279384613},{""bbox"":[368.54937744140625,170.0542449951172,384.2414855957031,185.68338012695312],""confidence"":0.10239259153604507},{""bbox"":[363.0544738769531,202.8206329345703,377.0527038574219,216.1426544189453],""confidence"":0.08809706568717957},{""bbox"":[505.2680358886719,265.32244873046875,515.7376708984375,275.72869873046875],""confidence"":0.05909579247236252},{""bbox"":[365.8089294433594,172.05308532714844,381.0987548828125,188.00128173828125],""confidence"":0.04111691936850548},{""bbox"":[366.87359619140625,167.95700073242188,381.4669494628906,184.15118408203125],""confidence"":0.0359228290617466},{""bbox"":[501.927734375,227.406494140625,514.219482421875,239.482666015625],""confidence"":0.03182103484869003},{""bbox"":[0.35117968916893005,444.0,11.690031051635742,444.0],""confidence"":0.03099222294986248},{""bbox"":[362.6856994628906,169.9227294921875,382.9186706542969,191.40220642089844],""confidence"":0.02568897232413292},{""bbox"":[368.06268310546875,239.7711181640625,383.01837158203125,254.45840454101562],""confidence"":0.024872230365872383},{""bbox"":[362.94793701171875,241.2613525390625,376.7132568359375,255.24838256835938],""confidence"":0.018869705498218536},{""bbox"":[0.0,0.0,5.807448387145996,5.579550743103027],""confidence"":0.010017618536949158},{""bbox"":[564.31103515625,444.0,576.0,444.0],""confidence"":0.009571668691933155},{""bbox"":[363.27044677734375,170.7881317138672,379.140869140625,185.01223754882812],""confidence"":0.008046729490160942},{""bbox"":[499.18194580078125,228.31459045410156,511.1170349121094,239.57008361816406],""confidence"":0.006420606281608343},{""bbox"":[0.0,444.0,10.997445106506348,444.0],""confidence"":0.006155424751341343},{""bbox"":[421.6476135253906,215.4724884033203,433.985595703125,227.05328369140625],""confidence"":0.006049629766494036},{""bbox"":[1.8445838689804077,444.0,14.508173942565918,444.0],""confidence"":0.00601671077311039},{""bbox"":[506.87127685546875,264.95184326171875,518.520263671875,277.4831848144531],""confidence"":0.00440640514716506},{""bbox"":[560.573974609375,444.0,572.21533203125,444.0],""confidence"":0.0039907293394207954},{""bbox"":[565.9442749023438,444.0,576.0,444.0],""confidence"":0.0036869209725409746},{""bbox"":[0.0,0.0,5.964018821716309,2.9024436473846436],""confidence"":0.003472577780485153},{""bbox"":[426.1472473144531,216.35150146484375,438.59002685546875,228.1803741455078],""confidence"":0.0028700625989586115},{""bbox"":[0.07089357078075409,444.0,14.1158447265625,444.0],""confidence"":0.0021988374646753073},{""bbox"":[365.2411804199219,199.96505737304688,379.7800598144531,214.36297607421875],""confidence"":0.002060044091194868},{""bbox"":[559.16357421875,439.7630310058594,571.9913940429688,444.0],""confidence"":0.001983736176043749},{""bbox"":[364.2062072753906,243.0464630126953,378.7692565917969,259.44378662109375],""confidence"":0.00180400675162673},{""bbox"":[0.0,0.0,9.368313789367676,0.0],""confidence"":0.0016516846371814609},{""bbox"":[503.4613952636719,228.69529724121094,515.8372802734375,239.49563598632812],""confidence"":0.0015747396973893046},{""bbox"":[0.0,439.7847900390625,12.275708198547363,444.0],""confidence"":0.0013129664584994316},{""bbox"":[505.1392822265625,195.74581909179688,515.5523071289062,205.32644653320312],""confidence"":0.0012672576121985912},{""bbox"":[559.544921875,444.0,574.27880859375,444.0],""confidence"":0.0012509234948083758},{""bbox"":[418.0159606933594,214.6753692626953,429.6162109375,226.2267303466797],""confidence"":0.001141914865002036},{""bbox"":[497.979248046875,227.70603942871094,512.1137084960938,241.66009521484375],""confidence"":0.0011306103551760316}]",39,0.001
001_20200622_203312(6),2,576,444,"[[357.0,187.0,366.0,198.0],[357.00000000000006,218.00000000000003,369.0,232.0],[356.0,256.0,369.0,268.0]]","[{""bbox"":[355.3316345214844,256.5769958496094,367.7850646972656,268.69757080078125],""confidence"":0.5794599056243896},{""bbox"":[355.08831787109375,219.56549072265625,367.7791748046875,231.29833984375],""confidence"":0.5772016644477844},{""bbox"":[356.2506408691406,186.6597900390625,369.9073486328125,199.241455078125],""confidence"":0.5755029916763306},{""bbox"":[355.7928161621094,184.86846923828125,371.75225830078125,200.27108764648438],""confidence"":0.23726192116737366},{""bbox"":[353.92181396484375,218.72372436523438,369.1163330078125,233.9471435546875],""confidence"":0.18680351972579956},{""bbox"":[354.2664489746094,186.5997772216797,371.36480712890625,203.43507385253906],""confidence"":0.15805786848068237},{""bbox"":[354.4626770019531,254.1504364013672,367.5838928222656,267.48431396484375],""confidence"":0.13209031522274017},{""bbox"":[352.1213684082031,219.18270874023438,366.1459655761719,231.55441284179688],""confidence"":0.044451601803302765},{""bbox"":[357.0361022949219,220.3780517578125,371.3143615722656,232.57192993164062],""confidence"":0.032623257488012314},{""bbox"":[0.3258192837238312,444.0,11.67343807220459,444.0],""confidence"":0.03252273052930832},{""bbox"":[352.01336669921875,256.1705627441406,365.63409423828125,269.42218017578125],""confidence"":0.029821135103702545},{""bbox"":[352.22149658203125,184.32627868652344,372.2314453125,205.64881896972656],""confidence"":0.025095418095588684},{""bbox"":[354.6766052246094,182.22418212890625,369.44158935546875,198.26344299316406],""confidence"":0.017465585842728615},{""bbox"":[0.0,0.0,5.7819085121154785,5.547209739685059],""confidence"":0.010577991604804993},{""bbox"":[356.4687194824219,258.4800109863281,371.3258056640625,274.1204833984375],""confidence"":0.010338539257645607},{""bbox"":[355.35614013671875,219.08551025390625,372.6507263183594,234.97305297851562],""confidence"":0.009725453332066536},{""bbox"":[564.2561645507812,444.0,576.0,444.0],""confidence"":0.009714575484395027},{""bbox"":[352.24285888671875,185.07496643066406,366.4678649902344,199.79949951171875],""confidence"":0.006647866684943438},{""bbox"":[0.0,444.0,10.994500160217285,444.0],""confidence"":0.006430725567042828},{""bbox"":[1.7703626155853271,444.0,14.452394485473633,444.0],""confidence"":0.00613438431173563},{""bbox"":[357.23394775390625,257.47723388671875,371.3672180175781,269.9771423339844],""confidence"":0.005906357895582914},{""bbox"":[491.206298828125,276.6031494140625,502.3576354980469,288.9266357421875],""confidence"":0.005045933183282614},{""bbox"":[560.5151977539062,444.0,572.189697265625,444.0],""confidence"":0.0042039938271045685},{""bbox"":[565.8739013671875,444.0,576.0,444.0],""confidence"":0.00371386855840683},{""bbox"":[488.6208801269531,238.95281982421875,500.10205078125,249.30760192871094],""confidence"":0.0030276207253336906},{""bbox"":[0.02430896647274494,444.0,14.06865406036377,444.0],""confidence"":0.0022575603798031807},{""bbox"":[559.1448974609375,439.76336669921875,571.9681396484375,444.0],""confidence"":0.0021595631260424852},{""bbox"":[491.44415283203125,273.7366638183594,503.4234313964844,284.7383117675781],""confidence"":0.0018625329248607159},{""bbox"":[491.05194091796875,208.83331298828125,501.8387451171875,218.91590881347656],""confidence"":0.0017144301673397422},{""bbox"":[0.0,0.0,9.368404388427734,0.0],""confidence"":0.0016517224721610546},{""bbox"":[0.0,439.80401611328125,12.258305549621582,444.0],""confidence"":0.0013891170965507627},{""bbox"":[559.4556884765625,444.0,574.2777709960938,444.0],""confidence"":0.0013034441508352757},{""bbox"":[348.9710388183594,219.892333984375,363.1499938964844,231.37173461914062],""confidence"":0.0012779721291735768},{""bbox"":[491.24749755859375,271.89453125,501.7687683105469,284.103515625],""confidence"":0.0010012510465458035}]",34,0.001
001_20200622_203316(0),2,576,444,"[[365.0,203.0,371.99999999999994,213.99999999999997],[364.00000000000006,233.00000000000003,376.0,247.0],[370.0,276.0,378.0,287.0]]","[{""bbox"":[361.0337219238281,202.3746337890625,375.3204040527344,216.60205078125],""confidence"":0.5910328030586243},{""bbox"":[367.0166320800781,272.0555419921875,380.9308166503906,286.44091796875],""confidence"":0.56673663854599},{""bbox"":[363.3404846191406,234.12002563476562,377.4295654296875,247.7911834716797],""confidence"":0.538449764251709},{""bbox"":[361.919189453125,232.64076232910156,379.55718994140625,250.11654663085938],""confidence"":0.22446174919605255},{""bbox"":[359.2212219238281,202.46066284179688,376.8905944824219,219.81719970703125],""confidence"":0.11798316985368729},{""bbox"":[502.00091552734375,268.33660888671875,514.4315185546875,279.5923156738281],""confidence"":0.09785094112157822},{""bbox"":[367.87384033203125,272.9911804199219,383.76885986328125,289.45452880859375],""confidence"":0.08642229437828064},{""bbox"":[0.3025643229484558,444.0,11.63751220703125,444.0],""confidence"":0.03202768787741661},{""bbox"":[502.6000061035156,236.0169219970703,514.95849609375,247.3934783935547],""confidence"":0.03118482418358326},{""bbox"":[362.3988037109375,202.52719116210938,378.5268859863281,217.31126403808594],""confidence"":0.022563591599464417},{""bbox"":[361.9712219238281,200.13314819335938,376.5196228027344,214.84603881835938],""confidence"":0.0191758144646883},{""bbox"":[359.0098876953125,231.34503173828125,382.287841796875,256.29180908203125],""confidence"":0.015168051235377789},{""bbox"":[365.870849609375,268.7855224609375,381.4736328125,285.72906494140625],""confidence"":0.01052932534366846},{""bbox"":[486.685546875,201.00387573242188,498.64459228515625,211.4731903076172],""confidence"":0.010496635921299458},{""bbox"":[0.0,0.0,5.781465530395508,5.566964626312256],""confidence"":0.010410677641630173},{""bbox"":[363.2813720703125,272.3874816894531,377.9457092285156,285.2674255371094],""confidence"":0.009781922213733196},{""bbox"":[564.2470092773438,444.0,576.0,444.0],""confidence"":0.00849989429116249},{""bbox"":[0.0,444.0,10.970778465270996,444.0],""confidence"":0.006402856204658747},{""bbox"":[1.7358951568603516,444.0,14.4049711227417,444.0],""confidence"":0.005605452228337526},{""bbox"":[364.84588623046875,271.1443786621094,383.2955627441406,291.36517333984375],""confidence"":0.005591250490397215},{""bbox"":[560.4085083007812,444.0,572.1041259765625,444.0],""confidence"":0.003745073452591896},{""bbox"":[565.8770751953125,444.0,576.0,444.0],""confidence"":0.0035523250699043274},{""bbox"":[484.0653076171875,201.2561798095703,495.984375,211.85336303710938],""confidence"":0.00272557744756341},{""bbox"":[370.0380554199219,272.4418640136719,385.6506652832031,286.84405517578125],""confidence"":0.0024084842298179865},{""bbox"":[505.39959716796875,165.93447875976562,515.91748046875,176.09364318847656],""confidence"":0.0021968588698655367},{""bbox"":[0.013654803857207298,444.0,14.038731575012207,444.0],""confidence"":0.0021141001489013433},{""bbox"":[559.0175170898438,439.7516174316406,571.8786010742188,444.0],""confidence"":0.0019844509661197662},{""bbox"":[0.0,0.0,9.368372917175293,0.0],""confidence"":0.0016517587937414646},{""bbox"":[0.0,439.81268310546875,12.217435836791992,444.0],""confidence"":0.0013354853726923466},{""bbox"":[559.3585205078125,444.0,574.1925659179688,444.0],""confidence"":0.0012659457279369235},{""bbox"":[366.8216247558594,232.72201538085938,382.7826232910156,249.77169799804688],""confidence"":0.0011020083911716938},{""bbox"":[359.5784912109375,196.58511352539062,376.11016845703125,215.4281005859375],""confidence"":0.0010265171295031905}]",32,0.001
001_20200622_203319(4),2,576,444,"[[364.00000000000006,209.0,376.0,219.0],[369.0,237.99999999999997,380.00000000000006,249.00000000000003],[374.0,276.0,384.00000000000006,286.0]]","[{""bbox"":[365.3916931152344,237.9063720703125,379.3679504394531,251.88015747070312],""confidence"":0.5926838517189026},{""bbox"":[372.045654296875,274.5934753417969,385.5321960449219,288.39923095703125],""confidence"":0.5845754742622375},{""bbox"":[362.9823303222656,206.62977600097656,376.79205322265625,219.94932556152344],""confidence"":0.5369353890419006},{""bbox"":[362.10528564453125,206.05384826660156,379.1893005371094,222.08114624023438],""confidence"":0.16052842140197754},{""bbox"":[363.8865051269531,237.5656280517578,381.03277587890625,255.76646423339844],""confidence"":0.1184307336807251},{""bbox"":[361.7168273925781,203.69879150390625,376.5489807128906,219.12437438964844],""confidence"":0.08784472197294235},{""bbox"":[367.2423400878906,236.08602905273438,383.068359375,252.1042022705078],""confidence"":0.055866923183202744},{""bbox"":[494.3468933105469,222.45846557617188,506.8388977050781,232.93734741210938],""confidence"":0.052845705300569534},{""bbox"":[371.1819152832031,274.61920166015625,387.3109130859375,291.5005798339844],""confidence"":0.03994700685143471},{""bbox"":[502.18994140625,221.9999237060547,514.6301879882812,233.31381225585938],""confidence"":0.03480135276913643},{""bbox"":[0.3205106556415558,444.0,11.659266471862793,444.0],""confidence"":0.03228979930281639},{""bbox"":[497.0269775390625,222.0700225830078,509.4406433105469,232.79415893554688],""confidence"":0.030835958197712898},{""bbox"":[371.3567199707031,272.1966552734375,386.69329833984375,286.6841125488281],""confidence"":0.025210870429873466},{""bbox"":[0.0,0.0,5.750049114227295,5.513248443603516],""confidence"":0.01181589812040329},{""bbox"":[357.8467102050781,204.0260467529297,380.47515869140625,228.06985473632812],""confidence"":0.011751415207982063},{""bbox"":[564.2683715820312,444.0,576.0,444.0],""confidence"":0.008428114466369152},{""bbox"":[0.0,444.0,10.983728408813477,444.0],""confidence"":0.006406415719538927},{""bbox"":[1.7691730260849,444.0,14.436267852783203,444.0],""confidence"":0.005922679789364338},{""bbox"":[493.0191650390625,221.97254943847656,506.56243896484375,235.58273315429688],""confidence"":0.00527148274704814},{""bbox"":[362.9718322753906,240.00201416015625,378.53045654296875,255.5791473388672],""confidence"":0.004644869361072779},{""bbox"":[366.63623046875,274.9505920410156,380.83331298828125,288.4993896484375],""confidence"":0.0043391878716647625},{""bbox"":[491.786376953125,223.328369140625,504.37957763671875,233.79833984375],""confidence"":0.003911641426384449},{""bbox"":[560.43115234375,444.0,572.116455078125,444.0],""confidence"":0.0036839221138507128},{""bbox"":[506.02691650390625,256.8800048828125,516.9854125976562,268.5556335449219],""confidence"":0.0035524447448551655},{""bbox"":[565.9078979492188,444.0,576.0,444.0],""confidence"":0.0035374066792428493},{""bbox"":[366.8121032714844,205.1692657470703,383.0423278808594,222.5891876220703],""confidence"":0.0035079328808933496},{""bbox"":[503.08404541015625,192.953857421875,515.013671875,204.0318145751953],""confidence"":0.0030970843508839607},{""bbox"":[0.022359751164913177,444.0,14.058287620544434,444.0],""confidence"":0.002197575056925416},{""bbox"":[559.0430908203125,439.7488098144531,571.8952026367188,444.0],""confidence"":0.001914141932502389},{""bbox"":[0.0,0.0,9.368372917175293,0.0],""confidence"":0.001651743776164949},{""bbox"":[362.5404052734375,232.62088012695312,381.5554504394531,251.52471923828125],""confidence"":0.0015230717835947871},{""bbox"":[0.0,439.79425048828125,12.245759010314941,444.0],""confidence"":0.0013636791845783591},{""bbox"":[559.4017333984375,444.0,574.1897583007812,444.0],""confidence"":0.001247034640982747},{""bbox"":[495.96954345703125,220.9972381591797,511.0078430175781,235.58779907226562],""confidence"":0.0012297079665586352},{""bbox"":[493.69805908203125,218.6103515625,506.6198425292969,230.43289184570312],""confidence"":0.001159573788754642},{""bbox"":[497.2518005371094,218.62779235839844,509.9338684082031,231.11671447753906],""confidence"":0.0011231600074097514}]",36,0.001
001_20200623_203247(5),2,576,444,"[[340.0,184.0,355.00000000000006,197.0],[343.0,215.0,360.0,228.0],[348.0,258.0,363.0,274.0]]","[{""bbox"":[349.4219055175781,260.43585205078125,362.4078674316406,272.9269714355469],""confidence"":0.568543553352356},{""bbox"":[341.69195556640625,182.55030822753906,354.7447204589844,195.09130859375],""confidence"":0.5648855566978455},{""bbox"":[342.9424133300781,213.3117218017578,357.2400207519531,227.58653259277344],""confidence"":0.5245198011398315},{""bbox"":[348.1113586425781,258.9822692871094,363.6627197265625,274.60333251953125],""confidence"":0.32714369893074036},{""bbox"":[342.7091369628906,214.785400390625,358.6353454589844,230.99078369140625],""confidence"":0.13427303731441498},{""bbox"":[340.10052490234375,182.3113250732422,356.08087158203125,198.00106811523438],""confidence"":0.08864617347717285},{""bbox"":[476.5330810546875,212.57907104492188,488.88861083984375,225.1533660888672],""confidence"":0.06885586678981781},{""bbox"":[0.33195188641548157,444.0,11.661382675170898,444.0],""confidence"":0.03200012817978859},{""bbox"":[337.6661682128906,182.48243713378906,351.7241516113281,196.59701538085938],""confidence"":0.014772582799196243},{""bbox"":[341.01513671875,210.9390869140625,356.5318908691406,226.39389038085938],""confidence"":0.013347289524972439},{""bbox"":[340.72833251953125,211.76512145996094,361.5448913574219,233.99639892578125],""confidence"":0.012496959418058395},{""bbox"":[0.0,0.0,5.780679702758789,5.583704948425293],""confidence"":0.010473760776221752},{""bbox"":[482.3162841796875,177.54147338867188,494.3612365722656,188.12680053710938],""confidence"":0.009346600621938705},{""bbox"":[564.3006591796875,444.0,576.0,444.0],""confidence"":0.008960317820310593},{""bbox"":[490.2226257324219,257.0393981933594,499.6692199707031,267.7265625],""confidence"":0.007948627695441246},{""bbox"":[0.0,444.0,10.984404563903809,444.0],""confidence"":0.00633943872526288},{""bbox"":[1.785698413848877,444.0,14.434233665466309,444.0],""confidence"":0.005919584538787603},{""bbox"":[478.2301330566406,178.6160430908203,489.6206359863281,189.36341857910156],""confidence"":0.004513178486377001},{""bbox"":[340.1282043457031,186.87367248535156,358.060302734375,204.62445068359375],""confidence"":0.004116398748010397},{""bbox"":[560.5205078125,444.0,572.161865234375,444.0],""confidence"":0.003976089879870415},{""bbox"":[565.9326782226562,444.0,576.0,444.0],""confidence"":0.0035708602517843246},{""bbox"":[480.14801025390625,177.75399780273438,491.7987976074219,188.5493927001953],""confidence"":0.002973980503156781},{""bbox"":[491.54315185546875,141.7841033935547,501.11773681640625,153.16270446777344],""confidence"":0.0029185598250478506},{""bbox"":[485.54241943359375,212.8797149658203,498.34014892578125,224.8715057373047],""confidence"":0.002564908005297184},{""bbox"":[418.4767150878906,214.24288940429688,430.13970947265625,225.78172302246094],""confidence"":0.0024312434252351522},{""bbox"":[352.8050537109375,259.0439758300781,368.6799621582031,275.85833740234375],""confidence"":0.0023484553676098585},{""bbox"":[349.0946960449219,260.8157043457031,364.7638244628906,276.8561096191406],""confidence"":0.0022055148147046566},{""bbox"":[0.03909416124224663,444.0,14.056987762451172,444.0],""confidence"":0.0022040705662220716},{""bbox"":[559.119873046875,439.7719421386719,571.9401245117188,444.0],""confidence"":0.001964530674740672},{""bbox"":[419.8014831542969,214.13050842285156,432.8607177734375,227.92758178710938],""confidence"":0.0018197066383436322},{""bbox"":[379.111572265625,214.587158203125,390.83575439453125,225.50218200683594],""confidence"":0.0017410839209333062},{""bbox"":[0.0,0.0,9.368404388427734,0.0],""confidence"":0.001651743776164949},{""bbox"":[344.7068176269531,261.20220947265625,362.53753662109375,276.9552917480469],""confidence"":0.0015387270832434297},{""bbox"":[0.0,439.8043518066406,12.243242263793945,444.0],""confidence"":0.0013404353521764278},{""bbox"":[486.56060791015625,179.15684509277344,498.7024841308594,189.69053649902344],""confidence"":0.0013265168527141213},{""bbox"":[559.4786376953125,444.0,574.2405395507812,444.0],""confidence"":0.0012706152629107237},{""bbox"":[480.0948486328125,175.32350158691406,492.3489990234375,187.17050170898438],""confidence"":0.0012010422069579363},{""bbox"":[481.88818359375,177.60508728027344,495.5399169921875,191.17694091796875],""confidence"":0.00117586855776608}]",38,0.001
001_20200624_003240(4),2,576,444,"[[342.0,242.0,356.0,252.0],[342.0,194.0,353.00000000000006,207.0],[338.0,161.0,351.0,175.0]]","[{""bbox"":[339.9251708984375,194.71749877929688,352.7576904296875,207.79188537597656],""confidence"":0.5606408715248108},{""bbox"":[342.7136535644531,240.86526489257812,355.74664306640625,253.71751403808594],""confidence"":0.5566229820251465},{""bbox"":[339.2977294921875,161.97711181640625,352.1152038574219,175.15582275390625],""confidence"":0.5546223521232605},{""bbox"":[341.1277770996094,239.39988708496094,354.540771484375,252.65928649902344],""confidence"":0.23725615441799164},{""bbox"":[338.5484313964844,160.41085815429688,354.3799743652344,176.96713256835938],""confidence"":0.1286386102437973},{""bbox"":[475.52069091796875,251.63168334960938,486.22686767578125,261.9033508300781],""confidence"":0.0731549859046936},{""bbox"":[477.51239013671875,170.620361328125,488.43280029296875,183.1761932373047],""confidence"":0.0504351444542408},{""bbox"":[0.33048248291015625,444.0,11.680323600769043,444.0],""confidence"":0.03262346610426903},{""bbox"":[474.964111328125,209.18380737304688,485.4635314941406,218.8271026611328],""confidence"":0.014147205278277397},{""bbox"":[475.5177001953125,175.28298950195312,488.2276916503906,188.46163940429688],""confidence"":0.010873031802475452},{""bbox"":[0.0,0.0,5.788992881774902,5.573102951049805],""confidence"":0.010058528743684292},{""bbox"":[564.3327026367188,444.0,576.0,444.0],""confidence"":0.00851578637957573},{""bbox"":[337.8514404296875,240.84445190429688,352.00128173828125,255.3240966796875],""confidence"":0.0067597003653645515},{""bbox"":[337.6205749511719,162.0748748779297,357.2476501464844,177.95252990722656],""confidence"":0.006440036930143833},{""bbox"":[0.0,444.0,11.00074291229248,444.0],""confidence"":0.006414014846086502},{""bbox"":[1.7834655046463013,444.0,14.46945571899414,444.0],""confidence"":0.006286555901169777},{""bbox"":[341.90673828125,242.49984741210938,358.3644714355469,259.76605224609375],""confidence"":0.006159679498523474},{""bbox"":[340.27630615234375,194.55084228515625,356.94903564453125,209.49795532226562],""confidence"":0.00559402909129858},{""bbox"":[338.4780578613281,194.54298400878906,354.7414855957031,211.9658660888672],""confidence"":0.004385523032397032},{""bbox"":[475.11077880859375,171.5365447998047,486.3841857910156,182.73780822753906],""confidence"":0.003995451610535383},{""bbox"":[560.5150756835938,444.0,572.1546630859375,444.0],""confidence"":0.003744077403098345},{""bbox"":[0.0,0.0,5.967382907867432,2.9412460327148438],""confidence"":0.003486653557047248},{""bbox"":[565.9556274414062,444.0,576.0,444.0],""confidence"":0.003471419680863619},{""bbox"":[0.026507949456572533,444.0,14.085282325744629,444.0],""confidence"":0.002275545848533511},{""bbox"":[559.0883178710938,439.7499694824219,571.9255981445312,444.0],""confidence"":0.0018884579185396433},{""bbox"":[338.7516174316406,189.62049865722656,353.4638366699219,205.3314971923828],""confidence"":0.0018727730493992567},{""bbox"":[0.0,0.0,9.368355751037598,0.0],""confidence"":0.0016516996547579765},{""bbox"":[481.2024230957031,171.36155700683594,493.8445129394531,182.47686767578125],""confidence"":0.0015559722669422626},{""bbox"":[0.0,439.80908203125,12.260692596435547,444.0],""confidence"":0.001381649519316852},{""bbox"":[559.4554443359375,444.0,574.2410888671875,444.0],""confidence"":0.0012234901078045368},{""bbox"":[337.85760498046875,157.21575927734375,351.6330261230469,171.6079559326172],""confidence"":0.0011256582802161574}]",31,0.001
001_20200624_003244(2),2,576,444,"[[348.0,167.0,362.0,182.0],[350.0,200.0,365.0,213.00000000000003],[356.0,246.0,368.0,259.0]]","[{""bbox"":[354.92303466796875,246.6038360595703,368.2035217285156,259.71612548828125],""confidence"":0.582767903804779},{""bbox"":[350.7749328613281,167.5935821533203,363.57696533203125,180.0416259765625],""confidence"":0.5707986950874329},{""bbox"":[350.47589111328125,199.63027954101562,364.5486145019531,213.94859313964844],""confidence"":0.5564441680908203},{""bbox"":[351.09173583984375,200.61627197265625,366.1360778808594,216.371337890625],""confidence"":0.13197609782218933},{""bbox"":[352.36053466796875,245.58554077148438,366.7551574707031,259.587890625],""confidence"":0.0970817431807518},{""bbox"":[484.8794860839844,170.81312561035156,496.5313720703125,182.22296142578125],""confidence"":0.08176988363265991},{""bbox"":[355.2063293457031,243.22735595703125,369.9395446777344,257.8848876953125],""confidence"":0.06875740736722946},{""bbox"":[348.82073974609375,167.5026092529297,364.69061279296875,183.49365234375],""confidence"":0.05978505313396454},{""bbox"":[487.2818603515625,170.53933715820312,499.2396240234375,182.87478637695312],""confidence"":0.0447295606136322},{""bbox"":[0.3345577120780945,444.0,11.686835289001465,444.0],""confidence"":0.03287652134895325},{""bbox"":[492.36981201171875,251.5370330810547,502.76837158203125,261.71856689453125],""confidence"":0.03016287460923195},{""bbox"":[352.8490295410156,200.823974609375,368.7301025390625,217.6631622314453],""confidence"":0.02785213105380535},{""bbox"":[352.8062744140625,166.04444885253906,368.62945556640625,182.68862915039062],""confidence"":0.02720423974096775},{""bbox"":[355.9334411621094,246.22755432128906,371.18658447265625,260.43133544921875],""confidence"":0.021369684487581253},{""bbox"":[490.7137756347656,208.6230010986328,500.61236572265625,218.20660400390625],""confidence"":0.020763007923960686},{""bbox"":[0.0,0.0,5.767004013061523,5.536532402038574],""confidence"":0.01086624339222908},{""bbox"":[564.30712890625,444.0,576.0,444.0],""confidence"":0.008595890365540981},{""bbox"":[352.9634094238281,246.86761474609375,368.5848693847656,262.250244140625],""confidence"":0.008449157699942589},{""bbox"":[348.9749755859375,198.33914184570312,368.1780090332031,219.4709014892578],""confidence"":0.008428458124399185},{""bbox"":[0.0,444.0,11.005542755126953,444.0],""confidence"":0.006433781702071428},{""bbox"":[1.7781662940979004,444.0,14.461936950683594,444.0],""confidence"":0.006423283834010363},{""bbox"":[486.6247863769531,175.57838439941406,499.7692565917969,188.52099609375],""confidence"":0.00630364753305912},{""bbox"":[496.076416015625,250.5869903564453,508.41473388671875,261.2116394042969],""confidence"":0.005654133856296539},{""bbox"":[481.25885009765625,170.76290893554688,494.8293762207031,184.39903259277344],""confidence"":0.0046263220719993114},{""bbox"":[484.79180908203125,168.15162658691406,497.57769775390625,181.18031311035156],""confidence"":0.004540273919701576},{""bbox"":[348.5721130371094,196.7353515625,363.20184326171875,211.08294677734375],""confidence"":0.004392234142869711},{""bbox"":[560.4940795898438,444.0,572.1405029296875,444.0],""confidence"":0.0038115670904517174},{""bbox"":[565.9469604492188,444.0,576.0,444.0],""confidence"":0.003522204700857401},{""bbox"":[489.9407958984375,202.4495086669922,502.26129150390625,214.31375122070312],""confidence"":0.0034098040778189898},{""bbox"":[494.43353271484375,250.48948669433594,506.0386047363281,261.0173645019531],""confidence"":0.0028147080447524786},{""bbox"":[0.027715586125850677,444.0,14.086844444274902,444.0],""confidence"":0.0023290561512112617},{""bbox"":[559.0919189453125,439.7689208984375,571.91748046875,444.0],""confidence"":0.0018756060162559152},{""bbox"":[0.0,0.0,9.368376731872559,0.0],""confidence"":0.0016517414478585124},{""bbox"":[349.8383483886719,171.50091552734375,366.75982666015625,189.80770874023438],""confidence"":0.0014529022155329585},{""bbox"":[0.0,439.7938537597656,12.267426490783691,444.0],""confidence"":0.0014030828606337309},{""bbox"":[559.4639282226562,444.0,574.2027587890625,444.0],""confidence"":0.0012513340916484594}]",36,0.001
001_20200624_003247(7),2,576,444,"[[339.0,151.0,357.0,165.0],[345.0,184.00000000000003,358.0,200.0],[349.0,228.00000000000003,363.0,242.0]]","[{""bbox"":[341.6693115234375,149.4224395751953,355.315185546875,162.98019409179688],""confidence"":0.5452466011047363},{""bbox"":[344.259521484375,183.3311004638672,356.9216003417969,196.48558044433594],""confidence"":0.5449564456939697},{""bbox"":[349.5066833496094,228.64871215820312,362.5829162597656,241.06613159179688],""confidence"":0.5333304405212402},{""bbox"":[348.9071044921875,227.14576721191406,364.0404357910156,242.4840545654297],""confidence"":0.3589327335357666},{""bbox"":[492.23089599609375,224.34422302246094,503.572509765625,235.4940185546875],""confidence"":0.05856003612279892},{""bbox"":[347.9309997558594,225.5537109375,362.0265808105469,240.04318237304688],""confidence"":0.055626578629016876},{""bbox"":[341.4322814941406,181.78082275390625,355.8891296386719,195.51132202148438],""confidence"":0.054436635226011276},{""bbox"":[0.30528515577316284,444.0,11.655265808105469,444.0],""confidence"":0.032982904464006424},{""bbox"":[337.6302490234375,149.8326416015625,351.8666076660156,163.5429229736328],""confidence"":0.03088507242500782},{""bbox"":[340.6781311035156,146.4325408935547,355.73297119140625,162.04347229003906],""confidence"":0.02820783667266369},{""bbox"":[337.4159240722656,147.3618621826172,357.7967529296875,169.68910217285156],""confidence"":0.0185946486890316},{""bbox"":[392.2738037109375,228.89219665527344,403.2467346191406,241.22479248046875],""confidence"":0.010921611450612545},{""bbox"":[0.0,0.0,5.792239189147949,5.564602375030518],""confidence"":0.010485602542757988},{""bbox"":[343.0516662597656,184.95384216308594,359.9298400878906,202.221435546875],""confidence"":0.009499521926045418},{""bbox"":[564.2769165039062,444.0,576.0,444.0],""confidence"":0.00807801540941},{""bbox"":[475.44818115234375,180.61044311523438,486.9247131347656,191.39852905273438],""confidence"":0.007474943529814482},{""bbox"":[390.5487365722656,229.28746032714844,401.7073974609375,240.26039123535156],""confidence"":0.00743590435013175},{""bbox"":[0.0,444.0,10.985405921936035,444.0],""confidence"":0.00655125780031085},{""bbox"":[1.721980333328247,444.0,14.412561416625977,444.0],""confidence"":0.006038729101419449},{""bbox"":[560.4535522460938,444.0,572.10302734375,444.0],""confidence"":0.0038105822168290615},{""bbox"":[565.926025390625,444.0,576.0,444.0],""confidence"":0.003428792580962181},{""bbox"":[418.63592529296875,227.86929321289062,430.6278381347656,241.06651306152344],""confidence"":0.0031998236663639545},{""bbox"":[416.185546875,228.28273010253906,427.73162841796875,241.1884307861328],""confidence"":0.0024231639690697193},{""bbox"":[0.0,444.0,14.046114921569824,444.0],""confidence"":0.0022453342098742723},{""bbox"":[490.833251953125,225.12965393066406,502.0072326660156,236.28237915039062],""confidence"":0.0019376904238015413},{""bbox"":[559.0443725585938,439.77667236328125,571.8680419921875,444.0],""confidence"":0.0018428699113428593},{""bbox"":[0.0,0.0,9.368412971496582,0.0],""confidence"":0.0016517641488462687},{""bbox"":[0.0,439.7998352050781,12.237674713134766,444.0],""confidence"":0.0013882271014153957},{""bbox"":[353.2110290527344,226.9581756591797,368.54351806640625,242.87229919433594],""confidence"":0.0012884811731055379},{""bbox"":[559.4342041015625,444.0,574.15234375,444.0],""confidence"":0.0012653255835175514}]",30,0.001
001_20200624_003251(1),2,576,444,"[[345.0,186.00000000000003,358.0,198.0],[346.00000000000006,219.00000000000003,362.0,231.0],[349.0,265.0,363.0,277.0]]","[{""bbox"":[347.03643798828125,184.95652770996094,359.6762390136719,197.7295684814453],""confidence"":0.5567938089370728},{""bbox"":[347.6375732421875,218.79183959960938,360.4220275878906,231.07675170898438],""confidence"":0.5507470369338989},{""bbox"":[349.64892578125,264.24188232421875,362.4207458496094,276.3689880371094],""confidence"":0.5484517216682434},{""bbox"":[346.17291259765625,184.08905029296875,361.2745056152344,199.38037109375],""confidence"":0.2742967903614044},{""bbox"":[348.76513671875,261.6922302246094,362.3511962890625,275.2164001464844],""confidence"":0.11084140837192535},{""bbox"":[346.5440673828125,218.28968811035156,361.5946350097656,233.7100372314453],""confidence"":0.051944706588983536},{""bbox"":[484.3009033203125,272.55255126953125,495.62493896484375,283.29827880859375],""confidence"":0.038589127361774445},{""bbox"":[344.762451171875,185.74029541015625,362.2414855957031,202.6982421875],""confidence"":0.035079386085271835},{""bbox"":[487.9369812011719,271.54949951171875,499.23553466796875,283.8633117675781],""confidence"":0.033359989523887634},{""bbox"":[0.3438119888305664,444.0,11.688855171203613,444.0],""confidence"":0.032169997692108154},{""bbox"":[348.9868469238281,219.15394592285156,364.10009765625,232.06573486328125],""confidence"":0.01580318808555603},{""bbox"":[481.82891845703125,272.2088928222656,492.998046875,282.78753662109375],""confidence"":0.015230951830744743},{""bbox"":[342.8741149902344,184.01318359375,362.51458740234375,205.84829711914062],""confidence"":0.013441305607557297},{""bbox"":[490.6431884765625,194.89077758789062,501.301025390625,204.884765625],""confidence"":0.010843328200280666},{""bbox"":[0.0,0.0,5.807084560394287,5.604043483734131],""confidence"":0.009304046630859375},{""bbox"":[564.3672485351562,444.0,576.0,444.0],""confidence"":0.009114743210375309},{""bbox"":[353.4674072265625,263.6318359375,368.7479553222656,278.7948303222656],""confidence"":0.008667089976370335},{""bbox"":[0.0,444.0,10.999716758728027,444.0],""confidence"":0.006339170504361391},{""bbox"":[1.805822730064392,444.0,14.478435516357422,444.0],""confidence"":0.006242111325263977},{""bbox"":[346.17620849609375,214.5998992919922,360.260986328125,228.67645263671875],""confidence"":0.004603756126016378},{""bbox"":[491.2626647949219,193.2982635498047,502.6376953125,205.6933135986328],""confidence"":0.004514757543802261},{""bbox"":[560.5636596679688,444.0,572.1986083984375,444.0],""confidence"":0.003675682470202446},{""bbox"":[565.9888916015625,444.0,576.0,444.0],""confidence"":0.003593711880967021},{""bbox"":[0.0,0.0,5.975066184997559,2.9243955612182617],""confidence"":0.0032489332370460033},{""bbox"":[347.96429443359375,185.28082275390625,363.8876647949219,199.1331024169922],""confidence"":0.0030857317615300417},{""bbox"":[488.1667175292969,275.80908203125,500.029541015625,288.69140625],""confidence"":0.0023697318974882364},{""bbox"":[489.64141845703125,227.94406127929688,499.47613525390625,237.82131958007812],""confidence"":0.0023239373695105314},{""bbox"":[0.043585680425167084,444.0,14.087040901184082,444.0],""confidence"":0.002277080435305834},{""bbox"":[559.138916015625,439.7619323730469,571.9749145507812,444.0],""confidence"":0.0018720226362347603},{""bbox"":[0.0,0.0,9.368386268615723,0.0],""confidence"":0.0016517366748303175},{""bbox"":[483.78570556640625,269.0250549316406,496.027099609375,281.93389892578125],""confidence"":0.0014121648855507374},{""bbox"":[0.0,439.7966613769531,12.27723217010498,444.0],""confidence"":0.0013669071486219764},{""bbox"":[481.2304992675781,269.0104064941406,493.21282958984375,281.4132995605469],""confidence"":0.0012620239285752177},{""bbox"":[559.514892578125,444.0,574.2708740234375,444.0],""confidence"":0.0011964108562096953}]",34,0.001
001_20200624_003254(3),2,576,444,"[[339.0,175.0,353.0,188.0],[342.99999999999994,207.0,357.0,223.0],[351.0,252.99999999999997,364.0,266.0]]","[{""bbox"":[340.8010559082031,174.3199462890625,353.81243896484375,187.18692016601562],""confidence"":0.5878931283950806},{""bbox"":[349.5553894042969,252.73866271972656,362.2308654785156,264.4328308105469],""confidence"":0.5540801882743835},{""bbox"":[343.0274353027344,206.77870178222656,356.2283935546875,219.62435913085938],""confidence"":0.5107376575469971},{""bbox"":[349.1682434082031,251.55938720703125,363.8310241699219,266.0649719238281],""confidence"":0.32049959897994995},{""bbox"":[339.7101135253906,173.65292358398438,355.4320983886719,189.0791473388672],""confidence"":0.22160398960113525},{""bbox"":[341.90093994140625,204.07736206054688,356.6543884277344,218.78871154785156],""confidence"":0.06820794194936752},{""bbox"":[337.8813171386719,174.18893432617188,352.3310852050781,188.01429748535156],""confidence"":0.05681009590625763},{""bbox"":[341.7242431640625,171.33425903320312,356.4359130859375,186.06405639648438],""confidence"":0.031473271548748016},{""bbox"":[0.32242125272750854,444.0,11.652679443359375,444.0],""confidence"":0.03000778891146183},{""bbox"":[0.0,0.0,5.805060386657715,5.6132307052612305],""confidence"":0.009646899998188019},{""bbox"":[564.3358154296875,444.0,576.0,444.0],""confidence"":0.009145747870206833},{""bbox"":[338.1464538574219,174.47415161132812,357.91943359375,191.51174926757812],""confidence"":0.007918670773506165},{""bbox"":[337.7884521484375,206.7223663330078,352.06573486328125,220.2022705078125],""confidence"":0.006323802284896374},{""bbox"":[0.0,444.0,10.961023330688477,444.0],""confidence"":0.006107499822974205},{""bbox"":[483.39459228515625,198.16311645507812,495.00537109375,209.5848846435547],""confidence"":0.005827253684401512},{""bbox"":[1.8245338201522827,444.0,14.47451400756836,444.0],""confidence"":0.005341958254575729},{""bbox"":[340.2867736816406,205.13748168945312,361.7083740234375,226.922607421875],""confidence"":0.004910319112241268},{""bbox"":[485.09942626953125,164.861328125,496.14422607421875,175.25868225097656],""confidence"":0.004910100717097521},{""bbox"":[487.76580810546875,199.11251831054688,498.69635009765625,209.75222778320312],""confidence"":0.004363436251878738},{""bbox"":[560.5517578125,444.0,572.1913452148438,444.0],""confidence"":0.003846174106001854},{""bbox"":[565.9630126953125,444.0,576.0,444.0],""confidence"":0.0035978190135210752},{""bbox"":[0.0,0.0,5.971695899963379,2.944706678390503],""confidence"":0.003371442900970578},{""bbox"":[353.21966552734375,250.91946411132812,368.7489929199219,266.9915771484375],""confidence"":0.002386125037446618},{""bbox"":[337.93048095703125,171.5444793701172,351.7361145019531,185.90773010253906],""confidence"":0.0021299882791936398},{""bbox"":[0.06355161219835281,444.0,14.072200775146484,444.0],""confidence"":0.002025738125666976},{""bbox"":[346.56689453125,247.12135314941406,362.9212646484375,266.0287780761719],""confidence"":0.0019256786908954382},{""bbox"":[559.1377563476562,439.76287841796875,571.9750366210938,444.0],""confidence"":0.001896873232908547},{""bbox"":[0.0,0.0,9.368349075317383,0.0],""confidence"":0.0016516863834112883},{""bbox"":[384.6285705566406,250.4241180419922,396.14141845703125,263.0063171386719],""confidence"":0.0014873933978378773},{""bbox"":[0.0,439.7817077636719,12.239653587341309,444.0],""confidence"":0.0012462076265364885},{""bbox"":[559.515625,444.0,574.2520141601562,444.0],""confidence"":0.0012313543120399117},{""bbox"":[479.7408447265625,199.51173400878906,490.15777587890625,210.6535186767578],""confidence"":0.0011392945889383554},{""bbox"":[347.5816650390625,253.56549072265625,363.7462463378906,269.4932556152344],""confidence"":0.0010249043116346002}]",33,0.001
001_20200624_003303(5),2,576,444,"[[349.0,227.0,366.0,243.00000000000003],[346.00000000000006,194.00000000000003,362.0,209.0],[349.0,272.0,364.00000000000006,288.0]]","[{""bbox"":[349.25347900390625,195.92703247070312,361.9239196777344,207.6367645263672],""confidence"":0.6095916032791138},{""bbox"":[348.3609313964844,228.69952392578125,360.9030456542969,240.68495178222656],""confidence"":0.575312614440918},{""bbox"":[349.0257568359375,274.5232849121094,362.0498046875,286.1622009277344],""confidence"":0.5716992020606995},{""bbox"":[489.79730224609375,214.1982879638672,501.66900634765625,225.43301391601562],""confidence"":0.1170639768242836},{""bbox"":[489.14306640625,249.44627380371094,500.23529052734375,260.59124755859375],""confidence"":0.10551833361387253},{""bbox"":[349.8406982421875,196.1422882080078,364.2140197753906,209.2986297607422],""confidence"":0.08421645313501358},{""bbox"":[350.65380859375,229.2490997314453,364.1834716796875,241.7209930419922],""confidence"":0.06728990375995636},{""bbox"":[347.5361633300781,196.50050354003906,363.5731201171875,212.3521270751953],""confidence"":0.05373835936188698},{""bbox"":[347.210205078125,225.56243896484375,360.62933349609375,239.64218139648438],""confidence"":0.04869883134961128},{""bbox"":[0.32824745774269104,444.0,11.671469688415527,444.0],""confidence"":0.0323699526488781},{""bbox"":[347.58544921875,229.48406982421875,362.1204528808594,245.17066955566406],""confidence"":0.027385924011468887},{""bbox"":[488.4445495605469,247.26187133789062,501.2862548828125,260.1190490722656],""confidence"":0.016766566783189774},{""bbox"":[488.7961120605469,293.6026611328125,500.0747985839844,304.5899658203125],""confidence"":0.014804987236857414},{""bbox"":[0.0,0.0,5.761900424957275,5.559892177581787],""confidence"":0.010868626646697521},{""bbox"":[404.31201171875,238.53695678710938,415.7372131347656,249.55624389648438],""confidence"":0.009595847688615322},{""bbox"":[564.3202514648438,444.0,576.0,444.0],""confidence"":0.008918823674321175},{""bbox"":[488.5704650878906,218.15017700195312,501.94378662109375,231.7515869140625],""confidence"":0.008577599190175533},{""bbox"":[354.7083740234375,228.22267150878906,369.231201171875,242.3878936767578],""confidence"":0.008015095256268978},{""bbox"":[489.96551513671875,211.2985076904297,502.3870849609375,224.163818359375],""confidence"":0.007835867814719677},{""bbox"":[487.3119812011719,214.07266235351562,500.91436767578125,227.39808654785156],""confidence"":0.0075434171594679356},{""bbox"":[354.4960632324219,196.0612030029297,368.7057800292969,209.1876678466797],""confidence"":0.00741648068651557},{""bbox"":[354.5924377441406,274.21575927734375,369.6441345214844,289.3941345214844],""confidence"":0.007001073099672794},{""bbox"":[0.0,444.0,10.991559028625488,444.0],""confidence"":0.006414342671632767},{""bbox"":[1.7728465795516968,444.0,14.446638107299805,444.0],""confidence"":0.006043645553290844},{""bbox"":[560.5313110351562,444.0,572.177978515625,444.0],""confidence"":0.003945359960198402},{""bbox"":[355.1130065917969,229.9430694580078,370.1975402832031,245.65231323242188],""confidence"":0.003930643666535616},{""bbox"":[489.11285400390625,248.8115997314453,502.1048583984375,262.8583984375],""confidence"":0.003567261854186654},{""bbox"":[565.9546508789062,444.0,576.0,444.0],""confidence"":0.00355245522223413},{""bbox"":[486.5148010253906,246.24716186523438,499.4395751953125,258.80859375],""confidence"":0.0032279491424560547},{""bbox"":[486.2265319824219,293.06671142578125,497.6846008300781,303.62921142578125],""confidence"":0.0027282394003123045},{""bbox"":[0.02786407433450222,444.0,14.067119598388672,444.0],""confidence"":0.0022392715327441692},{""bbox"":[559.1270751953125,439.7674255371094,571.9586791992188,444.0],""confidence"":0.0019285052549093962},{""bbox"":[0.0,0.0,9.368412971496582,0.0],""confidence"":0.0016517925541847944},{""bbox"":[401.0895080566406,236.44500732421875,412.88311767578125,246.97352600097656],""confidence"":0.0014489319873973727},{""bbox"":[347.6986389160156,275.0894775390625,363.0450134277344,291.101806640625],""confidence"":0.001395070576108992},{""bbox"":[0.0,439.7997741699219,12.254749298095703,444.0],""confidence"":0.0013684448786079884},{""bbox"":[347.104248046875,268.87261962890625,362.20977783203125,283.6035461425781],""confidence"":0.0013296258402988315},{""bbox"":[559.5055541992188,444.0,574.2301025390625,444.0],""confidence"":0.001247925334610045},{""bbox"":[402.12457275390625,236.2845458984375,415.2325134277344,250.3173828125],""confidence"":0.0010723574087023735}]",39,0.001
001_20200624_162816(3),2,576,444,"[[335.0,168.0,354.0,183.0],[342.0,201.00000000000003,357.99999999999994,217.0],[355.00000000000006,242.0,371.0,257.0]]","[{""bbox"":[344.3345642089844,201.08651733398438,357.77642822265625,214.68666076660156],""confidence"":0.5541551113128662},{""bbox"":[337.478515625,169.46267700195312,349.677734375,181.75439453125],""confidence"":0.5536738038063049},{""bbox"":[356.2298889160156,244.42799377441406,369.0251770019531,256.88671875],""confidence"":0.5437064170837402},{""bbox"":[355.6198425292969,242.78131103515625,370.8116455078125,257.80059814453125],""confidence"":0.22868110239505768},{""bbox"":[336.2947998046875,168.798828125,351.3457336425781,183.83180236816406],""confidence"":0.15617261826992035},{""bbox"":[339.7198791503906,167.7546844482422,355.044921875,183.17367553710938],""confidence"":0.1065511554479599},{""bbox"":[334.577880859375,169.98435974121094,348.1170349121094,181.66360473632812],""confidence"":0.06157436594367027},{""bbox"":[0.3075776994228363,444.0,11.660234451293945,444.0],""confidence"":0.035020891577005386},{""bbox"":[352.154052734375,242.94602966308594,366.1717224121094,257.322998046875],""confidence"":0.021937159821391106},{""bbox"":[343.19482421875,200.88560485839844,360.0188293457031,219.37362670898438],""confidence"":0.01553497463464737},{""bbox"":[0.0,0.0,5.800084114074707,5.596147060394287],""confidence"":0.009537401609122753},{""bbox"":[476.3485412597656,167.3831024169922,487.1333923339844,177.56732177734375],""confidence"":0.009471270255744457},{""bbox"":[564.2855834960938,444.0,576.0,444.0],""confidence"":0.008752616122364998},{""bbox"":[0.0,444.0,11.002090454101562,444.0],""confidence"":0.006785948760807514},{""bbox"":[1.6849675178527832,444.0,14.381170272827148,444.0],""confidence"":0.006614039186388254},{""bbox"":[353.71240234375,239.9891357421875,370.384033203125,256.2763671875],""confidence"":0.00478854076936841},{""bbox"":[560.4818115234375,444.0,572.1362915039062,444.0],""confidence"":0.004005047492682934},{""bbox"":[565.9225463867188,444.0,576.0,444.0],""confidence"":0.00354904867708683},{""bbox"":[0.0,0.0,5.9710307121276855,2.9185523986816406],""confidence"":0.003304160200059414},{""bbox"":[343.4048767089844,196.8192901611328,359.0993957519531,214.07327270507812],""confidence"":0.0030677085742354393},{""bbox"":[0.0,444.0,14.029006004333496,444.0],""confidence"":0.0024000313133001328},{""bbox"":[559.0869140625,439.76507568359375,571.9163208007812,444.0],""confidence"":0.0019323049345985055},{""bbox"":[0.0,0.0,9.368387222290039,0.0],""confidence"":0.0016517178155481815},{""bbox"":[347.1900939941406,200.3431854248047,364.09124755859375,215.90109252929688],""confidence"":0.0015686705010011792},{""bbox"":[0.0,439.8120422363281,12.239776611328125,444.0],""confidence"":0.0014828827697783709},{""bbox"":[476.6622009277344,127.85833740234375,486.459716796875,139.696044921875],""confidence"":0.0014338045148178935},{""bbox"":[412.6745300292969,182.1594696044922,425.16546630859375,194.40757751464844],""confidence"":0.0013086823746562004},{""bbox"":[559.45654296875,444.0,574.1978759765625,444.0],""confidence"":0.0012846060562878847},{""bbox"":[410.318359375,184.01890563964844,422.18963623046875,195.60079956054688],""confidence"":0.0010152647737413645}]",29,0.001
001_20200624_162821(2),2,576,444,"[[343.0,141.0,355.0,156.0],[347.0,176.0,361.0,190.0],[353.0,221.99999999999997,364.00000000000006,235.99999999999994]]","[{""bbox"":[346.421875,176.54347229003906,358.4784851074219,189.36770629882812],""confidence"":0.5357108116149902},{""bbox"":[351.8251037597656,223.06651306152344,364.12530517578125,234.55941772460938],""confidence"":0.5324825644493103},{""bbox"":[345.6552734375,142.6392364501953,357.712890625,155.04054260253906],""confidence"":0.5182705521583557},{""bbox"":[351.26251220703125,221.6424560546875,365.8063049316406,236.13766479492188],""confidence"":0.23595117032527924},{""bbox"":[344.57171630859375,141.67910766601562,359.4689636230469,156.65028381347656],""confidence"":0.2224988043308258},{""bbox"":[343.3475646972656,143.2980499267578,360.19818115234375,159.42620849609375],""confidence"":0.09482256323099136},{""bbox"":[353.2033996582031,221.07760620117188,368.8338317871094,237.17454528808594],""confidence"":0.0741761103272438},{""bbox"":[488.8829040527344,219.9144744873047,500.89447021484375,232.0400848388672],""confidence"":0.0636509358882904},{""bbox"":[348.90533447265625,222.8195343017578,362.52838134765625,234.72222900390625],""confidence"":0.06363487988710403},{""bbox"":[487.8188781738281,176.60911560058594,499.7864990234375,188.5724639892578],""confidence"":0.04734494164586067},{""bbox"":[0.2986135482788086,444.0,11.635148048400879,444.0],""confidence"":0.03338056802749634},{""bbox"":[428.91265869140625,221.29013061523438,440.43023681640625,231.876220703125],""confidence"":0.02569316327571869},{""bbox"":[341.0801696777344,140.3113555908203,361.8035583496094,162.50865173339844],""confidence"":0.018778307363390923},{""bbox"":[490.3636474609375,218.37034606933594,502.2748107910156,230.72337341308594],""confidence"":0.011064045131206512},{""bbox"":[0.0,0.0,5.769445896148682,5.547765731811523],""confidence"":0.010956838726997375},{""bbox"":[421.09417724609375,220.87594604492188,432.5144348144531,232.3607177734375],""confidence"":0.009840638376772404},{""bbox"":[564.2505493164062,444.0,576.0,444.0],""confidence"":0.00966856349259615},{""bbox"":[341.7871398925781,141.91802978515625,357.3037109375,156.05853271484375],""confidence"":0.008091100491583347},{""bbox"":[0.0,444.0,10.97418212890625,444.0],""confidence"":0.006599931046366692},{""bbox"":[1.6879796981811523,444.0,14.366588592529297,444.0],""confidence"":0.006055102217942476},{""bbox"":[484.88543701171875,173.4409942626953,497.88531494140625,185.8814697265625],""confidence"":0.0057968683540821075},{""bbox"":[346.5133361816406,176.4973907470703,364.33013916015625,192.18246459960938],""confidence"":0.0048639215528965},{""bbox"":[487.68231201171875,218.4532928466797,499.780029296875,230.70404052734375],""confidence"":0.0045114541426301},{""bbox"":[560.5149536132812,444.0,572.1591796875,444.0],""confidence"":0.004484682809561491},{""bbox"":[412.0105285644531,141.98809814453125,423.6042785644531,153.30247497558594],""confidence"":0.004365904256701469},{""bbox"":[565.8843383789062,444.0,576.0,444.0],""confidence"":0.0037168425042182207},{""bbox"":[410.0649108886719,142.04180908203125,421.2803955078125,153.4125213623047],""confidence"":0.0033473374787718058},{""bbox"":[425.2807922363281,221.7197265625,436.1321105957031,232.3032989501953],""confidence"":0.0030738920904695988},{""bbox"":[0.0,444.0,14.02841854095459,444.0],""confidence"":0.002256297506392002},{""bbox"":[487.81329345703125,172.773193359375,501.1893615722656,185.74012756347656],""confidence"":0.0021136647555977106},{""bbox"":[559.1256103515625,439.7899475097656,571.945068359375,444.0],""confidence"":0.0021134959533810616},{""bbox"":[431.4771423339844,221.3194580078125,443.7640380859375,231.81668090820312],""confidence"":0.0018970355158671737},{""bbox"":[341.8619384765625,176.4661865234375,356.7747802734375,189.2801971435547],""confidence"":0.0017000359948724508},{""bbox"":[0.0,0.0,9.368395805358887,0.0],""confidence"":0.0016517775366082788},{""bbox"":[0.0,439.8165283203125,12.215818405151367,444.0],""confidence"":0.0013896378222852945},{""bbox"":[559.4868774414062,444.0,574.2428588867188,444.0],""confidence"":0.0013721687719225883},{""bbox"":[424.130615234375,218.60760498046875,436.391357421875,231.0922393798828],""confidence"":0.001355932210572064},{""bbox"":[486.58447265625,220.357666015625,498.8706970214844,233.79196166992188],""confidence"":0.0011186907067894936},{""bbox"":[489.4360656738281,171.4543914794922,500.4065856933594,184.5266876220703],""confidence"":0.00102949736174196}]",39,0.001
001_20200624_162831(2),2,576,444,"[[360.0,201.00000000000003,375.99999999999994,213.0],[364.0,228.99999999999997,378.0,247.0],[372.0,267.0,385.0,283.0]]","[{""bbox"":[365.1604919433594,231.94491577148438,378.07232666015625,244.2178497314453],""confidence"":0.5986733436584473},{""bbox"":[371.9727783203125,266.9307556152344,384.79229736328125,279.0120849609375],""confidence"":0.5817607045173645},{""bbox"":[359.893310546875,200.31854248046875,372.2130432128906,212.73101806640625],""confidence"":0.5360603332519531},{""bbox"":[359.15472412109375,198.99798583984375,374.28582763671875,214.16033935546875],""confidence"":0.2527163624763489},{""bbox"":[502.31182861328125,171.703369140625,513.8606567382812,181.83908081054688],""confidence"":0.17289850115776062},{""bbox"":[358.4344787597656,200.72059631347656,375.4737243652344,217.04177856445312],""confidence"":0.08179405331611633},{""bbox"":[363.21270751953125,231.03109741210938,380.57501220703125,248.59637451171875],""confidence"":0.060871705412864685},{""bbox"":[0.33365991711616516,444.0,11.684417724609375,444.0],""confidence"":0.03257659077644348},{""bbox"":[367.9022216796875,231.4340057373047,382.9266662597656,246.36920166015625],""confidence"":0.019075492396950722},{""bbox"":[363.5459289550781,228.94667053222656,377.5018615722656,242.99554443359375],""confidence"":0.016378147527575493},{""bbox"":[503.43511962890625,170.70858764648438,516.0518188476562,183.66079711914062],""confidence"":0.016285279765725136},{""bbox"":[355.74920654296875,197.3892059326172,377.47039794921875,220.38787841796875],""confidence"":0.0153715331107378},{""bbox"":[501.6813659667969,168.19386291503906,513.2176513671875,179.9879608154297],""confidence"":0.015354689210653305},{""bbox"":[513.1672973632812,237.0136260986328,524.3990478515625,247.79319763183594],""confidence"":0.012845245189964771},{""bbox"":[0.0,0.0,5.774971008300781,5.532495021820068],""confidence"":0.01114946324378252},{""bbox"":[564.2825317382812,444.0,576.0,444.0],""confidence"":0.009500786662101746},{""bbox"":[503.700927734375,168.12619018554688,515.9373168945312,180.43812561035156],""confidence"":0.008450998924672604},{""bbox"":[356.2033386230469,200.6284942626953,370.7003479003906,213.18170166015625],""confidence"":0.006870581302791834},{""bbox"":[0.0,444.0,11.001448631286621,444.0],""confidence"":0.006402243860065937},{""bbox"":[1.7860991954803467,444.0,14.469621658325195,444.0],""confidence"":0.006273566745221615},{""bbox"":[366.4117126464844,267.5192565917969,380.024658203125,279.5975036621094],""confidence"":0.005055887624621391},{""bbox"":[560.54541015625,444.0,572.1942138671875,444.0],""confidence"":0.004101742058992386},{""bbox"":[508.4875793457031,241.0389862060547,519.0032348632812,250.259765625],""confidence"":0.0038374001160264015},{""bbox"":[565.9169311523438,444.0,576.0,444.0],""confidence"":0.0036761262454092503},{""bbox"":[362.75897216796875,233.53652954101562,376.97637939453125,248.03936767578125],""confidence"":0.0031488847453147173},{""bbox"":[360.4259948730469,199.78631591796875,378.66558837890625,214.58880615234375],""confidence"":0.002504809061065316},{""bbox"":[0.029748057946562767,444.0,14.079933166503906,444.0],""confidence"":0.0022795917466282845},{""bbox"":[369.9162292480469,268.3253479003906,385.55438232421875,284.02227783203125],""confidence"":0.0020793681032955647},{""bbox"":[516.8565063476562,240.21188354492188,527.6021118164062,249.42337036132812],""confidence"":0.002050065202638507},{""bbox"":[559.1640014648438,439.77557373046875,571.9755859375,444.0],""confidence"":0.0020204477477818727},{""bbox"":[0.0,0.0,9.368385314941406,0.0],""confidence"":0.0016517617041245103},{""bbox"":[498.4964904785156,173.23269653320312,510.3336181640625,183.4935302734375],""confidence"":0.001407247269526124},{""bbox"":[0.0,439.8053894042969,12.2650785446167,444.0],""confidence"":0.0013823944609612226},{""bbox"":[511.2115173339844,237.58395385742188,522.9791870117188,248.6025848388672],""confidence"":0.001287771505303681},{""bbox"":[559.5081787109375,444.0,574.2542724609375,444.0],""confidence"":0.0012847485486418009}]",35,0.001
001_20200624_162835(8),2,576,444,"[[358.0,141.0,369.99999999999994,153.00000000000003],[360.0,172.00000000000003,371.99999999999994,184.0],[365.0,209.0,378.0,224.00000000000003]]","[{""bbox"":[361.1126708984375,171.90139770507812,375.2327575683594,186.2706298828125],""confidence"":0.6097165942192078},{""bbox"":[365.2566223144531,208.55691528320312,378.06787109375,221.07826232910156],""confidence"":0.583958625793457},{""bbox"":[355.929443359375,140.0879364013672,368.9698791503906,152.7152862548828],""confidence"":0.5755828619003296},{""bbox"":[368.5079345703125,208.57884216308594,383.0860290527344,222.28109741210938],""confidence"":0.08896441757678986},{""bbox"":[355.2414855957031,139.7665252685547,372.5180358886719,155.4708251953125],""confidence"":0.05287891626358032},{""bbox"":[358.533203125,171.0160369873047,377.1674499511719,190.9708251953125],""confidence"":0.049332402646541595},{""bbox"":[361.7161560058594,171.53785705566406,378.7180480957031,187.73719787597656],""confidence"":0.0436854250729084},{""bbox"":[357.6189270019531,139.09910583496094,371.5863952636719,152.7383575439453],""confidence"":0.039224572479724884},{""bbox"":[0.3327166438102722,444.0,11.679922103881836,444.0],""confidence"":0.03147686645388603},{""bbox"":[0.0,0.0,5.753139019012451,5.534135818481445],""confidence"":0.01163591630756855},{""bbox"":[564.2854614257812,444.0,576.0,444.0],""confidence"":0.009082981385290623},{""bbox"":[356.0845031738281,143.06585693359375,373.4644470214844,160.06263732910156],""confidence"":0.007385822478681803},{""bbox"":[0.0,444.0,10.994987487792969,444.0],""confidence"":0.0061844028532505035},{""bbox"":[1.8078861236572266,444.0,14.484357833862305,444.0],""confidence"":0.005865296348929405},{""bbox"":[422.06658935546875,169.4872283935547,434.0078430175781,180.91400146484375],""confidence"":0.005161566659808159},{""bbox"":[351.9735412597656,139.66006469726562,365.82586669921875,153.274658203125],""confidence"":0.00468410924077034},{""bbox"":[360.0953369140625,167.86289978027344,375.6451110839844,184.97872924804688],""confidence"":0.004594526719301939},{""bbox"":[560.533447265625,444.0,572.176513671875,444.0],""confidence"":0.004051335155963898},{""bbox"":[565.9322509765625,444.0,576.0,444.0],""confidence"":0.0036135658156126738},{""bbox"":[362.72998046875,210.62350463867188,379.8738098144531,226.81988525390625],""confidence"":0.0024914522655308247},{""bbox"":[0.050661563873291016,444.0,14.085376739501953,444.0],""confidence"":0.002148044528439641},{""bbox"":[559.1316528320312,439.7764892578125,571.9537963867188,444.0],""confidence"":0.001932696788571775},{""bbox"":[421.4073181152344,170.15196228027344,434.671630859375,183.81158447265625],""confidence"":0.0018281412776559591},{""bbox"":[0.0,0.0,9.368422508239746,0.0],""confidence"":0.0016517940675839782},{""bbox"":[506.592529296875,198.19171142578125,515.416748046875,206.57174682617188],""confidence"":0.0014809402637183666},{""bbox"":[0.0,439.8103942871094,12.257469177246094,444.0],""confidence"":0.0013232574565336108},{""bbox"":[559.5274047851562,444.0,574.212646484375,444.0],""confidence"":0.0012793458299711347}]",27,0.001
001_20200625_003507(0),2,576,444,"[[341.00000000000006,143.00000000000003,353.0,154.0],[342.0,175.0,353.00000000000006,188.0],[346.0,223.0,356.0,234.99999999999997]]","[{""bbox"":[340.20367431640625,141.83596801757812,352.77752685546875,154.45404052734375],""confidence"":0.5770513415336609},{""bbox"":[340.71417236328125,175.32566833496094,353.87371826171875,188.23219299316406],""confidence"":0.5560130476951599},{""bbox"":[343.048583984375,221.81956481933594,356.0418395996094,233.8190460205078],""confidence"":0.5190297365188599},{""bbox"":[339.7732238769531,140.6697998046875,355.52410888671875,156.4470672607422],""confidence"":0.2050052434206009},{""bbox"":[337.785400390625,141.1402587890625,352.0892028808594,155.95013427734375],""confidence"":0.12322723120450974},{""bbox"":[338.0221252441406,174.49578857421875,352.3497009277344,187.76239013671875],""confidence"":0.09021435678005219},{""bbox"":[339.4677429199219,139.30982971191406,353.2264709472656,153.2509765625],""confidence"":0.0740143433213234},{""bbox"":[339.45068359375,174.78538513183594,354.819580078125,190.599609375],""confidence"":0.0721617341041565},{""bbox"":[341.6504211425781,218.40476989746094,356.2751770019531,233.2587127685547],""confidence"":0.056723181158304214},{""bbox"":[0.33618849515914917,444.0,11.686989784240723,444.0],""confidence"":0.03343702107667923},{""bbox"":[336.1460876464844,140.63890075683594,355.9680480957031,162.68125915527344],""confidence"":0.01291237585246563},{""bbox"":[337.6011657714844,221.10302734375,351.6319274902344,234.56607055664062],""confidence"":0.0119416993111372},{""bbox"":[0.0,0.0,5.759271621704102,5.521535873413086],""confidence"":0.011284125968813896},{""bbox"":[338.6503601074219,143.3027801513672,355.31597900390625,160.69754028320312],""confidence"":0.010330063290894032},{""bbox"":[564.3019409179688,444.0,576.0,444.0],""confidence"":0.009799757041037083},{""bbox"":[476.9403381347656,185.203125,486.6797180175781,196.48211669921875],""confidence"":0.00957487989217043},{""bbox"":[342.0138854980469,174.94801330566406,356.8720703125,188.80166625976562],""confidence"":0.0067971874959766865},{""bbox"":[0.0,444.0,11.014979362487793,444.0],""confidence"":0.0065084765665233135},{""bbox"":[1.75935959815979,444.0,14.441893577575684,444.0],""confidence"":0.006441898178309202},{""bbox"":[478.0235900878906,228.70184326171875,487.51971435546875,240.71286010742188],""confidence"":0.006332545541226864},{""bbox"":[560.5474853515625,444.0,572.1901245117188,444.0],""confidence"":0.004263177048414946},{""bbox"":[565.9161987304688,444.0,576.0,444.0],""confidence"":0.003687218762934208},{""bbox"":[0.01796865463256836,444.0,14.069072723388672,444.0],""confidence"":0.0023500691168010235},{""bbox"":[559.156982421875,439.7653503417969,571.9830322265625,444.0],""confidence"":0.002112088492140174},{""bbox"":[476.48468017578125,191.31414794921875,487.3494873046875,202.81146240234375],""confidence"":0.0017154457746073604},{""bbox"":[0.0,0.0,9.368362426757812,0.0],""confidence"":0.0016517123440280557},{""bbox"":[340.3024597167969,171.2889862060547,355.9497375488281,185.5980224609375],""confidence"":0.00149519182741642},{""bbox"":[0.0,439.8054504394531,12.271048545837402,444.0],""confidence"":0.0014286348596215248},{""bbox"":[559.48046875,444.0,574.3076782226562,444.0],""confidence"":0.0013068562839180231}]",29,0.001
001_20200625_003511(4),2,576,444,"[[348.00000000000006,145.0,360.0,157.00000000000003],[350.0,179.0,360.0,191.00000000000003],[350.0,225.99999999999997,361.0,237.0]]","[{""bbox"":[346.71075439453125,144.19915771484375,359.848388671875,157.24893188476562],""confidence"":0.5900975465774536},{""bbox"":[349.4978332519531,224.81076049804688,362.20660400390625,236.76223754882812],""confidence"":0.5625995397567749},{""bbox"":[347.00579833984375,178.05487060546875,360.2880554199219,191.76608276367188],""confidence"":0.5495594143867493},{""bbox"":[348.6495666503906,223.45855712890625,363.5716552734375,238.35250854492188],""confidence"":0.3233652710914612},{""bbox"":[345.2122802734375,144.254638671875,361.1811218261719,159.54208374023438],""confidence"":0.23526345193386078},{""bbox"":[346.660400390625,175.18199157714844,360.62841796875,190.18673706054688],""confidence"":0.050857868045568466},{""bbox"":[490.01605224609375,156.56626892089844,501.6523132324219,167.15647888183594],""confidence"":0.0497245118021965},{""bbox"":[0.3310669958591461,444.0,11.681025505065918,444.0],""confidence"":0.03294134885072708},{""bbox"":[346.9794921875,178.02108764648438,364.2480163574219,193.757568359375],""confidence"":0.01677859015762806},{""bbox"":[491.3993225097656,237.92112731933594,501.0146789550781,247.33212280273438],""confidence"":0.009538108482956886},{""bbox"":[0.0,0.0,5.805227279663086,5.629504203796387],""confidence"":0.009395696222782135},{""bbox"":[564.3755493164062,444.0,576.0,444.0],""confidence"":0.008925650268793106},{""bbox"":[0.0,444.0,11.00486946105957,444.0],""confidence"":0.006442694924771786},{""bbox"":[1.771470308303833,444.0,14.456270217895508,444.0],""confidence"":0.006267618387937546},{""bbox"":[348.2569580078125,144.5290985107422,363.95404052734375,158.6701202392578],""confidence"":0.0047399732284247875},{""bbox"":[560.540771484375,444.0,572.1795043945312,444.0],""confidence"":0.003599555930122733},{""bbox"":[565.9962158203125,444.0,576.0,444.0],""confidence"":0.0035576813388615847},{""bbox"":[345.7832946777344,139.11630249023438,360.85400390625,156.3809356689453],""confidence"":0.003451695665717125},{""bbox"":[0.0,0.0,5.971162796020508,2.944342613220215],""confidence"":0.0033165784552693367},{""bbox"":[349.17706298828125,224.9578094482422,364.9064636230469,240.83074951171875],""confidence"":0.003199323546141386},{""bbox"":[490.24053955078125,153.71524047851562,502.17059326171875,166.07408142089844],""confidence"":0.0031551714055240154},{""bbox"":[353.1654357910156,223.60736083984375,368.612548828125,239.6903076171875],""confidence"":0.002730458974838257},{""bbox"":[487.5240173339844,156.35711669921875,500.3841552734375,169.52127075195312],""confidence"":0.002426628954708576},{""bbox"":[0.02288074418902397,444.0,14.071721076965332,444.0],""confidence"":0.0022827836219221354},{""bbox"":[490.9573059082031,236.06314086914062,502.698486328125,248.75828552246094],""confidence"":0.0021718835923820734},{""bbox"":[420.5963439941406,229.3949432373047,432.0541076660156,239.5674591064453],""confidence"":0.001978540327399969},{""bbox"":[559.1165161132812,439.76287841796875,571.9583129882812,444.0],""confidence"":0.0018494556425139308},{""bbox"":[0.0,0.0,9.368393898010254,0.0],""confidence"":0.001651739003136754},{""bbox"":[344.34820556640625,177.43328857421875,363.6529541015625,197.7317352294922],""confidence"":0.0016024131327867508},{""bbox"":[0.0,439.8092346191406,12.262665748596191,444.0],""confidence"":0.0013922658981755376},{""bbox"":[559.4810791015625,444.0,574.2666625976562,444.0],""confidence"":0.001191460993140936}]",31,0.001
001_20200625_003515(9),2,576,444,"[[342.99999999999994,154.0,357.0,167.00000000000003],[347.0,187.0,360.0,202.0],[349.0,233.0,360.99999999999994,249.00000000000003]]","[{""bbox"":[346.42913818359375,187.9501953125,359.6629333496094,201.64256286621094],""confidence"":0.5665778517723083},{""bbox"":[348.84332275390625,233.3441162109375,362.19818115234375,246.37734985351562],""confidence"":0.556302011013031},{""bbox"":[346.44061279296875,154.1872100830078,359.1460266113281,166.72213745117188],""confidence"":0.5498671531677246},{""bbox"":[345.33984375,153.90174865722656,360.9839782714844,169.22808837890625],""confidence"":0.11167868971824646},{""bbox"":[348.3584289550781,232.53573608398438,364.767333984375,248.4525146484375],""confidence"":0.041165195405483246},{""bbox"":[0.29988640546798706,444.0,11.65040397644043,444.0],""confidence"":0.03223556652665138},{""bbox"":[345.5986328125,188.4610595703125,360.9996337890625,204.79920959472656],""confidence"":0.021010931581258774},{""bbox"":[349.2378845214844,229.11300659179688,363.22613525390625,243.6141357421875],""confidence"":0.013111691921949387},{""bbox"":[0.0,0.0,5.746920585632324,5.510295867919922],""confidence"":0.011630076915025711},{""bbox"":[564.3099975585938,444.0,576.0,444.0],""confidence"":0.009102185256779194},{""bbox"":[488.2336120605469,165.67909240722656,499.5394287109375,175.90890502929688],""confidence"":0.00692678103223443},{""bbox"":[491.2938537597656,248.8129119873047,501.3771057128906,259.95843505859375],""confidence"":0.0067074233666062355},{""bbox"":[0.0,444.0,10.973001480102539,444.0],""confidence"":0.006437767297029495},{""bbox"":[1.746842861175537,444.0,14.435138702392578,444.0],""confidence"":0.0058468664065003395},{""bbox"":[492.0206604003906,243.4041748046875,500.8187255859375,255.8792724609375],""confidence"":0.005062718875706196},{""bbox"":[344.5299987792969,156.97007751464844,361.8198547363281,174.38059997558594],""confidence"":0.004350877832621336},{""bbox"":[490.941650390625,244.72457885742188,502.41949462890625,256.68988037109375],""confidence"":0.004134203307330608},{""bbox"":[560.5184936523438,444.0,572.1630249023438,444.0],""confidence"":0.00384064600802958},{""bbox"":[565.936279296875,444.0,576.0,444.0],""confidence"":0.003596629248932004},{""bbox"":[347.4470520019531,187.90878295898438,364.1303405761719,203.1403350830078],""confidence"":0.0032124400604516268},{""bbox"":[352.9676818847656,231.51466369628906,368.69329833984375,247.92791748046875],""confidence"":0.002510624937713146},{""bbox"":[0.0018779754173010588,444.0,14.057625770568848,444.0],""confidence"":0.0021710703149437904},{""bbox"":[490.8078308105469,199.67257690429688,499.6173095703125,209.69749450683594],""confidence"":0.0019820642191916704},{""bbox"":[559.1268310546875,439.7773132324219,571.947021484375,444.0],""confidence"":0.0019684669096022844},{""bbox"":[0.0,0.0,9.368387222290039,0.0],""confidence"":0.0016517326002940536},{""bbox"":[0.0,439.80523681640625,12.229105949401855,444.0],""confidence"":0.0013779617147520185},{""bbox"":[344.8115234375,182.4286346435547,359.4759216308594,198.30859375],""confidence"":0.0013522356748580933},{""bbox"":[559.4566650390625,444.0,574.2581176757812,444.0],""confidence"":0.0012528026709333062}]",28,0.001
001_20200625_003520(4),2,576,444,"[[340.0,152.0,354.0,163.0],[342.0,187.0,353.00000000000006,198.0],[346.0,233.0,355.0,244.00000000000003]]","[{""bbox"":[341.542236328125,186.46876525878906,354.6340026855469,199.75634765625],""confidence"":0.5755141377449036},{""bbox"":[341.4151916503906,153.30299377441406,354.41156005859375,166.1427764892578],""confidence"":0.5746010541915894},{""bbox"":[343.52093505859375,232.17486572265625,356.2796936035156,244.4264373779297],""confidence"":0.5626583695411682},{""bbox"":[342.0776672363281,230.74407958984375,357.3838195800781,245.94290161132812],""confidence"":0.3267172873020172},{""bbox"":[341.4123840332031,231.268798828125,354.847900390625,243.90829467773438],""confidence"":0.16244055330753326},{""bbox"":[343.10308837890625,228.86361694335938,357.5298156738281,243.47410583496094],""confidence"":0.11681689321994781},{""bbox"":[339.5671691894531,153.7635955810547,354.7515869140625,169.1247100830078],""confidence"":0.09432671219110489},{""bbox"":[337.6893005371094,153.6400909423828,351.63995361328125,167.25466918945312],""confidence"":0.05311567708849907},{""bbox"":[0.32346323132514954,444.0,11.670656204223633,444.0],""confidence"":0.03403684124350548},{""bbox"":[484.2768249511719,164.74899291992188,495.2562561035156,175.1395263671875],""confidence"":0.011716506443917751},{""bbox"":[0.0,0.0,5.777743339538574,5.558258056640625],""confidence"":0.010434682480990887},{""bbox"":[337.9956970214844,187.2266387939453,352.4013977050781,201.50567626953125],""confidence"":0.009593608789145947},{""bbox"":[564.2337646484375,444.0,576.0,444.0],""confidence"":0.009014774113893509},{""bbox"":[339.9989013671875,182.40687561035156,354.2039794921875,197.455078125],""confidence"":0.007358779199421406},{""bbox"":[0.0,444.0,11.003171920776367,444.0],""confidence"":0.006632511503994465},{""bbox"":[1.7306560277938843,444.0,14.416657447814941,444.0],""confidence"":0.006578200496733189},{""bbox"":[482.79364013671875,243.95201110839844,494.3998107910156,254.7554168701172],""confidence"":0.005716860294342041},{""bbox"":[479.6270446777344,243.21994018554688,489.20172119140625,255.30731201171875],""confidence"":0.0052751172333955765},{""bbox"":[337.8782043457031,231.21099853515625,352.08905029296875,245.05125427246094],""confidence"":0.004949777387082577},{""bbox"":[560.473876953125,444.0,572.1246948242188,444.0],""confidence"":0.004251065198332071},{""bbox"":[478.40118408203125,165.5771484375,488.8946533203125,175.53636169433594],""confidence"":0.003637306857854128},{""bbox"":[565.85595703125,444.0,576.0,444.0],""confidence"":0.0035785711370408535},{""bbox"":[0.0,0.0,5.952785491943359,2.9342832565307617],""confidence"":0.0035600350238382816},{""bbox"":[390.4323425292969,237.98687744140625,402.43292236328125,250.19158935546875],""confidence"":0.003528798231855035},{""bbox"":[477.8646240234375,199.65220642089844,487.35394287109375,210.7689971923828],""confidence"":0.003290552878752351},{""bbox"":[0.0,444.0,14.056173324584961,444.0],""confidence"":0.002389167668297887},{""bbox"":[479.34112548828125,248.46766662597656,490.0951843261719,259.8460998535156],""confidence"":0.0022026237566024065},{""bbox"":[559.0458984375,439.79400634765625,571.8770141601562,444.0],""confidence"":0.00207243743352592},{""bbox"":[339.2835693359375,186.68682861328125,356.92926025390625,204.78306579589844],""confidence"":0.0018842670833691955},{""bbox"":[480.8353271484375,244.11099243164062,492.2316589355469,255.02853393554688],""confidence"":0.001807133317925036},{""bbox"":[0.0,0.0,9.368385314941406,0.0],""confidence"":0.001651762635447085},{""bbox"":[339.3763427734375,158.36480712890625,356.3871765136719,175.70816040039062],""confidence"":0.0016334910178557038},{""bbox"":[0.0,439.8047790527344,12.25169849395752,444.0],""confidence"":0.0014402356464415789},{""bbox"":[489.11077880859375,243.0998077392578,499.040771484375,255.19476318359375],""confidence"":0.0013658349635079503},{""bbox"":[559.4176635742188,444.0,574.204833984375,444.0],""confidence"":0.001331199542619288}]",35,0.001
001_20200625_003524(9),2,576,444,"[[345.0,150.0,357.0,163.0],[346.0,183.0,356.0,194.0],[350.0,229.99999999999997,360.0,241.0]]","[{""bbox"":[345.4767150878906,182.50839233398438,357.8968811035156,195.27813720703125],""confidence"":0.549716591835022},{""bbox"":[348.6067199707031,227.9991455078125,361.42413330078125,240.61167907714844],""confidence"":0.5450232625007629},{""bbox"":[346.374267578125,149.35841369628906,358.4179382324219,161.58241271972656],""confidence"":0.5380932688713074},{""bbox"":[347.5445861816406,225.5634307861328,361.02410888671875,239.6270294189453],""confidence"":0.1414269208908081},{""bbox"":[345.85888671875,146.42214965820312,358.84075927734375,160.5004119873047],""confidence"":0.096015065908432},{""bbox"":[344.244384765625,182.404541015625,359.10296630859375,197.7872772216797],""confidence"":0.07025119662284851},{""bbox"":[348.8002014160156,227.33157348632812,364.2260437011719,242.00711059570312],""confidence"":0.04922657832503319},{""bbox"":[0.28510722517967224,444.0,11.627838134765625,444.0],""confidence"":0.032301753759384155},{""bbox"":[346.36480712890625,227.9117889404297,362.5412292480469,245.2764434814453],""confidence"":0.013435572385787964},{""bbox"":[0.0,0.0,5.794554233551025,5.567431449890137],""confidence"":0.010657909326255322},{""bbox"":[489.38079833984375,162.61903381347656,500.7734069824219,174.1091766357422],""confidence"":0.010518152266740799},{""bbox"":[341.714111328125,148.71316528320312,361.21044921875,169.91754150390625],""confidence"":0.010003619827330112},{""bbox"":[564.319091796875,444.0,576.0,444.0],""confidence"":0.008552615530788898},{""bbox"":[341.82635498046875,182.0171356201172,356.33917236328125,195.0313262939453],""confidence"":0.0077982330694794655},{""bbox"":[0.0,444.0,10.949271202087402,444.0],""confidence"":0.006566519849002361},{""bbox"":[477.4759216308594,238.36354064941406,488.0986022949219,248.73606872558594],""confidence"":0.0060223424807190895},{""bbox"":[1.716636061668396,444.0,14.409334182739258,444.0],""confidence"":0.005830558482557535},{""bbox"":[344.0835876464844,185.39535522460938,360.0687255859375,202.2671661376953],""confidence"":0.0043504005298018456},{""bbox"":[489.12615966796875,196.56976318359375,499.1529235839844,205.3677215576172],""confidence"":0.004192933905869722},{""bbox"":[490.6142578125,157.33245849609375,502.0684814453125,169.92086791992188],""confidence"":0.0037613415624946356},{""bbox"":[560.4912719726562,444.0,572.1387939453125,444.0],""confidence"":0.00373099185526371},{""bbox"":[565.953125,444.0,576.0,444.0],""confidence"":0.003500200342386961},{""bbox"":[488.4743347167969,239.21054077148438,499.1772155761719,248.9040985107422],""confidence"":0.002612173091620207},{""bbox"":[341.83447265625,149.3087615966797,356.6361389160156,161.927978515625],""confidence"":0.00245850533246994},{""bbox"":[347.064453125,149.1253662109375,364.35198974609375,164.1707000732422],""confidence"":0.0023125854786485434},{""bbox"":[0.0,444.0,14.050606727600098,444.0],""confidence"":0.002197182970121503},{""bbox"":[559.076416015625,439.7560119628906,571.9209594726562,444.0],""confidence"":0.0018702709348872304},{""bbox"":[0.0,0.0,9.3683443069458,0.0],""confidence"":0.0016516242176294327},{""bbox"":[0.0,439.79534912109375,12.209030151367188,444.0],""confidence"":0.0013594487681984901},{""bbox"":[559.4464721679688,444.0,574.2161865234375,444.0],""confidence"":0.0012352761114016175}]",30,0.001
001_20200625_003529(2),2,576,444,"[[341.0,146.0,350.0,159.0],[342.0,180.0,353.99999999999994,195.0],[344.99999999999994,226.0,356.0,237.99999999999997]]","[{""bbox"":[340.4593200683594,179.24484252929688,353.4209899902344,192.55270385742188],""confidence"":0.5844778418540955},{""bbox"":[341.5693664550781,146.64962768554688,354.3094177246094,158.8937225341797],""confidence"":0.5770962238311768},{""bbox"":[343.6498107910156,225.42352294921875,356.3241882324219,237.71788024902344],""confidence"":0.5691847801208496},{""bbox"":[342.6966247558594,225.27627563476562,358.08111572265625,240.3516082763672],""confidence"":0.3613815903663635},{""bbox"":[340.019287109375,145.62803649902344,355.3536682128906,160.3799285888672],""confidence"":0.23760461807250977},{""bbox"":[341.39605712890625,224.57740783691406,354.9504699707031,237.32363891601562],""confidence"":0.1487712562084198},{""bbox"":[337.80963134765625,179.66856384277344,352.1158142089844,193.44273376464844],""confidence"":0.1088462620973587},{""bbox"":[337.7994689941406,146.1060791015625,352.07269287109375,159.3740997314453],""confidence"":0.04596739634871483},{""bbox"":[477.3999938964844,234.7833251953125,488.217041015625,246.17295837402344],""confidence"":0.04226948693394661},{""bbox"":[340.672119140625,179.2795867919922,357.0254821777344,194.6687469482422],""confidence"":0.04132331907749176},{""bbox"":[0.3257575035095215,444.0,11.67049789428711,444.0],""confidence"":0.032763589173555374},{""bbox"":[342.62872314453125,146.1842498779297,356.9029235839844,159.65541076660156],""confidence"":0.025585368275642395},{""bbox"":[339.6426696777344,146.57101440429688,357.9440612792969,162.55941772460938],""confidence"":0.019362421706318855},{""bbox"":[342.55322265625,142.6369171142578,356.42431640625,157.15139770507812],""confidence"":0.012189572677016258},{""bbox"":[0.0,0.0,5.762511730194092,5.530963897705078],""confidence"":0.011255159042775631},{""bbox"":[564.3179321289062,444.0,576.0,444.0],""confidence"":0.00937184039503336},{""bbox"":[339.3414611816406,175.1935272216797,353.8334655761719,191.098876953125],""confidence"":0.009293192066252232},{""bbox"":[0.0,444.0,10.993570327758789,444.0],""confidence"":0.006452845875173807},{""bbox"":[1.7658942937850952,444.0,14.444181442260742,444.0],""confidence"":0.006166920065879822},{""bbox"":[483.2149963378906,155.37493896484375,494.6902160644531,166.13502502441406],""confidence"":0.005543289240449667},{""bbox"":[560.5616455078125,444.0,572.199951171875,444.0],""confidence"":0.003953307401388884},{""bbox"":[338.44049072265625,179.2360076904297,355.7870178222656,197.60130310058594],""confidence"":0.0038622261490672827},{""bbox"":[565.9480590820312,444.0,576.0,444.0],""confidence"":0.0036313876044005156},{""bbox"":[479.6215515136719,232.69798278808594,491.8080139160156,244.78662109375],""confidence"":0.0027579173911362886},{""bbox"":[0.020333290100097656,444.0,14.06169319152832,444.0],""confidence"":0.0022627876605838537},{""bbox"":[337.7447204589844,225.16297912597656,351.82940673828125,239.3644561767578],""confidence"":0.00217458326369524},{""bbox"":[559.168212890625,439.7724914550781,571.980712890625,444.0],""confidence"":0.0019817668944597244},{""bbox"":[475.52496337890625,192.10134887695312,486.1636962890625,203.0748748779297],""confidence"":0.0017094655195251107},{""bbox"":[0.0,0.0,9.368393898010254,0.0],""confidence"":0.0016517704352736473},{""bbox"":[342.9017028808594,227.35032653808594,359.57037353515625,245.3612518310547],""confidence"":0.0016402533510699868},{""bbox"":[0.0,439.79962158203125,12.254037857055664,444.0],""confidence"":0.0013797756982967257},{""bbox"":[479.8575439453125,155.68812561035156,489.3275146484375,165.599365234375],""confidence"":0.0013392000691965222},{""bbox"":[559.5166625976562,444.0,574.2763671875,444.0],""confidence"":0.0012503154575824738}]",33,0.001
001_20200629_082905(4),2,576,444,"[[349.0,194.0,363.0,208.0],[344.99999999999994,228.0,356.0,239.00000000000003],[339.0,273.99999999999994,349.0,285.0]]","[{""bbox"":[342.9373474121094,225.61956787109375,356.19476318359375,238.2385711669922],""confidence"":0.5647525191307068},{""bbox"":[349.4646911621094,194.3007354736328,362.5940246582031,205.97402954101562],""confidence"":0.5400300025939941},{""bbox"":[338.3616027832031,272.2025451660156,350.7194519042969,284.839111328125],""confidence"":0.5386658906936646},{""bbox"":[341.2799377441406,224.66993713378906,354.42974853515625,237.05197143554688],""confidence"":0.2530249059200287},{""bbox"":[339.7952880859375,271.0224914550781,355.046875,286.33270263671875],""confidence"":0.14375878870487213},{""bbox"":[341.5205078125,224.10284423828125,358.59063720703125,241.5724334716797],""confidence"":0.11375560611486435},{""bbox"":[337.54949951171875,268.81298828125,352.1451416015625,285.1108703613281],""confidence"":0.0391133651137352},{""bbox"":[337.2275390625,272.548583984375,351.96173095703125,288.17279052734375],""confidence"":0.03909244015812874},{""bbox"":[0.2891301214694977,444.0,11.6284761428833,444.0],""confidence"":0.03008800558745861},{""bbox"":[338.9817810058594,272.9027404785156,354.8317565917969,289.40289306640625],""confidence"":0.025072555989027023},{""bbox"":[347.40625,189.50624084472656,363.05462646484375,207.4361572265625],""confidence"":0.019758688285946846},{""bbox"":[344.4276428222656,193.18682861328125,363.1396179199219,212.7830352783203],""confidence"":0.01372029259800911},{""bbox"":[476.6897277832031,283.5276184082031,486.74420166015625,293.193603515625],""confidence"":0.01097708661109209},{""bbox"":[0.0,0.0,5.766891002655029,5.541194915771484],""confidence"":0.010870908387005329},{""bbox"":[334.6124572753906,271.9421081542969,349.115234375,285.02056884765625],""confidence"":0.009978754445910454},{""bbox"":[564.4124755859375,444.0,576.0,444.0],""confidence"":0.008703440427780151},{""bbox"":[0.0,444.0,10.940526008605957,444.0],""confidence"":0.0061918566934764385},{""bbox"":[342.5314636230469,228.97276306152344,358.2092590332031,245.5425567626953],""confidence"":0.005628927610814571},{""bbox"":[1.770994782447815,444.0,14.447888374328613,444.0],""confidence"":0.005124003626406193},{""bbox"":[566.0172729492188,444.0,576.0,444.0],""confidence"":0.0034480991307646036},{""bbox"":[560.5588989257812,444.0,572.1925659179688,444.0],""confidence"":0.003426756476983428},{""bbox"":[352.9479064941406,193.68939208984375,368.5361328125,209.47532653808594],""confidence"":0.002994977869093418},{""bbox"":[417.6207275390625,222.2823028564453,428.5357971191406,232.8265380859375],""confidence"":0.002746343147009611},{""bbox"":[0.036850545555353165,444.0,14.058730125427246,444.0],""confidence"":0.001970928395166993},{""bbox"":[559.0944213867188,439.72393798828125,571.9717407226562,444.0],""confidence"":0.0018570070387795568},{""bbox"":[0.0,0.0,9.368409156799316,0.0],""confidence"":0.0016518010525032878},{""bbox"":[343.8525695800781,205.05470275878906,362.1624755859375,222.9717559814453],""confidence"":0.001644591917283833},{""bbox"":[336.2604064941406,271.97613525390625,356.29693603515625,291.5814514160156],""confidence"":0.0016414718702435493},{""bbox"":[337.47845458984375,224.47857666015625,351.3913879394531,237.89146423339844],""confidence"":0.0016059597255662084},{""bbox"":[0.0,439.7991943359375,12.207452774047852,444.0],""confidence"":0.0012447116896510124},{""bbox"":[434.5049743652344,313.9690246582031,443.9163513183594,324.2814636230469],""confidence"":0.0011674256529659033},{""bbox"":[559.4461059570312,444.0,574.3115844726562,444.0],""confidence"":0.0011331187561154366}]",32,0.001
001_20200629_123107(1),2,576,444,"[[339.99999999999994,160.99999999999997,351.0,173.0],[342.99999999999994,196.00000000000003,354.0,207.0],[347.0,242.0,355.0,253.99999999999997]]","[{""bbox"":[341.60614013671875,194.06716918945312,354.5174865722656,206.874755859375],""confidence"":0.5652053356170654},{""bbox"":[344.31463623046875,240.31756591796875,356.7549133300781,252.61012268066406],""confidence"":0.5610969662666321},{""bbox"":[342.44317626953125,160.6311798095703,355.7220153808594,173.6214141845703],""confidence"":0.5610177516937256},{""bbox"":[343.1833801269531,239.9632568359375,358.5986328125,255.1654815673828],""confidence"":0.35603415966033936},{""bbox"":[474.86151123046875,211.5690155029297,486.9811706542969,223.54537963867188],""confidence"":0.08888529986143112},{""bbox"":[340.62823486328125,160.34718322753906,356.68914794921875,176.3789825439453],""confidence"":0.08489837497472763},{""bbox"":[341.4619140625,239.07122802734375,355.3906555175781,251.9791717529297],""confidence"":0.075830839574337},{""bbox"":[337.82818603515625,193.8994903564453,352.1391296386719,207.64161682128906],""confidence"":0.07523616403341293},{""bbox"":[337.83721923828125,160.0063018798828,352.2562255859375,173.7458038330078],""confidence"":0.03699622303247452},{""bbox"":[0.33283424377441406,444.0,11.678557395935059,444.0],""confidence"":0.03324318677186966},{""bbox"":[476.9145202636719,253.84207153320312,486.6264343261719,262.9981384277344],""confidence"":0.02686358243227005},{""bbox"":[473.8288879394531,175.02005004882812,486.9736022949219,188.3263702392578],""confidence"":0.01775968074798584},{""bbox"":[342.53106689453125,157.01242065429688,357.10345458984375,171.68861389160156],""confidence"":0.015993477776646614},{""bbox"":[0.0,0.0,5.783536911010742,5.533071517944336],""confidence"":0.010983253829181194},{""bbox"":[564.3449096679688,444.0,576.0,444.0],""confidence"":0.00869804434478283},{""bbox"":[0.0,444.0,11.008358001708984,444.0],""confidence"":0.006533369421958923},{""bbox"":[1.7768256664276123,444.0,14.44635009765625,444.0],""confidence"":0.006433992180973291},{""bbox"":[340.0232849121094,189.53733825683594,354.7322082519531,205.521240234375],""confidence"":0.00638603325933218},{""bbox"":[560.5106811523438,444.0,572.1480712890625,444.0],""confidence"":0.0038159058894962072},{""bbox"":[565.9711303710938,444.0,576.0,444.0],""confidence"":0.00349899148568511},{""bbox"":[476.4634094238281,214.4178009033203,490.02197265625,228.01661682128906],""confidence"":0.003386450232937932},{""bbox"":[339.3815612792969,194.24612426757812,356.1867980957031,211.9080810546875],""confidence"":0.0023478788789361715},{""bbox"":[0.016849422827363014,444.0,14.054303169250488,444.0],""confidence"":0.0023375656455755234},{""bbox"":[343.43157958984375,241.79209899902344,360.10540771484375,259.7389221191406],""confidence"":0.0022517016623169184},{""bbox"":[470.6575927734375,172.9922332763672,482.6548767089844,184.38543701171875],""confidence"":0.0021981794852763414},{""bbox"":[476.0362243652344,210.5716552734375,490.2495422363281,225.4485626220703],""confidence"":0.002180693205446005},{""bbox"":[559.0629272460938,439.75775146484375,571.9215087890625,444.0],""confidence"":0.001899493159726262},{""bbox"":[0.0,0.0,9.368301391601562,0.0],""confidence"":0.001651622587814927},{""bbox"":[0.0,439.80279541015625,12.267431259155273,444.0],""confidence"":0.0014268645318225026},{""bbox"":[337.73297119140625,239.98683166503906,351.7201232910156,254.03948974609375],""confidence"":0.0013186667347326875},{""bbox"":[559.4585571289062,444.0,574.2338256835938,444.0],""confidence"":0.0012311589671298862}]",31,0.001
001_20200629_123111(6),2,576,444,"[[348.00000000000006,161.0,360.0,171.0],[348.99999999999994,196.0,360.0,205.0],[351.0,239.99999999999997,362.00000000000006,251.0]]","[{""bbox"":[347.1642761230469,193.54669189453125,360.1705627441406,206.77735900878906],""confidence"":0.5823258757591248},{""bbox"":[348.2187805175781,160.18988037109375,361.0929260253906,172.67662048339844],""confidence"":0.5794522166252136},{""bbox"":[349.7038879394531,240.035888671875,362.33453369140625,251.74378967285156],""confidence"":0.557490885257721},{""bbox"":[346.5909118652344,160.56219482421875,361.8349914550781,176.2763214111328],""confidence"":0.07492806762456894},{""bbox"":[489.87188720703125,256.13848876953125,500.05645751953125,266.6159362792969],""confidence"":0.04343443736433983},{""bbox"":[347.5547790527344,193.47500610351562,364.1946105957031,208.84080505371094],""confidence"":0.0318351574242115},{""bbox"":[0.3455371856689453,444.0,11.689287185668945,444.0],""confidence"":0.02939227595925331},{""bbox"":[348.4771423339844,160.51815795898438,364.090576171875,174.16641235351562],""confidence"":0.026921283453702927},{""bbox"":[348.8791809082031,157.1278839111328,361.57958984375,171.4401092529297],""confidence"":0.016083311289548874},{""bbox"":[345.85870361328125,189.59127807617188,360.8318786621094,206.15008544921875],""confidence"":0.013954266905784607},{""bbox"":[0.0,0.0,5.7736029624938965,5.543893337249756],""confidence"":0.011044656857848167},{""bbox"":[485.75439453125,212.4925537109375,498.4354553222656,224.05010986328125],""confidence"":0.009281662292778492},{""bbox"":[564.3540649414062,444.0,576.0,444.0],""confidence"":0.008726682513952255},{""bbox"":[348.41033935546875,239.7143096923828,363.04534912109375,255.02090454101562],""confidence"":0.008595280349254608},{""bbox"":[0.0,444.0,10.975662231445312,444.0],""confidence"":0.005982030648738146},{""bbox"":[385.7919616699219,243.7660675048828,397.21978759765625,254.07278442382812],""confidence"":0.005716657266020775},{""bbox"":[1.8755979537963867,444.0,14.543678283691406,444.0],""confidence"":0.005563703365623951},{""bbox"":[490.0996398925781,253.96539306640625,502.1314392089844,265.9236755371094],""confidence"":0.005453532561659813},{""bbox"":[560.576171875,444.0,572.199462890625,444.0],""confidence"":0.003691493533551693},{""bbox"":[565.9990234375,444.0,576.0,444.0],""confidence"":0.003506661392748356},{""bbox"":[482.7060546875,210.64173889160156,495.9120788574219,224.8336639404297],""confidence"":0.0034167496487498283},{""bbox"":[478.127685546875,211.64476013183594,490.0748596191406,223.41958618164062],""confidence"":0.002495350781828165},{""bbox"":[483.84808349609375,213.71522521972656,496.3898620605469,227.21554565429688],""confidence"":0.0023638547863811255},{""bbox"":[345.12396240234375,193.4092254638672,362.8299560546875,211.96380615234375],""confidence"":0.002156264381483197},{""bbox"":[0.09066896140575409,444.0,14.123711585998535,444.0],""confidence"":0.002079476835206151},{""bbox"":[559.1328735351562,439.7643127441406,571.968017578125,444.0],""confidence"":0.0018411374185234308},{""bbox"":[353.3709716796875,238.67286682128906,368.6105651855469,254.46856689453125],""confidence"":0.001829112763516605},{""bbox"":[446.0395812988281,209.27609252929688,457.67706298828125,220.36322021484375],""confidence"":0.0017055082134902477},{""bbox"":[0.0,0.0,9.368297576904297,0.0],""confidence"":0.0016516768373548985},{""bbox"":[489.814453125,255.212890625,503.4974670410156,270.57025146484375],""confidence"":0.001396098406985402},{""bbox"":[0.0,439.77447509765625,12.276518821716309,444.0],""confidence"":0.001243917620740831},{""bbox"":[559.5604858398438,444.0,574.23974609375,444.0],""confidence"":0.0011851810850203037},{""bbox"":[402.8307800292969,205.14620971679688,414.2035217285156,217.13186645507812],""confidence"":0.0011686455691233277},{""bbox"":[482.0776062011719,209.30284118652344,495.4242248535156,222.33998107910156],""confidence"":0.0010864752111956477}]",34,0.001
001_20200629_123116(1),2,576,444,"[[339.0,144.0,354.0,159.0],[342.99999999999994,180.99999999999997,354.0,193.0],[346.0,224.00000000000003,357.00000000000006,237.99999999999997]]","[{""bbox"":[339.5937194824219,144.3128662109375,352.8167419433594,157.52996826171875],""confidence"":0.5816363096237183},{""bbox"":[343.8575439453125,225.3749542236328,356.26495361328125,237.08946228027344],""confidence"":0.5647896528244019},{""bbox"":[340.76904296875,178.39627075195312,353.3407897949219,190.68057250976562],""confidence"":0.5448803901672363},{""bbox"":[342.8534851074219,224.99114990234375,358.0728454589844,239.92816162109375],""confidence"":0.3501533269882202},{""bbox"":[339.6376647949219,177.27032470703125,354.71826171875,191.9270782470703],""confidence"":0.28591665625572205},{""bbox"":[337.878662109375,177.8542022705078,352.2068786621094,191.19219970703125],""confidence"":0.13355959951877594},{""bbox"":[341.5035095214844,224.58828735351562,354.72808837890625,236.76815795898438],""confidence"":0.1271444857120514},{""bbox"":[338.9350280761719,144.3818359375,354.7637939453125,160.49842834472656],""confidence"":0.09039619565010071},{""bbox"":[339.8438720703125,175.17446899414062,353.55426025390625,189.6114959716797],""confidence"":0.08179078996181488},{""bbox"":[340.7226257324219,142.16253662109375,355.7286071777344,157.07568359375],""confidence"":0.04173285514116287},{""bbox"":[337.86529541015625,142.5229034423828,351.80078125,156.8847198486328],""confidence"":0.03438611701130867},{""bbox"":[0.3053314983844757,444.0,11.651864051818848,444.0],""confidence"":0.031903479248285294},{""bbox"":[342.01849365234375,178.41632080078125,356.7096252441406,191.70460510253906],""confidence"":0.028814515098929405},{""bbox"":[0.0,0.0,5.774077415466309,5.545444965362549],""confidence"":0.011039065197110176},{""bbox"":[564.2835083007812,444.0,576.0,444.0],""confidence"":0.008400416001677513},{""bbox"":[484.87432861328125,150.81100463867188,496.010498046875,161.41439819335938],""confidence"":0.006699028424918652},{""bbox"":[476.5776672363281,185.27359008789062,486.5020751953125,196.53689575195312],""confidence"":0.006650342606008053},{""bbox"":[0.0,444.0,10.969144821166992,444.0],""confidence"":0.006412717048078775},{""bbox"":[1.7552920579910278,444.0,14.443388938903809,444.0],""confidence"":0.005870423279702663},{""bbox"":[560.5021362304688,444.0,572.1351318359375,444.0],""confidence"":0.0038641453720629215},{""bbox"":[565.928955078125,444.0,576.0,444.0],""confidence"":0.003452424192801118},{""bbox"":[341.1208801269531,144.57290649414062,356.7530822753906,158.7928466796875],""confidence"":0.0022690368350595236},{""bbox"":[0.016470909118652344,444.0,14.069171905517578,444.0],""confidence"":0.0021852622739970684},{""bbox"":[338.7250671386719,139.20965576171875,353.4443359375,155.77120971679688],""confidence"":0.0021537612192332745},{""bbox"":[475.81549072265625,191.68299865722656,486.6372375488281,202.91392517089844],""confidence"":0.002025491325184703},{""bbox"":[337.6933288574219,224.87969970703125,351.66204833984375,238.82650756835938],""confidence"":0.00198591616936028},{""bbox"":[559.0728759765625,439.74896240234375,571.9034423828125,444.0],""confidence"":0.0019387602806091309},{""bbox"":[477.6789855957031,228.84262084960938,487.6086730957031,241.5377655029297],""confidence"":0.0018349051242694259},{""bbox"":[0.0,0.0,9.368368148803711,0.0],""confidence"":0.0016517004696652293},{""bbox"":[477.07305908203125,232.90234375,488.0666198730469,245.42149353027344],""confidence"":0.0015488710487261415},{""bbox"":[0.0,439.8011474609375,12.232076644897461,444.0],""confidence"":0.0013516574399545789},{""bbox"":[559.452392578125,444.0,574.2207641601562,444.0],""confidence"":0.0012557565933093429},{""bbox"":[343.23016357421875,227.48191833496094,359.4742126464844,245.3217315673828],""confidence"":0.0012178347678855062}]",33,0.001
001_20200629_123120(6),2,576,444,"[[342.0,142.0,356.0,155.00000000000003],[342.0,174.0,357.00000000000006,189.0],[342.99999999999994,223.00000000000003,354.0,232.0]]","[{""bbox"":[341.88909912109375,221.60604858398438,354.1571350097656,232.7144317626953],""confidence"":0.5842044353485107},{""bbox"":[342.2259521484375,174.36773681640625,355.6218566894531,187.2091064453125],""confidence"":0.578546404838562},{""bbox"":[344.5227966308594,141.2655487060547,356.5393981933594,153.11415100097656],""confidence"":0.5510815382003784},{""bbox"":[344.0635986328125,140.7744140625,358.2934265136719,155.2006072998047],""confidence"":0.3001432716846466},{""bbox"":[340.6498718261719,218.35595703125,352.91192626953125,230.99209594726562],""confidence"":0.0888824388384819},{""bbox"":[341.4219970703125,173.92556762695312,358.7948303222656,191.02825927734375],""confidence"":0.03495977446436882},{""bbox"":[0.2769756317138672,444.0,11.615669250488281,444.0],""confidence"":0.03411918506026268},{""bbox"":[343.0994567871094,222.66046142578125,356.83575439453125,234.0416259765625],""confidence"":0.031678903847932816},{""bbox"":[337.64654541015625,221.25892639160156,351.04327392578125,232.7122802734375],""confidence"":0.029813487082719803},{""bbox"":[477.947021484375,167.3175506591797,489.2488708496094,178.09909057617188],""confidence"":0.02927478589117527},{""bbox"":[341.493408203125,141.02915954589844,355.87188720703125,154.92181396484375],""confidence"":0.02507653646171093},{""bbox"":[342.4234924316406,143.57130432128906,359.01031494140625,159.77911376953125],""confidence"":0.023238487541675568},{""bbox"":[342.5148620605469,171.43016052246094,356.6881103515625,185.43453979492188],""confidence"":0.02230673097074032},{""bbox"":[479.88372802734375,167.1011199951172,492.3970642089844,179.10472106933594],""confidence"":0.010426492430269718},{""bbox"":[0.0,0.0,5.795823574066162,5.56843376159668],""confidence"":0.009921765886247158},{""bbox"":[564.3375854492188,444.0,576.0,444.0],""confidence"":0.0071566603146493435},{""bbox"":[0.0,444.0,10.962615966796875,444.0],""confidence"":0.006817258894443512},{""bbox"":[1.634360432624817,444.0,14.31982135772705,444.0],""confidence"":0.00595102971419692},{""bbox"":[478.50238037109375,249.47256469726562,488.54718017578125,260.15362548828125],""confidence"":0.0052461326122283936},{""bbox"":[337.90887451171875,174.92721557617188,351.91375732421875,187.63478088378906],""confidence"":0.004798629321157932},{""bbox"":[481.79364013671875,167.69277954101562,494.4033203125,179.7735595703125],""confidence"":0.004018441773951054},{""bbox"":[478.03985595703125,199.54132080078125,487.59246826171875,209.94410705566406],""confidence"":0.0038722369354218245},{""bbox"":[560.4030151367188,444.0,572.049072265625,444.0],""confidence"":0.0034458977170288563},{""bbox"":[0.0,0.0,5.954061985015869,2.8835127353668213],""confidence"":0.0033961068838834763},{""bbox"":[565.9821166992188,444.0,576.0,444.0],""confidence"":0.003215363947674632},{""bbox"":[0.0,444.0,13.987077713012695,444.0],""confidence"":0.0022612852044403553},{""bbox"":[558.9585571289062,439.75128173828125,571.8147583007812,444.0],""confidence"":0.0017183013260364532},{""bbox"":[0.0,0.0,9.36837387084961,0.0],""confidence"":0.0016517366748303175},{""bbox"":[478.7664794921875,206.68592834472656,489.07427978515625,217.12843322753906],""confidence"":0.001645297626964748},{""bbox"":[0.0,439.7997741699219,12.19929313659668,444.0],""confidence"":0.0014118192484602332},{""bbox"":[559.3670043945312,444.0,574.126953125,444.0],""confidence"":0.0012003284646198153},{""bbox"":[481.5199890136719,169.41883850097656,495.4741516113281,183.71304321289062],""confidence"":0.001118588843382895}]",32,0.001
001_20200629_123125(2),2,576,444,"[[342.0,148.00000000000003,356.0,159.0],[345.0,182.0,357.0,198.0],[350.0,226.0,361.0,239.99999999999997]]","[{""bbox"":[349.26611328125,226.45199584960938,362.62408447265625,239.78297424316406],""confidence"":0.5691573023796082},{""bbox"":[344.8959045410156,180.32859802246094,357.79193115234375,193.31817626953125],""confidence"":0.555762767791748},{""bbox"":[344.921875,147.1181640625,356.99627685546875,159.548583984375],""confidence"":0.5359507203102112},{""bbox"":[348.2574157714844,225.4526824951172,364.1370544433594,241.52622985839844],""confidence"":0.37269604206085205},{""bbox"":[342.9565734863281,145.6611785888672,358.4379577636719,160.14682006835938],""confidence"":0.319957971572876},{""bbox"":[341.788330078125,146.68234252929688,355.8433532714844,159.46063232421875],""confidence"":0.03760295733809471},{""bbox"":[0.2958952784538269,444.0,11.628043174743652,444.0],""confidence"":0.03193046897649765},{""bbox"":[343.89495849609375,179.77029418945312,360.5474853515625,197.68943786621094],""confidence"":0.01752503588795662},{""bbox"":[344.97894287109375,142.72616577148438,358.6208801269531,157.2491455078125],""confidence"":0.013784859329462051},{""bbox"":[0.0,0.0,5.767439365386963,5.5410847663879395],""confidence"":0.01111695822328329},{""bbox"":[564.298583984375,444.0,576.0,444.0],""confidence"":0.008614717051386833},{""bbox"":[341.82958984375,179.55752563476562,356.42987060546875,192.75177001953125],""confidence"":0.00777252996340394},{""bbox"":[0.0,444.0,10.956655502319336,444.0],""confidence"":0.006480030715465546},{""bbox"":[1.730135440826416,444.0,14.39501667022705,444.0],""confidence"":0.005678387824445963},{""bbox"":[560.5087890625,444.0,572.1514282226562,444.0],""confidence"":0.003922967240214348},{""bbox"":[565.9408569335938,444.0,576.0,444.0],""confidence"":0.0035014760214835405},{""bbox"":[347.1772155761719,226.5032501220703,364.46820068359375,245.38809204101562],""confidence"":0.0030462401919066906},{""bbox"":[488.47894287109375,155.51072692871094,499.1187744140625,165.82794189453125],""confidence"":0.0026525435969233513},{""bbox"":[434.7807922363281,229.3868408203125,446.2204284667969,239.98480224609375],""confidence"":0.0023042995017021894},{""bbox"":[0.006637286860495806,444.0,14.037782669067383,444.0],""confidence"":0.002156380098313093},{""bbox"":[490.3964538574219,235.14930725097656,500.8205871582031,246.2181396484375],""confidence"":0.0021253989543765783},{""bbox"":[344.36151123046875,185.05975341796875,360.8684997558594,202.61962890625],""confidence"":0.0020394381135702133},{""bbox"":[559.0986328125,439.7540283203125,571.9335327148438,444.0],""confidence"":0.0019247421296313405},{""bbox"":[478.41607666015625,156.3158416748047,491.86773681640625,169.71597290039062],""confidence"":0.0016925859963521361},{""bbox"":[0.0,0.0,9.368310928344727,0.0],""confidence"":0.0016516328323632479},{""bbox"":[479.7912902832031,155.06381225585938,491.66949462890625,167.348876953125],""confidence"":0.0015203122748062015},{""bbox"":[479.1930847167969,155.4178924560547,489.4328918457031,166.08444213867188],""confidence"":0.0013502910733222961},{""bbox"":[0.0,439.802490234375,12.212286949157715,444.0],""confidence"":0.001331930048763752},{""bbox"":[337.74713134765625,146.34011840820312,351.8638916015625,159.5078887939453],""confidence"":0.0012894067913293839},{""bbox"":[352.56146240234375,224.9058380126953,368.47528076171875,242.15008544921875],""confidence"":0.0012612056452780962},{""bbox"":[559.48193359375,444.0,574.2128295898438,444.0],""confidence"":0.0012545747449621558}]",31,0.001
001_20200728_014351(3),2,576,444,"[[312.99999999999994,215.0,324.0,225.00000000000003]]","[{""bbox"":[313.3280944824219,214.52169799804688,326.4837951660156,226.92713928222656],""confidence"":0.5378801822662354},{""bbox"":[312.16705322265625,215.01138305664062,327.8443298339844,231.09130859375],""confidence"":0.0610007680952549},{""bbox"":[312.4504089355469,211.32366943359375,326.79156494140625,226.19003295898438],""confidence"":0.04458640515804291},{""bbox"":[0.31425532698631287,444.0,11.657422065734863,444.0],""confidence"":0.030678750947117805},{""bbox"":[0.0,0.0,5.7671217918396,5.524186611175537],""confidence"":0.011204571463167667},{""bbox"":[564.3160400390625,444.0,576.0,444.0],""confidence"":0.00934969075024128},{""bbox"":[309.10076904296875,213.99267578125,323.0843811035156,228.46595764160156],""confidence"":0.007076690439134836},{""bbox"":[0.0,444.0,10.977181434631348,444.0],""confidence"":0.0061758654192090034},{""bbox"":[1.782675862312317,444.0,14.454354286193848,444.0],""confidence"":0.005425388924777508},{""bbox"":[560.5478515625,444.0,572.1900634765625,444.0],""confidence"":0.0040488773956894875},{""bbox"":[565.9247436523438,444.0,576.0,444.0],""confidence"":0.00355571904219687},{""bbox"":[559.14794921875,439.76446533203125,571.9615478515625,444.0],""confidence"":0.002091374946758151},{""bbox"":[0.047781944274902344,444.0,14.066648483276367,444.0],""confidence"":0.002055519260466099},{""bbox"":[0.0,0.0,9.368391990661621,0.0],""confidence"":0.0016517727635800838},{""bbox"":[0.0,439.7850646972656,12.240260124206543,444.0],""confidence"":0.0012784602586179972},{""bbox"":[559.4517211914062,444.0,574.3092041015625,444.0],""confidence"":0.0012496671406552196}]",16,0.001
001_20200728_014355(2),2,576,444,"[[323.00000000000006,186.00000000000003,331.0,198.0]]","[{""bbox"":[321.8724060058594,184.48233032226562,334.2896423339844,196.44424438476562],""confidence"":0.5528716444969177},{""bbox"":[325.6783752441406,183.4620819091797,340.4124755859375,198.45457458496094],""confidence"":0.05051281675696373},{""bbox"":[322.943115234375,182.5721893310547,335.82513427734375,196.03396606445312],""confidence"":0.04960021376609802},{""bbox"":[319.845458984375,182.3900146484375,333.58709716796875,195.67654418945312],""confidence"":0.03844355419278145},{""bbox"":[0.2854153513908386,444.0,11.62081527709961,444.0],""confidence"":0.03239113837480545},{""bbox"":[0.0,0.0,5.764867782592773,5.5410847663879395],""confidence"":0.010940484702587128},{""bbox"":[564.41162109375,444.0,576.0,444.0],""confidence"":0.008878812193870544},{""bbox"":[0.0,444.0,10.954845428466797,444.0],""confidence"":0.0064734769985079765},{""bbox"":[1.7118483781814575,444.0,14.377007484436035,444.0],""confidence"":0.005626189988106489},{""bbox"":[560.5391235351562,444.0,572.1734619140625,444.0],""confidence"":0.0036114153917878866},{""bbox"":[321.2095642089844,186.00750732421875,335.3525085449219,201.7642059326172],""confidence"":0.0035205150488764048},{""bbox"":[566.0009155273438,444.0,576.0,444.0],""confidence"":0.0034743421711027622},{""bbox"":[0.0,444.0,14.022177696228027,444.0],""confidence"":0.002110343426465988},{""bbox"":[559.0758666992188,439.7351379394531,571.947021484375,444.0],""confidence"":0.001924018608406186},{""bbox"":[0.0,0.0,9.368404388427734,0.0],""confidence"":0.001651795580983162},{""bbox"":[0.0,439.8151550292969,12.198150634765625,444.0],""confidence"":0.0013525285758078098},{""bbox"":[559.4091186523438,444.0,574.31396484375,444.0],""confidence"":0.0011732979910448194}]",17,0.001
001_20200810_163112(8),2,576,444,"[[314.0,222.0,328.0,233.00000000000003]]","[{""bbox"":[313.8984375,221.4990692138672,326.987548828125,233.7632598876953],""confidence"":0.5209618806838989},{""bbox"":[312.7541198730469,218.30429077148438,327.4236145019531,233.09738159179688],""confidence"":0.10144618898630142},{""bbox"":[0.3205990791320801,444.0,11.658385276794434,444.0],""confidence"":0.031529974192380905},{""bbox"":[308.8960876464844,220.94309997558594,322.9835510253906,234.42051696777344],""confidence"":0.023684559389948845},{""bbox"":[448.840087890625,284.7015075683594,458.0705871582031,294.5848083496094],""confidence"":0.014167330227792263},{""bbox"":[0.0,0.0,5.762604236602783,5.5257039070129395],""confidence"":0.011236489750444889},{""bbox"":[564.4319458007812,444.0,576.0,444.0],""confidence"":0.008401974104344845},{""bbox"":[0.0,444.0,10.981039047241211,444.0],""confidence"":0.00629833061248064},{""bbox"":[1.7819240093231201,444.0,14.445829391479492,444.0],""confidence"":0.005689498968422413},{""bbox"":[566.003173828125,444.0,576.0,444.0],""confidence"":0.003340175375342369},{""bbox"":[560.4944458007812,444.0,572.1417236328125,444.0],""confidence"":0.003260268596932292},{""bbox"":[0.037038516253232956,444.0,14.065153121948242,444.0],""confidence"":0.002133325207978487},{""bbox"":[559.021484375,439.6988830566406,571.9132690429688,444.0],""confidence"":0.001953553408384323},{""bbox"":[0.0,0.0,9.368398666381836,0.0],""confidence"":0.0016517587937414646},{""bbox"":[0.0,439.7861022949219,12.246225357055664,444.0],""confidence"":0.0013356475392356515},{""bbox"":[559.2745361328125,444.0,574.34423828125,444.0],""confidence"":0.0011013802140951157}]",16,0.001
001_20200810_163116(0),2,576,444,"[[319.99999999999994,191.0,331.0,201.99999999999997]]","[{""bbox"":[321.59503173828125,190.87673950195312,334.2923583984375,203.478271484375],""confidence"":0.530494749546051},{""bbox"":[0.3342513144016266,444.0,11.684931755065918,444.0],""confidence"":0.03398044407367706},{""bbox"":[324.2887268066406,188.91290283203125,339.828857421875,204.9514617919922],""confidence"":0.016895543783903122},{""bbox"":[319.2304382324219,190.58010864257812,333.24755859375,204.7735595703125],""confidence"":0.010908860713243484},{""bbox"":[0.0,0.0,5.779287338256836,5.572237968444824],""confidence"":0.010303957387804985},{""bbox"":[564.3967895507812,444.0,576.0,444.0],""confidence"":0.008906053379178047},{""bbox"":[1.754256010055542,444.0,14.438156127929688,444.0],""confidence"":0.006672688294202089},{""bbox"":[0.0,444.0,11.0147705078125,444.0],""confidence"":0.006563776638358831},{""bbox"":[560.5684814453125,444.0,572.1904907226562,444.0],""confidence"":0.0036239849869161844},{""bbox"":[0.0,0.0,5.960323333740234,2.9715545177459717],""confidence"":0.0035574210342019796},{""bbox"":[566.0064086914062,444.0,576.0,444.0],""confidence"":0.003484722226858139},{""bbox"":[0.010541724972426891,444.0,14.07087516784668,444.0],""confidence"":0.0023909711744636297},{""bbox"":[322.76007080078125,186.07867431640625,336.09197998046875,200.5049285888672],""confidence"":0.0021749846637248993},{""bbox"":[559.1110229492188,439.73602294921875,571.9663696289062,444.0],""confidence"":0.0019062708597630262},{""bbox"":[0.0,0.0,9.368406295776367,0.0],""confidence"":0.0016517963958904147},{""bbox"":[0.0,439.820556640625,12.26010799407959,444.0],""confidence"":0.0014438492944464087},{""bbox"":[559.4660034179688,444.0,574.308837890625,444.0],""confidence"":0.0011718850582838058}]",17,0.001
001_20200814_033012(7),2,576,444,"[[315.99999999999994,175.0,326.0,186.0]]","[{""bbox"":[315.5768737792969,174.37510681152344,327.9988098144531,186.6503448486328],""confidence"":0.5493700504302979},{""bbox"":[317.00927734375,171.54124450683594,330.050048828125,186.10548400878906],""confidence"":0.04528618976473808},{""bbox"":[0.3185005187988281,444.0,11.676974296569824,444.0],""confidence"":0.03348635509610176},{""bbox"":[0.0,0.0,5.781286239624023,5.550945281982422],""confidence"":0.010441804304718971},{""bbox"":[564.3849487304688,444.0,576.0,444.0],""confidence"":0.007899081334471703},{""bbox"":[1.7513068914413452,444.0,14.449568748474121,444.0],""confidence"":0.006666353438049555},{""bbox"":[0.0,444.0,10.996050834655762,444.0],""confidence"":0.006579294800758362},{""bbox"":[314.5841064453125,174.69595336914062,329.4803466796875,190.22216796875],""confidence"":0.0049614072777330875},{""bbox"":[560.4995727539062,444.0,572.135009765625,444.0],""confidence"":0.003420125460252166},{""bbox"":[566.0186157226562,444.0,576.0,444.0],""confidence"":0.003340713446959853},{""bbox"":[0.0039653778076171875,444.0,14.08913803100586,444.0],""confidence"":0.002380985300987959},{""bbox"":[559.0519409179688,439.73583984375,571.911865234375,444.0],""confidence"":0.0017872746102511883},{""bbox"":[0.0,0.0,9.368391990661621,0.0],""confidence"":0.0016517727635800838},{""bbox"":[0.0,439.8046875,12.253397941589355,444.0],""confidence"":0.0014214057009667158},{""bbox"":[559.448974609375,444.0,574.2161254882812,444.0],""confidence"":0.0011588752968236804}]",15,0.001
001_20200814_033016(6),2,576,444,"[[315.0,136.99999999999997,324.0,150.0]]","[{""bbox"":[313.7825622558594,138.34469604492188,326.7002868652344,150.72332763671875],""confidence"":0.5616869330406189},{""bbox"":[312.96954345703125,138.25234985351562,328.21826171875,153.2397918701172],""confidence"":0.31805309653282166},{""bbox"":[0.31403645873069763,444.0,11.649736404418945,444.0],""confidence"":0.03164749965071678},{""bbox"":[0.0,0.0,5.775225639343262,5.559452533721924],""confidence"":0.010865572839975357},{""bbox"":[308.8316650390625,138.3714599609375,322.810546875,152.4771270751953],""confidence"":0.00925407838076353},{""bbox"":[564.3628540039062,444.0,576.0,444.0],""confidence"":0.008082662709057331},{""bbox"":[0.0,444.0,10.970070838928223,444.0],""confidence"":0.006348227150738239},{""bbox"":[1.762745976448059,444.0,14.429192543029785,444.0],""confidence"":0.005746973212808371},{""bbox"":[560.50341796875,444.0,572.138427734375,444.0],""confidence"":0.003484483575448394},{""bbox"":[565.9966430664062,444.0,576.0,444.0],""confidence"":0.003380559151992202},{""bbox"":[449.5913391113281,127.60765075683594,458.27197265625,138.7975311279297],""confidence"":0.002897156635299325},{""bbox"":[0.031116198748350143,444.0,14.054085731506348,444.0],""confidence"":0.002154458314180374},{""bbox"":[559.051025390625,439.7367858886719,571.9140625,444.0],""confidence"":0.0017826240509748459},{""bbox"":[0.0,0.0,9.368364334106445,0.0],""confidence"":0.0016517406329512596},{""bbox"":[0.0,439.80169677734375,12.234024047851562,444.0],""confidence"":0.0013137232745066285},{""bbox"":[313.443603515625,141.5782470703125,329.12396240234375,158.880615234375],""confidence"":0.0012921378947794437},{""bbox"":[308.7823791503906,139.17298889160156,326.3392028808594,154.70497131347656],""confidence"":0.0012854860397055745},{""bbox"":[559.4544677734375,444.0,574.212158203125,444.0],""confidence"":0.001173329888843}]",18,0.001
001_20200814_203438(9),2,576,444,"[[315.99999999999994,125.0,330.0,136.99999999999997]]","[{""bbox"":[316.5495910644531,124.86122131347656,328.7101745605469,137.52029418945312],""confidence"":0.5290215015411377},{""bbox"":[315.214111328125,124.57308959960938,330.13531494140625,139.53135681152344],""confidence"":0.31451112031936646},{""bbox"":[0.3114229142665863,444.0,11.665153503417969,444.0],""confidence"":0.03509935736656189},{""bbox"":[0.0,0.0,5.757658004760742,5.5323028564453125],""confidence"":0.011223787441849709},{""bbox"":[313.02459716796875,124.08969116210938,327.70684814453125,137.20530700683594],""confidence"":0.009262383915483952},{""bbox"":[462.12164306640625,124.97576904296875,471.3393859863281,133.98631286621094],""confidence"":0.008265966549515724},{""bbox"":[564.3613891601562,444.0,576.0,444.0],""confidence"":0.007952682673931122},{""bbox"":[0.0,444.0,11.004731178283691,444.0],""confidence"":0.006804037373512983},{""bbox"":[1.6913511753082275,444.0,14.385950088500977,444.0],""confidence"":0.00679893558844924},{""bbox"":[566.0029907226562,444.0,576.0,444.0],""confidence"":0.0034133142326027155},{""bbox"":[560.4739379882812,444.0,572.1215209960938,444.0],""confidence"":0.0033941271249204874},{""bbox"":[0.0,444.0,14.039799690246582,444.0],""confidence"":0.002453164430335164},{""bbox"":[315.5206298828125,127.15741729736328,330.9994812011719,144.4283905029297],""confidence"":0.0018363457638770342},{""bbox"":[559.0198364257812,439.7351379394531,571.8960571289062,444.0],""confidence"":0.0017108364263549447},{""bbox"":[0.0,0.0,9.368410110473633,0.0],""confidence"":0.001651799539104104},{""bbox"":[0.0,439.8216552734375,12.24176025390625,444.0],""confidence"":0.0014873120235279202},{""bbox"":[460.21868896484375,120.51789855957031,472.6522521972656,131.86842346191406],""confidence"":0.0013039619661867619},{""bbox"":[559.455322265625,444.0,574.1783447265625,444.0],""confidence"":0.001177892554551363}]",18,0.001
001_20200814_203442(4),2,576,444,"[[323.0,160.0,332.0,172.00000000000003]]","[{""bbox"":[322.2088928222656,158.20018005371094,334.92413330078125,170.0453338623047],""confidence"":0.5536084175109863},{""bbox"":[321.8980407714844,158.07638549804688,336.37493896484375,173.17391967773438],""confidence"":0.11500231921672821},{""bbox"":[0.3372579514980316,444.0,11.68649959564209,444.0],""confidence"":0.03248501941561699},{""bbox"":[324.7923278808594,158.29922485351562,340.1695556640625,174.12860107421875],""confidence"":0.014848637394607067},{""bbox"":[325.7760009765625,156.45692443847656,340.53533935546875,171.4351043701172],""confidence"":0.011857807636260986},{""bbox"":[0.0,0.0,5.767392158508301,5.538414001464844],""confidence"":0.010934604331851006},{""bbox"":[564.3265991210938,444.0,576.0,444.0],""confidence"":0.008672413416206837},{""bbox"":[320.332275390625,153.64637756347656,335.3758544921875,169.94833374023438],""confidence"":0.008600207045674324},{""bbox"":[0.0,444.0,11.006053924560547,444.0],""confidence"":0.006400815676897764},{""bbox"":[1.791646957397461,444.0,14.466971397399902,444.0],""confidence"":0.006214321590960026},{""bbox"":[560.4984130859375,444.0,572.1414794921875,444.0],""confidence"":0.0037926281802356243},{""bbox"":[565.9278564453125,444.0,576.0,444.0],""confidence"":0.0034409950021654367},{""bbox"":[0.035539913922548294,444.0,14.080955505371094,444.0],""confidence"":0.0022769656497985125},{""bbox"":[559.0693359375,439.736572265625,571.9104614257812,444.0],""confidence"":0.0020289632957428694},{""bbox"":[0.0,0.0,9.368419647216797,0.0],""confidence"":0.001651786849834025},{""bbox"":[0.0,439.79638671875,12.270012855529785,444.0],""confidence"":0.001394437626004219},{""bbox"":[559.3662109375,444.0,574.2926635742188,444.0],""confidence"":0.0012267493875697255},{""bbox"":[321.71112060546875,159.63516235351562,338.59613037109375,176.74911499023438],""confidence"":0.001202428829856217}]",18,0.001
001_20200818_083145(2),2,576,444,"[[324.0,142.0,337.0,153.0]]","[{""bbox"":[324.4889831542969,141.08920288085938,336.2483215332031,153.7532196044922],""confidence"":0.555643618106842},{""bbox"":[324.8957824707031,140.05499267578125,340.71435546875,156.31283569335938],""confidence"":0.15980081260204315},{""bbox"":[323.3149719238281,140.81124877929688,337.7060241699219,155.93527221679688],""confidence"":0.1589663177728653},{""bbox"":[0.3091243803501129,444.0,11.663117408752441,444.0],""confidence"":0.03494293615221977},{""bbox"":[0.0,0.0,5.7664408683776855,5.518102645874023],""confidence"":0.011530068702995777},{""bbox"":[564.3240356445312,444.0,576.0,444.0],""confidence"":0.00991353951394558},{""bbox"":[0.0,444.0,11.008459091186523,444.0],""confidence"":0.0069198268465697765},{""bbox"":[1.6801464557647705,444.0,14.37037467956543,444.0],""confidence"":0.006595323793590069},{""bbox"":[320.2592468261719,141.17173767089844,334.828125,154.02874755859375],""confidence"":0.004491615574806929},{""bbox"":[560.6142578125,444.0,572.2418212890625,444.0],""confidence"":0.004329273477196693},{""bbox"":[324.688720703125,142.52239990234375,340.8175964355469,159.4442596435547],""confidence"":0.0040961094200611115},{""bbox"":[565.9457397460938,444.0,576.0,444.0],""confidence"":0.003708834759891033},{""bbox"":[0.0,444.0,14.012887954711914,444.0],""confidence"":0.002450223546475172},{""bbox"":[559.211669921875,439.803466796875,572.0100708007812,444.0],""confidence"":0.002114279428496957},{""bbox"":[0.0,0.0,9.368387222290039,0.0],""confidence"":0.0016517821932211518},{""bbox"":[0.0,439.7969970703125,12.262944221496582,444.0],""confidence"":0.0015138338785618544},{""bbox"":[559.5900268554688,444.0,574.311279296875,444.0],""confidence"":0.0012903714086860418}]",17,0.001
001_20200819_003039(4),2,576,444,"[[316.0,169.0,328.0,182.0]]","[{""bbox"":[316.50787353515625,169.7164306640625,327.9853820800781,181.77310180664062],""confidence"":0.5399714708328247},{""bbox"":[315.11383056640625,168.9974365234375,330.15679931640625,184.21481323242188],""confidence"":0.2852385342121124},{""bbox"":[0.33608463406562805,444.0,11.676393508911133,444.0],""confidence"":0.033221401274204254},{""bbox"":[313.0188903808594,169.9176788330078,326.7319030761719,181.78488159179688],""confidence"":0.024041801691055298},{""bbox"":[0.0,0.0,5.782260417938232,5.55511999130249],""confidence"":0.010255350731313229},{""bbox"":[564.2969970703125,444.0,576.0,444.0],""confidence"":0.008710305206477642},{""bbox"":[315.1998291015625,170.76939392089844,330.7051696777344,187.573974609375],""confidence"":0.0068862056359648705},{""bbox"":[0.0,444.0,10.999380111694336,444.0],""confidence"":0.006474948953837156},{""bbox"":[1.7666839361190796,444.0,14.437162399291992,444.0],""confidence"":0.006469009909778833},{""bbox"":[560.49951171875,444.0,572.145263671875,444.0],""confidence"":0.003946750890463591},{""bbox"":[0.0,0.0,5.965739727020264,2.9260435104370117],""confidence"":0.00350520689971745},{""bbox"":[565.9183959960938,444.0,576.0,444.0],""confidence"":0.0034857788123190403},{""bbox"":[0.02223358117043972,444.0,14.068387031555176,444.0],""confidence"":0.0023358359467238188},{""bbox"":[559.0822143554688,439.7503967285156,571.9152221679688,444.0],""confidence"":0.001992737175896764},{""bbox"":[0.0,0.0,9.368396759033203,0.0],""confidence"":0.001651785452850163},{""bbox"":[0.0,439.806884765625,12.25853157043457,444.0],""confidence"":0.0013839283492416143},{""bbox"":[559.4150390625,444.0,574.2546997070312,444.0],""confidence"":0.0012645658571273088}]",17,0.001
001_20200819_003044(1),2,576,444,"[[326.0,160.0,335.0,169.0]]","[{""bbox"":[325.3466796875,157.89849853515625,338.1663818359375,171.08917236328125],""confidence"":0.5510330200195312},{""bbox"":[326.5582275390625,156.52682495117188,341.2839660644531,171.44415283203125],""confidence"":0.0893339291214943},{""bbox"":[325.34051513671875,158.24305725097656,340.5753173828125,173.7930450439453],""confidence"":0.07796260714530945},{""bbox"":[0.3386114835739136,444.0,11.692230224609375,444.0],""confidence"":0.03202050179243088},{""bbox"":[0.0,0.0,5.762655258178711,5.541023254394531],""confidence"":0.011163124814629555},{""bbox"":[564.355224609375,444.0,576.0,444.0],""confidence"":0.009270377457141876},{""bbox"":[0.0,444.0,11.00455093383789,444.0],""confidence"":0.006337354425340891},{""bbox"":[1.8040717840194702,444.0,14.484463691711426,444.0],""confidence"":0.006118687801063061},{""bbox"":[324.6676025390625,153.7237548828125,338.9499816894531,169.0343017578125],""confidence"":0.005426093470305204},{""bbox"":[560.6026611328125,444.0,572.2290649414062,444.0],""confidence"":0.0037265082355588675},{""bbox"":[565.9751586914062,444.0,576.0,444.0],""confidence"":0.003582380246371031},{""bbox"":[0.039145659655332565,444.0,14.09269905090332,444.0],""confidence"":0.0022497689351439476},{""bbox"":[559.1575927734375,439.7471008300781,571.9976806640625,444.0],""confidence"":0.001937316032126546},{""bbox"":[0.0,0.0,9.368412971496582,0.0],""confidence"":0.0016518223565071821},{""bbox"":[0.0,439.7922668457031,12.273820877075195,444.0],""confidence"":0.001364148803986609},{""bbox"":[559.5400390625,444.0,574.307861328125,444.0],""confidence"":0.0011899712262675166}]",16,0.001
001_20200819_162723(4),2,576,444,"[[313.0,159.0,322.0,169.0]]","[{""bbox"":[313.47998046875,156.20973205566406,326.543701171875,168.7498016357422],""confidence"":0.5420502424240112},{""bbox"":[313.3603515625,155.39886474609375,328.85125732421875,170.79806518554688],""confidence"":0.2804606258869171},{""bbox"":[312.26129150390625,153.63682556152344,325.776123046875,167.49179077148438],""confidence"":0.045923151075839996},{""bbox"":[0.3339182734489441,444.0,11.678238868713379,444.0],""confidence"":0.031511981040239334},{""bbox"":[314.8985900878906,153.80581665039062,328.5230712890625,167.87449645996094],""confidence"":0.0189684871584177},{""bbox"":[0.0,0.0,5.762540817260742,5.530167102813721],""confidence"":0.011210734024643898},{""bbox"":[564.3547973632812,444.0,576.0,444.0],""confidence"":0.008540994487702847},{""bbox"":[0.0,444.0,10.99436092376709,444.0],""confidence"":0.006208193022757769},{""bbox"":[1.799376368522644,444.0,14.473410606384277,444.0],""confidence"":0.005837040953338146},{""bbox"":[560.4794311523438,444.0,572.1319580078125,444.0],""confidence"":0.0036343163810670376},{""bbox"":[565.9730224609375,444.0,576.0,444.0],""confidence"":0.0034996133763343096},{""bbox"":[309.0279846191406,155.69505310058594,323.0445556640625,170.26182556152344],""confidence"":0.003331563901156187},{""bbox"":[0.050290774554014206,444.0,14.083409309387207,444.0],""confidence"":0.0021512522362172604},{""bbox"":[448.4208068847656,149.7080078125,458.327392578125,160.0291748046875],""confidence"":0.0021459106355905533},{""bbox"":[559.036865234375,439.7606201171875,571.905029296875,444.0],""confidence"":0.001850212924182415},{""bbox"":[0.0,0.0,9.368416786193848,0.0],""confidence"":0.0016518168849870563},{""bbox"":[0.0,439.8055419921875,12.25865650177002,444.0],""confidence"":0.0013248621253296733},{""bbox"":[559.4217529296875,444.0,574.2216186523438,444.0],""confidence"":0.0012177987955510616}]",18,0.001
001_20200821_163349(7),2,576,444,"[[319.0,212.0,330.00000000000006,226.0]]","[{""bbox"":[317.30914306640625,213.1387481689453,328.6051940917969,225.2940216064453],""confidence"":0.5313054323196411},{""bbox"":[316.0257873535156,212.14610290527344,330.9897155761719,227.40748596191406],""confidence"":0.27613088488578796},{""bbox"":[0.2730514407157898,444.0,11.583576202392578,444.0],""confidence"":0.03425572067499161},{""bbox"":[0.0,0.0,5.778282165527344,5.556980609893799],""confidence"":0.010495838709175587},{""bbox"":[564.3699951171875,444.0,576.0,444.0],""confidence"":0.008803267031908035},{""bbox"":[313.0007019042969,213.63059997558594,326.8992919921875,225.07395935058594],""confidence"":0.008735018782317638},{""bbox"":[0.0,444.0,10.944225311279297,444.0],""confidence"":0.006866879295557737},{""bbox"":[1.62604558467865,444.0,14.26849365234375,444.0],""confidence"":0.0058998712338507175},{""bbox"":[560.5621337890625,444.0,572.18798828125,444.0],""confidence"":0.0037641834933310747},{""bbox"":[0.0,0.0,5.965406894683838,2.9534406661987305],""confidence"":0.003585663391277194},{""bbox"":[565.9955444335938,444.0,576.0,444.0],""confidence"":0.003484769957140088},{""bbox"":[319.57562255859375,212.61048889160156,335.4263916015625,227.12452697753906],""confidence"":0.002429818967357278},{""bbox"":[0.0,444.0,13.9642915725708,444.0],""confidence"":0.002241251990199089},{""bbox"":[559.0994262695312,439.7587585449219,571.9510498046875,444.0],""confidence"":0.0018538073636591434},{""bbox"":[0.0,0.0,9.368350982666016,0.0],""confidence"":0.0016516981413587928},{""bbox"":[0.0,439.81439208984375,12.172054290771484,444.0],""confidence"":0.0014132854994386435},{""bbox"":[559.512939453125,444.0,574.2462158203125,444.0],""confidence"":0.001195014570839703}]",17,0.001
001_20200821_163353(8),2,576,444,"[[333.99999999999994,227.0,344.0,238.00000000000003]]","[{""bbox"":[332.3819274902344,227.1212615966797,343.3796691894531,238.91793823242188],""confidence"":0.5444156527519226},{""bbox"":[330.9777526855469,226.30072021484375,345.849365234375,241.47372436523438],""confidence"":0.2949587404727936},{""bbox"":[0.2780030071735382,444.0,11.60770034790039,444.0],""confidence"":0.03145714849233627},{""bbox"":[0.0,0.0,5.774887561798096,5.563957214355469],""confidence"":0.010686948895454407},{""bbox"":[564.5473022460938,444.0,576.0,444.0],""confidence"":0.007924625650048256},{""bbox"":[0.0,444.0,10.940991401672363,444.0],""confidence"":0.006374401040375233},{""bbox"":[1.7089430093765259,444.0,14.377552032470703,444.0],""confidence"":0.005314261186867952},{""bbox"":[330.94439697265625,228.2001495361328,346.3707275390625,245.18089294433594],""confidence"":0.004886355716735125},{""bbox"":[333.65533447265625,226.82418823242188,350.03350830078125,241.54515075683594],""confidence"":0.0033858760725706816},{""bbox"":[566.1795654296875,444.0,576.0,444.0],""confidence"":0.0033561941236257553},{""bbox"":[560.5896606445312,444.0,572.207275390625,444.0],""confidence"":0.002882333006709814},{""bbox"":[0.006336021237075329,444.0,14.02871322631836,444.0],""confidence"":0.0020341393537819386},{""bbox"":[327.47650146484375,227.08453369140625,341.8980407714844,238.788818359375],""confidence"":0.001972034340724349},{""bbox"":[0.0,0.0,9.368330955505371,0.0],""confidence"":0.001651599071919918},{""bbox"":[559.0700073242188,439.7186584472656,571.9887084960938,444.0],""confidence"":0.0015195769956335425},{""bbox"":[0.0,439.81048583984375,12.185967445373535,444.0],""confidence"":0.001303938333876431},{""bbox"":[559.5711669921875,444.0,574.25390625,444.0],""confidence"":0.0010101289954036474}]",17,0.001
002_20200623_003346(4),2,352,332,"[[192.00000000000003,151.0,202.0,160.0],[196.00000000000003,175.0,203.0,183.00000000000003],[199.0,208.0,210.0,215.00000000000003]]","[{""bbox"":[192.9688720703125,150.68714904785156,202.06146240234375,159.83499145507812],""confidence"":0.6096954941749573},{""bbox"":[200.12001037597656,206.48361206054688,208.92440795898438,215.73757934570312],""confidence"":0.5798651576042175},{""bbox"":[195.3748779296875,174.1456298828125,204.63136291503906,184.22616577148438],""confidence"":0.5610661506652832},{""bbox"":[0.20571394264698029,332.0,7.242833137512207,332.0],""confidence"":0.13468097150325775},{""bbox"":[200.27401733398438,205.30987548828125,209.66209411621094,214.42391967773438],""confidence"":0.12672510743141174},{""bbox"":[0.21442623436450958,332.0,10.191361427307129,332.0],""confidence"":0.040709223598241806},{""bbox"":[198.701171875,205.6536102294922,209.47463989257812,217.20358276367188],""confidence"":0.03313577547669411},{""bbox"":[197.58802795410156,206.3173828125,206.5460968017578,215.44024658203125],""confidence"":0.02690773457288742},{""bbox"":[0.0,332.0,7.991180419921875,332.0],""confidence"":0.024287303909659386},{""bbox"":[192.0390625,151.63125610351562,203.8979034423828,163.02340698242188],""confidence"":0.015842825174331665},{""bbox"":[191.09059143066406,149.8586883544922,200.66476440429688,158.97706604003906],""confidence"":0.010545547120273113},{""bbox"":[194.06964111328125,172.80816650390625,206.2450408935547,186.5909881591797],""confidence"":0.010275596752762794},{""bbox"":[194.79916381835938,172.4448699951172,203.87899780273438,182.3824005126953],""confidence"":0.008448231033980846},{""bbox"":[192.75054931640625,150.37733459472656,205.03396606445312,161.20787048339844],""confidence"":0.007591759320348501},{""bbox"":[190.6168670654297,149.53753662109375,204.57083129882812,164.73135375976562],""confidence"":0.005812727380543947},{""bbox"":[343.927490234375,332.0,351.950439453125,332.0],""confidence"":0.0049785408191382885},{""bbox"":[341.79022216796875,332.0,349.59228515625,332.0],""confidence"":0.004611607175320387},{""bbox"":[340.8167419433594,332.0,350.8518981933594,332.0],""confidence"":0.0036637450102716684},{""bbox"":[343.64306640625,332.0,352.0,332.0],""confidence"":0.0029802280478179455},{""bbox"":[197.3883056640625,173.96278381347656,207.29159545898438,185.14996337890625],""confidence"":0.0026041697710752487},{""bbox"":[195.98452758789062,172.55813598632812,205.45599365234375,182.92005920410156],""confidence"":0.0015948464861139655},{""bbox"":[0.0,0.0,6.8528151512146,0.0],""confidence"":0.0012592023704200983},{""bbox"":[342.8404235839844,0.0,351.03656005859375,0.4344606399536133],""confidence"":0.001207629102282226}]",23,0.001
002_20200623_003350(4),2,352,332,"[[196.00000000000003,131.0,203.0,139.0],[196.00000000000003,153.0,204.0,162.0],[199.0,187.0,208.0,195.99999999999997]]","[{""bbox"":[195.36172485351562,130.14466857910156,204.4606170654297,139.90554809570312],""confidence"":0.6322584748268127},{""bbox"":[198.451416015625,186.49807739257812,207.04629516601562,195.3900146484375],""confidence"":0.5862725973129272},{""bbox"":[196.52398681640625,154.17738342285156,205.30613708496094,163.35752868652344],""confidence"":0.5693082809448242},{""bbox"":[195.2941131591797,153.44166564941406,204.31483459472656,162.4169921875],""confidence"":0.18654052913188934},{""bbox"":[0.2057170867919922,332.0,7.2428059577941895,332.0],""confidence"":0.1346844583749771},{""bbox"":[198.25596618652344,186.2643280029297,209.41139221191406,196.76596069335938],""confidence"":0.04767517372965813},{""bbox"":[193.78570556640625,129.47860717773438,205.57679748535156,142.45147705078125],""confidence"":0.042235828936100006},{""bbox"":[0.21444827318191528,332.0,10.191319465637207,332.0],""confidence"":0.04071063920855522},{""bbox"":[194.62625122070312,128.2196044921875,204.37149047851562,138.94235229492188],""confidence"":0.02856326289474964},{""bbox"":[196.73963928222656,152.56741333007812,205.60845947265625,161.35888671875],""confidence"":0.026162929832935333},{""bbox"":[197.78085327148438,153.73248291015625,207.34317016601562,164.02081298828125],""confidence"":0.025411266833543777},{""bbox"":[0.0,332.0,7.991147994995117,332.0],""confidence"":0.024288512766361237},{""bbox"":[198.16070556640625,187.69149780273438,208.26412963867188,198.42247009277344],""confidence"":0.01991633139550686},{""bbox"":[343.924560546875,332.0,351.9471130371094,332.0],""confidence"":0.0050008175894618034},{""bbox"":[341.7926330566406,332.0,349.5925598144531,332.0],""confidence"":0.004665755666792393},{""bbox"":[340.8221130371094,332.0,350.8486022949219,332.0],""confidence"":0.003702891292050481},{""bbox"":[343.64263916015625,332.0,352.0,332.0],""confidence"":0.002992619527503848},{""bbox"":[197.0770721435547,129.28659057617188,207.38697814941406,141.69422912597656],""confidence"":0.0014114872319623828},{""bbox"":[0.0,0.0,6.8528151512146,0.0],""confidence"":0.0012592023704200983},{""bbox"":[342.8406066894531,0.0,351.03662109375,0.4342634379863739],""confidence"":0.0012079926673322916}]",20,0.001
002_20200623_003354(3),2,352,332,"[[188.0,123.0,195.99999999999997,134.0],[192.0,146.0,199.99999999999997,157.0],[198.0,178.0,207.00000000000003,186.99999999999997]]","[{""bbox"":[187.5162353515625,123.74384307861328,196.47430419921875,132.8922882080078],""confidence"":0.5657460689544678},{""bbox"":[191.38381958007812,147.13372802734375,200.64613342285156,156.8662872314453],""confidence"":0.5565669536590576},{""bbox"":[198.50779724121094,178.25596618652344,207.33961486816406,187.333251953125],""confidence"":0.5488148331642151},{""bbox"":[0.20572076737880707,332.0,7.242803573608398,332.0],""confidence"":0.13468386232852936},{""bbox"":[0.214464008808136,332.0,10.191316604614258,332.0],""confidence"":0.04071049019694328},{""bbox"":[198.36004638671875,179.2641143798828,208.11500549316406,189.45240783691406],""confidence"":0.0375824011862278},{""bbox"":[0.0,332.0,7.991146087646484,332.0],""confidence"":0.02428850159049034},{""bbox"":[188.96762084960938,122.75475311279297,198.910888671875,133.7426300048828],""confidence"":0.02116859331727028},{""bbox"":[190.66690063476562,145.96139526367188,200.0071258544922,155.7400665283203],""confidence"":0.01906891167163849},{""bbox"":[188.67401123046875,147.7008819580078,197.56597900390625,156.71231079101562],""confidence"":0.00977202970534563},{""bbox"":[190.46458435058594,146.40835571289062,202.81776428222656,160.0656280517578],""confidence"":0.005133465863764286},{""bbox"":[343.92315673828125,332.0,351.9458312988281,332.0],""confidence"":0.005012816749513149},{""bbox"":[341.79296875,332.0,349.5927429199219,332.0],""confidence"":0.004687296226620674},{""bbox"":[340.8230285644531,332.0,350.8480529785156,332.0],""confidence"":0.003715797793120146},{""bbox"":[343.6417236328125,332.0,352.0,332.0],""confidence"":0.0029981648549437523},{""bbox"":[186.62376403808594,125.08795928955078,197.24160766601562,136.5156707763672],""confidence"":0.0024915779940783978},{""bbox"":[185.02304077148438,123.42471313476562,198.72996520996094,138.39459228515625],""confidence"":0.0018059321446344256},{""bbox"":[196.6754608154297,178.28489685058594,208.91490173339844,190.84788513183594],""confidence"":0.001274265581741929},{""bbox"":[0.0,0.0,6.8528151512146,0.0],""confidence"":0.0012592028360813856},{""bbox"":[342.84954833984375,0.0,351.0355529785156,0.41610032320022583],""confidence"":0.001218564109876752},{""bbox"":[199.8705596923828,176.75486755371094,209.9860382080078,186.3411865234375],""confidence"":0.0011920677497982979}]",21,0.001
002_20200623_003358(2),2,352,332,"[[195.99999999999997,158.0,205.0,168.0],[198.0,183.0,204.99999999999997,190.0],[200.00000000000003,213.0,206.99999999999997,222.99999999999997]]","[{""bbox"":[196.3052215576172,158.75814819335938,204.9296875,167.57862854003906],""confidence"":0.5895354747772217},{""bbox"":[198.68313598632812,214.98487854003906,207.44419860839844,224.05746459960938],""confidence"":0.5839711427688599},{""bbox"":[196.56727600097656,182.73367309570312,205.56497192382812,192.0290985107422],""confidence"":0.55645751953125},{""bbox"":[0.20571446418762207,332.0,7.2428059577941895,332.0],""confidence"":0.13468462228775024},{""bbox"":[199.2059783935547,213.92274475097656,208.51072692871094,223.12295532226562],""confidence"":0.13327954709529877},{""bbox"":[195.27403259277344,157.5809326171875,206.0476531982422,169.09149169921875],""confidence"":0.061683617532253265},{""bbox"":[197.60794067382812,182.401611328125,207.3763885498047,193.40505981445312],""confidence"":0.0430968776345253},{""bbox"":[0.21444407105445862,332.0,10.191320419311523,332.0],""confidence"":0.04071073234081268},{""bbox"":[197.7169647216797,214.1605224609375,206.3963165283203,223.04356384277344],""confidence"":0.0309833362698555},{""bbox"":[0.0,332.0,7.991149425506592,332.0],""confidence"":0.024288535118103027},{""bbox"":[197.63601684570312,157.62777709960938,207.61282348632812,168.8087158203125],""confidence"":0.015225604176521301},{""bbox"":[197.84951782226562,214.4169158935547,208.39666748046875,225.80116271972656],""confidence"":0.01086698193103075},{""bbox"":[195.00619506835938,181.18222045898438,207.50123596191406,195.34915161132812],""confidence"":0.009826181456446648},{""bbox"":[195.2681884765625,180.99732971191406,204.6221160888672,190.7179412841797],""confidence"":0.007567701395601034},{""bbox"":[343.9286193847656,332.0,351.9541931152344,332.0],""confidence"":0.004959608893841505},{""bbox"":[341.7843017578125,332.0,349.5916442871094,332.0],""confidence"":0.004534796345978975},{""bbox"":[340.8048400878906,332.0,350.8588562011719,332.0],""confidence"":0.003612516913563013},{""bbox"":[195.1322784423828,159.92506408691406,206.16893005371094,171.85446166992188],""confidence"":0.00334019772708416},{""bbox"":[343.6388854980469,332.0,352.0,332.0],""confidence"":0.002973193069919944},{""bbox"":[197.866455078125,212.1049346923828,207.0593719482422,222.37413024902344],""confidence"":0.002914031269028783},{""bbox"":[0.0,0.0,6.852816104888916,0.0],""confidence"":0.0012592017883434892},{""bbox"":[342.84039306640625,0.0,351.0365905761719,0.4345141649246216],""confidence"":0.0012076263083145022}]",22,0.001
002_20200623_003402(2),2,352,332,"[[192.99999999999997,156.0,202.0,167.0],[194.0,183.0,203.00000000000003,190.0],[196.00000000000003,214.99999999999997,204.0,223.0]]","[{""bbox"":[193.8576202392578,157.45777893066406,202.76718139648438,166.41404724121094],""confidence"":0.6371017694473267},{""bbox"":[195.36773681640625,213.8378448486328,203.96376037597656,222.84219360351562],""confidence"":0.5592274069786072},{""bbox"":[193.80322265625,181.5431671142578,202.803955078125,190.98394775390625],""confidence"":0.5405766367912292},{""bbox"":[0.20571814477443695,332.0,7.2428059577941895,332.0],""confidence"":0.13468396663665771},{""bbox"":[193.6163787841797,181.56842041015625,205.08897399902344,192.41481018066406],""confidence"":0.04669395834207535},{""bbox"":[0.21445351839065552,332.0,10.191319465637207,332.0],""confidence"":0.0407104529440403},{""bbox"":[194.45669555664062,211.99891662597656,203.30624389648438,221.6370849609375],""confidence"":0.038748469203710556},{""bbox"":[192.9091033935547,157.0663604736328,203.56446838378906,168.7620849609375],""confidence"":0.03128904476761818},{""bbox"":[0.0,332.0,7.991147518157959,332.0],""confidence"":0.02428845688700676},{""bbox"":[193.29122924804688,154.70596313476562,203.052490234375,166.07972717285156],""confidence"":0.008408304303884506},{""bbox"":[343.92730712890625,332.0,351.9546813964844,332.0],""confidence"":0.0049702925607562065},{""bbox"":[341.7813720703125,332.0,349.591552734375,332.0],""confidence"":0.0045252772979438305},{""bbox"":[340.7989807128906,332.0,350.8623352050781,332.0],""confidence"":0.0036035259254276752},{""bbox"":[343.6350402832031,332.0,352.0,332.0],""confidence"":0.0029788778629153967},{""bbox"":[194.29092407226562,179.08197021484375,202.84324645996094,187.7930145263672],""confidence"":0.0017302557826042175},{""bbox"":[193.4622039794922,212.80323791503906,205.64666748046875,225.8915252685547],""confidence"":0.0016123249661177397},{""bbox"":[191.2015380859375,180.24331665039062,200.69161987304688,189.06192016601562],""confidence"":0.001289805513806641},{""bbox"":[0.0,0.0,6.8528151512146,0.0],""confidence"":0.0012592017883434892},{""bbox"":[192.86654663085938,159.45440673828125,205.11001586914062,172.28111267089844],""confidence"":0.0012433058582246304},{""bbox"":[192.31671142578125,180.98062133789062,205.3649139404297,195.26907348632812],""confidence"":0.0012269269209355116},{""bbox"":[342.8404235839844,0.0,351.03656005859375,0.4345078468322754],""confidence"":0.001207625726237893}]",21,0.001
002_20200623_003410(2),2,352,332,"[[204.0,114.0,212.0,123.0],[202.0,137.0,210.0,145.0],[201.0,170.0,207.99999999999997,178.99999999999997]]","[{""bbox"":[201.99241638183594,137.21456909179688,210.88873291015625,146.36476135253906],""confidence"":0.589502215385437},{""bbox"":[204.35313415527344,114.78507995605469,212.90774536132812,123.46516418457031],""confidence"":0.5728995203971863},{""bbox"":[200.72164916992188,170.20523071289062,209.0791778564453,178.2640838623047],""confidence"":0.5501731038093567},{""bbox"":[0.2057170867919922,332.0,7.242806434631348,332.0],""confidence"":0.13468435406684875},{""bbox"":[199.80056762695312,170.24685668945312,209.8870086669922,180.393798828125],""confidence"":0.12591536343097687},{""bbox"":[199.77035522460938,168.00631713867188,209.47994995117188,178.6120147705078],""confidence"":0.05692727863788605},{""bbox"":[203.62596130371094,114.47076416015625,214.2607879638672,125.02555084228516],""confidence"":0.0441812239587307},{""bbox"":[0.21445035934448242,332.0,10.191320419311523,332.0],""confidence"":0.04071071743965149},{""bbox"":[0.0,332.0,7.991147994995117,332.0],""confidence"":0.024288512766361237},{""bbox"":[199.95700073242188,136.23023986816406,209.82228088378906,145.36143493652344],""confidence"":0.012824281118810177},{""bbox"":[201.3065185546875,136.95980834960938,213.93678283691406,148.38807678222656],""confidence"":0.01183667778968811},{""bbox"":[202.271728515625,135.06166076660156,211.26173400878906,143.86460876464844],""confidence"":0.007350118365138769},{""bbox"":[343.922119140625,332.0,351.9451904296875,332.0],""confidence"":0.0050161113031208515},{""bbox"":[341.7928466796875,332.0,349.5927429199219,332.0],""confidence"":0.004693647380918264},{""bbox"":[199.91708374023438,137.08612060546875,211.37147521972656,147.3339080810547],""confidence"":0.003742516040802002},{""bbox"":[340.8230895996094,332.0,350.8477783203125,332.0],""confidence"":0.0037209237925708294},{""bbox"":[202.47067260742188,115.74533081054688,214.48117065429688,128.15316772460938],""confidence"":0.0032920106314122677},{""bbox"":[343.6408996582031,332.0,352.0,332.0],""confidence"":0.0030009257607162},{""bbox"":[199.86233520507812,169.62579345703125,211.6884765625,181.9939422607422],""confidence"":0.0020795974414795637},{""bbox"":[206.56283569335938,114.02816009521484,216.3463592529297,124.64159393310547],""confidence"":0.001916385255753994},{""bbox"":[197.61590576171875,169.65589904785156,206.2816925048828,178.62570190429688],""confidence"":0.0013263544533401728},{""bbox"":[0.0,0.0,6.8528151512146,0.0],""confidence"":0.0012592035345733166},{""bbox"":[342.8407287597656,0.0,351.03668212890625,0.4340704083442688],""confidence"":0.0012085422640666366}]",23,0.001
002_20200623_163020(3),2,316,332,"[[157.0,139.00000000000003,166.99999999999997,150.0],[160.0,160.0,169.0,170.0],[164.0,186.00000000000003,173.99999999999997,196.0]]","[{""bbox"":[156.4227752685547,138.7222900390625,167.0749053955078,149.36514282226562],""confidence"":0.5987205505371094},{""bbox"":[159.2694091796875,160.82418823242188,169.2801055908203,171.38294982910156],""confidence"":0.5981698036193848},{""bbox"":[164.05267333984375,186.2457275390625,174.0049285888672,196.71453857421875],""confidence"":0.553102433681488},{""bbox"":[157.9506378173828,160.18170166015625,170.35745239257812,173.11537170410156],""confidence"":0.17065048217773438},{""bbox"":[162.94256591796875,184.94320678710938,174.48178100585938,197.93887329101562],""confidence"":0.12766095995903015},{""bbox"":[154.912109375,138.3802032470703,168.20257568359375,152.54635620117188],""confidence"":0.05447893962264061},{""bbox"":[158.88011169433594,159.45660400390625,168.86300659179688,169.62086486816406],""confidence"":0.016304437071084976},{""bbox"":[104.7577133178711,116.35771942138672,115.1773452758789,126.1488265991211],""confidence"":0.014012754894793034},{""bbox"":[105.05492401123047,113.4436264038086,116.5688247680664,124.23886108398438],""confidence"":0.0121112996712327},{""bbox"":[161.66500854492188,187.03416442871094,170.44578552246094,196.2456512451172],""confidence"":0.007031317334622145},{""bbox"":[265.1206359863281,150.77267456054688,272.39923095703125,157.57896423339844],""confidence"":0.003957652952522039},{""bbox"":[0.0,1.4328535795211792,0.0,8.503036499023438],""confidence"":0.0033218024764209986},{""bbox"":[0.0,323.8204345703125,0.0,329.9390563964844],""confidence"":0.0027855904772877693},{""bbox"":[158.45811462402344,164.00665283203125,171.34112548828125,177.70379638671875],""confidence"":0.0015731031307950616},{""bbox"":[162.3048553466797,184.40773010253906,172.7986602783203,195.4167022705078],""confidence"":0.001355998101644218},{""bbox"":[153.22569274902344,139.12847900390625,161.97097778320312,148.4813232421875],""confidence"":0.0011548657203093171},{""bbox"":[0.0,0.017627811059355736,0.0,6.084704875946045],""confidence"":0.0011477250372990966}]",17,0.001
002_20200623_163023(3),2,316,332,"[[149.0,129.0,159.0,144.0],[155.00000000000003,149.0,167.0,164.0],[163.0,172.99999999999997,174.99999999999997,187.0]]","[{""bbox"":[148.95767211914062,130.13006591796875,159.19345092773438,140.1973419189453],""confidence"":0.5758392810821533},{""bbox"":[155.23866271972656,150.80792236328125,165.4678955078125,161.19932556152344],""confidence"":0.5314739346504211},{""bbox"":[162.9506072998047,174.7333984375,173.4768829345703,185.45376586914062],""confidence"":0.5071895122528076},{""bbox"":[96.0358657836914,112.74644470214844,107.94200897216797,123.90409851074219],""confidence"":0.1287127137184143},{""bbox"":[153.5025177001953,150.15371704101562,166.8699188232422,164.86337280273438],""confidence"":0.04437950998544693},{""bbox"":[161.32821655273438,175.18299865722656,170.1156768798828,184.73275756835938],""confidence"":0.030025558546185493},{""bbox"":[153.15492248535156,151.0095672607422,161.91000366210938,160.38259887695312],""confidence"":0.023339683189988136},{""bbox"":[147.49017333984375,129.81829833984375,161.3499755859375,144.3833465576172],""confidence"":0.019892428070306778},{""bbox"":[155.16444396972656,152.328125,166.39805603027344,163.3232879638672],""confidence"":0.016956450417637825},{""bbox"":[163.24319458007812,176.8657989501953,174.53582763671875,188.36090087890625],""confidence"":0.01593015156686306},{""bbox"":[148.71644592285156,128.83970642089844,161.8987274169922,141.2889404296875],""confidence"":0.0073620472103357315},{""bbox"":[97.6867446899414,114.73126983642578,106.68665313720703,123.30760955810547],""confidence"":0.004637714941054583},{""bbox"":[0.0,1.43119215965271,0.0,8.500795364379883],""confidence"":0.003328496590256691},{""bbox"":[0.0,323.8133544921875,0.0,329.9356384277344],""confidence"":0.0027656250167638063},{""bbox"":[161.4717254638672,175.39474487304688,174.42898559570312,189.52078247070312],""confidence"":0.0023245378397405148},{""bbox"":[160.8054962158203,176.5666046142578,170.6668701171875,187.8131103515625],""confidence"":0.0015150480903685093},{""bbox"":[153.1060028076172,152.29928588867188,162.3076171875,162.67764282226562],""confidence"":0.0013425530632957816},{""bbox"":[146.87693786621094,129.17108154296875,158.59381103515625,139.38514709472656],""confidence"":0.0012645231327041984},{""bbox"":[0.0,0.01679173670709133,0.0,6.083419322967529],""confidence"":0.0011487154988572001},{""bbox"":[159.7592315673828,176.11361694335938,171.0171356201172,185.58302307128906],""confidence"":0.0010003017960116267}]",20,0.001
002_20200623_163026(3),2,316,332,"[[157.0,127.00000000000001,169.0,141.0],[159.0,151.0,169.0,160.0],[160.0,177.00000000000003,175.00000000000003,187.0]]","[{""bbox"":[157.46035766601562,128.299072265625,167.96168518066406,139.0108642578125],""confidence"":0.6336708068847656},{""bbox"":[161.4022674560547,176.7635040283203,171.85205078125,187.60354614257812],""confidence"":0.6240649223327637},{""bbox"":[159.29580688476562,150.68142700195312,169.3893280029297,160.92141723632812],""confidence"":0.5449737906455994},{""bbox"":[108.73628234863281,100.84327697753906,120.05902099609375,111.46935272216797],""confidence"":0.049657952040433884},{""bbox"":[156.54129028320312,127.12592315673828,169.9773406982422,141.1025390625],""confidence"":0.04354982450604439},{""bbox"":[160.39190673828125,176.02444458007812,172.4539794921875,189.48052978515625],""confidence"":0.04072483256459236},{""bbox"":[157.94290161132812,150.0811309814453,172.29122924804688,165.16822814941406],""confidence"":0.03078627586364746},{""bbox"":[158.32821655273438,151.26524353027344,169.90493774414062,163.31529235839844],""confidence"":0.025641242042183876},{""bbox"":[156.10585021972656,125.99297332763672,167.5982666015625,138.0158233642578],""confidence"":0.024561025202274323},{""bbox"":[107.9967269897461,102.13105010986328,119.64552307128906,113.62326049804688],""confidence"":0.011001813225448132},{""bbox"":[155.44163513183594,128.6863250732422,167.7595977783203,140.94912719726562],""confidence"":0.005139021202921867},{""bbox"":[109.19825744628906,99.06829833984375,120.659912109375,109.69931030273438],""confidence"":0.00464631849899888},{""bbox"":[0.0,1.4309499263763428,0.0,8.500751495361328],""confidence"":0.003330328967422247},{""bbox"":[273.6314697265625,99.27973937988281,283.4195861816406,108.37887573242188],""confidence"":0.003287938889116049},{""bbox"":[159.51260375976562,175.7108154296875,170.11012268066406,185.95960998535156],""confidence"":0.003222638973966241},{""bbox"":[0.0,323.8077392578125,0.0,329.9300537109375],""confidence"":0.0027154451236128807},{""bbox"":[159.6010284423828,178.01986694335938,170.86695861816406,189.78668212890625],""confidence"":0.002134899143129587},{""bbox"":[155.2689971923828,130.55697631835938,169.4498291015625,145.91177368164062],""confidence"":0.0020369638223201036},{""bbox"":[265.5695495605469,176.720703125,272.6922302246094,183.6815948486328],""confidence"":0.0015938431024551392},{""bbox"":[273.4305114746094,100.83939361572266,283.9236755371094,110.51206970214844],""confidence"":0.0012520767049863935},{""bbox"":[0.0,0.017565477639436722,0.0,6.084146499633789],""confidence"":0.0011537342797964811}]",21,0.001
002_20200623_163029(6),2,316,332,"[[150.0,114.0,159.0,126.0],[149.0,139.0,161.00000000000003,148.0],[150.0,172.0,161.00000000000003,180.99999999999997]]","[{""bbox"":[150.83236694335938,114.88058471679688,160.3856658935547,125.01998901367188],""confidence"":0.6196560263633728},{""bbox"":[149.95791625976562,170.9915771484375,160.03802490234375,181.17971801757812],""confidence"":0.5853076577186584},{""bbox"":[149.48167419433594,138.43690490722656,159.58084106445312,148.62046813964844],""confidence"":0.5548975467681885},{""bbox"":[149.04098510742188,169.73316955566406,161.57647705078125,182.5709686279297],""confidence"":0.20068660378456116},{""bbox"":[148.5761260986328,114.26174926757812,161.76043701171875,127.61405181884766],""confidence"":0.11426100879907608},{""bbox"":[272.3346252441406,105.87898254394531,283.1007385253906,116.68167877197266],""confidence"":0.06041137874126434},{""bbox"":[273.1191101074219,106.88203430175781,284.2252197265625,117.96836853027344],""confidence"":0.03694316744804382},{""bbox"":[148.3202362060547,137.9824676513672,161.08502197265625,152.2432861328125],""confidence"":0.022004518657922745},{""bbox"":[147.3056640625,137.3536834716797,157.9927215576172,146.86997985839844],""confidence"":0.006772075314074755},{""bbox"":[150.54696655273438,169.7252197265625,159.7989044189453,178.3594512939453],""confidence"":0.0043250760063529015},{""bbox"":[273.30426025390625,107.26424407958984,281.5005187988281,115.13902282714844],""confidence"":0.004226406570523977},{""bbox"":[148.0809326171875,167.4965057373047,159.22323608398438,179.1608123779297],""confidence"":0.0036258415784686804},{""bbox"":[0.0,1.4323514699935913,0.0,8.50256061553955],""confidence"":0.0033234923612326384},{""bbox"":[0.0,323.8121032714844,0.0,329.9352722167969],""confidence"":0.002765825018286705},{""bbox"":[147.4368896484375,170.2901153564453,157.89187622070312,179.3396759033203],""confidence"":0.0027100732550024986},{""bbox"":[250.07086181640625,156.95037841796875,257.5176696777344,164.2787322998047],""confidence"":0.0023839320056140423},{""bbox"":[271.72027587890625,104.75811767578125,281.42669677734375,113.94082641601562],""confidence"":0.0020995433442294598},{""bbox"":[149.39405822753906,171.92405700683594,161.24440002441406,185.4027557373047],""confidence"":0.0017610823269933462},{""bbox"":[256.0896301269531,132.95913696289062,263.87152099609375,140.2543182373047],""confidence"":0.0015434148954227567},{""bbox"":[0.0,0.01740419864654541,0.0,6.084519863128662],""confidence"":0.0011492457706481218},{""bbox"":[255.63775634765625,157.4435272216797,263.3974609375,164.59637451171875],""confidence"":0.0010471466230228543}]",21,0.001
002_20200623_163032(5),2,316,332,"[[147.0,160.0,157.0,170.0],[154.0,183.0,160.99999999999997,191.00000000000003],[162.00000000000003,213.00000000000003,173.0,222.0]]","[{""bbox"":[145.94871520996094,160.44338989257812,155.8227081298828,170.64178466796875],""confidence"":0.6050273776054382},{""bbox"":[162.1995849609375,212.49876403808594,172.6114044189453,223.07937622070312],""confidence"":0.5879290103912354},{""bbox"":[152.50247192382812,182.54551696777344,163.21327209472656,193.35536193847656],""confidence"":0.5759698152542114},{""bbox"":[161.72503662109375,212.7269744873047,170.51181030273438,222.16908264160156],""confidence"":0.21591755747795105},{""bbox"":[161.4302520751953,211.16111755371094,173.8148956298828,223.9903564453125],""confidence"":0.16196298599243164},{""bbox"":[144.5623779296875,159.408447265625,157.20030212402344,173.24790954589844],""confidence"":0.1114700511097908},{""bbox"":[144.3148956298828,160.94944763183594,153.787841796875,171.27163696289062],""confidence"":0.03571302071213722},{""bbox"":[152.4094696044922,181.51719665527344,165.3138885498047,195.01571655273438],""confidence"":0.010206771083176136},{""bbox"":[146.6223907470703,159.25576782226562,157.8147735595703,170.6809539794922],""confidence"":0.010058330371975899},{""bbox"":[151.5963897705078,183.65623474121094,162.53965759277344,196.41224670410156],""confidence"":0.009896162897348404},{""bbox"":[161.06825256347656,213.1322021484375,173.47421264648438,226.94265747070312],""confidence"":0.00929118599742651},{""bbox"":[254.99754333496094,150.2480010986328,263.3527526855469,158.101318359375],""confidence"":0.00527436938136816},{""bbox"":[159.8115997314453,213.22283935546875,171.80966186523438,224.21994018554688],""confidence"":0.004519333131611347},{""bbox"":[0.0,1.4328038692474365,0.0,8.502546310424805],""confidence"":0.0033431784249842167},{""bbox"":[0.0,323.8199157714844,0.0,329.9405517578125],""confidence"":0.002793744206428528},{""bbox"":[264.6283874511719,103.79133605957031,274.7550964355469,113.0118637084961],""confidence"":0.0022759323474019766},{""bbox"":[251.27818298339844,146.4679412841797,259.9899597167969,153.71917724609375],""confidence"":0.0022334845270961523},{""bbox"":[151.7946319580078,180.19537353515625,162.7435302734375,191.9943389892578],""confidence"":0.0016321020666509867},{""bbox"":[252.61175537109375,146.02084350585938,261.681396484375,153.9561004638672],""confidence"":0.0015719726216048002},{""bbox"":[0.0,0.01826748251914978,0.0,6.085459232330322],""confidence"":0.0011506978189572692}]",20,0.001
002_20200623_163035(5),2,316,332,"[[154.0,117.0,164.0,126.0],[154.0,141.0,164.0,149.0],[154.0,171.00000000000003,165.0,181.0]]","[{""bbox"":[153.19520568847656,115.83021545410156,163.2783966064453,126.10981750488281],""confidence"":0.636066198348999},{""bbox"":[154.3912353515625,171.5618133544922,164.63771057128906,181.9976043701172],""confidence"":0.5775742530822754},{""bbox"":[153.27720642089844,138.93359375,163.7248992919922,149.57620239257812],""confidence"":0.5691061019897461},{""bbox"":[151.9528350830078,114.870849609375,164.1172637939453,127.59394836425781],""confidence"":0.18083137273788452},{""bbox"":[153.51904296875,171.557861328125,162.25990295410156,181.05714416503906],""confidence"":0.14905065298080444},{""bbox"":[152.1190948486328,137.998046875,164.85826110839844,152.33567810058594],""confidence"":0.041744913905858994},{""bbox"":[153.45883178710938,171.67762756347656,165.73440551757812,185.26974487304688],""confidence"":0.016190404072403908},{""bbox"":[151.3959503173828,137.74832153320312,161.9350128173828,147.32310485839844],""confidence"":0.010659734718501568},{""bbox"":[256.5718078613281,151.29884338378906,264.14111328125,158.5432891845703],""confidence"":0.00452912412583828},{""bbox"":[0.0,1.4313254356384277,0.0,8.501121520996094],""confidence"":0.0033310886938124895},{""bbox"":[152.17051696777344,117.68251037597656,162.9523162841797,130.40090942382812],""confidence"":0.0028307645116001368},{""bbox"":[257.4109802246094,184.02761840820312,264.7337646484375,191.21681213378906],""confidence"":0.0027877448592334986},{""bbox"":[0.0,323.81658935546875,0.0,329.9376220703125],""confidence"":0.002770865336060524},{""bbox"":[152.64491271972656,167.42958068847656,163.71337890625,178.87379455566406],""confidence"":0.0017791889840736985},{""bbox"":[257.0860595703125,130.2576904296875,265.2762756347656,138.64691162109375],""confidence"":0.0017612132942304015},{""bbox"":[151.58560180664062,170.5439453125,162.40419006347656,180.12265014648438],""confidence"":0.0013100834330543876},{""bbox"":[0.0,0.017547667026519775,0.0,6.084216117858887],""confidence"":0.0011516354279592633},{""bbox"":[149.65484619140625,118.4084243774414,164.18307495117188,133.93536376953125],""confidence"":0.0010345776099711657},{""bbox"":[155.340087890625,169.7052764892578,164.67962646484375,178.44873046875],""confidence"":0.0010293076047673821},{""bbox"":[257.4330749511719,127.00006866455078,264.7685241699219,134.42108154296875],""confidence"":0.001027044840157032}]",20,0.001
002_20200623_163039(5),2,352,332,"[[206.00000000000003,143.0,213.0,154.0],[213.00000000000003,190.0,220.0,198.99999999999997],[209.0,166.0,218.00000000000003,174.00000000000003]]","[{""bbox"":[207.6624298095703,165.0326385498047,217.36505126953125,175.36380004882812],""confidence"":0.6050969362258911},{""bbox"":[205.67050170898438,143.18101501464844,214.59169006347656,152.2743682861328],""confidence"":0.5813135504722595},{""bbox"":[211.38352966308594,191.32862854003906,219.7876739501953,200.1140594482422],""confidence"":0.5484841465950012},{""bbox"":[0.2057165652513504,332.0,7.242806434631348,332.0],""confidence"":0.13468462228775024},{""bbox"":[206.4243927001953,165.8262481689453,215.31637573242188,174.66639709472656],""confidence"":0.12926775217056274},{""bbox"":[204.6653594970703,141.41616821289062,215.00680541992188,152.79200744628906],""confidence"":0.08173523098230362},{""bbox"":[207.0051727294922,142.5688018798828,216.86512756347656,152.66236877441406],""confidence"":0.04715663567185402},{""bbox"":[0.21444827318191528,332.0,10.191319465637207,332.0],""confidence"":0.040710750967264175},{""bbox"":[0.0,332.0,7.991147994995117,332.0],""confidence"":0.024288542568683624},{""bbox"":[204.30479431152344,142.30929565429688,216.17007446289062,155.6973876953125],""confidence"":0.021944966167211533},{""bbox"":[206.6970977783203,164.1373748779297,218.55918884277344,177.5940399169922],""confidence"":0.02083810791373253},{""bbox"":[207.822509765625,163.6704864501953,216.8173828125,173.59579467773438],""confidence"":0.020793477073311806},{""bbox"":[212.0989532470703,191.068359375,222.55433654785156,201.13153076171875],""confidence"":0.013215879909694195},{""bbox"":[206.3966522216797,144.10272216796875,216.43458557128906,155.2880859375],""confidence"":0.009502039290964603},{""bbox"":[204.04183959960938,141.15621948242188,213.7646026611328,151.07717895507812],""confidence"":0.006383682135492563},{""bbox"":[343.92913818359375,332.0,351.95355224609375,332.0],""confidence"":0.004967927001416683},{""bbox"":[341.78619384765625,332.0,349.59161376953125,332.0],""confidence"":0.00455463444814086},{""bbox"":[340.8076171875,332.0,350.8575439453125,332.0],""confidence"":0.0036256900057196617},{""bbox"":[203.8606719970703,144.8977813720703,214.46676635742188,155.77008056640625],""confidence"":0.003311106702312827},{""bbox"":[343.6402893066406,332.0,352.0,332.0],""confidence"":0.00297557027079165},{""bbox"":[0.0,0.0,6.8528151512146,0.0],""confidence"":0.0012592017883434892},{""bbox"":[342.84075927734375,0.0,351.03656005859375,0.4339445233345032],""confidence"":0.0012082222383469343},{""bbox"":[208.86474609375,191.4379425048828,218.19410705566406,199.90794372558594],""confidence"":0.001181232393719256},{""bbox"":[209.16314697265625,191.7540283203125,222.12205505371094,204.4098358154297],""confidence"":0.0010062328074127436}]",24,0.001
002_20200623_163043(7),2,352,332,"[[201.0,136.0,207.99999999999997,146.0],[203.0,159.0,212.0,168.0],[206.0,182.00000000000003,215.0,192.0]]","[{""bbox"":[206.6217803955078,185.26278686523438,215.0587615966797,193.92079162597656],""confidence"":0.5711212754249573},{""bbox"":[200.3621368408203,137.03005981445312,209.0946044921875,146.00949096679688],""confidence"":0.5701574683189392},{""bbox"":[202.73721313476562,159.2964324951172,211.79562377929688,168.1708221435547],""confidence"":0.554541826248169},{""bbox"":[0.20571760833263397,332.0,7.242805004119873,332.0],""confidence"":0.13468419015407562},{""bbox"":[0.21445246040821075,332.0,10.19131851196289,332.0],""confidence"":0.04071060195565224},{""bbox"":[200.7814178466797,134.9789276123047,209.87173461914062,144.04147338867188],""confidence"":0.03125631809234619},{""bbox"":[0.0,332.0,7.991147518157959,332.0],""confidence"":0.02428852580487728},{""bbox"":[202.4727783203125,158.6114501953125,213.9639434814453,169.5185089111328],""confidence"":0.012177023105323315},{""bbox"":[197.55691528320312,136.579833984375,206.45913696289062,145.4279327392578],""confidence"":0.01148802600800991},{""bbox"":[202.33035278320312,160.8939971923828,212.67726135253906,171.5729522705078],""confidence"":0.008676067925989628},{""bbox"":[204.23580932617188,158.86587524414062,213.6416778564453,167.7793426513672],""confidence"":0.008055457845330238},{""bbox"":[204.4427032470703,185.1816864013672,213.92637634277344,193.9062957763672],""confidence"":0.006538019981235266},{""bbox"":[343.92755126953125,332.0,351.9515075683594,332.0],""confidence"":0.004973904229700565},{""bbox"":[341.7878112792969,332.0,349.59161376953125,332.0],""confidence"":0.0045830002054572105},{""bbox"":[340.8116760253906,332.0,350.8547668457031,332.0],""confidence"":0.0036474925000220537},{""bbox"":[343.6408996582031,332.0,352.0,332.0],""confidence"":0.002979771699756384},{""bbox"":[207.92257690429688,184.33721923828125,218.10012817382812,193.86822509765625],""confidence"":0.0019786665216088295},{""bbox"":[197.5113983154297,136.51654052734375,211.42677307128906,151.5390167236328],""confidence"":0.0013908472610637546},{""bbox"":[201.34063720703125,160.5517578125,213.27137756347656,173.8134307861328],""confidence"":0.0012728336732834578},{""bbox"":[0.0,0.0,6.8528151512146,0.0],""confidence"":0.0012592017883434892},{""bbox"":[206.01979064941406,187.59219360351562,215.03919982910156,197.58807373046875],""confidence"":0.001237484160810709},{""bbox"":[342.8419189453125,0.0,351.0364074707031,0.4319576323032379],""confidence"":0.0012095194542780519}]",22,0.001
002_20200623_163047(6),2,352,332,"[[207.99999999999997,137.0,217.0,147.0],[212.0,158.0,218.99999999999997,166.99999999999997],[217.99999999999997,184.99999999999997,224.0,192.0]]","[{""bbox"":[210.97572326660156,159.54550170898438,219.68878173828125,168.4138946533203],""confidence"":0.5762641429901123},{""bbox"":[207.52867126464844,137.3442840576172,216.9270782470703,146.63893127441406],""confidence"":0.5714429616928101},{""bbox"":[215.89340209960938,185.0764617919922,224.60484313964844,193.91786193847656],""confidence"":0.5564894676208496},{""bbox"":[0.2057170867919922,332.0,7.2428059577941895,332.0],""confidence"":0.1346844583749771},{""bbox"":[206.39944458007812,136.95855712890625,215.37625122070312,145.96710205078125],""confidence"":0.1300477534532547},{""bbox"":[0.21444931626319885,332.0,10.191319465637207,332.0],""confidence"":0.040710750967264175},{""bbox"":[0.0,332.0,7.991147994995117,332.0],""confidence"":0.024288535118103027},{""bbox"":[210.2115936279297,160.77455139160156,220.89932250976562,171.55039978027344],""confidence"":0.012063913978636265},{""bbox"":[208.51170349121094,134.97186279296875,217.7704620361328,144.07748413085938],""confidence"":0.008623721078038216},{""bbox"":[216.06658935546875,184.23570251464844,226.9832000732422,194.37196350097656],""confidence"":0.008586158975958824},{""bbox"":[208.77679443359375,159.8885498046875,219.46221923828125,169.63064575195312],""confidence"":0.007541510742157698},{""bbox"":[343.92889404296875,332.0,351.953125,332.0],""confidence"":0.004964089021086693},{""bbox"":[341.78643798828125,332.0,349.59124755859375,332.0],""confidence"":0.004555860534310341},{""bbox"":[205.8907928466797,137.77244567871094,218.13937377929688,151.4394073486328],""confidence"":0.004339443054050207},{""bbox"":[211.070556640625,158.8450927734375,222.6433868408203,169.58627319335938],""confidence"":0.004099699668586254},{""bbox"":[340.8085632324219,332.0,350.8565368652344,332.0],""confidence"":0.0036296953912824392},{""bbox"":[343.64068603515625,332.0,352.0,332.0],""confidence"":0.0029750948306173086},{""bbox"":[209.0293731689453,159.29983520507812,221.7749786376953,173.46420288085938],""confidence"":0.001785216387361288},{""bbox"":[216.41360473632812,187.6038818359375,226.2150115966797,197.9537811279297],""confidence"":0.0017736675217747688},{""bbox"":[208.82904052734375,159.0226593017578,217.9304962158203,167.20431518554688],""confidence"":0.0017519505927339196},{""bbox"":[0.0,0.0,6.8528151512146,0.0],""confidence"":0.0012592041166499257},{""bbox"":[342.8411865234375,0.0,351.0365905761719,0.43327105045318604],""confidence"":0.0012089221272617579},{""bbox"":[214.97247314453125,187.47007751464844,224.0406951904297,197.53321838378906],""confidence"":0.0011950043262913823}]",23,0.001
002_20200623_163051(7),2,352,332,"[[181.0,131.0,188.99999999999997,139.0],[188.99999999999997,151.0,195.0,161.0],[200.00000000000003,181.0,206.99999999999997,189.99999999999997]]","[{""bbox"":[180.0613555908203,130.47486877441406,189.0088653564453,139.40557861328125],""confidence"":0.571789026260376},{""bbox"":[187.65907287597656,151.83181762695312,196.5447998046875,160.80784606933594],""confidence"":0.5466757416725159},{""bbox"":[199.8480987548828,180.83888244628906,208.49864196777344,189.14219665527344],""confidence"":0.5214359164237976},{""bbox"":[186.87828063964844,150.1016082763672,197.26583862304688,161.2461700439453],""confidence"":0.13507790863513947},{""bbox"":[0.2057165652513504,332.0,7.2428059577941895,332.0],""confidence"":0.1346845179796219},{""bbox"":[179.27401733398438,128.23057556152344,190.1775360107422,140.12908935546875],""confidence"":0.06264714896678925},{""bbox"":[0.21444617211818695,332.0,10.19132137298584,332.0],""confidence"":0.040710750967264175},{""bbox"":[197.5853271484375,180.53042602539062,206.30877685546875,189.055419921875],""confidence"":0.034017641097307205},{""bbox"":[198.68276977539062,180.12289428710938,208.7318878173828,190.71287536621094],""confidence"":0.03055775724351406},{""bbox"":[0.0,332.0,7.991148471832275,332.0],""confidence"":0.024288535118103027},{""bbox"":[200.16732788085938,178.997314453125,208.78555297851562,187.96824645996094],""confidence"":0.023046892136335373},{""bbox"":[180.54293823242188,129.6203155517578,191.73414611816406,139.75833129882812],""confidence"":0.008612599223852158},{""bbox"":[178.03875732421875,130.71978759765625,187.71609497070312,139.56350708007812],""confidence"":0.0071652610786259174},{""bbox"":[343.92926025390625,332.0,351.95166015625,332.0],""confidence"":0.0049726953729987144},{""bbox"":[341.7899475097656,332.0,349.59173583984375,332.0],""confidence"":0.004591940902173519},{""bbox"":[340.81500244140625,332.0,350.8531799316406,332.0],""confidence"":0.0036528005730360746},{""bbox"":[343.6436462402344,332.0,352.0,332.0],""confidence"":0.0029767982196062803},{""bbox"":[197.44232177734375,178.9620819091797,205.52581787109375,187.42010498046875],""confidence"":0.0022254229988902807},{""bbox"":[185.7520294189453,151.2421112060547,198.47352600097656,164.321533203125],""confidence"":0.001555031631141901},{""bbox"":[0.0,0.0,6.8528151512146,0.0],""confidence"":0.0012592035345733166},{""bbox"":[342.8572692871094,0.0,351.03448486328125,0.3986043930053711],""confidence"":0.001224518520757556}]",21,0.001
002_20200623_163055(6),2,352,332,"[[201.0,143.99999999999997,207.99999999999997,154.0],[200.00000000000003,169.99999999999997,208.0,178.0],[201.0,201.0,207.00000000000003,209.00000000000003]]","[{""bbox"":[201.13648986816406,144.5749053955078,210.3304901123047,154.06167602539062],""confidence"":0.6135479807853699},{""bbox"":[200.8363800048828,200.52931213378906,209.55067443847656,209.3281707763672],""confidence"":0.5640832185745239},{""bbox"":[200.90892028808594,168.4165496826172,209.72601318359375,177.58665466308594],""confidence"":0.5515263080596924},{""bbox"":[199.63685607910156,167.28070068359375,209.00733947753906,176.69798278808594],""confidence"":0.1387386918067932},{""bbox"":[0.2057165652513504,332.0,7.242806434631348,332.0],""confidence"":0.13468441367149353},{""bbox"":[199.8708953857422,143.972412109375,209.2296142578125,153.4377899169922],""confidence"":0.06372296065092087},{""bbox"":[0.21444931626319885,332.0,10.191319465637207,332.0],""confidence"":0.04071071743965149},{""bbox"":[200.03611755371094,143.81021118164062,210.77853393554688,155.63723754882812],""confidence"":0.03857550770044327},{""bbox"":[0.0,332.0,7.991148948669434,332.0],""confidence"":0.024288520216941833},{""bbox"":[200.1376953125,169.41061401367188,210.9403076171875,180.38314819335938],""confidence"":0.019033441320061684},{""bbox"":[199.48712158203125,198.56056213378906,208.91795349121094,208.4196014404297],""confidence"":0.017210084944963455},{""bbox"":[343.9267272949219,332.0,351.9505920410156,332.0],""confidence"":0.004981380887329578},{""bbox"":[341.78887939453125,332.0,349.59234619140625,332.0],""confidence"":0.004603699315339327},{""bbox"":[199.53880310058594,199.05746459960938,211.83689880371094,212.8466796875],""confidence"":0.004589221440255642},{""bbox"":[197.30892944335938,200.52606201171875,206.17764282226562,209.70755004882812],""confidence"":0.0039705741219222546},{""bbox"":[340.8141784667969,332.0,350.8535461425781,332.0],""confidence"":0.003657378489151597},{""bbox"":[343.6412353515625,332.0,352.0,332.0],""confidence"":0.002982080215588212},{""bbox"":[197.47430419921875,144.8034210205078,206.41650390625,153.85572814941406],""confidence"":0.001382006099447608},{""bbox"":[0.0,0.0,6.8528151512146,0.0],""confidence"":0.0012592041166499257},{""bbox"":[342.8404235839844,0.0,351.03656005859375,0.43441030383110046],""confidence"":0.0012076464481651783},{""bbox"":[197.57923889160156,168.24595642089844,206.3891143798828,177.3212890625],""confidence"":0.001149988267570734}]",21,0.001
002_20200623_163059(6),2,352,332,"[[192.0,153.0,199.99999999999997,161.0],[195.0,174.0,203.0,186.0],[202.0,207.0,211.99999999999997,215.00000000000003]]","[{""bbox"":[189.48779296875,152.09815979003906,198.74330139160156,161.4081573486328],""confidence"":0.6097352504730225},{""bbox"":[202.36643981933594,206.08273315429688,210.89794921875,214.602294921875],""confidence"":0.5736196637153625},{""bbox"":[194.71585083007812,174.84454345703125,203.81138610839844,184.40696716308594],""confidence"":0.5613383650779724},{""bbox"":[0.2057170867919922,332.0,7.2428059577941895,332.0],""confidence"":0.13468462228775024},{""bbox"":[189.5111541748047,152.91551208496094,199.53623962402344,163.3361053466797],""confidence"":0.09011825174093246},{""bbox"":[0.21444827318191528,332.0,10.191320419311523,332.0],""confidence"":0.04071078822016716},{""bbox"":[0.0,332.0,7.991147994995117,332.0],""confidence"":0.024288535118103027},{""bbox"":[187.70729064941406,150.90255737304688,199.97503662109375,164.59710693359375],""confidence"":0.019954495131969452},{""bbox"":[193.18931579589844,173.8043975830078,204.47935485839844,186.42137145996094],""confidence"":0.019151031970977783},{""bbox"":[201.4185333251953,205.400390625,212.23532104492188,217.03070068359375],""confidence"":0.012594806961715221},{""bbox"":[202.29611206054688,205.1077117919922,213.7049102783203,215.44720458984375],""confidence"":0.006400387734174728},{""bbox"":[343.9307861328125,332.0,351.95391845703125,332.0],""confidence"":0.004957187920808792},{""bbox"":[341.7879333496094,332.0,349.59161376953125,332.0],""confidence"":0.004554061684757471},{""bbox"":[201.59378051757812,203.2895965576172,211.33517456054688,214.9254913330078],""confidence"":0.0036452373024076223},{""bbox"":[340.8110046386719,332.0,350.8556213378906,332.0],""confidence"":0.0036265929229557514},{""bbox"":[343.64337158203125,332.0,352.0,332.0],""confidence"":0.00296966265887022},{""bbox"":[200.0435333251953,206.1995849609375,209.25892639160156,214.2913360595703],""confidence"":0.002407149877399206},{""bbox"":[186.8975067138672,152.35821533203125,197.25558471679688,161.4818572998047],""confidence"":0.0019439046736806631},{""bbox"":[190.5917510986328,150.41600036621094,200.87803649902344,160.7982635498047],""confidence"":0.0017772382125258446},{""bbox"":[193.9654083251953,172.54115295410156,203.5178985595703,183.14845275878906],""confidence"":0.0014688867377117276},{""bbox"":[0.0,0.0,6.8528151512146,0.0],""confidence"":0.0012592017883434892},{""bbox"":[342.8412170410156,0.0,351.0364990234375,0.4332720935344696],""confidence"":0.0012086406350135803}]",22,0.001
002_20200623_203040(4),2,352,332,"[[192.0,178.0,199.99999999999997,187.99999999999997],[198.0,204.0,207.00000000000003,208.99999999999997],[204.0,233.00000000000003,210.99999999999997,242.0]]","[{""bbox"":[192.60162353515625,178.61441040039062,201.88265991210938,188.2167205810547],""confidence"":0.5929594039916992},{""bbox"":[196.79052734375,201.8197021484375,205.9114532470703,211.33856201171875],""confidence"":0.559555172920227},{""bbox"":[202.8355712890625,233.07241821289062,211.7728729248047,242.04933166503906],""confidence"":0.5556212663650513},{""bbox"":[0.2057170867919922,332.0,7.242806434631348,332.0],""confidence"":0.13468462228775024},{""bbox"":[195.45468139648438,201.6500244140625,204.64266967773438,210.7177734375],""confidence"":0.06463368237018585},{""bbox"":[195.74716186523438,200.77084350585938,206.57965087890625,212.85775756835938],""confidence"":0.05516031011939049},{""bbox"":[197.71189880371094,201.3768768310547,207.39712524414062,212.03689575195312],""confidence"":0.04167691990733147},{""bbox"":[0.21444721519947052,332.0,10.191320419311523,332.0],""confidence"":0.04071084409952164},{""bbox"":[191.24668884277344,177.86712646484375,202.74673461914062,190.90834045410156],""confidence"":0.03334220126271248},{""bbox"":[201.969482421875,232.48951721191406,212.46133422851562,243.55685424804688],""confidence"":0.02440277300775051},{""bbox"":[0.0,332.0,7.991148948669434,332.0],""confidence"":0.024288546293973923},{""bbox"":[190.88998413085938,180.54922485351562,201.00241088867188,190.84620666503906],""confidence"":0.005286596715450287},{""bbox"":[343.9278259277344,332.0,351.9544677734375,332.0],""confidence"":0.0049474481493234634},{""bbox"":[341.7821350097656,332.0,349.5910949707031,332.0],""confidence"":0.004512134939432144},{""bbox"":[193.0252227783203,178.22622680664062,204.91152954101562,188.82614135742188],""confidence"":0.004293947480618954},{""bbox"":[340.8019104003906,332.0,350.859619140625,332.0],""confidence"":0.0036009191535413265},{""bbox"":[343.6373291015625,332.0,352.0,332.0],""confidence"":0.0029708349611610174},{""bbox"":[0.0,0.0,6.8528151512146,0.0],""confidence"":0.0012592028360813856},{""bbox"":[342.84039306640625,0.0,351.0365905761719,0.4345194101333618],""confidence"":0.0012076199054718018}]",19,0.001
002_20200623_203044(0),2,352,332,"[[190.0,144.0,198.0,153.0],[191.0,167.0,200.00000000000003,177.0],[192.99999999999997,198.0,202.0,208.99999999999997]]","[{""bbox"":[191.03604125976562,144.5415802001953,199.7083740234375,153.66041564941406],""confidence"":0.6283549070358276},{""bbox"":[191.99729919433594,167.3241424560547,200.84141540527344,176.52597045898438],""confidence"":0.5631799101829529},{""bbox"":[194.68807983398438,199.92359924316406,203.68370056152344,208.87364196777344],""confidence"":0.5332380533218384},{""bbox"":[0.20571394264698029,332.0,7.242806434631348,332.0],""confidence"":0.13468462228775024},{""bbox"":[189.83108520507812,144.5025177001953,200.1970977783203,155.5196990966797],""confidence"":0.052983205765485764},{""bbox"":[188.80117797851562,144.54901123046875,197.8593292236328,153.8773956298828],""confidence"":0.04700799286365509},{""bbox"":[0.21444092690944672,332.0,10.191319465637207,332.0],""confidence"":0.04071060195565224},{""bbox"":[0.0,332.0,7.991150379180908,332.0],""confidence"":0.02428852580487728},{""bbox"":[195.7878875732422,198.90805053710938,205.1182861328125,208.2696075439453],""confidence"":0.006588311400264502},{""bbox"":[343.9295959472656,332.0,351.95281982421875,332.0],""confidence"":0.004963495768606663},{""bbox"":[341.78851318359375,332.0,349.5917663574219,332.0],""confidence"":0.004569044802337885},{""bbox"":[340.8123474121094,332.0,350.85467529296875,332.0],""confidence"":0.0036371841561049223},{""bbox"":[343.6429443359375,332.0,352.0,332.0],""confidence"":0.002973273629322648},{""bbox"":[191.29891967773438,169.07911682128906,201.9259033203125,180.3423614501953],""confidence"":0.002795801730826497},{""bbox"":[189.76197814941406,141.47743225097656,199.70289611816406,152.8567657470703],""confidence"":0.0027926405891776085},{""bbox"":[188.78448486328125,167.13182067871094,197.57884216308594,175.8914794921875],""confidence"":0.0026657625567167997},{""bbox"":[195.3939971923828,196.6636199951172,203.5359344482422,205.44183349609375],""confidence"":0.001661650137975812},{""bbox"":[0.0,0.0,6.8528151512146,0.0],""confidence"":0.0012592023704200983},{""bbox"":[342.8404235839844,0.0,351.03656005859375,0.4344123899936676],""confidence"":0.0012076585553586483}]",19,0.001
002_20200623_203047(7),2,352,332,"[[184.0,145.0,193.0,156.0],[190.0,167.0,199.00000000000003,178.0],[198.0,197.00000000000003,206.0,209.00000000000003]]","[{""bbox"":[183.76702880859375,146.56787109375,192.63333129882812,155.6673126220703],""confidence"":0.588123083114624},{""bbox"":[196.51824951171875,199.98414611816406,205.31710815429688,208.9098358154297],""confidence"":0.5649065971374512},{""bbox"":[189.0233917236328,168.9423828125,197.59780883789062,177.825439453125],""confidence"":0.5642601251602173},{""bbox"":[0.20571394264698029,332.0,7.242806434631348,332.0],""confidence"":0.13468480110168457},{""bbox"":[182.13035583496094,145.4701690673828,191.680419921875,154.8649444580078],""confidence"":0.0472969189286232},{""bbox"":[195.1742401123047,198.5879669189453,204.77674865722656,208.28427124023438],""confidence"":0.04128051549196243},{""bbox"":[0.21444092690944672,332.0,10.191319465637207,332.0],""confidence"":0.040710750967264175},{""bbox"":[188.54147338867188,169.98281860351562,197.72080993652344,179.955322265625],""confidence"":0.03774076700210571},{""bbox"":[0.0,332.0,7.991150379180908,332.0],""confidence"":0.02428857982158661},{""bbox"":[186.8195037841797,169.04116821289062,197.23008728027344,178.5665283203125],""confidence"":0.013383734971284866},{""bbox"":[197.189453125,198.62892150878906,207.3517608642578,211.00735473632812],""confidence"":0.009842367842793465},{""bbox"":[181.47549438476562,145.3699188232422,194.72732543945312,160.20188903808594],""confidence"":0.00832263845950365},{""bbox"":[189.4093780517578,168.54612731933594,200.49403381347656,178.69715881347656],""confidence"":0.007074317894876003},{""bbox"":[196.67848205566406,196.61839294433594,205.35467529296875,205.44671630859375],""confidence"":0.006056795362383127},{""bbox"":[343.9288024902344,332.0,351.9518737792969,332.0],""confidence"":0.004967455752193928},{""bbox"":[341.78887939453125,332.0,349.59161376953125,332.0],""confidence"":0.004582630470395088},{""bbox"":[340.8136291503906,332.0,350.8536682128906,332.0],""confidence"":0.003647927427664399},{""bbox"":[343.6428527832031,332.0,352.0,332.0],""confidence"":0.002976025687530637},{""bbox"":[183.6838836669922,146.32977294921875,196.17410278320312,156.93731689453125],""confidence"":0.0025572048034518957},{""bbox"":[184.56924438476562,143.8638916015625,193.43313598632812,152.847412109375],""confidence"":0.002539130626246333},{""bbox"":[179.76046752929688,146.24522399902344,188.725830078125,155.44677734375],""confidence"":0.0025111038703471422},{""bbox"":[181.44122314453125,148.3546600341797,192.38063049316406,160.41505432128906],""confidence"":0.0013765168841928244},{""bbox"":[0.0,0.0,6.8528151512146,0.0],""confidence"":0.0012592023704200983},{""bbox"":[342.8432922363281,0.0,351.0361022949219,0.4292311668395996],""confidence"":0.0012110999086871743}]",24,0.001
002_20200623_203051(2),2,352,332,"[[192.0,133.0,203.0,142.0],[195.99999999999997,153.0,205.0,166.0],[200.00000000000003,187.0,208.0,196.99999999999997]]","[{""bbox"":[192.2435302734375,132.8812255859375,200.76658630371094,141.66343688964844],""confidence"":0.5781300067901611},{""bbox"":[199.90553283691406,187.50613403320312,208.66189575195312,196.58619689941406],""confidence"":0.5673289895057678},{""bbox"":[195.33563232421875,155.70132446289062,204.15829467773438,164.61412048339844],""confidence"":0.5216175317764282},{""bbox"":[198.94943237304688,187.97381591796875,209.10147094726562,198.25906372070312],""confidence"":0.19054436683654785},{""bbox"":[0.2057165652513504,332.0,7.2428059577941895,332.0],""confidence"":0.13468459248542786},{""bbox"":[190.90599060058594,132.15243530273438,199.895263671875,141.03529357910156],""confidence"":0.09101597964763641},{""bbox"":[0.21444827318191528,332.0,10.191319465637207,332.0],""confidence"":0.040710750967264175},{""bbox"":[0.0,332.0,7.991147994995117,332.0],""confidence"":0.024288546293973923},{""bbox"":[198.88449096679688,185.55783081054688,208.4485321044922,196.08074951171875],""confidence"":0.01708531752228737},{""bbox"":[197.57275390625,187.96975708007812,206.64244079589844,197.57521057128906],""confidence"":0.013800633139908314},{""bbox"":[191.28968811035156,133.9746856689453,203.158935546875,145.50326538085938],""confidence"":0.008033563382923603},{""bbox"":[343.9255065917969,332.0,351.94818115234375,332.0],""confidence"":0.004991773981601},{""bbox"":[341.7918395996094,332.0,349.59234619140625,332.0],""confidence"":0.004645319189876318},{""bbox"":[340.8202819824219,332.0,350.8497314453125,332.0],""confidence"":0.003689510514959693},{""bbox"":[343.6427917480469,332.0,352.0,332.0],""confidence"":0.0029882690869271755},{""bbox"":[188.60491943359375,132.51083374023438,197.43788146972656,142.00335693359375],""confidence"":0.002440018579363823},{""bbox"":[197.8743896484375,186.3355712890625,210.28321838378906,199.5064239501953],""confidence"":0.0022877445444464684},{""bbox"":[189.39328002929688,132.16012573242188,203.1233673095703,147.19415283203125],""confidence"":0.0018310750601813197},{""bbox"":[194.700439453125,152.70448303222656,203.478759765625,161.44126892089844],""confidence"":0.0018123084446415305},{""bbox"":[0.0,0.0,6.8528151512146,0.0],""confidence"":0.0012592017883434892},{""bbox"":[342.8411560058594,0.0,351.0364990234375,0.43335914611816406],""confidence"":0.0012087334180250764}]",21,0.001
002_20200623_203054(7),2,352,332,"[[181.0,143.0,190.0,154.0],[189.00000000000003,164.0,197.0,175.0],[198.0,193.99999999999997,207.00000000000003,208.0]]","[{""bbox"":[182.52783203125,144.33132934570312,191.25611877441406,153.39599609375],""confidence"":0.587999701499939},{""bbox"":[197.86009216308594,196.69741821289062,206.68331909179688,205.5223846435547],""confidence"":0.5604055523872375},{""bbox"":[188.35043334960938,166.62042236328125,197.03079223632812,175.41177368164062],""confidence"":0.5575848817825317},{""bbox"":[0.20571498572826385,332.0,7.2428059577941895,332.0],""confidence"":0.134684756398201},{""bbox"":[198.07325744628906,197.09393310546875,207.73963928222656,207.36105346679688],""confidence"":0.08785515278577805},{""bbox"":[189.36257934570312,167.10374450683594,198.62449645996094,176.3231658935547],""confidence"":0.044333089143037796},{""bbox"":[0.21444302797317505,332.0,10.191319465637207,332.0],""confidence"":0.040710750967264175},{""bbox"":[187.55087280273438,166.04315185546875,197.88795471191406,177.5293731689453],""confidence"":0.03408459946513176},{""bbox"":[186.78048706054688,167.27169799804688,196.00279235839844,175.6569061279297],""confidence"":0.031204015016555786},{""bbox"":[0.0,332.0,7.991150379180908,332.0],""confidence"":0.02428857423365116},{""bbox"":[181.36126708984375,143.17825317382812,192.83392333984375,155.81690979003906],""confidence"":0.021345749497413635},{""bbox"":[196.95542907714844,194.41610717773438,206.9808349609375,206.37518310546875],""confidence"":0.018406208604574203},{""bbox"":[180.0218048095703,144.54600524902344,189.00009155273438,153.72442626953125],""confidence"":0.011121022514998913},{""bbox"":[198.1522674560547,196.0274658203125,209.27560424804688,206.12928771972656],""confidence"":0.006937593687325716},{""bbox"":[343.9300537109375,332.0,351.95269775390625,332.0],""confidence"":0.004960927180945873},{""bbox"":[195.6768341064453,196.88558959960938,205.43812561035156,205.458251953125],""confidence"":0.004929002840071917},{""bbox"":[341.7890319824219,332.0,349.5914611816406,332.0],""confidence"":0.004570665303617716},{""bbox"":[340.8135070800781,332.0,350.85394287109375,332.0],""confidence"":0.0036407457664608955},{""bbox"":[343.643798828125,332.0,352.0,332.0],""confidence"":0.0029725173953920603},{""bbox"":[186.3293914794922,168.2121124267578,196.10263061523438,177.803955078125],""confidence"":0.0028577824123203754},{""bbox"":[181.28277587890625,141.38613891601562,191.91062927246094,153.17227172851562],""confidence"":0.0012713819742202759},{""bbox"":[0.0,0.0,6.8528151512146,0.0],""confidence"":0.0012592017883434892},{""bbox"":[342.8488464355469,0.0,351.035400390625,0.4175679385662079],""confidence"":0.0012172427959740162}]",23,0.001
002_20200623_203058(3),2,352,332,"[[195.0,145.0,204.0,155.0],[198.0,167.0,210.00000000000003,177.0],[209.0,198.0,217.0,210.0]]","[{""bbox"":[206.96202087402344,199.9387969970703,215.4931640625,208.66400146484375],""confidence"":0.5851069688796997},{""bbox"":[195.57598876953125,146.1356964111328,204.3741455078125,155.0292510986328],""confidence"":0.562953531742096},{""bbox"":[200.29432678222656,168.3586883544922,209.1060791015625,177.36459350585938],""confidence"":0.5351114869117737},{""bbox"":[206.66751098632812,199.13548278808594,216.5152130126953,210.02993774414062],""confidence"":0.21216386556625366},{""bbox"":[0.2057170867919922,332.0,7.242806911468506,332.0],""confidence"":0.13468462228775024},{""bbox"":[0.21445035934448242,332.0,10.191320419311523,332.0],""confidence"":0.04071080684661865},{""bbox"":[0.0,332.0,7.991147994995117,332.0],""confidence"":0.024288557469844818},{""bbox"":[197.4795379638672,168.17807006835938,206.29901123046875,177.03257751464844],""confidence"":0.014878745190799236},{""bbox"":[196.58529663085938,143.89639282226562,205.34063720703125,152.8211669921875],""confidence"":0.012681625783443451},{""bbox"":[199.47084045410156,169.53387451171875,209.9236602783203,180.38037109375],""confidence"":0.009319975040853024},{""bbox"":[343.9290771484375,332.0,351.9522705078125,332.0],""confidence"":0.004966140724718571},{""bbox"":[341.7887878417969,332.0,349.5917663574219,332.0],""confidence"":0.0045778825879096985},{""bbox"":[340.81329345703125,332.0,350.8540954589844,332.0],""confidence"":0.003643985139206052},{""bbox"":[208.0309600830078,198.70742797851562,218.3848114013672,208.6437225341797],""confidence"":0.003115635132417083},{""bbox"":[343.6429138183594,332.0,352.0,332.0],""confidence"":0.002975107403472066},{""bbox"":[197.4872589111328,145.13632202148438,207.33926391601562,156.16102600097656],""confidence"":0.0019194813212379813},{""bbox"":[192.81764221191406,145.11192321777344,206.7846221923828,160.2828369140625],""confidence"":0.0019011988770216703},{""bbox"":[206.32650756835938,196.64773559570312,214.7010498046875,205.3347625732422],""confidence"":0.0014560464769601822},{""bbox"":[204.47879028320312,200.0895233154297,214.31393432617188,208.7527618408203],""confidence"":0.0013816461432725191},{""bbox"":[0.0,0.0,6.8528151512146,0.0],""confidence"":0.0012592017883434892},{""bbox"":[193.5166473388672,147.50074768066406,205.13238525390625,160.4486083984375],""confidence"":0.0012468131026253104},{""bbox"":[342.8409423828125,0.0,351.03656005859375,0.4336749315261841],""confidence"":0.001208391971886158}]",22,0.001
002_20200624_003115(6),2,316,332,"[[153.0,143.99999999999997,165.0,154.0],[155.00000000000003,169.0,167.0,178.99999999999997],[157.0,199.0,167.99999999999997,211.0]]","[{""bbox"":[153.2487335205078,143.6614227294922,163.84600830078125,154.6968994140625],""confidence"":0.6964952349662781},{""bbox"":[158.17098999023438,199.84007263183594,168.14356994628906,209.90487670898438],""confidence"":0.6142159700393677},{""bbox"":[155.42984008789062,167.6899871826172,165.48802185058594,178.05587768554688],""confidence"":0.536033034324646},{""bbox"":[153.48342895507812,143.83645629882812,162.1294708251953,153.15457153320312],""confidence"":0.1567455679178238},{""bbox"":[152.010498046875,143.0229949951172,164.85076904296875,156.60130310058594],""confidence"":0.1329297125339508},{""bbox"":[157.35189819335938,198.4947967529297,169.65866088867188,211.14547729492188],""confidence"":0.12352180480957031},{""bbox"":[155.21188354492188,168.96058654785156,166.1178436279297,179.8659210205078],""confidence"":0.03805316239595413},{""bbox"":[154.1556396484375,166.77911376953125,167.6934814453125,181.4968719482422],""confidence"":0.016625110059976578},{""bbox"":[157.37815856933594,200.7426300048828,169.3223876953125,213.0561981201172],""confidence"":0.009927294217050076},{""bbox"":[153.61871337890625,167.36708068847656,162.15301513671875,176.58885192871094],""confidence"":0.0057303281500935555},{""bbox"":[257.11029052734375,173.1421356201172,264.70111083984375,180.62493896484375],""confidence"":0.004831559956073761},{""bbox"":[150.77999877929688,144.74087524414062,163.23736572265625,157.4441680908203],""confidence"":0.00446345517411828},{""bbox"":[155.74789428710938,199.43988037109375,166.1747589111328,208.51828002929688],""confidence"":0.004087751265615225},{""bbox"":[0.0,1.4317266941070557,0.0,8.50147819519043],""confidence"":0.003336637280881405},{""bbox"":[0.0,323.81964111328125,0.0,329.9401550292969],""confidence"":0.0027958385180681944},{""bbox"":[156.63441467285156,196.7264862060547,167.58168029785156,208.40463256835938],""confidence"":0.00215933914296329},{""bbox"":[151.3128662109375,141.97105407714844,162.54754638671875,152.63121032714844],""confidence"":0.0014632382662966847},{""bbox"":[155.7814483642578,200.27052307128906,167.3565673828125,211.06802368164062],""confidence"":0.00140424317214638},{""bbox"":[0.0,0.01781184785068035,0.0,6.084603786468506],""confidence"":0.0011517598759382963}]",19,0.001
002_20200624_003118(6),2,316,332,"[[145.0,140.0,156.0,149.0],[146.0,164.0,160.0,174.0],[148.0,196.0,160.0,208.0]]","[{""bbox"":[145.62826538085938,140.55294799804688,155.34622192382812,150.58070373535156],""confidence"":0.6585215330123901},{""bbox"":[148.5081787109375,196.62017822265625,158.6312713623047,206.65728759765625],""confidence"":0.5909823179244995},{""bbox"":[146.5520782470703,164.06387329101562,156.49403381347656,174.47386169433594],""confidence"":0.5818584561347961},{""bbox"":[144.23208618164062,139.51321411132812,156.47311401367188,152.29721069335938],""confidence"":0.16967833042144775},{""bbox"":[145.24838256835938,164.43450927734375,153.89157104492188,173.6458740234375],""confidence"":0.055209606885910034},{""bbox"":[145.05345153808594,162.84051513671875,158.4093017578125,177.44561767578125],""confidence"":0.030308859422802925},{""bbox"":[148.35202026367188,195.9127960205078,161.0163116455078,208.3226776123047],""confidence"":0.017567070201039314},{""bbox"":[248.95323181152344,148.8943328857422,256.8291015625,156.45065307617188],""confidence"":0.00976658146828413},{""bbox"":[143.1087646484375,139.97999572753906,154.8745574951172,150.86265563964844],""confidence"":0.005792008712887764},{""bbox"":[248.77818298339844,173.67990112304688,256.0945129394531,180.7362823486328],""confidence"":0.005217813421040773},{""bbox"":[0.0,1.431789755821228,0.0,8.501648902893066],""confidence"":0.0033294351305812597},{""bbox"":[0.0,323.8160705566406,0.0,329.9376220703125],""confidence"":0.00277801975607872},{""bbox"":[144.04124450683594,142.39588928222656,154.91555786132812,155.30133056640625],""confidence"":0.001257782569155097},{""bbox"":[0.0,0.017618907615542412,0.0,6.084414958953857],""confidence"":0.0011502818670123816},{""bbox"":[146.6983184814453,192.48715209960938,157.6442413330078,204.2184295654297],""confidence"":0.0010233349166810513}]",15,0.001
002_20200624_003123(0),2,316,332,"[[149.0,143.99999999999997,161.00000000000003,154.0],[151.0,167.0,162.0,179.0],[152.0,200.00000000000003,166.0,210.0]]","[{""bbox"":[150.53363037109375,143.81356811523438,160.35948181152344,154.26126098632812],""confidence"":0.6442452073097229},{""bbox"":[154.76953125,199.9403533935547,164.5540313720703,209.9627685546875],""confidence"":0.6141465306282043},{""bbox"":[151.66395568847656,167.69590759277344,161.7203826904297,178.11770629882812],""confidence"":0.539040207862854},{""bbox"":[153.96142578125,198.5789794921875,165.74746704101562,210.96060180664062],""confidence"":0.20963981747627258},{""bbox"":[148.82916259765625,143.18423461914062,161.8362274169922,156.5647735595703],""confidence"":0.16096431016921997},{""bbox"":[153.5028533935547,199.76132202148438,162.1730499267578,209.82423400878906],""confidence"":0.044038981199264526},{""bbox"":[150.46173095703125,166.9911346435547,163.50538635253906,181.4317626953125],""confidence"":0.03300577029585838},{""bbox"":[154.48492431640625,201.85755920410156,165.53701782226562,213.40158081054688],""confidence"":0.006570343393832445},{""bbox"":[0.0,1.4312962293624878,0.0,8.501059532165527],""confidence"":0.0033342549577355385},{""bbox"":[153.03713989257812,196.63845825195312,164.0481414794922,208.2584686279297],""confidence"":0.002827748190611601},{""bbox"":[0.0,323.8099670410156,0.0,329.9351806640625],""confidence"":0.0027655987069010735},{""bbox"":[153.04193115234375,200.6895751953125,163.13076782226562,212.8430633544922],""confidence"":0.002506401389837265},{""bbox"":[153.76058959960938,167.2373504638672,163.0462188720703,177.65826416015625],""confidence"":0.0017517537344247103},{""bbox"":[151.6465301513672,199.37338256835938,162.0030059814453,208.3412628173828],""confidence"":0.0016039243200793862},{""bbox"":[147.2235870361328,143.26890563964844,159.3224334716797,154.81565856933594],""confidence"":0.0014988068724051118},{""bbox"":[256.18524169921875,147.73480224609375,264.2432861328125,155.61749267578125],""confidence"":0.0014585228636860847},{""bbox"":[0.0,0.017608022317290306,0.0,6.084360122680664],""confidence"":0.0011505805887281895},{""bbox"":[256.3039855957031,173.15675354003906,263.9673156738281,180.5985565185547],""confidence"":0.001097454340197146}]",18,0.001
002_20200624_003127(5),2,316,332,"[[149.0,144.0,159.0,156.0],[152.0,166.0,165.0,178.0],[155.0,198.0,164.0,210.0]]","[{""bbox"":[150.8397979736328,143.7411346435547,160.79617309570312,154.3397674560547],""confidence"":0.6456875801086426},{""bbox"":[152.6922149658203,167.12374877929688,162.19027709960938,176.7172088623047],""confidence"":0.5702076554298401},{""bbox"":[155.1172332763672,200.02976989746094,164.5107879638672,209.52792358398438],""confidence"":0.5683154463768005},{""bbox"":[154.44068908691406,198.70120239257812,165.66502380371094,210.6719970703125],""confidence"":0.16595666110515594},{""bbox"":[148.90679931640625,143.09718322753906,162.3620147705078,156.57220458984375],""confidence"":0.15721102058887482},{""bbox"":[151.2385711669922,166.45529174804688,161.3493194580078,176.0458984375],""confidence"":0.1479332000017166},{""bbox"":[151.41050720214844,167.51800537109375,162.16810607910156,179.6860809326172],""confidence"":0.01387664582580328},{""bbox"":[153.35060119628906,199.56561279296875,162.00393676757812,209.18667602539062],""confidence"":0.012190846726298332},{""bbox"":[154.9049835205078,201.8533477783203,165.71875,213.0892333984375],""confidence"":0.00633930042386055},{""bbox"":[0.0,1.432387351989746,0.0,8.502351760864258],""confidence"":0.0033273010049015284},{""bbox"":[0.0,323.81884765625,0.0,329.9393615722656],""confidence"":0.0027878256514668465},{""bbox"":[152.46881103515625,165.92794799804688,165.3016357421875,178.90821838378906],""confidence"":0.002524162642657757},{""bbox"":[113.49647521972656,118.2744369506836,123.8045883178711,127.41362762451172],""confidence"":0.002028038492426276},{""bbox"":[152.8497314453125,196.60340881347656,163.86532592773438,207.99000549316406],""confidence"":0.0016733219381421804},{""bbox"":[147.15869140625,142.9903564453125,159.4191436767578,154.66134643554688],""confidence"":0.001328526996076107},{""bbox"":[0.0,0.017667388543486595,0.0,6.084693908691406],""confidence"":0.0011482156114652753}]",16,0.001
002_20200624_003132(0),2,316,332,"[[143.0,143.0,154.0,155.0],[145.0,168.0,158.0,182.00000000000003],[148.0,200.00000000000003,161.00000000000003,212.00000000000003]]","[{""bbox"":[144.84153747558594,143.9745330810547,155.16485595703125,154.69873046875],""confidence"":0.680585503578186},{""bbox"":[149.76953125,199.75892639160156,159.66592407226562,209.68008422851562],""confidence"":0.6231420040130615},{""bbox"":[146.75111389160156,167.16098022460938,156.56405639648438,177.2356414794922],""confidence"":0.5412935018539429},{""bbox"":[143.40965270996094,143.11288452148438,156.14834594726562,156.6384735107422],""confidence"":0.12535367906093597},{""bbox"":[148.94920349121094,198.325439453125,161.29275512695312,211.02870178222656],""confidence"":0.07837578654289246},{""bbox"":[145.30972290039062,166.89442443847656,153.8666229248047,176.15716552734375],""confidence"":0.03230709582567215},{""bbox"":[146.54371643066406,168.82786560058594,157.28623962402344,179.8749237060547],""confidence"":0.013396434485912323},{""bbox"":[148.9434051513672,200.63014221191406,160.9910125732422,213.0617218017578],""confidence"":0.007145339157432318},{""bbox"":[147.4259033203125,199.30062866210938,157.88963317871094,208.4105987548828],""confidence"":0.00678178109228611},{""bbox"":[147.98452758789062,196.67442321777344,159.16073608398438,208.538330078125],""confidence"":0.003565013175830245},{""bbox"":[0.0,1.432463526725769,0.0,8.502525329589844],""confidence"":0.0033234325237572193},{""bbox"":[0.0,323.8172912597656,0.0,329.9385681152344],""confidence"":0.002780536189675331},{""bbox"":[145.27947998046875,166.9054412841797,158.3346710205078,181.17489624023438],""confidence"":0.0024129750672727823},{""bbox"":[144.83152770996094,168.24034118652344,154.39138793945312,179.40518188476562],""confidence"":0.0015746812568977475},{""bbox"":[147.4582977294922,200.1121826171875,158.99725341796875,210.87442016601562],""confidence"":0.0015740854432806373},{""bbox"":[0.0,0.01758526638150215,0.0,6.084662437438965],""confidence"":0.0011477114167064428},{""bbox"":[142.69363403320312,142.27780151367188,153.6328125,152.83346557617188],""confidence"":0.0010989990551024675},{""bbox"":[249.20301818847656,173.15135192871094,256.4966125488281,180.49044799804688],""confidence"":0.0010782891185954213}]",18,0.001
002_20200624_003136(5),2,316,332,"[[141.0,142.0,155.0,157.0],[144.0,165.0,157.0,180.0],[148.0,198.00000000000003,157.0,213.0]]","[{""bbox"":[144.53077697753906,167.16909790039062,154.57626342773438,177.1057586669922],""confidence"":0.6395421624183655},{""bbox"":[142.3492431640625,143.71290588378906,152.4727783203125,154.4668426513672],""confidence"":0.6272493600845337},{""bbox"":[147.63502502441406,199.6498565673828,157.20701599121094,209.4981231689453],""confidence"":0.6067947745323181},{""bbox"":[140.62823486328125,143.24301147460938,153.89645385742188,156.6629180908203],""confidence"":0.18494872748851776},{""bbox"":[146.72256469726562,198.1169891357422,157.9647979736328,210.6476287841797],""confidence"":0.17377032339572906},{""bbox"":[143.08502197265625,166.37124633789062,153.49465942382812,176.09185791015625],""confidence"":0.09524199366569519},{""bbox"":[144.14344787597656,166.06121826171875,156.9141845703125,178.9632568359375],""confidence"":0.023614296689629555},{""bbox"":[143.60658264160156,167.42481994628906,154.16268920898438,179.73045349121094],""confidence"":0.023314883932471275},{""bbox"":[146.91262817382812,201.36669921875,158.56163024902344,213.15476989746094],""confidence"":0.005097034387290478},{""bbox"":[145.1149139404297,199.2546844482422,153.8086700439453,209.20225524902344],""confidence"":0.0037811873480677605},{""bbox"":[0.0,1.4319112300872803,0.0,8.501784324645996],""confidence"":0.003328128485009074},{""bbox"":[145.3433380126953,196.56468200683594,156.48785400390625,208.11500549316406],""confidence"":0.00279617914929986},{""bbox"":[0.0,323.8179931640625,0.0,329.9374694824219],""confidence"":0.002770180581137538},{""bbox"":[248.33517456054688,168.09912109375,255.4974822998047,174.7614288330078],""confidence"":0.0013883262872695923},{""bbox"":[138.86500549316406,143.0262908935547,151.0857696533203,154.69857788085938],""confidence"":0.0013498564949259162},{""bbox"":[0.0,0.01769806258380413,0.0,6.084541320800781],""confidence"":0.0011507855961099267}]",16,0.001
002_20200624_043128(1),2,352,332,"[[188.0,153.0,197.0,161.0],[193.0,175.0,199.99999999999997,183.00000000000003],[199.0,205.0,210.0,213.99999999999997]]","[{""bbox"":[186.8574676513672,151.50009155273438,195.963623046875,160.651123046875],""confidence"":0.5689042210578918},{""bbox"":[199.4919891357422,205.47451782226562,208.36940002441406,214.619140625],""confidence"":0.5582296252250671},{""bbox"":[191.6455535888672,174.0828399658203,200.90423583984375,183.9525604248047],""confidence"":0.5522630214691162},{""bbox"":[0.2057165652513504,332.0,7.2428059577941895,332.0],""confidence"":0.134684756398201},{""bbox"":[185.900634765625,151.69851684570312,197.0232391357422,163.01400756835938],""confidence"":0.04957050830125809},{""bbox"":[197.6127166748047,205.9136199951172,206.61257934570312,215.23870849609375],""confidence"":0.044389549642801285},{""bbox"":[0.21444617211818695,332.0,10.191319465637207,332.0],""confidence"":0.04071080684661865},{""bbox"":[0.0,332.0,7.991149425506592,332.0],""confidence"":0.02428857982158661},{""bbox"":[184.6833038330078,149.90159606933594,198.59376525878906,164.81153869628906],""confidence"":0.014991635456681252},{""bbox"":[198.51431274414062,203.31175231933594,208.44808959960938,215.05027770996094],""confidence"":0.011061128228902817},{""bbox"":[198.123779296875,205.03221130371094,209.22166442871094,217.0261993408203],""confidence"":0.008929346688091755},{""bbox"":[189.79666137695312,172.72608947753906,202.23219299316406,186.4184112548828],""confidence"":0.008301767520606518},{""bbox"":[188.6513671875,174.70721435546875,197.44410705566406,183.35260009765625],""confidence"":0.008127513341605663},{""bbox"":[343.9305419921875,332.0,351.9546203613281,332.0],""confidence"":0.0049585686065256596},{""bbox"":[341.78607177734375,332.0,349.5913391113281,332.0],""confidence"":0.004539250396192074},{""bbox"":[188.793212890625,150.3160400390625,198.88575744628906,161.32127380371094],""confidence"":0.004038781393319368},{""bbox"":[340.8070983886719,332.0,350.8578186035156,332.0],""confidence"":0.0036159309092909098},{""bbox"":[343.6413879394531,332.0,352.0,332.0],""confidence"":0.002970732981339097},{""bbox"":[190.81410217285156,172.43080139160156,200.16847229003906,182.1099090576172],""confidence"":0.002590395510196686},{""bbox"":[200.21678161621094,203.23927307128906,210.32260131835938,213.6239471435547],""confidence"":0.0016029534162953496},{""bbox"":[0.0,0.0,6.852814197540283,0.0],""confidence"":0.0012592010898515582},{""bbox"":[342.8413391113281,0.0,351.03643798828125,0.43311893939971924],""confidence"":0.0012087764916941524}]",22,0.001
002_20200624_043132(2),2,352,332,"[[200.00000000000003,113.0,208.0,125.0],[201.0,138.0,209.0,148.00000000000003],[203.0,171.00000000000003,209.0,180.0]]","[{""bbox"":[202.59140014648438,171.34400939941406,211.0574188232422,179.85409545898438],""confidence"":0.5863248109817505},{""bbox"":[200.2332763671875,114.92405700683594,208.88287353515625,123.859375],""confidence"":0.5809642672538757},{""bbox"":[200.78475952148438,138.21385192871094,209.4081268310547,147.1691436767578],""confidence"":0.5495695471763611},{""bbox"":[0.2057165652513504,332.0,7.2428059577941895,332.0],""confidence"":0.13468429446220398},{""bbox"":[199.34445190429688,114.23777770996094,209.97384643554688,125.1499252319336],""confidence"":0.07168970257043839},{""bbox"":[199.649169921875,136.86212158203125,208.84803771972656,146.2716064453125],""confidence"":0.052421581000089645},{""bbox"":[0.21445141732692719,332.0,10.191320419311523,332.0],""confidence"":0.04071063920855522},{""bbox"":[0.0,332.0,7.991147994995117,332.0],""confidence"":0.024288490414619446},{""bbox"":[197.4642333984375,114.6952133178711,206.36380004882812,124.32853698730469],""confidence"":0.015235194005072117},{""bbox"":[201.81861877441406,170.91944885253906,212.14280700683594,181.77174377441406],""confidence"":0.008509689010679722},{""bbox"":[199.03077697753906,116.63294982910156,210.356201171875,128.0454559326172],""confidence"":0.005766312126070261},{""bbox"":[343.9229431152344,332.0,351.9462890625,332.0],""confidence"":0.005011663306504488},{""bbox"":[341.7917785644531,332.0,349.5926208496094,332.0],""confidence"":0.004674981348216534},{""bbox"":[340.8204650878906,332.0,350.8495178222656,332.0],""confidence"":0.0037068494129925966},{""bbox"":[197.536376953125,138.69439697265625,206.28977966308594,147.08230590820312],""confidence"":0.0031576096080243587},{""bbox"":[200.05455017089844,170.8672637939453,209.18080139160156,178.887451171875],""confidence"":0.003049062564969063},{""bbox"":[203.5508575439453,171.1134796142578,213.5746612548828,180.25599670410156],""confidence"":0.003003340680152178},{""bbox"":[343.64056396484375,332.0,352.0,332.0],""confidence"":0.0029977685771882534},{""bbox"":[199.71958923339844,137.64938354492188,212.22393798828125,151.34292602539062],""confidence"":0.002113497816026211},{""bbox"":[201.28611755371094,168.00143432617188,211.39820861816406,179.375732421875],""confidence"":0.0016929558478295803},{""bbox"":[197.3541259765625,117.6021499633789,209.0469970703125,130.1665496826172],""confidence"":0.0013134386390447617},{""bbox"":[0.0,0.0,6.852817535400391,0.0],""confidence"":0.0012591922422870994},{""bbox"":[342.8412170410156,0.0,351.03662109375,0.43307697772979736],""confidence"":0.0012092049000784755},{""bbox"":[196.77516174316406,114.35138702392578,210.90760803222656,129.69874572753906],""confidence"":0.0010047029936686158}]",24,0.001
002_20200624_043136(1),2,352,332,"[[196.00000000000003,140.0,203.0,152.0],[198.0,164.0,204.0,175.0],[202.0,197.00000000000003,210.0,205.99999999999997]]","[{""bbox"":[195.14981079101562,141.7305145263672,204.30511474609375,151.00027465820312],""confidence"":0.6093482375144958},{""bbox"":[201.41978454589844,197.75991821289062,209.97398376464844,206.528564453125],""confidence"":0.5763798952102661},{""bbox"":[196.90577697753906,165.39459228515625,205.796142578125,174.79940795898438],""confidence"":0.5518172383308411},{""bbox"":[0.20571604371070862,332.0,7.242806434631348,332.0],""confidence"":0.13468459248542786},{""bbox"":[197.827392578125,165.27053833007812,207.41258239746094,175.74813842773438],""confidence"":0.11645883321762085},{""bbox"":[199.85098266601562,197.34852600097656,208.78713989257812,206.03851318359375],""confidence"":0.08352932333946228},{""bbox"":[0.21444827318191528,332.0,10.191319465637207,332.0],""confidence"":0.040710750967264175},{""bbox"":[0.0,332.0,7.991147994995117,332.0],""confidence"":0.024288570508360863},{""bbox"":[200.52349853515625,196.59561157226562,211.18246459960938,208.41554260253906],""confidence"":0.01576782949268818},{""bbox"":[193.9156951904297,142.30711364746094,205.60923767089844,154.2611846923828],""confidence"":0.010894273407757282},{""bbox"":[195.91148376464844,164.21231079101562,207.68435668945312,177.6438751220703],""confidence"":0.007301107980310917},{""bbox"":[192.44094848632812,140.45034790039062,206.44346618652344,155.8710174560547],""confidence"":0.00612402381375432},{""bbox"":[343.9287414550781,332.0,351.9524841308594,332.0],""confidence"":0.004969974048435688},{""bbox"":[341.7878112792969,332.0,349.5918884277344,332.0],""confidence"":0.004572809208184481},{""bbox"":[340.81121826171875,332.0,350.8554382324219,332.0],""confidence"":0.0036384009290486574},{""bbox"":[343.6415710449219,332.0,352.0,332.0],""confidence"":0.0029764841310679913},{""bbox"":[197.5007781982422,197.64894104003906,206.3381805419922,206.58941650390625],""confidence"":0.00183347356505692},{""bbox"":[197.37652587890625,140.52047729492188,207.52154541015625,151.94479370117188],""confidence"":0.0013389947125688195},{""bbox"":[0.0,0.0,6.8528151512146,0.0],""confidence"":0.0012592017883434892},{""bbox"":[342.8404846191406,0.0,351.03662109375,0.4344218373298645],""confidence"":0.0012076797429472208}]",20,0.001
002_20200624_043136(9),2,316,332,"[[149.0,144.0,160.0,155.0],[151.0,168.00000000000003,162.0,177.0],[153.0,198.0,166.0,211.0]]","[{""bbox"":[149.80117797851562,143.39730834960938,160.15255737304688,154.18650817871094],""confidence"":0.6472780108451843},{""bbox"":[154.36520385742188,199.80123901367188,164.334716796875,209.96124267578125],""confidence"":0.6210270524024963},{""bbox"":[151.80955505371094,167.5281524658203,161.90969848632812,178.00485229492188],""confidence"":0.5581621527671814},{""bbox"":[153.47410583496094,198.3106231689453,165.67889404296875,211.07005310058594],""confidence"":0.1798085868358612},{""bbox"":[148.1963348388672,142.79347229003906,161.54940795898438,156.61441040039062],""confidence"":0.13998869061470032},{""bbox"":[150.33016967773438,166.7049560546875,163.78854370117188,181.38079833984375],""confidence"":0.023678207769989967},{""bbox"":[146.95252990722656,142.69973754882812,159.45059204101562,154.78948974609375],""confidence"":0.006346982438117266},{""bbox"":[154.40155029296875,201.91976928710938,165.33111572265625,213.40603637695312],""confidence"":0.0056144301779568195},{""bbox"":[153.032958984375,200.71499633789062,163.08596801757812,212.84536743164062],""confidence"":0.0038445121608674526},{""bbox"":[0.0,1.4317026138305664,0.0,8.501667022705078],""confidence"":0.0033265359234064817},{""bbox"":[152.7495574951172,196.636474609375,164.0160369873047,208.4603271484375],""confidence"":0.003077736124396324},{""bbox"":[0.0,323.8163146972656,0.0,329.9378967285156],""confidence"":0.00277484068647027},{""bbox"":[152.3541717529297,167.07412719726562,165.1996612548828,180.08364868164062],""confidence"":0.0024074306711554527},{""bbox"":[151.58480834960938,199.3265380859375,162.2276611328125,208.5380859375],""confidence"":0.002190171042457223},{""bbox"":[256.1051025390625,173.3463134765625,263.741943359375,180.63502502441406],""confidence"":0.0013978374190628529},{""bbox"":[256.1103820800781,148.05850219726562,264.06695556640625,155.75160217285156],""confidence"":0.0012642581714317203},{""bbox"":[0.0,0.017614949494600296,0.0,6.084535598754883],""confidence"":0.001150369644165039}]",17,0.001
002_20200624_043140(2),2,352,332,"[[189.00000000000003,159.0,199.0,170.0],[194.0,182.00000000000003,203.00000000000003,194.00000000000003],[199.99999999999997,213.0,209.0,225.0]]","[{""bbox"":[194.64840698242188,183.10256958007812,203.87823486328125,192.89105224609375],""confidence"":0.5687021613121033},{""bbox"":[200.3035430908203,215.4401092529297,208.7296142578125,224.09609985351562],""confidence"":0.5673028826713562},{""bbox"":[191.07106018066406,160.21421813964844,200.24139404296875,169.42410278320312],""confidence"":0.5499246120452881},{""bbox"":[0.2057165652513504,332.0,7.2428059577941895,332.0],""confidence"":0.13468441367149353},{""bbox"":[190.2228546142578,161.1009063720703,201.3476104736328,171.9877166748047],""confidence"":0.04106037691235542},{""bbox"":[0.21445035934448242,332.0,10.191319465637207,332.0],""confidence"":0.04071071743965149},{""bbox"":[0.0,332.0,7.991147518157959,332.0],""confidence"":0.02428852580487728},{""bbox"":[197.5877685546875,215.20838928222656,206.4805908203125,224.18519592285156],""confidence"":0.019422616809606552},{""bbox"":[188.68190002441406,158.6078643798828,202.0724639892578,173.46632385253906],""confidence"":0.019294917583465576},{""bbox"":[198.9242401123047,214.70028686523438,209.39854431152344,225.8919677734375],""confidence"":0.013168343342840672},{""bbox"":[193.6490478515625,182.4224853515625,204.8859100341797,195.09051513671875],""confidence"":0.012098710052669048},{""bbox"":[188.75326538085938,160.18682861328125,197.67250061035156,169.7488555908203],""confidence"":0.01209521759301424},{""bbox"":[194.3107147216797,181.3144989013672,203.1947021484375,191.16407775878906],""confidence"":0.007119075395166874},{""bbox"":[343.9269714355469,332.0,351.9532775878906,332.0],""confidence"":0.004978599958121777},{""bbox"":[341.78350830078125,332.0,349.59173583984375,332.0],""confidence"":0.00455305865034461},{""bbox"":[340.8030090332031,332.0,350.8599853515625,332.0],""confidence"":0.003620271338149905},{""bbox"":[343.6365051269531,332.0,352.0,332.0],""confidence"":0.002981015481054783},{""bbox"":[0.0,0.0,6.8528151512146,0.0],""confidence"":0.0012592035345733166},{""bbox"":[342.8404235839844,0.0,351.03656005859375,0.43441659212112427],""confidence"":0.0012076711282134056}]",19,0.001
002_20200624_043141(4),2,316,332,"[[151.0,141.0,162.0,155.0],[153.0,166.0,164.0,180.00000000000003],[155.0,198.0,164.0,212.00000000000003]]","[{""bbox"":[152.87921142578125,167.11868286132812,162.84716796875,176.974365234375],""confidence"":0.6348455548286438},{""bbox"":[155.75352478027344,199.0463104248047,165.55670166015625,209.22337341308594],""confidence"":0.6290925741195679},{""bbox"":[150.99192810058594,142.96214294433594,161.0941162109375,153.51144409179688],""confidence"":0.5465224981307983},{""bbox"":[154.5538787841797,197.4137420654297,166.4962158203125,210.68685913085938],""confidence"":0.1183667778968811},{""bbox"":[151.3453826904297,166.22860717773438,161.89572143554688,176.12950134277344],""confidence"":0.10229333490133286},{""bbox"":[149.43896484375,142.15577697753906,162.93663024902344,156.67652893066406],""confidence"":0.0838356539607048},{""bbox"":[151.8271484375,167.28485107421875,162.5006561279297,179.75991821289062],""confidence"":0.01880178414285183},{""bbox"":[152.43199157714844,165.90736389160156,165.1829071044922,178.73951721191406],""confidence"":0.014041357673704624},{""bbox"":[153.77664184570312,196.5237579345703,165.33865356445312,208.32955932617188],""confidence"":0.0071642398834228516},{""bbox"":[153.4167022705078,198.8391876220703,162.14395141601562,208.91055297851562],""confidence"":0.00544575322419405},{""bbox"":[272.88037109375,116.61048126220703,283.17431640625,126.79290008544922],""confidence"":0.00472664600238204},{""bbox"":[0.0,1.4320865869522095,0.0,8.501994132995605],""confidence"":0.003327109618112445},{""bbox"":[155.17352294921875,201.05796813964844,167.1806640625,213.22332763671875],""confidence"":0.0027900072745978832},{""bbox"":[0.0,323.81951904296875,0.0,329.9396667480469],""confidence"":0.002786255208775401},{""bbox"":[113.7748031616211,118.35209655761719,124.37745666503906,127.73055267333984],""confidence"":0.0013584650587290525},{""bbox"":[274.0390625,118.83940887451172,283.4914245605469,127.25364685058594],""confidence"":0.0012875674292445183},{""bbox"":[0.0,0.01760159246623516,0.0,6.084519386291504],""confidence"":0.0011489108437672257}]",17,0.001
002_20200624_043144(2),2,352,332,"[[200.00000000000003,149.0,210.0,157.0],[198.0,170.0,207.00000000000003,181.0],[193.0,201.0,201.0,214.0]]","[{""bbox"":[193.2688751220703,203.19085693359375,202.3323974609375,212.4228973388672],""confidence"":0.5858203768730164},{""bbox"":[201.1935272216797,148.2099609375,209.7490692138672,156.83660888671875],""confidence"":0.5713456869125366},{""bbox"":[197.24237060546875,171.52008056640625,206.20921325683594,180.60987854003906],""confidence"":0.5566384792327881},{""bbox"":[0.20571446418762207,332.0,7.2428083419799805,332.0],""confidence"":0.13468441367149353},{""bbox"":[196.53277587890625,170.8063507080078,207.41712951660156,182.22943115234375],""confidence"":0.10757450014352798},{""bbox"":[195.5177459716797,170.75387573242188,205.0040740966797,179.62164306640625],""confidence"":0.0483926497399807},{""bbox"":[0.21443986892700195,332.0,10.191322326660156,332.0],""confidence"":0.04071071743965149},{""bbox"":[198.6907196044922,170.17405700683594,207.98963928222656,179.12290954589844],""confidence"":0.03462103009223938},{""bbox"":[0.0,332.0,7.991152763366699,332.0],""confidence"":0.02428843453526497},{""bbox"":[200.05865478515625,145.90992736816406,210.3570556640625,157.4373016357422],""confidence"":0.02002336084842682},{""bbox"":[192.29771423339844,202.4597930908203,205.21337890625,214.5430145263672],""confidence"":0.018214546144008636},{""bbox"":[199.08493041992188,147.1938934326172,210.72940063476562,160.0630645751953],""confidence"":0.016385147348046303},{""bbox"":[191.1359405517578,202.1016082763672,200.7743377685547,210.93370056152344],""confidence"":0.012259386479854584},{""bbox"":[343.9232177734375,332.0,351.95635986328125,332.0],""confidence"":0.004981387872248888},{""bbox"":[191.0939178466797,203.42446899414062,202.5802764892578,213.54005432128906],""confidence"":0.004727516323328018},{""bbox"":[341.77197265625,332.0,349.5913391113281,332.0],""confidence"":0.004485440906137228},{""bbox"":[340.78265380859375,332.0,350.87042236328125,332.0],""confidence"":0.003571420442312956},{""bbox"":[343.6240539550781,332.0,352.0,332.0],""confidence"":0.0029900355730205774},{""bbox"":[197.28561401367188,148.0498504638672,206.1424102783203,157.27017211914062],""confidence"":0.0026066084392368793},{""bbox"":[0.0,0.0,6.852816104888916,0.0],""confidence"":0.0012592035345733166},{""bbox"":[342.8404235839844,0.0,351.03656005859375,0.43431901931762695],""confidence"":0.0012077102437615395},{""bbox"":[197.3818359375,172.14031982421875,209.26089477539062,181.66783142089844],""confidence"":0.0011202252935618162},{""bbox"":[341.2492370605469,329.780517578125,349.4938659667969,332.0],""confidence"":0.0010448576649650931},{""bbox"":[195.4585418701172,202.8661346435547,205.03834533691406,212.02354431152344],""confidence"":0.0010160707170143723}]",24,0.001
002_20200624_043145(8),2,316,332,"[[153.0,143.0,164.0,154.0],[155.00000000000003,169.0,167.0,177.99999999999997],[160.0,199.0,169.0,210.0]]","[{""bbox"":[154.4348907470703,143.54661560058594,164.5565643310547,154.1884307861328],""confidence"":0.6350235342979431},{""bbox"":[159.2195587158203,200.119873046875,168.98988342285156,210.04364013671875],""confidence"":0.5734243988990784},{""bbox"":[155.95077514648438,167.53903198242188,165.98243713378906,177.87586975097656],""confidence"":0.5395412445068359},{""bbox"":[158.5390167236328,198.70538330078125,170.0260467529297,210.9182586669922],""confidence"":0.243154376745224},{""bbox"":[152.94366455078125,143.0828094482422,165.9938201904297,156.60374450683594],""confidence"":0.15053409337997437},{""bbox"":[153.31317138671875,144.2537841796875,162.49591064453125,154.65640258789062],""confidence"":0.038972534239292145},{""bbox"":[155.75662231445312,168.8338165283203,166.69747924804688,179.7330780029297],""confidence"":0.037894755601882935},{""bbox"":[154.8721466064453,166.95492553710938,168.00718688964844,181.36607360839844],""confidence"":0.014882800169289112},{""bbox"":[157.98802185058594,200.51930236816406,169.92062377929688,213.11146545410156],""confidence"":0.012664686888456345},{""bbox"":[0.0,1.4321684837341309,0.0,8.502124786376953],""confidence"":0.003325328230857849},{""bbox"":[0.0,323.8191833496094,0.0,329.9386291503906],""confidence"":0.0027791971806436777},{""bbox"":[151.53643798828125,143.20042419433594,163.49249267578125,154.5261993408203],""confidence"":0.0021364244166761637},{""bbox"":[157.00860595703125,196.57752990722656,168.29879760742188,208.21261596679688],""confidence"":0.0016163960099220276},{""bbox"":[0.0,0.017558056861162186,0.0,6.084519386291504],""confidence"":0.0011480777757242322}]",14,0.001
002_20200624_043148(1),2,352,332,"[[198.0,121.00000000000001,206.0,132.0],[198.0,146.0,204.99999999999997,155.0],[199.0,178.99999999999997,208.0,186.0]]","[{""bbox"":[197.9573974609375,122.8089370727539,207.00897216796875,131.9672393798828],""confidence"":0.6307746767997742},{""bbox"":[197.80697631835938,179.27236938476562,207.0588836669922,188.665283203125],""confidence"":0.5903867483139038},{""bbox"":[197.0723419189453,146.806396484375,206.01736450195312,156.1237030029297],""confidence"":0.5639448761940002},{""bbox"":[0.2057170867919922,332.0,7.242806434631348,332.0],""confidence"":0.13468429446220398},{""bbox"":[198.76589965820312,178.5603485107422,208.32632446289062,187.97642517089844],""confidence"":0.11177177727222443},{""bbox"":[197.0295867919922,122.31916046142578,207.64547729492188,133.57794189453125],""confidence"":0.06217064708471298},{""bbox"":[0.21444827318191528,332.0,10.191320419311523,332.0],""confidence"":0.04071063920855522},{""bbox"":[0.0,332.0,7.991149425506592,332.0],""confidence"":0.02428848296403885},{""bbox"":[195.41683959960938,145.37448120117188,204.66896057128906,154.45159912109375],""confidence"":0.009440604597330093},{""bbox"":[195.61550903320312,178.81182861328125,205.18075561523438,187.7075958251953],""confidence"":0.008228369988501072},{""bbox"":[197.52781677246094,178.86004638671875,209.34072875976562,189.38282775878906],""confidence"":0.008184676989912987},{""bbox"":[343.9275817871094,332.0,351.9505310058594,332.0],""confidence"":0.004978668410331011},{""bbox"":[341.7900390625,332.0,349.5919494628906,332.0],""confidence"":0.004604914225637913},{""bbox"":[198.1661376953125,147.04336547851562,209.40911865234375,157.48651123046875],""confidence"":0.003723390633240342},{""bbox"":[340.8157653808594,332.0,350.85260009765625,332.0],""confidence"":0.0036627547815442085},{""bbox"":[343.6425476074219,332.0,352.0,332.0],""confidence"":0.0029814380686730146},{""bbox"":[195.68801879882812,122.36772155761719,206.23329162597656,131.8478546142578],""confidence"":0.0027428793255239725},{""bbox"":[195.43528747558594,124.16130828857422,206.28318786621094,134.49049377441406],""confidence"":0.0023992254864424467},{""bbox"":[196.18994140625,146.59060668945312,208.5281524658203,160.10321044921875],""confidence"":0.0018884437158703804},{""bbox"":[197.1865234375,119.56552124023438,207.0581817626953,131.11788940429688],""confidence"":0.001557274954393506},{""bbox"":[0.0,0.0,6.8528151512146,0.0],""confidence"":0.0012592035345733166},{""bbox"":[342.84088134765625,0.0,351.03662109375,0.4337955713272095],""confidence"":0.0012086349306628108},{""bbox"":[196.91317749023438,125.20580291748047,206.81643676757812,136.5357208251953],""confidence"":0.001108085154555738}]",23,0.001
002_20200624_043150(3),2,316,332,"[[146.0,142.0,158.0,153.0],[149.0,164.0,160.0,178.99999999999997],[153.0,195.0,163.0,209.00000000000003]]","[{""bbox"":[153.205078125,198.76718139648438,163.2511444091797,209.0364990234375],""confidence"":0.6183171272277832},{""bbox"":[149.93011474609375,166.3683319091797,159.88528442382812,176.5025634765625],""confidence"":0.596499502658844},{""bbox"":[147.8516082763672,142.5541534423828,158.01016235351562,152.72760009765625],""confidence"":0.5525581240653992},{""bbox"":[149.04330444335938,165.0687255859375,161.43324279785156,177.95123291015625],""confidence"":0.11942308396100998},{""bbox"":[152.2725067138672,197.37469482421875,163.9621124267578,210.487060546875],""confidence"":0.1105656549334526},{""bbox"":[145.8724365234375,141.94955444335938,159.69161987304688,156.72190856933594],""confidence"":0.04303354397416115},{""bbox"":[147.37925720214844,143.74673461914062,159.26437377929688,155.1123809814453],""confidence"":0.024569755420088768},{""bbox"":[148.22828674316406,141.54136657714844,161.19000244140625,154.84625244140625],""confidence"":0.006359272636473179},{""bbox"":[149.24020385742188,167.44723510742188,160.9439697265625,179.7462158203125],""confidence"":0.004953910131007433},{""bbox"":[147.4936065673828,166.00424194335938,157.861328125,175.12008666992188],""confidence"":0.0033293606247752905},{""bbox"":[0.0,1.4324949979782104,0.0,8.502436637878418],""confidence"":0.0033242618665099144},{""bbox"":[0.0,323.81683349609375,0.0,329.93798828125],""confidence"":0.0027805704157799482},{""bbox"":[152.25828552246094,199.86752319335938,163.33929443359375,213.31002807617188],""confidence"":0.002541338326409459},{""bbox"":[148.8911895751953,163.67933654785156,159.24688720703125,174.66949462890625],""confidence"":0.001493666903115809},{""bbox"":[250.02882385253906,166.53468322753906,257.4087219238281,173.60626220703125],""confidence"":0.0014209969667717814},{""bbox"":[0.0,0.017613960430026054,0.0,6.0846266746521],""confidence"":0.0011476316722109914}]",16,0.001
002_20200624_043154(8),2,316,332,"[[150.0,143.0,164.0,155.0],[152.0,167.0,164.0,179.0],[156.0,199.0,165.0,212.00000000000003]]","[{""bbox"":[150.8861846923828,144.08103942871094,160.6629638671875,154.50100708007812],""confidence"":0.6285768747329712},{""bbox"":[155.76608276367188,200.0491943359375,165.535400390625,210.0488739013672],""confidence"":0.5967172980308533},{""bbox"":[152.02549743652344,167.69224548339844,162.90455627441406,179.1361541748047],""confidence"":0.5872839093208313},{""bbox"":[149.07960510253906,143.42567443847656,162.08045959472656,156.56007385253906],""confidence"":0.17878414690494537},{""bbox"":[150.94940185546875,166.9036102294922,161.83706665039062,177.4849853515625],""confidence"":0.09719783812761307},{""bbox"":[150.72763061523438,166.97344970703125,163.8325958251953,181.4607696533203],""confidence"":0.04778939485549927},{""bbox"":[155.08335876464844,201.62123107910156,166.6976776123047,213.2367401123047],""confidence"":0.009634353220462799},{""bbox"":[153.48475646972656,199.82298278808594,162.14169311523438,209.7951202392578],""confidence"":0.004334805998951197},{""bbox"":[0.0,1.4322994947433472,0.0,8.502340316772461],""confidence"":0.0033277247566729784},{""bbox"":[0.0,323.8177185058594,0.0,329.9385070800781],""confidence"":0.0027737589552998543},{""bbox"":[153.64276123046875,196.5173797607422,164.8710479736328,208.167724609375],""confidence"":0.001616602181456983},{""bbox"":[0.0,0.017692619934678078,0.0,6.084758281707764],""confidence"":0.001149155548773706},{""bbox"":[147.2623748779297,143.57730102539062,159.24859619140625,154.8485870361328],""confidence"":0.0011165905743837357},{""bbox"":[153.16836547851562,169.63009643554688,163.27003479003906,181.41082763671875],""confidence"":0.0010737746488302946}]",14,0.001
002_20200624_043159(4),2,316,332,"[[150.0,141.0,160.0,156.0],[153.0,166.0,160.99999999999997,178.0],[155.0,198.0,163.0,211.0]]","[{""bbox"":[149.4208984375,143.3580780029297,159.96218872070312,154.3217315673828],""confidence"":0.6503575444221497},{""bbox"":[154.5162353515625,199.7213134765625,164.32986450195312,209.69789123535156],""confidence"":0.6067622303962708},{""bbox"":[151.6802520751953,167.21920776367188,161.69937133789062,177.55564880371094],""confidence"":0.5510761737823486},{""bbox"":[153.73048400878906,198.2709503173828,165.7173309326172,210.8926544189453],""confidence"":0.15928444266319275},{""bbox"":[148.08416748046875,142.88247680664062,161.21533203125,156.649169921875],""confidence"":0.1390727013349533},{""bbox"":[153.45059204101562,199.53305053710938,162.14698791503906,209.58200073242188],""confidence"":0.057729773223400116},{""bbox"":[150.30316162109375,166.7577362060547,163.71441650390625,181.35150146484375],""confidence"":0.008211479522287846},{""bbox"":[154.5092010498047,201.76307678222656,165.58900451660156,213.34800720214844],""confidence"":0.004820720758289099},{""bbox"":[152.75221252441406,196.64865112304688,163.91598510742188,208.3960723876953],""confidence"":0.0035563157871365547},{""bbox"":[0.0,1.4324170351028442,0.0,8.502354621887207],""confidence"":0.003327631624415517},{""bbox"":[0.0,323.81982421875,0.0,329.939697265625],""confidence"":0.0027882896829396486},{""bbox"":[152.9326934814453,200.61370849609375,163.14222717285156,212.8928680419922],""confidence"":0.0019478276371955872},{""bbox"":[153.50877380371094,166.52195739746094,162.99673461914062,177.65158081054688],""confidence"":0.0019163386896252632},{""bbox"":[112.9027099609375,117.73701477050781,123.38871765136719,127.03569793701172],""confidence"":0.0016006693476811051},{""bbox"":[0.0,0.017713893204927444,0.0,6.084743499755859],""confidence"":0.001148229232057929}]",15,0.001
002_20200624_203044(4),2,352,332,"[[192.99999999999997,139.00000000000003,205.0,150.0],[192.99999999999997,167.0,205.0,175.99999999999997],[198.0,197.00000000000003,207.99999999999997,207.0]]","[{""bbox"":[193.0576934814453,141.21630859375,202.22923278808594,150.37664794921875],""confidence"":0.5976253151893616},{""bbox"":[194.2779998779297,165.0345916748047,203.75314331054688,174.9455108642578],""confidence"":0.5768299102783203},{""bbox"":[197.233642578125,198.396240234375,205.72410583496094,207.093017578125],""confidence"":0.5713000893592834},{""bbox"":[0.20571604371070862,332.0,7.2428059577941895,332.0],""confidence"":0.1346845179796219},{""bbox"":[195.4750213623047,197.74813842773438,204.47280883789062,206.2649383544922],""confidence"":0.06716591119766235},{""bbox"":[197.83810424804688,197.66151428222656,207.4790802001953,208.13433837890625],""confidence"":0.04235139861702919},{""bbox"":[0.21444931626319885,332.0,10.191319465637207,332.0],""confidence"":0.04071062058210373},{""bbox"":[197.3740692138672,196.68466186523438,206.0275115966797,205.5556182861328],""confidence"":0.02433784306049347},{""bbox"":[0.0,332.0,7.991147994995117,332.0],""confidence"":0.024288535118103027},{""bbox"":[191.22923278808594,140.59898376464844,200.63677978515625,149.3262176513672],""confidence"":0.007103077135980129},{""bbox"":[192.48802185058594,163.78318786621094,205.02938842773438,177.65342712402344],""confidence"":0.006881498731672764},{""bbox"":[192.26219177246094,142.62939453125,203.89678955078125,154.2271270751953],""confidence"":0.006290510296821594},{""bbox"":[195.3511505126953,198.9075469970703,205.51788330078125,208.45567321777344],""confidence"":0.006069476716220379},{""bbox"":[343.9294738769531,332.0,351.9532165527344,332.0],""confidence"":0.004962141625583172},{""bbox"":[341.7874755859375,332.0,349.5916748046875,332.0],""confidence"":0.004559623077511787},{""bbox"":[340.81048583984375,332.0,350.85577392578125,332.0],""confidence"":0.003630757797509432},{""bbox"":[343.64202880859375,332.0,352.0,332.0],""confidence"":0.002973060356453061},{""bbox"":[191.14273071289062,141.8323974609375,201.85020446777344,151.73756408691406],""confidence"":0.0029713488183915615},{""bbox"":[192.7589874267578,140.47532653808594,205.19281005859375,151.96144104003906],""confidence"":0.0029696994461119175},{""bbox"":[198.88504028320312,196.51419067382812,208.08370971679688,205.64364624023438],""confidence"":0.001996306935325265},{""bbox"":[194.3265380859375,140.85049438476562,204.8150177001953,150.23788452148438],""confidence"":0.0014452325413003564},{""bbox"":[0.0,0.0,6.8528151512146,0.0],""confidence"":0.0012592023704200983},{""bbox"":[342.8404541015625,0.0,351.0365905761719,0.4344375729560852],""confidence"":0.0012076572747901082}]",23,0.001
002_20200714_225756(0),2,352,332,"[[188.0,146.0,195.99999999999997,156.0],[194.0,168.00000000000003,202.0,178.0],[203.0,198.00000000000003,212.0,208.0]]","[{""bbox"":[187.24253845214844,145.98678588867188,196.09930419921875,154.97195434570312],""confidence"":0.5615980625152588},{""bbox"":[203.00474548339844,198.90805053710938,211.61956787109375,207.3033447265625],""confidence"":0.5549678802490234},{""bbox"":[193.61138916015625,168.55267333984375,202.2634735107422,177.3579559326172],""confidence"":0.5473714470863342},{""bbox"":[0.20571604371070862,332.0,7.2428059577941895,332.0],""confidence"":0.13468459248542786},{""bbox"":[0.21444827318191528,332.0,10.191320419311523,332.0],""confidence"":0.04071078822016716},{""bbox"":[203.0806884765625,198.1634063720703,213.7960968017578,207.78692626953125],""confidence"":0.027632713317871094},{""bbox"":[0.0,332.0,7.991148948669434,332.0],""confidence"":0.02428852580487728},{""bbox"":[188.13742065429688,143.907958984375,196.87860107421875,152.82666015625],""confidence"":0.017648357897996902},{""bbox"":[203.56643676757812,196.66015625,211.78817749023438,205.51312255859375],""confidence"":0.017216632142663002},{""bbox"":[192.76986694335938,169.37460327148438,203.11741638183594,180.2551727294922],""confidence"":0.012084167450666428},{""bbox"":[191.20172119140625,169.15736389160156,201.06581115722656,178.3160858154297],""confidence"":0.00790218636393547},{""bbox"":[194.09739685058594,167.5869903564453,204.9688262939453,177.5198211669922],""confidence"":0.007666078396141529},{""bbox"":[343.9309387207031,332.0,351.9538269042969,332.0],""confidence"":0.004953691735863686},{""bbox"":[341.7880859375,332.0,349.5912170410156,332.0],""confidence"":0.004552036989480257},{""bbox"":[188.80616760253906,144.91018676757812,198.57713317871094,155.7733154296875],""confidence"":0.004534831270575523},{""bbox"":[340.8113708496094,332.0,350.8551330566406,332.0],""confidence"":0.003628330072388053},{""bbox"":[343.6437072753906,332.0,352.0,332.0],""confidence"":0.0029690698720514774},{""bbox"":[0.0,0.0,6.8528151512146,0.0],""confidence"":0.0012592017883434892},{""bbox"":[342.8486022949219,0.0,351.0354919433594,0.41817742586135864],""confidence"":0.0012168758548796177}]",19,0.001
002_20200714_225759(8),2,352,332,"[[199.0,139.0,208.0,149.0],[201.0,162.0,210.00000000000003,171.0],[205.0,196.0,214.00000000000003,205.99999999999997]]","[{""bbox"":[199.7963104248047,139.3412322998047,208.6053466796875,148.67649841308594],""confidence"":0.6332740783691406},{""bbox"":[204.88232421875,195.71546936035156,213.6517791748047,204.5809326171875],""confidence"":0.5601180195808411},{""bbox"":[201.19662475585938,163.32423400878906,209.97772216796875,172.49534606933594],""confidence"":0.5593871474266052},{""bbox"":[0.2057165652513504,332.0,7.2428059577941895,332.0],""confidence"":0.1346845179796219},{""bbox"":[204.05868530273438,195.76593017578125,214.53073120117188,206.7518310546875],""confidence"":0.09356992691755295},{""bbox"":[199.80697631835938,162.5659942626953,209.031494140625,171.71417236328125],""confidence"":0.07331535220146179},{""bbox"":[203.78863525390625,194.18931579589844,213.16763305664062,203.87030029296875],""confidence"":0.0638151690363884},{""bbox"":[197.47161865234375,139.32749938964844,206.4831085205078,149.1344451904297],""confidence"":0.06237240880727768},{""bbox"":[200.681884765625,161.45245361328125,209.94354248046875,170.23190307617188],""confidence"":0.04424711689352989},{""bbox"":[0.21444931626319885,332.0,10.191319465637207,332.0],""confidence"":0.040710750967264175},{""bbox"":[198.3920135498047,138.80276489257812,209.5568084716797,151.16078186035156],""confidence"":0.0333280973136425},{""bbox"":[0.0,332.0,7.991147994995117,332.0],""confidence"":0.024288546293973923},{""bbox"":[198.9806671142578,137.11593627929688,208.54026794433594,147.69886779785156],""confidence"":0.014579015783965588},{""bbox"":[206.65867614746094,194.9964141845703,216.51806640625,205.38519287109375],""confidence"":0.005701975431293249},{""bbox"":[343.9274597167969,332.0,351.9508056640625,332.0],""confidence"":0.004977296106517315},{""bbox"":[341.78936767578125,332.0,349.5920715332031,332.0],""confidence"":0.004599942360073328},{""bbox"":[340.8148498535156,332.0,350.8531494140625,332.0],""confidence"":0.00365772214718163},{""bbox"":[343.64208984375,332.0,352.0,332.0],""confidence"":0.002980624558404088},{""bbox"":[197.5779266357422,163.197998046875,206.36801147460938,171.73870849609375],""confidence"":0.002185874618589878},{""bbox"":[0.0,0.0,6.8528151512146,0.0],""confidence"":0.0012592023704200983},{""bbox"":[342.8404846191406,0.0,351.03662109375,0.43444910645484924],""confidence"":0.0012076884740963578}]",21,0.001
002_20200714_225803(3),2,352,332,"[[192.99999999999997,147.0,202.0,156.0],[195.0,171.0,203.0,179.0],[197.0,202.0,203.99999999999997,214.0]]","[{""bbox"":[194.1302490234375,147.0101318359375,203.43443298339844,156.47828674316406],""confidence"":0.603750467300415},{""bbox"":[196.8451385498047,203.65670776367188,205.48406982421875,212.59132385253906],""confidence"":0.5652804374694824},{""bbox"":[195.08450317382812,171.4150390625,203.5875244140625,180.27767944335938],""confidence"":0.554151713848114},{""bbox"":[0.20571446418762207,332.0,7.242806434631348,332.0],""confidence"":0.13468459248542786},{""bbox"":[195.2776641845703,202.6138458251953,204.58624267578125,211.69046020507812],""confidence"":0.1030399426817894},{""bbox"":[0.21444302797317505,332.0,10.191320419311523,332.0],""confidence"":0.040710657835006714},{""bbox"":[197.78408813476562,202.9553985595703,207.75082397460938,213.77105712890625],""confidence"":0.02452448010444641},{""bbox"":[0.0,332.0,7.991148471832275,332.0],""confidence"":0.024288520216941833},{""bbox"":[193.76068115234375,170.92381286621094,204.17010498046875,181.94503784179688],""confidence"":0.022953420877456665},{""bbox"":[192.46939086914062,146.32603454589844,204.48411560058594,160.16781616210938],""confidence"":0.022335398942232132},{""bbox"":[195.9015350341797,204.17677307128906,206.13487243652344,215.4673614501953],""confidence"":0.01520149502903223},{""bbox"":[343.92779541015625,332.0,351.9538269042969,332.0],""confidence"":0.00497310608625412},{""bbox"":[341.78350830078125,332.0,349.5914611816406,332.0],""confidence"":0.00454479968175292},{""bbox"":[340.8028259277344,332.0,350.86004638671875,332.0],""confidence"":0.00361647573299706},{""bbox"":[343.63714599609375,332.0,352.0,332.0],""confidence"":0.002978632925078273},{""bbox"":[0.0,0.0,6.8528151512146,0.0],""confidence"":0.0012592028360813856},{""bbox"":[342.8404235839844,0.0,351.03656005859375,0.4344795346260071],""confidence"":0.001207629102282226}]",17,0.001
002_20200714_225807(3),2,352,332,"[[206.99999999999997,140.0,216.0,149.0],[211.00000000000003,162.0,221.0,171.0],[216.0,186.00000000000003,225.00000000000003,196.0]]","[{""bbox"":[216.74851989746094,186.92202758789062,225.6232452392578,196.2517852783203],""confidence"":0.5714807510375977},{""bbox"":[208.21559143066406,140.3629150390625,217.2028350830078,148.87979125976562],""confidence"":0.5533974766731262},{""bbox"":[211.56561279296875,162.91384887695312,219.52322387695312,171.12843322753906],""confidence"":0.5428245663642883},{""bbox"":[0.2057165652513504,332.0,7.242806911468506,332.0],""confidence"":0.13468429446220398},{""bbox"":[216.72451782226562,188.53895568847656,226.0020751953125,197.99436950683594],""confidence"":0.09393616765737534},{""bbox"":[206.2412109375,140.24029541015625,215.13694763183594,149.67965698242188],""confidence"":0.05112586170434952},{""bbox"":[211.0243682861328,162.90904235839844,220.36624145507812,173.18017578125],""confidence"":0.045711494982242584},{""bbox"":[210.73614501953125,161.426513671875,218.60989379882812,169.66812133789062],""confidence"":0.04259949177503586},{""bbox"":[0.21445141732692719,332.0,10.19132137298584,332.0],""confidence"":0.040710750967264175},{""bbox"":[215.11119079589844,187.51756286621094,223.47300720214844,196.07418823242188],""confidence"":0.03606557101011276},{""bbox"":[206.8447723388672,139.57772827148438,217.8134765625,151.2301483154297],""confidence"":0.032471880316734314},{""bbox"":[0.0,332.0,7.991148948669434,332.0],""confidence"":0.02428850159049034},{""bbox"":[215.1741485595703,188.70726013183594,223.90814208984375,197.5289764404297],""confidence"":0.01787891425192356},{""bbox"":[343.9296569824219,332.0,351.9546203613281,332.0],""confidence"":0.004964211490005255},{""bbox"":[341.78411865234375,332.0,349.5907287597656,332.0],""confidence"":0.004531418439000845},{""bbox"":[340.8031921386719,332.0,350.85968017578125,332.0],""confidence"":0.0036116677802056074},{""bbox"":[218.327880859375,185.57887268066406,228.05191040039062,194.74256896972656],""confidence"":0.0031108770053833723},{""bbox"":[343.6388244628906,332.0,352.0,332.0],""confidence"":0.0029746394138783216},{""bbox"":[214.4558563232422,187.5952606201172,226.5907745361328,199.84622192382812],""confidence"":0.0021948926150798798},{""bbox"":[212.46678161621094,161.65232849121094,222.5453338623047,171.1617889404297],""confidence"":0.001827587024308741},{""bbox"":[207.83226013183594,142.87498474121094,219.0309295654297,154.4365997314453],""confidence"":0.0016123197274282575},{""bbox"":[0.0,0.0,6.8528151512146,0.0],""confidence"":0.0012592023704200983},{""bbox"":[342.8408508300781,0.0,351.03668212890625,0.43391621112823486],""confidence"":0.001208523870445788},{""bbox"":[206.63504028320312,137.1033477783203,216.80877685546875,148.63246154785156],""confidence"":0.001204459578730166}]",24,0.001
002_20200714_225810(5),2,352,332,"[[201.0,146.0,212.0,156.0],[202.0,169.0,210.0,177.00000000000003],[202.0,195.0,210.0,203.00000000000003]]","[{""bbox"":[201.45042419433594,195.20252990722656,210.00933837890625,204.0963897705078],""confidence"":0.5744755268096924},{""bbox"":[202.59152221679688,146.7931365966797,211.03353881835938,155.61703491210938],""confidence"":0.5662867426872253},{""bbox"":[201.64260864257812,169.09036254882812,210.07200622558594,177.6651153564453],""confidence"":0.5531066656112671},{""bbox"":[0.20571184158325195,332.0,7.242807865142822,332.0],""confidence"":0.1346849650144577},{""bbox"":[200.86122131347656,170.1084442138672,211.17042541503906,180.3572998046875],""confidence"":0.045804463326931},{""bbox"":[0.21443043649196625,332.0,10.19132137298584,332.0],""confidence"":0.04071073234081268},{""bbox"":[201.05259704589844,196.6227569580078,210.587158203125,206.61654663085938],""confidence"":0.0361015759408474},{""bbox"":[0.0,332.0,7.991153717041016,332.0],""confidence"":0.02428850159049034},{""bbox"":[202.5779266357422,146.86587524414062,213.77134704589844,157.061767578125],""confidence"":0.015380931086838245},{""bbox"":[200.82554626464844,146.84567260742188,212.67616271972656,160.1694793701172],""confidence"":0.01264265738427639},{""bbox"":[199.8026123046875,193.78224182128906,208.8550567626953,202.6380615234375],""confidence"":0.00783192366361618},{""bbox"":[199.9005584716797,167.78955078125,209.1767120361328,176.7506103515625],""confidence"":0.005693886894732714},{""bbox"":[199.19129943847656,168.1781768798828,211.7489776611328,182.1084442138672],""confidence"":0.00518133956938982},{""bbox"":[343.9296569824219,332.0,351.95550537109375,332.0],""confidence"":0.004954545293003321},{""bbox"":[341.7823486328125,332.0,349.59063720703125,332.0],""confidence"":0.004513056483119726},{""bbox"":[340.80047607421875,332.0,350.86065673828125,332.0],""confidence"":0.003597244620323181},{""bbox"":[343.637939453125,332.0,352.0,332.0],""confidence"":0.002970566274598241},{""bbox"":[199.9606475830078,145.20272827148438,209.41085815429688,153.7241668701172],""confidence"":0.0017099572578445077},{""bbox"":[202.11224365234375,168.89437866210938,213.77310180664062,179.15383911132812],""confidence"":0.0016234044451266527},{""bbox"":[198.63328552246094,171.59127807617188,209.2045440673828,182.56854248046875],""confidence"":0.0013343150494620204},{""bbox"":[0.0,0.0,6.8528151512146,0.0],""confidence"":0.0012592010898515582},{""bbox"":[342.8404846191406,0.0,351.03656005859375,0.4341878890991211],""confidence"":0.0012078206054866314},{""bbox"":[200.07835388183594,146.3544464111328,209.97921752929688,155.3069305419922],""confidence"":0.0010988409630954266}]",23,0.001
002_20200714_225817(4),2,352,332,"[[201.0,99.0,210.00000000000003,109.00000000000001],[201.0,122.0,210.00000000000003,130.0],[202.0,147.0,210.0,156.0]]","[{""bbox"":[201.25486755371094,98.59708404541016,210.1171417236328,107.80303955078125],""confidence"":0.5705792903900146},{""bbox"":[202.1829071044922,146.88917541503906,211.0065460205078,156.12960815429688],""confidence"":0.5539450645446777},{""bbox"":[201.14291381835938,121.22814178466797,209.66342163085938,129.8211212158203],""confidence"":0.5464096069335938},{""bbox"":[0.2057170867919922,332.0,7.242806434631348,332.0],""confidence"":0.13468419015407562},{""bbox"":[200.14491271972656,99.58305358886719,211.34828186035156,110.2405776977539],""confidence"":0.05597453936934471},{""bbox"":[0.21444931626319885,332.0,10.191320419311523,332.0],""confidence"":0.04071063920855522},{""bbox"":[0.0,332.0,7.991149425506592,332.0],""confidence"":0.02428847923874855},{""bbox"":[198.99758911132812,97.71635437011719,211.6399688720703,111.8304443359375],""confidence"":0.020240794867277145},{""bbox"":[199.73634338378906,97.03154754638672,209.2126922607422,106.54939270019531],""confidence"":0.015950720757246017},{""bbox"":[199.83543395996094,119.5655517578125,208.78955078125,128.4978790283203],""confidence"":0.010337632149457932},{""bbox"":[202.76609802246094,146.77745056152344,213.76904296875,157.194580078125],""confidence"":0.00862676277756691},{""bbox"":[198.9855194091797,119.6252212524414,211.47093200683594,133.6628875732422],""confidence"":0.008212088607251644},{""bbox"":[199.06492614746094,100.38514709472656,209.88331604003906,111.95793914794922],""confidence"":0.005242903716862202},{""bbox"":[343.92047119140625,332.0,351.9442138671875,332.0],""confidence"":0.005020844750106335},{""bbox"":[341.7921142578125,332.0,349.5925598144531,332.0],""confidence"":0.004700713790953159},{""bbox"":[340.82232666015625,332.0,350.8478088378906,332.0],""confidence"":0.003726386232301593},{""bbox"":[343.6392822265625,332.0,352.0,332.0],""confidence"":0.003004722995683551},{""bbox"":[200.02723693847656,146.56053161621094,209.900390625,155.849365234375],""confidence"":0.0026501466054469347},{""bbox"":[202.18038940429688,98.67716217041016,213.7931671142578,109.04159545898438],""confidence"":0.0022552169393748045},{""bbox"":[197.548095703125,121.65047454833984,206.2782745361328,130.0534210205078],""confidence"":0.0018882016884163022},{""bbox"":[0.0,0.0,6.8528151512146,0.0],""confidence"":0.0012592041166499257},{""bbox"":[342.84356689453125,0.0,351.036376953125,0.4287811517715454],""confidence"":0.0012120103929191828},{""bbox"":[200.39279174804688,147.2529296875,213.19252014160156,160.305908203125],""confidence"":0.0010958558414131403}]",23,0.001
002_20200715_002509(0),2,352,332,"[[207.99999999999997,129.0,217.0,137.0],[210.00000000000003,151.0,217.0,158.0],[212.0,178.0,221.99999999999997,184.0]]","[{""bbox"":[207.49917602539062,129.2017822265625,216.5413055419922,138.26243591308594],""confidence"":0.5490028262138367},{""bbox"":[211.970458984375,176.59487915039062,221.2499542236328,185.89137268066406],""confidence"":0.5339000225067139},{""bbox"":[209.02940368652344,151.2890167236328,217.689697265625,160.01905822753906],""confidence"":0.5311471819877625},{""bbox"":[0.2057165652513504,332.0,7.242806434631348,332.0],""confidence"":0.1346845179796219},{""bbox"":[208.32594299316406,150.328857421875,216.97630310058594,159.10206604003906],""confidence"":0.11426298320293427},{""bbox"":[0.21444931626319885,332.0,10.191319465637207,332.0],""confidence"":0.04071076959371567},{""bbox"":[208.23397827148438,152.5231475830078,218.65870666503906,162.86666870117188],""confidence"":0.03384775295853615},{""bbox"":[0.0,332.0,7.991147994995117,332.0],""confidence"":0.024288546293973923},{""bbox"":[205.7838592529297,129.47486877441406,217.49317932128906,142.69757080078125],""confidence"":0.014922377653419971},{""bbox"":[208.14187622070312,128.17832946777344,218.3472900390625,138.1537628173828],""confidence"":0.007976203225553036},{""bbox"":[206.401123046875,151.1207733154297,215.2330780029297,159.9897003173828],""confidence"":0.00571888592094183},{""bbox"":[343.92779541015625,332.0,351.9511413574219,332.0],""confidence"":0.004973323550075293},{""bbox"":[341.78887939453125,332.0,349.59173583984375,332.0],""confidence"":0.004590510856360197},{""bbox"":[211.0954132080078,177.654296875,221.78053283691406,189.09097290039062],""confidence"":0.004455652087926865},{""bbox"":[206.48526000976562,149.84707641601562,219.85296630859375,164.5352020263672],""confidence"":0.004374246578663588},{""bbox"":[340.8138122558594,332.0,350.85357666015625,332.0],""confidence"":0.003653310937806964},{""bbox"":[343.6419677734375,332.0,352.0,332.0],""confidence"":0.002979411743581295},{""bbox"":[0.0,0.0,6.8528151512146,0.0],""confidence"":0.0012592028360813856},{""bbox"":[342.84100341796875,0.0,351.03662109375,0.4335091710090637],""confidence"":0.001208794885315001}]",19,0.001
002_20200715_002513(4),2,352,332,"[[205.0,138.0,211.99999999999997,147.0],[207.99999999999997,160.0,217.0,169.0],[212.0,184.99999999999997,220.0,193.0]]","[{""bbox"":[204.63706970214844,137.38426208496094,213.57806396484375,146.603271484375],""confidence"":0.555150032043457},{""bbox"":[207.79275512695312,159.59805297851562,216.85476684570312,168.57130432128906],""confidence"":0.5419176816940308},{""bbox"":[212.3322296142578,184.6990966796875,221.18386840820312,193.82948303222656],""confidence"":0.5204546451568604},{""bbox"":[0.2057170867919922,332.0,7.242806911468506,332.0],""confidence"":0.1346845179796219},{""bbox"":[206.3583984375,159.71987915039062,215.1979522705078,168.54209899902344],""confidence"":0.12520089745521545},{""bbox"":[0.21444827318191528,332.0,10.191320419311523,332.0],""confidence"":0.04071078822016716},{""bbox"":[208.8939208984375,159.0303955078125,218.13421630859375,167.9986572265625],""confidence"":0.030910933390259743},{""bbox"":[0.0,332.0,7.991147994995117,332.0],""confidence"":0.024288535118103027},{""bbox"":[207.51734924316406,161.48086547851562,217.5884552001953,171.7560272216797],""confidence"":0.014948714524507523},{""bbox"":[205.6068115234375,135.101318359375,214.22816467285156,143.9960174560547],""confidence"":0.005872782785445452},{""bbox"":[343.92974853515625,332.0,351.9537353515625,332.0],""confidence"":0.004959410987794399},{""bbox"":[341.7863464355469,332.0,349.591064453125,332.0],""confidence"":0.004546653013676405},{""bbox"":[206.23171997070312,136.7066650390625,216.1417999267578,147.91384887695312],""confidence"":0.0037408219650387764},{""bbox"":[202.30105590820312,136.6590118408203,215.7316131591797,151.4254608154297],""confidence"":0.0037277424708008766},{""bbox"":[340.8080139160156,332.0,350.85687255859375,332.0],""confidence"":0.003623712807893753},{""bbox"":[205.86529541015625,159.90928649902344,218.03868103027344,173.56689453125],""confidence"":0.0031334965024143457},{""bbox"":[343.64117431640625,332.0,352.0,332.0],""confidence"":0.002972507383674383},{""bbox"":[206.2987518310547,161.43836975097656,215.42510986328125,171.2255096435547],""confidence"":0.002770101185888052},{""bbox"":[211.6302490234375,186.776123046875,221.528564453125,197.84762573242188],""confidence"":0.0016307281330227852},{""bbox"":[0.0,0.0,6.8528151512146,0.0],""confidence"":0.0012592023704200983},{""bbox"":[202.54481506347656,139.18362426757812,214.0009002685547,151.6544952392578],""confidence"":0.001247665612027049},{""bbox"":[342.8419494628906,0.0,351.0364990234375,0.43173524737358093],""confidence"":0.0012097780127078295}]",22,0.001
002_20200831_163149(1),2,316,332,"[[253.00000000000003,120.0,260.0,129.0]]","[{""bbox"":[251.61788940429688,118.98529052734375,262.0391845703125,129.98548889160156],""confidence"":0.6097974181175232},{""bbox"":[250.50074768066406,118.01457977294922,262.7123718261719,131.69439697265625],""confidence"":0.061546046286821365},{""bbox"":[253.68084716796875,118.53328704833984,263.189208984375,128.52117919921875],""confidence"":0.02418341673910618},{""bbox"":[252.79701232910156,120.1399917602539,262.6977233886719,131.84580993652344],""confidence"":0.012548482976853848},{""bbox"":[0.0,1.4324101209640503,0.0,8.502423286437988],""confidence"":0.003327883081510663},{""bbox"":[0.0,323.8058776855469,0.0,329.9319152832031],""confidence"":0.002751654479652643},{""bbox"":[0.0,0.017645126208662987,0.0,6.084718704223633],""confidence"":0.0011483178241178393}]",7,0.001
002_20200831_163150(6),2,316,332,"[[241.00000000000003,137.0,251.0,148.0]]","[{""bbox"":[241.5111541748047,137.33612060546875,251.0377960205078,146.9715576171875],""confidence"":0.5919017791748047},{""bbox"":[240.4236602783203,135.94369506835938,252.74874877929688,148.73956298828125],""confidence"":0.053975749760866165},{""bbox"":[241.97677612304688,136.25469970703125,251.36380004882812,145.09657287597656],""confidence"":0.007871607318520546},{""bbox"":[0.0,1.4324361085891724,0.0,8.502443313598633],""confidence"":0.0033250153064727783},{""bbox"":[0.0,323.809814453125,0.0,329.93499755859375],""confidence"":0.002767611527815461},{""bbox"":[238.56320190429688,137.14266967773438,250.62217712402344,148.1929473876953],""confidence"":0.0018735005287453532},{""bbox"":[0.0,0.01758773997426033,0.0,6.0846638679504395],""confidence"":0.0011473435442894697}]",7,0.001
002_20200901_083452(2),2,316,332,"[[242.0,170.0,252.99999999999997,180.0]]","[{""bbox"":[243.30250549316406,171.01881408691406,253.01754760742188,180.7833709716797],""confidence"":0.5900483727455139},{""bbox"":[241.98890686035156,169.95343017578125,253.9894256591797,181.62884521484375],""confidence"":0.22085945308208466},{""bbox"":[244.29063415527344,170.59310913085938,254.16641235351562,182.8994903564453],""confidence"":0.01225360855460167},{""bbox"":[243.98069763183594,169.6094970703125,252.92552185058594,178.35252380371094],""confidence"":0.00416911393404007},{""bbox"":[0.0,1.4324536323547363,0.0,8.502470016479492],""confidence"":0.003324111457914114},{""bbox"":[0.0,323.82073974609375,0.0,329.94024658203125],""confidence"":0.00279258587397635},{""bbox"":[0.0,0.017565971240401268,0.0,6.084651947021484],""confidence"":0.0011470436584204435}]",7,0.001
002_20200901_083456(7),2,316,332,"[[237.0,180.00000000000003,248.0,189.0]]","[{""bbox"":[237.0817413330078,179.41455078125,247.52914428710938,190.12564086914062],""confidence"":0.6212090849876404},{""bbox"":[236.53990173339844,179.42164611816406,245.2709503173828,188.8307647705078],""confidence"":0.07273048907518387},{""bbox"":[235.79714965820312,179.16334533691406,248.95472717285156,193.6316680908203],""confidence"":0.0059740119613707066},{""bbox"":[238.27976989746094,177.80343627929688,248.09466552734375,186.8010711669922],""confidence"":0.003746881615370512},{""bbox"":[0.0,1.432449460029602,0.0,8.502460479736328],""confidence"":0.003324557328596711},{""bbox"":[236.35838317871094,175.9481658935547,247.307861328125,187.63204956054688],""confidence"":0.0032095585484057665},{""bbox"":[0.0,323.8199462890625,0.0,329.93994140625],""confidence"":0.002788066864013672},{""bbox"":[234.21690368652344,177.87098693847656,246.55810546875,189.5054931640625],""confidence"":0.0023731037508696318},{""bbox"":[0.0,0.0175798237323761,0.0,6.084661483764648],""confidence"":0.0011471835896372795}]",9,0.001
002_20200901_083501(2),2,316,332,"[[242.0,182.00000000000003,253.99999999999997,192.0]]","[{""bbox"":[243.2156524658203,183.0850067138672,253.21896362304688,193.1605682373047],""confidence"":0.5994876623153687},{""bbox"":[244.70578002929688,181.77919006347656,254.62472534179688,193.88140869140625],""confidence"":0.03685266524553299},{""bbox"":[241.08299255371094,179.78347778320312,252.64537048339844,191.65159606933594],""confidence"":0.010294760577380657},{""bbox"":[0.0,1.4324536323547363,0.0,8.502466201782227],""confidence"":0.0033243990037590265},{""bbox"":[242.4969482421875,183.42633056640625,253.6744842529297,196.32765197753906],""confidence"":0.002807500772178173},{""bbox"":[0.0,323.8207092285156,0.0,329.9402160644531],""confidence"":0.00279220100492239},{""bbox"":[243.64599609375,181.98529052734375,256.5682067871094,195.1800994873047],""confidence"":0.0017859513172879815},{""bbox"":[0.0,0.017575372010469437,0.0,6.084658145904541],""confidence"":0.0011471327161416411}]",8,0.001
002_20200901_083505(8),2,316,332,"[[236.0,187.0,246.99999999999997,196.99999999999997]]","[{""bbox"":[236.13137817382812,187.21372985839844,246.56216430664062,197.474609375],""confidence"":0.5482207536697388},{""bbox"":[111.63436126708984,101.8423080444336,122.51950073242188,113.2162094116211],""confidence"":0.061269428580999374},{""bbox"":[112.86392211914062,102.80088806152344,122.2461929321289,111.94182586669922],""confidence"":0.04377930983901024},{""bbox"":[236.0943603515625,186.43104553222656,248.7283172607422,199.23521423339844],""confidence"":0.034955285489559174},{""bbox"":[233.34397888183594,185.86517333984375,246.12319946289062,197.70333862304688],""confidence"":0.03134382516145706},{""bbox"":[237.4906768798828,187.7687225341797,248.49591064453125,197.42715454101562],""confidence"":0.01828104816377163},{""bbox"":[114.15596771240234,105.72261047363281,122.48078918457031,113.78131103515625],""confidence"":0.011715038679540157},{""bbox"":[0.0,1.432449460029602,0.0,8.502462387084961],""confidence"":0.003324395976960659},{""bbox"":[0.0,323.82025146484375,0.0,329.93994140625],""confidence"":0.0027899276465177536},{""bbox"":[111.43050384521484,106.328857421875,119.1778793334961,113.86966705322266],""confidence"":0.0022126154508441687},{""bbox"":[238.42825317382812,185.96812438964844,247.77955627441406,194.9547882080078],""confidence"":0.002023125533014536},{""bbox"":[0.0,0.017571909353137016,0.0,6.084656715393066],""confidence"":0.0011471370235085487}]",12,0.001
002_20200901_083510(2),2,316,332,"[[241.00000000000003,150.0,252.0,161.0]]","[{""bbox"":[242.5751190185547,149.77015686035156,252.80447387695312,160.1695098876953],""confidence"":0.5442274808883667},{""bbox"":[245.04000854492188,149.23672485351562,254.828125,160.61483764648438],""confidence"":0.028728226199746132},{""bbox"":[241.73529052734375,150.5713653564453,253.12200927734375,163.06639099121094],""confidence"":0.005468870047479868},{""bbox"":[0.0,1.4324398040771484,0.0,8.502452850341797],""confidence"":0.003324555465951562},{""bbox"":[0.0,323.8204040527344,0.0,329.9400329589844],""confidence"":0.0027912890072911978},{""bbox"":[0.0,0.017571909353137016,0.0,6.084654808044434],""confidence"":0.001147200004197657},{""bbox"":[243.82669067382812,149.09800720214844,256.7074279785156,162.37863159179688],""confidence"":0.0010173862101510167}]",7,0.001
002_20200901_083514(7),2,316,332,"[[246.0,168.00000000000003,256.0,178.0]]","[{""bbox"":[244.91006469726562,167.7987823486328,255.69363403320312,179.0399932861328],""confidence"":0.6214866638183594},{""bbox"":[245.73695373535156,169.45657348632812,256.0163269042969,180.2297821044922],""confidence"":0.08923229575157166},{""bbox"":[244.293212890625,167.80050659179688,257.3770446777344,181.87115478515625],""confidence"":0.018852727487683296},{""bbox"":[0.0,1.4324487447738647,0.0,8.502462387084961],""confidence"":0.003324473276734352},{""bbox"":[0.0,323.8207702636719,0.0,329.9402770996094],""confidence"":0.0027925437316298485},{""bbox"":[244.66421508789062,167.82537841796875,253.33380126953125,177.33413696289062],""confidence"":0.0023809606209397316},{""bbox"":[0.0,0.017575865611433983,0.0,6.084659099578857],""confidence"":0.0011471621692180634}]",7,0.001
002_20200901_191340(2),2,316,332,"[[243.0,150.0,252.99999999999997,159.0]]","[{""bbox"":[242.951171875,148.75909423828125,253.74929809570312,159.83480834960938],""confidence"":0.6236963272094727},{""bbox"":[244.90145874023438,148.12484741210938,254.860107421875,160.45555114746094],""confidence"":0.07739152014255524},{""bbox"":[243.395263671875,146.91925048828125,255.34918212890625,159.1949920654297],""confidence"":0.015181467868387699},{""bbox"":[107.25753021240234,101.62397003173828,117.81693267822266,111.46591186523438],""confidence"":0.006469871383160353},{""bbox"":[0.0,1.4324257373809814,0.0,8.502432823181152],""confidence"":0.003325148019939661},{""bbox"":[106.82596588134766,100.17373657226562,118.5033187866211,113.09236145019531],""confidence"":0.0028174007311463356},{""bbox"":[0.0,323.8207092285156,0.0,329.9402160644531],""confidence"":0.002792259445413947},{""bbox"":[243.57107543945312,147.880126953125,256.7608947753906,161.96157836914062],""confidence"":0.002744574099779129},{""bbox"":[105.43060302734375,103.62838745117188,116.05915069580078,113.3935775756836],""confidence"":0.0025754058733582497},{""bbox"":[242.1865997314453,149.86280822753906,253.79226684570312,163.2038116455078],""confidence"":0.0017429786967113614},{""bbox"":[0.0,0.017581308260560036,0.0,6.084658145904541],""confidence"":0.0011474026832729578},{""bbox"":[107.72184753417969,104.55818939208984,116.29061126708984,113.63211822509766],""confidence"":0.0010897191241383553}]",12,0.001
002_20200901_191343(2),2,316,332,"[[245.0,172.0,253.99999999999997,183.0]]","[{""bbox"":[244.3032989501953,172.7428741455078,254.92420959472656,183.72999572753906],""confidence"":0.6341612935066223},{""bbox"":[116.12391662597656,101.67630004882812,125.62922668457031,110.47906494140625],""confidence"":0.06346133351325989},{""bbox"":[243.23553466796875,171.843505859375,255.50030517578125,185.57164001464844],""confidence"":0.060010407119989395},{""bbox"":[115.24966430664062,99.95710754394531,126.06315612792969,112.17864990234375],""confidence"":0.009251447394490242},{""bbox"":[117.7501449584961,101.6805419921875,125.14600372314453,109.2943344116211],""confidence"":0.004012445919215679},{""bbox"":[0.0,1.4324513673782349,0.0,8.502464294433594],""confidence"":0.003324391320347786},{""bbox"":[116.92936706542969,100.0799789428711,126.01056671142578,108.98621368408203],""confidence"":0.0033010977786034346},{""bbox"":[0.0,323.82061767578125,0.0,329.940185546875],""confidence"":0.0027919476851820946},{""bbox"":[245.8841552734375,171.88494873046875,256.5557556152344,183.2005615234375],""confidence"":0.002621625317260623},{""bbox"":[116.70194244384766,105.26162719726562,124.26145935058594,113.41413116455078],""confidence"":0.0024550368543714285},{""bbox"":[242.61541748046875,174.0659942626953,253.75157165527344,185.57473754882812],""confidence"":0.002146863378584385},{""bbox"":[274.60235595703125,133.49136352539062,282.29547119140625,141.05873107910156],""confidence"":0.001158180646598339},{""bbox"":[0.0,0.0175738874822855,0.0,6.084657669067383],""confidence"":0.0011471349280327559}]",13,0.001
002_20200901_191346(1),2,316,332,"[[246.0,159.0,256.0,169.0]]","[{""bbox"":[246.37428283691406,159.05795288085938,256.7295227050781,169.72677612304688],""confidence"":0.5414528846740723},{""bbox"":[246.316650390625,160.4378204345703,257.51934814453125,171.68946838378906],""confidence"":0.01742885820567608},{""bbox"":[0.0,1.432452917098999,0.0,8.502466201782227],""confidence"":0.0033242476638406515},{""bbox"":[0.0,323.8208312988281,0.0,329.9403381347656],""confidence"":0.0027932114899158478},{""bbox"":[249.64569091796875,158.83616638183594,260.2889404296875,168.30221557617188],""confidence"":0.0016118745552375913},{""bbox"":[149.8789825439453,159.69097900390625,156.51736450195312,166.34164428710938],""confidence"":0.0012951807584613562},{""bbox"":[0.0,0.017569435760378838,0.0,6.084654331207275],""confidence"":0.0011470862664282322}]",7,0.001
002_20200901_191348(8),2,316,332,"[[242.0,138.0,251.99999999999997,148.00000000000003]]","[{""bbox"":[242.4824981689453,137.38412475585938,252.01971435546875,147.2480926513672],""confidence"":0.5855617523193359},{""bbox"":[241.6267547607422,136.35467529296875,252.9408416748047,148.48521423339844],""confidence"":0.1496158093214035},{""bbox"":[243.0474090576172,136.3050537109375,252.2896728515625,145.11740112304688],""confidence"":0.011701862327754498},{""bbox"":[0.0,1.4324485063552856,0.0,8.502459526062012],""confidence"":0.0033245664089918137},{""bbox"":[0.0,323.8209533691406,0.0,329.9403991699219],""confidence"":0.002793863881379366},{""bbox"":[0.0,0.017578834667801857,0.0,6.08466100692749],""confidence"":0.0011471895268186927},{""bbox"":[244.31881713867188,137.448486328125,254.21644592285156,149.15170288085938],""confidence"":0.0010192542104050517}]",7,0.001
002_20200901_191351(5),2,316,332,"[[236.0,178.0,248.0,189.0]]","[{""bbox"":[237.73150634765625,178.80584716796875,247.3302764892578,188.7503204345703],""confidence"":0.5924016237258911},{""bbox"":[236.8335418701172,177.61932373046875,248.64830017089844,190.08021545410156],""confidence"":0.11005472391843796},{""bbox"":[238.53463745117188,177.79685974121094,248.21478271484375,186.75119018554688],""confidence"":0.03362388536334038},{""bbox"":[236.34640502929688,178.91322326660156,245.13978576660156,188.14768981933594],""confidence"":0.015914050862193108},{""bbox"":[0.0,1.4324545860290527,0.0,8.502470970153809],""confidence"":0.003324111457914114},{""bbox"":[0.0,323.8206481933594,0.0,329.9401550292969],""confidence"":0.0027921278961002827},{""bbox"":[134.34231567382812,182.759765625,140.89065551757812,189.3417205810547],""confidence"":0.00228422530926764},{""bbox"":[0.0,0.017566466704010963,0.0,6.084651947021484],""confidence"":0.001147042610682547},{""bbox"":[234.46961975097656,178.2181854248047,246.56051635742188,189.46160888671875],""confidence"":0.0011003342224285007}]",9,0.001
002_20200905_003315(2),2,316,332,"[[246.0,168.0,256.0,180.0]]","[{""bbox"":[245.36468505859375,168.56944274902344,255.46885681152344,179.12484741210938],""confidence"":0.6289281249046326},{""bbox"":[244.4272918701172,167.74659729003906,256.5716857910156,181.3148956298828],""confidence"":0.08553934097290039},{""bbox"":[244.42462158203125,169.216796875,253.61648559570312,179.51210021972656],""confidence"":0.018473701551556587},{""bbox"":[0.0,1.4324533939361572,0.0,8.502469062805176],""confidence"":0.0033242995850741863},{""bbox"":[0.0,323.8221130371094,0.0,329.9396667480469],""confidence"":0.0028031521942466497},{""bbox"":[242.6289520263672,168.22906494140625,255.06475830078125,180.08743286132812],""confidence"":0.0018961710156872869},{""bbox"":[0.0,0.017568940296769142,0.0,6.084656238555908],""confidence"":0.0011471114121377468}]",7,0.001
002_20200905_003319(2),2,316,332,"[[246.0,162.0,256.0,171.0]]","[{""bbox"":[247.20556640625,161.62767028808594,256.5875244140625,171.50070190429688],""confidence"":0.5804821252822876},{""bbox"":[247.71018981933594,160.84666442871094,257.37481689453125,169.8931884765625],""confidence"":0.14557476341724396},{""bbox"":[246.05543518066406,160.4967041015625,257.1485900878906,173.0062255859375],""confidence"":0.13534052670001984},{""bbox"":[0.0,1.4324361085891724,0.0,8.502443313598633],""confidence"":0.0033245806116610765},{""bbox"":[0.0,323.78485107421875,0.0,329.9200744628906],""confidence"":0.0027024494484066963},{""bbox"":[0.0,0.01757735013961792,0.0,6.084654331207275],""confidence"":0.0011471988400444388},{""bbox"":[245.678955078125,159.537353515625,255.76101684570312,169.62890625],""confidence"":0.0010300689609721303}]",7,0.001
002_20200905_003323(3),2,316,332,"[[245.0,161.0,255.0,171.0]]","[{""bbox"":[244.7113800048828,161.71974182128906,254.8575897216797,172.0455780029297],""confidence"":0.6080971360206604},{""bbox"":[246.0494842529297,160.69583129882812,255.66424560546875,170.04330444335938],""confidence"":0.0688641145825386},{""bbox"":[242.50352478027344,162.19097900390625,254.35745239257812,174.25096130371094],""confidence"":0.015236539766192436},{""bbox"":[243.97869873046875,160.38607788085938,256.7171936035156,173.7992401123047],""confidence"":0.013006404042243958},{""bbox"":[244.4568634033203,159.55776977539062,254.4596405029297,170.3281707763672],""confidence"":0.004546541254967451},{""bbox"":[0.0,1.4324467182159424,0.0,8.502456665039062],""confidence"":0.003324435092508793},{""bbox"":[0.0,323.7975769042969,0.0,329.924560546875],""confidence"":0.002707744250074029},{""bbox"":[0.0,0.01757487654685974,0.0,6.084655284881592],""confidence"":0.0011471479665488005}]",8,0.001
002_20200905_003327(3),2,316,332,"[[242.0,162.0,251.99999999999997,172.99999999999997]]","[{""bbox"":[243.1552276611328,162.8140106201172,252.57081604003906,172.40341186523438],""confidence"":0.57363361120224},{""bbox"":[243.46559143066406,161.2886505126953,252.5567626953125,170.03904724121094],""confidence"":0.004564287140965462},{""bbox"":[0.0,1.432459831237793,0.0,8.502474784851074],""confidence"":0.003324199700728059},{""bbox"":[0.0,323.7768249511719,0.0,329.9114074707031],""confidence"":0.0026320945471525192},{""bbox"":[244.23721313476562,162.39720153808594,254.14659118652344,174.4273681640625],""confidence"":0.0017718618037179112},{""bbox"":[0.0,0.017569435760378838,0.0,6.084656238555908],""confidence"":0.0011470692697912455}]",6,0.001
002_20200905_003331(2),2,316,332,"[[247.00000000000003,164.0,256.0,172.99999999999997]]","[{""bbox"":[247.0576629638672,163.35169982910156,257.8957214355469,174.2357635498047],""confidence"":0.5488071441650391},{""bbox"":[245.9463653564453,162.88995361328125,258.8008728027344,177.2938232421875],""confidence"":0.03761771321296692},{""bbox"":[247.81300354003906,162.86534118652344,260.49591064453125,175.90184020996094],""confidence"":0.004093911964446306},{""bbox"":[0.0,1.4324605464935303,0.0,8.502484321594238],""confidence"":0.003323849057778716},{""bbox"":[0.0,323.7931823730469,0.0,329.9251708984375],""confidence"":0.0027473268564790487},{""bbox"":[0.0,0.01756102405488491,0.0,6.084648609161377],""confidence"":0.0011469951132312417}]",6,0.001
002_20200905_003335(3),2,316,332,"[[245.0,165.99999999999997,253.99999999999997,175.99999999999997]]","[{""bbox"":[244.32533264160156,166.4527130126953,254.6005401611328,176.7410125732422],""confidence"":0.6122018694877625},{""bbox"":[242.48960876464844,166.0196075439453,254.7716064453125,178.47549438476562],""confidence"":0.025129441171884537},{""bbox"":[243.79034423828125,167.5098114013672,253.8805694580078,179.60101318359375],""confidence"":0.0037746315356343985},{""bbox"":[0.0,1.4324170351028442,0.0,8.502408027648926],""confidence"":0.0033257186878472567},{""bbox"":[0.0,323.8142395019531,0.0,329.93951416015625],""confidence"":0.002801736816763878},{""bbox"":[243.7048797607422,163.63958740234375,254.36041259765625,175.10043334960938],""confidence"":0.0022978046908974648},{""bbox"":[0.0,0.017610495910048485,0.0,6.084673881530762],""confidence"":0.0011475736973807216}]",7,0.001
002_20200905_163922(9),2,316,332,"[[245.0,153.0,257.0,163.0]]","[{""bbox"":[247.09962463378906,154.7328338623047,257.2664489746094,164.86441040039062],""confidence"":0.6216093301773071},{""bbox"":[247.68023681640625,152.85545349121094,258.0595397949219,161.87066650390625],""confidence"":0.004965797066688538},{""bbox"":[245.7233428955078,154.38287353515625,259.0721740722656,168.77764892578125],""confidence"":0.0035543511621654034},{""bbox"":[0.0,1.432444453239441,0.0,8.502453804016113],""confidence"":0.00332526839338243},{""bbox"":[247.73631286621094,153.642578125,260.6592102050781,166.71885681152344],""confidence"":0.003230068599805236},{""bbox"":[0.0,323.8238830566406,0.0,329.9427490234375],""confidence"":0.0028015528805553913},{""bbox"":[244.58828735351562,154.45521545410156,253.44398498535156,163.88821411132812],""confidence"":0.0019369933288544416},{""bbox"":[248.68873596191406,154.5933074951172,260.20526123046875,164.532958984375],""confidence"":0.001251232111826539},{""bbox"":[0.0,0.017597634345293045,0.0,6.084677696228027],""confidence"":0.0011474222410470247}]",9,0.001
002_20200905_163926(4),2,316,332,"[[242.00000000000003,138.0,251.0,148.00000000000003]]","[{""bbox"":[241.93167114257812,137.6345672607422,252.2319793701172,148.178955078125],""confidence"":0.5732617974281311},{""bbox"":[0.0,1.4324098825454712,0.0,8.502410888671875],""confidence"":0.003327993443235755},{""bbox"":[0.0,323.8125,0.0,329.9375915527344],""confidence"":0.00278190104290843},{""bbox"":[238.62916564941406,137.05101013183594,250.94964599609375,148.80520629882812],""confidence"":0.0019496786408126354},{""bbox"":[242.6079559326172,136.2198486328125,252.2178192138672,145.1456756591797],""confidence"":0.0018866047030314803},{""bbox"":[240.3143310546875,137.63026428222656,253.6717071533203,152.17393493652344],""confidence"":0.0017103651771321893},{""bbox"":[0.0,0.01765996776521206,0.0,6.084725856781006],""confidence"":0.0011483413400128484}]",7,0.001
002_20200905_163929(7),2,316,332,"[[242.00000000000003,127.99999999999999,251.0,138.0]]","[{""bbox"":[241.8287811279297,128.76251220703125,251.46759033203125,138.77845764160156],""confidence"":0.5766732692718506},{""bbox"":[240.69412231445312,127.25129699707031,252.92723083496094,140.3075714111328],""confidence"":0.10222310572862625},{""bbox"":[242.08981323242188,127.85401916503906,251.79550170898438,136.82427978515625],""confidence"":0.011874379590153694},{""bbox"":[0.0,1.4323415756225586,0.0,8.502301216125488],""confidence"":0.003334012581035495},{""bbox"":[0.0,323.8023986816406,0.0,329.9322814941406],""confidence"":0.0027668022084981203},{""bbox"":[238.55723571777344,128.11952209472656,250.73373413085938,139.47825622558594],""confidence"":0.0018798931268975139},{""bbox"":[0.0,0.017822731286287308,0.0,6.084850788116455],""confidence"":0.0011503164423629642}]",7,0.001
002_20200905_163932(9),2,316,332,"[[247.00000000000003,148.0,257.0,160.0]]","[{""bbox"":[247.28158569335938,148.1016082763672,257.99700927734375,159.3748016357422],""confidence"":0.6101638078689575},{""bbox"":[247.80667114257812,147.60159301757812,260.56219482421875,160.1132354736328],""confidence"":0.01004752516746521},{""bbox"":[0.0,1.4324347972869873,0.0,8.502442359924316],""confidence"":0.0033249107655137777},{""bbox"":[0.0,323.8212585449219,0.0,329.93994140625],""confidence"":0.002799286739900708},{""bbox"":[0.0,0.017582297325134277,0.0,6.084660053253174],""confidence"":0.001147312461398542}]",5,0.001
002_20200905_163936(2),2,316,332,"[[239.0,148.0,250.0,158.0]]","[{""bbox"":[239.16065979003906,146.7022705078125,250.32443237304688,158.6759796142578],""confidence"":0.5633465051651001},{""bbox"":[240.70843505859375,146.3133087158203,252.699462890625,158.15000915527344],""confidence"":0.020780712366104126},{""bbox"":[237.8457794189453,148.06069946289062,249.21502685546875,160.92579650878906],""confidence"":0.008827068842947483},{""bbox"":[0.0,1.432350516319275,0.0,8.50230598449707],""confidence"":0.0033283464144915342},{""bbox"":[0.0,323.82659912109375,0.0,329.94281005859375],""confidence"":0.0028029815293848515},{""bbox"":[0.0,0.017645621672272682,0.0,6.084675312042236],""confidence"":0.0011484759161248803}]",6,0.001
002_20200905_163939(7),2,316,332,"[[249.0,126.0,259.0,135.0]]","[{""bbox"":[250.46575927734375,125.60685729980469,260.9524230957031,136.5465545654297],""confidence"":0.5690354704856873},{""bbox"":[112.67573547363281,76.96467590332031,123.58370208740234,86.94966125488281],""confidence"":0.01522882841527462},{""bbox"":[249.1739501953125,126.19229125976562,261.2049560546875,139.53591918945312],""confidence"":0.01258758082985878},{""bbox"":[112.05770874023438,78.5835952758789,122.6546630859375,88.64444732666016],""confidence"":0.008437428623437881},{""bbox"":[252.8089141845703,124.51460266113281,262.7096862792969,136.4706573486328],""confidence"":0.003821812104433775},{""bbox"":[0.0,1.432248830795288,0.0,8.502167701721191],""confidence"":0.003341404488310218},{""bbox"":[0.0,323.80682373046875,0.0,329.93280029296875],""confidence"":0.0027539702132344246},{""bbox"":[114.20896911621094,80.27472686767578,122.86744689941406,88.98876953125],""confidence"":0.0023815869353711605},{""bbox"":[0.0,0.018024081364274025,0.0,6.085009574890137],""confidence"":0.0011527593014761806}]",9,0.001
002_20200905_203836(3),2,316,332,"[[250.0,132.0,260.0,141.0]]","[{""bbox"":[251.59515380859375,132.68101501464844,260.8538818359375,142.20411682128906],""confidence"":0.5248368382453918},{""bbox"":[250.1544647216797,131.4279327392578,261.13787841796875,143.7085723876953],""confidence"":0.029040319845080376},{""bbox"":[253.26051330566406,132.6540985107422,262.672607421875,143.2754364013672],""confidence"":0.0148533396422863},{""bbox"":[0.0,1.4324612617492676,0.0,8.50247859954834],""confidence"":0.0033240672200918198},{""bbox"":[0.0,323.8210144042969,0.0,329.9403991699219],""confidence"":0.0027943062596023083},{""bbox"":[252.11997985839844,130.40338134765625,262.5054931640625,142.0681610107422],""confidence"":0.0022093462757766247},{""bbox"":[0.0,0.017565477639436722,0.0,6.084653377532959],""confidence"":0.001147027825936675}]",7,0.001
002_20200905_203840(3),2,316,332,"[[247.00000000000003,132.0,256.0,141.0]]","[{""bbox"":[247.0111083984375,131.2478485107422,256.3810729980469,140.9629364013672],""confidence"":0.5572080016136169},{""bbox"":[244.7371368408203,132.06231689453125,253.18435668945312,140.8794403076172],""confidence"":0.005762048996984959},{""bbox"":[244.98289489746094,131.22047424316406,256.89874267578125,143.70993041992188],""confidence"":0.005100718699395657},{""bbox"":[0.0,1.4324584007263184,0.0,8.50247573852539],""confidence"":0.003324007149785757},{""bbox"":[0.0,323.8210144042969,0.0,329.9403991699219],""confidence"":0.0027941428124904633},{""bbox"":[0.0,0.017562508583068848,0.0,6.084650039672852],""confidence"":0.001147010363638401}]",6,0.001
002_20200905_203844(2),2,316,332,"[[243.0,188.00000000000003,253.99999999999997,196.99999999999997]]","[{""bbox"":[244.3531951904297,188.5400390625,253.54283142089844,198.07176208496094],""confidence"":0.5409854650497437},{""bbox"":[242.96377563476562,188.03079223632812,252.6204833984375,197.07713317871094],""confidence"":0.014343447051942348},{""bbox"":[245.02955627441406,187.18789672851562,256.1122741699219,197.8912811279297],""confidence"":0.004209944978356361},{""bbox"":[0.0,1.4324575662612915,0.0,8.502472877502441],""confidence"":0.0033241084311157465},{""bbox"":[0.0,323.8208923339844,0.0,329.9402770996094],""confidence"":0.0027932419907301664},{""bbox"":[244.8960418701172,186.5246124267578,253.052734375,194.91432189941406],""confidence"":0.0012051676167175174},{""bbox"":[0.0,0.017565477639436722,0.0,6.084652423858643],""confidence"":0.0011470403987914324}]",7,0.001
002_20200905_203848(4),2,316,332,"[[242.00000000000003,156.0,251.0,166.0]]","[{""bbox"":[242.63621520996094,155.67124938964844,251.66934204101562,165.03427124023438],""confidence"":0.5587985515594482},{""bbox"":[0.0,1.4324586391448975,0.0,8.502476692199707],""confidence"":0.003324010642245412},{""bbox"":[0.0,323.82086181640625,0.0,329.9403076171875],""confidence"":0.0027933043893426657},{""bbox"":[244.9888916015625,155.8248291015625,254.2126922607422,165.78878784179688],""confidence"":0.0014655867125838995},{""bbox"":[0.0,0.017563004046678543,0.0,6.08465051651001],""confidence"":0.001147009781561792}]",5,0.001
002_20200905_203856(3),2,316,332,"[[239.0,235.0,251.0,245.0]]","[{""bbox"":[241.36610412597656,234.60562133789062,250.8756561279297,243.91921997070312],""confidence"":0.5348576307296753},{""bbox"":[242.681640625,234.00306701660156,252.21255493164062,243.51258850097656],""confidence"":0.024066796526312828},{""bbox"":[0.0,1.4324545860290527,0.0,8.502470970153809],""confidence"":0.003324090735986829},{""bbox"":[0.0,323.82073974609375,0.0,329.940185546875],""confidence"":0.0027925753965973854},{""bbox"":[0.0,0.017564982175827026,0.0,6.084651470184326],""confidence"":0.0011470377212390304},{""bbox"":[238.79281616210938,233.8577423095703,250.20945739746094,245.14891052246094],""confidence"":0.0011220243759453297}]",6,0.001
002_20200905_203900(3),2,316,332,"[[246.0,233.00000000000003,255.0,243.0]]","[{""bbox"":[246.8802032470703,232.6567840576172,256.0664978027344,242.41709899902344],""confidence"":0.5255169868469238},{""bbox"":[244.7710418701172,233.386962890625,253.16241455078125,242.3591766357422],""confidence"":0.005016354378312826},{""bbox"":[0.0,1.4324533939361572,0.0,8.502469062805176],""confidence"":0.003324106801301241},{""bbox"":[0.0,323.82080078125,0.0,329.9403076171875],""confidence"":0.0027932103257626295},{""bbox"":[246.84829711914062,235.24151611328125,256.8567199707031,245.8712615966797],""confidence"":0.002109821420162916},{""bbox"":[0.0,0.017566466704010963,0.0,6.084651470184326],""confidence"":0.0011470414465293288}]",6,0.001
002_20200906_003059(0),2,316,332,"[[243.0,155.0,250.99999999999997,165.0]]","[{""bbox"":[243.62127685546875,155.8914031982422,252.7782745361328,165.61033630371094],""confidence"":0.5543693900108337},{""bbox"":[244.84994506835938,155.7842254638672,254.26412963867188,166.56204223632812],""confidence"":0.018263276666402817},{""bbox"":[0.0,1.4324586391448975,0.0,8.502476692199707],""confidence"":0.003323991782963276},{""bbox"":[0.0,323.8209533691406,0.0,329.9403381347656],""confidence"":0.0027937497943639755},{""bbox"":[246.6689910888672,154.50355529785156,256.0372619628906,163.7279815673828],""confidence"":0.002786097815260291},{""bbox"":[0.0,0.0175620149821043,0.0,6.084649085998535],""confidence"":0.0011470038443803787}]",6,0.001
001_20200623_123214(3),3,576,444,"[[351.0,202.0,364.0,211.0],[358.0,232.0,368.00000000000006,242.0],[366.00000000000006,267.0,378.0,282.0]]","[{""bbox"":[364.9137268066406,266.17950439453125,377.89276123046875,279.42340087890625],""confidence"":0.5277106165885925},{""bbox"":[350.7152099609375,200.309326171875,363.91607666015625,214.02882385253906],""confidence"":0.5252411365509033},{""bbox"":[356.42999267578125,232.13143920898438,369.0594787597656,244.7763671875],""confidence"":0.45469725131988525},{""bbox"":[357.1410217285156,230.62799072265625,371.83709716796875,244.63885498046875],""confidence"":0.059239692986011505},{""bbox"":[474.5925598144531,169.83006286621094,486.5527038574219,182.19544982910156],""confidence"":0.04451524093747139},{""bbox"":[354.9864807128906,230.95095825195312,370.3236083984375,248.4374542236328],""confidence"":0.02531391754746437},{""bbox"":[477.0661315917969,168.9284210205078,488.57135009765625,180.76068115234375],""confidence"":0.020905613899230957},{""bbox"":[349.7412414550781,196.39703369140625,366.4034729003906,217.33059692382812],""confidence"":0.011938223615288734},{""bbox"":[362.8436584472656,265.1943664550781,379.24334716796875,284.4967346191406],""confidence"":0.006669860333204269},{""bbox"":[472.2767333984375,205.8083038330078,484.8143310546875,218.92356872558594],""confidence"":0.005881731864064932},{""bbox"":[357.20928955078125,229.72866821289062,372.66827392578125,248.6937713623047],""confidence"":0.00553289195522666},{""bbox"":[472.89813232421875,170.6141815185547,485.3674011230469,184.81626892089844],""confidence"":0.005184311885386705},{""bbox"":[363.79510498046875,261.1841735839844,381.1705322265625,282.993896484375],""confidence"":0.003194409189745784},{""bbox"":[347.6933288574219,198.57363891601562,366.705322265625,220.2089080810547],""confidence"":0.0027620173059403896},{""bbox"":[476.0849914550781,168.89859008789062,489.21234130859375,184.24659729003906],""confidence"":0.0019625569693744183},{""bbox"":[406.00775146484375,221.21347045898438,418.287841796875,234.06544494628906],""confidence"":0.0012442594161257148},{""bbox"":[467.9580078125,206.3114013671875,481.75750732421875,220.1502685546875],""confidence"":0.0012124070199206471},{""bbox"":[401.8805236816406,221.95156860351562,414.7527770996094,234.96080017089844],""confidence"":0.0010742566082626581},{""bbox"":[431.5776062011719,248.97962951660156,444.5033874511719,262.2406921386719],""confidence"":0.0010691859060898423}]",19,0.001
001_20200623_123223(3),3,576,444,"[[362.99999999999994,194.0,373.0,203.0],[364.00000000000006,225.00000000000003,376.0,237.0],[365.0,260.0,373.0,273.99999999999994]]","[{""bbox"":[364.0223388671875,260.5523986816406,377.3220520019531,274.0964660644531],""confidence"":0.550761342048645},{""bbox"":[363.297119140625,224.2896728515625,376.37811279296875,237.26551818847656],""confidence"":0.5407333374023438},{""bbox"":[361.60260009765625,191.01197814941406,376.5163269042969,205.31182861328125],""confidence"":0.47141197323799133},{""bbox"":[487.134765625,270.8627624511719,498.4146423339844,282.693115234375],""confidence"":0.070787213742733},{""bbox"":[360.3349609375,188.90524291992188,377.0023193359375,207.5970458984375],""confidence"":0.05181172862648964},{""bbox"":[500.0369873046875,273.51611328125,510.9853210449219,284.8801574707031],""confidence"":0.04145228490233421},{""bbox"":[361.552734375,222.3751983642578,378.1094665527344,241.28189086914062],""confidence"":0.03949098289012909},{""bbox"":[364.17242431640625,259.4501953125,379.357177734375,277.27947998046875],""confidence"":0.035260219126939774},{""bbox"":[364.1640319824219,191.7051544189453,378.8839416503906,206.42068481445312],""confidence"":0.03519725799560547},{""bbox"":[483.4272155761719,269.52874755859375,495.5479736328125,282.31732177734375],""confidence"":0.0303413737565279},{""bbox"":[498.0082702636719,273.35675048828125,508.0528564453125,284.8329772949219],""confidence"":0.026795383542776108},{""bbox"":[488.5546875,271.9239807128906,499.58563232421875,284.69744873046875],""confidence"":0.025500021874904633},{""bbox"":[477.2018737792969,235.0300750732422,489.1152038574219,246.95034790039062],""confidence"":0.019963795319199562},{""bbox"":[475.0918884277344,234.224609375,487.1069641113281,246.70068359375],""confidence"":0.012426160275936127},{""bbox"":[389.4453125,194.6852264404297,402.6259460449219,207.87936401367188],""confidence"":0.01208528969436884},{""bbox"":[495.92706298828125,272.10260009765625,506.99810791015625,283.7247314453125],""confidence"":0.011579196900129318},{""bbox"":[386.5505676269531,195.45364379882812,398.3862609863281,207.85841369628906],""confidence"":0.009348287247121334},{""bbox"":[406.7188415527344,266.2345275878906,417.8141784667969,278.28314208984375],""confidence"":0.00897873006761074},{""bbox"":[477.8736877441406,235.8510284423828,490.1522216796875,249.3863983154297],""confidence"":0.006469368934631348},{""bbox"":[403.75628662109375,265.61492919921875,415.2113342285156,278.5049133300781],""confidence"":0.006235494744032621},{""bbox"":[485.0795593261719,268.1139221191406,498.9118957519531,282.61883544921875],""confidence"":0.00554717518389225},{""bbox"":[423.5533142089844,231.39744567871094,435.4427185058594,244.28594970703125],""confidence"":0.0012562954798340797},{""bbox"":[492.1336669921875,268.19873046875,507.50933837890625,285.3516845703125],""confidence"":0.001100161811336875},{""bbox"":[427.4080810546875,232.00245666503906,439.4378967285156,244.95742797851562],""confidence"":0.001097168424166739},{""bbox"":[503.0761413574219,273.2605285644531,515.7449340820312,285.4383239746094],""confidence"":0.0010125827975571156}]",25,0.001
001_20200623_123232(3),3,576,444,"[[360.0,144.0,370.0,153.00000000000003],[362.99999999999994,175.0,373.0,184.0],[368.00000000000006,210.0,381.0,223.99999999999997]]","[{""bbox"":[361.45562744140625,173.79483032226562,374.3044738769531,186.9082794189453],""confidence"":0.5329310297966003},{""bbox"":[365.73846435546875,210.02796936035156,378.1400451660156,222.94277954101562],""confidence"":0.5148438811302185},{""bbox"":[357.1722717285156,142.06173706054688,370.4245910644531,155.41949462890625],""confidence"":0.49295783042907715},{""bbox"":[362.8106384277344,209.76156616210938,377.30865478515625,224.10015869140625],""confidence"":0.09249943494796753},{""bbox"":[356.9249267578125,138.6791229248047,373.308837890625,158.81321716308594],""confidence"":0.031127991154789925},{""bbox"":[359.53021240234375,171.85003662109375,376.17242431640625,190.9259796142578],""confidence"":0.02373003400862217},{""bbox"":[363.68609619140625,209.15528869628906,379.111572265625,226.8166961669922],""confidence"":0.012718127109110355},{""bbox"":[493.393798828125,128.5371856689453,504.8527526855469,140.3194580078125],""confidence"":0.00551189761608839},{""bbox"":[362.77960205078125,172.3811492919922,378.90667724609375,187.11094665527344],""confidence"":0.0034707665909081697},{""bbox"":[407.92724609375,137.00808715820312,420.0212707519531,149.42071533203125],""confidence"":0.0020579053089022636},{""bbox"":[355.1743469238281,141.5496063232422,373.736083984375,163.4761199951172],""confidence"":0.002053373260423541},{""bbox"":[505.84283447265625,160.7685546875,517.5162353515625,173.17276000976562],""confidence"":0.001778657315298915},{""bbox"":[364.08355712890625,171.63885498046875,380.0087890625,191.38084411621094],""confidence"":0.0014465447748079896},{""bbox"":[374.5848388671875,138.0390167236328,388.4867248535156,151.71145629882812],""confidence"":0.0014349614502862096},{""bbox"":[489.61724853515625,128.8147430419922,501.59649658203125,141.06243896484375],""confidence"":0.0011488522868603468}]",15,0.001
001_20200623_123236(9),3,576,444,"[[345.0,169.0,358.0,178.0],[349.0,203.0,362.0,211.0],[358.0,247.0,372.0,258.99999999999994]]","[{""bbox"":[358.7049865722656,244.80142211914062,371.4200134277344,258.2238464355469],""confidence"":0.5104102492332458},{""bbox"":[349.48004150390625,200.01641845703125,362.66082763671875,213.08839416503906],""confidence"":0.49366724491119385},{""bbox"":[345.54156494140625,167.7228240966797,357.42431640625,180.74591064453125],""confidence"":0.4899798631668091},{""bbox"":[458.1768798828125,149.03555297851562,470.635498046875,161.57147216796875],""confidence"":0.07598584145307541},{""bbox"":[450.177734375,230.04629516601562,462.3235778808594,242.21475219726562],""confidence"":0.07053345441818237},{""bbox"":[355.7191162109375,245.2135467529297,370.4092712402344,259.5284423828125],""confidence"":0.06794656068086624},{""bbox"":[343.75543212890625,166.14596557617188,359.2838439941406,183.628662109375],""confidence"":0.053840070962905884},{""bbox"":[461.0254211425781,149.01649475097656,474.09521484375,162.8130645751953],""confidence"":0.04142552241683006},{""bbox"":[341.40155029296875,167.3585205078125,356.5715026855469,181.76016235351562],""confidence"":0.02361404523253441},{""bbox"":[408.5936279296875,156.40635681152344,421.27459716796875,169.30117797851562],""confidence"":0.021051187068223953},{""bbox"":[447.6890563964844,230.66592407226562,460.6750183105469,244.1184539794922],""confidence"":0.01967581734061241},{""bbox"":[493.382568359375,221.6127166748047,505.0885009765625,233.16329956054688],""confidence"":0.017065512016415596},{""bbox"":[490.44329833984375,222.36500549316406,503.1311950683594,234.81015014648438],""confidence"":0.012275408953428268},{""bbox"":[348.9821472167969,196.15170288085938,365.46307373046875,215.6287078857422],""confidence"":0.008384170942008495},{""bbox"":[357.1208190917969,242.94105529785156,373.3896484375,263.10040283203125],""confidence"":0.00782141461968422},{""bbox"":[454.4170837402344,149.22268676757812,468.1457214355469,162.76919555664062],""confidence"":0.005745736416429281},{""bbox"":[437.6763610839844,152.8246612548828,450.5331115722656,166.45660400390625],""confidence"":0.005219757091253996},{""bbox"":[457.4905700683594,145.89724731445312,472.00494384765625,162.02891540527344],""confidence"":0.004990438465029001},{""bbox"":[443.0364685058594,151.99732971191406,455.0251770019531,165.21102905273438],""confidence"":0.003916497342288494},{""bbox"":[411.3211669921875,155.47923278808594,423.92303466796875,168.35064697265625],""confidence"":0.003871578723192215},{""bbox"":[443.9512023925781,150.77749633789062,456.55865478515625,164.1441192626953],""confidence"":0.003367651253938675},{""bbox"":[460.4312438964844,145.6445770263672,475.20367431640625,161.47604370117188],""confidence"":0.0032496233470737934},{""bbox"":[489.09967041015625,223.63475036621094,500.5021667480469,236.1507568359375],""confidence"":0.0027816365472972393},{""bbox"":[485.75872802734375,144.05152893066406,497.6529541015625,155.9990997314453],""confidence"":0.0021471986547112465},{""bbox"":[348.8983459472656,198.04306030273438,366.3892822265625,220.31378173828125],""confidence"":0.0019367721397429705},{""bbox"":[454.1158447265625,229.44851684570312,466.34539794921875,241.35023498535156],""confidence"":0.0016515967436134815}]",26,0.001
001_20200623_123241(3),3,576,444,"[[342.99999999999994,190.0,358.0,201.0],[351.0,268.0,364.0,280.0],[348.0,226.0,358.0,236.0]]","[{""bbox"":[351.05157470703125,267.85931396484375,363.50384521484375,280.61883544921875],""confidence"":0.5230804085731506},{""bbox"":[347.5601806640625,222.9674072265625,359.9683532714844,235.61630249023438],""confidence"":0.5219854116439819},{""bbox"":[343.8073425292969,189.015380859375,356.9019470214844,202.7225799560547],""confidence"":0.49098050594329834},{""bbox"":[348.39666748046875,267.448486328125,362.6849365234375,281.5691833496094],""confidence"":0.1204942911863327},{""bbox"":[343.147216796875,187.00955200195312,358.8770446777344,205.37911987304688],""confidence"":0.06689764559268951},{""bbox"":[350.1105041503906,265.6979675292969,365.7600402832031,284.5128173828125],""confidence"":0.018749378621578217},{""bbox"":[408.6122741699219,220.078369140625,419.721923828125,231.55458068847656],""confidence"":0.012736359611153603},{""bbox"":[348.91204833984375,222.30921936035156,364.29168701171875,235.91831970214844],""confidence"":0.006416099611669779},{""bbox"":[412.8850402832031,220.37393188476562,424.1590881347656,231.78179931640625],""confidence"":0.005919281393289566},{""bbox"":[344.193603515625,219.92735290527344,362.62103271484375,241.55850219726562],""confidence"":0.004160720389336348},{""bbox"":[407.6563720703125,217.78170776367188,420.9006042480469,231.13360595703125],""confidence"":0.003340308554470539},{""bbox"":[413.35394287109375,221.19839477539062,425.7438659667969,234.9644775390625],""confidence"":0.0029026069678366184},{""bbox"":[408.5257263183594,220.80145263671875,420.89971923828125,234.91043090820312],""confidence"":0.002475461456924677},{""bbox"":[420.86077880859375,186.4209747314453,433.5331726074219,199.21279907226562],""confidence"":0.0021050970535725355},{""bbox"":[411.341796875,217.61289978027344,425.2332458496094,231.20896911621094],""confidence"":0.0017259406158700585},{""bbox"":[465.4311218261719,186.76278686523438,478.3246765136719,200.13743591308594],""confidence"":0.0015561952022835612},{""bbox"":[341.5112609863281,223.01629638671875,357.608154296875,237.62635803222656],""confidence"":0.0013343995669856668},{""bbox"":[404.0447998046875,220.12661743164062,415.9945373535156,232.41921997070312],""confidence"":0.0012285478878766298},{""bbox"":[484.50640869140625,186.0937042236328,496.68011474609375,198.49627685546875],""confidence"":0.0010501627111807466}]",19,0.001
001_20200623_123245(8),3,576,444,"[[340.0,166.0,353.0,180.0],[343.0,201.00000000000003,360.0,213.0],[350.0,245.0,364.0,258.0]]","[{""bbox"":[340.2046203613281,166.8112335205078,352.5776672363281,179.4348602294922],""confidence"":0.53148353099823},{""bbox"":[348.90142822265625,243.5903778076172,362.54864501953125,257.2987365722656],""confidence"":0.5205349922180176},{""bbox"":[342.2601013183594,199.06829833984375,356.14208984375,212.8387908935547],""confidence"":0.4827785789966583},{""bbox"":[341.5228271484375,196.02493286132812,358.0706481933594,215.73373413085938],""confidence"":0.028292318806052208},{""bbox"":[337.9671325683594,164.85809326171875,354.32928466796875,183.7411651611328],""confidence"":0.014261352829635143},{""bbox"":[373.64227294921875,198.62612915039062,386.1251525878906,211.56654357910156],""confidence"":0.010049844160676003},{""bbox"":[445.16168212890625,157.70753479003906,458.17303466796875,170.91671752929688],""confidence"":0.009848141111433506},{""bbox"":[376.5472717285156,198.99935913085938,388.72625732421875,211.6180419921875],""confidence"":0.007386305369436741},{""bbox"":[465.4222106933594,190.179931640625,476.8111877441406,202.17413330078125],""confidence"":0.006746961269527674},{""bbox"":[449.3446960449219,158.4618377685547,461.9019775390625,171.35101318359375],""confidence"":0.005924415774643421},{""bbox"":[348.9871826171875,242.05917358398438,365.54296875,263.26531982421875],""confidence"":0.003965986892580986},{""bbox"":[341.8863830566406,165.57313537597656,357.2882385253906,179.43386840820312],""confidence"":0.003460018429905176},{""bbox"":[419.69677734375,160.1285400390625,432.20867919921875,173.3636474609375],""confidence"":0.002585805021226406},{""bbox"":[341.0075378417969,197.38157653808594,359.7121887207031,220.4896697998047],""confidence"":0.002220397349447012},{""bbox"":[346.4795227050781,239.89349365234375,364.4707336425781,261.7456359863281],""confidence"":0.0019316099351271987},{""bbox"":[416.63824462890625,160.0930938720703,429.5772705078125,173.71823120117188],""confidence"":0.0017029526643455029}]",16,0.001
001_20200623_203217(4),3,576,444,"[[346.0,199.99999999999997,361.0,212.0],[346.99999999999994,232.0,362.0,245.0],[351.0,277.00000000000006,362.00000000000006,289.0]]","[{""bbox"":[348.7412414550781,231.80418395996094,361.599853515625,244.75689697265625],""confidence"":0.5344364643096924},{""bbox"":[347.45050048828125,198.6996612548828,360.0909423828125,211.49301147460938],""confidence"":0.4875028133392334},{""bbox"":[351.6146240234375,276.4997253417969,363.7103576660156,289.4877624511719],""confidence"":0.4627380967140198},{""bbox"":[348.4478759765625,275.7829895019531,362.9407653808594,290.00872802734375],""confidence"":0.09408315271139145},{""bbox"":[456.6589050292969,208.578369140625,469.1625671386719,221.69435119628906],""confidence"":0.07182744890451431},{""bbox"":[346.7562561035156,196.32029724121094,361.3319091796875,210.75445556640625],""confidence"":0.04463229328393936},{""bbox"":[350.1645202636719,232.15814208984375,364.1206970214844,245.32058715820312],""confidence"":0.037493996322155},{""bbox"":[347.55279541015625,230.75271606445312,363.40093994140625,248.41290283203125],""confidence"":0.023620575666427612},{""bbox"":[453.8860778808594,207.08865356445312,468.16851806640625,221.4283447265625],""confidence"":0.013346492312848568},{""bbox"":[472.3521728515625,284.78070068359375,483.78057861328125,296.8718566894531],""confidence"":0.008898396044969559},{""bbox"":[434.7043151855469,282.3335266113281,446.5060729980469,294.93682861328125],""confidence"":0.005075695924460888},{""bbox"":[349.9873352050781,199.15219116210938,364.30645751953125,213.1567840576172],""confidence"":0.003592854831367731},{""bbox"":[379.5235595703125,279.5617980957031,390.7904968261719,291.1829833984375],""confidence"":0.0035461983643472195},{""bbox"":[431.45062255859375,280.41949462890625,444.5409240722656,293.4329528808594],""confidence"":0.0030280365608632565},{""bbox"":[348.8632507324219,195.46119689941406,365.01885986328125,211.1201629638672],""confidence"":0.00244886358268559},{""bbox"":[468.8417663574219,284.1373596191406,481.1922607421875,297.0308532714844],""confidence"":0.0016739019192755222},{""bbox"":[463.6271057128906,239.7936553955078,475.7828063964844,252.7203369140625],""confidence"":0.00142606848385185},{""bbox"":[459.48712158203125,239.5190887451172,471.560546875,252.5126190185547],""confidence"":0.0013453157152980566}]",18,0.001
001_20200623_203222(0),3,576,444,"[[342.99999999999994,236.0,358.0,249.00000000000003],[351.0,266.0,364.0,281.0],[358.0,311.99999999999994,373.99999999999994,323.0]]","[{""bbox"":[349.6654357910156,267.0041198730469,362.7170715332031,279.9784240722656],""confidence"":0.5447677969932556},{""bbox"":[359.2200622558594,311.425537109375,371.5094909667969,324.6937255859375],""confidence"":0.5054481029510498},{""bbox"":[344.5447082519531,234.5924835205078,356.9353942871094,247.6163330078125],""confidence"":0.43611565232276917},{""bbox"":[501.000732421875,283.5990295410156,513.2733154296875,296.24298095703125],""confidence"":0.18299944698810577},{""bbox"":[473.6757507324219,210.3919677734375,486.3539733886719,223.5619354248047],""confidence"":0.08865927159786224},{""bbox"":[343.7205505371094,232.0853729248047,358.52764892578125,247.04019165039062],""confidence"":0.08833158761262894},{""bbox"":[355.7792053222656,311.1558837890625,370.6432189941406,325.53900146484375],""confidence"":0.055725354701280594},{""bbox"":[341.3563232421875,234.30722045898438,356.5942687988281,248.82444763183594],""confidence"":0.0493851862847805},{""bbox"":[475.4202575683594,209.33322143554688,488.6858215332031,222.7602081298828],""confidence"":0.042364850640296936},{""bbox"":[357.2057800292969,310.5856628417969,372.5822448730469,327.5546875],""confidence"":0.03606240451335907},{""bbox"":[444.3678894042969,296.1189880371094,457.0459899902344,308.94818115234375],""confidence"":0.03582926467061043},{""bbox"":[502.84478759765625,283.3871154785156,516.0327758789062,296.3382263183594],""confidence"":0.023696817457675934},{""bbox"":[446.8959045410156,296.4068908691406,458.9351806640625,308.6983947753906],""confidence"":0.014161025173962116},{""bbox"":[347.28350830078125,264.8569030761719,364.36285400390625,284.5674743652344],""confidence"":0.010895065031945705},{""bbox"":[472.1684265136719,209.05142211914062,487.7939453125,227.39077758789062],""confidence"":0.0039483183063566685},{""bbox"":[497.472900390625,284.1927490234375,511.74700927734375,299.80023193359375],""confidence"":0.0037286386359483004},{""bbox"":[497.79931640625,282.177978515625,513.4482421875,297.677490234375],""confidence"":0.0035876911133527756},{""bbox"":[429.8845520019531,217.12460327148438,442.4232482910156,229.92494201660156],""confidence"":0.0022996398620307446},{""bbox"":[481.328369140625,240.7333984375,494.0030822753906,253.88766479492188],""confidence"":0.002107891719788313},{""bbox"":[485.40826416015625,240.72994995117188,497.8896179199219,254.03900146484375],""confidence"":0.0020930832251906395},{""bbox"":[468.6549377441406,209.439453125,485.2592468261719,225.2700958251953],""confidence"":0.0012819780968129635},{""bbox"":[373.2648620605469,229.68003845214844,384.87200927734375,241.50599670410156],""confidence"":0.0011955969966948032}]",22,0.001
001_20200623_203226(3),3,576,444,"[[339.0,208.0,350.00000000000006,218.99999999999997],[342.0,239.00000000000003,357.00000000000006,249.00000000000003],[349.0,282.0,363.0,296.0]]","[{""bbox"":[350.20440673828125,282.8872985839844,363.3016662597656,296.4476318359375],""confidence"":0.523125946521759},{""bbox"":[341.8811340332031,238.05076599121094,354.8838195800781,250.97206115722656],""confidence"":0.5031108856201172},{""bbox"":[338.579833984375,206.08021545410156,351.25628662109375,218.90489196777344],""confidence"":0.4556942880153656},{""bbox"":[484.725341796875,264.4410705566406,496.888427734375,276.65228271484375],""confidence"":0.045640598982572556},{""bbox"":[337.38140869140625,203.51583862304688,352.61419677734375,219.1370849609375],""confidence"":0.0407274030148983},{""bbox"":[349.7657775878906,281.3073425292969,364.8594665527344,298.8994140625],""confidence"":0.04049241542816162},{""bbox"":[478.6932067871094,219.91856384277344,489.9661560058594,231.52365112304688],""confidence"":0.03909541293978691},{""bbox"":[475.5135498046875,219.68019104003906,487.42822265625,232.11451721191406],""confidence"":0.022117197513580322},{""bbox"":[482.5895690917969,265.62066650390625,494.9173278808594,279.04705810546875],""confidence"":0.009424667805433273},{""bbox"":[334.31842041015625,205.92636108398438,350.5057067871094,220.1812286376953],""confidence"":0.0068955132737755775},{""bbox"":[477.38482666015625,217.53036499023438,491.1986083984375,231.1726837158203],""confidence"":0.005662775132805109},{""bbox"":[450.9527893066406,270.4913330078125,462.72479248046875,282.8100891113281],""confidence"":0.00496892211958766},{""bbox"":[339.7426452636719,235.90914916992188,356.82879638671875,255.7892303466797],""confidence"":0.004732740111649036},{""bbox"":[390.6314697265625,233.98768615722656,403.3603210449219,247.22137451171875],""confidence"":0.00400968361645937},{""bbox"":[387.4252014160156,233.93467712402344,399.87249755859375,246.96974182128906],""confidence"":0.0027304328978061676},{""bbox"":[429.471923828125,226.2623748779297,441.0863342285156,238.38523864746094],""confidence"":0.0024799550883471966},{""bbox"":[474.2806396484375,217.4563446044922,489.2001953125,232.32215881347656],""confidence"":0.002160616684705019},{""bbox"":[413.950927734375,275.8287048339844,425.5469055175781,288.3789367675781],""confidence"":0.0021016080863773823},{""bbox"":[376.55340576171875,281.7050476074219,387.9076843261719,293.85357666015625],""confidence"":0.0020069400779902935},{""bbox"":[424.18035888671875,226.725341796875,436.57568359375,239.5057373046875],""confidence"":0.001613516011275351},{""bbox"":[410.3905334472656,275.8594970703125,422.5738220214844,288.888671875],""confidence"":0.001448600785806775}]",21,0.001
001_20200623_203230(9),3,576,444,"[[339.00000000000006,186.00000000000003,355.0,198.0],[342.0,215.0,355.0,231.0],[349.0,261.0,363.0,276.0]]","[{""bbox"":[348.6356506347656,262.7135925292969,362.0440368652344,276.22576904296875],""confidence"":0.541904866695404},{""bbox"":[343.7614440917969,218.31668090820312,356.04931640625,231.0351104736328],""confidence"":0.5320743322372437},{""bbox"":[339.58770751953125,185.5178985595703,352.2327880859375,198.65272521972656],""confidence"":0.5159505009651184},{""bbox"":[390.57476806640625,213.43556213378906,402.4783630371094,225.47125244140625],""confidence"":0.3013414740562439},{""bbox"":[388.65509033203125,213.76858520507812,401.21063232421875,227.4003143310547],""confidence"":0.1735289841890335},{""bbox"":[348.8442077636719,260.1627197265625,364.48223876953125,275.7908935546875],""confidence"":0.07714076340198517},{""bbox"":[477.5383605957031,206.19522094726562,489.4305114746094,218.25930786132812],""confidence"":0.07086547464132309},{""bbox"":[343.1717834472656,216.6452178955078,358.2110900878906,234.00790405273438],""confidence"":0.044693492352962494},{""bbox"":[475.30963134765625,205.7425537109375,487.3124084472656,218.36715698242188],""confidence"":0.026630226522684097},{""bbox"":[389.4972229003906,210.55841064453125,404.2218322753906,225.46861267089844],""confidence"":0.015883037820458412},{""bbox"":[337.97900390625,182.13238525390625,353.97674560546875,199.88623046875],""confidence"":0.009986549615859985},{""bbox"":[449.3108825683594,251.5362091064453,462.0097351074219,264.1346740722656],""confidence"":0.008920088410377502},{""bbox"":[476.4194641113281,203.1647491455078,491.2193603515625,218.33473205566406],""confidence"":0.005444591864943504},{""bbox"":[473.4082336425781,173.20654296875,486.073486328125,186.20721435546875],""confidence"":0.00460128765553236},{""bbox"":[372.0272216796875,183.71963500976562,383.7120056152344,196.15736389160156],""confidence"":0.004255305975675583},{""bbox"":[446.8839111328125,252.679443359375,459.50946044921875,266.0148620605469],""confidence"":0.003241273807361722},{""bbox"":[342.1246337890625,185.51861572265625,356.8826599121094,199.27784729003906],""confidence"":0.002923500956967473},{""bbox"":[473.3480224609375,203.08245849609375,488.6005554199219,218.72567749023438],""confidence"":0.0025657182559370995},{""bbox"":[334.4152526855469,186.08262634277344,351.0418395996094,200.94142150878906],""confidence"":0.001931288163177669},{""bbox"":[477.6879577636719,172.95309448242188,490.0604248046875,185.65866088867188],""confidence"":0.0017339586047455668},{""bbox"":[335.7718505859375,183.51731872558594,354.94110107421875,205.93185424804688],""confidence"":0.0016389068914577365},{""bbox"":[421.03070068359375,211.64927673339844,432.4873962402344,223.95472717285156],""confidence"":0.0016379380831494927},{""bbox"":[486.6490173339844,249.0395050048828,498.6760559082031,261.6407165527344],""confidence"":0.0014128872426226735},{""bbox"":[435.2268371582031,175.9101104736328,447.1439208984375,188.6517333984375],""confidence"":0.0013886569067835808},{""bbox"":[431.4432678222656,175.9903106689453,444.1722412109375,189.25213623046875],""confidence"":0.001036953181028366}]",25,0.001
001_20200623_203235(3),3,576,444,"[[342.0,177.0,355.0,190.0],[346.0,208.0,357.00000000000006,223.0],[348.0,255.0,360.99999999999994,268.0]]","[{""bbox"":[344.5244445800781,208.95391845703125,356.59674072265625,221.42405700683594],""confidence"":0.5266085863113403},{""bbox"":[343.0771484375,176.18565368652344,355.61627197265625,189.08343505859375],""confidence"":0.5181456804275513},{""bbox"":[348.5363464355469,254.79672241210938,361.0021057128906,267.74346923828125],""confidence"":0.5103270411491394},{""bbox"":[341.3594970703125,208.65994262695312,355.748046875,222.70338439941406],""confidence"":0.09802534431219101},{""bbox"":[340.6473083496094,175.91522216796875,355.45159912109375,191.27774047851562],""confidence"":0.07344221323728561},{""bbox"":[346.8009033203125,254.34133911132812,361.5194091796875,270.2406005859375],""confidence"":0.0609239786863327},{""bbox"":[384.73883056640625,211.4701690673828,396.3709411621094,223.61862182617188],""confidence"":0.05951477214694023},{""bbox"":[469.9638977050781,210.5001220703125,483.5609130859375,223.666259765625],""confidence"":0.056099891662597656},{""bbox"":[466.1551513671875,210.4315185546875,479.47784423828125,224.11553955078125],""confidence"":0.04357815533876419},{""bbox"":[420.1097717285156,211.7472381591797,431.7842712402344,223.91603088378906],""confidence"":0.04218798130750656},{""bbox"":[349.3902282714844,252.89004516601562,364.5380554199219,267.21051025390625],""confidence"":0.03869353234767914},{""bbox"":[470.84918212890625,212.30462646484375,482.02777099609375,223.99002075195312],""confidence"":0.03304116055369377},{""bbox"":[469.97137451171875,211.99388122558594,483.10443115234375,226.81202697753906],""confidence"":0.022731469944119453},{""bbox"":[371.1357116699219,178.71017456054688,382.9320068359375,190.83445739746094],""confidence"":0.019292593002319336},{""bbox"":[350.4300537109375,254.7186737060547,364.6565856933594,270.06866455078125],""confidence"":0.019055016338825226},{""bbox"":[382.5591125488281,210.9021759033203,394.932373046875,223.90219116210938],""confidence"":0.015620733611285686},{""bbox"":[461.2254943847656,211.8071746826172,473.42340087890625,224.74368286132812],""confidence"":0.014363077469170094},{""bbox"":[417.91058349609375,211.1988525390625,430.148193359375,224.10208129882812],""confidence"":0.01217245776206255},{""bbox"":[342.470703125,206.0253448486328,359.4206848144531,227.13150024414062],""confidence"":0.009259269572794437},{""bbox"":[473.63262939453125,210.13247680664062,488.0408630371094,223.64817810058594],""confidence"":0.00883366260677576},{""bbox"":[419.09869384765625,210.72430419921875,433.2263488769531,227.37847900390625],""confidence"":0.003813876071944833},{""bbox"":[383.5365295410156,210.4664764404297,397.7633361816406,227.23233032226562],""confidence"":0.003356236731633544},{""bbox"":[474.7797546386719,212.3174285888672,487.11981201171875,224.07138061523438],""confidence"":0.003338829381391406},{""bbox"":[434.5835266113281,257.65802001953125,446.75189208984375,270.2680358886719],""confidence"":0.003006389131769538},{""bbox"":[474.9639892578125,211.90582275390625,488.27392578125,227.11474609375],""confidence"":0.0021073080133646727},{""bbox"":[431.8109130859375,257.1216735839844,444.4200439453125,269.9622802734375],""confidence"":0.0018892742227762938}]",26,0.001
001_20200624_043349(7),3,576,444,"[[335.99999999999994,152.0,351.0,167.0],[341.00000000000006,232.00000000000006,354.0,246.0],[338.0,189.0,353.99999999999994,203.0]]","[{""bbox"":[341.5256042480469,231.8730926513672,354.7020568847656,245.2247772216797],""confidence"":0.5640118718147278},{""bbox"":[338.952392578125,188.25465393066406,351.615234375,201.38265991210938],""confidence"":0.5036486387252808},{""bbox"":[339.42034912109375,153.8310089111328,352.2264404296875,166.88232421875],""confidence"":0.47089096903800964},{""bbox"":[338.7297058105469,153.19775390625,353.6648254394531,169.3167266845703],""confidence"":0.07984918355941772},{""bbox"":[456.243408203125,199.83970642089844,468.5812683105469,212.12890625],""confidence"":0.05917495861649513},{""bbox"":[340.3301696777344,231.52883911132812,355.6824645996094,248.28134155273438],""confidence"":0.03027184121310711},{""bbox"":[454.1110534667969,199.7325439453125,467.7248840332031,214.19252014160156],""confidence"":0.01619281806051731},{""bbox"":[336.6211853027344,185.75299072265625,353.5543212890625,205.4228515625],""confidence"":0.01385496649891138},{""bbox"":[477.6083984375,201.45211791992188,489.9963684082031,213.71142578125],""confidence"":0.009425999596714973},{""bbox"":[406.7333984375,239.87193298339844,418.2823791503906,252.15696716308594],""confidence"":0.007930021733045578},{""bbox"":[403.9982604980469,239.16249084472656,416.35260009765625,252.25595092773438],""confidence"":0.003920819144695997},{""bbox"":[334.3164367675781,187.21290588378906,350.6374816894531,202.3989715576172],""confidence"":0.0035146467853337526},{""bbox"":[340.8564453125,186.65013122558594,357.7247009277344,201.86431884765625],""confidence"":0.0010984109248965979}]",13,0.001
001_20200625_043323(7),3,576,444,"[[342.99999999999994,154.0,357.0,168.0],[344.99999999999994,190.0,356.0,201.0],[348.0,233.00000000000003,358.0,247.0]]","[{""bbox"":[344.9456787109375,189.1222686767578,356.99700927734375,202.1084442138672],""confidence"":0.5102605819702148},{""bbox"":[345.97210693359375,234.6756591796875,359.34881591796875,247.90231323242188],""confidence"":0.4570671319961548},{""bbox"":[342.1082763671875,156.37966918945312,354.9261169433594,168.86387634277344],""confidence"":0.41370171308517456},{""bbox"":[341.3373107910156,188.352294921875,356.0878601074219,202.79623413085938],""confidence"":0.07261300086975098},{""bbox"":[398.2838134765625,193.4337158203125,410.0361633300781,205.04714965820312],""confidence"":0.059864483773708344},{""bbox"":[343.3752136230469,187.37709045410156,359.0433654785156,205.2681121826172],""confidence"":0.04524639621376991},{""bbox"":[344.2455139160156,157.41818237304688,357.2566833496094,169.86354064941406],""confidence"":0.03892004117369652},{""bbox"":[344.6917419433594,232.22364807128906,360.3653869628906,248.52537536621094],""confidence"":0.02885572239756584},{""bbox"":[396.41619873046875,192.81219482421875,408.1769714355469,204.85354614257812],""confidence"":0.021002503111958504},{""bbox"":[341.31292724609375,153.2431182861328,356.2589416503906,169.82391357421875],""confidence"":0.01847139187157154},{""bbox"":[384.0203857421875,158.25030517578125,396.4352722167969,170.90431213378906],""confidence"":0.007172693964093924},{""bbox"":[380.9248352050781,158.3279266357422,393.73931884765625,171.4335174560547],""confidence"":0.002208813326433301},{""bbox"":[349.5877380371094,235.8561553955078,364.2732849121094,249.684326171875],""confidence"":0.0019476745510473847},{""bbox"":[341.4708251953125,234.41171264648438,358.6736755371094,248.57351684570312],""confidence"":0.001877062488347292}]",14,0.001
001_20200625_043328(3),3,576,444,"[[343.0,154.0,355.0,165.99999999999997],[345.0,189.0,357.0,198.0],[349.0,236.0,360.99999999999994,246.0]]","[{""bbox"":[344.82501220703125,188.11141967773438,356.7646789550781,200.57574462890625],""confidence"":0.516871452331543},{""bbox"":[348.2311096191406,233.63717651367188,361.4350280761719,247.06289672851562],""confidence"":0.4911062717437744},{""bbox"":[344.6600036621094,153.17555236816406,357.62567138671875,167.0638427734375],""confidence"":0.4872854948043823},{""bbox"":[375.6187438964844,156.6844482421875,387.9104919433594,168.86044311523438],""confidence"":0.1304822713136673},{""bbox"":[343.0166015625,152.01734924316406,359.0843200683594,169.2677001953125],""confidence"":0.09734505414962769},{""bbox"":[341.3493347167969,187.51025390625,355.8685302734375,201.6956787109375],""confidence"":0.07654448598623276},{""bbox"":[348.80560302734375,231.3243865966797,364.5371398925781,246.57472229003906],""confidence"":0.026461180299520493},{""bbox"":[349.7171630859375,233.66107177734375,364.2852478027344,248.7190399169922],""confidence"":0.024248700588941574},{""bbox"":[374.0115661621094,156.99061584472656,386.189697265625,170.36196899414062],""confidence"":0.01914648525416851},{""bbox"":[342.9956970214844,185.67457580566406,359.02734375,205.37557983398438],""confidence"":0.012881986796855927},{""bbox"":[483.7967834472656,243.46861267089844,495.5824890136719,255.16262817382812],""confidence"":0.009595104493200779},{""bbox"":[480.21240234375,195.8574981689453,492.8435974121094,208.62158203125],""confidence"":0.009338153526186943},{""bbox"":[481.35003662109375,243.07774353027344,492.5881652832031,254.7724151611328],""confidence"":0.008050917647778988},{""bbox"":[484.21746826171875,197.431396484375,495.23236083984375,208.8499298095703],""confidence"":0.0037086517550051212},{""bbox"":[421.6441345214844,192.34352111816406,432.9066162109375,203.89794921875],""confidence"":0.0033829761669039726},{""bbox"":[372.4779357910156,153.08387756347656,387.7886962890625,170.31971740722656],""confidence"":0.0016680926783010364},{""bbox"":[422.3382873535156,193.31639099121094,433.9498291015625,206.33848571777344],""confidence"":0.0011238695587962866}]",17,0.001
001_20200625_043337(3),3,576,444,"[[348.99999999999994,148.00000000000003,360.0,159.0],[351.0,184.99999999999997,364.0,197.0],[353.0,230.00000000000003,364.99999999999994,242.0]]","[{""bbox"":[350.181640625,183.111328125,363.66961669921875,196.8965301513672],""confidence"":0.49882030487060547},{""bbox"":[352.7375183105469,227.0641632080078,366.7101745605469,240.81761169433594],""confidence"":0.475285142660141},{""bbox"":[350.7415466308594,149.32655334472656,363.4075622558594,162.36822509765625],""confidence"":0.3820323348045349},{""bbox"":[385.0843505859375,152.7774200439453,396.973876953125,165.3402862548828],""confidence"":0.020996984094381332},{""bbox"":[377.52960205078125,186.120361328125,389.28564453125,197.95066833496094],""confidence"":0.020344005897641182},{""bbox"":[349.8174133300781,146.10858154296875,364.80792236328125,162.9874725341797],""confidence"":0.009962267242372036},{""bbox"":[382.5044860839844,152.2066192626953,395.2466125488281,165.53396606445312],""confidence"":0.006149278022348881},{""bbox"":[348.550048828125,225.9637908935547,366.6315612792969,241.514892578125],""confidence"":0.004188076592981815},{""bbox"":[356.3172607421875,227.7444305419922,371.5127868652344,242.48182678222656],""confidence"":0.0031120528001338243},{""bbox"":[486.31134033203125,157.8607940673828,498.3558654785156,170.07484436035156],""confidence"":0.0013288623886182904}]",10,0.001
001_20200625_043341(7),3,576,444,"[[341.0,162.0,356.0,172.99999999999997],[346.0,197.0,357.00000000000006,211.0],[344.99999999999994,242.0,356.0,255.0]]","[{""bbox"":[343.8857421875,197.10073852539062,357.3338928222656,211.17910766601562],""confidence"":0.4541003704071045},{""bbox"":[344.7016296386719,160.8304443359375,358.3133544921875,174.56521606445312],""confidence"":0.4310173988342285},{""bbox"":[343.98431396484375,241.74908447265625,356.9532470703125,255.01904296875],""confidence"":0.41300079226493835},{""bbox"":[472.5771179199219,214.98336791992188,485.0843811035156,227.37644958496094],""confidence"":0.09555502980947495},{""bbox"":[342.583984375,239.48541259765625,358.03326416015625,256.2150573730469],""confidence"":0.055040743201971054},{""bbox"":[341.30548095703125,242.3551483154297,355.9479675292969,256.6749572753906],""confidence"":0.0420672781765461},{""bbox"":[340.71905517578125,195.44143676757812,357.6360168457031,212.20724487304688],""confidence"":0.031812604516744614},{""bbox"":[475.2032775878906,215.58193969726562,487.9896240234375,227.87777709960938],""confidence"":0.024302609264850616},{""bbox"":[442.8580017089844,212.15345764160156,454.9417419433594,224.8336639404297],""confidence"":0.014832867309451103},{""bbox"":[341.33746337890625,160.5594940185547,357.4551086425781,175.70404052734375],""confidence"":0.014549437910318375},{""bbox"":[420.534423828125,209.89637756347656,432.4160461425781,222.4542999267578],""confidence"":0.007095552049577236},{""bbox"":[430.02191162109375,174.10519409179688,442.41644287109375,187.39617919921875],""confidence"":0.004313899204134941},{""bbox"":[469.85699462890625,214.33709716796875,484.14825439453125,228.7345733642578],""confidence"":0.003899796400219202},{""bbox"":[417.6458740234375,209.129638671875,429.57049560546875,222.09811401367188],""confidence"":0.002665369538590312},{""bbox"":[416.4720764160156,208.04220581054688,428.6396484375,220.60519409179688],""confidence"":0.001351808663457632},{""bbox"":[342.5865478515625,241.54266357421875,360.0404052734375,263.4524230957031],""confidence"":0.001079990528523922}]",16,0.001
001_20200625_043346(2),3,576,444,"[[340.0,155.00000000000003,350.00000000000006,166.0],[342.0,193.0,353.00000000000006,201.00000000000003],[342.0,235.00000000000003,353.99999999999994,245.0]]","[{""bbox"":[342.41253662109375,233.94956970214844,355.74090576171875,247.3600311279297],""confidence"":0.5210126042366028},{""bbox"":[340.0693664550781,189.81100463867188,353.8837890625,203.85263061523438],""confidence"":0.5150527954101562},{""bbox"":[340.052001953125,153.87489318847656,352.6465148925781,166.7498321533203],""confidence"":0.4518123269081116},{""bbox"":[339.4293518066406,153.2403564453125,354.2021789550781,169.3216094970703],""confidence"":0.07134002447128296},{""bbox"":[340.28216552734375,231.93582153320312,355.92791748046875,248.3413848876953],""confidence"":0.06608561426401138},{""bbox"":[442.7001647949219,199.64772033691406,456.1277770996094,214.013671875],""confidence"":0.03050529584288597},{""bbox"":[341.3031311035156,187.7001495361328,357.4847717285156,203.53176879882812],""confidence"":0.021879982203245163},{""bbox"":[439.95623779296875,198.9283905029297,454.5791320800781,214.36483764648438],""confidence"":0.009598154574632645},{""bbox"":[400.6007385253906,239.41334533691406,412.2564697265625,251.99191284179688],""confidence"":0.0029998247046023607},{""bbox"":[395.67236328125,157.1183319091797,408.6993103027344,170.3983612060547],""confidence"":0.0028333677910268307},{""bbox"":[400.2638244628906,157.07916259765625,412.1517028808594,169.21664428710938],""confidence"":0.00209662108682096},{""bbox"":[481.08013916015625,244.14759826660156,493.0210876464844,256.52264404296875],""confidence"":0.0020114874932914972},{""bbox"":[446.4859313964844,199.30078125,459.4410095214844,212.28573608398438],""confidence"":0.0018206622917205095},{""bbox"":[394.6971130371094,158.25753784179688,407.22393798828125,172.02944946289062],""confidence"":0.0018072915263473988},{""bbox"":[342.1654052734375,151.9262237548828,357.7634582519531,166.2433624267578],""confidence"":0.0012191596906632185},{""bbox"":[343.9456787109375,153.92210388183594,358.2757873535156,170.0128173828125],""confidence"":0.0011082612909376621}]",16,0.001
001_20200629_082825(1),3,576,444,"[[343.0,186.0,356.0,196.99999999999997],[342.99999999999994,219.00000000000003,357.0,231.0],[342.0,263.0,356.0,277.0]]","[{""bbox"":[343.76275634765625,218.4462127685547,355.9150390625,230.99342346191406],""confidence"":0.5435693860054016},{""bbox"":[342.3128967285156,263.6148986816406,355.89129638671875,276.79949951171875],""confidence"":0.4509246051311493},{""bbox"":[343.8145446777344,185.40411376953125,356.4850769042969,198.43983459472656],""confidence"":0.44537052512168884},{""bbox"":[341.1558532714844,217.04388427734375,355.1798400878906,230.8418426513672],""confidence"":0.11419650167226791},{""bbox"":[341.3217468261719,185.82522583007812,355.6553955078125,199.62811279296875],""confidence"":0.07680211961269379},{""bbox"":[343.2778015136719,217.67088317871094,358.0850830078125,233.9991455078125],""confidence"":0.06178354471921921},{""bbox"":[340.684814453125,261.26959228515625,356.4658508300781,278.0190124511719],""confidence"":0.034402478486299515},{""bbox"":[342.5006408691406,181.92227172851562,358.543701171875,201.10714721679688],""confidence"":0.01045769639313221},{""bbox"":[340.3651123046875,216.43280029296875,356.6014709472656,234.33853149414062],""confidence"":0.007695257663726807},{""bbox"":[342.1717529296875,184.2253875732422,359.2403259277344,205.7530517578125],""confidence"":0.003044974757358432},{""bbox"":[372.7768249511719,273.8392333984375,383.2757873535156,285.55938720703125],""confidence"":0.0020359549671411514},{""bbox"":[379.8357238769531,225.48158264160156,390.7716369628906,237.32913208007812],""confidence"":0.0013276587706059217},{""bbox"":[341.9364929199219,263.3788146972656,358.9560546875,285.08099365234375],""confidence"":0.0012893675593659282},{""bbox"":[445.39227294921875,204.13226318359375,457.6427917480469,217.36024475097656],""confidence"":0.0012135653523728251},{""bbox"":[449.5419006347656,205.43460083007812,461.6213684082031,218.42056274414062],""confidence"":0.0011824454413726926}]",15,0.001
001_20200629_082828(0),3,576,444,"[[349.0,201.0,364.00000000000006,216.0],[350.00000000000006,235.00000000000003,366.0,247.0],[356.0,281.0,370.0,292.99999999999994]]","[{""bbox"":[349.9925842285156,201.08016967773438,363.1434631347656,214.24246215820312],""confidence"":0.5316539406776428},{""bbox"":[356.20867919921875,280.70068359375,368.5136413574219,292.8299255371094],""confidence"":0.5089845657348633},{""bbox"":[351.4281921386719,234.40769958496094,363.74285888671875,247.3794708251953],""confidence"":0.4438258111476898},{""bbox"":[348.5063171386719,233.5897674560547,363.19970703125,247.9738311767578],""confidence"":0.11917924135923386},{""bbox"":[350.06866455078125,231.97979736328125,365.240234375,247.41651916503906],""confidence"":0.07017477601766586},{""bbox"":[357.53729248046875,281.0904846191406,371.28240966796875,293.5879821777344],""confidence"":0.03809789940714836},{""bbox"":[349.37823486328125,199.46551513671875,365.55718994140625,219.93634033203125],""confidence"":0.00850733183324337},{""bbox"":[420.6831359863281,235.22543334960938,431.6788024902344,246.5802459716797],""confidence"":0.0044252569787204266},{""bbox"":[353.432373046875,279.43426513671875,369.9736022949219,299.00689697265625],""confidence"":0.0030508122872561216},{""bbox"":[356.82275390625,279.986572265625,372.4044189453125,299.1733703613281],""confidence"":0.0019309405470266938},{""bbox"":[480.1646423339844,203.4476776123047,491.2461242675781,215.49847412109375],""confidence"":0.0019283444853499532},{""bbox"":[417.7970275878906,234.8567657470703,429.0834045410156,246.78671264648438],""confidence"":0.001418926054611802}]",12,0.001
001_20200629_082831(0),3,576,444,"[[351.0,215.00000000000003,365.0,227.0],[350.0,261.0,364.0,273.0],[353.0,182.0,364.00000000000006,192.0]]","[{""bbox"":[350.73455810546875,261.4793395996094,362.9131164550781,273.8759765625],""confidence"":0.5145325064659119},{""bbox"":[350.9305419921875,214.88636779785156,363.1453857421875,227.22982788085938],""confidence"":0.47018277645111084},{""bbox"":[352.7940979003906,181.97390747070312,365.4949645996094,194.94580078125],""confidence"":0.462890088558197},{""bbox"":[348.2579040527344,214.05772399902344,362.6704406738281,228.0504608154297],""confidence"":0.15998131036758423},{""bbox"":[351.69354248046875,181.15371704101562,367.0688171386719,198.07815551757812],""confidence"":0.039319295436143875},{""bbox"":[350.468994140625,260.9463195800781,365.08465576171875,277.21136474609375],""confidence"":0.028760267421603203},{""bbox"":[348.6887512207031,181.41615295410156,364.048828125,195.62191772460938],""confidence"":0.0059431870467960835},{""bbox"":[347.68414306640625,211.0406036376953,365.0321044921875,232.2086181640625],""confidence"":0.00444056885316968},{""bbox"":[349.5654602050781,213.4391632080078,366.1905517578125,234.39328002929688],""confidence"":0.004241019021719694},{""bbox"":[347.5611877441406,260.4881896972656,362.9559020996094,277.4801025390625],""confidence"":0.0041037960909307},{""bbox"":[379.8612365722656,268.5413818359375,390.9003601074219,280.5202941894531],""confidence"":0.0024934120010584593},{""bbox"":[487.82073974609375,241.776611328125,499.16217041015625,253.78082275390625],""confidence"":0.0014598887646570802},{""bbox"":[463.60357666015625,236.55027770996094,475.06146240234375,248.03604125976562],""confidence"":0.0014111330965533853}]",13,0.001
001_20200629_082834(2),3,576,444,"[[356.0,178.0,368.0,189.0],[350.0,212.0,364.0,226.0],[339.99999999999994,253.99999999999997,360.0,272.0]]","[{""bbox"":[351.4159240722656,210.55340576171875,363.7394104003906,223.5262908935547],""confidence"":0.4724072813987732},{""bbox"":[355.0648193359375,177.23492431640625,367.9661865234375,190.0520782470703],""confidence"":0.45484670996665955},{""bbox"":[346.7343444824219,256.6944580078125,359.706298828125,269.5162658691406],""confidence"":0.4413783848285675},{""bbox"":[348.3301696777344,208.76687622070312,363.5046691894531,223.4112091064453],""confidence"":0.09666406363248825},{""bbox"":[417.1818542480469,232.60577392578125,428.9579772949219,245.174072265625],""confidence"":0.04463948681950569},{""bbox"":[350.60107421875,209.91653442382812,365.7201232910156,226.9086456298828],""confidence"":0.0426168218255043},{""bbox"":[392.41864013671875,224.54417419433594,404.1516418457031,236.68812561035156],""confidence"":0.03249209374189377},{""bbox"":[419.1615295410156,234.00015258789062,431.0374755859375,246.20074462890625],""confidence"":0.029847150668501854},{""bbox"":[353.90423583984375,174.67393493652344,368.8494873046875,191.04312133789062],""confidence"":0.028130346909165382},{""bbox"":[345.4342041015625,253.88470458984375,360.76300048828125,269.9581298828125],""confidence"":0.020330309867858887},{""bbox"":[390.2032775878906,223.06764221191406,402.70916748046875,236.24935913085938],""confidence"":0.014937611296772957},{""bbox"":[356.50946044921875,177.32373046875,371.3007507324219,190.4897918701172],""confidence"":0.011918379925191402},{""bbox"":[389.3579406738281,221.99896240234375,401.6618347167969,234.51976013183594],""confidence"":0.007844999432563782},{""bbox"":[420.66790771484375,234.82652282714844,433.3282470703125,249.2958526611328],""confidence"":0.004891568794846535},{""bbox"":[415.9823913574219,232.49755859375,430.38787841796875,249.02659606933594],""confidence"":0.00293791969306767},{""bbox"":[348.5511474609375,257.0432434082031,364.1524353027344,270.6518859863281],""confidence"":0.0026947699952870607},{""bbox"":[347.4874267578125,207.96327209472656,365.0298156738281,227.52003479003906],""confidence"":0.0014407563721761107},{""bbox"":[429.7805480957031,285.23870849609375,440.810546875,297.0615539550781],""confidence"":0.0013236619997769594}]",18,0.001
001_20200629_082837(2),3,576,444,"[[339.00000000000006,162.00000000000003,355.0,174.0],[338.0,197.0,355.0,211.0],[342.0,240.0,356.0,253.99999999999997]]","[{""bbox"":[340.4455261230469,195.781005859375,352.8367919921875,208.51393127441406],""confidence"":0.5253735780715942},{""bbox"":[342.36187744140625,240.9618682861328,355.1448974609375,253.99636840820312],""confidence"":0.49147364497184753},{""bbox"":[340.5604248046875,162.1061248779297,352.74371337890625,174.58999633789062],""confidence"":0.46521225571632385},{""bbox"":[342.5235900878906,238.94093322753906,357.3547058105469,253.19821166992188],""confidence"":0.0634966492652893},{""bbox"":[473.2596435546875,170.78219604492188,484.70245361328125,182.49136352539062],""confidence"":0.023624753579497337},{""bbox"":[338.27215576171875,193.86509704589844,354.7502136230469,212.47247314453125],""confidence"":0.011360444128513336},{""bbox"":[341.3794860839844,194.4139404296875,357.11431884765625,208.67507934570312],""confidence"":0.009076953865587711},{""bbox"":[476.3341064453125,171.23995971679688,488.08245849609375,182.78060913085938],""confidence"":0.00508539006114006},{""bbox"":[343.73309326171875,162.94564819335938,357.5555419921875,177.023681640625],""confidence"":0.002927235560491681},{""bbox"":[477.7196044921875,172.541015625,488.97442626953125,184.6237335205078],""confidence"":0.00267031486146152},{""bbox"":[342.1199035644531,159.4947052001953,357.71697998046875,173.880859375],""confidence"":0.0025070474948734045},{""bbox"":[342.3616638183594,194.18081665039062,357.9365234375,212.82626342773438],""confidence"":0.0021134093403816223}]",12,0.001
001_20200629_082840(2),3,576,444,"[[349.0,198.0,364.99999999999994,212.0],[350.00000000000006,231.0,362.0,246.0],[351.0,280.0,364.0,291.00000000000006]]","[{""bbox"":[350.640625,232.85784912109375,362.8309326171875,245.3038330078125],""confidence"":0.4938088357448578},{""bbox"":[350.4708251953125,279.0704650878906,362.98272705078125,291.66650390625],""confidence"":0.43689489364624023},{""bbox"":[351.1103515625,199.28379821777344,363.35723876953125,211.6349639892578],""confidence"":0.406440407037735},{""bbox"":[348.3904113769531,199.69479370117188,362.6775817871094,213.60623168945312],""confidence"":0.049139924347400665},{""bbox"":[351.31561279296875,232.7155303955078,365.5694885253906,248.36830139160156],""confidence"":0.038105882704257965},{""bbox"":[431.0421447753906,291.2972412109375,442.1404113769531,303.1779479980469],""confidence"":0.0199990626424551},{""bbox"":[350.1781005859375,196.4889373779297,364.48773193359375,212.0262908935547],""confidence"":0.0176936574280262},{""bbox"":[348.197265625,275.83319091796875,364.1739196777344,294.2789611816406],""confidence"":0.015040749683976173},{""bbox"":[347.3829040527344,231.16497802734375,363.52093505859375,248.8296661376953],""confidence"":0.0073205637745559216},{""bbox"":[433.5901794433594,292.0586853027344,444.84332275390625,303.46270751953125],""confidence"":0.006597439292818308},{""bbox"":[430.52264404296875,292.4028625488281,442.21673583984375,306.23291015625],""confidence"":0.004259524866938591},{""bbox"":[349.2678527832031,278.30877685546875,365.7912292480469,299.3480529785156],""confidence"":0.0022367683704942465},{""bbox"":[434.1343994140625,293.4952697753906,445.6796569824219,306.2938537597656],""confidence"":0.0021406076848506927},{""bbox"":[432.9049987792969,289.6333923339844,445.6373291015625,302.40838623046875],""confidence"":0.0016146270791068673}]",14,0.001
001_20200728_043138(3),3,576,444,"[[328.0,179.0,339.00000000000006,191.00000000000003]]","[{""bbox"":[328.05718994140625,178.65185546875,340.0551452636719,190.71067810058594],""confidence"":0.4985898733139038},{""bbox"":[329.0352478027344,179.41285705566406,342.3803405761719,191.28550720214844],""confidence"":0.07431510090827942},{""bbox"":[325.6772766113281,175.08163452148438,341.5010070800781,193.02044677734375],""confidence"":0.008847529999911785},{""bbox"":[327.51458740234375,177.9502716064453,344.00726318359375,198.71092224121094],""confidence"":0.0010350256925448775}]",4,0.001
001_20200728_043141(5),3,576,444,"[[313.0,213.0,323.00000000000006,222.0]]","[{""bbox"":[311.9978942871094,210.59857177734375,324.2755126953125,223.2740478515625],""confidence"":0.5386054515838623},{""bbox"":[310.1618957519531,210.03611755371094,325.1950378417969,226.8675079345703],""confidence"":0.03919408842921257},{""bbox"":[313.0975036621094,208.98097229003906,328.2080993652344,222.80819702148438],""confidence"":0.0210319422185421},{""bbox"":[313.820556640625,209.51470947265625,328.7698669433594,227.02049255371094],""confidence"":0.004197501577436924}]",4,0.001
001_20200728_163910(5),3,576,444,"[[324.0,190.0,335.99999999999994,199.0]]","[{""bbox"":[324.30230712890625,189.22427368164062,335.26934814453125,201.07061767578125],""confidence"":0.4730595648288727},{""bbox"":[323.084716796875,189.36537170410156,337.5174560546875,205.1409149169922],""confidence"":0.0411888025701046},{""bbox"":[319.7889709472656,188.523681640625,333.6503601074219,201.49200439453125],""confidence"":0.02327418327331543}]",3,0.001
001_20200728_163913(6),3,576,444,"[[330.0,191.00000000000003,340.0,203.0]]","[{""bbox"":[329.2594909667969,191.13973999023438,340.8248291015625,203.11785888671875],""confidence"":0.48622745275497437},{""bbox"":[326.7929382324219,190.26202392578125,339.9243469238281,203.4694061279297],""confidence"":0.21906639635562897},{""bbox"":[330.45220947265625,192.38076782226562,343.0011291503906,205.0450897216797],""confidence"":0.08940563350915909},{""bbox"":[329.3106689453125,189.00729370117188,343.3075866699219,202.27378845214844],""confidence"":0.0576263889670372}]",4,0.001
001_20200810_085043(8),3,576,444,"[[326.0,210.00000000000003,336.0,222.0]]","[{""bbox"":[324.652587890625,210.77072143554688,335.8029479980469,223.39576721191406],""confidence"":0.4978106915950775},{""bbox"":[322.8723449707031,210.90538024902344,337.5507507324219,226.7266845703125],""confidence"":0.04634997248649597},{""bbox"":[319.9880676269531,209.8699188232422,335.0184020996094,224.05189514160156],""confidence"":0.015458304435014725},{""bbox"":[399.97406005859375,224.2758331298828,410.3263854980469,235.3648223876953],""confidence"":0.003068284597247839},{""bbox"":[396.842529296875,223.3930206298828,407.3374328613281,235.2399139404297],""confidence"":0.002211128594353795},{""bbox"":[396.0401916503906,222.0706024169922,406.67022705078125,233.19337463378906],""confidence"":0.0013289105845615268}]",6,0.001
001_20200814_123136(2),3,576,444,"[[326.0,159.0,337.99999999999994,169.0]]","[{""bbox"":[325.840576171875,157.76580810546875,338.404541015625,170.65060424804688],""confidence"":0.5179845094680786},{""bbox"":[423.40814208984375,161.10018920898438,434.81732177734375,173.32582092285156],""confidence"":0.006790394429117441},{""bbox"":[326.8453369140625,157.21707153320312,342.5138244628906,171.0084228515625],""confidence"":0.005926718935370445},{""bbox"":[322.96331787109375,153.3698272705078,340.204833984375,174.00587463378906],""confidence"":0.0035330194514244795},{""bbox"":[426.70880126953125,161.38790893554688,438.0026550292969,173.2740020751953],""confidence"":0.00154047179967165}]",5,0.001
001_20200814_123143(5),3,576,444,"[[330.00000000000006,164.0,342.0,175.99999999999997]]","[{""bbox"":[331.44757080078125,165.6003875732422,342.60418701171875,177.53384399414062],""confidence"":0.4893929362297058},{""bbox"":[327.1150207519531,165.43682861328125,341.8334655761719,179.23268127441406],""confidence"":0.017589716240763664},{""bbox"":[470.6475830078125,164.54415893554688,481.8241882324219,175.7536163330078],""confidence"":0.007540768012404442},{""bbox"":[467.8563537597656,164.57440185546875,478.6844787597656,175.75564575195312],""confidence"":0.004919246304780245},{""bbox"":[471.4576110839844,165.85707092285156,482.2857360839844,177.4792938232422],""confidence"":0.0032698046416044235},{""bbox"":[329.0720520019531,164.58802795410156,344.794921875,183.82455444335938],""confidence"":0.0031855483539402485},{""bbox"":[365.48504638671875,165.63421630859375,376.41375732421875,176.7480926513672],""confidence"":0.0025213188491761684},{""bbox"":[329.8060302734375,160.55050659179688,345.7748718261719,180.63473510742188],""confidence"":0.0022560355719178915}]",8,0.001
001_20200815_003529(0),3,576,444,"[[319.00000000000006,194.0,331.0,206.00000000000003]]","[{""bbox"":[318.0804748535156,191.53915405273438,331.0498352050781,204.64309692382812],""confidence"":0.47924497723579407},{""bbox"":[316.3821716308594,189.11045837402344,332.1450500488281,205.5311737060547],""confidence"":0.04555213823914528},{""bbox"":[320.63702392578125,191.8356475830078,335.2074279785156,205.73345947265625],""confidence"":0.008797143585979939},{""bbox"":[319.0648498535156,188.0376434326172,336.0389404296875,205.57534790039062],""confidence"":0.0024598457384854555},{""bbox"":[312.5948791503906,191.1729736328125,331.20086669921875,205.5900115966797],""confidence"":0.0011035091010853648}]",5,0.001
001_20200818_163230(6),3,576,444,"[[331.0,173.0,340.0,187.0]]","[{""bbox"":[330.4176025390625,175.3269805908203,341.9294128417969,187.5972900390625],""confidence"":0.4842545688152313},{""bbox"":[326.877197265625,174.4884796142578,341.1130676269531,188.40805053710938],""confidence"":0.07343807071447372},{""bbox"":[330.33355712890625,175.910888671875,343.724853515625,190.6090545654297],""confidence"":0.04422885179519653}]",3,0.001
001_20200818_163233(9),3,576,444,"[[317.0,215.0,328.99999999999994,228.0]]","[{""bbox"":[318.35626220703125,214.7541961669922,330.0794372558594,227.261474609375],""confidence"":0.5284732580184937},{""bbox"":[316.03271484375,211.0320281982422,332.3987121582031,230.00564575195312],""confidence"":0.006471066735684872},{""bbox"":[320.69097900390625,214.51881408691406,335.13470458984375,227.581787109375],""confidence"":0.0035035153850913048},{""bbox"":[312.8982849121094,215.52197265625,328.5093078613281,229.44044494628906],""confidence"":0.0032719140872359276},{""bbox"":[314.958984375,213.19386291503906,332.785400390625,234.3272705078125],""confidence"":0.0021469194907695055},{""bbox"":[435.8932189941406,190.61773681640625,446.557373046875,201.935791015625],""confidence"":0.0012724603293463588},{""bbox"":[432.2197570800781,191.15899658203125,443.3197021484375,202.88470458984375],""confidence"":0.001218798104673624}]",7,0.001
001_20200819_043209(9),3,576,444,"[[329.0,168.0,339.00000000000006,182.0]]","[{""bbox"":[327.8306579589844,169.09384155273438,340.0793151855469,181.76486206054688],""confidence"":0.5418599247932434},{""bbox"":[328.20782470703125,167.0181121826172,342.7922668457031,180.68707275390625],""confidence"":0.07355313748121262},{""bbox"":[328.7859802246094,169.2760772705078,342.6880187988281,183.55862426757812],""confidence"":0.04786668345332146}]",3,0.001
001_20200819_043216(0),3,576,444,"[[338.0,159.0,352.0,170.99999999999997]]","[{""bbox"":[338.39825439453125,157.70327758789062,352.17523193359375,171.56707763671875],""confidence"":0.34753352403640747},{""bbox"":[337.5530700683594,156.03106689453125,349.78521728515625,168.8632049560547],""confidence"":0.14962254464626312},{""bbox"":[330.8229675292969,154.31373596191406,342.5393371582031,166.95806884765625],""confidence"":0.062421198934316635},{""bbox"":[325.7364196777344,152.85484313964844,337.970947265625,165.60293579101562],""confidence"":0.04786359891295433},{""bbox"":[328.58734130859375,152.5706787109375,341.494140625,166.0003662109375],""confidence"":0.028490357100963593},{""bbox"":[334.7987976074219,152.8749237060547,349.7337341308594,169.2400360107422],""confidence"":0.022941473871469498},{""bbox"":[337.1031799316406,156.6285400390625,354.46649169921875,177.4701690673828],""confidence"":0.007616040762513876},{""bbox"":[336.8608703613281,152.9391326904297,352.5177917480469,171.05149841308594],""confidence"":0.005571198184043169},{""bbox"":[332.3457946777344,155.3603515625,346.3798828125,169.86354064941406],""confidence"":0.004187464248389006}]",9,0.001
001_20200821_150525(5),3,576,444,"[[319.00000000000006,231.0,331.0,242.00000000000003]]","[{""bbox"":[318.5364074707031,229.23220825195312,329.9698181152344,241.37362670898438],""confidence"":0.4802882969379425},{""bbox"":[316.2599182128906,225.5034637451172,331.3804016113281,243.78543090820312],""confidence"":0.008555421605706215},{""bbox"":[312.83154296875,229.30789184570312,328.2658996582031,243.18313598632812],""confidence"":0.00391251128166914},{""bbox"":[321.90765380859375,229.70005798339844,335.3503112792969,241.77622985839844],""confidence"":0.0022211705800145864},{""bbox"":[314.7185363769531,227.55035400390625,332.0614013671875,248.90086364746094],""confidence"":0.0010628985473886132}]",5,0.001
001_20200821_150529(4),3,576,444,"[[306.0,246.0,317.00000000000006,257.00000000000006]]","[{""bbox"":[306.5592346191406,245.87107849121094,318.4033508300781,257.3315124511719],""confidence"":0.5168107748031616},{""bbox"":[304.3528137207031,245.0472412109375,319.5233459472656,262.8218994140625],""confidence"":0.003932824824005365}]",2,0.001
001_20200826_043252(8),3,576,444,"[[309.0,190.0,322.0,201.0]]","[{""bbox"":[309.4946594238281,189.55870056152344,321.150390625,202.51333618164062],""confidence"":0.4913875162601471},{""bbox"":[308.2374267578125,189.38536071777344,322.61468505859375,205.10064697265625],""confidence"":0.0582837276160717},{""bbox"":[305.4103088378906,188.68679809570312,320.4779357910156,203.30076599121094],""confidence"":0.037236761301755905}]",3,0.001
001_20200826_043255(8),3,576,444,"[[327.0,226.0,339.0,237.99999999999997]]","[{""bbox"":[326.4617004394531,226.11587524414062,338.3226623535156,238.6640167236328],""confidence"":0.5166565775871277},{""bbox"":[370.5112609863281,226.52752685546875,381.4151916503906,237.85092163085938],""confidence"":0.10303866118192673},{""bbox"":[327.5324401855469,224.02633666992188,342.7144775390625,237.74374389648438],""confidence"":0.012585540302097797},{""bbox"":[369.9357604980469,227.33364868164062,382.03228759765625,241.1923065185547],""confidence"":0.012214540503919125},{""bbox"":[367.9971008300781,224.83920288085938,380.3939514160156,237.75352478027344],""confidence"":0.011811783537268639},{""bbox"":[328.6180419921875,226.1314697265625,342.8252258300781,241.29974365234375],""confidence"":0.00816317554563284},{""bbox"":[367.8190002441406,226.9559783935547,380.2294006347656,241.48687744140625],""confidence"":0.007067833561450243}]",7,0.001
001_20200922_163332(2),3,576,444,"[[472.0,183.0,482.0,192.0]]","[{""bbox"":[471.3752746582031,180.4119873046875,483.88067626953125,192.74484252929688],""confidence"":0.5207642912864685},{""bbox"":[472.3633117675781,179.45315551757812,486.768798828125,192.71188354492188],""confidence"":0.07283300906419754},{""bbox"":[385.16070556640625,190.19384765625,396.644775390625,202.08248901367188],""confidence"":0.028261803090572357},{""bbox"":[468.42822265625,178.34783935546875,485.6251220703125,198.35877990722656],""confidence"":0.012849114835262299},{""bbox"":[382.62408447265625,190.48342895507812,394.7839660644531,203.0216827392578],""confidence"":0.012300281785428524},{""bbox"":[384.3966064453125,190.16432189941406,397.66436767578125,205.75282287597656],""confidence"":0.0025927149690687656},{""bbox"":[472.23516845703125,178.86141967773438,487.9566955566406,198.3614959716797],""confidence"":0.002300388179719448},{""bbox"":[381.372802734375,191.1287384033203,394.6603698730469,206.37594604492188],""confidence"":0.0011486969888210297}]",8,0.001
001_20200922_163335(3),3,576,444,"[[475.0,165.0,488.0,175.0]]","[{""bbox"":[472.8038635253906,163.1842041015625,487.1129150390625,177.76416015625],""confidence"":0.4876450002193451},{""bbox"":[472.1705017089844,160.1060333251953,488.7279968261719,179.8564910888672],""confidence"":0.02921832725405693},{""bbox"":[422.1822814941406,171.0080108642578,433.99676513671875,183.06430053710938],""confidence"":0.011311551555991173},{""bbox"":[470.0964050292969,161.480712890625,489.8564147949219,184.0768585205078],""confidence"":0.005607589613646269},{""bbox"":[418.55755615234375,171.21302795410156,431.749267578125,184.16952514648438],""confidence"":0.0018619114998728037}]",5,0.001
002_20200622_203053(2),3,352,332,"[[211.00000000000003,110.0,219.0,121.0],[214.0,135.0,221.99999999999997,143.0],[218.00000000000003,159.0,225.0,172.0]]","[{""bbox"":[212.01809692382812,112.03240966796875,221.57400512695312,121.5416259765625],""confidence"":0.4899060130119324},{""bbox"":[213.4135284423828,135.11805725097656,222.27587890625,144.0934295654297],""confidence"":0.4885414242744446},{""bbox"":[215.74508666992188,160.1523895263672,224.8595733642578,168.97152709960938],""confidence"":0.42766910791397095},{""bbox"":[210.6209259033203,110.55077362060547,221.8933868408203,123.42021942138672],""confidence"":0.03206581994891167},{""bbox"":[212.1441650390625,134.00094604492188,223.39442443847656,147.05657958984375],""confidence"":0.019913166761398315},{""bbox"":[217.63125610351562,159.83522033691406,227.0197296142578,169.67584228515625],""confidence"":0.006800796836614609},{""bbox"":[212.89132690429688,159.42538452148438,223.8928680419922,169.17935180664062],""confidence"":0.0020862133242189884},{""bbox"":[208.2420654296875,111.6954574584961,220.6135711669922,121.88285827636719],""confidence"":0.0019989809952676296},{""bbox"":[212.98109436035156,111.79914855957031,223.5432891845703,125.28250885009766],""confidence"":0.001593831111676991},{""bbox"":[2.087143659591675,0.0,8.531448364257812,0.0],""confidence"":0.0012679066276177764}]",10,0.001
002_20200622_203057(3),3,352,332,"[[203.00000000000003,111.0,210.0,121.99999999999999],[204.0,134.0,212.0,143.0],[209.0,158.0,215.99999999999997,169.99999999999997]]","[{""bbox"":[201.9320526123047,112.22672271728516,210.89646911621094,121.58112335205078],""confidence"":0.49128252267837524},{""bbox"":[204.26644897460938,134.3506317138672,213.5553741455078,143.6280517578125],""confidence"":0.46639829874038696},{""bbox"":[209.1042022705078,159.7723846435547,217.88426208496094,168.4792022705078],""confidence"":0.41111937165260315},{""bbox"":[201.01026916503906,110.48130798339844,211.7055206298828,123.31172943115234],""confidence"":0.0426027774810791},{""bbox"":[204.62307739257812,132.48695373535156,214.58065795898438,144.34042358398438],""confidence"":0.013739877380430698},{""bbox"":[202.92308044433594,133.58692932128906,214.483154296875,147.1400146484375],""confidence"":0.0101414630189538},{""bbox"":[203.7931671142578,111.44197082519531,213.83583068847656,121.83805847167969],""confidence"":0.0032075257040560246},{""bbox"":[2.087111234664917,0.0,8.531450271606445,0.0],""confidence"":0.0012681343359872699}]",8,0.001
002_20200622_203101(3),3,352,332,"[[210.00000000000003,117.0,217.0,123.0],[210.00000000000003,137.0,217.0,145.0],[213.00000000000003,162.0,220.0,171.0]]","[{""bbox"":[209.01927185058594,115.19937133789062,218.31106567382812,124.42857360839844],""confidence"":0.49302029609680176},{""bbox"":[210.41001892089844,137.58702087402344,218.7803955078125,146.22218322753906],""confidence"":0.4583761394023895},{""bbox"":[212.6101837158203,163.3562469482422,220.98452758789062,171.8767547607422],""confidence"":0.365950345993042},{""bbox"":[208.2879638671875,137.30276489257812,218.5824737548828,147.80409240722656],""confidence"":0.03720840811729431},{""bbox"":[213.91168212890625,162.97238159179688,222.80528259277344,171.96775817871094],""confidence"":0.019143518060445786},{""bbox"":[2.087099552154541,0.0,8.531449317932129,0.0],""confidence"":0.0012682152446359396}]",6,0.001
002_20200622_203105(4),3,352,332,"[[206.0,123.0,215.0,134.0],[208.0,147.0,214.99999999999997,156.0],[210.99999999999997,173.0,217.0,181.99999999999997]]","[{""bbox"":[205.34934997558594,125.04216766357422,214.80003356933594,134.51654052734375],""confidence"":0.47786539793014526},{""bbox"":[206.81349182128906,147.06907653808594,216.68731689453125,156.80001831054688],""confidence"":0.47339069843292236},{""bbox"":[210.9424591064453,173.42955017089844,218.7349090576172,181.60899353027344],""confidence"":0.4464353024959564},{""bbox"":[204.67335510253906,123.8044662475586,215.58291625976562,136.4358673095703],""confidence"":0.06629841774702072},{""bbox"":[208.4322052001953,146.9921417236328,218.43104553222656,157.40541076660156],""confidence"":0.018085209652781487},{""bbox"":[208.590087890625,173.81948852539062,217.8941650390625,182.83047485351562],""confidence"":0.014407780021429062},{""bbox"":[205.37857055664062,146.3377685546875,217.50291442871094,160.5122833251953],""confidence"":0.012696363031864166},{""bbox"":[204.13426208496094,147.33917236328125,215.49143981933594,158.1436004638672],""confidence"":0.005352991167455912},{""bbox"":[2.0870978832244873,0.0,8.531448364257812,0.0],""confidence"":0.0012682242086157203}]",9,0.001
002_20200622_203109(3),3,352,332,"[[201.0,119.0,209.0,127.0],[203.99999999999997,140.0,210.0,150.0],[205.0,166.99999999999997,213.0,175.0]]","[{""bbox"":[201.82650756835938,118.19466400146484,210.13841247558594,127.2034683227539],""confidence"":0.5483585596084595},{""bbox"":[202.58523559570312,140.6981201171875,211.53045654296875,149.8257598876953],""confidence"":0.5048463344573975},{""bbox"":[205.3829345703125,167.12966918945312,213.58494567871094,175.63023376464844],""confidence"":0.5046306848526001},{""bbox"":[201.7495574951172,139.70980834960938,212.3909454345703,151.5111083984375],""confidence"":0.09001070261001587},{""bbox"":[199.5648651123047,117.94506072998047,210.46926879882812,127.81590270996094],""confidence"":0.04540199041366577},{""bbox"":[200.8507843017578,117.29322814941406,211.13072204589844,129.37774658203125],""confidence"":0.02658572606742382},{""bbox"":[205.29058837890625,166.6184539794922,214.72975158691406,177.70358276367188],""confidence"":0.022071536630392075},{""bbox"":[204.27830505371094,140.67892456054688,213.8441619873047,150.11029052734375],""confidence"":0.006949061527848244},{""bbox"":[203.59580993652344,167.0726776123047,213.27969360351562,177.83836364746094],""confidence"":0.006345096509903669},{""bbox"":[199.81072998046875,140.59156799316406,210.6923065185547,150.5841522216797],""confidence"":0.0021591256372630596},{""bbox"":[2.087110996246338,0.0,8.531451225280762,0.0],""confidence"":0.001268133637495339}]",11,0.001
002_20200623_043056(0),3,316,332,"[[151.0,143.0,163.0,154.0],[153.0,166.0,165.0,179.0],[158.0,198.0,167.99999999999997,212.00000000000003]]","[{""bbox"":[151.84950256347656,143.88223266601562,162.8417205810547,155.05599975585938],""confidence"":0.588103711605072},{""bbox"":[157.1900177001953,199.88584899902344,168.32154846191406,210.2111358642578],""confidence"":0.5795442461967468},{""bbox"":[153.3828125,167.70167541503906,164.8196563720703,178.15069580078125],""confidence"":0.5490604639053345},{""bbox"":[152.4029541015625,166.3645477294922,165.0003662109375,180.2154541015625],""confidence"":0.2582598626613617},{""bbox"":[154.8956756591797,166.8802032470703,165.96754455566406,178.95457458496094],""confidence"":0.15703381597995758},{""bbox"":[150.8826141357422,141.91712951660156,164.0771026611328,156.03952026367188],""confidence"":0.1329176425933838},{""bbox"":[158.5946502685547,198.8336181640625,169.99786376953125,211.95762634277344],""confidence"":0.0555594339966774},{""bbox"":[150.06817626953125,143.83360290527344,162.8328094482422,157.61175537109375],""confidence"":0.028429603204131126},{""bbox"":[154.15188598632812,197.99656677246094,167.37332153320312,211.7902374267578],""confidence"":0.01469652634114027},{""bbox"":[156.0635986328125,200.6917266845703,170.69482421875,215.41233825683594],""confidence"":0.007173077668994665},{""bbox"":[154.63771057128906,167.8929901123047,168.15667724609375,182.53065490722656],""confidence"":0.006281163543462753},{""bbox"":[153.8616180419922,143.28887939453125,165.8787384033203,156.0884552001953],""confidence"":0.005476448219269514},{""bbox"":[154.46920776367188,196.23129272460938,169.41468811035156,210.4090576171875],""confidence"":0.002952594542875886},{""bbox"":[0.0,322.80889892578125,0.9522372484207153,331.7694396972656],""confidence"":0.001747286762110889},{""bbox"":[149.27027893066406,164.70059204101562,163.24905395507812,179.38140869140625],""confidence"":0.0015240395441651344}]",15,0.001
002_20200623_043100(6),3,316,332,"[[153.0,145.0,164.0,157.0],[154.99999999999997,166.99999999999997,167.99999999999997,180.0],[159.0,198.00000000000003,169.0,213.0]]","[{""bbox"":[153.5183563232422,144.79000854492188,164.53787231445312,155.64527893066406],""confidence"":0.611588180065155},{""bbox"":[158.583984375,200.84837341308594,169.9074249267578,211.2574462890625],""confidence"":0.5776616930961609},{""bbox"":[154.9177703857422,168.27272033691406,166.35902404785156,179.70956420898438],""confidence"":0.576852560043335},{""bbox"":[157.4033966064453,199.8155517578125,170.719482421875,213.6861572265625],""confidence"":0.2530415952205658},{""bbox"":[153.7746124267578,167.9337615966797,167.5926055908203,181.872314453125],""confidence"":0.13637346029281616},{""bbox"":[152.58815002441406,166.45037841796875,166.20602416992188,180.7176513671875],""confidence"":0.11965790390968323},{""bbox"":[155.13589477539062,144.0354766845703,166.28562927246094,157.06680297851562],""confidence"":0.050669461488723755},{""bbox"":[151.37159729003906,142.05899047851562,165.5220947265625,156.28700256347656],""confidence"":0.027117379009723663},{""bbox"":[159.15164184570312,200.9521026611328,172.14939880371094,215.1940155029297],""confidence"":0.017746394500136375},{""bbox"":[150.02633666992188,143.10743713378906,163.66392517089844,157.32443237304688],""confidence"":0.004362686537206173},{""bbox"":[154.7197265625,199.01812744140625,167.8502655029297,212.9825439453125],""confidence"":0.0025114156305789948},{""bbox"":[150.06141662597656,166.45298767089844,163.6546173095703,181.35191345214844],""confidence"":0.0022345399484038353},{""bbox"":[0.0,322.8035888671875,0.9674419164657593,331.7706604003906],""confidence"":0.0017014163313433528}]",13,0.001
002_20200623_043105(0),3,316,332,"[[148.0,143.0,161.00000000000003,157.0],[151.0,165.0,162.0,179.0],[155.00000000000003,198.0,165.0,212.00000000000003]]","[{""bbox"":[149.48684692382812,144.79324340820312,160.25262451171875,155.50064086914062],""confidence"":0.6196868419647217},{""bbox"":[150.74253845214844,168.25155639648438,162.14974975585938,179.6360626220703],""confidence"":0.5763757228851318},{""bbox"":[154.0464324951172,200.59600830078125,164.99786376953125,210.67054748535156],""confidence"":0.5707334876060486},{""bbox"":[153.20413208007812,199.67486572265625,165.64190673828125,212.76016235351562],""confidence"":0.30614766478538513},{""bbox"":[149.31793212890625,167.00767517089844,163.07943725585938,181.19186401367188],""confidence"":0.14700256288051605},{""bbox"":[151.02099609375,143.9935760498047,161.99276733398438,156.92974853515625],""confidence"":0.041430599987506866},{""bbox"":[147.27371215820312,142.0443878173828,161.47442626953125,156.27505493164062],""confidence"":0.023327140137553215},{""bbox"":[152.52378845214844,200.65542602539062,167.1161346435547,215.24131774902344],""confidence"":0.016211973503232002},{""bbox"":[145.8230438232422,143.22683715820312,159.52438354492188,157.3358612060547],""confidence"":0.0037009494844824076},{""bbox"":[150.8577423095703,199.05213928222656,163.597412109375,212.20973205566406],""confidence"":0.003599142422899604},{""bbox"":[146.3452911376953,167.25498962402344,159.14413452148438,180.64601135253906],""confidence"":0.0018438911065459251},{""bbox"":[0.0,322.8081359863281,0.9597065448760986,331.76934814453125],""confidence"":0.0017573661170899868}]",12,0.001
002_20200623_043109(4),3,316,332,"[[146.0,145.0,159.0,159.0],[149.0,168.0,160.0,181.0],[151.0,197.00000000000003,163.0,213.0]]","[{""bbox"":[150.2330322265625,169.01177978515625,161.07916259765625,179.93136596679688],""confidence"":0.5922912359237671},{""bbox"":[148.90267944335938,145.62075805664062,159.67576599121094,155.9131622314453],""confidence"":0.5916183590888977},{""bbox"":[152.7667694091797,201.1934051513672,164.27830505371094,211.74667358398438],""confidence"":0.5549100041389465},{""bbox"":[151.7871856689453,199.76739501953125,164.59181213378906,213.84310913085938],""confidence"":0.2277936041355133},{""bbox"":[149.35659790039062,168.1680908203125,162.53025817871094,181.7411346435547],""confidence"":0.1535491645336151},{""bbox"":[154.32388305664062,199.56582641601562,166.20542907714844,213.44175720214844],""confidence"":0.03403165191411972},{""bbox"":[146.79624938964844,144.9335174560547,159.1490478515625,157.0751190185547],""confidence"":0.02428765408694744},{""bbox"":[150.2994842529297,144.63487243652344,161.72256469726562,157.46810913085938],""confidence"":0.02182983048260212},{""bbox"":[146.44676208496094,142.23727416992188,161.14613342285156,156.4104461669922],""confidence"":0.004870254546403885},{""bbox"":[149.26576232910156,198.44996643066406,163.2091827392578,212.91131591796875],""confidence"":0.0045431689359247684},{""bbox"":[145.8664093017578,167.29412841796875,159.4569091796875,181.77029418945312],""confidence"":0.0034469279926270247},{""bbox"":[147.41001892089844,146.98292541503906,162.0951690673828,162.00958251953125],""confidence"":0.002095530740916729},{""bbox"":[0.0,322.79132080078125,0.9582985639572144,331.7559509277344],""confidence"":0.0016514434246346354}]",13,0.001
002_20200623_043115(4),3,316,332,"[[143.0,146.0,155.0,156.0],[146.0,168.0,156.0,182.00000000000003],[148.0,196.0,159.0,214.0]]","[{""bbox"":[143.46485900878906,144.56805419921875,154.3593292236328,155.675048828125],""confidence"":0.6047917604446411},{""bbox"":[145.43724060058594,168.50523376464844,156.4774932861328,179.4755401611328],""confidence"":0.5893787741661072},{""bbox"":[148.85415649414062,200.83363342285156,160.08206176757812,210.9452667236328],""confidence"":0.5679484009742737},{""bbox"":[148.05149841308594,199.6381072998047,160.22842407226562,213.057861328125],""confidence"":0.2776709198951721},{""bbox"":[143.6013641357422,166.78091430664062,156.7112579345703,180.8779754638672],""confidence"":0.14342333376407623},{""bbox"":[141.91331481933594,143.80335998535156,154.73765563964844,157.3177490234375],""confidence"":0.13118186593055725},{""bbox"":[150.50155639648438,199.76248168945312,161.4158477783203,211.79586791992188],""confidence"":0.06947524845600128},{""bbox"":[146.4371795654297,168.21778869628906,158.83123779296875,182.08921813964844],""confidence"":0.028890660032629967},{""bbox"":[147.8624267578125,200.76763916015625,161.8734893798828,215.1761474609375],""confidence"":0.022715207189321518},{""bbox"":[145.4757080078125,198.58091735839844,158.93914794921875,212.41738891601562],""confidence"":0.005039878189563751},{""bbox"":[145.53831481933594,143.81549072265625,157.7732391357422,157.41114807128906],""confidence"":0.003259385470300913},{""bbox"":[141.63372802734375,168.8109130859375,154.8107147216797,183.09645080566406],""confidence"":0.0020161441061645746},{""bbox"":[139.59336853027344,141.38555908203125,154.5724639892578,155.94602966308594],""confidence"":0.001988037256523967},{""bbox"":[150.54058837890625,201.01199340820312,163.8953094482422,215.57421875],""confidence"":0.0017097422387450933},{""bbox"":[0.0,322.8113708496094,0.9480172991752625,331.7666015625],""confidence"":0.001696827937848866},{""bbox"":[140.75088500976562,165.33787536621094,154.859619140625,179.82357788085938],""confidence"":0.0014307321980595589}]",16,0.001
002_20200623_043120(0),3,316,332,"[[151.0,143.99999999999997,164.0,157.0],[152.0,169.0,167.0,177.99999999999997],[157.0,200.00000000000003,166.99999999999997,212.00000000000003]]","[{""bbox"":[151.96075439453125,144.63987731933594,162.33474731445312,155.28501892089844],""confidence"":0.6104598045349121},{""bbox"":[153.7041778564453,167.8905792236328,165.24221801757812,179.19093322753906],""confidence"":0.5611908435821533},{""bbox"":[157.43002319335938,200.31495666503906,168.44775390625,210.4385528564453],""confidence"":0.5482733845710754},{""bbox"":[150.27398681640625,143.79092407226562,162.79547119140625,156.8038787841797],""confidence"":0.1221650093793869},{""bbox"":[152.31300354003906,167.72938537597656,165.8332977294922,182.16639709472656],""confidence"":0.10432305932044983},{""bbox"":[158.87831115722656,199.1342315673828,170.08651733398438,212.05181884765625],""confidence"":0.07129909098148346},{""bbox"":[156.24571228027344,200.68807983398438,170.6162872314453,215.36073303222656],""confidence"":0.009771881625056267},{""bbox"":[150.4798583984375,166.12193298339844,163.7283935546875,180.69610595703125],""confidence"":0.00935459602624178},{""bbox"":[155.046630859375,199.09593200683594,167.67413330078125,211.82278442382812],""confidence"":0.004242253955453634},{""bbox"":[154.015625,143.82505798339844,166.11253356933594,157.0268096923828],""confidence"":0.0024332567118108273},{""bbox"":[0.0,322.78521728515625,0.9784424901008606,331.75482177734375],""confidence"":0.0016254335641860962},{""bbox"":[147.8028106689453,141.30789184570312,162.68692016601562,155.8151092529297],""confidence"":0.0016027586534619331}]",12,0.001
002_20200623_123032(7),3,352,332,"[[212.0,142.0,221.99999999999997,152.0],[212.0,166.0,221.99999999999997,173.0],[214.00000000000003,193.0,221.0,200.00000000000003]]","[{""bbox"":[212.4613800048828,165.4751434326172,222.02212524414062,175.08265686035156],""confidence"":0.48551085591316223},{""bbox"":[212.81173706054688,142.73226928710938,222.107421875,151.70370483398438],""confidence"":0.4811304807662964},{""bbox"":[213.53379821777344,191.85336303710938,222.36648559570312,200.92835998535156],""confidence"":0.4639590084552765},{""bbox"":[211.74375915527344,141.36676025390625,222.432373046875,153.60049438476562],""confidence"":0.0635921061038971},{""bbox"":[211.34744262695312,164.5258026123047,222.96987915039062,177.9145965576172],""confidence"":0.02438380941748619},{""bbox"":[212.25680541992188,189.9217071533203,223.6481475830078,203.4692840576172],""confidence"":0.016049601137638092},{""bbox"":[212.9918212890625,163.36717224121094,223.3468475341797,176.07626342773438],""confidence"":0.002447672188282013},{""bbox"":[213.1848907470703,142.6248321533203,223.73049926757812,156.0330352783203],""confidence"":0.0022575915791094303},{""bbox"":[208.4891357421875,166.09349060058594,219.22657775878906,176.18923950195312],""confidence"":0.001726027694530785},{""bbox"":[2.087110757827759,0.0,8.531452178955078,0.0],""confidence"":0.0012681378284469247}]",10,0.001
002_20200623_123036(5),3,352,332,"[[200.00000000000003,168.0,206.99999999999997,175.0],[202.0,188.00000000000003,211.00000000000003,196.99999999999997],[208.0,214.99999999999997,214.99999999999997,222.0]]","[{""bbox"":[198.72711181640625,166.07077026367188,208.1346893310547,175.790771484375],""confidence"":0.5185685753822327},{""bbox"":[202.0598602294922,188.8024444580078,211.17849731445312,198.15432739257812],""confidence"":0.4949128329753876},{""bbox"":[207.1316375732422,214.47845458984375,215.85946655273438,223.46376037597656],""confidence"":0.46936964988708496},{""bbox"":[201.14598083496094,187.7554473876953,212.1436767578125,199.99317932128906],""confidence"":0.094906747341156},{""bbox"":[206.21600341796875,214.40231323242188,216.1389923095703,226.17398071289062],""confidence"":0.014927257783710957},{""bbox"":[200.04736328125,165.5375518798828,209.92970275878906,177.88223266601562],""confidence"":0.006305141374468803},{""bbox"":[199.74400329589844,188.9596710205078,210.4076385498047,198.8240203857422],""confidence"":0.005341299809515476},{""bbox"":[208.91575622558594,213.9368133544922,218.2472686767578,223.43478393554688],""confidence"":0.0045718541368842125},{""bbox"":[204.13973999023438,214.75718688964844,214.18922424316406,224.17909240722656],""confidence"":0.003933675121515989},{""bbox"":[195.44517517089844,166.5753173828125,206.27235412597656,176.529052734375],""confidence"":0.0016990392468869686},{""bbox"":[205.67031860351562,211.99627685546875,216.50306701660156,224.94081115722656],""confidence"":0.001531829941086471},{""bbox"":[203.86300659179688,188.47271728515625,213.99755859375,198.58998107910156],""confidence"":0.0014901827089488506},{""bbox"":[2.0871129035949707,0.0,8.531452178955078,0.0],""confidence"":0.0012681282823905349}]",13,0.001
002_20200623_123040(5),3,352,332,"[[203.0,165.99999999999997,212.0,174.99999999999997],[207.00000000000003,187.99999999999997,215.0,196.0],[212.0,214.0,220.0,221.00000000000003]]","[{""bbox"":[204.29673767089844,165.62889099121094,213.2471923828125,174.87234497070312],""confidence"":0.5098782181739807},{""bbox"":[206.8914794921875,187.7053680419922,216.49661254882812,197.3746795654297],""confidence"":0.49572131037712097},{""bbox"":[211.75619506835938,213.5029754638672,220.98745727539062,222.75244140625],""confidence"":0.47922641038894653},{""bbox"":[205.7801055908203,186.79345703125,217.26669311523438,200.0502166748047],""confidence"":0.042220305651426315},{""bbox"":[212.63360595703125,212.9945831298828,222.80657958984375,223.0692138671875],""confidence"":0.04179522395133972},{""bbox"":[210.64805603027344,211.88645935058594,221.49114990234375,224.68467712402344],""confidence"":0.016482453793287277},{""bbox"":[208.52525329589844,187.54071044921875,218.4004364013672,197.68743896484375],""confidence"":0.01564626395702362},{""bbox"":[203.71531677246094,163.3328094482422,214.90383911132812,177.16253662109375],""confidence"":0.007112579885870218},{""bbox"":[208.64212036132812,213.9454345703125,219.26312255859375,223.80079650878906],""confidence"":0.00517750158905983},{""bbox"":[204.12425231933594,188.19044494628906,215.18807983398438,198.5077667236328],""confidence"":0.0047188615426421165},{""bbox"":[208.86773681640625,187.00628662109375,219.28074645996094,200.1580047607422],""confidence"":0.0016071299323812127},{""bbox"":[2.087113618850708,0.0,8.531450271606445,0.0],""confidence"":0.0012681282823905349}]",12,0.001
002_20200623_123042(0),3,316,332,"[[158.0,121.0,170.0,134.0],[160.0,144.0,172.0,156.0],[163.0,168.00000000000003,172.99999999999997,184.0]]","[{""bbox"":[160.2933349609375,143.6349639892578,171.67259216308594,154.99977111816406],""confidence"":0.5778115391731262},{""bbox"":[158.35049438476562,121.0299301147461,170.1409149169922,132.07334899902344],""confidence"":0.5549396276473999},{""bbox"":[163.03677368164062,169.75982666015625,174.3241729736328,180.8087921142578],""confidence"":0.5519241094589233},{""bbox"":[159.4458770751953,120.00572967529297,171.08982849121094,133.55763244628906],""confidence"":0.30147579312324524},{""bbox"":[159.37142944335938,143.06021118164062,172.65394592285156,157.14476013183594],""confidence"":0.21127527952194214},{""bbox"":[156.88734436035156,121.8113021850586,171.7192840576172,136.71719360351562],""confidence"":0.014633583836257458},{""bbox"":[163.36354064941406,167.15687561035156,176.3813018798828,181.22523498535156],""confidence"":0.010707519017159939},{""bbox"":[162.32179260253906,143.48348999023438,174.1419219970703,156.1470184326172],""confidence"":0.00834668055176735},{""bbox"":[156.83837890625,117.19194030761719,172.2509307861328,131.73809814453125],""confidence"":0.006279664114117622},{""bbox"":[159.64918518066406,166.76097106933594,174.62216186523438,181.08058166503906],""confidence"":0.003234896110370755},{""bbox"":[269.7298278808594,144.52731323242188,281.3372497558594,156.56881713867188],""confidence"":0.002078753663226962},{""bbox"":[157.19107055664062,141.1520538330078,171.1212615966797,155.12240600585938],""confidence"":0.0019348061177879572},{""bbox"":[0.0,322.8203430175781,0.9490146636962891,331.7760009765625],""confidence"":0.0018104834016412497},{""bbox"":[154.49053955078125,118.84868621826172,167.68247985839844,133.00685119628906],""confidence"":0.0012512762332335114},{""bbox"":[158.47348022460938,168.68408203125,171.4114532470703,181.78884887695312],""confidence"":0.0010077322367578745}]",15,0.001
002_20200623_123044(3),3,352,332,"[[199.0,150.0,208.0,158.0],[200.00000000000003,172.0,208.0,184.0],[202.00000000000003,205.0,209.0,216.0]]","[{""bbox"":[199.8061065673828,150.619140625,208.44305419921875,159.27894592285156],""confidence"":0.5269814729690552},{""bbox"":[202.4283905029297,206.31845092773438,210.028076171875,214.48057556152344],""confidence"":0.518886387348175},{""bbox"":[200.100830078125,173.78335571289062,209.05528259277344,182.45773315429688],""confidence"":0.4831082820892334},{""bbox"":[200.306884765625,149.44638061523438,209.77304077148438,160.32875061035156],""confidence"":0.07934537529945374},{""bbox"":[198.29266357421875,172.1863250732422,209.1275634765625,184.50022888183594],""confidence"":0.03465975448489189},{""bbox"":[199.85537719726562,205.96359252929688,209.34214782714844,215.0361785888672],""confidence"":0.025660665705800056},{""bbox"":[201.09735107421875,205.34625244140625,211.3069305419922,217.38226318359375],""confidence"":0.013183694332838058},{""bbox"":[199.9781494140625,173.32313537597656,210.57896423339844,186.8138427734375],""confidence"":0.0034082976635545492},{""bbox"":[2.087108612060547,0.0,8.531452178955078,0.0],""confidence"":0.0012681541265919805}]",9,0.001
002_20200623_123046(4),3,316,332,"[[169.00000000000003,173.0,177.0,181.99999999999997],[163.0,146.0,173.99999999999997,156.0],[161.00000000000003,125.0,172.0,134.0]]","[{""bbox"":[163.61668395996094,145.43463134765625,174.54119873046875,156.03271484375],""confidence"":0.5670819878578186},{""bbox"":[161.57400512695312,122.91258239746094,173.08984375,134.31228637695312],""confidence"":0.5570570230484009},{""bbox"":[166.9381866455078,171.2814178466797,178.47352600097656,181.97215270996094],""confidence"":0.5315878987312317},{""bbox"":[166.1273193359375,170.43499755859375,179.05319213867188,184.0872344970703],""confidence"":0.30805057287216187},{""bbox"":[161.9531707763672,144.38775634765625,174.80860900878906,157.84239196777344],""confidence"":0.19962847232818604},{""bbox"":[159.62026977539062,120.44007873535156,173.30902099609375,135.03448486328125],""confidence"":0.17942100763320923},{""bbox"":[165.5162353515625,171.52813720703125,180.25157165527344,186.33480834960938],""confidence"":0.03223986178636551},{""bbox"":[162.75987243652344,120.7162857055664,175.0150909423828,134.86923217773438],""confidence"":0.02194133587181568},{""bbox"":[161.44676208496094,146.61460876464844,176.49766540527344,161.89854431152344],""confidence"":0.002986309351399541},{""bbox"":[161.64768981933594,142.35726928710938,176.69558715820312,156.54525756835938],""confidence"":0.0028296918608248234},{""bbox"":[156.9843292236328,118.52259826660156,171.16940307617188,133.34906005859375],""confidence"":0.0027336040511727333},{""bbox"":[280.7375183105469,89.96617889404297,288.8555908203125,97.04975891113281],""confidence"":0.0018886971520259976},{""bbox"":[162.5982208251953,169.79873657226562,175.81118774414062,183.70925903320312],""confidence"":0.0015872522490099072},{""bbox"":[0.0,322.7823791503906,0.9446146488189697,331.7541198730469],""confidence"":0.0015838585095480084},{""bbox"":[270.12054443359375,163.34747314453125,282.95587158203125,176.67086791992188],""confidence"":0.0014560921117663383},{""bbox"":[179.32461547851562,145.51963806152344,192.10421752929688,158.33767700195312],""confidence"":0.0014514066278934479},{""bbox"":[183.0205078125,145.32498168945312,195.60919189453125,157.97817993164062],""confidence"":0.0010734606767073274}]",17,0.001
002_20200623_123048(4),3,352,332,"[[195.99999999999997,170.0,205.0,178.99999999999997],[200.00000000000003,194.00000000000003,208.0,205.0],[205.0,225.00000000000003,211.99999999999997,234.0]]","[{""bbox"":[196.75021362304688,171.33956909179688,205.1802215576172,180.17555236816406],""confidence"":0.5434653162956238},{""bbox"":[199.9135284423828,194.75686645507812,209.024169921875,203.73411560058594],""confidence"":0.5009030103683472},{""bbox"":[205.6636505126953,226.04812622070312,213.8317413330078,234.4158172607422],""confidence"":0.4602062404155731},{""bbox"":[195.620849609375,170.35366821289062,206.10198974609375,182.1205291748047],""confidence"":0.045885417610406876},{""bbox"":[203.6617431640625,224.84547424316406,213.74456787109375,235.1529083251953],""confidence"":0.016400394961237907},{""bbox"":[2.0871124267578125,0.0,8.531452178955078,0.0],""confidence"":0.0012681324733421206}]",6,0.001
002_20200623_123051(1),3,316,332,"[[165.0,141.0,176.0,153.0],[166.0,163.0,177.0,175.0],[167.0,190.0,178.0,201.0]]","[{""bbox"":[165.84716796875,163.79904174804688,177.32691955566406,175.04568481445312],""confidence"":0.5639215111732483},{""bbox"":[164.44647216796875,141.43765258789062,175.56654357910156,152.4219512939453],""confidence"":0.5638126134872437},{""bbox"":[167.90292358398438,189.7595977783203,179.24746704101562,201.11929321289062],""confidence"":0.5535399317741394},{""bbox"":[164.52682495117188,163.5155487060547,177.91546630859375,177.85659790039062],""confidence"":0.13561172783374786},{""bbox"":[166.9062957763672,187.83876037597656,180.76608276367188,202.12965393066406],""confidence"":0.05907008424401283},{""bbox"":[162.09288024902344,139.7671661376953,175.6051483154297,154.1444854736328],""confidence"":0.04954402893781662},{""bbox"":[167.0042266845703,162.48565673828125,178.46434020996094,176.02520751953125],""confidence"":0.04170481860637665},{""bbox"":[167.43035888671875,163.92361450195312,179.82229614257812,177.9056396484375],""confidence"":0.015341407619416714},{""bbox"":[162.6318359375,137.96485900878906,177.25685119628906,152.2840576171875],""confidence"":0.012266155332326889},{""bbox"":[163.31045532226562,162.83140563964844,175.96861267089844,176.07269287109375],""confidence"":0.010198879055678844},{""bbox"":[164.50917053222656,187.12408447265625,179.06057739257812,201.50857543945312],""confidence"":0.006000102497637272},{""bbox"":[163.8370819091797,142.83067321777344,178.005126953125,157.64247131347656],""confidence"":0.005243804305791855},{""bbox"":[166.53138732910156,140.4053955078125,178.68820190429688,154.4491424560547],""confidence"":0.005062900949269533},{""bbox"":[170.38304138183594,188.96224975585938,182.66168212890625,202.2579345703125],""confidence"":0.002397544914856553},{""bbox"":[0.0,322.808837890625,0.9572151303291321,331.7705078125],""confidence"":0.001771875424310565},{""bbox"":[162.38340759277344,164.59341430664062,175.3977508544922,178.71409606933594],""confidence"":0.0015966425416991115},{""bbox"":[270.15863037109375,190.4265594482422,282.6246032714844,203.09889221191406],""confidence"":0.0012842072173953056},{""bbox"":[266.2065124511719,167.34756469726562,279.1353759765625,180.26856994628906],""confidence"":0.0011025528656318784}]",18,0.001
002_20200623_123052(5),3,352,332,"[[197.0,198.00000000000003,205.0,207.0],[203.0,253.0,210.99999999999997,262.0],[200.00000000000003,222.0,210.0,230.00000000000003]]","[{""bbox"":[196.90476989746094,198.1607666015625,205.58082580566406,207.29176330566406],""confidence"":0.5194849371910095},{""bbox"":[202.67218017578125,253.572509765625,211.50650024414062,262.5657958984375],""confidence"":0.4924238622188568},{""bbox"":[198.79464721679688,221.5225067138672,208.2176513671875,230.51673889160156],""confidence"":0.4674889147281647},{""bbox"":[195.8761444091797,197.35475158691406,206.2962646484375,208.52651977539062],""confidence"":0.11496999114751816},{""bbox"":[200.00067138671875,220.7823028564453,209.54348754882812,231.2602996826172],""confidence"":0.06256070733070374},{""bbox"":[201.84117126464844,251.6244354248047,211.7916717529297,263.62420654296875],""confidence"":0.00778624415397644},{""bbox"":[204.2791748046875,253.52560424804688,213.7914581298828,263.0029602050781],""confidence"":0.007277024909853935},{""bbox"":[201.39100646972656,252.55166625976562,212.5760498046875,265.882080078125],""confidence"":0.0065742419101297855},{""bbox"":[199.85255432128906,253.58689880371094,210.46121215820312,263.4432678222656],""confidence"":0.004917668644338846},{""bbox"":[195.17408752441406,221.1181640625,207.20013427734375,231.2012481689453],""confidence"":0.001317403162829578},{""bbox"":[2.087113618850708,0.0,8.531450271606445,0.0],""confidence"":0.0012681258376687765},{""bbox"":[197.01173400878906,221.17247009277344,209.26991271972656,235.27813720703125],""confidence"":0.0010148856090381742}]",12,0.001
002_20200623_123055(5),3,316,332,"[[141.0,127.99999999999999,157.0,138.0],[148.0,181.0,160.0,195.99999999999997]]","[{""bbox"":[145.24560546875,151.6392364501953,156.34426879882812,162.5624237060547],""confidence"":0.5868244171142578},{""bbox"":[147.8932342529297,184.23497009277344,158.86944580078125,194.81861877441406],""confidence"":0.570254921913147},{""bbox"":[143.2080841064453,128.00314331054688,154.4534149169922,139.2845001220703],""confidence"":0.5462325811386108},{""bbox"":[147.03390502929688,183.06919860839844,159.46636962890625,196.7259063720703],""confidence"":0.2807524800300598},{""bbox"":[143.6646270751953,150.281005859375,156.459228515625,164.23284912109375],""confidence"":0.1923229694366455},{""bbox"":[141.67388916015625,126.99545288085938,154.83010864257812,141.00169372558594],""confidence"":0.09852578490972519},{""bbox"":[147.4733428955078,184.2808074951172,161.00010681152344,198.6058349609375],""confidence"":0.043145690113306046},{""bbox"":[143.08181762695312,125.4383544921875,156.19635009765625,139.62197875976562],""confidence"":0.028845718130469322},{""bbox"":[146.2061004638672,151.44558715820312,158.95530700683594,165.53440856933594],""confidence"":0.01673414744436741},{""bbox"":[149.6436767578125,184.16148376464844,161.47239685058594,195.93919372558594],""confidence"":0.008349481970071793},{""bbox"":[140.6809844970703,149.3824005126953,154.63157653808594,163.4048614501953],""confidence"":0.0033393213525414467},{""bbox"":[145.5280303955078,127.1508560180664,157.9261016845703,141.07363891601562],""confidence"":0.0024311174638569355},{""bbox"":[162.76817321777344,152.33786010742188,174.39239501953125,164.1671600341797],""confidence"":0.0024011891800910234},{""bbox"":[0.0,322.818359375,0.9574199318885803,331.7716064453125],""confidence"":0.0018053665990009904},{""bbox"":[141.20028686523438,151.79579162597656,154.7155303955078,166.2880096435547],""confidence"":0.0016708218026906252},{""bbox"":[248.51148986816406,153.89268493652344,260.19769287109375,165.70582580566406],""confidence"":0.0014991608913987875},{""bbox"":[228.99615478515625,153.7650909423828,240.3468475341797,164.99464416503906],""confidence"":0.0012181521160528064},{""bbox"":[245.47747802734375,153.6749725341797,257.343505859375,165.40875244140625],""confidence"":0.0011821757070720196},{""bbox"":[139.51487731933594,124.22614288330078,154.5899658203125,139.0784149169922],""confidence"":0.001065821386873722}]",19,0.001
002_20200623_123100(0),3,316,332,"[[145.0,131.0,154.99999999999997,142.0],[146.0,156.0,156.0,166.0],[146.0,189.00000000000003,154.0,199.0]]","[{""bbox"":[145.74095153808594,132.62127685546875,156.37045288085938,143.12216186523438],""confidence"":0.602810800075531},{""bbox"":[145.21046447753906,155.87103271484375,156.3352813720703,166.84339904785156],""confidence"":0.5759551525115967},{""bbox"":[144.50148010253906,188.4895782470703,155.88986206054688,198.8180389404297],""confidence"":0.5508508086204529},{""bbox"":[143.50477600097656,154.28892517089844,156.63665771484375,168.4680633544922],""confidence"":0.20614852011203766},{""bbox"":[147.07272338867188,131.69187927246094,158.19813537597656,144.63922119140625],""confidence"":0.07071081548929214},{""bbox"":[143.71987915039062,188.35482788085938,157.61949157714844,202.79092407226562],""confidence"":0.05099564418196678},{""bbox"":[145.99513244628906,187.85198974609375,157.4656982421875,200.1045379638672],""confidence"":0.046187616884708405},{""bbox"":[146.1852569580078,154.24325561523438,157.94578552246094,167.93621826171875],""confidence"":0.033057890832424164},{""bbox"":[143.1351776123047,129.51547241210938,157.45411682128906,143.702880859375],""confidence"":0.01226801611483097},{""bbox"":[142.54173278808594,187.00904846191406,155.3656005859375,200.30514526367188],""confidence"":0.011367462575435638},{""bbox"":[244.7345733642578,207.7019500732422,257.01251220703125,220.14022827148438],""confidence"":0.003499058075249195},{""bbox"":[241.7516632080078,207.52821350097656,254.1527099609375,219.96783447265625],""confidence"":0.003434190060943365},{""bbox"":[146.5099334716797,188.67955017089844,160.25733947753906,203.295166015625],""confidence"":0.0029366686940193176},{""bbox"":[140.23548889160156,153.18167114257812,154.66661071777344,167.7740478515625],""confidence"":0.0024052797816693783},{""bbox"":[0.0,322.7981262207031,0.9560732841491699,331.7613220214844],""confidence"":0.0017569470219314098},{""bbox"":[142.56918334960938,131.73599243164062,154.99131774902344,144.01243591308594],""confidence"":0.0015766983851790428},{""bbox"":[244.85646057128906,174.94017028808594,257.21331787109375,187.4242401123047],""confidence"":0.001135359751060605}]",17,0.001
002_20200623_123104(5),3,316,332,"[[152.0,126.0,162.0,135.0],[154.0,148.0,164.0,159.0],[157.99999999999997,182.00000000000003,166.99999999999997,192.0]]","[{""bbox"":[154.27890014648438,148.59291076660156,164.98831176757812,159.52528381347656],""confidence"":0.63104248046875},{""bbox"":[157.69427490234375,180.83224487304688,169.00193786621094,191.96783447265625],""confidence"":0.5727074146270752},{""bbox"":[151.99935913085938,125.30908966064453,163.12564086914062,136.14120483398438],""confidence"":0.5354627966880798},{""bbox"":[153.01988220214844,147.7095184326172,165.66163635253906,161.15272521972656],""confidence"":0.25386008620262146},{""bbox"":[155.96420288085938,179.01536560058594,168.95431518554688,193.0069122314453],""confidence"":0.1494612842798233},{""bbox"":[158.67758178710938,179.10475158691406,170.5518798828125,192.8858642578125],""confidence"":0.0354645662009716},{""bbox"":[149.76707458496094,123.43438720703125,163.1064910888672,137.46514892578125],""confidence"":0.018840016797184944},{""bbox"":[150.24095153808594,126.10791778564453,164.90257263183594,141.40211486816406],""confidence"":0.018709296360611916},{""bbox"":[154.39218139648438,146.3725128173828,167.01100158691406,160.23336791992188],""confidence"":0.011384645476937294},{""bbox"":[150.10482788085938,147.15460205078125,163.595947265625,161.57232666015625],""confidence"":0.00802753958851099},{""bbox"":[154.29922485351562,123.93377685546875,166.19215393066406,137.5443115234375],""confidence"":0.005526810884475708},{""bbox"":[153.1675262451172,177.50608825683594,167.0254669189453,191.6719970703125],""confidence"":0.002424482721835375},{""bbox"":[0.0,322.8095397949219,0.9752228856086731,331.76507568359375],""confidence"":0.0017998189432546496},{""bbox"":[150.0162353515625,121.281005859375,165.159912109375,135.59188842773438],""confidence"":0.0017948569729924202},{""bbox"":[249.77207946777344,148.64837646484375,261.9627685546875,160.9182891845703],""confidence"":0.001554418820887804},{""bbox"":[253.00672912597656,148.4184112548828,265.1834411621094,160.88963317871094],""confidence"":0.0010776401031762362}]",16,0.001
002_20200623_203033(6),3,316,332,"[[145.0,144.0,158.0,159.0],[147.0,166.99999999999997,158.0,180.0],[150.0,200.00000000000003,164.0,212.00000000000003]]","[{""bbox"":[146.11129760742188,144.82257080078125,156.6812744140625,155.50132751464844],""confidence"":0.6244291067123413},{""bbox"":[149.98606872558594,200.6451873779297,161.01792907714844,210.7740478515625],""confidence"":0.58656907081604},{""bbox"":[147.29901123046875,168.31431579589844,158.2908477783203,179.369384765625],""confidence"":0.5711854100227356},{""bbox"":[149.00979614257812,199.7490234375,161.69615173339844,213.09341430664062],""confidence"":0.2837841808795929},{""bbox"":[147.14471435546875,143.91015625,158.09268188476562,156.82199096679688],""confidence"":0.12794634699821472},{""bbox"":[146.052978515625,166.98716735839844,159.0030517578125,180.81883239746094],""confidence"":0.12578751146793365},{""bbox"":[143.5027618408203,142.1511688232422,157.60508728027344,156.19801330566406],""confidence"":0.013483895920217037},{""bbox"":[150.83804321289062,200.89816284179688,163.9892578125,215.2713165283203],""confidence"":0.007364062126725912},{""bbox"":[146.7195281982422,198.95118713378906,159.5721435546875,212.22901916503906],""confidence"":0.0029347215313464403},{""bbox"":[142.62933349609375,143.9193878173828,155.1245574951172,156.44161987304688],""confidence"":0.0019554798491299152},{""bbox"":[0.0,322.8297424316406,0.9508016109466553,331.7823486328125],""confidence"":0.0018504962790757418}]",11,0.001
002_20200623_203038(0),3,316,332,"[[147.0,146.0,158.0,156.0],[149.0,169.0,160.0,180.0],[152.0,200.00000000000003,163.0,212.00000000000003]]","[{""bbox"":[147.8078155517578,145.17227172851562,158.04774475097656,155.54891967773438],""confidence"":0.6004782319068909},{""bbox"":[149.3814239501953,168.44650268554688,160.40257263183594,179.39930725097656],""confidence"":0.5939639806747437},{""bbox"":[151.78475952148438,200.88746643066406,162.3611602783203,211.06021118164062],""confidence"":0.558837354183197},{""bbox"":[150.68434143066406,199.75222778320312,163.04600524902344,213.1471405029297],""confidence"":0.26401790976524353},{""bbox"":[147.8467254638672,166.87628173828125,160.69566345214844,180.83909606933594],""confidence"":0.1522357016801834},{""bbox"":[146.15476989746094,144.29141235351562,158.35296630859375,156.83360290527344],""confidence"":0.13732773065567017},{""bbox"":[151.44549560546875,200.92416381835938,164.5377197265625,215.13893127441406],""confidence"":0.024991443380713463},{""bbox"":[150.46188354492188,168.19183349609375,162.82595825195312,182.08746337890625],""confidence"":0.01543388981372118},{""bbox"":[147.0956268310547,142.4386444091797,160.004638671875,156.31134033203125],""confidence"":0.005793238524347544},{""bbox"":[146.00132751464844,168.77796936035156,159.05796813964844,183.0123748779297],""confidence"":0.002239952329546213},{""bbox"":[0.0,322.82220458984375,0.947159469127655,331.776611328125],""confidence"":0.0018462120788171887},{""bbox"":[145.1424560546875,165.5108642578125,159.10267639160156,179.86962890625],""confidence"":0.0015626447275280952},{""bbox"":[249.03964233398438,171.24508666992188,261.2135314941406,183.61282348632812],""confidence"":0.001146737253293395},{""bbox"":[245.96678161621094,171.40138244628906,258.0022888183594,183.43873596191406],""confidence"":0.0010202742414548993}]",14,0.001
002_20200623_203042(5),3,316,332,"[[151.99999999999997,146.0,160.99999999999997,157.0],[153.0,168.00000000000003,163.0,178.0],[157.99999999999997,199.99999999999997,165.99999999999997,214.0]]","[{""bbox"":[151.60975646972656,144.78793334960938,162.1509246826172,155.53298950195312],""confidence"":0.6098564267158508},{""bbox"":[153.37161254882812,168.38279724121094,164.5692596435547,179.46414184570312],""confidence"":0.5759398937225342},{""bbox"":[156.34103393554688,200.83547973632812,166.86599731445312,210.9222869873047],""confidence"":0.5748624801635742},{""bbox"":[155.42547607421875,199.73715209960938,167.52651977539062,212.9493865966797],""confidence"":0.2911396622657776},{""bbox"":[151.9771728515625,166.77590942382812,164.8264923095703,180.73904418945312],""confidence"":0.17255093157291412},{""bbox"":[150.20541381835938,144.09544372558594,162.49888610839844,157.29312133789062],""confidence"":0.11777203530073166},{""bbox"":[155.78970336914062,200.85916137695312,169.2430419921875,215.1608123779297],""confidence"":0.02193240448832512},{""bbox"":[151.2585906982422,142.39227294921875,164.00811767578125,156.29710388183594],""confidence"":0.016407335177063942},{""bbox"":[154.6728973388672,168.2310791015625,167.18406677246094,182.22413635253906],""confidence"":0.00951261818408966},{""bbox"":[158.37095642089844,200.1463623046875,169.7836456298828,212.23007202148438],""confidence"":0.004370684735476971},{""bbox"":[0.0,322.81500244140625,0.9439368844032288,331.7729187011719],""confidence"":0.0017819061176851392},{""bbox"":[149.94024658203125,168.88140869140625,163.0762481689453,183.1018829345703],""confidence"":0.0015378965763375163},{""bbox"":[147.89373779296875,141.723876953125,162.6494903564453,155.99114990234375],""confidence"":0.001489003887400031},{""bbox"":[149.17796325683594,165.3304443359375,163.1686248779297,179.7410888671875],""confidence"":0.0013585129054263234},{""bbox"":[269.80230712890625,112.60314178466797,277.426025390625,119.3173828125],""confidence"":0.0011824161047115922}]",15,0.001
002_20200623_203047(0),3,316,332,"[[146.0,145.0,160.0,159.0],[150.0,169.0,160.0,178.99999999999997],[153.0,201.00000000000003,164.0,211.0]]","[{""bbox"":[147.5251007080078,144.9867401123047,157.92822265625,155.54176330566406],""confidence"":0.6029185056686401},{""bbox"":[152.1035919189453,200.69178771972656,162.88316345214844,211.03221130371094],""confidence"":0.5925135016441345},{""bbox"":[149.24765014648438,168.44500732421875,160.36410522460938,179.46299743652344],""confidence"":0.5909255743026733},{""bbox"":[151.23941040039062,199.6615753173828,163.49221801757812,213.16807556152344],""confidence"":0.31537488102912903},{""bbox"":[147.74057006835938,166.84011840820312,160.618896484375,180.837158203125],""confidence"":0.15831497311592102},{""bbox"":[146.09132385253906,144.173095703125,158.3397674560547,157.32704162597656],""confidence"":0.114225834608078},{""bbox"":[151.58123779296875,200.86111450195312,165.04225158691406,215.15536499023438],""confidence"":0.023924915120005608},{""bbox"":[150.40277099609375,168.23085021972656,162.95623779296875,182.22506713867188],""confidence"":0.013188987970352173},{""bbox"":[147.11468505859375,142.41636657714844,159.87808227539062,156.28431701660156],""confidence"":0.010489759966731071},{""bbox"":[153.7820281982422,200.57974243164062,165.57778930664062,212.12673950195312],""confidence"":0.005204988643527031},{""bbox"":[145.92697143554688,168.75906372070312,159.05650329589844,183.09320068359375],""confidence"":0.002432886278256774},{""bbox"":[145.09710693359375,165.4954071044922,159.04209899902344,179.82688903808594],""confidence"":0.0019687823951244354},{""bbox"":[0.0,322.8247375488281,0.9485634565353394,331.7777404785156],""confidence"":0.001827224506996572}]",13,0.001
002_20200623_203050(0),3,316,332,"[[147.0,130.0,160.0,140.0],[151.99999999999997,154.0,160.99999999999997,164.0],[156.0,185.00000000000003,165.0,196.0]]","[{""bbox"":[150.64967346191406,153.2158660888672,161.33663940429688,163.9063720703125],""confidence"":0.5756168961524963},{""bbox"":[148.05921936035156,130.408447265625,159.23329162597656,141.5058135986328],""confidence"":0.57080078125},{""bbox"":[154.51231384277344,185.41546630859375,165.63357543945312,196.46600341796875],""confidence"":0.5646687150001526},{""bbox"":[149.3292999267578,152.2276611328125,161.7972869873047,165.42453002929688],""confidence"":0.24202103912830353},{""bbox"":[153.56387329101562,184.6072235107422,167.07635498046875,198.39842224121094],""confidence"":0.14462660253047943},{""bbox"":[146.99290466308594,130.22653198242188,160.66213989257812,144.6693115234375],""confidence"":0.07983065396547318},{""bbox"":[151.812255859375,183.15185546875,165.57762145996094,197.38870239257812],""confidence"":0.06990676373243332},{""bbox"":[149.710205078125,130.46444702148438,161.51947021484375,142.42567443847656],""confidence"":0.016435058787465096},{""bbox"":[145.39834594726562,128.331298828125,158.9461212158203,142.4169464111328],""confidence"":0.013888821005821228},{""bbox"":[150.73255920410156,150.6273193359375,163.661865234375,164.53823852539062],""confidence"":0.0060272542759776115},{""bbox"":[146.26022338867188,152.3324737548828,158.93328857421875,164.84678649902344],""confidence"":0.002649746835231781},{""bbox"":[150.4994354248047,130.970458984375,163.65878295898438,145.1436004638672],""confidence"":0.00249553588218987},{""bbox"":[0.0,322.7960510253906,0.9521946907043457,331.7578430175781],""confidence"":0.001677737571299076},{""bbox"":[232.81871032714844,150.51856994628906,244.66554260253906,162.3321075439453],""confidence"":0.001281290897168219},{""bbox"":[248.8947296142578,147.96998596191406,261.9542236328125,161.89312744140625],""confidence"":0.0012177930912002921},{""bbox"":[229.28065490722656,150.70745849609375,241.3873748779297,162.70101928710938],""confidence"":0.001208747737109661},{""bbox"":[257.1206970214844,180.41903686523438,269.22149658203125,193.19528198242188],""confidence"":0.0011657330906018615},{""bbox"":[187.80209350585938,151.99676513671875,200.116455078125,164.63233947753906],""confidence"":0.0011024709092453122},{""bbox"":[203.545166015625,151.79605102539062,215.5093536376953,164.07223510742188],""confidence"":0.001090757199563086},{""bbox"":[166.51077270507812,129.93470764160156,179.5196075439453,143.13287353515625],""confidence"":0.0010397002333775163},{""bbox"":[249.25753784179688,125.21944427490234,262.2745361328125,138.48599243164062],""confidence"":0.001036663306877017},{""bbox"":[254.16075134277344,180.47129821777344,266.66363525390625,193.33969116210938],""confidence"":0.0010052535217255354},{""bbox"":[245.62185668945312,149.25552368164062,257.9180603027344,161.5440216064453],""confidence"":0.001002452801913023}]",23,0.001
002_20200623_203054(6),3,316,332,"[[148.0,144.0,157.0,156.0],[150.0,168.00000000000003,158.0,178.0],[153.0,200.00000000000003,164.0,212.00000000000003]]","[{""bbox"":[147.7664337158203,145.01405334472656,158.1060333251953,155.56765747070312],""confidence"":0.6113042831420898},{""bbox"":[149.2947998046875,168.04324340820312,160.52392578125,179.07957458496094],""confidence"":0.5620797872543335},{""bbox"":[152.22581481933594,200.3396453857422,162.79893493652344,210.52743530273438],""confidence"":0.5461535453796387},{""bbox"":[146.1113739013672,144.16632080078125,158.58372497558594,157.13504028320312],""confidence"":0.13072380423545837},{""bbox"":[147.91976928710938,167.7027130126953,161.43569946289062,182.20443725585938],""confidence"":0.07678051292896271},{""bbox"":[149.8564453125,198.56153869628906,162.7927703857422,211.83615112304688],""confidence"":0.030584510415792465},{""bbox"":[147.26409912109375,142.32313537597656,160.11859130859375,156.2777099609375],""confidence"":0.016359591856598854},{""bbox"":[150.3780059814453,166.53001403808594,162.0006866455078,180.17613220214844],""confidence"":0.016302431002259254},{""bbox"":[151.7786407470703,200.77699279785156,165.67495727539062,215.36044311523438],""confidence"":0.012271108105778694},{""bbox"":[146.61048889160156,166.7924041748047,159.2794647216797,180.17340087890625],""confidence"":0.0061384993605315685},{""bbox"":[150.72361755371094,168.19757080078125,163.4627227783203,182.4005584716797],""confidence"":0.005232751835137606},{""bbox"":[154.38160705566406,199.49923706054688,166.05601501464844,212.18328857421875],""confidence"":0.003115748753771186},{""bbox"":[149.84515380859375,144.00631713867188,161.95611572265625,157.4334716796875],""confidence"":0.0019734306260943413},{""bbox"":[0.0,322.8196105957031,0.949469804763794,331.7755126953125],""confidence"":0.0017911717295646667},{""bbox"":[249.26486206054688,169.8249053955078,261.0514831542969,181.81178283691406],""confidence"":0.001316164736635983}]",15,0.001
002_20200624_123122(6),3,352,332,"[[194.0,147.0,205.0,156.0],[198.0,169.0,207.00000000000003,177.00000000000003],[201.0,201.0,207.99999999999997,211.99999999999997]]","[{""bbox"":[194.7804718017578,146.32655334472656,204.09898376464844,155.35073852539062],""confidence"":0.5166558027267456},{""bbox"":[198.08352661132812,169.790283203125,206.2273712158203,178.47483825683594],""confidence"":0.5002807378768921},{""bbox"":[202.46377563476562,201.98548889160156,210.77655029296875,210.7295684814453],""confidence"":0.4946156442165375},{""bbox"":[195.28903198242188,145.0275115966797,205.3548583984375,155.9744415283203],""confidence"":0.10924147069454193},{""bbox"":[201.53990173339844,201.33407592773438,211.61167907714844,212.92047119140625],""confidence"":0.022332845255732536},{""bbox"":[195.51559448242188,169.95042419433594,205.55789184570312,179.52188110351562],""confidence"":0.02152099646627903},{""bbox"":[196.8212432861328,168.02865600585938,207.30844116210938,180.66705322265625],""confidence"":0.015073202550411224},{""bbox"":[199.87615966796875,201.8108673095703,209.8265838623047,211.19512939453125],""confidence"":0.010515180416405201},{""bbox"":[199.77886962890625,169.4718017578125,209.2845001220703,178.80958557128906],""confidence"":0.005790347699075937},{""bbox"":[204.27479553222656,201.59646606445312,213.7439422607422,210.83949279785156],""confidence"":0.0017990804044529796},{""bbox"":[191.01287841796875,146.61753845214844,202.01516723632812,157.10231018066406],""confidence"":0.0013233267236500978},{""bbox"":[2.0871055126190186,0.0,8.531450271606445,0.0],""confidence"":0.0012681771768257022}]",12,0.001
002_20200624_123126(4),3,352,332,"[[193.0,129.0,199.99999999999997,136.0],[199.0,184.99999999999997,205.0,192.0],[195.0,153.0,203.0,161.0]]","[{""bbox"":[198.04942321777344,184.9087677001953,206.4331512451172,193.68560791015625],""confidence"":0.5063563585281372},{""bbox"":[194.51309204101562,152.3447723388672,203.0789031982422,161.0969696044922],""confidence"":0.4971194267272949},{""bbox"":[192.0222625732422,128.9951934814453,200.62362670898438,137.65956115722656],""confidence"":0.48738032579421997},{""bbox"":[190.48443603515625,127.9513931274414,200.6114959716797,138.44686889648438],""confidence"":0.03433018922805786},{""bbox"":[195.7603302001953,152.17630004882812,204.9130096435547,161.32125854492188],""confidence"":0.027700208127498627},{""bbox"":[192.7487335205078,150.39297485351562,203.6755828857422,163.35739135742188],""confidence"":0.010192261077463627},{""bbox"":[191.1138916015625,152.47662353515625,201.33950805664062,162.0110626220703],""confidence"":0.00550520233809948},{""bbox"":[195.47946166992188,184.4841766357422,205.67044067382812,193.95455932617188],""confidence"":0.0051074279472231865},{""bbox"":[199.87425231933594,184.5344696044922,209.3371124267578,193.72166442871094],""confidence"":0.001701340195722878},{""bbox"":[194.71112060546875,149.94976806640625,205.6070556640625,162.91766357421875],""confidence"":0.0013176039792597294},{""bbox"":[2.087099313735962,0.0,8.531448364257812,0.0],""confidence"":0.0012682164087891579}]",11,0.001
002_20200624_123129(9),3,352,332,"[[189.00000000000003,175.0,195.99999999999997,183.99999999999997],[191.00000000000003,198.00000000000003,198.0,208.0],[194.0,231.0,203.00000000000003,239.00000000000003]]","[{""bbox"":[188.72640991210938,174.5535888671875,197.4777374267578,183.81072998046875],""confidence"":0.5253499150276184},{""bbox"":[190.77369689941406,198.8035888671875,199.99838256835938,207.9484100341797],""confidence"":0.5187199711799622},{""bbox"":[194.66265869140625,230.721923828125,203.47044372558594,239.2185821533203],""confidence"":0.46221983432769775},{""bbox"":[195.8684844970703,230.57460021972656,204.97604370117188,239.9144287109375],""confidence"":0.05565596744418144},{""bbox"":[193.7022247314453,229.455810546875,203.59812927246094,240.68321228027344],""confidence"":0.038561683148145676},{""bbox"":[186.6363067626953,174.76882934570312,197.06912231445312,184.75506591796875],""confidence"":0.01653883047401905},{""bbox"":[187.6057891845703,173.58421325683594,198.60499572753906,186.6983184814453],""confidence"":0.01522214338183403},{""bbox"":[191.1082763671875,230.89794921875,201.6605224609375,240.63204956054688],""confidence"":0.0019436964066699147},{""bbox"":[190.46505737304688,174.23622131347656,200.75259399414062,184.5232391357422],""confidence"":0.0015576494624838233},{""bbox"":[2.087110757827759,0.0,8.531452178955078,0.0],""confidence"":0.001268139574676752},{""bbox"":[186.49478149414062,198.34254455566406,197.95790100097656,208.31417846679688],""confidence"":0.0012534501729533076}]",11,0.001
002_20200624_123133(0),3,352,332,"[[203.0,169.0,212.0,178.99999999999997],[203.00000000000003,190.99999999999997,213.0,199.0],[207.00000000000003,216.99999999999997,214.0,225.0]]","[{""bbox"":[202.19296264648438,168.24349975585938,210.48052978515625,176.99697875976562],""confidence"":0.49278926849365234},{""bbox"":[202.77769470214844,189.90928649902344,212.0561981201172,199.01470947265625],""confidence"":0.4864039421081543},{""bbox"":[205.3707275390625,216.29891967773438,213.53089904785156,224.7827606201172],""confidence"":0.4811183214187622},{""bbox"":[203.77932739257812,216.3219757080078,213.0924072265625,226.25535583496094],""confidence"":0.04509250447154045},{""bbox"":[204.24610900878906,189.86610412597656,213.90609741210938,199.37887573242188],""confidence"":0.030388323590159416},{""bbox"":[199.83523559570312,167.60987854003906,210.3337860107422,177.44334411621094],""confidence"":0.013582794927060604},{""bbox"":[199.7578887939453,189.4818878173828,211.04901123046875,199.7310791015625],""confidence"":0.0029633892700076103},{""bbox"":[204.44810485839844,168.07464599609375,213.9029083251953,178.17291259765625],""confidence"":0.0023331327829509974},{""bbox"":[2.087108612060547,0.0,8.531449317932129,0.0],""confidence"":0.0012681535445153713}]",9,0.001
002_20200624_123136(5),3,352,332,"[[207.99999999999997,154.0,217.0,163.0],[212.0,175.0,220.0,183.99999999999997],[217.99999999999997,201.00000000000003,227.0,210.0]]","[{""bbox"":[207.89752197265625,154.1991424560547,216.33934020996094,162.8976287841797],""confidence"":0.5232073068618774},{""bbox"":[211.3567352294922,175.1156463623047,220.5154266357422,184.43577575683594],""confidence"":0.47092100977897644},{""bbox"":[217.4849395751953,200.96047973632812,226.00637817382812,209.52099609375],""confidence"":0.46408769488334656},{""bbox"":[210.36314392089844,174.18128967285156,221.43434143066406,186.837890625],""confidence"":0.04289079084992409},{""bbox"":[208.52809143066406,153.15234375,218.45504760742188,162.97640991210938],""confidence"":0.0378253310918808},{""bbox"":[217.4543914794922,198.43960571289062,228.00405883789062,211.52162170410156],""confidence"":0.009859561920166016},{""bbox"":[213.0536651611328,174.72898864746094,222.76406860351562,184.6746063232422],""confidence"":0.006926445756107569},{""bbox"":[216.40582275390625,200.71432495117188,226.60069274902344,212.97555541992188],""confidence"":0.004880785010755062},{""bbox"":[208.5076904296875,175.5087127685547,219.09095764160156,185.30653381347656],""confidence"":0.0024628406390547752},{""bbox"":[204.23599243164062,153.9116668701172,214.3515167236328,163.2615966796875],""confidence"":0.001983912894502282},{""bbox"":[215.3722686767578,198.7957763671875,226.27723693847656,211.58865356445312],""confidence"":0.0014300259063020349},{""bbox"":[2.087113380432129,0.0,8.531450271606445,0.0],""confidence"":0.0012681282823905349},{""bbox"":[212.892822265625,201.6740264892578,222.66793823242188,210.76104736328125],""confidence"":0.0010932288132607937}]",13,0.001
002_20200624_123143(7),3,352,332,"[[201.0,168.00000000000003,212.0,178.0],[203.00000000000003,189.0,213.0,199.99999999999997],[205.0,216.0,214.00000000000003,225.99999999999997]]","[{""bbox"":[203.04547119140625,168.16734313964844,211.77249145507812,176.93431091308594],""confidence"":0.5071302652359009},{""bbox"":[206.6328887939453,216.3522491455078,214.45509338378906,224.7976837158203],""confidence"":0.49061283469200134},{""bbox"":[203.58697509765625,189.951416015625,212.87957763671875,199.05239868164062],""confidence"":0.46830442547798157},{""bbox"":[204.306396484375,188.01364135742188,214.43698120117188,200.18931579589844],""confidence"":0.051163993775844574},{""bbox"":[204.55824279785156,167.57708740234375,213.88072204589844,177.93328857421875],""confidence"":0.020635241642594337},{""bbox"":[204.13978576660156,215.77880859375,213.79617309570312,225.01641845703125],""confidence"":0.016289306804537773},{""bbox"":[199.86590576171875,167.60064697265625,210.33624267578125,177.09371948242188],""confidence"":0.0026504399720579386},{""bbox"":[199.6595001220703,189.55360412597656,210.80801391601562,199.71363830566406],""confidence"":0.0020362650975584984},{""bbox"":[2.0871095657348633,0.0,8.531449317932129,0.0],""confidence"":0.001268147025257349}]",9,0.001
002_20200624_203012(9),3,352,332,"[[194.0,122.0,203.00000000000003,133.0],[193.0,148.0,203.0,158.0],[193.0,180.00000000000003,204.0,190.0]]","[{""bbox"":[193.7277069091797,123.73645782470703,202.8652801513672,132.87855529785156],""confidence"":0.547701895236969},{""bbox"":[195.10360717773438,180.97430419921875,203.79229736328125,189.79014587402344],""confidence"":0.5164754390716553},{""bbox"":[193.96298217773438,147.79931640625,203.34376525878906,157.33877563476562],""confidence"":0.5080468654632568},{""bbox"":[195.7932586669922,179.87701416015625,205.31019592285156,191.0648651123047],""confidence"":0.03681592270731926},{""bbox"":[195.45037841796875,147.87034606933594,205.02891540527344,157.66043090820312],""confidence"":0.02690538763999939},{""bbox"":[192.713134765625,145.92056274414062,203.75730895996094,158.8650665283203],""confidence"":0.01669502630829811},{""bbox"":[195.26812744140625,122.51282501220703,205.29058837890625,134.2381591796875],""confidence"":0.009445475414395332},{""bbox"":[190.70948791503906,147.31280517578125,202.79833984375,157.85226440429688],""confidence"":0.006243140436708927},{""bbox"":[190.9639434814453,123.1195068359375,202.6251220703125,133.42971801757812],""confidence"":0.0020733766723424196},{""bbox"":[191.06947326660156,180.31080627441406,201.51112365722656,189.82717895507812],""confidence"":0.0014774883165955544},{""bbox"":[2.087101936340332,0.0,8.531449317932129,0.0],""confidence"":0.0012682025553658605}]",11,0.001
002_20200624_203111(4),3,316,332,"[[166.0,145.0,178.0,154.0],[168.00000000000003,166.0,177.0,177.0],[170.0,193.0,180.99999999999997,204.0]]","[{""bbox"":[165.93572998046875,144.1165771484375,177.21771240234375,155.43223571777344],""confidence"":0.6176333427429199},{""bbox"":[170.01832580566406,192.77670288085938,181.16505432128906,203.61891174316406],""confidence"":0.5623984932899475},{""bbox"":[167.01026916503906,167.09718322753906,178.4386444091797,177.69027709960938],""confidence"":0.5496209859848022},{""bbox"":[164.16586303710938,141.83212280273438,177.8874053955078,156.25669860839844],""confidence"":0.1277141273021698},{""bbox"":[168.5806427001953,192.3717803955078,182.20510864257812,206.8417510986328],""confidence"":0.05735792964696884},{""bbox"":[165.4638671875,167.39065551757812,180.0405731201172,182.1807403564453],""confidence"":0.057153720408678055},{""bbox"":[171.05276489257812,191.4679412841797,182.66229248046875,205.1459197998047],""confidence"":0.0551016591489315},{""bbox"":[167.37884521484375,143.64700317382812,178.75303649902344,156.91448974609375],""confidence"":0.0544004961848259},{""bbox"":[167.4851837158203,191.67176818847656,180.3498992919922,205.2045440673828],""confidence"":0.0094497324898839},{""bbox"":[162.72984313964844,166.27735900878906,175.65936279296875,180.13914489746094],""confidence"":0.0021212496794760227},{""bbox"":[163.0694580078125,144.10079956054688,175.78390502929688,157.93093872070312],""confidence"":0.00211758678779006},{""bbox"":[0.0,322.8246154785156,0.9520225524902344,331.777099609375],""confidence"":0.0018318326910957694}]",12,0.001
002_20200624_203114(3),3,316,332,"[[153.0,134.0,160.99999999999997,144.0],[157.99999999999997,156.0,165.99999999999997,166.0],[164.0,180.00000000000003,176.0,190.0]]","[{""bbox"":[155.86148071289062,155.0901641845703,167.49290466308594,166.77186584472656],""confidence"":0.553451418876648},{""bbox"":[162.07237243652344,180.1517333984375,173.8397979736328,190.8569793701172],""confidence"":0.542500913143158},{""bbox"":[151.25025939941406,134.5099334716797,162.06898498535156,144.81394958496094],""confidence"":0.5376135110855103},{""bbox"":[151.52398681640625,133.10952758789062,163.30369567871094,146.84823608398438],""confidence"":0.2479015290737152},{""bbox"":[161.4872589111328,179.11143493652344,174.674560546875,192.96995544433594],""confidence"":0.23686927556991577},{""bbox"":[154.77227783203125,155.20867919921875,168.4818572998047,169.6055450439453],""confidence"":0.1646876037120819},{""bbox"":[149.71275329589844,134.30313110351562,164.13429260253906,149.04469299316406],""confidence"":0.02699153684079647},{""bbox"":[153.56446838378906,153.69224548339844,166.88169860839844,167.23068237304688],""confidence"":0.013402782380580902},{""bbox"":[163.10606384277344,180.2583770751953,175.99002075195312,194.55978393554688],""confidence"":0.011775534600019455},{""bbox"":[157.8319091796875,154.99996948242188,170.0460968017578,167.3071746826172],""confidence"":0.008121742866933346},{""bbox"":[158.74778747558594,179.3065948486328,171.5383758544922,192.51597595214844],""confidence"":0.004276902414858341},{""bbox"":[262.0196533203125,150.7267303466797,274.73284912109375,163.46986389160156],""confidence"":0.001986881485208869},{""bbox"":[233.3699493408203,136.6275634765625,244.4373779296875,147.82554626464844],""confidence"":0.001903367810882628},{""bbox"":[0.0,322.8308410644531,0.9554529190063477,331.7804260253906],""confidence"":0.0018682647496461868},{""bbox"":[232.71847534179688,135.0482635498047,246.11158752441406,148.58831787109375],""confidence"":0.0015187857206910849},{""bbox"":[171.2520751953125,153.22030639648438,183.12802124023438,165.1124267578125],""confidence"":0.0013994217151775956},{""bbox"":[265.24639892578125,150.3042449951172,277.83990478515625,163.07257080078125],""confidence"":0.0013837538426741958},{""bbox"":[249.8639373779297,104.95504760742188,261.9067077636719,117.00955963134766],""confidence"":0.0013209368335083127},{""bbox"":[261.5583801269531,128.453369140625,273.7218322753906,140.8722686767578],""confidence"":0.001291097840294242},{""bbox"":[258.5103759765625,151.2289581298828,271.4035339355469,164.22613525390625],""confidence"":0.0012142625637352467},{""bbox"":[175.0645751953125,152.64158630371094,186.59042358398438,164.38299560546875],""confidence"":0.0011998049449175596},{""bbox"":[183.06138610839844,149.64730834960938,195.85560607910156,162.43287658691406],""confidence"":0.0011160854483023286},{""bbox"":[253.6095428466797,128.66485595703125,266.6451721191406,141.83547973632812],""confidence"":0.0010367516661062837},{""bbox"":[241.76210021972656,155.40695190429688,254.13345336914062,168.0834503173828],""confidence"":0.0010103932581841946}]",24,0.001
002_20200624_203117(3),3,316,332,"[[152.0,121.00000000000001,163.0,132.0],[157.99999999999997,142.0,166.99999999999997,153.0],[164.0,167.0,177.0,178.0]]","[{""bbox"":[156.83934020996094,142.78883361816406,168.7344970703125,153.6779022216797],""confidence"":0.56730055809021},{""bbox"":[151.87730407714844,121.58692169189453,163.09963989257812,132.47103881835938],""confidence"":0.5293710231781006},{""bbox"":[163.85411071777344,167.56539916992188,175.31854248046875,178.99224853515625],""confidence"":0.5068760514259338},{""bbox"":[155.82501220703125,142.7906951904297,169.504638671875,157.43017578125],""confidence"":0.19707946479320526},{""bbox"":[158.47869873046875,140.92921447753906,170.4905242919922,155.0054473876953],""confidence"":0.10737777501344681},{""bbox"":[162.65455627441406,167.63540649414062,176.4293212890625,182.10107421875],""confidence"":0.06710164248943329},{""bbox"":[150.271240234375,121.89495086669922,164.90281677246094,137.03123474121094],""confidence"":0.02828100696206093},{""bbox"":[161.03622436523438,165.9346160888672,175.00448608398438,179.9249725341797],""confidence"":0.018428009003400803},{""bbox"":[149.14666748046875,119.83039855957031,163.01800537109375,133.95623779296875],""confidence"":0.014351391233503819},{""bbox"":[158.57684326171875,143.28863525390625,171.5399627685547,157.66957092285156],""confidence"":0.01017051748931408},{""bbox"":[154.82460021972656,141.8424072265625,167.73553466796875,155.36119079589844],""confidence"":0.007489263545721769},{""bbox"":[153.94549560546875,119.456298828125,166.64271545410156,134.07777404785156],""confidence"":0.007432202342897654},{""bbox"":[211.84580993652344,128.314697265625,223.2866668701172,140.02635192871094],""confidence"":0.0025294481310993433},{""bbox"":[151.3586883544922,117.20828247070312,166.4520263671875,131.6429901123047],""confidence"":0.002522064605727792},{""bbox"":[166.51097106933594,164.8639373779297,179.59085083007812,179.7847442626953],""confidence"":0.0022551417350769043},{""bbox"":[269.28424072265625,133.3046417236328,281.23138427734375,145.39117431640625],""confidence"":0.0021917973645031452},{""bbox"":[208.4823455810547,129.0079803466797,220.7239532470703,141.16604614257812],""confidence"":0.0020546624436974525},{""bbox"":[175.3190460205078,139.52850341796875,187.21205139160156,151.74339294433594],""confidence"":0.0018990952521562576},{""bbox"":[260.7956848144531,108.45185852050781,274.45428466796875,122.64744567871094],""confidence"":0.0018520487938076258},{""bbox"":[0.0,322.8260803222656,0.9503523707389832,331.7776794433594],""confidence"":0.0018373599741607904},{""bbox"":[153.76663208007812,143.77984619140625,167.22120666503906,158.46597290039062],""confidence"":0.0017615603283047676},{""bbox"":[265.6850280761719,131.25083923339844,279.590576171875,145.19680786132812],""confidence"":0.0016568879364058375},{""bbox"":[262.3360290527344,133.49960327148438,275.1205139160156,146.2021484375],""confidence"":0.0015819277614355087},{""bbox"":[178.6300048828125,137.06097412109375,191.87937927246094,150.42613220214844],""confidence"":0.0014905027346685529},{""bbox"":[249.96072387695312,84.95987701416016,263.16021728515625,98.18374633789062],""confidence"":0.0014649119693785906},{""bbox"":[249.48655700683594,87.08367156982422,262.3941955566406,100.10073852539062],""confidence"":0.0013930511195212603},{""bbox"":[249.36129760742188,112.3930892944336,262.9932556152344,126.2516098022461],""confidence"":0.0013691909844055772},{""bbox"":[152.53500366210938,135.50302124023438,169.6136932373047,151.73036193847656],""confidence"":0.0013313922099769115},{""bbox"":[228.95989990234375,120.14228057861328,241.4411163330078,132.70579528808594],""confidence"":0.001176615827716887},{""bbox"":[258.45965576171875,134.19068908691406,271.2066345214844,147.0389404296875],""confidence"":0.0011721061309799552},{""bbox"":[245.41941833496094,113.23693084716797,259.66046142578125,127.79606628417969],""confidence"":0.0011486990842968225},{""bbox"":[204.2995147705078,129.0948028564453,217.6962127685547,142.4956817626953],""confidence"":0.0011395486071705818},{""bbox"":[253.31497192382812,84.61174011230469,266.40606689453125,97.958740234375],""confidence"":0.0010960412910208106},{""bbox"":[167.1026611328125,116.189208984375,179.63916015625,128.73695373535156],""confidence"":0.0010792469838634133},{""bbox"":[211.25685119628906,125.77788543701172,225.4400634765625,140.3599395751953],""confidence"":0.0010467785177752376},{""bbox"":[155.31912231445312,137.44175720214844,171.60699462890625,152.3288116455078],""confidence"":0.0010283485753461719},{""bbox"":[257.54388427734375,108.80488586425781,272.0516662597656,123.740478515625],""confidence"":0.001000370946712792}]",37,0.001
002_20200624_203120(3),3,316,332,"[[161.00000000000003,125.0,172.0,133.0],[165.0,146.0,176.0,153.0],[172.0,170.0,182.0,178.99999999999997]]","[{""bbox"":[165.25680541992188,144.65115356445312,176.97927856445312,155.93984985351562],""confidence"":0.5777419805526733},{""bbox"":[160.3511199951172,122.9623031616211,171.6709442138672,134.4104461669922],""confidence"":0.5609878301620483},{""bbox"":[171.4148712158203,169.5935821533203,182.6918487548828,180.63360595703125],""confidence"":0.5253877639770508},{""bbox"":[159.46087646484375,122.43657684326172,172.69741821289062,136.42425537109375],""confidence"":0.17452895641326904},{""bbox"":[163.55955505371094,141.9175567626953,177.16339111328125,156.1239471435547],""confidence"":0.061078790575265884},{""bbox"":[171.87677001953125,166.77040100097656,185.02609252929688,181.13247680664062],""confidence"":0.04300238937139511},{""bbox"":[167.2786865234375,144.3643798828125,179.0583038330078,157.697509765625],""confidence"":0.03697289898991585},{""bbox"":[162.3402099609375,144.2535400390625,175.54354858398438,158.65052795410156],""confidence"":0.017016930505633354},{""bbox"":[161.97071838378906,121.94647979736328,174.31202697753906,134.6215362548828],""confidence"":0.013583395630121231},{""bbox"":[156.69564819335938,120.08038330078125,171.1903839111328,134.5549774169922],""confidence"":0.0043239654041826725},{""bbox"":[163.03843688964844,146.72569274902344,177.7520751953125,162.1758270263672],""confidence"":0.003451905446127057},{""bbox"":[166.74835205078125,141.35598754882812,179.60076904296875,155.72628784179688],""confidence"":0.0029313177801668644},{""bbox"":[167.8812713623047,166.4019775390625,183.0572967529297,180.85079956054688],""confidence"":0.002544354647397995},{""bbox"":[262.3926086425781,116.58525848388672,274.94476318359375,129.01568603515625],""confidence"":0.00218923669308424},{""bbox"":[266.1416015625,116.15711975097656,278.32989501953125,128.34295654296875],""confidence"":0.0021395382937043905},{""bbox"":[183.246337890625,140.85772705078125,196.0325164794922,153.65126037597656],""confidence"":0.0019758164416998625},{""bbox"":[270.4701843261719,137.70472717285156,283.3865051269531,150.65907287597656],""confidence"":0.001937424880452454},{""bbox"":[0.0,322.8301086425781,0.9517207741737366,331.7806091308594],""confidence"":0.001870291423983872},{""bbox"":[162.1201171875,123.2573013305664,175.79115295410156,138.03419494628906],""confidence"":0.0017391623696312308},{""bbox"":[265.1142272949219,113.28315734863281,280.1637878417969,128.8034210205078],""confidence"":0.001716369530186057},{""bbox"":[273.8348693847656,135.53155517578125,287.04571533203125,149.03890991210938],""confidence"":0.0015745192067697644},{""bbox"":[268.67608642578125,113.060302734375,283.07342529296875,128.1369171142578],""confidence"":0.0015598285244777799},{""bbox"":[216.2646484375,154.74853515625,229.47073364257812,168.3253173828125],""confidence"":0.0015452258521690965},{""bbox"":[179.06094360351562,116.97295379638672,191.8471221923828,129.82249450683594],""confidence"":0.0015303399413824081},{""bbox"":[261.6590881347656,113.57307434082031,276.44677734375,128.79147338867188],""confidence"":0.0015100410673767328},{""bbox"":[212.38380432128906,133.21148681640625,224.4285888671875,145.19827270507812],""confidence"":0.0013768747448921204},{""bbox"":[266.8464050292969,138.2166748046875,279.92877197265625,151.5023956298828],""confidence"":0.0012338014785200357},{""bbox"":[269.6086730957031,115.82794189453125,281.5475158691406,127.98736572265625],""confidence"":0.0010857167653739452},{""bbox"":[228.8445587158203,101.1969985961914,241.4139862060547,113.86239624023438],""confidence"":0.0010583134135231376},{""bbox"":[187.14654541015625,140.21878051757812,199.40916442871094,152.66876220703125],""confidence"":0.0010145336855202913}]",30,0.001
002_20200624_203123(3),3,316,332,"[[153.0,134.0,164.0,147.0],[157.0,158.0,167.99999999999997,166.99999999999997],[163.0,182.00000000000003,173.99999999999997,194.00000000000003]]","[{""bbox"":[153.27255249023438,136.17620849609375,164.37646484375,147.1857147216797],""confidence"":0.6086217761039734},{""bbox"":[157.07606506347656,157.92752075195312,168.4349365234375,168.6544189453125],""confidence"":0.5663557052612305},{""bbox"":[162.46917724609375,182.87030029296875,173.7854461669922,193.61219787597656],""confidence"":0.5398361682891846},{""bbox"":[163.6749725341797,181.96307373046875,175.0017852783203,194.72450256347656],""confidence"":0.3102889955043793},{""bbox"":[151.3657684326172,133.7589874267578,165.15428161621094,147.96653747558594],""confidence"":0.05853590369224548},{""bbox"":[158.5677032470703,156.9319610595703,170.20750427246094,170.1927032470703],""confidence"":0.03628869727253914},{""bbox"":[154.42755126953125,135.466796875,166.43637084960938,148.982666015625],""confidence"":0.020886560901999474},{""bbox"":[154.90257263183594,159.1206817626953,169.35899353027344,174.39910888671875],""confidence"":0.012773510068655014},{""bbox"":[154.30685424804688,157.14891052246094,167.30543518066406,171.17454528808594],""confidence"":0.010243828408420086},{""bbox"":[160.8620147705078,184.0059356689453,175.7806854248047,198.9305419921875],""confidence"":0.005190192721784115},{""bbox"":[265.3314514160156,138.00210571289062,277.0106201171875,149.62759399414062],""confidence"":0.004799481015652418},{""bbox"":[150.44088745117188,135.7451629638672,163.29742431640625,149.7151336669922],""confidence"":0.00349280028603971},{""bbox"":[163.24380493164062,179.55612182617188,176.54995727539062,193.66659545898438],""confidence"":0.003250259906053543},{""bbox"":[154.55580139160156,154.46437072753906,169.43231201171875,168.6937713623047],""confidence"":0.003227920038625598},{""bbox"":[262.3730773925781,137.65505981445312,274.62158203125,149.70382690429688],""confidence"":0.0023235150147229433},{""bbox"":[158.63294982910156,182.3025665283203,171.4907684326172,195.0659637451172],""confidence"":0.0022042400669306517},{""bbox"":[0.0,322.8285827636719,0.9532286524772644,331.779052734375],""confidence"":0.0018530461238697171},{""bbox"":[268.88330078125,158.4771728515625,281.055419921875,171.18959045410156],""confidence"":0.0016922291833907366},{""bbox"":[257.36578369140625,83.55467987060547,265.27117919921875,90.3493423461914],""confidence"":0.001691426383331418},{""bbox"":[253.4160919189453,83.52180480957031,261.0778503417969,90.1553726196289],""confidence"":0.0016431121621280909},{""bbox"":[263.7120056152344,86.39750671386719,272.1718444824219,94.18534088134766],""confidence"":0.0015362713020294905},{""bbox"":[179.0470733642578,178.7561492919922,191.82579040527344,191.7445831298828],""confidence"":0.001388396369293332},{""bbox"":[262.41796875,159.1446990966797,275.10784912109375,171.98333740234375],""confidence"":0.0012814525980502367},{""bbox"":[174.8573455810547,155.3212890625,188.20297241210938,168.7900390625],""confidence"":0.0012714057229459286},{""bbox"":[258.6242370605469,159.5613555908203,271.0378112792969,172.21632385253906],""confidence"":0.0012605602387338877},{""bbox"":[249.66038513183594,113.54176330566406,262.9925842285156,127.1215591430664],""confidence"":0.0012541953474283218},{""bbox"":[265.9783020019531,158.93124389648438,278.479736328125,171.60902404785156],""confidence"":0.0011813759338110685},{""bbox"":[232.78172302246094,141.88613891601562,246.126708984375,155.3484344482422],""confidence"":0.0011525902664288878},{""bbox"":[178.96241760253906,154.6433868408203,191.97805786132812,167.59805297851562],""confidence"":0.0011034028138965368},{""bbox"":[215.91978454589844,146.25906372070312,229.3418731689453,159.83712768554688],""confidence"":0.0010990843875333667},{""bbox"":[171.0441131591797,132.55470275878906,183.17372131347656,144.7064666748047],""confidence"":0.0010779214790090919},{""bbox"":[249.46755981445312,138.10443115234375,263.1673889160156,151.92881774902344],""confidence"":0.0010222168639302254},{""bbox"":[253.67919921875,137.7147674560547,266.6081848144531,150.61233520507812],""confidence"":0.001021231641061604},{""bbox"":[257.9295654296875,137.32102966308594,270.6438903808594,149.89634704589844],""confidence"":0.0010084242094308138},{""bbox"":[260.9277648925781,135.35122680664062,275.98248291015625,150.4359588623047],""confidence"":0.0010018054163083434}]",35,0.001
002_20200624_203126(3),3,316,332,"[[159.0,133.0,170.0,141.0],[165.0,151.0,174.99999999999997,164.0],[171.0,175.0,180.99999999999997,187.0]]","[{""bbox"":[164.10791015625,152.50218200683594,175.5596160888672,164.0104217529297],""confidence"":0.5729104280471802},{""bbox"":[159.4524688720703,131.45932006835938,170.33082580566406,142.51377868652344],""confidence"":0.566652238368988},{""bbox"":[171.09042358398438,177.02919006347656,182.34521484375,188.1654052734375],""confidence"":0.5556929707527161},{""bbox"":[170.26123046875,176.4234161376953,183.48854064941406,190.08543395996094],""confidence"":0.18944770097732544},{""bbox"":[159.3358154296875,129.36444091796875,172.061279296875,143.68638610839844],""confidence"":0.13993783295154572},{""bbox"":[157.99119567871094,130.9214324951172,170.85755920410156,144.7970733642578],""confidence"":0.07149576395750046},{""bbox"":[166.07960510253906,151.6535186767578,178.57215881347656,165.31781005859375],""confidence"":0.00921178050339222},{""bbox"":[257.43389892578125,121.23062133789062,270.9420166015625,135.08602905273438],""confidence"":0.003088556695729494},{""bbox"":[269.9162902832031,120.81793212890625,281.6934814453125,132.61215209960938],""confidence"":0.0027509466744959354},{""bbox"":[179.19415283203125,150.06307983398438,191.82766723632812,162.6658477783203],""confidence"":0.0023891485761851072},{""bbox"":[0.0,322.8272705078125,0.9520809054374695,331.77850341796875],""confidence"":0.0018511879025027156},{""bbox"":[182.86033630371094,149.18333435058594,194.88600158691406,161.37599182128906],""confidence"":0.0017462590476498008},{""bbox"":[166.94606018066406,176.47828674316406,179.56564331054688,188.95761108398438],""confidence"":0.0017270245589315891},{""bbox"":[203.6129608154297,140.8839111328125,217.02586364746094,154.56639099121094],""confidence"":0.0015275591285899282},{""bbox"":[233.41432189941406,132.79054260253906,244.9645538330078,144.39535522460938],""confidence"":0.0014911466278135777},{""bbox"":[273.68096923828125,141.74391174316406,286.3448791503906,154.755126953125],""confidence"":0.0013393205590546131},{""bbox"":[270.556640625,142.18971252441406,283.6871643066406,155.55816650390625],""confidence"":0.0012879216810688376},{""bbox"":[160.82749938964844,149.67367553710938,175.4454803466797,163.95526123046875],""confidence"":0.0012773125199601054},{""bbox"":[254.51026916503906,121.86872100830078,268.52410888671875,136.26589965820312],""confidence"":0.0012213634327054024},{""bbox"":[232.53273010253906,130.2844696044922,246.86053466796875,144.88571166992188],""confidence"":0.0011003011604771018},{""bbox"":[261.3753356933594,120.06241607666016,274.9548034667969,133.90846252441406],""confidence"":0.001090342178940773},{""bbox"":[273.88360595703125,139.4612274169922,287.06207275390625,153.0145263671875],""confidence"":0.0010537378257140517},{""bbox"":[162.20803833007812,155.03976440429688,177.23228454589844,170.4252166748047],""confidence"":0.0010511160362511873},{""bbox"":[182.35919189453125,146.912353515625,196.84898376464844,161.79554748535156],""confidence"":0.0010177594376727939}]",24,0.001
002_20200625_003116(4),3,352,332,"[[196.00000000000003,168.0,206.0,178.99999999999997],[201.0,195.00000000000003,207.99999999999997,204.0],[203.0,227.00000000000003,215.0,236.0]]","[{""bbox"":[200.0460205078125,194.35751342773438,208.80520629882812,203.2605438232422],""confidence"":0.5303217768669128},{""bbox"":[197.31448364257812,169.42791748046875,206.0413360595703,178.38259887695312],""confidence"":0.4708847403526306},{""bbox"":[204.26881408691406,226.31455993652344,212.84771728515625,234.69589233398438],""confidence"":0.46262016892433167},{""bbox"":[204.47048950195312,224.60169982910156,214.27676391601562,235.4851837158203],""confidence"":0.04453296959400177},{""bbox"":[196.67605590820312,167.81126403808594,206.7781219482422,179.43226623535156],""confidence"":0.024152513593435287},{""bbox"":[196.09457397460938,168.61642456054688,207.4722900390625,182.42987060546875],""confidence"":0.004907133057713509},{""bbox"":[2.087113618850708,0.0,8.531452178955078,0.0],""confidence"":0.0012681270018219948},{""bbox"":[199.33885192871094,169.2049102783203,209.5260009765625,179.3726348876953],""confidence"":0.001010451465845108}]",8,0.001
002_20200625_003120(7),3,352,332,"[[193.0,112.00000000000001,207.00000000000003,123.0],[195.99999999999997,136.0,205.0,147.0],[197.0,166.0,208.0,178.0]]","[{""bbox"":[194.83670043945312,112.2050552368164,204.27565002441406,121.59688568115234],""confidence"":0.5169968605041504},{""bbox"":[196.28334045410156,136.86288452148438,205.07386779785156,145.9625244140625],""confidence"":0.49732279777526855},{""bbox"":[198.63015747070312,169.06790161132812,207.3160858154297,177.52877807617188],""confidence"":0.47084566950798035},{""bbox"":[200.06341552734375,168.9481658935547,209.3506317138672,178.4014892578125],""confidence"":0.02137126214802265},{""bbox"":[193.6228485107422,110.77335357666016,204.64083862304688,123.54635620117188],""confidence"":0.01425957027822733},{""bbox"":[195.34442138671875,111.45942687988281,206.24169921875,125.23831939697266],""confidence"":0.0064306254498660564},{""bbox"":[195.51914978027344,169.32289123535156,205.97189331054688,178.93588256835938],""confidence"":0.0029141311533749104},{""bbox"":[2.0871024131774902,0.0,8.531449317932129,0.0],""confidence"":0.0012681976659223437},{""bbox"":[191.07664489746094,112.66218566894531,202.15740966796875,122.77706146240234],""confidence"":0.001249206718057394}]",9,0.001
002_20200625_003125(4),3,352,332,"[[198.0,135.0,207.99999999999997,146.0],[201.0,160.0,210.00000000000003,170.0],[205.0,191.00000000000003,214.99999999999997,201.0]]","[{""bbox"":[198.3990020751953,135.8139190673828,207.6389617919922,145.2347412109375],""confidence"":0.5327140092849731},{""bbox"":[206.00125122070312,192.43478393554688,214.33102416992188,201.30084228515625],""confidence"":0.5285652279853821},{""bbox"":[201.43861389160156,160.9005126953125,210.2535858154297,170.1272430419922],""confidence"":0.49130234122276306},{""bbox"":[204.18478393554688,192.5848388671875,213.71475219726562,201.98716735839844],""confidence"":0.07495822012424469},{""bbox"":[197.68313598632812,135.17361450195312,208.25335693359375,147.09402465820312],""confidence"":0.05883694440126419},{""bbox"":[199.55479431152344,160.33998107910156,210.544189453125,170.95460510253906],""confidence"":0.033259373158216476},{""bbox"":[201.24942016601562,158.88433837890625,211.2424774169922,170.5757293701172],""confidence"":0.029242033138871193},{""bbox"":[199.9098358154297,135.67481994628906,209.52996826171875,145.45443725585938],""confidence"":0.023974712938070297},{""bbox"":[204.7677459716797,191.7971954345703,215.42393493652344,204.16998291015625],""confidence"":0.011230080388486385},{""bbox"":[200.7650146484375,160.5676727294922,211.17922973632812,173.5197296142578],""confidence"":0.0028825292829424143},{""bbox"":[195.41221618652344,136.16595458984375,206.15443420410156,145.98304748535156],""confidence"":0.0013107610866427422},{""bbox"":[2.0871052742004395,0.0,8.531450271606445,0.0],""confidence"":0.0012681783409789205}]",12,0.001
002_20200625_003130(0),3,352,332,"[[194.0,113.0,203.99999999999997,122.0],[195.99999999999997,136.0,205.0,146.0],[199.0,169.0,208.0,177.99999999999997]]","[{""bbox"":[193.65548706054688,112.45387268066406,202.9698486328125,121.85794830322266],""confidence"":0.5317895412445068},{""bbox"":[195.1638946533203,137.12086486816406,204.11187744140625,146.09912109375],""confidence"":0.4987420439720154},{""bbox"":[198.28952026367188,169.08599853515625,207.0653839111328,177.6293182373047],""confidence"":0.4616498053073883},{""bbox"":[195.86424255371094,136.1517791748047,205.29940795898438,147.0816192626953],""confidence"":0.057079017162323},{""bbox"":[193.06398010253906,110.77417755126953,203.41720581054688,123.12195587158203],""confidence"":0.010584850795567036},{""bbox"":[195.1159210205078,112.33541107177734,205.04815673828125,122.39196014404297],""confidence"":0.010129962116479874},{""bbox"":[199.94078063964844,168.756103515625,209.3938446044922,178.54026794433594],""confidence"":0.009541573002934456},{""bbox"":[195.48165893554688,169.24534606933594,206.08285522460938,179.09617614746094],""confidence"":0.002832376165315509},{""bbox"":[191.10784912109375,112.65695190429688,202.38365173339844,123.02372741699219],""confidence"":0.002229518024250865},{""bbox"":[190.95924377441406,136.38845825195312,201.7575225830078,146.24044799804688],""confidence"":0.001287287101149559},{""bbox"":[2.0870964527130127,0.0,8.531448364257812,0.0],""confidence"":0.0012682309607043862},{""bbox"":[195.4283905029297,111.96631622314453,206.08067321777344,125.4246826171875],""confidence"":0.0011992673389613628},{""bbox"":[196.7324981689453,168.76541137695312,208.06724548339844,182.44544982910156],""confidence"":0.0011679395101964474}]",13,0.001
002_20200625_003134(4),3,352,332,"[[198.0,132.0,207.99999999999997,144.0],[199.99999999999997,157.0,209.0,168.0],[201.0,189.0,210.99999999999997,199.99999999999997]]","[{""bbox"":[202.10874938964844,190.64520263671875,210.76756286621094,199.5064239501953],""confidence"":0.5065836906433105},{""bbox"":[199.43052673339844,158.9696044921875,207.96022033691406,167.6874237060547],""confidence"":0.5061113238334656},{""bbox"":[197.81321716308594,133.7362060546875,207.48313903808594,143.3529510498047],""confidence"":0.48318734765052795},{""bbox"":[200.22035217285156,157.84774780273438,209.66184997558594,169.02029418945312],""confidence"":0.01616240106523037},{""bbox"":[199.82955932617188,190.002685546875,210.84701538085938,200.14007568359375],""confidence"":0.012047511525452137},{""bbox"":[199.4073486328125,133.41209411621094,209.53863525390625,144.0176544189453],""confidence"":0.008774885907769203},{""bbox"":[196.4820098876953,133.185791015625,208.4818115234375,147.27914428710938],""confidence"":0.004405244253575802},{""bbox"":[204.06219482421875,190.50457763671875,213.81898498535156,200.6229705810547],""confidence"":0.004337467718869448},{""bbox"":[195.47708129882812,134.13229370117188,206.7882080078125,144.6362762451172],""confidence"":0.002589285373687744},{""bbox"":[195.42791748046875,158.2249298095703,205.98194885253906,167.92015075683594],""confidence"":0.0013127295533195138},{""bbox"":[2.0871024131774902,0.0,8.531449317932129,0.0],""confidence"":0.0012681989464908838},{""bbox"":[200.81573486328125,190.67295837402344,212.2641143798828,204.48721313476562],""confidence"":0.0010934444144368172}]",12,0.001
002_20200625_003139(0),3,352,332,"[[198.0,162.0,207.99999999999997,172.0],[199.0,189.00000000000003,210.0,198.0],[204.0,219.99999999999997,214.0,228.0]]","[{""bbox"":[197.8706512451172,163.043212890625,207.2617950439453,172.42987060546875],""confidence"":0.5169395804405212},{""bbox"":[200.3839569091797,188.44508361816406,209.26882934570312,197.76174926757812],""confidence"":0.5152385830879211},{""bbox"":[204.76219177246094,220.52291870117188,212.66065979003906,228.50929260253906],""confidence"":0.5146322250366211},{""bbox"":[204.00135803222656,220.02685546875,213.30517578125,230.38735961914062],""confidence"":0.037058547139167786},{""bbox"":[200.46994018554688,187.6191864013672,210.40115356445312,199.80465698242188],""confidence"":0.02006775699555874},{""bbox"":[199.3943634033203,162.85374450683594,209.48049926757812,172.8617706298828],""confidence"":0.009028679691255093},{""bbox"":[2.087111234664917,0.0,8.531450271606445,0.0],""confidence"":0.0012681360822170973}]",7,0.001
002_20200629_082823(5),3,316,332,"[[150.0,144.0,160.0,153.0],[151.0,168.00000000000003,162.0,178.0],[154.0,201.00000000000003,164.0,211.0]]","[{""bbox"":[150.2897491455078,144.4547119140625,160.98890686035156,155.26278686523438],""confidence"":0.6118844151496887},{""bbox"":[153.4672393798828,200.7756805419922,164.80166625976562,211.0266571044922],""confidence"":0.5931591987609863},{""bbox"":[151.4862060546875,168.62240600585938,162.4070587158203,179.67933654785156],""confidence"":0.5722774267196655},{""bbox"":[152.5115509033203,199.51260375976562,164.92269897460938,213.306396484375],""confidence"":0.2865753173828125},{""bbox"":[154.93911743164062,199.75390625,165.82183837890625,211.7774200439453],""confidence"":0.19538679718971252},{""bbox"":[149.19381713867188,143.61758422851562,161.59226989746094,157.05088806152344],""confidence"":0.18378375470638275},{""bbox"":[150.43504333496094,168.03968811035156,163.69036865234375,181.88101196289062],""confidence"":0.13060583174228668},{""bbox"":[148.3489227294922,166.2163848876953,162.48948669433594,180.63328552246094],""confidence"":0.03420404717326164},{""bbox"":[152.31663513183594,200.7411346435547,166.72035217285156,215.18789672851562],""confidence"":0.030202042311429977},{""bbox"":[150.52194213867188,142.08892822265625,162.77560424804688,155.9579620361328],""confidence"":0.029202954843640327},{""bbox"":[149.61593627929688,198.18911743164062,163.31588745117188,212.5478973388672],""confidence"":0.003875402035191655},{""bbox"":[146.655029296875,143.10069274902344,159.23934936523438,155.95457458496094],""confidence"":0.0022019834723323584},{""bbox"":[0.0,322.8113098144531,0.9997797012329102,331.7543029785156],""confidence"":0.0016420846804976463}]",13,0.001
002_20200629_082828(5),3,316,332,"[[153.0,155.0,164.0,166.0],[156.0,181.0,165.0,190.99999999999997],[160.0,213.0,169.0,223.99999999999997]]","[{""bbox"":[152.8909912109375,156.5490264892578,164.18153381347656,167.69569396972656],""confidence"":0.5761805772781372},{""bbox"":[154.91098022460938,180.3746337890625,166.20556640625,191.54815673828125],""confidence"":0.575269877910614},{""bbox"":[158.79248046875,213.0726776123047,169.87110900878906,223.31405639648438],""confidence"":0.5679329633712769},{""bbox"":[157.7200927734375,212.17030334472656,170.4386749267578,225.49737548828125],""confidence"":0.29227858781814575},{""bbox"":[153.50933837890625,179.44371032714844,166.84988403320312,193.3343963623047],""confidence"":0.15846480429172516},{""bbox"":[151.3922119140625,154.39236450195312,164.64300537109375,168.5098114013672],""confidence"":0.11132632941007614},{""bbox"":[157.20550537109375,213.06813049316406,171.9147186279297,227.67355346679688],""confidence"":0.024357331916689873},{""bbox"":[154.10975646972656,156.04611206054688,165.80563354492188,168.65834045410156],""confidence"":0.02181994356215},{""bbox"":[150.36996459960938,156.4014129638672,163.15869140625,170.3806915283203],""confidence"":0.006679875776171684},{""bbox"":[150.3025360107422,179.10467529296875,163.54066467285156,193.3612823486328],""confidence"":0.0032885766122490168},{""bbox"":[154.74900817871094,211.43824768066406,167.6859130859375,224.97039794921875],""confidence"":0.002630121074616909},{""bbox"":[0.0,322.8379821777344,0.9839022159576416,331.7741394042969],""confidence"":0.0017906492576003075},{""bbox"":[257.2508544921875,153.82347106933594,269.1697692871094,165.9285430908203],""confidence"":0.0013634564820677042},{""bbox"":[148.64480590820312,152.8001251220703,163.06443786621094,167.49729919433594],""confidence"":0.001025297911837697}]",14,0.001
002_20200629_082831(3),3,316,332,"[[149.0,142.0,159.0,152.0],[151.0,168.00000000000003,162.0,177.0],[154.0,199.0,163.0,211.0]]","[{""bbox"":[150.07342529296875,142.10580444335938,160.82327270507812,152.201171875],""confidence"":0.5928590297698975},{""bbox"":[152.508056640625,198.30084228515625,163.29074096679688,209.1755828857422],""confidence"":0.5779603123664856},{""bbox"":[150.64730834960938,165.57431030273438,161.8874053955078,176.68319702148438],""confidence"":0.564456045627594},{""bbox"":[151.172119140625,141.1071014404297,162.06761169433594,153.57061767578125],""confidence"":0.24682609736919403},{""bbox"":[151.79669189453125,197.3372344970703,164.29791259765625,210.81390380859375],""confidence"":0.20635250210762024},{""bbox"":[154.1756134033203,197.78721618652344,165.8451385498047,210.36642456054688],""confidence"":0.012564261443912983},{""bbox"":[148.22068786621094,142.56272888183594,162.96530151367188,157.4256134033203],""confidence"":0.01194706279784441},{""bbox"":[149.02755737304688,163.1331024169922,163.8490447998047,177.46810913085938],""confidence"":0.011387532576918602},{""bbox"":[146.5743865966797,140.4910125732422,159.3274688720703,153.5305633544922],""confidence"":0.0024948616046458483},{""bbox"":[0.0,322.84375,0.9995729327201843,331.763427734375],""confidence"":0.0016410663956776261},{""bbox"":[147.9795684814453,194.9844970703125,162.5416717529297,209.23165893554688],""confidence"":0.0015398719115182757},{""bbox"":[146.1245880126953,163.67141723632812,159.0817108154297,177.1707305908203],""confidence"":0.0013225285802036524},{""bbox"":[249.73007202148438,175.65721130371094,261.831787109375,187.7772979736328],""confidence"":0.001227708999067545},{""bbox"":[148.62925720214844,167.49635314941406,164.0315399169922,182.79605102539062],""confidence"":0.0010034608421847224}]",14,0.001
002_20200629_082834(2),3,316,332,"[[145.0,138.0,156.0,148.00000000000003],[146.0,162.0,155.0,171.0],[148.0,194.00000000000003,156.0,205.0]]","[{""bbox"":[145.48785400390625,138.2179412841797,156.4622802734375,148.3125762939453],""confidence"":0.5936996936798096},{""bbox"":[146.7008819580078,194.24180603027344,157.999267578125,205.52549743652344],""confidence"":0.5779575109481812},{""bbox"":[145.8142852783203,161.26580810546875,157.03427124023438,172.31463623046875],""confidence"":0.5725314021110535},{""bbox"":[146.75672912597656,136.9888458251953,157.73435974121094,149.5870361328125],""confidence"":0.1858794391155243},{""bbox"":[146.93173217773438,160.40345764160156,158.5625762939453,173.70529174804688],""confidence"":0.11042884737253189},{""bbox"":[144.84451293945312,191.94573974609375,159.73507690429688,206.47117614746094],""confidence"":0.031046729534864426},{""bbox"":[143.91171264648438,138.44140625,158.41278076171875,153.2403564453125],""confidence"":0.028642771765589714},{""bbox"":[142.94235229492188,158.52658081054688,157.46316528320312,172.83355712890625],""confidence"":0.018430018797516823},{""bbox"":[141.19815063476562,158.99130249023438,154.97125244140625,173.8440704345703],""confidence"":0.004081449005752802},{""bbox"":[142.50253295898438,137.02456665039062,155.32643127441406,150.34913635253906],""confidence"":0.0034881397150456905},{""bbox"":[146.53187561035156,138.7654571533203,160.52291870117188,153.57260131835938],""confidence"":0.0033151553943753242},{""bbox"":[248.91761779785156,205.82359313964844,261.0590515136719,218.47718811035156],""confidence"":0.003280496457591653},{""bbox"":[0.0,322.81768798828125,0.988849401473999,331.7600402832031],""confidence"":0.0016658605309203267},{""bbox"":[245.46856689453125,173.8329315185547,257.18963623046875,185.6165008544922],""confidence"":0.0016120710643008351},{""bbox"":[141.1349334716797,191.8954620361328,154.8603973388672,206.77969360351562],""confidence"":0.0013301895232871175},{""bbox"":[246.31858825683594,205.43124389648438,258.837158203125,218.3556671142578],""confidence"":0.0013017556630074978},{""bbox"":[249.1909637451172,150.0397491455078,261.78070068359375,162.71240234375],""confidence"":0.0010512121953070164}]",17,0.001
002_20200629_082837(0),3,316,332,"[[149.0,142.0,158.0,152.0],[150.0,166.0,158.0,174.00000000000003],[154.0,198.00000000000003,162.0,208.0]]","[{""bbox"":[147.23919677734375,140.74557495117188,157.93765258789062,151.49880981445312],""confidence"":0.6029055118560791},{""bbox"":[149.18692016601562,164.33409118652344,160.40586853027344,175.47955322265625],""confidence"":0.5909770131111145},{""bbox"":[152.3417510986328,196.9279327392578,163.24658203125,207.60670471191406],""confidence"":0.5464633703231812},{""bbox"":[151.59494018554688,195.50967407226562,164.00656127929688,208.96478271484375],""confidence"":0.2407723218202591},{""bbox"":[147.57028198242188,162.57754516601562,160.71615600585938,176.76034545898438],""confidence"":0.15867480635643005},{""bbox"":[145.81524658203125,139.90280151367188,158.33560180664062,153.26951599121094],""confidence"":0.1387166976928711},{""bbox"":[152.0478057861328,196.78378295898438,165.23065185546875,211.01673889160156],""confidence"":0.05412129685282707},{""bbox"":[150.16859436035156,162.46051025390625,162.16073608398438,176.34429931640625],""confidence"":0.02058483473956585},{""bbox"":[147.0118408203125,138.15635681152344,160.031494140625,152.13861083984375],""confidence"":0.014794307760894299},{""bbox"":[154.22576904296875,196.7391357421875,165.79270935058594,208.47230529785156],""confidence"":0.00800892524421215},{""bbox"":[148.9812469482422,194.3638916015625,162.77174377441406,208.3233184814453],""confidence"":0.0035508519504219294},{""bbox"":[145.84014892578125,164.60513305664062,159.00994873046875,178.89817810058594],""confidence"":0.003502942156046629},{""bbox"":[144.66644287109375,161.17344665527344,158.99571228027344,175.78501892089844],""confidence"":0.001889436156488955},{""bbox"":[143.35987854003906,137.42486572265625,158.3291015625,151.8258819580078],""confidence"":0.0017247432842850685},{""bbox"":[0.0,322.8466491699219,0.9893253445625305,331.77484130859375],""confidence"":0.0017162715084850788}]",15,0.001
002_20200629_082839(9),3,316,332,"[[154.0,142.0,165.0,152.0],[153.0,166.0,164.0,173.0],[154.0,198.00000000000003,162.0,208.0]]","[{""bbox"":[153.07859802246094,164.634765625,164.41419982910156,175.885986328125],""confidence"":0.5750816464424133},{""bbox"":[154.41722106933594,141.27699279785156,164.9138641357422,151.55123901367188],""confidence"":0.5627573728561401},{""bbox"":[152.11529541015625,197.1845245361328,163.14736938476562,208.1487274169922],""confidence"":0.5478302240371704},{""bbox"":[151.03221130371094,195.63623046875,164.08929443359375,209.7258758544922],""confidence"":0.192010298371315},{""bbox"":[151.44850158691406,162.4086456298828,164.7415313720703,176.6978302001953],""confidence"":0.17899161577224731},{""bbox"":[155.46844482421875,140.0625,166.5730743408203,152.9495086669922],""confidence"":0.108204685151577},{""bbox"":[154.63645935058594,164.4407958984375,167.0250244140625,178.2589111328125],""confidence"":0.00918987300246954},{""bbox"":[154.01089477539062,197.20089721679688,165.77325439453125,209.3826904296875],""confidence"":0.008122672326862812},{""bbox"":[148.78651428222656,194.5386962890625,162.86898803710938,208.89942932128906],""confidence"":0.0063956137746572495},{""bbox"":[154.2914581298828,162.2074737548828,166.4639129638672,176.211181640625],""confidence"":0.0043863896280527115},{""bbox"":[148.8050994873047,160.9295654296875,163.0771942138672,175.6295166015625],""confidence"":0.0024531364906579256},{""bbox"":[150.7334442138672,137.7454376220703,165.8880157470703,152.0362548828125],""confidence"":0.002374291652813554},{""bbox"":[150.45542907714844,139.64456176757812,163.0597381591797,152.1288299560547],""confidence"":0.002011870499700308},{""bbox"":[150.2150115966797,164.76646423339844,163.2595672607422,178.92941284179688],""confidence"":0.0018576231086626649},{""bbox"":[154.86471557617188,197.41949462890625,168.2541046142578,211.72161865234375],""confidence"":0.0017905555432662368},{""bbox"":[0.0,322.8160095214844,1.0187007188796997,331.7644348144531],""confidence"":0.00168989144731313},{""bbox"":[149.99964904785156,197.44361877441406,163.1468505859375,211.73077392578125],""confidence"":0.001355932210572064},{""bbox"":[152.0809783935547,142.81544494628906,167.42752075195312,158.47560119628906],""confidence"":0.0011918514501303434},{""bbox"":[253.51422119140625,185.17893981933594,265.76068115234375,197.7111358642578],""confidence"":0.0010437632445245981}]",19,0.001
002_20200714_123109(8),3,352,332,"[[192.99999999999997,168.0,202.0,175.0],[199.0,190.0,206.99999999999997,198.99999999999997],[206.00000000000003,222.0,216.0,230.00000000000003]]","[{""bbox"":[194.04872131347656,167.41249084472656,203.09109497070312,176.5873260498047],""confidence"":0.5260826945304871},{""bbox"":[198.83245849609375,190.41064453125,208.23861694335938,199.4587860107422],""confidence"":0.49525153636932373},{""bbox"":[206.84532165527344,221.5347900390625,214.81736755371094,229.9517364501953],""confidence"":0.45349425077438354},{""bbox"":[199.26832580566406,189.013671875,209.7933807373047,200.9642333984375],""confidence"":0.06338188052177429},{""bbox"":[194.8125762939453,166.3030242919922,205.24600219726562,176.84426879882812],""confidence"":0.02577030286192894},{""bbox"":[204.24124145507812,221.05149841308594,214.5125274658203,230.3737030029297],""confidence"":0.0027861371636390686},{""bbox"":[195.30636596679688,189.98403930664062,206.86831665039062,200.2104949951172],""confidence"":0.00237277545966208},{""bbox"":[208.89248657226562,221.08380126953125,218.3633270263672,231.20492553710938],""confidence"":0.0013425740180537105},{""bbox"":[2.087113618850708,0.0,8.531452178955078,0.0],""confidence"":0.0012681258376687765},{""bbox"":[191.02305603027344,167.35133361816406,202.2340087890625,177.1958770751953],""confidence"":0.0011122423456981778}]",10,0.001
002_20200714_123113(1),3,352,332,"[[200.00000000000003,92.0,208.0,99.99999999999999],[199.0,116.0,210.0,124.0],[202.0,148.0,211.99999999999997,156.0]]","[{""bbox"":[199.5177459716797,91.22366333007812,208.27383422851562,100.1134262084961],""confidence"":0.5305822491645813},{""bbox"":[200.5918731689453,114.50870513916016,209.11952209472656,123.36201477050781],""confidence"":0.5115142464637756},{""bbox"":[202.976318359375,146.92926025390625,212.08200073242188,155.64768981933594],""confidence"":0.47842270135879517},{""bbox"":[202.19337463378906,145.7736053466797,212.30455017089844,157.17039489746094],""confidence"":0.06876371055841446},{""bbox"":[200.58822631835938,113.6007308959961,210.1864776611328,124.94615936279297],""confidence"":0.04120609536767006},{""bbox"":[204.4273223876953,146.7762908935547,213.7478790283203,156.387451171875],""confidence"":0.03676212206482887},{""bbox"":[198.29400634765625,90.30266571044922,209.19712829589844,103.00048828125],""confidence"":0.014609518460929394},{""bbox"":[199.74295043945312,146.4044647216797,211.19232177734375,156.2104034423828],""confidence"":0.003254317445680499},{""bbox"":[2.0871007442474365,0.0,8.531448364257812,0.0],""confidence"":0.001268210937269032}]",9,0.001
002_20200714_123117(3),3,352,332,"[[200.00000000000003,143.0,208.0,151.0],[201.0,165.99999999999997,210.99999999999997,174.99999999999997],[204.0,198.00000000000003,212.0,208.0]]","[{""bbox"":[201.3067169189453,166.58843994140625,209.91644287109375,175.79718017578125],""confidence"":0.5189332962036133},{""bbox"":[199.7442626953125,142.9669647216797,208.6573944091797,151.82907104492188],""confidence"":0.49464625120162964},{""bbox"":[204.4245147705078,199.58009338378906,212.63461303710938,207.81338500976562],""confidence"":0.4808843433856964},{""bbox"":[205.01853942871094,199.06069946289062,214.03016662597656,208.73631286621094],""confidence"":0.08249638229608536},{""bbox"":[200.38973999023438,166.21197509765625,210.5681610107422,177.6793670654297],""confidence"":0.02915126085281372},{""bbox"":[198.66769409179688,141.52529907226562,209.09994506835938,153.3327178955078],""confidence"":0.027526337653398514},{""bbox"":[199.86387634277344,142.430908203125,210.563232421875,156.03138732910156],""confidence"":0.0028327936306595802},{""bbox"":[2.087109327316284,0.0,8.531450271606445,0.0],""confidence"":0.0012681500520557165}]",8,0.001
002_20200714_123120(4),3,352,332,"[[197.0,141.0,206.99999999999997,149.0],[201.0,164.0,209.0,174.0],[205.0,195.00000000000003,214.00000000000003,204.0]]","[{""bbox"":[198.10498046875,139.90493774414062,207.1698760986328,149.2712860107422],""confidence"":0.5458143949508667},{""bbox"":[201.02191162109375,164.06414794921875,209.2595977783203,172.56097412109375],""confidence"":0.4716903269290924},{""bbox"":[204.84410095214844,195.689697265625,213.639404296875,204.26065063476562],""confidence"":0.44703662395477295},{""bbox"":[199.25694274902344,162.96815490722656,209.30886840820312,173.1295166015625],""confidence"":0.06799864023923874},{""bbox"":[204.62258911132812,193.97891235351562,214.64459228515625,205.9775390625],""confidence"":0.05166829004883766},{""bbox"":[197.26573181152344,139.0969696044922,208.00137329101562,151.46055603027344],""confidence"":0.037226300686597824},{""bbox"":[199.71868896484375,139.76539611816406,209.4573516845703,149.52215576171875],""confidence"":0.006679619196802378},{""bbox"":[195.45651245117188,140.03781127929688,206.33717346191406,150.0892791748047],""confidence"":0.0022784804459661245},{""bbox"":[204.51173400878906,195.35691833496094,215.18801879882812,208.89764404296875],""confidence"":0.001720067230053246},{""bbox"":[2.0871047973632812,0.0,8.531450271606445,0.0],""confidence"":0.0012681807857006788}]",10,0.001
002_20200714_123123(5),3,352,332,"[[195.0,164.0,204.0,172.99999999999997],[198.0,189.00000000000003,206.0,198.0],[199.0,222.0,208.0,230.00000000000003]]","[{""bbox"":[197.09976196289062,188.46624755859375,205.82826232910156,197.84632873535156],""confidence"":0.5281162858009338},{""bbox"":[199.39991760253906,221.45645141601562,207.71080017089844,229.82347106933594],""confidence"":0.47787728905677795},{""bbox"":[195.82601928710938,164.77578735351562,205.10525512695312,174.2078094482422],""confidence"":0.4570167362689972},{""bbox"":[195.07737731933594,187.98439025878906,206.31980895996094,198.79298400878906],""confidence"":0.06433848291635513},{""bbox"":[195.5572967529297,163.19332885742188,206.0177764892578,176.17279052734375],""confidence"":0.03548850119113922},{""bbox"":[200.32562255859375,220.77633666992188,209.5089111328125,230.7998046875],""confidence"":0.03091895766556263},{""bbox"":[195.71080017089844,185.6506805419922,207.2786865234375,199.26144409179688],""confidence"":0.0013806215720251203},{""bbox"":[195.41375732421875,220.60009765625,205.65884399414062,229.86146545410156],""confidence"":0.0013140016235411167},{""bbox"":[2.0871095657348633,0.0,8.531450271606445,0.0],""confidence"":0.001268147025257349}]",9,0.001
002_20200714_123126(4),3,352,332,"[[192.0,149.0,201.0,159.0],[193.0,173.0,204.0,181.99999999999997],[199.00000000000003,206.00000000000003,209.0,214.99999999999997]]","[{""bbox"":[199.20359802246094,205.65528869628906,207.84280395507812,214.52162170410156],""confidence"":0.5129515528678894},{""bbox"":[192.53762817382812,150.76321411132812,200.8635711669922,159.40309143066406],""confidence"":0.49165108799934387},{""bbox"":[195.10897827148438,173.81668090820312,204.04843139648438,182.72447204589844],""confidence"":0.48215246200561523},{""bbox"":[190.79766845703125,150.6442108154297,200.57118225097656,160.68695068359375],""confidence"":0.05358358100056648},{""bbox"":[193.58822631835938,172.3239288330078,204.49073791503906,184.9380340576172],""confidence"":0.025403641164302826},{""bbox"":[198.1485137939453,205.18722534179688,208.6038818359375,217.35604858398438],""confidence"":0.00811011902987957},{""bbox"":[195.47360229492188,205.80255126953125,205.66647338867188,215.19781494140625],""confidence"":0.002465076744556427},{""bbox"":[191.08038330078125,173.86041259765625,201.9932403564453,184.03793334960938],""confidence"":0.0017745746299624443},{""bbox"":[195.39874267578125,173.40431213378906,205.97607421875,186.8932647705078],""confidence"":0.0014543522847816348},{""bbox"":[2.0871410369873047,0.0,8.531448364257812,0.0],""confidence"":0.0012679259525611997}]",10,0.001
002_20200831_203101(4),3,316,332,"[[248.00000000000003,156.0,257.0,165.0]]","[{""bbox"":[247.40467834472656,155.29542541503906,257.6950378417969,165.23585510253906],""confidence"":0.5625525116920471},{""bbox"":[246.52745056152344,154.28639221191406,258.3636779785156,167.32752990722656],""confidence"":0.28295058012008667},{""bbox"":[245.35418701171875,155.5382843017578,258.2220764160156,169.60757446289062],""confidence"":0.0021390304900705814},{""bbox"":[0.0,322.8248596191406,0.949207603931427,331.7797546386719],""confidence"":0.001804450759664178},{""bbox"":[249.6648712158203,153.29721069335938,261.5856018066406,166.98178100585938],""confidence"":0.0014822282828390598}]",5,0.001
002_20200831_203105(9),3,316,332,"[[243.0,153.0,251.99999999999997,164.0]]","[{""bbox"":[241.36184692382812,153.2924041748047,251.70974731445312,163.74453735351562],""confidence"":0.5968478322029114},{""bbox"":[242.4989776611328,152.23654174804688,253.0148162841797,164.9999542236328],""confidence"":0.05800549313426018},{""bbox"":[239.2710418701172,150.8010711669922,252.41233825683594,164.3252410888672],""confidence"":0.006724794395267963},{""bbox"":[0.0,322.80865478515625,0.9641481041908264,331.76702880859375],""confidence"":0.0017408386338502169},{""bbox"":[237.32440185546875,152.51832580566406,250.52598571777344,166.12962341308594],""confidence"":0.0014053094200789928}]",5,0.001
002_20200901_083204(5),3,316,332,"[[243.0,162.99999999999997,252.99999999999997,171.99999999999997]]","[{""bbox"":[242.90145874023438,162.33486938476562,253.75836181640625,173.04473876953125],""confidence"":0.49038171768188477},{""bbox"":[241.15821838378906,161.15609741210938,254.2108154296875,174.97763061523438],""confidence"":0.11197972297668457},{""bbox"":[241.23379516601562,159.0571746826172,255.61016845703125,173.09698486328125],""confidence"":0.0026188429910689592},{""bbox"":[0.0,322.82904052734375,0.9539252519607544,331.7793273925781],""confidence"":0.0018562168115749955},{""bbox"":[242.83819580078125,163.5475616455078,255.90316772460938,177.88973999023438],""confidence"":0.0017937158700078726}]",5,0.001
002_20200901_123049(7),3,316,332,"[[246.0,144.0,260.0,153.0]]","[{""bbox"":[246.6505889892578,143.1199188232422,257.2284851074219,153.26763916015625],""confidence"":0.5789923667907715},{""bbox"":[246.93064880371094,141.80296325683594,258.10650634765625,155.12733459472656],""confidence"":0.2291640341281891},{""bbox"":[245.2285919189453,142.67031860351562,259.09307861328125,156.93115234375],""confidence"":0.06141623109579086},{""bbox"":[0.0,322.8280944824219,0.9539836049079895,331.77880859375],""confidence"":0.0018566648941487074},{""bbox"":[240.84315490722656,141.8712615966797,254.53689575195312,156.41925048828125],""confidence"":0.001391656813211739}]",5,0.001
002_20200901_123052(7),3,316,332,"[[241.00000000000003,155.0,251.0,165.0]]","[{""bbox"":[241.82083129882812,155.86000061035156,252.49749755859375,166.58631896972656],""confidence"":0.5828260779380798},{""bbox"":[240.74505615234375,154.61419677734375,253.53460693359375,168.26507568359375],""confidence"":0.15811443328857422},{""bbox"":[0.0,322.8290710449219,0.9539005160331726,331.779296875],""confidence"":0.0018553611589595675},{""bbox"":[236.98556518554688,154.38389587402344,250.57818603515625,168.8876495361328],""confidence"":0.0010878407629206777}]",4,0.001
002_20200901_123100(3),3,316,332,"[[251.0,168.0,260.0,180.0]]","[{""bbox"":[251.47340393066406,168.63880920410156,261.92138671875,179.2925567626953],""confidence"":0.5108770728111267},{""bbox"":[250.22341918945312,167.1624755859375,263.0893249511719,180.95709228515625],""confidence"":0.07926734536886215},{""bbox"":[0.0,322.8289794921875,0.9539400935173035,331.7793273925781],""confidence"":0.001856158603914082}]",3,0.001
002_20200901_123104(8),3,316,332,"[[245.0,164.0,255.0,175.0]]","[{""bbox"":[244.81521606445312,164.17938232421875,255.26034545898438,174.5381317138672],""confidence"":0.5260933637619019},{""bbox"":[243.6455078125,162.59744262695312,255.89979553222656,175.88731384277344],""confidence"":0.1581127792596817},{""bbox"":[246.03280639648438,162.20384216308594,257.53558349609375,175.4748992919922],""confidence"":0.003829682944342494},{""bbox"":[0.0,322.8289794921875,0.9536462426185608,331.7792663574219],""confidence"":0.0018559226300567389}]",4,0.001
002_20200901_123109(2),3,316,332,"[[249.0,173.0,260.0,184.0]]","[{""bbox"":[247.68206787109375,172.2068634033203,257.9438171386719,182.36415100097656],""confidence"":0.5051355957984924},{""bbox"":[246.62823486328125,171.17559814453125,258.5613098144531,184.3336181640625],""confidence"":0.16846536099910736},{""bbox"":[0.0,322.82904052734375,0.9539291858673096,331.7793273925781],""confidence"":0.0018560076132416725}]",3,0.001
002_20200905_083407(3),3,316,332,"[[240.00000000000003,150.0,250.0,159.0]]","[{""bbox"":[239.19544982910156,150.13702392578125,250.00836181640625,160.76937866210938],""confidence"":0.5349234938621521},{""bbox"":[236.38497924804688,148.05294799804688,250.27151489257812,162.79429626464844],""confidence"":0.016988812014460564},{""bbox"":[239.00631713867188,151.0628662109375,252.3814697265625,165.39349365234375],""confidence"":0.006147198379039764},{""bbox"":[237.01588439941406,146.25514221191406,252.115478515625,160.61904907226562],""confidence"":0.004158330149948597},{""bbox"":[241.54867553710938,148.9971160888672,253.66856384277344,162.62371826171875],""confidence"":0.003217490389943123},{""bbox"":[0.0,322.7796325683594,0.9934027791023254,331.74737548828125],""confidence"":0.0016075491439551115}]",6,0.001
002_20200905_083410(5),3,316,332,"[[245.0,157.0,255.0,168.0]]","[{""bbox"":[245.27951049804688,156.53997802734375,255.77284240722656,167.16542053222656],""confidence"":0.5989975333213806},{""bbox"":[244.3951873779297,155.81539916992188,256.4176940917969,169.18258666992188],""confidence"":0.08405397087335587},{""bbox"":[246.0861053466797,154.5457763671875,257.5737609863281,168.09640502929688],""confidence"":0.025599172338843346},{""bbox"":[0.0,322.84124755859375,0.978342592716217,331.7886047363281],""confidence"":0.0018660377245396376}]",4,0.001
002_20200905_083413(6),3,316,332,"[[247.00000000000003,140.0,255.0,149.0]]","[{""bbox"":[246.3961944580078,139.2042999267578,257.3917541503906,150.25680541992188],""confidence"":0.5506613850593567},{""bbox"":[245.02940368652344,138.04537963867188,258.3750915527344,152.0446014404297],""confidence"":0.1550358682870865},{""bbox"":[0.0,322.7892761230469,0.985160768032074,331.7504577636719],""confidence"":0.0015904942993074656}]",3,0.001
002_20200905_083416(3),3,316,332,"[[246.0,122.0,255.0,131.0]]","[{""bbox"":[246.30018615722656,121.23053741455078,256.5790710449219,131.1219482421875],""confidence"":0.5066006779670715},{""bbox"":[245.031005859375,119.96961212158203,257.1272888183594,132.70445251464844],""confidence"":0.1953689604997635},{""bbox"":[244.53594970703125,121.79945373535156,259.0689392089844,136.8338623046875],""confidence"":0.0024245912209153175},{""bbox"":[0.0,322.81658935546875,0.9858039021492004,331.7707214355469],""confidence"":0.0017447293503209949}]",4,0.001
002_20200905_083419(3),3,316,332,"[[244.0,179.0,251.99999999999997,191.00000000000003]]","[{""bbox"":[244.2246856689453,180.60507202148438,254.83714294433594,190.32821655273438],""confidence"":0.5302882790565491},{""bbox"":[242.80303955078125,179.94903564453125,256.30059814453125,194.34893798828125],""confidence"":0.045531805604696274},{""bbox"":[245.81080627441406,180.42599487304688,256.582763671875,191.05764770507812],""confidence"":0.022027447819709778},{""bbox"":[242.27557373046875,179.3203887939453,254.68051147460938,192.18035888671875],""confidence"":0.01274020317941904},{""bbox"":[0.0,322.8050842285156,0.9804075360298157,331.7665100097656],""confidence"":0.0016843362245708704}]",5,0.001
002_20200905_083422(4),3,316,332,"[[244.0,173.0,253.99999999999997,184.0]]","[{""bbox"":[243.31825256347656,173.0689239501953,254.040771484375,184.0087127685547],""confidence"":0.559867262840271},{""bbox"":[242.54574584960938,172.31793212890625,255.19369506835938,185.87078857421875],""confidence"":0.13185608386993408},{""bbox"":[245.42062377929688,172.61105346679688,256.99212646484375,184.62139892578125],""confidence"":0.00595573615282774},{""bbox"":[240.0995330810547,170.79376220703125,253.9867401123047,184.5574188232422],""confidence"":0.0019008830422535539},{""bbox"":[0.0,322.7926940917969,1.0168187618255615,331.74981689453125],""confidence"":0.0015909782378003001}]",5,0.001
002_20200905_163920(4),3,316,332,"[[238.0,157.0,246.99999999999997,168.0]]","[{""bbox"":[237.81723022460938,159.4019775390625,247.1265869140625,168.38702392578125],""confidence"":0.461615651845932},{""bbox"":[238.9188690185547,158.51663208007812,248.1049041748047,167.84278869628906],""confidence"":0.05197453871369362},{""bbox"":[0.0,322.83026123046875,0.9541715979576111,331.7796936035156],""confidence"":0.0018575506983324885}]",3,0.001
002_20200905_163924(2),3,316,332,"[[237.0,146.0,245.99999999999997,155.0]]","[{""bbox"":[237.27914428710938,147.0249481201172,246.1888885498047,155.72805786132812],""confidence"":0.49161213636398315},{""bbox"":[238.89794921875,147.0683135986328,247.8759002685547,155.82386779785156],""confidence"":0.01700291410088539},{""bbox"":[0.0,322.8289794921875,0.9539539217948914,331.7793273925781],""confidence"":0.0018564722267910838}]",3,0.001
002_20200905_163928(3),3,316,332,"[[242.00000000000003,138.0,251.0,148.00000000000003]]","[{""bbox"":[242.0862274169922,139.07131958007812,250.9571533203125,147.64105224609375],""confidence"":0.4896700382232666},{""bbox"":[243.0277099609375,137.8792724609375,252.16213989257812,147.1098175048828],""confidence"":0.06148349866271019},{""bbox"":[0.0,322.8290100097656,0.9539539217948914,331.77935791015625],""confidence"":0.0018564827041700482},{""bbox"":[240.39466857910156,139.3494415283203,251.2600555419922,152.36517333984375],""confidence"":0.0016776624834164977}]",4,0.001
002_20200905_163932(3),3,316,332,"[[241.00000000000003,132.0,251.0,144.0]]","[{""bbox"":[242.0581817626953,133.52227783203125,250.8805694580078,142.5947723388672],""confidence"":0.5415753126144409},{""bbox"":[243.3767547607422,133.67962646484375,252.12733459472656,143.7989501953125],""confidence"":0.021011121571063995},{""bbox"":[0.0,322.8290100097656,0.9539539217948914,331.77935791015625],""confidence"":0.001856488175690174},{""bbox"":[240.05429077148438,130.2755126953125,252.20176696777344,143.4364776611328],""confidence"":0.001125773647800088}]",4,0.001
002_20200905_163936(3),3,316,332,"[[247.00000000000003,135.0,257.0,145.00000000000003]]","[{""bbox"":[248.26904296875,135.99476623535156,256.9813537597656,145.18601989746094],""confidence"":0.46174198389053345},{""bbox"":[246.50494384765625,135.2510986328125,257.8075866699219,146.61630249023438],""confidence"":0.08756498992443085},{""bbox"":[248.0968017578125,136.33154296875,257.4789123535156,148.025390625],""confidence"":0.004218752030283213},{""bbox"":[0.0,322.8289794921875,0.9539549350738525,331.7793273925781],""confidence"":0.001856488175690174}]",4,0.001
002_20200905_163940(2),3,316,332,"[[246.0,166.0,253.99999999999997,174.00000000000003]]","[{""bbox"":[246.8445587158203,165.7968292236328,255.68084716796875,175.00498962402344],""confidence"":0.48088499903678894},{""bbox"":[246.08067321777344,166.4691619873047,255.251953125,177.02890014648438],""confidence"":0.009873947128653526},{""bbox"":[247.8533935546875,166.28575134277344,256.6674499511719,176.98287963867188],""confidence"":0.009264047257602215},{""bbox"":[245.9220733642578,163.53372192382812,257.2929992675781,176.73170471191406],""confidence"":0.003605043049901724},{""bbox"":[0.0,322.8289794921875,0.9539499878883362,331.7793273925781],""confidence"":0.0018564978381618857}]",5,0.001
002_20200907_204635(5),3,316,332,"[[239.0,109.99999999999999,250.0,120.0]]","[{""bbox"":[240.0053253173828,110.67277526855469,249.82183837890625,120.79521179199219],""confidence"":0.44789475202560425},{""bbox"":[238.18809509277344,110.45699310302734,250.31356811523438,122.49919891357422],""confidence"":0.009694627486169338},{""bbox"":[242.12811279296875,110.3974838256836,252.34405517578125,120.5216293334961],""confidence"":0.003032136242836714},{""bbox"":[0.0,322.8290100097656,0.953955888748169,331.77935791015625],""confidence"":0.0018565093632787466}]",4,0.001
002_20200907_204640(0),3,316,332,"[[248.00000000000003,172.0,258.0,181.99999999999997]]","[{""bbox"":[249.7972869873047,173.39248657226562,258.6858215332031,182.34567260742188],""confidence"":0.5047210454940796},{""bbox"":[248.97837829589844,171.7989959716797,259.0882568359375,183.64849853515625],""confidence"":0.028379466384649277},{""bbox"":[251.33001708984375,173.63214111328125,260.2289733886719,182.40805053710938],""confidence"":0.015197182074189186},{""bbox"":[250.88259887695312,171.50234985351562,260.8166809082031,182.87628173828125],""confidence"":0.0019105722894892097},{""bbox"":[0.0,322.8290100097656,0.9539569020271301,331.77935791015625],""confidence"":0.001856587827205658},{""bbox"":[251.30572509765625,173.2023162841797,261.125,185.6992950439453],""confidence"":0.0010472454596310854}]",6,0.001
002_20200907_204644(5),3,316,332,"[[246.0,140.0,256.0,151.0]]","[{""bbox"":[247.2225799560547,139.39642333984375,256.7961730957031,149.1376190185547],""confidence"":0.43350499868392944},{""bbox"":[246.3991241455078,139.56695556640625,257.2356262207031,152.23062133789062],""confidence"":0.003976393956691027},{""bbox"":[0.0,322.8289794921875,0.953952968120575,331.7793273925781],""confidence"":0.0018564907368272543}]",3,0.001
002_20200907_204649(0),3,316,332,"[[238.0,105.0,248.0,115.00000000000001]]","[{""bbox"":[239.34011840820312,106.37313842773438,248.31497192382812,115.20021057128906],""confidence"":0.4657837450504303},{""bbox"":[237.94180297851562,105.30255126953125,247.8986053466797,116.02174377441406],""confidence"":0.014546121470630169},{""bbox"":[237.95706176757812,105.91291046142578,249.46234130859375,119.1399917602539],""confidence"":0.006326708942651749},{""bbox"":[0.0,322.8290100097656,0.9539539217948914,331.77935791015625],""confidence"":0.0018564776983112097}]",4,0.001
002_20200907_204653(4),3,316,332,"[[243.0,122.0,252.99999999999997,134.0]]","[{""bbox"":[243.86065673828125,123.54979705810547,253.06842041015625,133.1098175048828],""confidence"":0.4761612117290497},{""bbox"":[243.08816528320312,123.35931396484375,253.6885528564453,135.60931396484375],""confidence"":0.013374224305152893},{""bbox"":[0.0,322.8290100097656,0.9539539217948914,331.77935791015625],""confidence"":0.0018564809579402208}]",3,0.001
001_20200623_043227(1),4,576,444,"[[341.00000000000006,148.0,354.0,161.0],[342.0,179.99999999999997,356.0,194.0],[346.00000000000006,229.00000000000003,358.0,237.99999999999997]]","[{""bbox"":[342.37060546875,181.5341033935547,355.982177734375,194.72378540039062],""confidence"":0.5910166501998901},{""bbox"":[346.9305114746094,226.78807067871094,358.4685363769531,239.67437744140625],""confidence"":0.5788328051567078},{""bbox"":[340.0369567871094,149.4420166015625,352.064453125,162.2324676513672],""confidence"":0.5590811371803284},{""bbox"":[340.5369873046875,177.64151000976562,355.8594055175781,192.87042236328125],""confidence"":0.0683046206831932},{""bbox"":[344.17535400390625,223.08189392089844,360.2288818359375,241.75282287597656],""confidence"":0.06060999631881714},{""bbox"":[341.2426452636719,179.8743133544922,358.68035888671875,198.11688232421875],""confidence"":0.038235604763031006},{""bbox"":[339.7006530761719,146.12159729003906,353.5894775390625,161.54551696777344],""confidence"":0.03089018166065216},{""bbox"":[349.0107421875,226.66966247558594,364.0106506347656,240.5900115966797],""confidence"":0.023743625730276108},{""bbox"":[341.3944091796875,148.39222717285156,356.7550964355469,162.94374084472656],""confidence"":0.022863460704684258},{""bbox"":[341.6894226074219,225.53195190429688,356.3646545410156,239.2521209716797],""confidence"":0.007885471917688847},{""bbox"":[337.1724853515625,177.2939453125,351.80804443359375,191.00692749023438],""confidence"":0.006191719323396683},{""bbox"":[492.529052734375,119.88343811035156,507.70501708984375,135.74435424804688],""confidence"":0.002408189931884408}]",12,0.001
001_20200623_043231(6),4,576,444,"[[350.00000000000006,150.0,362.0,163.0],[351.0,184.00000000000003,362.99999999999994,195.0],[351.0,228.99999999999997,365.0,240.0]]","[{""bbox"":[353.0997619628906,228.5011749267578,365.65625,241.69070434570312],""confidence"":0.5871127247810364},{""bbox"":[348.3105773925781,150.54933166503906,361.4311218261719,163.88931274414062],""confidence"":0.572564423084259},{""bbox"":[349.92034912109375,183.962158203125,363.4217224121094,197.60723876953125],""confidence"":0.5691661834716797},{""bbox"":[348.145751953125,147.1456298828125,362.95123291015625,161.78782653808594],""confidence"":0.10712236911058426},{""bbox"":[349.24249267578125,149.98910522460938,364.0060119628906,165.17919921875],""confidence"":0.08278912305831909},{""bbox"":[351.3423767089844,225.2650909423828,366.1481628417969,241.33544921875],""confidence"":0.0561923012137413},{""bbox"":[348.7951354980469,227.07638549804688,364.6000061035156,242.28860473632812],""confidence"":0.04018738865852356},{""bbox"":[347.4101257324219,180.7662353515625,362.88751220703125,198.27041625976562],""confidence"":0.020260175690054893},{""bbox"":[354.7109375,227.19078063964844,371.2374572753906,243.32826232910156],""confidence"":0.019058560952544212},{""bbox"":[487.13641357421875,159.16587829589844,498.3111572265625,170.07797241210938],""confidence"":0.005207421258091927},{""bbox"":[345.799072265625,145.80087280273438,362.23406982421875,165.1851043701172],""confidence"":0.0031275206711143255},{""bbox"":[350.5695495605469,233.53211975097656,364.7486572265625,248.52406311035156],""confidence"":0.0028157869819551706},{""bbox"":[490.3690185546875,193.26461791992188,501.3573303222656,204.3094940185547],""confidence"":0.0024617258459329605},{""bbox"":[356.7663879394531,233.91458129882812,371.1673278808594,249.12515258789062],""confidence"":0.0022189547307789326},{""bbox"":[354.63348388671875,180.78106689453125,370.613525390625,198.02761840820312],""confidence"":0.0019251976627856493},{""bbox"":[344.4502868652344,137.89480590820312,362.89385986328125,156.85562133789062],""confidence"":0.0018692680168896914},{""bbox"":[477.3409423828125,190.95750427246094,491.4548645019531,206.83226013183594],""confidence"":0.0016184666892513633},{""bbox"":[344.1634826660156,148.59088134765625,363.202880859375,169.08436584472656],""confidence"":0.0015828768955543637},{""bbox"":[491.6476135253906,238.37139892578125,502.1190185546875,249.63217163085938],""confidence"":0.0014535533264279366},{""bbox"":[355.5758056640625,147.17689514160156,370.78143310546875,163.01429748535156],""confidence"":0.0010312383528798819}]",20,0.001
001_20200623_043236(1),4,576,444,"[[348.0,142.0,360.99999999999994,153.0],[348.0,175.0,360.99999999999994,187.0],[350.00000000000006,219.0,362.0,233.0]]","[{""bbox"":[347.3449401855469,175.7872314453125,360.1484069824219,189.39308166503906],""confidence"":0.5635889768600464},{""bbox"":[346.65673828125,143.18955993652344,358.4899597167969,155.102783203125],""confidence"":0.5496413111686707},{""bbox"":[348.9610900878906,221.423828125,360.9164123535156,233.70132446289062],""confidence"":0.5430243015289307},{""bbox"":[345.9122619628906,175.16073608398438,361.7701416015625,191.1902313232422],""confidence"":0.19436518847942352},{""bbox"":[350.768798828125,221.55242919921875,364.132080078125,234.3173370361328],""confidence"":0.1078655794262886},{""bbox"":[347.540283203125,217.7084197998047,362.3199768066406,231.85409545898438],""confidence"":0.10629396140575409},{""bbox"":[348.5880432128906,175.37452697753906,364.4351806640625,190.08071899414062],""confidence"":0.059595126658678055},{""bbox"":[374.7727966308594,178.3691864013672,386.2221984863281,190.0008544921875],""confidence"":0.03793935477733612},{""bbox"":[345.14849853515625,139.00050354003906,358.96380615234375,154.6471710205078],""confidence"":0.01790909841656685},{""bbox"":[376.0068359375,178.9585418701172,387.9227294921875,191.20950317382812],""confidence"":0.013598009012639523},{""bbox"":[348.40374755859375,141.62057495117188,364.00555419921875,156.74998474121094],""confidence"":0.007483913097530603},{""bbox"":[344.3464050292969,137.58609008789062,361.5322570800781,156.56455993652344],""confidence"":0.0050206733867526054},{""bbox"":[341.58673095703125,141.36056518554688,356.6541442871094,155.29473876953125],""confidence"":0.004385787528008223},{""bbox"":[361.01947021484375,173.69224548339844,374.9167785644531,188.0288543701172],""confidence"":0.004255304113030434},{""bbox"":[373.080078125,174.98468017578125,385.7394104003906,189.55343627929688],""confidence"":0.0025403595063835382},{""bbox"":[349.706787109375,217.83157348632812,364.6736755371094,234.49658203125],""confidence"":0.002387303626164794},{""bbox"":[357.9749450683594,217.81021118164062,372.1449890136719,233.07423400878906],""confidence"":0.00175305490847677},{""bbox"":[343.671630859375,210.32752990722656,361.23919677734375,226.97061157226562],""confidence"":0.0012441131984815001},{""bbox"":[483.7145080566406,188.73248291015625,495.385498046875,199.75177001953125],""confidence"":0.0011121050920337439},{""bbox"":[341.63018798828125,174.46261596679688,359.18475341796875,189.61912536621094],""confidence"":0.0010526326950639486}]",20,0.001
001_20200623_043240(6),4,576,444,"[[346.00000000000006,150.0,358.0,164.0],[351.0,232.0,362.00000000000006,242.0],[349.0,186.00000000000003,360.99999999999994,198.0]]","[{""bbox"":[345.86505126953125,152.81625366210938,358.44879150390625,165.3629913330078],""confidence"":0.6240955591201782},{""bbox"":[346.9241638183594,184.56651306152344,359.76873779296875,198.3755645751953],""confidence"":0.5498912334442139},{""bbox"":[349.8331298828125,230.46206665039062,363.01824951171875,243.37429809570312],""confidence"":0.5413257479667664},{""bbox"":[344.190673828125,149.0067901611328,359.2579650878906,164.88034057617188],""confidence"":0.0891004353761673},{""bbox"":[348.6528015136719,183.8314208984375,363.96051025390625,198.63890075683594],""confidence"":0.07613029330968857},{""bbox"":[345.16839599609375,181.821533203125,360.5088195800781,197.86981201171875],""confidence"":0.05109873414039612},{""bbox"":[349.121826171875,233.18898010253906,363.1872863769531,248.0361328125],""confidence"":0.019383832812309265},{""bbox"":[343.3516540527344,151.21315002441406,360.0468444824219,168.95266723632812],""confidence"":0.016880108043551445},{""bbox"":[451.281982421875,236.6121826171875,462.8991394042969,247.67344665527344],""confidence"":0.00828981027007103},{""bbox"":[347.0567321777344,191.31536865234375,361.6662902832031,207.06053161621094],""confidence"":0.008206626400351524},{""bbox"":[347.0102844238281,152.25424194335938,364.0312805175781,166.2982635498047],""confidence"":0.0060007222928106785},{""bbox"":[341.6157531738281,151.86813354492188,355.2699890136719,164.32913208007812],""confidence"":0.005608339328318834},{""bbox"":[341.60430908203125,183.58604431152344,359.24627685546875,199.9298553466797],""confidence"":0.0050139580853283405},{""bbox"":[348.13037109375,225.32205200195312,363.9814453125,245.5948028564453],""confidence"":0.004153696820139885},{""bbox"":[420.0001220703125,235.43719482421875,430.9410705566406,246.6514434814453],""confidence"":0.0026787221431732178},{""bbox"":[348.1636047363281,229.1328887939453,366.4454040527344,248.4771728515625],""confidence"":0.0025072633288800716},{""bbox"":[346.0665283203125,224.0308380126953,362.5943603515625,242.52906799316406],""confidence"":0.0016424317145720124},{""bbox"":[462.21612548828125,191.01942443847656,476.4200134277344,207.3169708251953],""confidence"":0.0013640462420880795},{""bbox"":[448.8406677246094,236.731689453125,460.6178894042969,248.00277709960938],""confidence"":0.0010428985115140676}]",19,0.001
001_20200623_043245(2),4,576,444,"[[350.0,155.99999999999997,361.0,168.0],[351.0,191.0,362.99999999999994,201.0],[355.0,236.0,364.0,249.00000000000003]]","[{""bbox"":[349.4080505371094,156.16722106933594,361.9136657714844,168.51365661621094],""confidence"":0.5788683295249939},{""bbox"":[349.8619689941406,189.04306030273438,362.87872314453125,201.4741973876953],""confidence"":0.5786699056625366},{""bbox"":[354.2943420410156,234.57034301757812,366.1447448730469,247.50961303710938],""confidence"":0.5628523826599121},{""bbox"":[355.4961853027344,231.85997009277344,371.1083068847656,246.3003387451172],""confidence"":0.04421554133296013},{""bbox"":[356.51898193359375,234.4276885986328,371.28656005859375,248.43316650390625],""confidence"":0.0280056893825531},{""bbox"":[351.38714599609375,232.18231201171875,365.9723815917969,246.11000061035156],""confidence"":0.026544485241174698},{""bbox"":[349.249755859375,187.98446655273438,365.8460388183594,205.165771484375],""confidence"":0.019191084429621696},{""bbox"":[492.98321533203125,165.00686645507812,503.95635986328125,175.64064025878906],""confidence"":0.016733644530177116},{""bbox"":[347.52581787109375,153.23919677734375,361.59259033203125,168.1102294921875],""confidence"":0.009456515312194824},{""bbox"":[350.3299865722656,153.1111297607422,364.4034729003906,168.50030517578125],""confidence"":0.007940405048429966},{""bbox"":[490.981689453125,164.78602600097656,501.87738037109375,175.76779174804688],""confidence"":0.004717307630926371},{""bbox"":[348.8863220214844,233.38124084472656,363.8856201171875,247.13128662109375],""confidence"":0.004121282137930393},{""bbox"":[346.5417785644531,151.26052856445312,362.3648376464844,170.27110290527344],""confidence"":0.001927751931361854},{""bbox"":[385.63201904296875,192.6400604248047,396.6763610839844,203.5442657470703],""confidence"":0.0016869931714609265},{""bbox"":[460.6559753417969,192.90650939941406,475.25152587890625,210.60971069335938],""confidence"":0.001018251059576869}]",15,0.001
001_20200623_043249(6),4,576,444,"[[345.0,154.0,358.0,169.0],[346.0,191.00000000000003,357.00000000000006,203.0],[347.0,236.0,360.0,244.99999999999997]]","[{""bbox"":[343.7179260253906,155.49667358398438,356.12677001953125,167.6638641357422],""confidence"":0.6134690642356873},{""bbox"":[345.047119140625,188.5056915283203,357.93133544921875,201.27630615234375],""confidence"":0.5677490234375},{""bbox"":[348.2865295410156,233.6528778076172,359.801513671875,245.72108459472656],""confidence"":0.5461515188217163},{""bbox"":[341.26995849609375,154.44761657714844,354.31378173828125,167.54246520996094],""confidence"":0.0805303081870079},{""bbox"":[347.7794494628906,232.6987762451172,361.7662658691406,247.10031127929688],""confidence"":0.060513123869895935},{""bbox"":[341.4650573730469,187.76309204101562,356.0673828125,201.8604278564453],""confidence"":0.049958545714616776},{""bbox"":[341.4194641113281,151.57064819335938,358.13116455078125,169.70907592773438],""confidence"":0.02433021180331707},{""bbox"":[344.3727111816406,188.26577758789062,360.6304931640625,205.10496520996094],""confidence"":0.02102481946349144},{""bbox"":[350.9231262207031,233.93336486816406,364.5843505859375,247.30679321289062],""confidence"":0.01826322264969349},{""bbox"":[487.0440673828125,166.31982421875,497.9910583496094,176.8546600341797],""confidence"":0.010360633954405785},{""bbox"":[349.6405944824219,187.39736938476562,363.9837951660156,201.58164978027344],""confidence"":0.004366835113614798},{""bbox"":[353.2243347167969,234.66192626953125,367.08544921875,248.53424072265625],""confidence"":0.003414975479245186},{""bbox"":[344.3349609375,224.45907592773438,360.64813232421875,241.51502990722656],""confidence"":0.001522532431408763},{""bbox"":[340.38824462890625,181.71446228027344,359.7781066894531,198.81732177734375],""confidence"":0.0013150169979780912},{""bbox"":[484.08660888671875,166.10350036621094,494.918701171875,177.08685302734375],""confidence"":0.0011408982099965215}]",15,0.001
001_20200623_163159(5),4,576,444,"[[364.0,157.00000000000003,379.0,169.0],[364.0,188.0,378.0,199.99999999999997],[365.0,226.0,380.99999999999994,237.99999999999997]]","[{""bbox"":[363.4388732910156,154.513916015625,376.2829895019531,167.12928771972656],""confidence"":0.6222015619277954},{""bbox"":[363.8091125488281,186.23638916015625,377.46600341796875,199.64410400390625],""confidence"":0.5785367488861084},{""bbox"":[368.6199645996094,224.78741455078125,380.2445068359375,236.31085205078125],""confidence"":0.3240036964416504},{""bbox"":[505.5135803222656,235.550048828125,516.327880859375,247.1696319580078],""confidence"":0.125491201877594},{""bbox"":[481.50152587890625,165.95106506347656,492.510498046875,176.58181762695312],""confidence"":0.09474990516901016},{""bbox"":[372.1632080078125,220.8280487060547,386.038818359375,236.75634765625],""confidence"":0.03022298589348793},{""bbox"":[364.28497314453125,152.85195922851562,378.5636901855469,167.61566162109375],""confidence"":0.028098972514271736},{""bbox"":[483.6403503417969,166.1178436279297,494.2333679199219,176.8131866455078],""confidence"":0.022534040734171867},{""bbox"":[361.2612609863281,150.72711181640625,376.39581298828125,169.26089477539062],""confidence"":0.02018112689256668},{""bbox"":[504.4744873046875,233.91665649414062,517.5455932617188,248.63076782226562],""confidence"":0.011456072330474854},{""bbox"":[505.1099853515625,232.45773315429688,516.3185424804688,246.1328582763672],""confidence"":0.011169222183525562},{""bbox"":[364.57940673828125,220.39230346679688,378.62225341796875,235.20269775390625],""confidence"":0.005876994226127863},{""bbox"":[363.1201171875,181.933837890625,378.2073059082031,198.96522521972656],""confidence"":0.005835267715156078},{""bbox"":[363.8502502441406,190.9068603515625,377.81134033203125,206.0841522216797],""confidence"":0.003373617772012949},{""bbox"":[375.93499755859375,225.33680725097656,387.2109375,237.23703002929688],""confidence"":0.003298792289569974},{""bbox"":[363.0933532714844,223.84613037109375,377.5762023925781,237.1248016357422],""confidence"":0.0030238921754062176},{""bbox"":[509.87701416015625,170.5390167236328,519.8057861328125,180.39517211914062],""confidence"":0.0022337776608765125},{""bbox"":[477.85009765625,165.39691162109375,489.9311218261719,176.88235473632812],""confidence"":0.0022280048578977585},{""bbox"":[478.02777099609375,163.19204711914062,492.5321350097656,180.10067749023438],""confidence"":0.0017292348202317953},{""bbox"":[369.6561584472656,224.87640380859375,384.4910888671875,241.35281372070312],""confidence"":0.001252643996849656},{""bbox"":[371.71405029296875,150.9891357421875,387.0723876953125,169.07972717285156],""confidence"":0.001052560517564416}]",21,0.001
001_20200623_163209(3),4,576,444,"[[365.0,158.0,377.0,169.0],[364.0,188.0,378.0,203.0],[369.0,226.0,384.00000000000006,239.99999999999997]]","[{""bbox"":[365.7514953613281,188.1203155517578,379.25006103515625,201.306884765625],""confidence"":0.6253551840782166},{""bbox"":[363.0834655761719,155.45651245117188,375.7754211425781,168.1609649658203],""confidence"":0.6041375994682312},{""bbox"":[370.6628723144531,225.44158935546875,382.3077697753906,236.91110229492188],""confidence"":0.5410491228103638},{""bbox"":[363.0895080566406,187.6881103515625,377.5454406738281,201.60433959960938],""confidence"":0.059353768825531006},{""bbox"":[372.69512939453125,225.23631286621094,385.85028076171875,237.5349578857422],""confidence"":0.0577409490942955},{""bbox"":[361.8011474609375,153.23414611816406,375.0245056152344,167.44654846191406],""confidence"":0.05517715588212013},{""bbox"":[370.44158935546875,220.7184295654297,384.66571044921875,235.98497009277344],""confidence"":0.04572970047593117},{""bbox"":[362.91131591796875,154.58680725097656,378.69903564453125,169.50013732910156],""confidence"":0.029799649491906166},{""bbox"":[365.1549987792969,189.96690368652344,379.5751953125,204.2163848876953],""confidence"":0.013363506644964218},{""bbox"":[508.0313720703125,162.1723175048828,518.8162231445312,172.71266174316406],""confidence"":0.012504770420491695},{""bbox"":[369.5625,225.10035705566406,384.2419738769531,241.1143035888672],""confidence"":0.009329714812338352},{""bbox"":[363.4713439941406,186.46253967285156,380.9708557128906,205.1279754638672],""confidence"":0.008161206729710102},{""bbox"":[360.9839782714844,151.1437530517578,376.7250671386719,170.29440307617188],""confidence"":0.006299798842519522},{""bbox"":[365.4367370605469,220.43923950195312,379.83673095703125,234.6646728515625],""confidence"":0.005442996043711901},{""bbox"":[505.5035705566406,161.796630859375,516.350830078125,172.81185913085938],""confidence"":0.0029653117526322603},{""bbox"":[369.6972351074219,186.41107177734375,385.5939636230469,202.11459350585938],""confidence"":0.002399888588115573},{""bbox"":[372.374755859375,224.8787078857422,387.942626953125,241.2047119140625],""confidence"":0.0019799259025603533},{""bbox"":[504.5350341796875,160.091064453125,514.7634887695312,172.02134704589844],""confidence"":0.0010807522339746356},{""bbox"":[436.7792663574219,227.55172729492188,448.1835021972656,238.9898223876953],""confidence"":0.0010428886162117124}]",19,0.001
001_20200623_163212(9),4,576,444,"[[360.99999999999994,140.0,372.0,152.00000000000003],[360.0,171.0,375.99999999999994,184.00000000000003],[362.99999999999994,208.0,374.0,218.99999999999997]]","[{""bbox"":[357.95635986328125,137.97445678710938,371.0055847167969,150.51327514648438],""confidence"":0.628378689289093},{""bbox"":[360.7138366699219,170.31033325195312,372.48040771484375,182.60061645507812],""confidence"":0.5726432204246521},{""bbox"":[362.3559265136719,207.58145141601562,374.235107421875,220.348876953125],""confidence"":0.5070955753326416},{""bbox"":[355.39910888671875,134.17770385742188,371.5619812011719,150.3365020751953],""confidence"":0.09421706199645996},{""bbox"":[361.7777099609375,204.06680297851562,375.51556396484375,218.11624145507812],""confidence"":0.08504723012447357},{""bbox"":[355.8074951171875,137.03350830078125,369.2979431152344,149.7342529296875],""confidence"":0.08312768489122391},{""bbox"":[359.0756530761719,167.46229553222656,372.30450439453125,182.25416564941406],""confidence"":0.049827106297016144},{""bbox"":[364.7337646484375,207.28717041015625,378.53472900390625,220.88946533203125],""confidence"":0.03164941444993019},{""bbox"":[506.0287170410156,184.87135314941406,516.6344604492188,195.6298370361328],""confidence"":0.0233258418738842},{""bbox"":[355.8880310058594,169.48052978515625,370.23309326171875,183.00119018554688],""confidence"":0.01657927967607975},{""bbox"":[355.8225402832031,136.4763641357422,372.56231689453125,154.4733428955078],""confidence"":0.008703852072358131},{""bbox"":[506.4088439941406,182.09620666503906,516.3963012695312,194.43797302246094],""confidence"":0.004637857899069786},{""bbox"":[491.5362854003906,218.8274688720703,505.1455993652344,233.58006286621094],""confidence"":0.003586516948416829},{""bbox"":[363.1623229980469,169.59677124023438,378.3992004394531,183.9768829345703],""confidence"":0.0027564228512346745},{""bbox"":[504.0890808105469,182.1267852783203,514.0969848632812,194.14724731445312],""confidence"":0.002633612137287855},{""bbox"":[457.52410888671875,217.03001403808594,467.615234375,227.7266387939453],""confidence"":0.002585014561191201},{""bbox"":[351.2209167480469,133.24940490722656,365.650146484375,148.4314422607422],""confidence"":0.002532077021896839},{""bbox"":[453.1642761230469,216.9158172607422,463.16162109375,227.60787963867188],""confidence"":0.0018771564355120063},{""bbox"":[499.3826599121094,219.9221649169922,510.3457946777344,231.53125],""confidence"":0.0018631925340741873},{""bbox"":[504.064697265625,220.18968200683594,515.6515502929688,231.8093719482422],""confidence"":0.0017098222160711884},{""bbox"":[373.7010803222656,203.94264221191406,386.9780578613281,219.0933380126953],""confidence"":0.001254105824045837},{""bbox"":[447.1137390136719,216.67373657226562,457.0195617675781,227.41912841796875],""confidence"":0.0011664879275485873},{""bbox"":[487.2756652832031,218.6719207763672,498.36395263671875,229.68978881835938],""confidence"":0.0011049680178985},{""bbox"":[499.13690185546875,217.51446533203125,509.32275390625,230.0196533203125],""confidence"":0.001072532613761723}]",24,0.001
001_20200623_163216(2),4,576,444,"[[335.0,159.0,349.0,173.0],[339.0,192.0,354.0,207.0],[342.99999999999994,239.99999999999997,358.0,251.0]]","[{""bbox"":[336.0340881347656,160.54405212402344,349.04815673828125,173.01132202148438],""confidence"":0.6433539986610413},{""bbox"":[339.3023376464844,192.51303100585938,352.4479675292969,206.2593536376953],""confidence"":0.5450168251991272},{""bbox"":[344.38275146484375,237.57797241210938,357.1822204589844,250.2815704345703],""confidence"":0.5317986607551575},{""bbox"":[334.2719421386719,159.47137451171875,347.65557861328125,172.39547729492188],""confidence"":0.10967127233743668},{""bbox"":[344.145751953125,232.73486328125,358.2109069824219,247.1550750732422],""confidence"":0.0896090641617775},{""bbox"":[341.3323974609375,237.1278839111328,355.7606506347656,250.79823303222656],""confidence"":0.0625753402709961},{""bbox"":[340.6913757324219,188.70474243164062,355.86395263671875,202.47203063964844],""confidence"":0.059684183448553085},{""bbox"":[334.7269592285156,159.43185424804688,350.5755615234375,176.0706024169922],""confidence"":0.04137539118528366},{""bbox"":[341.1085510253906,190.97308349609375,357.0124816894531,206.23233032226562],""confidence"":0.03322812542319298},{""bbox"":[337.4849853515625,189.73492431640625,351.9620056152344,202.59051513671875],""confidence"":0.03239503875374794},{""bbox"":[342.65582275390625,232.53543090820312,357.9194641113281,251.43626403808594],""confidence"":0.005586199928075075},{""bbox"":[334.4158020019531,191.37298583984375,351.4735107421875,206.89041137695312],""confidence"":0.005114770028740168},{""bbox"":[477.97216796875,230.82318115234375,489.0154113769531,242.67562866210938],""confidence"":0.003028697334229946},{""bbox"":[478.60235595703125,152.39634704589844,489.29840087890625,163.69403076171875],""confidence"":0.002255610888823867},{""bbox"":[331.65460205078125,152.0162811279297,349.7450256347656,170.8773956298828],""confidence"":0.0017335641896352172},{""bbox"":[337.0497741699219,232.77471923828125,350.7060546875,247.03167724609375],""confidence"":0.001627469900995493},{""bbox"":[343.0323181152344,237.11788940429688,360.9382629394531,255.66555786132812],""confidence"":0.0015776739455759525},{""bbox"":[372.8712463378906,237.94869995117188,384.02850341796875,248.77352905273438],""confidence"":0.0014667705399915576},{""bbox"":[485.9996032714844,119.6517562866211,500.7354431152344,134.90948486328125],""confidence"":0.0013044029474258423}]",19,0.001
001_20200623_163219(5),4,576,444,"[[342.99999999999994,194.0,357.0,208.0],[347.0,230.00000000000003,364.0,243.00000000000003],[358.0,273.0,371.0,285.0]]","[{""bbox"":[343.3833923339844,196.5955047607422,356.1473693847656,208.6427764892578],""confidence"":0.6244435906410217},{""bbox"":[357.68255615234375,272.791015625,370.2113037109375,285.2339172363281],""confidence"":0.5253371596336365},{""bbox"":[349.0496520996094,228.49029541015625,361.8490295410156,241.61082458496094],""confidence"":0.5188595056533813},{""bbox"":[341.4234924316406,195.71302795410156,354.2117919921875,207.93685913085938],""confidence"":0.08163700997829437},{""bbox"":[342.03076171875,192.59762573242188,357.6705017089844,209.2236785888672],""confidence"":0.06989724934101105},{""bbox"":[347.8228454589844,225.18484497070312,362.6132507324219,241.28453063964844],""confidence"":0.0355193167924881},{""bbox"":[342.11968994140625,195.41433715820312,357.8770446777344,212.16001892089844],""confidence"":0.019981738179922104},{""bbox"":[356.2373352050781,268.5231018066406,371.16259765625,285.6612243652344],""confidence"":0.016811659559607506},{""bbox"":[344.9242858886719,224.2324676513672,360.9846496582031,242.53689575195312],""confidence"":0.010527108795940876},{""bbox"":[477.42840576171875,206.67880249023438,491.69525146484375,223.6430206298828],""confidence"":0.004732232540845871},{""bbox"":[358.62176513671875,277.8461608886719,372.7420349121094,293.60955810546875],""confidence"":0.0037817044649273157},{""bbox"":[348.2655334472656,234.59556579589844,362.51910400390625,250.7028350830078],""confidence"":0.0036181616596877575},{""bbox"":[428.6327819824219,217.69232177734375,438.36053466796875,227.98486328125],""confidence"":0.0013378736330196261},{""bbox"":[422.5794372558594,218.59442138671875,432.7666015625,229.1044921875],""confidence"":0.0013229158939793706},{""bbox"":[424.0150146484375,216.9207000732422,433.8634338378906,228.478759765625],""confidence"":0.0012281014351174235},{""bbox"":[484.24578857421875,208.12867736816406,494.91693115234375,219.5299530029297],""confidence"":0.0011599581921473145},{""bbox"":[498.36981201171875,251.2742919921875,508.94317626953125,262.20086669921875],""confidence"":0.0011313240975141525},{""bbox"":[415.64398193359375,219.71359252929688,426.00177001953125,230.5637969970703],""confidence"":0.0010353955440223217}]",18,0.001
001_20200623_163222(9),4,576,444,"[[346.0,201.0,360.0,215.0],[351.0,246.0,371.99999999999994,261.0],[340.0,167.0,357.0,181.0]]","[{""bbox"":[341.2151184082031,169.48382568359375,353.11431884765625,181.67459106445312],""confidence"":0.6076444387435913},{""bbox"":[353.1322021484375,245.1410675048828,366.1261901855469,258.47686767578125],""confidence"":0.5729652047157288},{""bbox"":[345.6338195800781,201.63864135742188,358.8531188964844,214.97923278808594],""confidence"":0.5463980436325073},{""bbox"":[349.4073486328125,199.2584228515625,363.97039794921875,213.1908416748047],""confidence"":0.05033218115568161},{""bbox"":[342.046630859375,168.42210388183594,356.9228820800781,181.95660400390625],""confidence"":0.04342983663082123},{""bbox"":[346.2099914550781,204.774169921875,359.919189453125,219.39125061035156],""confidence"":0.03984953090548515},{""bbox"":[348.7152404785156,244.37738037109375,365.2211608886719,259.5130310058594],""confidence"":0.026595858857035637},{""bbox"":[351.1005554199219,246.69155883789062,365.5646057128906,260.743408203125],""confidence"":0.023879220709204674},{""bbox"":[340.9779968261719,165.9913787841797,357.8105773925781,184.26966857910156],""confidence"":0.019550716504454613},{""bbox"":[354.958740234375,243.36781311035156,371.2401428222656,259.3578186035156],""confidence"":0.019073260948061943},{""bbox"":[355.7312927246094,246.7034912109375,371.0239562988281,261.255859375],""confidence"":0.015089302323758602},{""bbox"":[341.5832214355469,201.56044006347656,355.88665771484375,214.63330078125],""confidence"":0.013054292649030685},{""bbox"":[351.0809631347656,244.28753662109375,368.2242431640625,262.769775390625],""confidence"":0.012469043955206871},{""bbox"":[345.8394775390625,196.38333129882812,361.3029479980469,213.9546356201172],""confidence"":0.007353684399276972},{""bbox"":[343.90447998046875,201.68551635742188,360.74847412109375,219.50177001953125],""confidence"":0.006134230177849531},{""bbox"":[350.5378723144531,239.68975830078125,366.5890808105469,260.4151306152344],""confidence"":0.005291887558996677},{""bbox"":[441.86822509765625,155.9309539794922,452.54266357421875,166.6734161376953],""confidence"":0.0035245369654148817},{""bbox"":[439.9878845214844,156.66651916503906,450.58758544921875,167.42213439941406],""confidence"":0.0033415884245187044},{""bbox"":[490.86834716796875,229.5146026611328,501.766357421875,240.7445068359375],""confidence"":0.0023422676604241133},{""bbox"":[347.0655822753906,238.3102569580078,363.37579345703125,256.6920471191406],""confidence"":0.0012967161601409316},{""bbox"":[486.8983459472656,230.07960510253906,498.233154296875,241.713134765625],""confidence"":0.0010633193887770176}]",21,0.001
001_20200624_123313(4),4,576,444,"[[353.00000000000006,193.0,369.0,207.0],[355.0,220.00000000000003,369.0,235.00000000000003],[362.99999999999994,259.0,378.0,273.0]]","[{""bbox"":[351.6314697265625,191.27664184570312,364.1507873535156,203.87278747558594],""confidence"":0.6183945536613464},{""bbox"":[356.4582214355469,221.9930419921875,370.076416015625,235.3365936279297],""confidence"":0.5520829558372498},{""bbox"":[363.4179992675781,259.31915283203125,375.7754211425781,271.7590637207031],""confidence"":0.5037161707878113},{""bbox"":[365.0418395996094,258.10125732421875,378.6679992675781,271.5959777832031],""confidence"":0.14246149361133575},{""bbox"":[355.7766418457031,218.1893768310547,370.9054260253906,232.2140350341797],""confidence"":0.07149313390254974},{""bbox"":[348.6082763671875,190.13565063476562,362.27777099609375,203.72508239746094],""confidence"":0.05744335055351257},{""bbox"":[350.98779296875,189.0193328857422,365.6828918457031,203.22113037109375],""confidence"":0.0263547170907259},{""bbox"":[362.4775085449219,262.44476318359375,376.86212158203125,277.7919921875],""confidence"":0.01726357266306877},{""bbox"":[492.6061706542969,234.87423706054688,506.9088439941406,251.15663146972656],""confidence"":0.011465650051832199},{""bbox"":[361.74755859375,253.98829650878906,377.1370849609375,272.34271240234375],""confidence"":0.010462222620844841},{""bbox"":[351.84075927734375,219.1547393798828,366.35137939453125,232.1167449951172],""confidence"":0.008687607012689114},{""bbox"":[499.66259765625,237.61383056640625,510.26715087890625,249.08575439453125],""confidence"":0.006341991946101189},{""bbox"":[358.8465881347656,253.26065063476562,374.4410095214844,270.7254943847656],""confidence"":0.0041862730868160725},{""bbox"":[405.39093017578125,248.85035705566406,418.923828125,264.42950439453125],""confidence"":0.0036807360593229532},{""bbox"":[364.4849853515625,253.86459350585938,379.38043212890625,271.3846130371094],""confidence"":0.0033437362872064114},{""bbox"":[361.6382751464844,258.4042053222656,379.1884765625,277.4050598144531],""confidence"":0.0024615381844341755},{""bbox"":[502.8626708984375,236.76052856445312,515.3451538085938,249.1875],""confidence"":0.002321370644494891},{""bbox"":[495.7032165527344,172.3560333251953,505.86273193359375,182.52157592773438],""confidence"":0.0019684629514813423},{""bbox"":[406.1586608886719,252.87081909179688,416.228515625,263.65472412109375],""confidence"":0.0014395029284060001},{""bbox"":[346.2099609375,180.7653045654297,364.1395263671875,199.87887573242188],""confidence"":0.0013577400241047144},{""bbox"":[499.9868469238281,171.84780883789062,509.2200927734375,181.8833770751953],""confidence"":0.001285095582716167},{""bbox"":[402.22650146484375,253.96401977539062,412.7032775878906,264.4178466796875],""confidence"":0.0012638319749385118},{""bbox"":[354.1039123535156,188.42913818359375,370.9723205566406,202.74510192871094],""confidence"":0.00115202646702528}]",23,0.001
001_20200624_123317(8),4,576,444,"[[355.0,152.0,369.0,165.00000000000003],[354.0,180.0,369.99999999999994,196.0],[357.0,216.0,371.0,231.0]]","[{""bbox"":[353.95404052734375,148.78028869628906,365.9256286621094,161.11529541015625],""confidence"":0.5921151041984558},{""bbox"":[353.9088439941406,180.52227783203125,366.5931091308594,193.7239990234375],""confidence"":0.5898479223251343},{""bbox"":[358.0139465332031,217.43618774414062,370.52593994140625,229.42172241210938],""confidence"":0.48457637429237366},{""bbox"":[355.72149658203125,216.6876220703125,369.21044921875,230.08644104003906],""confidence"":0.10650967061519623},{""bbox"":[359.74627685546875,218.06993103027344,373.473388671875,232.420166015625],""confidence"":0.04837227612733841},{""bbox"":[354.2474060058594,176.69354248046875,369.7635192871094,191.40478515625],""confidence"":0.045507173985242844},{""bbox"":[354.30511474609375,180.27041625976562,371.2766418457031,194.87460327148438],""confidence"":0.02219267003238201},{""bbox"":[351.734619140625,177.0972442626953,366.4053649902344,190.45144653320312],""confidence"":0.018550848588347435},{""bbox"":[355.51416015625,147.66085815429688,371.1715393066406,162.0177459716797],""confidence"":0.014524238184094429},{""bbox"":[351.72332763671875,146.13697814941406,366.2358703613281,160.26361083984375],""confidence"":0.014199025928974152},{""bbox"":[353.8180236816406,145.51861572265625,370.4103698730469,159.43980407714844],""confidence"":0.010451771318912506},{""bbox"":[350.8996887207031,179.0898895263672,368.7792663574219,198.0130615234375],""confidence"":0.006287223659455776},{""bbox"":[491.0263366699219,219.69277954101562,504.4832763671875,234.79815673828125],""confidence"":0.004588162526488304},{""bbox"":[493.345458984375,225.29656982421875,503.806396484375,235.61009216308594],""confidence"":0.004553285893052816},{""bbox"":[348.8416748046875,147.13162231445312,363.429931640625,160.92764282226562],""confidence"":0.004415069706737995},{""bbox"":[496.78472900390625,225.0681610107422,508.45989990234375,236.07601928710938],""confidence"":0.0031595209147781134},{""bbox"":[499.6343994140625,158.23924255371094,509.4111328125,168.61154174804688],""confidence"":0.002304001245647669},{""bbox"":[354.9435729980469,210.48020935058594,372.94842529296875,226.9782257080078],""confidence"":0.0015041220467537642},{""bbox"":[348.8146057128906,179.75933837890625,365.4854431152344,194.11331176757812],""confidence"":0.0013140785740688443},{""bbox"":[494.7899169921875,188.67539978027344,505.2271728515625,199.7851104736328],""confidence"":0.0011953453067690134},{""bbox"":[496.26397705078125,158.26524353027344,506.7049255371094,168.7592315673828],""confidence"":0.001172413700260222},{""bbox"":[351.8554382324219,174.61399841308594,368.76483154296875,194.67623901367188],""confidence"":0.001039127353578806},{""bbox"":[367.9291076660156,218.21224975585938,379.77093505859375,230.1717529296875],""confidence"":0.0010050706332549453}]",23,0.001
001_20200624_123322(3),4,576,444,"[[358.0,144.0,372.0,158.0],[362.0,174.0,376.0,189.99999999999997],[365.0,211.0,383.0,227.0]]","[{""bbox"":[360.73602294921875,174.75177001953125,373.3176574707031,187.91757202148438],""confidence"":0.5816493630409241},{""bbox"":[356.031982421875,143.46885681152344,368.8789367675781,156.1916046142578],""confidence"":0.5542306303977966},{""bbox"":[366.2674255371094,211.9876708984375,377.802734375,223.451904296875],""confidence"":0.35950565338134766},{""bbox"":[357.0162658691406,142.36900329589844,371.3484802246094,156.81094360351562],""confidence"":0.1289595514535904},{""bbox"":[368.2913818359375,211.7129669189453,379.39337158203125,222.90281677246094],""confidence"":0.1069725975394249},{""bbox"":[359.3135681152344,174.3818359375,375.14300537109375,190.7219696044922],""confidence"":0.061217229813337326},{""bbox"":[362.5701904296875,172.8518524169922,378.36456298828125,188.35400390625],""confidence"":0.02504635602235794},{""bbox"":[362.9068603515625,211.7669677734375,375.581787109375,223.8822479248047],""confidence"":0.022791225463151932},{""bbox"":[366.31695556640625,212.8128662109375,379.23150634765625,226.64662170410156],""confidence"":0.021117359399795532},{""bbox"":[355.1531982421875,138.92657470703125,370.6338195800781,157.442626953125],""confidence"":0.011835468001663685},{""bbox"":[492.69232177734375,191.27696228027344,506.4368591308594,206.90484619140625],""confidence"":0.010988377965986729},{""bbox"":[374.31060791015625,206.76939392089844,386.9423522949219,222.68154907226562],""confidence"":0.009808418340981007},{""bbox"":[368.48736572265625,211.81283569335938,380.9312438964844,226.86387634277344],""confidence"":0.006357992067933083},{""bbox"":[498.63592529296875,194.33094787597656,509.23773193359375,205.39456176757812],""confidence"":0.005530691239982843},{""bbox"":[495.6445007324219,194.8727569580078,506.29595947265625,205.7239532470703],""confidence"":0.0033688130788505077},{""bbox"":[356.0480041503906,173.8281707763672,371.76605224609375,188.29409790039062],""confidence"":0.002879661973565817},{""bbox"":[363.5212097167969,207.32684326171875,376.48431396484375,222.9143524169922],""confidence"":0.002769659971818328}]",17,0.001
001_20200624_123326(6),4,576,444,"[[345.0,129.0,358.0,143.0],[349.0,162.0,362.0,177.0],[355.0,208.99999999999997,369.0,222.0]]","[{""bbox"":[346.0101318359375,130.29815673828125,358.390625,142.45480346679688],""confidence"":0.5611504912376404},{""bbox"":[349.22381591796875,163.1559295654297,361.9563903808594,176.13845825195312],""confidence"":0.538752555847168},{""bbox"":[354.09765625,208.9314422607422,365.7018737792969,220.56629943847656],""confidence"":0.5067740082740784},{""bbox"":[350.6045227050781,163.2800750732422,364.7032775878906,177.0596160888672],""confidence"":0.10167686641216278},{""bbox"":[348.58111572265625,160.54776000976562,362.56121826171875,174.13412475585938],""confidence"":0.09223132580518723},{""bbox"":[356.4503173828125,204.38980102539062,371.0565185546875,219.12351989746094],""confidence"":0.036421678960323334},{""bbox"":[351.0271911621094,204.0906524658203,365.1630554199219,218.3445281982422],""confidence"":0.015059650875627995},{""bbox"":[357.9996337890625,208.07904052734375,371.3924560546875,221.39968872070312],""confidence"":0.00744849257171154},{""bbox"":[348.7006530761719,207.5120086669922,363.56494140625,220.6604461669922],""confidence"":0.006597579922527075},{""bbox"":[350.7876281738281,129.30535888671875,364.1207275390625,142.57810974121094],""confidence"":0.005319007206708193},{""bbox"":[352.6385498046875,203.67286682128906,367.7206726074219,221.3204803466797],""confidence"":0.004555594641715288},{""bbox"":[494.0615234375,208.46678161621094,504.49261474609375,218.85391235351562],""confidence"":0.003234219504520297},{""bbox"":[343.6472473144531,129.13296508789062,360.3112487792969,147.38560485839844],""confidence"":0.0026789058465510607},{""bbox"":[357.82159423828125,160.1575164794922,371.56439208984375,174.88229370117188],""confidence"":0.0020641987212002277},{""bbox"":[346.8876037597656,133.26791381835938,359.9320068359375,147.97268676757812],""confidence"":0.002044274006038904},{""bbox"":[341.0313415527344,126.4731674194336,355.9464111328125,142.88006591796875],""confidence"":0.0019026525551453233},{""bbox"":[341.3909912109375,129.9652862548828,354.11273193359375,141.90968322753906],""confidence"":0.0018878658302128315},{""bbox"":[484.5279846191406,161.96360778808594,496.9172668457031,174.55810546875],""confidence"":0.0017646215856075287},{""bbox"":[492.32244873046875,127.05103302001953,503.2646179199219,137.9685516357422],""confidence"":0.0012147114612162113},{""bbox"":[343.5971984863281,123.57987213134766,359.7384033203125,144.9125213623047],""confidence"":0.0011382478987798095},{""bbox"":[343.5718688964844,152.4888916015625,362.9330139160156,169.8946075439453],""confidence"":0.0010610991157591343}]",21,0.001
001_20200624_123331(2),4,576,444,"[[348.0,123.99999999999999,360.99999999999994,138.99999999999997],[350.0,159.0,364.0,170.99999999999997],[356.0,203.0,369.0,220.00000000000003]]","[{""bbox"":[349.37225341796875,126.22998046875,361.49957275390625,138.07568359375],""confidence"":0.5972918272018433},{""bbox"":[352.02978515625,158.21868896484375,365.36346435546875,171.59580993652344],""confidence"":0.5874359011650085},{""bbox"":[355.7818298339844,204.2982635498047,368.00897216796875,216.85415649414062],""confidence"":0.5657070279121399},{""bbox"":[491.2971496582031,126.33403778076172,503.410888671875,138.72715759277344],""confidence"":0.15348559617996216},{""bbox"":[356.9393615722656,202.9511260986328,371.4671325683594,217.0270233154297],""confidence"":0.06087009608745575},{""bbox"":[347.67431640625,124.41889953613281,360.25311279296875,137.67813110351562],""confidence"":0.04313177242875099},{""bbox"":[348.7262878417969,157.80162048339844,364.05181884765625,172.6206512451172],""confidence"":0.04162605106830597},{""bbox"":[350.47576904296875,160.75758361816406,364.775634765625,174.8507843017578],""confidence"":0.02390359714627266},{""bbox"":[350.91204833984375,124.3012924194336,364.1188049316406,137.92062377929688],""confidence"":0.019579464569687843},{""bbox"":[489.52703857421875,124.25602722167969,502.420166015625,138.38153076171875],""confidence"":0.01230758335441351},{""bbox"":[348.66253662109375,124.8460464477539,364.60382080078125,140.37742614746094],""confidence"":0.008737868629395962},{""bbox"":[351.6918640136719,203.20652770996094,365.6090087890625,217.10488891601562],""confidence"":0.007460188120603561},{""bbox"":[349.71240234375,156.49534606933594,368.18701171875,176.57533264160156],""confidence"":0.006928574293851852},{""bbox"":[489.1120910644531,161.8893585205078,501.71185302734375,174.7303466796875],""confidence"":0.006763827987015247},{""bbox"":[357.66302490234375,203.98951721191406,373.20220947265625,219.47035217285156],""confidence"":0.00542049715295434},{""bbox"":[356.8123474121094,160.947998046875,371.2693176269531,175.83677673339844],""confidence"":0.005387683864682913},{""bbox"":[357.0031433105469,156.24365234375,371.50213623046875,171.4499969482422],""confidence"":0.004934216849505901},{""bbox"":[443.55316162109375,161.66815185546875,455.2127380371094,173.00143432617188],""confidence"":0.003957756329327822},{""bbox"":[485.53143310546875,159.869384765625,496.3810729980469,173.0182647705078],""confidence"":0.0033918973058462143},{""bbox"":[350.1941833496094,153.2486114501953,365.58551025390625,172.2781524658203],""confidence"":0.003237892407923937},{""bbox"":[477.65350341796875,161.37789916992188,491.6186828613281,176.28085327148438],""confidence"":0.002543889917433262},{""bbox"":[485.4393615722656,161.92884826660156,497.56805419921875,174.29100036621094],""confidence"":0.0024994630366563797},{""bbox"":[441.4001159667969,161.3543701171875,453.153076171875,173.13722229003906],""confidence"":0.0016974062891677022},{""bbox"":[347.3712463378906,121.52732849121094,361.78790283203125,139.6839599609375],""confidence"":0.001247253268957138},{""bbox"":[493.1924133300781,126.04031372070312,508.32452392578125,139.33070373535156],""confidence"":0.0011866926215589046}]",25,0.001
001_20200624_123335(6),4,576,444,"[[339.00000000000006,115.00000000000001,355.0,131.99999999999997],[339.00000000000006,151.0,355.0,165.0],[342.0,197.0,353.99999999999994,208.0]]","[{""bbox"":[339.6285400390625,117.43355560302734,351.30084228515625,129.47377014160156],""confidence"":0.5876975655555725},{""bbox"":[341.24932861328125,151.8231201171875,353.8223571777344,164.45355224609375],""confidence"":0.5823022723197937},{""bbox"":[343.54736328125,196.49447631835938,356.2956848144531,208.8136749267578],""confidence"":0.5603575706481934},{""bbox"":[341.3844299316406,195.60646057128906,354.7935791015625,208.40135192871094],""confidence"":0.12070642411708832},{""bbox"":[434.8350524902344,207.59437561035156,446.5989074707031,219.49575805664062],""confidence"":0.09865821152925491},{""bbox"":[377.0549011230469,201.34197998046875,388.7190856933594,213.45626831054688],""confidence"":0.09031621366739273},{""bbox"":[340.9542541503906,193.0395050048828,356.8476257324219,210.2012481689453],""confidence"":0.06545723229646683},{""bbox"":[342.5417175292969,151.48602294921875,357.1283874511719,164.8406524658203],""confidence"":0.05351199954748154},{""bbox"":[340.94097900390625,148.1199188232422,355.7603759765625,162.7581329345703],""confidence"":0.04905450716614723},{""bbox"":[344.7890319824219,197.11416625976562,359.0450134277344,212.332763671875],""confidence"":0.023914722725749016},{""bbox"":[433.4461975097656,205.16143798828125,447.7378845214844,220.80673217773438],""confidence"":0.02321431413292885},{""bbox"":[337.7294006347656,116.8327865600586,352.890625,132.9420928955078],""confidence"":0.021888604387640953},{""bbox"":[340.8090515136719,116.90234375,356.86737060546875,130.5655975341797],""confidence"":0.011883311904966831},{""bbox"":[337.0865783691406,148.07276916503906,351.6243896484375,161.62110900878906],""confidence"":0.009287912398576736},{""bbox"":[479.43511962890625,129.90579223632812,491.43206787109375,141.2289581298828],""confidence"":0.006294505670666695},{""bbox"":[339.0089416503906,150.2559356689453,357.01025390625,169.29722595214844],""confidence"":0.005927580874413252},{""bbox"":[475.3943786621094,163.99093627929688,487.1470031738281,175.81178283691406],""confidence"":0.005786417983472347},{""bbox"":[463.48443603515625,161.53134155273438,477.87994384765625,177.24024963378906],""confidence"":0.005500604398548603},{""bbox"":[336.49310302734375,191.1417236328125,350.5336608886719,206.7119903564453],""confidence"":0.002918548882007599},{""bbox"":[340.2616271972656,196.03399658203125,355.08251953125,212.4114227294922],""confidence"":0.0016577534843236208},{""bbox"":[482.80511474609375,129.75732421875,494.507080078125,141.24813842773438],""confidence"":0.0016137495404109359},{""bbox"":[379.96978759765625,201.16197204589844,393.0946044921875,214.15045166015625],""confidence"":0.0016083178343251348},{""bbox"":[472.50604248046875,164.2748565673828,484.26031494140625,175.6051025390625],""confidence"":0.0014132874784991145},{""bbox"":[431.787841796875,203.60769653320312,445.0265808105469,218.91087341308594],""confidence"":0.0013265154557302594},{""bbox"":[339.2763366699219,146.1065673828125,354.8725891113281,165.51551818847656],""confidence"":0.0012999207247048616},{""bbox"":[439.1918640136719,208.15147399902344,451.2281494140625,220.1253662109375],""confidence"":0.0012091249227523804},{""bbox"":[334.26129150390625,116.21994018554688,347.65570068359375,129.08926391601562],""confidence"":0.0010368386283516884}]",27,0.001
001_20200624_203149(7),4,576,444,"[[366.0,224.00000000000003,377.00000000000006,236.0],[368.0,254.00000000000003,378.0,269.0],[370.0,293.0,379.0,306.99999999999994]]","[{""bbox"":[363.564453125,225.14324951171875,376.16290283203125,236.97442626953125],""confidence"":0.6171413064002991},{""bbox"":[367.5146179199219,256.2310485839844,379.3462829589844,268.75238037109375],""confidence"":0.5802857279777527},{""bbox"":[369.1331481933594,292.0223083496094,380.9764099121094,304.8845520019531],""confidence"":0.5330104231834412},{""bbox"":[508.548095703125,229.86135864257812,519.4963989257812,240.49595642089844],""confidence"":0.12783756852149963},{""bbox"":[365.0894470214844,224.59622192382812,378.4522399902344,237.8032684326172],""confidence"":0.08447103202342987},{""bbox"":[362.2771911621094,220.99069213867188,376.7249755859375,237.07127380371094],""confidence"":0.059694938361644745},{""bbox"":[370.3548278808594,289.80731201171875,385.5023193359375,304.0716247558594],""confidence"":0.05386845022439957},{""bbox"":[363.09698486328125,255.2379913330078,377.3283386230469,269.018798828125],""confidence"":0.031072255223989487},{""bbox"":[511.07232666015625,229.79571533203125,522.584228515625,240.82566833496094],""confidence"":0.013444600626826286},{""bbox"":[365.94268798828125,290.22198486328125,380.438720703125,303.9978332519531],""confidence"":0.011736367829144001},{""bbox"":[360.91571044921875,223.39230346679688,377.3465270996094,240.8629913330078],""confidence"":0.010383638553321362},{""bbox"":[506.3116149902344,229.72457885742188,517.3081665039062,240.7262420654297],""confidence"":0.010111264884471893},{""bbox"":[371.918701171875,291.96234130859375,386.7230529785156,306.0525817871094],""confidence"":0.007411754224449396},{""bbox"":[371.05023193359375,255.52386474609375,385.630126953125,269.4169616699219],""confidence"":0.0038974706549197435},{""bbox"":[508.0771179199219,225.45718383789062,519.5110473632812,239.7382049560547],""confidence"":0.002053444506600499},{""bbox"":[421.1675109863281,294.1546936035156,432.2578125,305.2503356933594],""confidence"":0.0019501110073179007},{""bbox"":[370.4311218261719,221.2989959716797,385.3140869140625,237.68626403808594],""confidence"":0.0014744694344699383},{""bbox"":[507.8086242675781,260.6231689453125,518.5479736328125,272.3683166503906],""confidence"":0.001231162459589541}]",18,0.001
001_20200624_203154(3),4,576,444,"[[362.0,199.99999999999997,376.0,212.0],[364.0,231.0,377.0,244.99999999999997],[368.00000000000006,268.0,380.0,285.0]]","[{""bbox"":[362.17626953125,233.44546508789062,374.6580505371094,246.40350341796875],""confidence"":0.5929774045944214},{""bbox"":[359.6019592285156,200.60682678222656,372.9723205566406,214.12271118164062],""confidence"":0.5829038023948669},{""bbox"":[367.3990478515625,269.7398986816406,379.9057922363281,282.8365783691406],""confidence"":0.5557892322540283},{""bbox"":[360.5475158691406,232.83604431152344,375.6933288574219,248.43179321289062],""confidence"":0.08882267773151398},{""bbox"":[362.9595642089844,232.8629608154297,378.39501953125,247.1522216796875],""confidence"":0.03976139798760414},{""bbox"":[363.041259765625,268.8741149902344,377.9031677246094,283.238525390625],""confidence"":0.023012947291135788},{""bbox"":[355.9510498046875,199.98544311523438,371.6241149902344,214.420166015625],""confidence"":0.019228944554924965},{""bbox"":[358.0962829589844,196.5167236328125,373.61572265625,214.9489288330078],""confidence"":0.015855833888053894},{""bbox"":[370.4055480957031,266.0632019042969,385.3443298339844,283.47467041015625],""confidence"":0.013828924857079983},{""bbox"":[356.0587463378906,200.90867614746094,369.232666015625,212.773193359375],""confidence"":0.011590405367314816},{""bbox"":[361.12591552734375,198.96656799316406,378.5136413574219,216.10491943359375],""confidence"":0.010365554131567478},{""bbox"":[371.7258605957031,269.5137023925781,385.96429443359375,282.79803466796875],""confidence"":0.006444074679166079},{""bbox"":[360.5312805175781,204.57666015625,373.78338623046875,218.80587768554688],""confidence"":0.0057701594196259975},{""bbox"":[477.0683288574219,262.6883239746094,491.01458740234375,278.2149658203125],""confidence"":0.0032122828997671604},{""bbox"":[356.5966796875,199.03704833984375,375.6548767089844,219.42042541503906],""confidence"":0.002104118699207902},{""bbox"":[490.7523498535156,262.80767822265625,504.8116455078125,278.74664306640625],""confidence"":0.0016218485543504357},{""bbox"":[478.8644714355469,231.3191680908203,489.23382568359375,242.44667053222656],""confidence"":0.0013931592693552375},{""bbox"":[468.3567199707031,268.2952880859375,479.013671875,278.8633728027344],""confidence"":0.0012454623356461525},{""bbox"":[471.4219970703125,267.8556823730469,481.4703369140625,278.3553161621094],""confidence"":0.0010996918426826596},{""bbox"":[404.82550048828125,264.1639404296875,418.4281005859375,280.0509338378906],""confidence"":0.0010386493522673845}]",20,0.001
001_20200624_203203(1),4,576,444,"[[357.0,192.0,371.0,205.0],[360.0,224.00000000000003,371.99999999999994,236.0],[362.0,259.0,373.00000000000006,276.0]]","[{""bbox"":[356.9927673339844,191.3665008544922,369.6955871582031,203.51321411132812],""confidence"":0.6028781533241272},{""bbox"":[359.9472351074219,223.7076416015625,373.21612548828125,236.85641479492188],""confidence"":0.593101441860199},{""bbox"":[362.22509765625,260.0286865234375,374.3101806640625,272.683837890625],""confidence"":0.5306885242462158},{""bbox"":[358.9294738769531,219.79071044921875,372.87103271484375,234.15419006347656],""confidence"":0.09416043758392334},{""bbox"":[500.27264404296875,202.3506317138672,511.21295166015625,213.63963317871094],""confidence"":0.07070213556289673},{""bbox"":[364.11529541015625,258.86395263671875,378.45849609375,273.1256408691406],""confidence"":0.04688900336623192},{""bbox"":[355.97833251953125,223.05563354492188,370.9332580566406,237.3203887939453],""confidence"":0.03103080950677395},{""bbox"":[356.545654296875,190.45867919921875,371.7949523925781,205.3744354248047],""confidence"":0.029558910056948662},{""bbox"":[361.9998779296875,261.8249816894531,376.1286315917969,276.5482482910156],""confidence"":0.028447166085243225},{""bbox"":[355.2410888671875,191.11972045898438,368.2893371582031,204.97958374023438],""confidence"":0.014905531890690327},{""bbox"":[363.06402587890625,224.553955078125,378.52056884765625,238.1117401123047],""confidence"":0.01207370962947607},{""bbox"":[358.00970458984375,223.4358673095703,374.72607421875,241.02069091796875],""confidence"":0.007796831429004669},{""bbox"":[504.3238525390625,267.5736389160156,515.482666015625,279.55816650390625],""confidence"":0.0024808861780911684},{""bbox"":[355.9477233886719,258.78118896484375,372.8915100097656,273.8834533691406],""confidence"":0.0024166854564100504},{""bbox"":[501.267578125,267.8711853027344,511.3717041015625,279.34857177734375],""confidence"":0.0022661800030618906},{""bbox"":[360.3395690917969,254.05245971679688,376.0022888183594,273.1850280761719],""confidence"":0.0020928075537085533},{""bbox"":[491.5859375,263.85418701171875,506.0106506347656,280.62152099609375],""confidence"":0.001919173519127071},{""bbox"":[500.6044921875,161.67315673828125,516.9188842773438,177.90533447265625],""confidence"":0.0018353217747062445},{""bbox"":[357.62408447265625,218.02255249023438,372.7471923828125,237.10464477539062],""confidence"":0.001628009369596839},{""bbox"":[490.3391418457031,306.9324951171875,504.1775207519531,323.6973876953125],""confidence"":0.0012590795522555709},{""bbox"":[504.12457275390625,201.98248291015625,516.352783203125,214.13632202148438],""confidence"":0.0012226607650518417},{""bbox"":[354.1465759277344,181.58169555664062,373.6427001953125,198.8668670654297],""confidence"":0.001174877630546689}]",22,0.001
001_20200624_203207(8),4,576,444,"[[356.0,209.0,370.0,220.0],[364.00000000000006,239.00000000000003,376.0,252.99999999999997],[373.0,277.0,383.0,288.0]]","[{""bbox"":[362.8501281738281,240.23968505859375,376.18157958984375,253.61032104492188],""confidence"":0.5714470744132996},{""bbox"":[356.0632629394531,208.7240753173828,368.7989501953125,221.364501953125],""confidence"":0.5689428448677063},{""bbox"":[370.3383483886719,274.71136474609375,383.90283203125,288.320068359375],""confidence"":0.5470935702323914},{""bbox"":[356.6611328125,207.49432373046875,371.3868103027344,222.51229858398438],""confidence"":0.07754262536764145},{""bbox"":[364.46533203125,238.32147216796875,378.86602783203125,253.23562622070312],""confidence"":0.05803210288286209},{""bbox"":[369.7835693359375,274.318603515625,386.2261962890625,291.6099853515625],""confidence"":0.04082852974534035},{""bbox"":[361.86444091796875,236.58975219726562,375.3456115722656,252.688720703125],""confidence"":0.034645549952983856},{""bbox"":[484.8910217285156,243.1732177734375,496.27593994140625,254.8511962890625],""confidence"":0.010120457038283348},{""bbox"":[354.5004577636719,203.7241973876953,370.2318420410156,223.68800354003906],""confidence"":0.005738451611250639},{""bbox"":[365.5152282714844,276.0524597167969,380.0704650878906,290.42901611328125],""confidence"":0.003065048484131694},{""bbox"":[483.1612854003906,244.18255615234375,494.30328369140625,255.67140197753906],""confidence"":0.0027055894024670124},{""bbox"":[351.1170349121094,204.87213134765625,365.7499694824219,219.83694458007812],""confidence"":0.0025328369811177254},{""bbox"":[353.3369140625,206.46328735351562,372.0149841308594,226.6044158935547],""confidence"":0.0017600349383428693},{""bbox"":[351.4979553222656,202.05831909179688,369.12835693359375,224.6322479248047],""confidence"":0.0015220503555610776},{""bbox"":[481.82342529296875,244.96473693847656,492.9884948730469,256.5904541015625],""confidence"":0.0012928422074764967},{""bbox"":[485.3739318847656,239.5297393798828,497.5851135253906,254.11068725585938],""confidence"":0.0011554368538782},{""bbox"":[368.60015869140625,268.4340515136719,384.8275146484375,289.6740417480469],""confidence"":0.0011402000673115253},{""bbox"":[488.46966552734375,241.5621337890625,501.4363708496094,254.04600524902344],""confidence"":0.0011205978225916624},{""bbox"":[405.042236328125,263.5504455566406,419.13702392578125,278.8268127441406],""confidence"":0.0010494976304471493}]",19,0.001
001_20200624_203212(2),4,576,444,"[[362.99999999999994,209.0,373.0,220.0],[366.0,239.99999999999997,377.00000000000006,251.0],[373.0,278.0,384.00000000000006,288.0]]","[{""bbox"":[364.4471130371094,240.1802215576172,377.9044494628906,253.4447784423828],""confidence"":0.5793094635009766},{""bbox"":[358.4746398925781,208.30357360839844,371.1391296386719,220.74966430664062],""confidence"":0.5680220127105713},{""bbox"":[370.8612976074219,275.8277893066406,384.0845031738281,288.86444091796875],""confidence"":0.5305013656616211},{""bbox"":[358.0123596191406,203.9434814453125,373.4640808105469,218.92652893066406],""confidence"":0.08051332086324692},{""bbox"":[355.69915771484375,208.00140380859375,369.48040771484375,220.6134796142578],""confidence"":0.06720679253339767},{""bbox"":[372.6694641113281,274.38360595703125,386.2917175292969,288.5549011230469],""confidence"":0.052081216126680374},{""bbox"":[371.50360107421875,276.3755187988281,386.0819091796875,291.13543701171875],""confidence"":0.03507296368479729},{""bbox"":[363.52496337890625,236.7476806640625,377.03533935546875,252.2445526123047],""confidence"":0.026043057441711426},{""bbox"":[326.0624084472656,325.0549011230469,342.34588623046875,340.7691955566406],""confidence"":0.02109144814312458},{""bbox"":[362.3654479980469,240.33692932128906,377.1108703613281,255.65560913085938],""confidence"":0.00916773360222578},{""bbox"":[490.2133483886719,248.6085662841797,503.9649353027344,264.271728515625],""confidence"":0.006770238280296326},{""bbox"":[370.365966796875,235.96676635742188,385.107421875,252.98699951171875],""confidence"":0.0032759439200162888},{""bbox"":[492.352294921875,215.33204650878906,502.5528564453125,225.9943389892578],""confidence"":0.002949289046227932},{""bbox"":[365.4220886230469,276.2552185058594,379.79217529296875,290.7390441894531],""confidence"":0.0021666730754077435},{""bbox"":[354.6506652832031,196.0558319091797,374.75091552734375,213.76254272460938],""confidence"":0.0019135407637804747},{""bbox"":[329.55584716796875,323.7386169433594,344.8559265136719,341.7613830566406],""confidence"":0.0014993851073086262},{""bbox"":[486.6578369140625,249.6017303466797,497.4347839355469,260.7337341308594],""confidence"":0.0012525980127975345},{""bbox"":[478.5963134765625,249.0722198486328,492.4281005859375,265.22607421875],""confidence"":0.0011474807979539037},{""bbox"":[489.2942810058594,215.91375732421875,499.24285888671875,226.5203857421875],""confidence"":0.0011219558073207736}]",19,0.001
001_20200624_203225(8),4,576,444,"[[363.0,177.00000000000003,376.0,188.0],[361.0,208.99999999999997,374.0,217.0],[366.0,245.0,377.00000000000006,257.0]]","[{""bbox"":[360.4643249511719,173.66720581054688,373.3000793457031,186.61886596679688],""confidence"":0.6180444955825806},{""bbox"":[363.7827453613281,242.6693115234375,376.77642822265625,255.99429321289062],""confidence"":0.5192137360572815},{""bbox"":[361.18731689453125,206.8166046142578,372.3201904296875,218.35780334472656],""confidence"":0.5126961469650269},{""bbox"":[366.47137451171875,243.5694122314453,379.00885009765625,256.2075500488281],""confidence"":0.06308499723672867},{""bbox"":[360.8949890136719,203.64285278320312,372.5068664550781,217.31654357910156],""confidence"":0.05108916386961937},{""bbox"":[360.168212890625,174.87657165527344,374.47296142578125,188.88711547851562],""confidence"":0.036501891911029816},{""bbox"":[501.2107238769531,215.9571533203125,512.1109008789062,226.554443359375],""confidence"":0.03465668857097626},{""bbox"":[357.8028869628906,172.2320098876953,375.0739440917969,190.53115844726562],""confidence"":0.013669994659721851},{""bbox"":[355.851806640625,172.97132873535156,371.81256103515625,187.1016082763672],""confidence"":0.012732834555208683},{""bbox"":[361.83135986328125,239.5868682861328,376.3087463378906,255.48089599609375],""confidence"":0.010685774497687817},{""bbox"":[360.6286315917969,173.22775268554688,378.428955078125,187.96798706054688],""confidence"":0.00969130452722311},{""bbox"":[503.7725830078125,215.9938201904297,515.3671264648438,226.9459228515625],""confidence"":0.008394615724682808},{""bbox"":[500.93963623046875,145.925048828125,517.3795776367188,161.91488647460938],""confidence"":0.008224117569625378},{""bbox"":[364.40692138671875,239.3521728515625,379.115966796875,255.94345092773438],""confidence"":0.005897897761315107},{""bbox"":[502.6627197265625,186.49209594726562,513.763671875,197.101806640625],""confidence"":0.004053856246173382},{""bbox"":[503.5537109375,146.62765502929688,519.7169189453125,162.9444580078125],""confidence"":0.003971601836383343},{""bbox"":[357.07855224609375,166.8483123779297,376.4707336425781,185.09934997558594],""confidence"":0.0039656152948737144},{""bbox"":[355.8570556640625,206.0200653076172,369.2989196777344,218.53717041015625],""confidence"":0.003831509966403246},{""bbox"":[365.35650634765625,206.1280059814453,378.4565124511719,218.6070556640625],""confidence"":0.0037615718320012093},{""bbox"":[492.4621887207031,247.79612731933594,506.61016845703125,262.80047607421875],""confidence"":0.003205294255167246},{""bbox"":[499.11480712890625,215.89138793945312,509.6460876464844,226.4834747314453],""confidence"":0.0030042543075978756},{""bbox"":[500.9311218261719,252.03543090820312,511.79693603515625,263.2318115234375],""confidence"":0.002045398810878396},{""bbox"":[504.4924011230469,251.94384765625,516.080322265625,263.49993896484375],""confidence"":0.0015329972375184298},{""bbox"":[362.75592041015625,249.07362365722656,377.0374755859375,265.7552185058594],""confidence"":0.0011465739225968719},{""bbox"":[502.66339111328125,248.7869873046875,515.97265625,263.89990234375],""confidence"":0.0011178390122950077}]",25,0.001
001_20200625_043359(8),4,576,444,"[[349.0,151.0,363.0,161.0],[349.0,186.0,362.0,196.99999999999997],[351.0,231.0,361.0,242.00000000000003]]","[{""bbox"":[346.28851318359375,149.97702026367188,359.2637939453125,163.56167602539062],""confidence"":0.5567613244056702},{""bbox"":[347.9454650878906,184.9427947998047,361.0567626953125,198.99838256835938],""confidence"":0.5492236614227295},{""bbox"":[350.241943359375,230.00794982910156,363.7826843261719,243.40499877929688],""confidence"":0.5428109765052795},{""bbox"":[349.1257629394531,184.43780517578125,364.0167541503906,199.46315002441406],""confidence"":0.137936532497406},{""bbox"":[346.3961486816406,147.06793212890625,361.2298278808594,161.61184692382812],""confidence"":0.11227917671203613},{""bbox"":[346.3022766113281,181.8976287841797,362.0276794433594,198.6299285888672],""confidence"":0.036801230162382126},{""bbox"":[348.0619812011719,149.55654907226562,363.9375305175781,164.88497924804688],""confidence"":0.019591566175222397},{""bbox"":[349.4778747558594,233.07862854003906,363.8521728515625,247.81106567382812],""confidence"":0.01702411100268364},{""bbox"":[488.1929626464844,165.4877471923828,499.8228759765625,176.4652862548828],""confidence"":0.016167771071195602},{""bbox"":[347.7802734375,190.86297607421875,362.49603271484375,206.4018096923828],""confidence"":0.01297159492969513},{""bbox"":[344.8885803222656,145.84579467773438,360.6061706542969,164.34814453125],""confidence"":0.010447225533425808},{""bbox"":[348.64996337890625,225.29660034179688,364.4479675292969,244.88011169433594],""confidence"":0.009565451182425022},{""bbox"":[484.7926025390625,200.88296508789062,498.01904296875,213.5845947265625],""confidence"":0.005005531944334507},{""bbox"":[490.0679016113281,164.7947540283203,501.91619873046875,176.96266174316406],""confidence"":0.004971233196556568},{""bbox"":[349.63482666015625,228.79290771484375,367.7957763671875,248.45404052734375],""confidence"":0.0031646983698010445},{""bbox"":[358.0247497558594,233.219970703125,372.42529296875,248.70046997070312],""confidence"":0.0022277396637946367},{""bbox"":[343.1833190917969,138.03953552246094,362.1427001953125,156.60894775390625],""confidence"":0.0022243866696953773},{""bbox"":[346.3785400390625,224.08834838867188,363.0379943847656,242.48155212402344],""confidence"":0.002146621234714985},{""bbox"":[421.0062561035156,158.4473419189453,432.1011047363281,169.69960021972656],""confidence"":0.0018235164461657405},{""bbox"":[485.5591125488281,244.59848022460938,496.5498352050781,255.6145782470703],""confidence"":0.0015229798154905438},{""bbox"":[341.65673828125,183.94512939453125,359.4172668457031,199.95375061035156],""confidence"":0.0014785010134801269},{""bbox"":[404.6293640136719,234.81259155273438,419.2663269042969,251.96214294433594],""confidence"":0.0010633320780470967},{""bbox"":[342.44989013671875,148.62716674804688,361.01995849609375,169.18467712402344],""confidence"":0.0010295596439391375}]",23,0.001
001_20200728_083108(2),4,576,444,"[[322.0,188.0,331.0,199.0]]","[{""bbox"":[321.6972961425781,188.3365020751953,333.974609375,199.7200927734375],""confidence"":0.5325219631195068},{""bbox"":[319.867431640625,187.7955322265625,331.94195556640625,198.97796630859375],""confidence"":0.0992027148604393},{""bbox"":[321.9808654785156,188.41958618164062,331.2020263671875,201.88970947265625],""confidence"":0.0052278717048466206},{""bbox"":[321.0209045410156,187.9500274658203,337.2225036621094,205.10369873046875],""confidence"":0.0013562944950535893}]",4,0.001
001_20200728_083116(1),4,576,444,"[[326.0,203.0,333.99999999999994,213.99999999999997]]","[{""bbox"":[325.5595397949219,204.18765258789062,336.4347839355469,215.39085388183594],""confidence"":0.44819414615631104},{""bbox"":[328.4534606933594,205.12339782714844,342.23492431640625,219.36195373535156],""confidence"":0.02266974374651909},{""bbox"":[322.8469543457031,203.08847045898438,334.2544860839844,216.86160278320312],""confidence"":0.004665838088840246},{""bbox"":[324.8690185546875,205.08309936523438,338.05645751953125,219.45530700683594],""confidence"":0.00317181134596467},{""bbox"":[334.770263671875,207.54200744628906,348.92779541015625,221.0647430419922],""confidence"":0.0014782047364860773},{""bbox"":[319.7428894042969,202.4539337158203,332.0029296875,215.152587890625],""confidence"":0.0011309146648272872}]",6,0.001
001_20200810_123047(8),4,576,444,"[[323.0,191.0,332.0,201.0]]","[{""bbox"":[322.39215087890625,189.497314453125,334.6517333984375,201.36814880371094],""confidence"":0.5517194867134094},{""bbox"":[319.8884582519531,188.6373291015625,332.48089599609375,200.56903076171875],""confidence"":0.06064131483435631},{""bbox"":[322.43780517578125,189.7938690185547,337.0702209472656,205.02267456054688],""confidence"":0.0217048991471529},{""bbox"":[328.95361328125,188.92478942871094,341.2408447265625,202.08740234375],""confidence"":0.0057223085314035416},{""bbox"":[316.57476806640625,190.5537567138672,330.40338134765625,207.1650390625],""confidence"":0.001226742402650416}]",5,0.001
001_20200810_123051(3),4,576,444,"[[326.0,226.0,337.00000000000006,236.0]]","[{""bbox"":[327.30657958984375,226.13870239257812,338.71588134765625,237.82447814941406],""confidence"":0.543919563293457},{""bbox"":[328.46795654296875,226.2129669189453,342.4320373535156,239.25709533691406],""confidence"":0.044743090867996216},{""bbox"":[327.15478515625,226.5040740966797,340.3495788574219,241.0354766845703],""confidence"":0.04398242384195328},{""bbox"":[326.6495666503906,222.1148681640625,342.0544738769531,238.44424438476562],""confidence"":0.035475682467222214},{""bbox"":[322.08843994140625,219.51031494140625,334.3772888183594,234.47836303710938],""confidence"":0.0018504479667171836}]",5,0.001
001_20200811_003323(2),4,576,444,"[[323.00000000000006,208.99999999999997,335.0,221.0]]","[{""bbox"":[322.0298156738281,210.444091796875,333.9313049316406,221.3382568359375],""confidence"":0.5298780202865601},{""bbox"":[319.87066650390625,209.97442626953125,332.08209228515625,221.1309356689453],""confidence"":0.0962652862071991},{""bbox"":[321.3309631347656,204.35311889648438,332.7134704589844,217.66250610351562],""confidence"":0.025363130494952202},{""bbox"":[329.3078308105469,204.91741943359375,341.4518737792969,218.13375854492188],""confidence"":0.005568338092416525},{""bbox"":[321.0124206542969,209.62728881835938,337.2146301269531,226.71548461914062],""confidence"":0.001553344540297985}]",5,0.001
001_20200811_003327(0),4,576,444,"[[322.0,194.00000000000003,331.0,205.0]]","[{""bbox"":[321.4162902832031,193.18971252441406,333.61529541015625,205.18540954589844],""confidence"":0.5131126642227173},{""bbox"":[319.8159484863281,193.81881713867188,331.3197937011719,205.1453399658203],""confidence"":0.08404699712991714},{""bbox"":[321.44451904296875,188.7355499267578,332.53753662109375,201.8894805908203],""confidence"":0.059886254370212555},{""bbox"":[320.5487976074219,189.41697692871094,334.359619140625,204.85540771484375],""confidence"":0.014655955135822296},{""bbox"":[329.495849609375,188.91249084472656,341.1855163574219,201.99220275878906],""confidence"":0.0050251963548362255},{""bbox"":[457.316650390625,181.2100067138672,466.8245544433594,191.88893127441406],""confidence"":0.001542391488328576},{""bbox"":[312.2669372558594,177.88870239257812,330.256591796875,192.5712127685547],""confidence"":0.001337677356787026}]",7,0.001
001_20200814_043321(6),4,576,444,"[[323.00000000000006,187.0,336.0,201.0]]","[{""bbox"":[325.7997741699219,187.1710205078125,336.78631591796875,198.0729217529297],""confidence"":0.5093927979469299},{""bbox"":[328.05841064453125,185.61972045898438,342.7354736328125,198.6502685546875],""confidence"":0.008419710211455822},{""bbox"":[320.0776062011719,185.72837829589844,334.3833923339844,198.34814453125],""confidence"":0.006626579910516739},{""bbox"":[323.8657531738281,182.25062561035156,336.9471130371094,197.5590362548828],""confidence"":0.0059306081384420395},{""bbox"":[330.9327392578125,189.17620849609375,340.4037780761719,201.61207580566406],""confidence"":0.00416160561144352},{""bbox"":[326.7928161621094,180.70175170898438,343.9942321777344,197.22056579589844],""confidence"":0.0012365103466436267}]",6,0.001
001_20200814_083045(8),4,576,444,"[[324.0,165.0,337.0,178.0]]","[{""bbox"":[325.2937316894531,165.67733764648438,336.6916809082031,177.13311767578125],""confidence"":0.4746692180633545},{""bbox"":[327.378173828125,161.39126586914062,341.7689514160156,175.5061798095703],""confidence"":0.031490258872509},{""bbox"":[322.5451354980469,160.5782470703125,335.42626953125,174.25250244140625],""confidence"":0.0131039684638381},{""bbox"":[329.3877868652344,164.92796325683594,342.4131774902344,177.46621704101562],""confidence"":0.005545087158679962},{""bbox"":[464.5082092285156,179.82794189453125,475.0379333496094,190.08126831054688],""confidence"":0.004159785807132721},{""bbox"":[323.22662353515625,160.5508575439453,337.4353332519531,177.57601928710938],""confidence"":0.003909817431122065},{""bbox"":[319.92291259765625,163.7366943359375,334.6674499511719,177.25177001953125],""confidence"":0.0034405312035232782},{""bbox"":[323.75665283203125,150.88648986816406,341.5036315917969,163.89227294921875],""confidence"":0.0014148280024528503}]",8,0.001
001_20200814_083051(9),4,576,444,"[[317.0,148.00000000000003,330.0,159.0]]","[{""bbox"":[319.9571838378906,146.91094970703125,331.59521484375,158.916748046875],""confidence"":0.5520487427711487},{""bbox"":[319.685546875,147.2946014404297,332.9980163574219,161.7828826904297],""confidence"":0.0480317659676075},{""bbox"":[321.2332458496094,146.91055297851562,335.30596923828125,160.11683654785156],""confidence"":0.042271144688129425},{""bbox"":[313.9503479003906,137.1831512451172,332.15667724609375,154.14727783203125],""confidence"":0.0018003841396421194},{""bbox"":[331.030029296875,145.78919982910156,343.6484375,160.11526489257812],""confidence"":0.0014724698849022388}]",5,0.001
001_20200815_003438(6),4,576,444,"[[315.0,154.0,326.00000000000006,165.0]]","[{""bbox"":[313.6759948730469,153.67697143554688,325.3411865234375,164.64215087890625],""confidence"":0.5467433929443359},{""bbox"":[314.9293212890625,152.8232421875,328.08990478515625,164.64772033691406],""confidence"":0.08311270922422409},{""bbox"":[313.456298828125,148.59280395507812,326.8473205566406,161.78073120117188],""confidence"":0.04072990268468857},{""bbox"":[313.3583068847656,153.5074005126953,327.3236999511719,168.96351623535156],""confidence"":0.009458976797759533},{""bbox"":[310.5771179199219,154.69082641601562,323.5124816894531,169.3466339111328],""confidence"":0.0027106455527246},{""bbox"":[308.0309143066406,146.3107452392578,319.66192626953125,160.3634796142578],""confidence"":0.0014989047776907682}]",6,0.001
001_20200818_203601(4),4,576,444,"[[327.0,180.0,336.0,190.0]]","[{""bbox"":[327.4412536621094,178.16285705566406,339.30780029296875,190.35482788085938],""confidence"":0.520136296749115},{""bbox"":[328.5009765625,174.54769897460938,342.3708801269531,188.096923828125],""confidence"":0.06809654831886292},{""bbox"":[329.56787109375,177.57717895507812,342.66839599609375,190.5851593017578],""confidence"":0.05101046338677406},{""bbox"":[326.71673583984375,174.97293090820312,340.228515625,190.0237579345703],""confidence"":0.027966788038611412},{""bbox"":[323.1389465332031,174.12698364257812,335.7445373535156,187.80177307128906],""confidence"":0.005163094960153103},{""bbox"":[324.07781982421875,166.24378967285156,342.56561279296875,180.73245239257812],""confidence"":0.002746202051639557}]",6,0.001
001_20200818_203607(4),4,576,444,"[[322.0,182.0,335.0,192.0]]","[{""bbox"":[323.7013854980469,180.08494567871094,335.07806396484375,191.3447723388672],""confidence"":0.42349866032600403},{""bbox"":[325.857666015625,180.4463653564453,337.2421569824219,192.22305297851562],""confidence"":0.09806886315345764},{""bbox"":[328.6542053222656,176.97149658203125,342.60821533203125,192.138671875],""confidence"":0.013053258880972862},{""bbox"":[321.64404296875,175.78602600097656,334.1772155761719,189.84523010253906],""confidence"":0.010893887840211391},{""bbox"":[319.6636047363281,179.34564208984375,332.9522705078125,191.35079956054688],""confidence"":0.009782887063920498}]",5,0.001
001_20200819_083353(5),4,576,444,"[[314.0,170.0,324.0,184.0]]","[{""bbox"":[314.6323547363281,171.15878295898438,327.0579528808594,183.36326599121094],""confidence"":0.5317814946174622},{""bbox"":[312.4150085449219,170.49429321289062,325.3999938964844,183.180419921875],""confidence"":0.10903677344322205},{""bbox"":[313.9590148925781,167.7923126220703,327.63330078125,182.9520721435547],""confidence"":0.027704596519470215},{""bbox"":[456.9625244140625,151.18585205078125,467.0315856933594,161.35507202148438],""confidence"":0.001467053429223597},{""bbox"":[316.7146911621094,175.00912475585938,326.33990478515625,187.44696044921875],""confidence"":0.0012651369906961918}]",5,0.001
001_20200819_083401(0),4,576,444,"[[306.0,138.00000000000003,319.0,150.0]]","[{""bbox"":[307.27020263671875,137.87591552734375,319.63153076171875,149.4241180419922],""confidence"":0.48688438534736633},{""bbox"":[306.9208068847656,132.40530395507812,318.34368896484375,145.75335693359375],""confidence"":0.022847017273306847},{""bbox"":[315.0364074707031,132.64654541015625,326.318603515625,145.0486297607422],""confidence"":0.004583130590617657},{""bbox"":[306.7430114746094,138.26779174804688,322.0101013183594,154.72564697265625],""confidence"":0.002662341808900237},{""bbox"":[306.477294921875,131.8417510986328,320.41302490234375,149.43043518066406],""confidence"":0.00105661537963897}]",5,0.001
001_20200826_023328(3),4,576,444,"[[315.99999999999994,201.0,326.0,211.0]]","[{""bbox"":[318.1370849609375,201.459228515625,329.5465087890625,212.89979553222656],""confidence"":0.515923261642456},{""bbox"":[312.8162841796875,200.01406860351562,327.7950439453125,213.4208984375],""confidence"":0.009841573424637318},{""bbox"":[319.985107421875,203.7168426513672,328.724609375,216.625],""confidence"":0.007783673238009214},{""bbox"":[315.8284606933594,196.5699005126953,330.1104736328125,213.13597106933594],""confidence"":0.007509597111493349},{""bbox"":[320.679443359375,200.59645080566406,335.4785461425781,213.41238403320312],""confidence"":0.006434224080294371},{""bbox"":[314.03045654296875,194.5041961669922,330.32208251953125,210.80625915527344],""confidence"":0.0035706462804228067},{""bbox"":[455.54022216796875,192.80032348632812,466.1427001953125,203.5685272216797],""confidence"":0.0031539960764348507},{""bbox"":[452.98583984375,193.06690979003906,463.7902526855469,203.70057678222656],""confidence"":0.0011560384882614017}]",8,0.001
001_20200826_023332(5),4,576,444,"[[317.0,173.0,328.99999999999994,184.0]]","[{""bbox"":[316.4668273925781,172.74635314941406,328.29547119140625,184.59153747558594],""confidence"":0.5091622471809387},{""bbox"":[312.5704345703125,171.49940490722656,326.410888671875,184.43569946289062],""confidence"":0.03005879372358322},{""bbox"":[319.2430725097656,174.98297119140625,328.2981262207031,187.78292846679688],""confidence"":0.011871503666043282},{""bbox"":[314.4855041503906,167.724609375,329.222412109375,185.64254760742188],""confidence"":0.006667979992926121},{""bbox"":[449.9769287109375,161.62498474121094,456.75701904296875,172.79039001464844],""confidence"":0.005834987852722406},{""bbox"":[457.1295471191406,165.55181884765625,467.5250549316406,176.37489318847656],""confidence"":0.004363450687378645},{""bbox"":[311.9842529296875,164.84490966796875,328.3755187988281,178.68064880371094],""confidence"":0.003910527098923922},{""bbox"":[323.1497497558594,171.5980987548828,335.46575927734375,183.83609008789062],""confidence"":0.0021871929056942463},{""bbox"":[461.0887145996094,164.81129455566406,472.41253662109375,176.22509765625],""confidence"":0.0012479881988838315}]",9,0.001
001_20200831_123316(5),4,576,444,"[[470.99999999999994,108.0,482.0,120.0]]","[{""bbox"":[472.4360046386719,105.91586303710938,484.1869812011719,117.45779418945312],""confidence"":0.33759093284606934},{""bbox"":[473.8504333496094,105.44971466064453,486.5669860839844,117.68683624267578],""confidence"":0.06940512359142303},{""bbox"":[470.63543701171875,106.59830474853516,482.6461486816406,118.2529296875],""confidence"":0.04659097269177437},{""bbox"":[473.46875,100.17605590820312,482.7218933105469,114.30123138427734],""confidence"":0.02094106376171112},{""bbox"":[466.07781982421875,104.01715087890625,476.3958435058594,116.39388275146484],""confidence"":0.0034819231368601322},{""bbox"":[469.79107666015625,102.85331726074219,483.10345458984375,117.6508560180664],""confidence"":0.001761311898007989}]",6,0.001
002_20200622_203136(3),4,316,332,"[[162.0,141.0,178.0,155.0],[164.0,162.0,177.0,176.0],[165.0,189.0,178.0,202.0]]","[{""bbox"":[164.23165893554688,140.7240447998047,174.34584045410156,150.9308624267578],""confidence"":0.6814055442810059},{""bbox"":[165.10206604003906,163.2245635986328,174.8275909423828,172.7110595703125],""confidence"":0.6365475058555603},{""bbox"":[167.614501953125,189.02256774902344,177.56712341308594,199.59292602539062],""confidence"":0.5754639506340027},{""bbox"":[163.8070831298828,139.22250366210938,174.47093200683594,148.7216796875],""confidence"":0.1916847676038742},{""bbox"":[166.11148071289062,162.7229766845703,175.33901977539062,170.88246154785156],""confidence"":0.1676376760005951},{""bbox"":[167.9285125732422,188.423583984375,177.42417907714844,196.87802124023438],""confidence"":0.13545523583889008},{""bbox"":[163.6260528564453,162.27711486816406,175.02088928222656,174.03514099121094],""confidence"":0.10307211428880692},{""bbox"":[163.32789611816406,138.2406463623047,174.24703979492188,152.1372833251953],""confidence"":0.04507526382803917},{""bbox"":[165.12974548339844,162.90374755859375,177.52540588378906,174.7373504638672],""confidence"":0.015888256952166557},{""bbox"":[115.7271499633789,109.76139831542969,127.3888931274414,121.88903045654297],""confidence"":0.009403283707797527},{""bbox"":[166.81646728515625,189.82952880859375,178.27288818359375,202.02670288085938],""confidence"":0.00875511672347784},{""bbox"":[172.1929931640625,188.10675048828125,181.443359375,197.16049194335938],""confidence"":0.005952079314738512},{""bbox"":[114.62200164794922,110.93900299072266,126.89215850830078,123.82120513916016],""confidence"":0.00550446379929781},{""bbox"":[116.44677734375,107.83577728271484,127.68338012695312,119.26325225830078],""confidence"":0.004706712439656258},{""bbox"":[161.46278381347656,139.33782958984375,170.33522033691406,148.71730041503906],""confidence"":0.004225242882966995},{""bbox"":[164.89144897460938,140.58056640625,178.0782928466797,153.24520874023438],""confidence"":0.0014468699228018522},{""bbox"":[115.48394775390625,104.50148010253906,127.76079559326172,117.06996154785156],""confidence"":0.0011680033057928085},{""bbox"":[266.49591064453125,223.77281188964844,274.9771423339844,234.2923126220703],""confidence"":0.001042502699419856},{""bbox"":[163.08836364746094,159.07479858398438,174.35902404785156,167.83187866210938],""confidence"":0.0010068848496302962},{""bbox"":[163.86570739746094,189.4391632080078,176.2209930419922,201.22515869140625],""confidence"":0.0010061264038085938}]",20,0.001
002_20200622_203140(8),4,316,332,"[[157.0,143.99999999999997,170.0,157.0],[158.0,166.0,172.0,179.0],[160.0,190.0,174.00000000000003,204.00000000000003]]","[{""bbox"":[157.7522735595703,144.2510986328125,167.95494079589844,154.78237915039062],""confidence"":0.6598776578903198},{""bbox"":[160.12274169921875,167.1910400390625,169.92543029785156,176.79139709472656],""confidence"":0.6452487707138062},{""bbox"":[162.92628479003906,193.07398986816406,172.46417236328125,203.29331970214844],""confidence"":0.6368954181671143},{""bbox"":[158.38064575195312,165.37327575683594,171.0379638671875,178.21290588378906],""confidence"":0.127043217420578},{""bbox"":[160.27159118652344,165.88719177246094,169.09376525878906,174.80288696289062],""confidence"":0.0879964828491211},{""bbox"":[156.8568115234375,142.23345947265625,168.91648864746094,156.17881774902344],""confidence"":0.0787442997097969},{""bbox"":[159.668212890625,147.09033203125,168.39431762695312,155.6295623779297],""confidence"":0.0229940228164196},{""bbox"":[162.95565795898438,165.40130615234375,171.94583129882812,175.21620178222656],""confidence"":0.020137377083301544},{""bbox"":[157.17672729492188,142.08843994140625,168.3714599609375,151.1736297607422],""confidence"":0.01562681421637535},{""bbox"":[160.38807678222656,191.2877655029297,169.9412841796875,201.96925354003906],""confidence"":0.006227701902389526},{""bbox"":[159.8630828857422,193.09376525878906,172.1866912841797,205.08599853515625],""confidence"":0.006027048919349909},{""bbox"":[110.55367279052734,113.78729248046875,122.83146667480469,126.29071044921875],""confidence"":0.0059223598800599575},{""bbox"":[161.08580017089844,193.49815368652344,174.03814697265625,206.22264099121094],""confidence"":0.0057004340924322605},{""bbox"":[111.4707260131836,112.36418151855469,122.01483154296875,123.35063934326172],""confidence"":0.0029224923346191645},{""bbox"":[259.05926513671875,190.17697143554688,267.4186706542969,200.27822875976562],""confidence"":0.0025828492362052202},{""bbox"":[258.4710388183594,223.2269287109375,266.7200622558594,233.22628784179688],""confidence"":0.002373890718445182},{""bbox"":[163.42721557617188,197.29470825195312,172.7525634765625,206.2740478515625],""confidence"":0.002123485319316387},{""bbox"":[108.02483367919922,115.12650299072266,117.64470672607422,124.84739685058594],""confidence"":0.0018282266100868583},{""bbox"":[161.04791259765625,167.0049285888672,173.8294677734375,178.88475036621094],""confidence"":0.0012794805224984884},{""bbox"":[250.4270782470703,223.5379638671875,258.8439636230469,233.92274475097656],""confidence"":0.001141937100328505},{""bbox"":[161.33302307128906,197.37069702148438,170.1455078125,206.51290893554688],""confidence"":0.001130231306888163}]",21,0.001
002_20200622_203145(3),4,316,332,"[[156.0,147.0,166.99999999999997,156.0],[157.99999999999997,168.00000000000003,166.99999999999997,178.0],[160.0,194.00000000000003,171.0,204.0]]","[{""bbox"":[156.01736450195312,145.19126892089844,166.2519073486328,155.431640625],""confidence"":0.6752219200134277},{""bbox"":[160.52008056640625,193.3020477294922,170.31768798828125,203.6607666015625],""confidence"":0.6135913133621216},{""bbox"":[158.12620544433594,168.01199340820312,167.1007080078125,177.45834350585938],""confidence"":0.5728233456611633},{""bbox"":[157.71897888183594,167.71627807617188,169.21646118164062,178.65162658691406],""confidence"":0.047957275062799454},{""bbox"":[154.33006286621094,144.35958862304688,166.6066436767578,156.87307739257812],""confidence"":0.03741138428449631},{""bbox"":[162.54627990722656,192.2047576904297,173.06971740722656,202.1413116455078],""confidence"":0.02122173272073269},{""bbox"":[159.31980895996094,191.7324981689453,169.200439453125,202.4885711669922],""confidence"":0.017561113461852074},{""bbox"":[107.439697265625,114.61968231201172,118.71176147460938,126.31729888916016],""confidence"":0.010812388733029366},{""bbox"":[155.6031036376953,167.86569213867188,167.33004760742188,179.3427734375],""confidence"":0.010385770350694656},{""bbox"":[160.2742462158203,193.88687133789062,171.57333374023438,206.18621826171875],""confidence"":0.010038090869784355},{""bbox"":[160.73043823242188,197.2508544921875,169.65072631835938,206.20538330078125],""confidence"":0.008880612440407276},{""bbox"":[161.03982543945312,192.80838012695312,173.6089324951172,204.93087768554688],""confidence"":0.008062685839831829},{""bbox"":[258.1026306152344,223.48500061035156,266.5975341796875,233.74937438964844],""confidence"":0.006737030576914549},{""bbox"":[153.19883728027344,142.30296325683594,165.35337829589844,155.64093017578125],""confidence"":0.006307854782789946},{""bbox"":[107.9231948852539,112.4968032836914,119.061279296875,124.0399398803711],""confidence"":0.003569513326510787},{""bbox"":[156.5814971923828,144.7616424560547,169.6355743408203,157.45677185058594],""confidence"":0.002239675261080265},{""bbox"":[258.6876220703125,190.61878967285156,267.1905212402344,201.13145446777344],""confidence"":0.0015181335620582104},{""bbox"":[154.83544921875,141.6237335205078,167.92926025390625,149.2952880859375],""confidence"":0.0015123692573979497}]",18,0.001
002_20200622_203149(8),4,316,332,"[[156.0,144.0,166.99999999999997,153.0],[159.0,192.00000000000003,169.0,201.0],[155.00000000000003,166.99999999999997,167.0,175.0]]","[{""bbox"":[156.68276977539062,166.20321655273438,166.7179718017578,176.11036682128906],""confidence"":0.673502504825592},{""bbox"":[159.5926055908203,192.52691650390625,169.16351318359375,202.2595672607422],""confidence"":0.6158410310745239},{""bbox"":[154.9852294921875,143.00621032714844,165.3852996826172,153.8503875732422],""confidence"":0.6131139397621155},{""bbox"":[157.38406372070312,164.0519256591797,166.55885314941406,172.63356018066406],""confidence"":0.2341768741607666},{""bbox"":[156.6392364501953,164.94668579101562,168.95663452148438,177.5711212158203],""confidence"":0.021516555920243263},{""bbox"":[163.0240936279297,191.15646362304688,172.72120666503906,201.6492462158203],""confidence"":0.020597297698259354},{""bbox"":[106.74359893798828,113.31991577148438,118.2914810180664,125.2929458618164],""confidence"":0.011459647677838802},{""bbox"":[156.09486389160156,163.22853088378906,166.3810272216797,176.74269104003906],""confidence"":0.007170707453042269},{""bbox"":[107.76152801513672,112.01154327392578,118.09932708740234,122.86598205566406],""confidence"":0.006688090972602367},{""bbox"":[153.28237915039062,143.54791259765625,166.40570068359375,156.5641632080078],""confidence"":0.006297811400145292},{""bbox"":[257.9751892089844,223.4269561767578,266.33294677734375,233.62115478515625],""confidence"":0.0026725558564066887},{""bbox"":[152.11683654785156,141.2869415283203,161.65513610839844,151.32765197753906],""confidence"":0.0024315386544913054},{""bbox"":[250.57151794433594,223.6240692138672,259.1416015625,234.11798095703125],""confidence"":0.0021426761522889137},{""bbox"":[258.75445556640625,190.33322143554688,267.10589599609375,200.56903076171875],""confidence"":0.0015632741851732135},{""bbox"":[107.2786865234375,108.82630920410156,118.79093170166016,120.87144470214844],""confidence"":0.0015025015454739332},{""bbox"":[155.5154266357422,192.73460388183594,167.8435821533203,204.66421508789062],""confidence"":0.0012656853068619967},{""bbox"":[153.4609375,164.22203063964844,161.93666076660156,172.5995330810547],""confidence"":0.00109015719499439}]",17,0.001
002_20200622_203154(3),4,316,332,"[[155.00000000000003,146.0,165.0,156.0],[157.99999999999997,168.0,166.99999999999997,178.99999999999997],[159.0,193.0,169.0,202.99999999999997]]","[{""bbox"":[155.6422576904297,144.7957000732422,165.64859008789062,154.90574645996094],""confidence"":0.6436334252357483},{""bbox"":[160.0547637939453,193.1790008544922,169.76429748535156,203.45863342285156],""confidence"":0.6083421111106873},{""bbox"":[157.3916473388672,167.39230346679688,167.0902557373047,176.9055938720703],""confidence"":0.583858072757721},{""bbox"":[157.7381591796875,165.918701171875,165.8921356201172,174.92874145507812],""confidence"":0.10218653827905655},{""bbox"":[154.42222595214844,142.29544067382812,165.8663330078125,156.5220184326172],""confidence"":0.05176872760057449},{""bbox"":[158.9124298095703,191.74818420410156,168.9088592529297,202.63616943359375],""confidence"":0.03791336342692375},{""bbox"":[157.15516662597656,167.00181579589844,169.3516845703125,178.28785705566406],""confidence"":0.031242625787854195},{""bbox"":[155.37799072265625,166.70159912109375,167.2687530517578,178.672119140625],""confidence"":0.02745339646935463},{""bbox"":[162.6912841796875,192.06674194335938,173.16604614257812,202.1685028076172],""confidence"":0.016612127423286438},{""bbox"":[160.29330444335938,197.441650390625,169.25137329101562,206.55657958984375],""confidence"":0.010460149496793747},{""bbox"":[107.0440673828125,114.3957748413086,118.57073974609375,126.3069839477539],""confidence"":0.009661917574703693},{""bbox"":[158.82321166992188,193.68670654296875,170.6513671875,206.1647491455078],""confidence"":0.004327095113694668},{""bbox"":[257.613525390625,223.84620666503906,266.266357421875,234.38729858398438],""confidence"":0.003612206317484379},{""bbox"":[107.74354553222656,112.38458251953125,118.7342758178711,123.85112762451172],""confidence"":0.0032708379440009594},{""bbox"":[154.72193908691406,141.81895446777344,167.1949920654297,149.7953643798828],""confidence"":0.0030673251021653414},{""bbox"":[250.402099609375,224.01058959960938,259.27191162109375,234.8626708984375],""confidence"":0.002357795601710677},{""bbox"":[258.2118835449219,190.81390380859375,266.80291748046875,201.42433166503906],""confidence"":0.0015612324932590127}]",17,0.001
002_20200622_203158(8),4,316,332,"[[162.00000000000003,143.99999999999997,173.0,154.0],[164.0,166.0,173.99999999999997,177.0],[166.0,194.00000000000003,178.0,204.0]]","[{""bbox"":[162.1259307861328,144.42344665527344,172.2071075439453,154.93133544921875],""confidence"":0.6711976528167725},{""bbox"":[164.2825927734375,167.20787048339844,174.0260009765625,176.74978637695312],""confidence"":0.6125789880752563},{""bbox"":[167.13458251953125,193.14964294433594,176.95872497558594,203.64549255371094],""confidence"":0.608453631401062},{""bbox"":[163.89952087402344,165.24034118652344,172.87574768066406,174.1942596435547],""confidence"":0.11152952909469604},{""bbox"":[162.63525390625,165.63050842285156,175.0436553955078,178.1922149658203],""confidence"":0.09577441215515137},{""bbox"":[161.2122039794922,142.2768096923828,172.76829528808594,155.51760864257812],""confidence"":0.08112269639968872},{""bbox"":[162.72178649902344,146.11183166503906,173.34817504882812,154.40869140625],""confidence"":0.014355026185512543},{""bbox"":[167.80520629882812,197.4967498779297,176.7806854248047,206.63101196289062],""confidence"":0.013022223487496376},{""bbox"":[165.5014190673828,193.61669921875,178.23928833007812,206.23849487304688],""confidence"":0.008868122473359108},{""bbox"":[115.1772232055664,114.29287719726562,126.75971984863281,126.23838806152344],""confidence"":0.006978190038353205},{""bbox"":[171.40792846679688,191.8989715576172,181.8668975830078,202.16835021972656],""confidence"":0.006954222917556763},{""bbox"":[258.5682678222656,223.5582275390625,267.0893859863281,233.90634155273438],""confidence"":0.004714993294328451},{""bbox"":[115.89495849609375,112.50740051269531,126.44510650634766,123.51608276367188],""confidence"":0.0033302055671811104},{""bbox"":[163.95993041992188,193.381591796875,176.32501220703125,205.3208770751953],""confidence"":0.0031616766937077045},{""bbox"":[161.875,146.77420043945312,170.5035858154297,155.26258850097656],""confidence"":0.0028456239961087704},{""bbox"":[162.59066772460938,141.70347595214844,174.9110107421875,149.4542694091797],""confidence"":0.0027242505457252264},{""bbox"":[161.62393188476562,165.3233184814453,170.20529174804688,173.58387756347656],""confidence"":0.00242687133140862},{""bbox"":[266.270751953125,223.39280700683594,274.5453186035156,233.48556518554688],""confidence"":0.0015227833064273}]",18,0.001
002_20200623_003351(2),4,316,332,"[[151.0,146.0,162.0,157.0],[153.0,169.0,164.0,180.0],[154.99999999999997,202.99999999999997,169.0,211.0]]","[{""bbox"":[156.3572540283203,201.2716522216797,166.8014678955078,212.13519287109375],""confidence"":0.6999717354774475},{""bbox"":[151.19692993164062,146.9091796875,161.0213623046875,156.99485778808594],""confidence"":0.6197284460067749},{""bbox"":[153.0856475830078,169.927001953125,162.9320831298828,179.66781616210938],""confidence"":0.5989852547645569},{""bbox"":[151.22914123535156,168.97230529785156,162.83238220214844,180.60939025878906],""confidence"":0.051856715232133865},{""bbox"":[153.16075134277344,169.6202392578125,165.1265106201172,180.97137451171875],""confidence"":0.05112345516681671},{""bbox"":[155.2319793701172,171.0602569580078,164.96534729003906,179.48519897460938],""confidence"":0.02664533257484436},{""bbox"":[156.27134704589844,200.7208251953125,169.4104461669922,214.18515014648438],""confidence"":0.02099347673356533},{""bbox"":[157.67730712890625,205.4835205078125,166.65866088867188,214.12489318847656],""confidence"":0.017382537946105003},{""bbox"":[155.0884552001953,146.404296875,164.98390197753906,155.1873016357422],""confidence"":0.004893302917480469},{""bbox"":[125.77348327636719,231.78221130371094,134.32449340820312,242.18264770507812],""confidence"":0.00268697552382946},{""bbox"":[115.68351745605469,118.85441589355469,126.83198547363281,130.49392700195312],""confidence"":0.0018677124753594398},{""bbox"":[150.4932098388672,167.4385986328125,161.61976623535156,179.44723510742188],""confidence"":0.001482092891819775},{""bbox"":[117.65330505371094,116.5423355102539,132.4708251953125,131.1986083984375],""confidence"":0.0013355667470023036},{""bbox"":[116.08222198486328,118.21052551269531,131.78146362304688,134.22718811035156],""confidence"":0.0011826329864561558},{""bbox"":[151.46221923828125,142.4508056640625,162.01971435546875,157.7091522216797],""confidence"":0.0011492256307974458},{""bbox"":[154.3638458251953,167.16302490234375,165.10174560546875,179.7081756591797],""confidence"":0.0010212443303316832}]",16,0.001
002_20200623_003355(7),4,316,332,"[[143.0,146.99999999999997,155.0,160.0],[146.0,171.00000000000003,157.0,181.0],[149.0,202.99999999999997,160.0,214.99999999999997]]","[{""bbox"":[150.82559204101562,203.01771545410156,160.9537811279297,213.49143981933594],""confidence"":0.6735622882843018},{""bbox"":[144.3194580078125,148.3013916015625,154.4087371826172,158.40480041503906],""confidence"":0.6388255953788757},{""bbox"":[147.0234832763672,171.63723754882812,157.02195739746094,181.9609375],""confidence"":0.5673961639404297},{""bbox"":[147.69837951660156,171.18988037109375,157.28775024414062,179.5288848876953],""confidence"":0.13784417510032654},{""bbox"":[149.37498474121094,202.3131103515625,162.0062255859375,214.83038330078125],""confidence"":0.1378263384103775},{""bbox"":[146.21234130859375,147.11569213867188,156.38426208496094,156.61671447753906],""confidence"":0.10317910462617874},{""bbox"":[144.7742919921875,147.54635620117188,153.7320098876953,156.39328002929688],""confidence"":0.056681279093027115},{""bbox"":[144.5364990234375,147.5417022705078,156.634033203125,159.5206298828125],""confidence"":0.03021729737520218},{""bbox"":[148.91758728027344,200.49713134765625,160.53399658203125,213.7967529296875],""confidence"":0.027800172567367554},{""bbox"":[145.0872344970703,171.63682556152344,153.72283935546875,179.8883056640625],""confidence"":0.005623245611786842},{""bbox"":[110.90106201171875,118.85846710205078,122.09297180175781,130.57492065429688],""confidence"":0.0041949390433728695},{""bbox"":[147.35806274414062,202.55990600585938,159.7645263671875,214.31195068359375],""confidence"":0.0038687570486217737},{""bbox"":[111.67206573486328,116.6559066772461,122.21446990966797,127.98309326171875],""confidence"":0.0024942851159721613},{""bbox"":[142.16180419921875,148.5225830078125,154.18923950195312,160.94212341308594],""confidence"":0.0021200671326369047},{""bbox"":[155.97584533691406,204.3564910888672,165.1309814453125,213.06875610351562],""confidence"":0.0014574246015399694}]",15,0.001
002_20200623_003400(2),4,316,332,"[[151.0,148.0,162.0,158.0],[153.0,173.0,164.0,183.0],[155.00000000000003,202.0,166.0,213.0]]","[{""bbox"":[156.07554626464844,202.8466033935547,166.40821838378906,213.20913696289062],""confidence"":0.6919008493423462},{""bbox"":[150.71649169921875,147.91104125976562,160.71620178222656,158.12564086914062],""confidence"":0.6085981726646423},{""bbox"":[152.5223846435547,171.45941162109375,162.23875427246094,181.11233520507812],""confidence"":0.5663713216781616},{""bbox"":[151.55470275878906,147.32579040527344,161.1135711669922,155.94558715820312],""confidence"":0.15041644871234894},{""bbox"":[155.17465209960938,200.47386169433594,166.14414978027344,214.43508911132812],""confidence"":0.0479874387383461},{""bbox"":[149.28440856933594,148.10215759277344,161.60003662109375,160.67953491210938],""confidence"":0.031227128580212593},{""bbox"":[154.45623779296875,200.64178466796875,166.54490661621094,210.65127563476562],""confidence"":0.02197759971022606},{""bbox"":[155.6231689453125,171.47039794921875,164.67080688476562,179.96258544921875],""confidence"":0.01530463621020317},{""bbox"":[154.961181640625,146.84556579589844,164.7435302734375,156.23695373535156],""confidence"":0.008355474099516869},{""bbox"":[156.6087188720703,202.71656799316406,169.60394287109375,215.29550170898438],""confidence"":0.005447199568152428},{""bbox"":[153.58676147460938,171.36607360839844,165.16131591796875,181.78598022460938],""confidence"":0.00460432842373848},{""bbox"":[115.69401550292969,118.4016342163086,126.74337768554688,129.97921752929688],""confidence"":0.002941153710708022},{""bbox"":[116.04837036132812,116.0148696899414,127.025634765625,127.5486831665039],""confidence"":0.0017335278680548072},{""bbox"":[117.36961364746094,115.7674560546875,132.64276123046875,131.00076293945312],""confidence"":0.001406884752213955},{""bbox"":[119.07965087890625,114.85420989990234,131.82069396972656,127.50950622558594],""confidence"":0.0012126548681408167},{""bbox"":[151.8414764404297,167.3910675048828,161.70729064941406,180.76522827148438],""confidence"":0.0011306277010589838},{""bbox"":[115.8320083618164,117.75642395019531,131.83274841308594,134.12741088867188],""confidence"":0.0010728718480095267}]",17,0.001
002_20200623_003404(7),4,316,332,"[[147.0,145.0,158.0,156.0],[147.0,170.0,159.0,180.0],[151.0,203.00000000000003,162.0,211.99999999999997]]","[{""bbox"":[151.72500610351562,201.33126831054688,161.93406677246094,212.12857055664062],""confidence"":0.6758772134780884},{""bbox"":[147.0494842529297,146.31954956054688,157.13275146484375,156.48785400390625],""confidence"":0.6162689328193665},{""bbox"":[148.6158905029297,169.86517333984375,158.33010864257812,179.54335021972656],""confidence"":0.5875759720802307},{""bbox"":[149.69886779785156,171.6131591796875,158.80718994140625,180.0334930419922],""confidence"":0.07400893419981003},{""bbox"":[150.80934143066406,199.9606475830078,161.104736328125,210.96022033691406],""confidence"":0.05304456874728203},{""bbox"":[154.06251525878906,200.45559692382812,164.8980712890625,210.42715454101562],""confidence"":0.026200922206044197},{""bbox"":[147.81446838378906,167.37074279785156,158.28805541992188,180.29318237304688],""confidence"":0.02276730351150036},{""bbox"":[148.6484375,168.71185302734375,160.7303466796875,180.93344116210938],""confidence"":0.02206730656325817},{""bbox"":[152.49559020996094,205.3724822998047,161.43618774414062,214.08851623535156],""confidence"":0.020287835970520973},{""bbox"":[151.4249725341797,201.75778198242188,163.56317138671875,214.78834533691406],""confidence"":0.01841791160404682},{""bbox"":[147.2722930908203,167.48594665527344,157.449462890625,176.512939453125],""confidence"":0.006285468582063913},{""bbox"":[145.02391052246094,146.82701110839844,153.71914672851562,155.2369384765625],""confidence"":0.004082864616066217},{""bbox"":[147.1667022705078,142.4961395263672,157.77313232421875,157.56179809570312],""confidence"":0.0028539125341922045},{""bbox"":[146.32774353027344,169.58889770507812,158.28065490722656,181.75938415527344],""confidence"":0.0024639631155878305},{""bbox"":[152.66574096679688,201.55027770996094,165.7960968017578,213.5844268798828],""confidence"":0.0022349481005221605},{""bbox"":[114.44114685058594,113.9824447631836,127.75879669189453,127.33235931396484],""confidence"":0.001945552066899836},{""bbox"":[112.41937255859375,114.79940032958984,127.86219024658203,130.53561401367188],""confidence"":0.0016846602084115148},{""bbox"":[150.011962890625,170.19866943359375,162.1483917236328,181.5080108642578],""confidence"":0.0012587322853505611},{""bbox"":[115.5782699584961,112.16423797607422,127.21658325195312,124.08380889892578],""confidence"":0.0011307207169011235}]",19,0.001
002_20200623_003409(2),4,316,332,"[[148.00000000000003,146.0,158.0,156.0],[150.0,171.0,158.0,179.0],[151.0,202.0,160.0,211.99999999999997]]","[{""bbox"":[151.87403869628906,200.97323608398438,162.0830078125,211.53684997558594],""confidence"":0.6858654022216797},{""bbox"":[147.53060913085938,146.05323791503906,157.6905059814453,156.23338317871094],""confidence"":0.6402809619903564},{""bbox"":[148.8395538330078,169.1154022216797,158.1945343017578,179.0596466064453],""confidence"":0.5592654943466187},{""bbox"":[150.95526123046875,199.75531005859375,161.07693481445312,210.7392578125],""confidence"":0.08208794891834259},{""bbox"":[154.0355682373047,200.18130493164062,164.49656677246094,210.3887481689453],""confidence"":0.043681565672159195},{""bbox"":[149.9987335205078,172.291748046875,158.78518676757812,181.11563110351562],""confidence"":0.02960199862718582},{""bbox"":[147.8862762451172,169.7649688720703,158.73081970214844,181.1658172607422],""confidence"":0.02346963994204998},{""bbox"":[149.11959838867188,168.5193328857422,160.76019287109375,180.12142944335938],""confidence"":0.016383057460188866},{""bbox"":[148.10360717773438,167.46726989746094,157.3743896484375,176.69091796875],""confidence"":0.009705992415547371},{""bbox"":[152.471435546875,205.8328399658203,161.3760528564453,214.90963745117188],""confidence"":0.007041165605187416},{""bbox"":[147.37860107421875,142.50791931152344,158.06971740722656,157.31198120117188],""confidence"":0.005744116380810738},{""bbox"":[151.47557067871094,201.58860778808594,164.0971221923828,214.7813262939453],""confidence"":0.004748340230435133},{""bbox"":[114.71288299560547,113.27666473388672,128.04132080078125,126.89701843261719],""confidence"":0.0035937887150794268},{""bbox"":[152.7774200439453,201.0974884033203,165.62750244140625,212.71763610839844],""confidence"":0.0032737914007157087},{""bbox"":[115.9034423828125,111.78206634521484,127.50955200195312,123.57583618164062],""confidence"":0.002232707804068923},{""bbox"":[146.5470733642578,167.39804077148438,157.7115936279297,179.2832489013672],""confidence"":0.002057448960840702},{""bbox"":[112.79962921142578,114.3332290649414,127.74565887451172,129.96234130859375],""confidence"":0.0019208603771403432},{""bbox"":[145.04476928710938,146.74685668945312,153.68374633789062,155.15386962890625],""confidence"":0.0016569342697039247},{""bbox"":[148.3710174560547,145.7123260498047,161.17019653320312,158.07745361328125],""confidence"":0.0013074732851237059},{""bbox"":[146.69398498535156,141.97792053222656,159.34075927734375,149.86398315429688],""confidence"":0.0010084847453981638}]",20,0.001
002_20200623_003413(7),4,316,332,"[[154.0,146.0,164.0,155.0],[155.00000000000003,170.0,166.0,180.0],[158.0,201.00000000000003,169.0,211.0]]","[{""bbox"":[158.36126708984375,201.28668212890625,168.75279235839844,212.2317352294922],""confidence"":0.6647809147834778},{""bbox"":[153.31202697753906,146.15972900390625,163.518310546875,156.7167510986328],""confidence"":0.6469225883483887},{""bbox"":[155.81768798828125,169.77598571777344,165.4131317138672,179.58917236328125],""confidence"":0.5534701347351074},{""bbox"":[154.53709411621094,146.05194091796875,165.07351684570312,154.46414184570312],""confidence"":0.10072604566812515},{""bbox"":[153.4862060546875,146.6226043701172,162.1924285888672,154.84442138671875],""confidence"":0.03421592712402344},{""bbox"":[154.3931427001953,167.3369598388672,165.07630920410156,180.3832550048828],""confidence"":0.02559017203748226},{""bbox"":[159.60443115234375,205.59112548828125,168.6039276123047,214.4538116455078],""confidence"":0.022359052672982216},{""bbox"":[151.42478942871094,146.24295043945312,163.8621826171875,158.95315551757812],""confidence"":0.01617669314146042},{""bbox"":[157.12603759765625,201.69329833984375,170.44972229003906,214.6763458251953],""confidence"":0.014934544451534748},{""bbox"":[162.7429656982422,200.24241638183594,173.5087432861328,210.4154052734375],""confidence"":0.01029391959309578},{""bbox"":[119.63965606689453,114.44749450683594,130.89492797851562,126.3664321899414],""confidence"":0.006879159715026617},{""bbox"":[152.50205993652344,142.4111328125,164.10610961914062,156.62356567382812],""confidence"":0.0050547169521451},{""bbox"":[155.70590209960938,201.46176147460938,168.15646362304688,213.5545196533203],""confidence"":0.004841401241719723},{""bbox"":[154.4618377685547,167.2881317138672,164.55352783203125,175.88662719726562],""confidence"":0.004450293257832527},{""bbox"":[120.40156555175781,112.44100952148438,130.96644592285156,123.57501220703125],""confidence"":0.0037105935625731945},{""bbox"":[118.21549224853516,115.91715240478516,130.45655822753906,129.14109802246094],""confidence"":0.002549388911575079},{""bbox"":[153.12220764160156,171.8674774169922,161.8440704345703,180.47341918945312],""confidence"":0.0014038104563951492}]",17,0.001
002_20200623_043039(3),4,352,332,"[[188.0,148.0,195.99999999999997,157.0],[192.0,171.00000000000003,203.0,180.0],[202.0,201.0,208.0,208.0]]","[{""bbox"":[187.16737365722656,147.60755920410156,196.90147399902344,157.49716186523438],""confidence"":0.6407041549682617},{""bbox"":[192.40658569335938,170.29823303222656,201.74899291992188,179.7984619140625],""confidence"":0.6260799765586853},{""bbox"":[201.17190551757812,200.98220825195312,210.1083221435547,209.9246063232422],""confidence"":0.588263988494873},{""bbox"":[201.2283935546875,198.5530242919922,210.5695037841797,207.31146240234375],""confidence"":0.14958947896957397},{""bbox"":[187.53302001953125,145.9519500732422,197.0963134765625,154.5749053955078],""confidence"":0.14933936297893524},{""bbox"":[193.14801025390625,172.4286651611328,201.6667022705078,181.06625366210938],""confidence"":0.051940012723207474},{""bbox"":[200.52561950683594,198.38990783691406,210.88230895996094,210.3963165283203],""confidence"":0.03774712234735489},{""bbox"":[189.78619384765625,145.50779724121094,200.07058715820312,154.92665100097656],""confidence"":0.02919895388185978},{""bbox"":[191.86849975585938,167.6222686767578,202.0916290283203,179.32797241210938],""confidence"":0.024196114391088486},{""bbox"":[191.48191833496094,170.30506896972656,202.57818603515625,182.02001953125],""confidence"":0.019886739552021027},{""bbox"":[186.46087646484375,147.8102264404297,197.7097625732422,160.0113983154297],""confidence"":0.008562915958464146},{""bbox"":[192.72952270507812,168.41578674316406,204.98910522460938,180.1885528564453],""confidence"":0.008320553228259087},{""bbox"":[190.28050231933594,167.59054565429688,200.75839233398438,177.4140167236328],""confidence"":0.007014043163508177},{""bbox"":[199.5684356689453,200.29664611816406,211.24679565429688,212.8885040283203],""confidence"":0.004895827267318964},{""bbox"":[197.35108947753906,198.5226287841797,205.8507843017578,207.16502380371094],""confidence"":0.002658557379618287},{""bbox"":[183.28955078125,140.35305786132812,194.8600311279297,151.78831481933594],""confidence"":0.0024785331916064024},{""bbox"":[201.24122619628906,198.9629669189453,214.08042907714844,210.96534729003906],""confidence"":0.002256252570077777},{""bbox"":[187.51092529296875,145.91119384765625,200.64559936523438,158.60166931152344],""confidence"":0.0010783883044496179}]",18,0.001
002_20200623_043043(2),4,352,332,"[[202.0,127.0,210.0,134.0],[205.0,149.99999999999997,211.99999999999997,160.0],[207.00000000000003,181.99999999999997,215.0,190.0]]","[{""bbox"":[201.12583923339844,126.4983901977539,210.7659454345703,136.27052307128906],""confidence"":0.6921114325523376},{""bbox"":[203.46054077148438,150.73675537109375,212.3634033203125,159.85284423828125],""confidence"":0.6097558736801147},{""bbox"":[207.14561462402344,182.51219177246094,215.33029174804688,191.10748291015625],""confidence"":0.5902115106582642},{""bbox"":[205.76852416992188,180.84878540039062,215.787353515625,191.4929962158203],""confidence"":0.09852752089500427},{""bbox"":[202.86376953125,149.1970672607422,211.44602966308594,159.16307067871094],""confidence"":0.08040226995944977},{""bbox"":[207.9611358642578,180.53025817871094,217.6927490234375,189.20175170898438],""confidence"":0.05606214329600334},{""bbox"":[206.07789611816406,180.68963623046875,214.89669799804688,189.1388397216797],""confidence"":0.04790811985731125},{""bbox"":[206.60260009765625,181.87850952148438,218.16189575195312,192.88023376464844],""confidence"":0.019643288105726242},{""bbox"":[198.8075408935547,123.50484466552734,211.0415496826172,133.9706268310547],""confidence"":0.017605222761631012},{""bbox"":[201.46131896972656,125.53765869140625,213.63568115234375,137.3929443359375],""confidence"":0.006234460975974798},{""bbox"":[204.2774658203125,181.99810791015625,214.4054718017578,191.4632110595703],""confidence"":0.005416451953351498},{""bbox"":[201.13937377929688,123.85221862792969,211.84591674804688,136.666748046875],""confidence"":0.00493689114227891},{""bbox"":[199.61056518554688,127.2138442993164,209.77984619140625,138.09884643554688],""confidence"":0.0023115561343729496},{""bbox"":[199.88250732421875,150.3900604248047,211.61666870117188,161.189453125],""confidence"":0.0012739221565425396},{""bbox"":[208.1757049560547,148.60923767089844,217.33624267578125,159.1466522216797],""confidence"":0.0011568790068849921},{""bbox"":[203.4491424560547,156.40594482421875,212.46681213378906,166.55909729003906],""confidence"":0.0010580784874036908}]",16,0.001
002_20200623_043047(2),4,352,332,"[[194.0,133.0,203.00000000000003,141.0],[196.00000000000003,156.0,203.0,164.0],[200.00000000000003,187.99999999999997,206.99999999999997,196.0]]","[{""bbox"":[194.39602661132812,132.88621520996094,202.8723907470703,141.65603637695312],""confidence"":0.6286042332649231},{""bbox"":[199.23756408691406,188.07630920410156,207.80889892578125,197.42361450195312],""confidence"":0.6213340759277344},{""bbox"":[195.8030548095703,156.26348876953125,204.62521362304688,165.59152221679688],""confidence"":0.5621300339698792},{""bbox"":[195.890869140625,154.71630859375,204.9659423828125,163.1233367919922],""confidence"":0.131258025765419},{""bbox"":[193.77919006347656,130.9195556640625,203.4242706298828,141.2902069091797],""confidence"":0.11906230449676514},{""bbox"":[198.5643768310547,187.41552734375,209.43385314941406,198.15908813476562],""confidence"":0.07898809760808945},{""bbox"":[194.00360107421875,132.34593200683594,204.8880615234375,142.41458129882812],""confidence"":0.04528922215104103},{""bbox"":[197.5942840576172,185.4105987548828,208.11679077148438,197.53053283691406],""confidence"":0.016967589035630226},{""bbox"":[197.45401000976562,189.42385864257812,206.233642578125,197.96131896972656],""confidence"":0.015773409977555275},{""bbox"":[199.58578491210938,154.44163513183594,208.75027465820312,163.49891662597656],""confidence"":0.004455717280507088},{""bbox"":[199.35035705566406,130.696044921875,208.72702026367188,140.93844604492188],""confidence"":0.004113436210900545},{""bbox"":[195.56385803222656,187.21055603027344,207.6241455078125,198.19712829589844],""confidence"":0.0033546118065714836},{""bbox"":[193.90953063964844,155.7591094970703,206.5064239501953,169.1254119873047],""confidence"":0.0015705663245171309},{""bbox"":[191.1892547607422,132.41964721679688,202.44337463378906,142.51609802246094],""confidence"":0.0012174289440736175}]",14,0.001
002_20200623_043051(3),4,352,332,"[[194.0,140.0,200.00000000000003,149.0],[194.0,163.0,203.00000000000003,174.0],[196.00000000000003,195.0,204.0,205.99999999999997]]","[{""bbox"":[192.59814453125,140.89080810546875,201.7677764892578,150.00172424316406],""confidence"":0.6843437552452087},{""bbox"":[196.46890258789062,196.6110382080078,205.38055419921875,205.53538513183594],""confidence"":0.5937362909317017},{""bbox"":[193.547607421875,164.60647583007812,202.67469787597656,174.34326171875],""confidence"":0.5519524216651917},{""bbox"":[192.08837890625,138.6072235107422,201.9855499267578,148.2692108154297],""confidence"":0.16970425844192505},{""bbox"":[193.9456024169922,163.18603515625,202.96722412109375,171.70993041992188],""confidence"":0.15912435948848724},{""bbox"":[190.96481323242188,139.81723022460938,201.31175231933594,150.50852966308594],""confidence"":0.0540020577609539},{""bbox"":[196.47642517089844,198.70162963867188,204.95120239257812,207.3437957763672],""confidence"":0.028903106227517128},{""bbox"":[195.4583740234375,194.2486114501953,205.42080688476562,206.2879180908203],""confidence"":0.022683100774884224},{""bbox"":[191.0782470703125,164.15267944335938,202.8121337890625,175.511474609375],""confidence"":0.011755531653761864},{""bbox"":[192.9049835205078,139.64051818847656,204.82861328125,151.11672973632812],""confidence"":0.006448579020798206},{""bbox"":[195.57720947265625,195.99362182617188,206.90127563476562,208.50839233398438],""confidence"":0.004485470708459616},{""bbox"":[194.09637451171875,162.8859100341797,204.96676635742188,174.82632446289062],""confidence"":0.003462044754996896},{""bbox"":[189.16616821289062,131.18301391601562,200.5902862548828,140.42300415039062],""confidence"":0.002809466328471899},{""bbox"":[191.77088928222656,137.00364685058594,202.4930419921875,152.4957275390625],""confidence"":0.0023251273669302464},{""bbox"":[198.97898864746094,193.9272003173828,210.64305114746094,204.41165161132812],""confidence"":0.0021481907460838556},{""bbox"":[200.57052612304688,198.84384155273438,209.07403564453125,207.6695098876953],""confidence"":0.002034086035564542},{""bbox"":[188.3383026123047,137.8857879638672,196.51182556152344,146.82449340820312],""confidence"":0.0013779648579657078},{""bbox"":[191.9132843017578,164.96192932128906,203.8905487060547,177.7862548828125],""confidence"":0.0013273445656523108}]",18,0.001
002_20200623_043055(3),4,352,332,"[[198.0,149.0,206.0,159.0],[199.00000000000003,174.00000000000003,209.0,183.0],[201.0,205.0,207.99999999999997,214.99999999999997]]","[{""bbox"":[198.5948486328125,150.44461059570312,207.1094512939453,159.1583709716797],""confidence"":0.6293707489967346},{""bbox"":[200.2886962890625,205.76620483398438,209.52972412109375,215.2688751220703],""confidence"":0.61028653383255},{""bbox"":[199.3943328857422,173.47842407226562,208.1975555419922,182.98243713378906],""confidence"":0.5638771057128906},{""bbox"":[197.26258850097656,149.75709533691406,207.59878540039062,160.20306396484375],""confidence"":0.2842850387096405},{""bbox"":[199.0326690673828,171.78746032714844,209.0048370361328,180.4672088623047],""confidence"":0.12738725543022156},{""bbox"":[198.17958068847656,148.56381225585938,208.29617309570312,158.94361877441406],""confidence"":0.08679746836423874},{""bbox"":[199.29029846191406,149.59130859375,209.27703857421875,159.8065185546875],""confidence"":0.025284484028816223},{""bbox"":[197.51629638671875,172.1027069091797,206.45896911621094,180.4583740234375],""confidence"":0.02361861802637577},{""bbox"":[199.58743286132812,205.52809143066406,210.68833923339844,217.2740020751953],""confidence"":0.018456079065799713},{""bbox"":[196.70033264160156,147.841796875,205.71148681640625,157.9420623779297],""confidence"":0.015181106515228748},{""bbox"":[198.3535614013672,202.92764282226562,210.4496612548828,213.3909454345703],""confidence"":0.010608237236738205},{""bbox"":[199.02377319335938,203.02590942382812,209.5332489013672,216.8059844970703],""confidence"":0.00904811266809702},{""bbox"":[197.38259887695312,207.09291076660156,205.98365783691406,215.67840576171875],""confidence"":0.004665476735681295}]",13,0.001
002_20200623_043059(4),4,352,332,"[[193.0,164.0,203.0,176.0],[196.00000000000003,190.0,204.0,199.99999999999997],[199.99999999999997,223.0,209.0,231.99999999999997]]","[{""bbox"":[193.00851440429688,167.31051635742188,202.19113159179688,176.57431030273438],""confidence"":0.6951733231544495},{""bbox"":[195.61788940429688,190.2117462158203,205.2661590576172,200.07186889648438],""confidence"":0.6647579669952393},{""bbox"":[201.21694946289062,221.94203186035156,209.95726013183594,230.9693603515625],""confidence"":0.6130992770195007},{""bbox"":[192.6499481201172,165.1125946044922,202.64903259277344,174.783447265625],""confidence"":0.18359962105751038},{""bbox"":[196.30735778808594,189.15357971191406,205.75648498535156,197.57626342773438],""confidence"":0.1601869910955429},{""bbox"":[199.68109130859375,219.97975158691406,210.600830078125,231.42198181152344],""confidence"":0.055107422173023224},{""bbox"":[191.05294799804688,166.2640380859375,201.9413604736328,177.19146728515625],""confidence"":0.028856031596660614},{""bbox"":[192.80165100097656,165.7458953857422,204.81417846679688,177.3451385498047],""confidence"":0.009436610154807568},{""bbox"":[199.11830139160156,188.740966796875,209.4201202392578,197.59701538085938],""confidence"":0.009019303135573864},{""bbox"":[201.9800567626953,226.27120971679688,210.0250701904297,235.27587890625],""confidence"":0.0037360694259405136},{""bbox"":[192.09483337402344,163.36508178710938,203.03260803222656,178.63113403320312],""confidence"":0.003008679486811161},{""bbox"":[189.38824462890625,157.8326416015625,201.0376739501953,167.68243408203125],""confidence"":0.0028052800334990025},{""bbox"":[201.9254913330078,221.0659637451172,214.05812072753906,232.1891632080078],""confidence"":0.0013076127506792545}]",13,0.001
002_20200624_003107(0),4,352,332,"[[195.00000000000003,158.0,202.0,166.99999999999997],[195.99999999999997,182.00000000000003,202.0,190.99999999999997],[196.00000000000003,213.00000000000003,204.0,222.0]]","[{""bbox"":[194.28294372558594,159.00209045410156,202.9310760498047,167.85572814941406],""confidence"":0.6229114532470703},{""bbox"":[196.33935546875,213.89170837402344,204.97984313964844,222.83700561523438],""confidence"":0.5984060764312744},{""bbox"":[195.3616180419922,181.98703002929688,204.092529296875,191.18763732910156],""confidence"":0.5613448023796082},{""bbox"":[193.18296813964844,158.37741088867188,203.59141540527344,169.01760864257812],""confidence"":0.20180822908878326},{""bbox"":[195.6504364013672,180.9774932861328,204.45220947265625,189.3774871826172],""confidence"":0.11367031186819077},{""bbox"":[195.34608459472656,211.83770751953125,205.25125122070312,223.30740356445312],""confidence"":0.04008110240101814},{""bbox"":[196.30645751953125,216.49899291992188,204.7750701904297,225.25180053710938],""confidence"":0.022537849843502045},{""bbox"":[199.4005889892578,156.83871459960938,208.3501739501953,166.4322967529297],""confidence"":0.003552696667611599},{""bbox"":[199.04811096191406,211.47523498535156,210.5081024169922,222.04031372070312],""confidence"":0.0028040253091603518},{""bbox"":[195.33914184570312,213.2705078125,207.0404052734375,226.1361541748047],""confidence"":0.0023068715818226337},{""bbox"":[200.17822265625,180.9492950439453,208.94491577148438,189.9993896484375],""confidence"":0.0019953849259763956},{""bbox"":[192.79734802246094,176.35963439941406,203.9344024658203,186.93545532226562],""confidence"":0.001124837319366634},{""bbox"":[200.673095703125,216.69520568847656,209.0901336669922,225.6575469970703],""confidence"":0.001072301180101931}]",13,0.001
002_20200624_003111(0),4,352,332,"[[200.00000000000003,132.0,210.0,141.0],[202.00000000000003,156.0,209.0,166.0],[201.0,189.00000000000003,210.00000000000003,198.0]]","[{""bbox"":[200.5896759033203,132.8384246826172,209.3333740234375,141.4541015625],""confidence"":0.6517496109008789},{""bbox"":[201.09332275390625,187.92324829101562,210.1904754638672,197.0994873046875],""confidence"":0.6139340996742249},{""bbox"":[200.33851623535156,155.54159545898438,209.3263702392578,164.8384246826172],""confidence"":0.5604627132415771},{""bbox"":[200.13162231445312,154.27305603027344,209.44761657714844,162.8151092529297],""confidence"":0.12293421477079391},{""bbox"":[199.1028289794922,130.87371826171875,209.01820373535156,141.0410919189453],""confidence"":0.11026374250650406},{""bbox"":[201.8365936279297,189.70860290527344,210.27027893066406,198.24574279785156],""confidence"":0.05596740171313286},{""bbox"":[199.0684814453125,185.1813201904297,211.11192321777344,196.11410522460938],""confidence"":0.023448094725608826},{""bbox"":[200.25128173828125,187.40948486328125,211.56451416015625,199.77870178222656],""confidence"":0.013324739411473274},{""bbox"":[197.51214599609375,154.35533142089844,206.16162109375,162.72637939453125],""confidence"":0.009140252135694027},{""bbox"":[196.80882263183594,129.7644500732422,205.01119995117188,139.34561157226562],""confidence"":0.0032610141206532717},{""bbox"":[201.525634765625,187.91847229003906,214.08909606933594,198.98048400878906],""confidence"":0.001903497613966465},{""bbox"":[197.7264862060547,120.05168914794922,208.63087463378906,127.80069732666016],""confidence"":0.001186180510558188}]",12,0.001
002_20200624_003115(1),4,352,332,"[[194.0,108.99999999999999,203.00000000000003,118.0],[197.0,132.0,205.0,142.00000000000003],[200.00000000000003,164.0,206.99999999999997,172.99999999999997]]","[{""bbox"":[196.91598510742188,132.46458435058594,205.6284942626953,141.0835418701172],""confidence"":0.6261286735534668},{""bbox"":[193.68063354492188,109.3514633178711,202.5055389404297,118.65852355957031],""confidence"":0.6160341501235962},{""bbox"":[200.66818237304688,164.62342834472656,209.28549194335938,173.4291229248047],""confidence"":0.587533712387085},{""bbox"":[200.44711303710938,162.81094360351562,209.77447509765625,171.2759246826172],""confidence"":0.12653647363185883},{""bbox"":[192.8213348388672,109.85213470458984,203.1756591796875,120.49173736572266],""confidence"":0.10935366153717041},{""bbox"":[195.3857879638672,131.6284637451172,204.93539428710938,141.4418487548828],""confidence"":0.09139683097600937},{""bbox"":[196.4435577392578,130.30960083007812,204.9087371826172,138.98760986328125],""confidence"":0.06107543036341667},{""bbox"":[194.97549438476562,110.59748840332031,203.39981079101562,119.19998168945312],""confidence"":0.057915098965168},{""bbox"":[194.1433563232422,108.7193603515625,204.82827758789062,119.44078063964844],""confidence"":0.026058277115225792},{""bbox"":[199.11416625976562,130.2557373046875,208.13186645507812,139.93438720703125],""confidence"":0.015834687277674675},{""bbox"":[191.05226135253906,105.4360122680664,202.69961547851562,115.68862915039062],""confidence"":0.007863440550863743},{""bbox"":[197.59140014648438,162.83981323242188,205.91114807128906,171.2799530029297],""confidence"":0.007333999965339899},{""bbox"":[192.906005859375,106.17871856689453,203.60690307617188,119.81861114501953],""confidence"":0.0038143889978528023},{""bbox"":[198.3430938720703,158.83343505859375,210.3018035888672,168.7876434326172],""confidence"":0.0026256830897182226},{""bbox"":[191.19674682617188,109.35543823242188,201.78289794921875,119.09833526611328],""confidence"":0.002530591329559684},{""bbox"":[198.31613159179688,132.175537109375,209.52200317382812,141.9208526611328],""confidence"":0.0015787406591698527}]",16,0.001
002_20200624_003119(1),4,352,332,"[[203.00000000000003,122.0,213.0,131.0],[203.00000000000003,145.0,210.0,153.0],[200.00000000000003,178.0,208.0,185.00000000000003]]","[{""bbox"":[200.33236694335938,176.87928771972656,209.22911071777344,185.7922821044922],""confidence"":0.6279775500297546},{""bbox"":[201.20643615722656,144.34486389160156,210.71372985839844,153.85472106933594],""confidence"":0.6214808225631714},{""bbox"":[202.84815979003906,121.45893096923828,211.5409393310547,130.51492309570312],""confidence"":0.5768155455589294},{""bbox"":[203.20455932617188,119.91422271728516,212.36073303222656,128.48849487304688],""confidence"":0.13784600794315338},{""bbox"":[198.55551147460938,175.1450653076172,208.891845703125,185.94696044921875],""confidence"":0.09248431026935577},{""bbox"":[203.28411865234375,120.96512603759766,213.6796112060547,131.66786193847656],""confidence"":0.04725731536746025},{""bbox"":[196.82339477539062,173.87033081054688,205.55001831054688,183.96530151367188],""confidence"":0.005942781921476126},{""bbox"":[200.11050415039062,141.4501190185547,209.74940490722656,154.0467529296875],""confidence"":0.005941714160144329},{""bbox"":[198.67723083496094,113.37113952636719,210.22494506835938,122.39811706542969],""confidence"":0.004244536627084017},{""bbox"":[202.0542755126953,145.2506866455078,213.98736572265625,155.943359375],""confidence"":0.0032625505700707436},{""bbox"":[199.418212890625,141.4647979736328,210.6742706298828,151.1468963623047],""confidence"":0.003052345709875226},{""bbox"":[200.83056640625,121.1711196899414,212.2696533203125,133.58932495117188],""confidence"":0.0024190638214349747},{""bbox"":[204.0994110107422,119.10199737548828,214.29080200195312,130.86859130859375],""confidence"":0.002302420325577259},{""bbox"":[208.71583557128906,119.80799102783203,217.38116455078125,128.91802978515625],""confidence"":0.0011722813360393047},{""bbox"":[199.3086700439453,144.02691650390625,210.34153747558594,155.88656616210938],""confidence"":0.0011276830919086933}]",15,0.001
002_20200624_003123(1),4,352,332,"[[196.00000000000003,120.0,203.0,127.99999999999999],[193.0,146.0,204.0,153.0],[192.99999999999997,176.0,202.0,184.99999999999997]]","[{""bbox"":[193.5210418701172,176.1928253173828,201.86483764648438,184.6353759765625],""confidence"":0.6313146352767944},{""bbox"":[193.6890869140625,143.6217041015625,202.95993041992188,153.65658569335938],""confidence"":0.6050217151641846},{""bbox"":[194.803466796875,120.6286392211914,203.4850616455078,129.7825927734375],""confidence"":0.5920763611793518},{""bbox"":[192.0501251220703,173.61607360839844,201.73985290527344,183.32225036621094],""confidence"":0.14967988431453705},{""bbox"":[194.80380249023438,119.47505187988281,204.1090850830078,127.96809387207031],""confidence"":0.13548873364925385},{""bbox"":[192.27650451660156,175.74313354492188,202.86648559570312,186.569580078125],""confidence"":0.0885939821600914},{""bbox"":[193.11077880859375,143.5303497314453,205.16622924804688,154.8475799560547],""confidence"":0.05588323995471001},{""bbox"":[194.59002685546875,145.95472717285156,203.4554901123047,154.7275390625],""confidence"":0.055138591676950455},{""bbox"":[191.1142120361328,175.39501953125,201.29405212402344,185.06492614746094],""confidence"":0.053526926785707474},{""bbox"":[192.85409545898438,141.4197235107422,202.76409912109375,152.84605407714844],""confidence"":0.02947157807648182},{""bbox"":[195.52182006835938,119.14640808105469,205.12677001953125,129.80722045898438],""confidence"":0.014087019488215446},{""bbox"":[191.1376190185547,142.8567352294922,203.00767517089844,154.20040893554688],""confidence"":0.012740815058350563},{""bbox"":[190.3520965576172,113.75011444091797,202.16477966308594,123.47928619384766],""confidence"":0.005199789069592953},{""bbox"":[191.68215942382812,172.24520874023438,201.82827758789062,186.703857421875],""confidence"":0.00268556154333055},{""bbox"":[188.4130859375,172.78497314453125,196.7394256591797,181.68728637695312],""confidence"":0.0017325329827144742},{""bbox"":[193.70278930664062,175.9718017578125,206.1608428955078,187.07627868652344],""confidence"":0.0015944723272696137},{""bbox"":[199.76303100585938,119.34041595458984,208.73886108398438,128.35348510742188],""confidence"":0.0011358194751664996},{""bbox"":[190.57240295410156,167.74696350097656,201.56814575195312,177.93931579589844],""confidence"":0.0010823244228959084}]",18,0.001
002_20200624_003127(0),4,352,332,"[[203.0,120.0,210.99999999999997,131.0],[203.00000000000003,143.0,213.0,155.0],[203.99999999999997,177.0,213.0,185.00000000000003]]","[{""bbox"":[204.62437438964844,176.35694885253906,213.288818359375,184.9362335205078],""confidence"":0.6315110921859741},{""bbox"":[202.72964477539062,143.76809692382812,211.89088439941406,153.7195281982422],""confidence"":0.6281864643096924},{""bbox"":[202.6250457763672,120.72982025146484,211.33985900878906,130.07496643066406],""confidence"":0.6112319827079773},{""bbox"":[202.44049072265625,119.1844711303711,212.05172729492188,127.74371337890625],""confidence"":0.1711607426404953},{""bbox"":[203.7279052734375,173.96929931640625,213.1154327392578,183.84767150878906],""confidence"":0.11617773771286011},{""bbox"":[203.9837188720703,175.91221618652344,214.2066650390625,186.41921997070312],""confidence"":0.09261477738618851},{""bbox"":[203.41123962402344,145.7635955810547,212.39251708984375,154.44801330566406],""confidence"":0.07347439229488373},{""bbox"":[202.07254028320312,143.07650756835938,213.6833953857422,154.76541137695312],""confidence"":0.04435771331191063},{""bbox"":[201.75758361816406,120.06570434570312,213.64939880371094,131.30137634277344],""confidence"":0.016971422359347343},{""bbox"":[201.58078002929688,141.4393310546875,211.5177459716797,153.0138397216797],""confidence"":0.01616622321307659},{""bbox"":[199.95700073242188,143.1085662841797,211.67108154296875,154.2338409423828],""confidence"":0.013590873219072819},{""bbox"":[208.15821838378906,174.22073364257812,217.71725463867188,184.74853515625],""confidence"":0.0085121039301157},{""bbox"":[198.4071807861328,113.84442901611328,210.5236053466797,123.10688018798828],""confidence"":0.0068332357332110405},{""bbox"":[199.85081481933594,120.20845794677734,210.39581298828125,130.3856964111328],""confidence"":0.004765641875565052},{""bbox"":[203.6068115234375,172.2003173828125,213.94256591796875,187.63577270507812],""confidence"":0.001102717244066298}]",15,0.001
002_20200624_083032(4),4,316,332,"[[155.00000000000003,140.0,165.0,153.0],[157.0,162.0,166.99999999999997,176.0],[159.0,189.00000000000003,170.0,199.0]]","[{""bbox"":[154.68296813964844,140.88040161132812,164.5615692138672,151.09939575195312],""confidence"":0.6501046419143677},{""bbox"":[156.89515686035156,163.81329345703125,166.4154052734375,173.5140838623047],""confidence"":0.6119970679283142},{""bbox"":[160.15122985839844,189.01292419433594,170.03053283691406,199.43605041503906],""confidence"":0.6043120622634888},{""bbox"":[157.77862548828125,162.68698120117188,167.04104614257812,170.85450744628906],""confidence"":0.1859002709388733},{""bbox"":[153.30833435058594,140.17835998535156,165.45997619628906,152.43154907226562],""confidence"":0.12034791707992554},{""bbox"":[160.44027709960938,188.2375030517578,169.76805114746094,196.5677032470703],""confidence"":0.1186826303601265},{""bbox"":[155.06192016601562,162.66876220703125,167.02540588378906,174.71182250976562],""confidence"":0.040249377489089966},{""bbox"":[163.6488494873047,187.7694549560547,173.39671325683594,196.5338134765625],""confidence"":0.02861606329679489},{""bbox"":[156.80975341796875,163.22608947753906,169.29539489746094,175.09681701660156],""confidence"":0.018674151971936226},{""bbox"":[152.96055603027344,139.7180633544922,162.00086975097656,149.4092254638672],""confidence"":0.011726112104952335},{""bbox"":[105.94477081298828,111.82190704345703,118.72720336914062,125.01300811767578],""confidence"":0.008655160665512085},{""bbox"":[107.3804931640625,111.42396545410156,117.99656677246094,122.5518569946289],""confidence"":0.0077266087755560875},{""bbox"":[258.66717529296875,182.32318115234375,267.1504211425781,192.7484588623047],""confidence"":0.005695072002708912},{""bbox"":[159.07444763183594,189.57608032226562,170.82725524902344,201.99798583984375],""confidence"":0.005623773671686649},{""bbox"":[155.07412719726562,138.1359405517578,166.33168029785156,151.8107452392578],""confidence"":0.0023011129815131426},{""bbox"":[161.16331481933594,188.50875854492188,173.6902618408203,200.37779235839844],""confidence"":0.0022866521030664444},{""bbox"":[107.49475860595703,108.69476318359375,118.73283386230469,120.27339935302734],""confidence"":0.002118990756571293},{""bbox"":[192.36585998535156,189.0569610595703,200.62660217285156,198.27427673339844],""confidence"":0.0016974121099337935},{""bbox"":[103.59884643554688,114.08346557617188,112.92542266845703,123.39371490478516],""confidence"":0.0011935527436435223},{""bbox"":[103.86595153808594,111.881591796875,113.21775817871094,121.66044616699219],""confidence"":0.0010240874253213406}]",20,0.001
002_20200624_083036(9),4,316,332,"[[158.0,148.0,169.0,159.0],[157.0,171.00000000000003,170.0,180.0],[161.00000000000003,197.00000000000003,172.0,208.0]]","[{""bbox"":[156.50482177734375,148.02459716796875,166.79022216796875,158.4007568359375],""confidence"":0.6563249230384827},{""bbox"":[159.104248046875,171.10568237304688,168.59295654296875,180.84036254882812],""confidence"":0.6377626061439514},{""bbox"":[161.87103271484375,196.7781219482422,171.72271728515625,206.93072509765625],""confidence"":0.6120966076850891},{""bbox"":[157.40708923339844,169.7587890625,169.6745147705078,182.00001525878906],""confidence"":0.35163190960884094},{""bbox"":[156.98257446289062,146.93258666992188,167.0843963623047,155.7418975830078],""confidence"":0.22010235488414764},{""bbox"":[155.90365600585938,146.2454833984375,167.45040893554688,159.4708251953125],""confidence"":0.11929873377084732},{""bbox"":[163.20982360839844,195.7854461669922,173.32684326171875,204.2294464111328],""confidence"":0.08772672712802887},{""bbox"":[161.59075927734375,196.3390655517578,170.3890838623047,204.58612060546875],""confidence"":0.03935138136148453},{""bbox"":[161.6513214111328,195.34291076660156,173.32015991210938,207.63821411132812],""confidence"":0.037880852818489075},{""bbox"":[159.73162841796875,196.56129455566406,171.87916564941406,208.63873291015625],""confidence"":0.02321070432662964},{""bbox"":[155.50332641601562,170.8871612548828,167.9042510986328,183.482177734375],""confidence"":0.0040342132560908794},{""bbox"":[109.9169692993164,118.26908111572266,122.18706512451172,130.6163330078125],""confidence"":0.003676221938803792},{""bbox"":[259.0632629394531,190.4181671142578,267.5081481933594,200.67697143554688],""confidence"":0.003401234745979309},{""bbox"":[111.06039428710938,116.62535095214844,121.52210998535156,127.67076110839844],""confidence"":0.002586820162832737},{""bbox"":[107.67298889160156,119.7689437866211,116.50762939453125,128.9521026611328],""confidence"":0.0019341940060257912},{""bbox"":[258.5778503417969,223.75051879882812,267.1695861816406,234.35684204101562],""confidence"":0.0014041608665138483},{""bbox"":[154.44607543945312,147.97366333007812,167.18350219726562,160.97254943847656],""confidence"":0.0013951873406767845},{""bbox"":[163.9748077392578,170.98130798339844,173.36036682128906,179.5823211669922],""confidence"":0.0013550214935094118},{""bbox"":[156.7643280029297,167.36378479003906,167.45838928222656,176.4691925048828],""confidence"":0.001192501513287425},{""bbox"":[153.2315216064453,147.19610595703125,161.96585083007812,156.3220672607422],""confidence"":0.0010270454222336411}]",20,0.001
002_20200624_083041(3),4,316,332,"[[159.0,148.0,167.99999999999997,158.0],[159.0,171.0,171.0,179.0],[161.00000000000003,196.0,172.0,205.99999999999997]]","[{""bbox"":[157.15696716308594,148.03099060058594,167.60003662109375,158.70355224609375],""confidence"":0.678072988986969},{""bbox"":[159.51156616210938,170.70730590820312,169.40098571777344,180.65762329101562],""confidence"":0.6645235419273376},{""bbox"":[161.8628692626953,196.67111206054688,171.90525817871094,207.01754760742188],""confidence"":0.6629441976547241},{""bbox"":[157.68658447265625,169.27500915527344,170.40371704101562,181.97555541992188],""confidence"":0.260185182094574},{""bbox"":[158.01547241210938,147.19187927246094,167.97842407226562,155.95762634277344],""confidence"":0.23395290970802307},{""bbox"":[156.46202087402344,146.19598388671875,168.7122039794922,160.00900268554688],""confidence"":0.13530877232551575},{""bbox"":[163.0764617919922,195.6136016845703,173.46995544433594,203.9976043701172],""confidence"":0.13228389620780945},{""bbox"":[161.74188232421875,196.1789093017578,170.4693145751953,204.375],""confidence"":0.040505845099687576},{""bbox"":[159.78408813476562,196.43296813964844,172.0871124267578,208.7650604248047],""confidence"":0.022367002442479134},{""bbox"":[111.1181411743164,115.95506286621094,121.39356231689453,126.8379898071289],""confidence"":0.006144372280687094},{""bbox"":[109.75334930419922,116.7121810913086,122.26373291015625,129.51075744628906],""confidence"":0.005844885483384132},{""bbox"":[258.6830749511719,197.2267303466797,267.1250305175781,206.13723754882812],""confidence"":0.003656700486317277},{""bbox"":[163.73829650878906,170.91964721679688,173.24505615234375,179.41758728027344],""confidence"":0.0024626615922898054},{""bbox"":[111.26168060302734,113.20012664794922,121.68113708496094,124.66182708740234],""confidence"":0.0019272940699011087},{""bbox"":[155.62472534179688,170.20974731445312,167.924072265625,181.7621307373047],""confidence"":0.0018249629065394402},{""bbox"":[163.34996032714844,146.9459228515625,173.02142333984375,156.82908630371094],""confidence"":0.0014111828058958054},{""bbox"":[154.4452362060547,145.6547088623047,167.248046875,159.15087890625],""confidence"":0.0013011123519390821},{""bbox"":[160.7212677001953,192.3579864501953,171.20530700683594,206.14691162109375],""confidence"":0.0012594249565154314},{""bbox"":[157.55787658691406,167.33395385742188,168.5832061767578,180.22792053222656],""confidence"":0.0011260068276897073},{""bbox"":[107.5849838256836,118.53899383544922,116.8568115234375,127.94762420654297],""confidence"":0.0010784879559651017},{""bbox"":[157.38002014160156,167.36837768554688,168.05908203125,176.60227966308594],""confidence"":0.001042705844156444}]",21,0.001
002_20200624_083045(8),4,316,332,"[[150.0,131.0,160.0,142.0],[155.0,155.0,164.0,166.99999999999997],[158.0,184.99999999999997,167.99999999999997,198.0]]","[{""bbox"":[158.5248260498047,187.28431701660156,168.18812561035156,197.3730010986328],""confidence"":0.6411242485046387},{""bbox"":[149.8114776611328,132.08868408203125,159.94395446777344,142.41647338867188],""confidence"":0.6142776012420654},{""bbox"":[152.805908203125,155.49514770507812,163.0609130859375,165.95803833007812],""confidence"":0.6002531051635742},{""bbox"":[155.21986389160156,154.2241668701172,165.2681121826172,162.59689331054688],""confidence"":0.0922623872756958},{""bbox"":[153.18589782714844,154.81988525390625,161.9865264892578,162.90170288085938],""confidence"":0.05538225173950195},{""bbox"":[149.7817840576172,129.8936004638672,161.06314086914062,143.2108612060547],""confidence"":0.04623307287693024},{""bbox"":[153.3126220703125,153.78594970703125,164.9404754638672,165.98353576660156],""confidence"":0.01876707188785076},{""bbox"":[156.7352294921875,183.88563537597656,168.46548461914062,197.7672119140625],""confidence"":0.008198224008083344},{""bbox"":[155.5498046875,187.1134033203125,167.7793731689453,199.27926635742188],""confidence"":0.006575982552021742},{""bbox"":[114.95475006103516,103.87042999267578,128.391845703125,117.7747573852539],""confidence"":0.005153996869921684},{""bbox"":[157.29623413085938,183.71810913085938,168.8064422607422,194.18202209472656],""confidence"":0.003914087079465389},{""bbox"":[155.19927978515625,131.10348510742188,164.75299072265625,141.02243041992188],""confidence"":0.003610689425840974},{""bbox"":[250.4808349609375,148.8670196533203,258.9110412597656,159.15121459960938],""confidence"":0.003425025613978505},{""bbox"":[115.74364471435547,102.41548919677734,128.5118865966797,114.90663146972656],""confidence"":0.0021087864879518747},{""bbox"":[152.1863555908203,156.0355987548828,164.8546905517578,169.0095977783203],""confidence"":0.0018991784891113639},{""bbox"":[147.21463012695312,132.4763641357422,159.46287536621094,145.00689697265625],""confidence"":0.0018548851367086172},{""bbox"":[113.64606475830078,105.58426666259766,127.36088562011719,120.23273468017578],""confidence"":0.0013288446934893727}]",17,0.001
002_20200624_083050(4),4,316,332,"[[150.0,146.0,160.0,156.0],[151.0,170.0,160.0,180.0],[153.0,202.0,164.0,213.0]]","[{""bbox"":[153.36642456054688,202.4873046875,163.62548828125,213.23971557617188],""confidence"":0.7039527297019958},{""bbox"":[148.47845458984375,146.6924591064453,158.943115234375,157.3096160888672],""confidence"":0.6168296337127686},{""bbox"":[151.3470001220703,170.80345153808594,160.53587341308594,180.21331787109375],""confidence"":0.6011159420013428},{""bbox"":[149.60308837890625,146.6619415283203,159.14151000976562,155.0370330810547],""confidence"":0.15207429230213165},{""bbox"":[152.51177978515625,201.87258911132812,165.03890991210938,214.57057189941406],""confidence"":0.0924922302365303},{""bbox"":[149.82537841796875,170.20457458496094,161.12510681152344,181.4693145751953],""confidence"":0.08538191765546799},{""bbox"":[154.7850799560547,204.00973510742188,164.9001922607422,212.33416748046875],""confidence"":0.05077368766069412},{""bbox"":[148.2840118408203,145.82260131835938,161.03179931640625,158.36087036132812],""confidence"":0.025688698515295982},{""bbox"":[153.4854736328125,204.54034423828125,162.1610870361328,212.75453186035156],""confidence"":0.024636542424559593},{""bbox"":[153.95159912109375,200.7372589111328,165.05191040039062,210.1121826171875],""confidence"":0.010790765285491943},{""bbox"":[250.06207275390625,173.3685760498047,258.5037841796875,183.1998748779297],""confidence"":0.006373945157974958},{""bbox"":[148.10569763183594,142.35104370117188,159.54409790039062,157.0272674560547],""confidence"":0.0033043751027435064},{""bbox"":[147.33035278320312,170.20176696777344,159.23861694335938,181.24940490722656],""confidence"":0.002869425108656287},{""bbox"":[148.88824462890625,167.4317626953125,159.70706176757812,180.3367462158203],""confidence"":0.0023763866629451513},{""bbox"":[156.2060546875,171.3150634765625,165.1849822998047,180.03497314453125],""confidence"":0.002032642485573888},{""bbox"":[115.75910949707031,114.84932708740234,126.66432189941406,126.4046401977539],""confidence"":0.001991962781175971},{""bbox"":[117.65355682373047,112.57661437988281,132.3877410888672,127.2000961303711],""confidence"":0.001656872802414},{""bbox"":[149.26296997070312,167.39254760742188,159.3543701171875,176.7068328857422],""confidence"":0.001542495796456933},{""bbox"":[119.36223602294922,111.58058166503906,131.08123779296875,123.55777740478516],""confidence"":0.0013848025118932128},{""bbox"":[151.4939727783203,199.8860321044922,161.6661376953125,210.6908721923828],""confidence"":0.0012927595525979996},{""bbox"":[147.9522247314453,142.1551055908203,159.81375122070312,150.70944213867188],""confidence"":0.0012747639557346702},{""bbox"":[183.95640563964844,206.1831512451172,192.2779998779297,215.96385192871094],""confidence"":0.0010676041711121798},{""bbox"":[250.8902587890625,206.25253295898438,259.1161804199219,215.8273468017578],""confidence"":0.0010310624493286014}]",23,0.001
002_20200624_083054(9),4,316,332,"[[147.0,135.0,160.0,146.0],[150.0,160.0,158.0,169.0],[150.0,193.0,160.0,202.99999999999997]]","[{""bbox"":[148.42176818847656,136.7927703857422,158.32115173339844,146.63360595703125],""confidence"":0.6472285985946655},{""bbox"":[151.2926025390625,192.96153259277344,160.9906005859375,203.2013702392578],""confidence"":0.6449325680732727},{""bbox"":[148.30111694335938,160.20367431640625,158.18408203125,170.6329803466797],""confidence"":0.5901274681091309},{""bbox"":[149.63174438476562,138.91571044921875,158.43719482421875,147.35980224609375],""confidence"":0.055255815386772156},{""bbox"":[147.50254821777344,159.0427703857422,157.52334594726562,169.01832580566406],""confidence"":0.04446132481098175},{""bbox"":[154.48556518554688,191.9217071533203,165.13897705078125,202.21197509765625],""confidence"":0.014329174533486366},{""bbox"":[149.70574951171875,164.29507446289062,158.488525390625,173.26882934570312],""confidence"":0.013370499946177006},{""bbox"":[148.755615234375,135.88026428222656,160.76266479492188,147.92733764648438],""confidence"":0.012993383221328259},{""bbox"":[151.71360778808594,197.5502166748047,160.59678649902344,206.61224365234375],""confidence"":0.012024004012346268},{""bbox"":[149.2726593017578,160.01657104492188,160.7714080810547,171.40054321289062],""confidence"":0.011061920784413815},{""bbox"":[146.10540771484375,136.31527709960938,158.06427001953125,148.5311279296875],""confidence"":0.006917284335941076},{""bbox"":[147.62066650390625,160.9013214111328,158.97560119628906,172.9083709716797],""confidence"":0.006657269783318043},{""bbox"":[115.32182312011719,105.38873291015625,128.4915008544922,118.5787353515625],""confidence"":0.004096577875316143},{""bbox"":[113.92692565917969,106.68070983886719,128.11917114257812,121.7131576538086],""confidence"":0.0037152785807847977},{""bbox"":[150.8977508544922,193.47305297851562,162.94912719726562,206.3419647216797],""confidence"":0.002854557242244482},{""bbox"":[148.3871307373047,134.00900268554688,159.421142578125,142.6106719970703],""confidence"":0.001888404949568212},{""bbox"":[115.95158386230469,103.27838134765625,128.7308349609375,115.62185668945312],""confidence"":0.0012433070223778486}]",17,0.001
002_20200624_203017(4),4,352,332,"[[194.0,127.99999999999999,206.99999999999997,141.0],[195.99999999999997,153.0,205.0,161.0],[197.0,185.00000000000003,208.0,193.99999999999997]]","[{""bbox"":[195.93679809570312,127.87779235839844,205.22683715820312,137.00807189941406],""confidence"":0.6859568357467651},{""bbox"":[198.83348083496094,184.0033721923828,207.4254150390625,193.3350372314453],""confidence"":0.6038423180580139},{""bbox"":[196.49972534179688,152.40036010742188,205.5133514404297,161.40391540527344],""confidence"":0.5841253399848938},{""bbox"":[198.6073455810547,181.8966522216797,208.65115356445312,191.5454559326172],""confidence"":0.10379088670015335},{""bbox"":[194.41993713378906,127.15699005126953,205.1514434814453,138.40130615234375],""confidence"":0.06734634190797806},{""bbox"":[198.01004028320312,183.81732177734375,209.4431915283203,194.5157470703125],""confidence"":0.05034615471959114},{""bbox"":[197.28073120117188,181.54461669921875,206.21420288085938,190.4296875],""confidence"":0.025187110528349876},{""bbox"":[196.26112365722656,154.95916748046875,205.07516479492188,163.85543823242188],""confidence"":0.0217796228826046},{""bbox"":[197.1792449951172,181.03433227539062,207.63455200195312,193.64015197753906],""confidence"":0.008823339827358723},{""bbox"":[199.087158203125,127.40909576416016,209.17784118652344,136.2372589111328],""confidence"":0.007563713472336531},{""bbox"":[194.79791259765625,149.75120544433594,204.59848022460938,160.0453643798828],""confidence"":0.006972803734242916},{""bbox"":[192.22064208984375,122.82353973388672,203.89303588867188,133.88204956054688],""confidence"":0.00460831867530942},{""bbox"":[195.558837890625,151.80419921875,207.1583251953125,164.5283203125],""confidence"":0.0030768015421926975},{""bbox"":[195.5463104248047,183.44403076171875,206.6034698486328,193.09017944335938],""confidence"":0.002937746699899435},{""bbox"":[198.13809204101562,151.3499755859375,209.3054962158203,162.28843688964844],""confidence"":0.0015620787162333727},{""bbox"":[197.9129180908203,122.87008666992188,209.28675842285156,130.559814453125],""confidence"":0.001492186333052814},{""bbox"":[198.76690673828125,149.83059692382812,208.58090209960938,158.9126434326172],""confidence"":0.0013367165811359882},{""bbox"":[200.36367797851562,155.140869140625,209.18978881835938,164.33740234375],""confidence"":0.0012727269204333425},{""bbox"":[195.47572326660156,123.76921081542969,205.98916625976562,140.27162170410156],""confidence"":0.0012062587775290012}]",19,0.001
002_20200625_042934(9),4,352,332,"[[183.0,148.0,192.99999999999997,158.0],[189.00000000000003,172.0,199.0,181.99999999999997],[197.0,202.0,208.0,211.99999999999997]]","[{""bbox"":[183.55979919433594,149.5059356689453,193.3331756591797,159.29354858398438],""confidence"":0.708133339881897},{""bbox"":[189.2690887451172,172.21788024902344,198.6319122314453,181.79090881347656],""confidence"":0.6020663976669312},{""bbox"":[198.8712615966797,202.7769775390625,207.3162384033203,211.5230255126953],""confidence"":0.5876290202140808},{""bbox"":[183.19595336914062,147.4517059326172,193.36424255371094,157.2548828125],""confidence"":0.19580115377902985},{""bbox"":[198.71231079101562,200.87783813476562,208.6229248046875,211.067138671875],""confidence"":0.0758465975522995},{""bbox"":[190.1352081298828,171.3001251220703,200.13424682617188,179.88198852539062],""confidence"":0.0581749752163887},{""bbox"":[188.6077880859375,171.75045776367188,197.53790283203125,180.06149291992188],""confidence"":0.056491658091545105},{""bbox"":[189.2890625,170.5923309326172,200.59024047851562,182.1538848876953],""confidence"":0.050244756042957306},{""bbox"":[182.16278076171875,149.8809051513672,192.37832641601562,160.4054412841797],""confidence"":0.009558817371726036},{""bbox"":[196.88294982910156,200.0112762451172,205.69937133789062,209.7826385498047],""confidence"":0.00938428845256567},{""bbox"":[186.67649841308594,172.32846069335938,198.44204711914062,183.55430603027344],""confidence"":0.008805983699858189},{""bbox"":[183.29156494140625,147.40789794921875,196.13552856445312,160.1779327392578],""confidence"":0.007705072872340679},{""bbox"":[198.53738403320312,202.13291931152344,209.70301818847656,212.9677276611328],""confidence"":0.004679214209318161},{""bbox"":[182.9355010986328,145.79014587402344,193.62222290039062,161.0850067138672],""confidence"":0.003908706828951836},{""bbox"":[180.35194396972656,139.81396484375,191.85011291503906,149.14405822753906],""confidence"":0.0025659119710326195},{""bbox"":[195.5334930419922,202.97874450683594,206.0810089111328,212.32296752929688],""confidence"":0.002337575424462557},{""bbox"":[198.34771728515625,198.58282470703125,209.08157348632812,213.67723083496094],""confidence"":0.001574678928591311},{""bbox"":[179.5687713623047,146.7209930419922,187.8365020751953,155.71429443359375],""confidence"":0.0013648148160427809}]",18,0.001
002_20200625_042939(2),4,352,332,"[[193.0,133.0,203.0,143.0],[195.0,159.0,204.0,169.0],[199.0,189.0,208.0,199.99999999999997]]","[{""bbox"":[199.42816162109375,190.2949676513672,208.33091735839844,199.6306610107422],""confidence"":0.6458887457847595},{""bbox"":[193.6246337890625,133.57968139648438,202.65403747558594,143.279541015625],""confidence"":0.6396751403808594},{""bbox"":[195.74722290039062,157.192626953125,204.9971466064453,166.8059539794922],""confidence"":0.5752478241920471},{""bbox"":[195.91400146484375,155.20960998535156,205.01055908203125,163.57736206054688],""confidence"":0.14008067548274994},{""bbox"":[198.90267944335938,188.80897521972656,209.36167907714844,197.4604949951172],""confidence"":0.1322707086801529},{""bbox"":[192.45831298828125,131.7989501953125,203.20545959472656,143.09765625],""confidence"":0.09582410007715225},{""bbox"":[197.59445190429688,189.1577606201172,206.49227905273438,197.629150390625],""confidence"":0.024510612711310387},{""bbox"":[192.84906005859375,133.0843963623047,204.8690643310547,144.54544067382812],""confidence"":0.023542696610093117},{""bbox"":[195.34860229492188,156.95474243164062,206.1549072265625,168.89495849609375],""confidence"":0.015773454681038857},{""bbox"":[194.6117706298828,154.5777587890625,204.8912353515625,167.2831573486328],""confidence"":0.009627584367990494},{""bbox"":[199.169921875,154.7272491455078,208.47222900390625,164.00628662109375],""confidence"":0.007063484750688076},{""bbox"":[198.9464569091797,131.61297607421875,209.14576721191406,141.75804138183594],""confidence"":0.002726808888837695},{""bbox"":[197.96908569335938,185.32838439941406,209.75823974609375,194.90789794921875],""confidence"":0.0014903608243912458},{""bbox"":[191.1136932373047,133.05511474609375,201.7457733154297,143.3375701904297],""confidence"":0.0014335914747789502}]",14,0.001
002_20200625_042943(7),4,352,332,"[[199.00000000000003,119.0,209.0,130.0],[203.00000000000003,146.0,213.0,154.0],[207.00000000000003,177.00000000000003,217.0,186.0]]","[{""bbox"":[208.9010009765625,176.7461700439453,217.43560791015625,185.2552947998047],""confidence"":0.624711275100708},{""bbox"":[200.44601440429688,120.79727935791016,209.42449951171875,130.2893829345703],""confidence"":0.6224181056022644},{""bbox"":[203.4857177734375,144.11827087402344,212.41197204589844,153.72335815429688],""confidence"":0.6053802967071533},{""bbox"":[199.68392944335938,118.80663299560547,210.48587036132812,127.7087173461914],""confidence"":0.208872988820076},{""bbox"":[207.7625732421875,174.72161865234375,217.73867797851562,185.19309997558594],""confidence"":0.08275964856147766},{""bbox"":[201.9629669189453,144.15240478515625,213.1064453125,155.70361328125],""confidence"":0.031011274084448814},{""bbox"":[197.5213623046875,119.04012298583984,206.3677215576172,127.54998779296875],""confidence"":0.008423274382948875},{""bbox"":[202.2300262451172,141.36746215820312,213.02066040039062,154.15660095214844],""confidence"":0.00810401514172554},{""bbox"":[205.6005096435547,173.67141723632812,214.31692504882812,183.634521484375],""confidence"":0.004486082121729851},{""bbox"":[197.88555908203125,114.06352233886719,209.49212646484375,123.04051208496094],""confidence"":0.004362442065030336},{""bbox"":[201.00372314453125,141.18153381347656,210.69293212890625,150.74429321289062],""confidence"":0.0037366854958236217},{""bbox"":[199.9208984375,143.68240356445312,211.94126892089844,154.55702209472656],""confidence"":0.00214731995947659},{""bbox"":[198.60250854492188,120.65251159667969,210.81509399414062,133.69886779785156],""confidence"":0.001218876801431179}]",13,0.001
002_20200625_042948(3),4,352,332,"[[192.0,126.0,199.99999999999997,134.0],[192.99999999999997,148.0,205.0,157.0],[199.0,181.0,210.0,190.99999999999997]]","[{""bbox"":[201.4609375,181.029541015625,210.14820861816406,189.6743621826172],""confidence"":0.6303985714912415},{""bbox"":[191.6063232421875,125.28793334960938,200.6101531982422,134.83779907226562],""confidence"":0.6191669702529907},{""bbox"":[195.35321044921875,148.5518798828125,204.26724243164062,157.99993896484375],""confidence"":0.5937842130661011},{""bbox"":[195.35888671875,146.58856201171875,204.04371643066406,155.0398406982422],""confidence"":0.1342918872833252},{""bbox"":[199.8028564453125,180.46473693847656,209.37109375,190.0567169189453],""confidence"":0.1023125946521759},{""bbox"":[189.45008850097656,123.39334869384766,200.61720275878906,134.0065155029297],""confidence"":0.07005433738231659},{""bbox"":[194.30348205566406,148.24903869628906,205.24708557128906,159.97158813476562],""confidence"":0.015434591099619865},{""bbox"":[194.08255004882812,145.7722930908203,204.61045837402344,158.4504852294922],""confidence"":0.008605883456766605},{""bbox"":[199.02386474609375,176.34617614746094,211.52536010742188,186.81832885742188],""confidence"":0.0038811827544122934},{""bbox"":[201.5183563232422,179.82640075683594,213.97117614746094,190.8056640625],""confidence"":0.003053966909646988},{""bbox"":[197.4844512939453,180.47906494140625,205.6959686279297,188.98928833007812],""confidence"":0.002417264971882105},{""bbox"":[189.64120483398438,125.12248229980469,201.73240661621094,138.1316375732422],""confidence"":0.00210862816311419},{""bbox"":[199.48048400878906,145.98043823242188,208.67042541503906,155.4780731201172],""confidence"":0.002066304674372077},{""bbox"":[186.76922607421875,122.07158660888672,195.97740173339844,133.67308044433594],""confidence"":0.0013839013408869505},{""bbox"":[200.21510314941406,176.5523681640625,210.66590881347656,192.1953125],""confidence"":0.0010957677150145173}]",15,0.001
002_20200625_042952(8),4,352,332,"[[203.99999999999997,126.0,213.0,135.0],[202.0,150.0,210.0,159.0],[197.0,182.00000000000003,208.0,193.0]]","[{""bbox"":[201.78607177734375,150.0113983154297,210.72860717773438,158.9432830810547],""confidence"":0.6371593475341797},{""bbox"":[203.30813598632812,126.05818176269531,212.31956481933594,135.28407287597656],""confidence"":0.6131690144538879},{""bbox"":[199.2411346435547,182.7035369873047,207.93646240234375,192.20814514160156],""confidence"":0.5666882991790771},{""bbox"":[200.30775451660156,148.46331787109375,209.92234802246094,158.37875366210938],""confidence"":0.12119247764348984},{""bbox"":[199.0227508544922,181.23500061035156,208.7781219482422,190.08253479003906],""confidence"":0.08550409972667694},{""bbox"":[197.4095916748047,180.99307250976562,206.07073974609375,189.54539489746094],""confidence"":0.018535686656832695},{""bbox"":[203.88050842285156,128.9721221923828,212.0525665283203,137.4250030517578],""confidence"":0.012452226132154465},{""bbox"":[201.95664978027344,150.2917938232422,213.751708984375,160.96604919433594],""confidence"":0.007181109860539436},{""bbox"":[201.0416259765625,122.93577575683594,211.5643310546875,133.7249298095703],""confidence"":0.00620916998013854},{""bbox"":[201.24314880371094,125.60710144042969,212.80587768554688,138.0691680908203],""confidence"":0.0047549474984407425},{""bbox"":[199.59585571289062,180.6287841796875,209.9695587158203,192.7085723876953],""confidence"":0.004131264053285122},{""bbox"":[204.56690979003906,123.57087707519531,214.8184051513672,135.7254638671875],""confidence"":0.0021339058876037598},{""bbox"":[197.06863403320312,147.25381469726562,205.606201171875,156.3529815673828],""confidence"":0.0021020113490521908},{""bbox"":[199.71051025390625,149.6569366455078,210.0228729248047,160.30418395996094],""confidence"":0.002059575403109193},{""bbox"":[197.9823455810547,182.50967407226562,210.1082000732422,195.49462890625],""confidence"":0.00171692855656147}]",15,0.001
002_20200625_042957(3),4,352,332,"[[202.0,174.00000000000003,211.99999999999997,183.0],[203.0,199.99999999999997,214.0,208.0],[207.00000000000003,230.00000000000003,217.0,240.0]]","[{""bbox"":[201.0574493408203,174.33523559570312,210.67422485351562,184.0330810546875],""confidence"":0.6604434251785278},{""bbox"":[204.2396697998047,198.94430541992188,213.5571746826172,208.40562438964844],""confidence"":0.6062560081481934},{""bbox"":[208.41566467285156,230.70486450195312,217.1772003173828,240.0637969970703],""confidence"":0.5791512727737427},{""bbox"":[201.1248321533203,172.1654052734375,211.21168518066406,181.06813049316406],""confidence"":0.21230098605155945},{""bbox"":[207.19923400878906,228.92918395996094,218.18475341796875,239.81497192382812],""confidence"":0.035978030413389206},{""bbox"":[199.9632110595703,174.03257751464844,211.60841369628906,186.5355987548828],""confidence"":0.01780124567449093},{""bbox"":[201.37777709960938,173.39817810058594,213.662109375,185.3186492919922],""confidence"":0.006082844454795122},{""bbox"":[238.97312927246094,196.84877014160156,246.2255859375,204.47848510742188],""confidence"":0.0050291079096496105},{""bbox"":[198.0283660888672,166.96478271484375,210.02330017089844,176.55056762695312],""confidence"":0.004908609203994274},{""bbox"":[208.96243286132812,235.03704833984375,217.53807067871094,243.7805938720703],""confidence"":0.002956769661977887},{""bbox"":[197.46229553222656,172.10897827148438,205.87522888183594,180.6354522705078],""confidence"":0.0025422365870326757},{""bbox"":[208.4855194091797,197.95677185058594,218.048828125,206.94479370117188],""confidence"":0.002534650731831789},{""bbox"":[204.4662322998047,227.72251892089844,213.89891052246094,239.66641235351562],""confidence"":0.0017456250498071313},{""bbox"":[201.34478759765625,193.95587158203125,211.99560546875,203.6227264404297],""confidence"":0.0012151743285357952},{""bbox"":[198.80905151367188,171.81857299804688,210.42263793945312,184.83871459960938],""confidence"":0.0010812391992658377}]",15,0.001
002_20200629_082630(7),4,352,332,"[[184.0,132.0,195.0,145.00000000000003],[190.0,155.0,199.00000000000003,166.99999999999997],[197.0,187.0,206.99999999999997,195.00000000000003]]","[{""bbox"":[184.76573181152344,133.5879364013672,194.11781311035156,143.52566528320312],""confidence"":0.5972611904144287},{""bbox"":[198.56756591796875,187.0828857421875,207.5059356689453,196.8252410888672],""confidence"":0.5608221292495728},{""bbox"":[190.24078369140625,156.5933380126953,199.10121154785156,165.76528930664062],""confidence"":0.5560077428817749},{""bbox"":[190.32215881347656,154.53294372558594,199.85235595703125,163.16714477539062],""confidence"":0.07965544611215591},{""bbox"":[189.41175842285156,154.44000244140625,199.6878662109375,165.5858917236328],""confidence"":0.06541923433542252},{""bbox"":[197.59774780273438,185.2397918701172,208.37261962890625,197.14193725585938],""confidence"":0.060892779380083084},{""bbox"":[188.59010314941406,154.81805419921875,197.39979553222656,163.01473999023438],""confidence"":0.0379459448158741},{""bbox"":[183.93740844726562,132.82699584960938,196.18182373046875,144.60946655273438],""confidence"":0.02639610506594181},{""bbox"":[199.6879425048828,190.0452423095703,208.4644317626953,198.29725646972656],""confidence"":0.010331535711884499},{""bbox"":[197.19204711914062,187.52450561523438,208.51272583007812,199.67311096191406],""confidence"":0.009531466290354729},{""bbox"":[197.35711669921875,189.8452911376953,205.7600555419922,198.5807342529297],""confidence"":0.0056710559874773026},{""bbox"":[195.55303955078125,187.1128692626953,206.9661407470703,197.5068359375],""confidence"":0.004251283127814531},{""bbox"":[190.27670288085938,131.6425018310547,200.6348876953125,142.04151916503906],""confidence"":0.0036564902402460575},{""bbox"":[188.9750213623047,156.7613983154297,200.2194061279297,168.87469482421875],""confidence"":0.0028799278661608696},{""bbox"":[195.35426330566406,184.054931640625,205.2018280029297,196.06338500976562],""confidence"":0.0026755521539598703},{""bbox"":[183.81790161132812,134.47879028320312,195.38861083984375,146.8265380859375],""confidence"":0.0015942711615934968},{""bbox"":[186.77142333984375,156.40875244140625,198.08926391601562,166.6676483154297],""confidence"":0.0014825219986960292},{""bbox"":[182.34642028808594,133.85047912597656,192.6683807373047,143.41371154785156],""confidence"":0.0012161898193880916}]",18,0.001
002_20200629_082639(2),4,352,332,"[[198.0,162.0,207.00000000000003,172.99999999999997],[197.0,189.0,208.0,196.0],[199.0,220.99999999999997,208.0,229.0]]","[{""bbox"":[200.05662536621094,220.35899353027344,208.94598388671875,229.21519470214844],""confidence"":0.6424720883369446},{""bbox"":[197.9330596923828,164.2306671142578,206.3867645263672,172.94728088378906],""confidence"":0.5984830856323242},{""bbox"":[198.9846649169922,187.39723205566406,207.96160888671875,196.8509521484375],""confidence"":0.5613157749176025},{""bbox"":[198.6323699951172,218.29551696777344,208.7532501220703,228.69705200195312],""confidence"":0.10325361043214798},{""bbox"":[198.2036590576172,185.40234375,207.70205688476562,195.93338012695312],""confidence"":0.05317452922463417},{""bbox"":[198.7678985595703,162.94064331054688,208.8356170654297,171.54278564453125],""confidence"":0.04719897359609604},{""bbox"":[198.82127380371094,219.36717224121094,209.57974243164062,230.62794494628906],""confidence"":0.04565584659576416},{""bbox"":[197.94850158691406,163.55064392089844,209.31105041503906,173.68650817871094],""confidence"":0.012960975989699364},{""bbox"":[197.0851287841797,217.3644561767578,205.91294860839844,226.81500244140625],""confidence"":0.01001631747931242},{""bbox"":[195.42550659179688,163.54782104492188,205.9252471923828,173.59375],""confidence"":0.010015466250479221},{""bbox"":[199.85443115234375,190.4689178466797,208.93499755859375,199.42529296875],""confidence"":0.006706130225211382},{""bbox"":[199.48423767089844,185.13975524902344,209.45315551757812,196.6507568359375],""confidence"":0.003621602663770318},{""bbox"":[197.01473999023438,190.24923706054688,205.76217651367188,199.23443603515625],""confidence"":0.003190447110682726},{""bbox"":[197.8521270751953,157.49618530273438,208.6524658203125,164.93218994140625],""confidence"":0.002456479473039508},{""bbox"":[197.67848205566406,187.1696319580078,209.3746337890625,199.7199249267578],""confidence"":0.002372994087636471},{""bbox"":[196.1473846435547,184.4092559814453,205.5828399658203,194.6522979736328],""confidence"":0.002232157625257969},{""bbox"":[195.5083465576172,186.65879821777344,207.3702850341797,197.6674041748047],""confidence"":0.0021839879918843508}]",17,0.001
002_20200629_082642(2),4,352,332,"[[188.0,164.0,197.0,172.99999999999997],[192.00000000000003,186.00000000000003,202.0,196.0],[198.0,217.0,207.99999999999997,228.0]]","[{""bbox"":[199.06448364257812,218.99945068359375,207.87046813964844,228.5692596435547],""confidence"":0.6386486887931824},{""bbox"":[192.408935546875,187.02198791503906,201.3852081298828,196.59864807128906],""confidence"":0.6221213340759277},{""bbox"":[188.46298217773438,164.73545837402344,197.29750061035156,174.00143432617188],""confidence"":0.613822340965271},{""bbox"":[198.5111846923828,216.84732055664062,208.7068328857422,226.4951171875],""confidence"":0.12147237360477448},{""bbox"":[188.32156372070312,163.2934112548828,197.37387084960938,171.73663330078125],""confidence"":0.06312155723571777},{""bbox"":[197.66253662109375,218.6572723388672,209.0307159423828,230.51016235351562],""confidence"":0.04646620526909828},{""bbox"":[189.86013793945312,162.90753173828125,200.1062469482422,171.73854064941406],""confidence"":0.043027691543102264},{""bbox"":[190.3147735595703,185.08319091796875,200.496826171875,195.08033752441406],""confidence"":0.03252066299319267},{""bbox"":[197.34765625,216.68167114257812,206.37196350097656,225.60951232910156],""confidence"":0.025077585130929947},{""bbox"":[192.98887634277344,190.4541015625,201.7300567626953,199.3812713623047],""confidence"":0.021499769762158394},{""bbox"":[188.20167541503906,163.4375,200.5834503173828,174.68568420410156],""confidence"":0.008174135349690914},{""bbox"":[197.52574157714844,216.21762084960938,208.0585479736328,228.70211791992188],""confidence"":0.008006708696484566},{""bbox"":[192.92764282226562,185.9333038330078,205.0338897705078,197.44630432128906],""confidence"":0.006559303961694241},{""bbox"":[191.16259765625,187.17892456054688,202.8614501953125,199.6884002685547],""confidence"":0.005371347535401583},{""bbox"":[186.07228088378906,162.8260040283203,197.73104858398438,175.04571533203125],""confidence"":0.0023943379055708647},{""bbox"":[189.05575561523438,157.6759796142578,199.96917724609375,165.35842895507812],""confidence"":0.0018780285026878119},{""bbox"":[195.57408142089844,218.2662353515625,207.62432861328125,229.18748474121094],""confidence"":0.001789711182937026},{""bbox"":[183.47740173339844,156.83482360839844,194.38583374023438,168.09169006347656],""confidence"":0.0011397989001125097},{""bbox"":[199.15640258789062,215.88369750976562,210.04884338378906,228.93360900878906],""confidence"":0.0010655132355168462}]",19,0.001
002_20200629_082645(4),4,352,332,"[[195.0,140.0,207.00000000000003,150.0],[199.0,166.0,210.0,172.0],[205.0,196.99999999999997,214.99999999999997,205.0]]","[{""bbox"":[196.60623168945312,141.14117431640625,205.8349151611328,150.24258422851562],""confidence"":0.6794865727424622},{""bbox"":[205.97140502929688,196.1299591064453,214.5387725830078,205.1443328857422],""confidence"":0.6262873411178589},{""bbox"":[199.84030151367188,163.86219787597656,209.0176239013672,173.3227081298828],""confidence"":0.5793338418006897},{""bbox"":[199.7850799560547,162.63839721679688,209.55618286132812,171.17616271972656],""confidence"":0.13349173963069916},{""bbox"":[196.26138305664062,138.77297973632812,205.51107788085938,148.21778869628906],""confidence"":0.0739402025938034},{""bbox"":[198.43740844726562,138.92477416992188,208.35694885253906,149.16859436035156],""confidence"":0.0567549467086792},{""bbox"":[205.0767059326172,194.09286499023438,215.29644775390625,205.5751953125],""confidence"":0.03810485079884529},{""bbox"":[205.65423583984375,198.71937561035156,214.11183166503906,207.3450164794922],""confidence"":0.01686459593474865},{""bbox"":[197.56924438476562,162.9453582763672,206.36175537109375,171.2801513671875],""confidence"":0.015198851935565472},{""bbox"":[207.1682586669922,193.953857421875,218.59881591796875,204.38868713378906],""confidence"":0.011735140345990658},{""bbox"":[203.46058654785156,193.22425842285156,213.7962646484375,205.0869903564453],""confidence"":0.007050102576613426},{""bbox"":[205.9344024658203,194.92337036132812,218.18214416503906,206.5730743408203],""confidence"":0.0043719918467104435},{""bbox"":[197.0928955078125,139.35272216796875,209.28480529785156,151.2960205078125],""confidence"":0.002750047016888857},{""bbox"":[208.8741455078125,198.8817596435547,217.5055694580078,207.4482421875],""confidence"":0.0025940630584955215},{""bbox"":[204.0520782470703,195.64332580566406,216.15155029296875,208.49990844726562],""confidence"":0.0021929177455604076},{""bbox"":[195.79171752929688,137.0048828125,206.2244873046875,153.0347442626953],""confidence"":0.0015211723512038589}]",16,0.001
002_20200629_163656(7),4,316,332,"[[151.99999999999997,143.0,160.99999999999997,152.0],[154.0,167.0,163.0,175.99999999999997],[156.0,200.00000000000003,164.0,208.99999999999997]]","[{""bbox"":[155.8129425048828,199.5447540283203,166.0721893310547,209.72854614257812],""confidence"":0.7023108005523682},{""bbox"":[151.58421325683594,143.09100341796875,161.56817626953125,153.6411590576172],""confidence"":0.6606153249740601},{""bbox"":[152.6368408203125,167.5674285888672,162.28323364257812,177.10060119628906],""confidence"":0.5935672521591187},{""bbox"":[154.3643798828125,198.3076934814453,166.84376525878906,210.96719360351562],""confidence"":0.08361963927745819},{""bbox"":[154.5047149658203,165.93759155273438,163.70504760742188,175.8603973388672],""confidence"":0.05945157632231712},{""bbox"":[152.52430725097656,165.88818359375,161.42506408691406,175.16299438476562],""confidence"":0.049302130937576294},{""bbox"":[154.3267364501953,142.13230895996094,164.85757446289062,151.9049072265625],""confidence"":0.02826295606791973},{""bbox"":[153.53907775878906,167.33583068847656,165.01116943359375,177.82740783691406],""confidence"":0.015266460366547108},{""bbox"":[119.6043930053711,110.74307250976562,131.4342041015625,122.86030578613281],""confidence"":0.006001140456646681},{""bbox"":[117.88394927978516,111.52593231201172,131.6747283935547,126.04339599609375],""confidence"":0.005866041872650385},{""bbox"":[149.41111755371094,143.4257049560547,162.34703063964844,156.52540588378906],""confidence"":0.0056049819104373455},{""bbox"":[153.10546875,197.75340270996094,161.9696807861328,207.09799194335938],""confidence"":0.005007235333323479},{""bbox"":[152.87001037597656,196.3184814453125,164.98614501953125,210.0762481689453],""confidence"":0.003924556542187929},{""bbox"":[120.10215759277344,108.34796142578125,131.76161193847656,120.17562866210938],""confidence"":0.0025656376965343952},{""bbox"":[152.5996856689453,147.7589874267578,161.32643127441406,156.82403564453125],""confidence"":0.0024035561364144087},{""bbox"":[250.75677490234375,205.96946716308594,259.0083312988281,215.19747924804688],""confidence"":0.0018483592430129647},{""bbox"":[156.6994171142578,199.67459106445312,169.63568115234375,212.25155639648438],""confidence"":0.001132700010202825},{""bbox"":[152.22140502929688,142.60983276367188,165.2819061279297,155.7089080810547],""confidence"":0.0010319105349481106}]",18,0.001
002_20200629_163659(7),4,316,332,"[[141.99999999999997,140.0,152.0,147.0],[148.0,163.99999999999997,155.0,171.0],[154.0,193.0,162.0,201.99999999999997]]","[{""bbox"":[153.21640014648438,193.2852325439453,163.7047119140625,204.21444702148438],""confidence"":0.6284543871879578},{""bbox"":[142.86668395996094,139.10748291015625,152.51510620117188,149.31689453125],""confidence"":0.6190291047096252},{""bbox"":[147.1346893310547,162.43580627441406,156.53759765625,172.08778381347656],""confidence"":0.5600618720054626},{""bbox"":[143.30584716796875,138.53924560546875,152.88214111328125,146.8614044189453],""confidence"":0.14911477267742157},{""bbox"":[153.92466735839844,192.30274963378906,164.6613006591797,202.10366821289062],""confidence"":0.038307372480630875},{""bbox"":[152.11819458007812,193.47630310058594,164.8674774169922,206.327880859375],""confidence"":0.03266703337430954},{""bbox"":[153.1572265625,191.53469848632812,165.4302978515625,204.9633026123047],""confidence"":0.010398874059319496},{""bbox"":[153.18919372558594,196.92144775390625,161.95481872558594,205.5321807861328],""confidence"":0.009822702035307884},{""bbox"":[140.73434448242188,139.4949493408203,153.58018493652344,152.36129760742188],""confidence"":0.007133326958864927},{""bbox"":[154.8992462158203,196.6773681640625,164.39430236816406,205.34945678710938],""confidence"":0.0067515126429498196},{""bbox"":[106.04141235351562,111.44979095458984,119.29326629638672,125.58627319335938],""confidence"":0.005698796361684799},{""bbox"":[107.25374603271484,110.4380111694336,119.40318298339844,122.7913818359375],""confidence"":0.005166490562260151},{""bbox"":[146.66986083984375,138.15504455566406,156.57647705078125,147.1605682373047],""confidence"":0.004860816057771444},{""bbox"":[144.8228302001953,163.5044403076172,153.5460968017578,171.9007568359375],""confidence"":0.004749705549329519},{""bbox"":[146.0683135986328,159.16305541992188,156.63397216796875,172.73117065429688],""confidence"":0.004427095875144005},{""bbox"":[151.66090393066406,191.48609924316406,161.57054138183594,202.48358154296875],""confidence"":0.004245431628078222},{""bbox"":[184.51254272460938,156.11477661132812,192.62384033203125,165.38148498535156],""confidence"":0.0024209448602050543},{""bbox"":[143.17572021484375,162.2001495361328,154.85487365722656,173.1836395263672],""confidence"":0.0022086715325713158},{""bbox"":[107.55850982666016,107.98218536376953,119.8465576171875,120.04673767089844],""confidence"":0.0019147852435708046},{""bbox"":[150.7165985107422,191.7522735595703,163.0179901123047,204.10499572753906],""confidence"":0.0010803795885294676}]",20,0.001
002_20200629_163702(8),4,316,332,"[[147.0,143.0,158.0,153.0],[149.0,167.0,158.0,177.0],[151.99999999999997,200.00000000000003,160.99999999999997,208.99999999999997]]","[{""bbox"":[151.89886474609375,199.84451293945312,162.2093963623047,210.03689575195312],""confidence"":0.7106955051422119},{""bbox"":[146.5777130126953,143.5220184326172,156.83322143554688,153.9772491455078],""confidence"":0.613434910774231},{""bbox"":[148.48031616210938,167.5747528076172,158.2538604736328,177.34637451171875],""confidence"":0.5655395984649658},{""bbox"":[151.61070251464844,198.6533966064453,161.24525451660156,208.55770874023438],""confidence"":0.13099458813667297},{""bbox"":[148.357666015625,166.179931640625,157.21304321289062,175.93727111816406],""confidence"":0.10591311007738113},{""bbox"":[150.4535675048828,198.4414825439453,162.9569549560547,211.23805236816406],""confidence"":0.07582148164510727},{""bbox"":[154.29510498046875,198.6731414794922,164.13926696777344,209.38319396972656],""confidence"":0.05965276062488556},{""bbox"":[145.20098876953125,143.84918212890625,157.6964569091797,156.5759735107422],""confidence"":0.022721918299794197},{""bbox"":[149.38902282714844,167.41827392578125,160.880126953125,178.09564208984375],""confidence"":0.011824274435639381},{""bbox"":[152.37757873535156,199.6279296875,165.75369262695312,212.3314208984375],""confidence"":0.004700930323451757},{""bbox"":[113.64454650878906,111.58711242675781,128.05227661132812,126.38287353515625],""confidence"":0.004221891984343529},{""bbox"":[115.26750946044922,110.81086730957031,127.45484161376953,123.12054443359375],""confidence"":0.0030504250898957253},{""bbox"":[143.89198303222656,141.47532653808594,153.3680419921875,152.04884338378906],""confidence"":0.002099323319271207},{""bbox"":[111.65039825439453,114.19509887695312,121.91239166259766,124.88877868652344],""confidence"":0.0019630829337984324},{""bbox"":[148.71954345703125,196.24069213867188,160.97630310058594,210.1523895263672],""confidence"":0.0014314483851194382},{""bbox"":[111.89734649658203,113.52667236328125,127.2277603149414,129.3760986328125],""confidence"":0.0014085042057558894},{""bbox"":[115.69998168945312,108.28710174560547,127.84547424316406,120.44166564941406],""confidence"":0.001273271394893527},{""bbox"":[146.81854248046875,147.6057891845703,156.4615478515625,156.34568786621094],""confidence"":0.0011508292518556118}]",18,0.001
002_20200629_163705(8),4,316,332,"[[152.0,143.0,163.0,152.0],[156.0,165.0,165.0,175.99999999999997],[160.0,197.00000000000003,167.99999999999997,209.00000000000003]]","[{""bbox"":[152.76551818847656,142.07228088378906,163.19618225097656,152.4718475341797],""confidence"":0.6284392476081848},{""bbox"":[159.3448486328125,197.5341796875,169.36953735351562,208.2704315185547],""confidence"":0.6219775676727295},{""bbox"":[155.68923950195312,165.60543823242188,165.13888549804688,175.38487243652344],""confidence"":0.558518648147583},{""bbox"":[155.78392028808594,163.32569885253906,165.3510284423828,171.86317443847656],""confidence"":0.18172405660152435},{""bbox"":[159.55935668945312,196.8027801513672,169.25393676757812,205.30459594726562],""confidence"":0.17911680042743683},{""bbox"":[154.20616149902344,140.95498657226562,164.3217315673828,151.44308471679688],""confidence"":0.09429868310689926},{""bbox"":[152.54270935058594,140.870361328125,161.8251190185547,151.13897705078125],""confidence"":0.0383431538939476},{""bbox"":[153.87887573242188,165.2801055908203,165.8610382080078,177.28518676757812],""confidence"":0.03503987938165665},{""bbox"":[154.4896240234375,163.21058654785156,165.08084106445312,176.12176513671875],""confidence"":0.03406360000371933},{""bbox"":[159.11883544921875,197.70584106445312,171.14149475097656,210.68295288085938],""confidence"":0.021681178361177444},{""bbox"":[150.64051818847656,141.15805053710938,162.88079833984375,153.61546325683594],""confidence"":0.018221203237771988},{""bbox"":[163.28822326660156,196.42678833007812,172.87091064453125,205.78880310058594],""confidence"":0.007691511418670416},{""bbox"":[153.45726013183594,163.77291870117188,162.05435180664062,172.01661682128906],""confidence"":0.007630371954292059},{""bbox"":[118.01174926757812,111.59514617919922,131.51095581054688,125.87353515625],""confidence"":0.007523708511143923},{""bbox"":[119.53486633300781,110.69869995117188,131.46453857421875,122.91826629638672],""confidence"":0.005919862072914839},{""bbox"":[152.3800048828125,138.37973022460938,163.49075317382812,152.4042205810547],""confidence"":0.004662807565182447},{""bbox"":[120.01660919189453,108.28715515136719,131.85748291015625,120.2298355102539],""confidence"":0.002288898453116417},{""bbox"":[157.44581604003906,192.0594940185547,168.7416534423828,202.644287109375],""confidence"":0.0016259049298241735},{""bbox"":[116.58155822753906,113.93375396728516,130.5882568359375,128.8912811279297],""confidence"":0.0014001881936565042},{""bbox"":[151.51336669921875,165.27224731445312,163.76702880859375,176.8886260986328],""confidence"":0.0012053260579705238}]",20,0.001
002_20200629_163708(9),4,316,332,"[[154.0,136.0,163.0,145.0],[153.0,162.0,164.0,169.0],[154.0,193.0,163.0,201.99999999999997]]","[{""bbox"":[153.67819213867188,193.1887969970703,163.77120971679688,203.81434631347656],""confidence"":0.625464677810669},{""bbox"":[152.9133758544922,136.39486694335938,163.1483612060547,146.64825439453125],""confidence"":0.6237450838088989},{""bbox"":[152.92555236816406,160.33270263671875,162.6674041748047,170.54090881347656],""confidence"":0.5735270380973816},{""bbox"":[154.0147247314453,192.2821502685547,164.90968322753906,202.29664611816406],""confidence"":0.04083908349275589},{""bbox"":[152.75270080566406,139.15121459960938,161.6519775390625,147.83172607421875],""confidence"":0.022555295377969742},{""bbox"":[153.8268280029297,160.22520446777344,164.91934204101562,171.3761749267578],""confidence"":0.021958697587251663},{""bbox"":[150.9951629638672,136.0061492919922,163.0316925048828,148.36024475097656],""confidence"":0.01799415610730648},{""bbox"":[154.5782928466797,159.0692901611328,164.33607482910156,168.47328186035156],""confidence"":0.009877682663500309},{""bbox"":[119.79122161865234,105.69539642333984,132.0730438232422,118.22416687011719],""confidence"":0.009562108665704727},{""bbox"":[155.1389617919922,138.9154052734375,164.6477508544922,147.7313690185547],""confidence"":0.00915202870965004},{""bbox"":[118.5231704711914,107.10324096679688,131.5512237548828,120.99864959716797],""confidence"":0.008778627030551434},{""bbox"":[152.72543334960938,193.41409301757812,165.3760986328125,206.38784790039062],""confidence"":0.0076682837679982185},{""bbox"":[155.3978271484375,196.78074645996094,164.50982666015625,205.4157257080078],""confidence"":0.0073495167307555676},{""bbox"":[150.64537048339844,158.8397674560547,162.34706115722656,170.99319458007812],""confidence"":0.006913573946803808},{""bbox"":[250.15431213378906,173.8008270263672,258.661376953125,184.01339721679688],""confidence"":0.0053686173632740974},{""bbox"":[250.16342163085938,206.72219848632812,258.6712951660156,216.68869018554688],""confidence"":0.0050642588175833225},{""bbox"":[153.11956787109375,197.12908935546875,161.85780334472656,205.89297485351562],""confidence"":0.004087813198566437},{""bbox"":[152.0192108154297,160.93362426757812,163.3904571533203,172.93551635742188],""confidence"":0.0038739184383302927},{""bbox"":[151.69796752929688,191.42758178710938,161.50906372070312,202.4824981689453],""confidence"":0.0037023616023361683},{""bbox"":[156.2914276123047,164.2287139892578,165.02943420410156,173.27098083496094],""confidence"":0.0035688807256519794},{""bbox"":[151.57321166992188,158.61167907714844,161.05101013183594,168.7748565673828],""confidence"":0.002563376212492585},{""bbox"":[120.23780822753906,103.50411987304688,132.5989990234375,115.62474060058594],""confidence"":0.0024453995283693075},{""bbox"":[152.5140380859375,164.3008575439453,161.3120574951172,173.48423767089844],""confidence"":0.0018526589265093207},{""bbox"":[150.85679626464844,191.4516143798828,163.36183166503906,203.80181884765625],""confidence"":0.0013321463484317064}]",24,0.001
002_20200629_163711(8),4,316,332,"[[153.0,142.0,162.0,152.0],[156.0,165.99999999999997,164.0,175.99999999999997],[158.99999999999997,200.00000000000003,165.0,210.0]]","[{""bbox"":[157.74366760253906,198.76524353027344,167.7615203857422,209.2728729248047],""confidence"":0.6915424466133118},{""bbox"":[152.6390838623047,143.00784301757812,162.45050048828125,153.03712463378906],""confidence"":0.6193539500236511},{""bbox"":[155.2518310546875,166.64321899414062,164.6367645263672,176.3609161376953],""confidence"":0.5963011384010315},{""bbox"":[157.8867950439453,197.40408325195312,167.8347930908203,206.3612060546875],""confidence"":0.24529628455638885},{""bbox"":[154.78318786621094,165.01332092285156,164.1724853515625,174.60240173339844],""confidence"":0.11637510359287262},{""bbox"":[156.84173583984375,198.08103942871094,169.18536376953125,210.60902404785156],""confidence"":0.08553702384233475},{""bbox"":[154.28257751464844,141.91685485839844,164.67141723632812,152.0006561279297],""confidence"":0.05600716918706894},{""bbox"":[151.97682189941406,141.57159423828125,161.506591796875,152.11671447753906],""confidence"":0.024549182504415512},{""bbox"":[150.9500274658203,141.82826232910156,163.23561096191406,153.75143432617188],""confidence"":0.015138070099055767},{""bbox"":[153.2106475830078,164.8761749267578,161.91244506835938,173.6109619140625],""confidence"":0.014314917847514153},{""bbox"":[152.54649353027344,142.29676818847656,165.20042419433594,154.4780731201172],""confidence"":0.013054468668997288},{""bbox"":[118.14222717285156,111.57405853271484,131.86801147460938,126.06719207763672],""confidence"":0.007122035138309002},{""bbox"":[119.639404296875,110.61154174804688,131.78994750976562,122.96229553222656],""confidence"":0.00528728635981679},{""bbox"":[163.24790954589844,197.2416534423828,172.81185913085938,207.6214599609375],""confidence"":0.003668852150440216},{""bbox"":[153.83689880371094,163.26124572753906,164.75502014160156,177.39547729492188],""confidence"":0.0035512163303792477},{""bbox"":[151.50071716308594,165.94522094726562,163.6685791015625,177.3081512451172],""confidence"":0.002374465810135007},{""bbox"":[120.04883575439453,108.19276428222656,132.1602783203125,120.22422790527344],""confidence"":0.0020268268417567015},{""bbox"":[116.61648559570312,114.01492309570312,130.76353454589844,128.99244689941406],""confidence"":0.0018143480410799384},{""bbox"":[250.312744140625,198.80911254882812,258.7336120605469,209.17770385742188],""confidence"":0.001746455323882401},{""bbox"":[155.68450927734375,192.29974365234375,167.41543579101562,202.590087890625],""confidence"":0.001233449555002153},{""bbox"":[258.4692077636719,198.81163024902344,266.88232421875,209.2696075439453],""confidence"":0.001171404612250626}]",21,0.001
002_20200714_042641(8),4,352,332,"[[187.0,115.00000000000001,195.0,126.0],[190.0,139.00000000000003,198.0,150.0],[195.0,172.0,203.0,181.99999999999997]]","[{""bbox"":[188.05487060546875,116.3889389038086,196.99801635742188,125.91668701171875],""confidence"":0.6757248640060425},{""bbox"":[195.9712677001953,172.48240661621094,204.13876342773438,180.49037170410156],""confidence"":0.6212667226791382},{""bbox"":[191.24034118652344,139.43328857421875,200.0948028564453,148.61363220214844],""confidence"":0.5415400862693787},{""bbox"":[190.7612762451172,136.83103942871094,200.0977783203125,145.2102813720703],""confidence"":0.12642167508602142},{""bbox"":[195.25331115722656,172.01739501953125,204.8626708984375,181.9491424560547],""confidence"":0.10147904604673386},{""bbox"":[189.19680786132812,114.53324127197266,199.9944305419922,124.38545227050781],""confidence"":0.032007183879613876},{""bbox"":[188.7864990234375,137.14390563964844,197.54701232910156,145.19825744628906],""confidence"":0.01879674382507801},{""bbox"":[190.39297485351562,136.9739990234375,200.36917114257812,148.70367431640625],""confidence"":0.017403416335582733},{""bbox"":[185.86312866210938,113.86637115478516,195.9732666015625,125.31263732910156],""confidence"":0.01644023321568966},{""bbox"":[189.98959350585938,138.9066619873047,201.4661407470703,151.29995727539062],""confidence"":0.0051911259070038795},{""bbox"":[187.8736114501953,115.38423919677734,200.5184783935547,127.35755157470703],""confidence"":0.00446451036259532},{""bbox"":[193.30523681640625,167.1058349609375,204.53575134277344,178.46466064453125],""confidence"":0.0037272803019732237},{""bbox"":[200.3080291748047,171.78553771972656,208.85911560058594,180.3147735595703],""confidence"":0.0033152729738503695},{""bbox"":[186.32777404785156,116.2370834350586,197.99163818359375,129.33006286621094],""confidence"":0.0011288071982562542},{""bbox"":[188.38287353515625,119.67975616455078,197.19166564941406,128.61692810058594],""confidence"":0.0010892987484112382}]",15,0.001
002_20200714_163046(2),4,352,332,"[[202.0,133.0,211.99999999999997,142.0],[202.0,155.0,211.99999999999997,164.0],[204.0,180.00000000000003,214.0,190.0]]","[{""bbox"":[202.6854705810547,132.78982543945312,211.24041748046875,141.7017364501953],""confidence"":0.6166475415229797},{""bbox"":[203.27175903320312,155.20559692382812,211.24273681640625,163.52444458007812],""confidence"":0.5912616848945618},{""bbox"":[204.482421875,180.55838012695312,212.99078369140625,189.03927612304688],""confidence"":0.589013934135437},{""bbox"":[201.9314727783203,154.32582092285156,212.15223693847656,164.7198028564453],""confidence"":0.21183735132217407},{""bbox"":[201.8629913330078,130.9247589111328,211.28517150878906,141.02389526367188],""confidence"":0.12015355378389359},{""bbox"":[203.6159210205078,154.9066162109375,213.66201782226562,164.21316528320312],""confidence"":0.04161252826452255},{""bbox"":[202.167236328125,132.4337615966797,213.69992065429688,142.6511993408203],""confidence"":0.02825816348195076},{""bbox"":[204.64004516601562,180.6649169921875,214.57496643066406,190.87791442871094],""confidence"":0.011724394746124744},{""bbox"":[199.98739624023438,132.00914001464844,211.02978515625,141.90859985351562],""confidence"":0.003393859602510929},{""bbox"":[202.3951416015625,176.12034606933594,212.21456909179688,186.58082580566406],""confidence"":0.0024411086924374104},{""bbox"":[208.2519073486328,130.65484619140625,217.10360717773438,140.1026611328125],""confidence"":0.0022290057968348265},{""bbox"":[209.84559631347656,181.17784118652344,217.98455810546875,189.96453857421875],""confidence"":0.0018207982648164034},{""bbox"":[199.90255737304688,154.65171813964844,210.58473205566406,164.4053497314453],""confidence"":0.0016467142850160599},{""bbox"":[200.7665557861328,149.97177124023438,212.04498291015625,160.3693389892578],""confidence"":0.0014528862666338682},{""bbox"":[203.3950958251953,176.6359405517578,213.38050842285156,190.31309509277344],""confidence"":0.0012741830432787538}]",15,0.001
002_20200714_163049(8),4,352,332,"[[203.99999999999997,133.0,216.0,143.0],[209.0,157.0,218.00000000000003,167.0],[212.0,179.0,221.99999999999997,190.0]]","[{""bbox"":[205.85357666015625,133.9978485107422,214.48989868164062,142.8717041015625],""confidence"":0.6231027245521545},{""bbox"":[208.97804260253906,155.7688446044922,217.67251586914062,164.79432678222656],""confidence"":0.5875338315963745},{""bbox"":[213.0217742919922,180.95896911621094,221.57470703125,189.61239624023438],""confidence"":0.5794023871421814},{""bbox"":[208.73007202148438,153.9978790283203,218.1880340576172,162.4492950439453],""confidence"":0.14518551528453827},{""bbox"":[207.12266540527344,131.90382385253906,217.44444274902344,141.4188232421875],""confidence"":0.01721324399113655},{""bbox"":[206.4585418701172,154.26614379882812,215.11285400390625,162.42684936523438],""confidence"":0.016091909259557724},{""bbox"":[203.78060913085938,132.44741821289062,214.42471313476562,142.83856201171875],""confidence"":0.006401785649359226},{""bbox"":[203.3520965576172,130.89927673339844,212.33753967285156,141.70726013183594],""confidence"":0.004216306377202272},{""bbox"":[206.091796875,132.98992919921875,218.2373504638672,144.0850372314453],""confidence"":0.003157247556373477},{""bbox"":[210.19598388671875,176.16160583496094,219.69602966308594,185.86891174316406],""confidence"":0.0020318368915468454},{""bbox"":[218.28353881835938,180.91722106933594,226.63223266601562,189.67990112304688],""confidence"":0.0014149917988106608}]",11,0.001
002_20200714_163053(5),4,352,332,"[[195.0,148.0,203.0,158.0],[199.99999999999997,169.0,209.0,177.00000000000003],[208.0,192.00000000000003,216.0,201.0]]","[{""bbox"":[200.96575927734375,168.79403686523438,209.930908203125,178.009765625],""confidence"":0.6180764436721802},{""bbox"":[194.66064453125,148.0892791748047,203.66265869140625,157.46653747558594],""confidence"":0.5970519781112671},{""bbox"":[207.81813049316406,192.32595825195312,216.87567138671875,201.7724151611328],""confidence"":0.5541583299636841},{""bbox"":[194.89720153808594,146.28482055664062,203.8275604248047,155.06390380859375],""confidence"":0.10754150152206421},{""bbox"":[194.14157104492188,146.79209899902344,205.14939880371094,158.29640197753906],""confidence"":0.07602847367525101},{""bbox"":[208.06103515625,190.84283447265625,217.3961944580078,199.93421936035156],""confidence"":0.07220104336738586},{""bbox"":[199.46356201171875,167.02322387695312,209.37245178222656,177.7538299560547],""confidence"":0.05483817681670189},{""bbox"":[206.93421936035156,193.67152404785156,216.7305908203125,204.064697265625],""confidence"":0.037137191742658615},{""bbox"":[207.36138916015625,189.63818359375,217.5928497314453,201.57046508789062],""confidence"":0.030145596712827682},{""bbox"":[205.93258666992188,190.6306610107422,214.5757598876953,199.21041870117188],""confidence"":0.02631547302007675},{""bbox"":[194.02488708496094,148.5274200439453,204.47341918945312,159.96690368652344],""confidence"":0.005121009889990091},{""bbox"":[189.91854858398438,139.3131561279297,201.42384338378906,148.2520294189453],""confidence"":0.003140209009870887},{""bbox"":[196.2674560546875,166.32691955566406,204.82095336914062,176.09048461914062],""confidence"":0.001665037591010332},{""bbox"":[201.00057983398438,167.38491821289062,213.9363555908203,179.2431182861328],""confidence"":0.0016171802999451756},{""bbox"":[199.5221405029297,146.34507751464844,208.72470092773438,155.5783233642578],""confidence"":0.0010149567387998104}]",15,0.001
002_20200714_163056(8),4,352,332,"[[207.00000000000003,148.0,217.0,157.0],[209.0,169.0,220.0,178.99999999999997],[213.0,194.00000000000003,222.99999999999997,202.99999999999997]]","[{""bbox"":[209.7815704345703,169.492919921875,218.67864990234375,178.9303436279297],""confidence"":0.6316999197006226},{""bbox"":[206.51779174804688,147.18418884277344,216.1997833251953,157.18992614746094],""confidence"":0.6151065826416016},{""bbox"":[213.44154357910156,194.90843200683594,222.22348022460938,203.79141235351562],""confidence"":0.5926375389099121},{""bbox"":[207.13206481933594,145.53579711914062,217.48129272460938,154.48464965820312],""confidence"":0.12143196910619736},{""bbox"":[212.527587890625,192.9886016845703,221.21278381347656,203.6129608154297],""confidence"":0.04298873245716095},{""bbox"":[206.27207946777344,145.8150634765625,215.2445831298828,154.364501953125],""confidence"":0.03649086505174637},{""bbox"":[205.91879272460938,146.51356506347656,218.16197204589844,158.5319366455078],""confidence"":0.029046278446912766},{""bbox"":[207.45437622070312,167.45962524414062,217.71376037597656,177.0334014892578],""confidence"":0.016371550038456917},{""bbox"":[210.29856872558594,172.8849334716797,218.93246459960938,181.8560333251953],""confidence"":0.013401824049651623},{""bbox"":[217.10888671875,192.86251831054688,226.5414581298828,203.5736846923828],""confidence"":0.005087940953671932},{""bbox"":[208.20077514648438,169.370361328125,220.0355682373047,182.13613891601562],""confidence"":0.003832066897302866},{""bbox"":[206.66659545898438,139.35499572753906,217.2111358642578,146.94277954101562],""confidence"":0.0019234009087085724},{""bbox"":[209.91650390625,168.4628448486328,222.5372314453125,180.71405029296875],""confidence"":0.001770034315995872}]",13,0.001
002_20200714_163100(2),4,352,332,"[[201.0,150.0,209.0,159.0],[203.99999999999997,170.0,213.0,178.99999999999997],[210.0,197.00000000000003,217.99999999999997,205.99999999999997]]","[{""bbox"":[201.14303588867188,150.01414489746094,210.18507385253906,158.93057250976562],""confidence"":0.6890265345573425},{""bbox"":[204.50350952148438,171.46746826171875,214.04615783691406,180.98843383789062],""confidence"":0.6256501078605652},{""bbox"":[209.64813232421875,196.5294952392578,218.85626220703125,205.7894287109375],""confidence"":0.5830155611038208},{""bbox"":[200.0591278076172,147.68563842773438,210.04110717773438,157.598876953125],""confidence"":0.15058641135692596},{""bbox"":[208.26712036132812,193.88992309570312,218.20767211914062,204.1229705810547],""confidence"":0.01892363838851452},{""bbox"":[210.52487182617188,199.43096923828125,219.00730895996094,208.447021484375],""confidence"":0.015596872195601463},{""bbox"":[199.70330810546875,149.91455078125,209.33253479003906,160.04490661621094],""confidence"":0.007892641238868237},{""bbox"":[208.54225158691406,196.42630004882812,219.63221740722656,208.42922973632812],""confidence"":0.00716989953070879},{""bbox"":[208.25164794921875,171.77818298339844,217.93679809570312,180.72052001953125],""confidence"":0.0026898777578026056},{""bbox"":[201.18350219726562,148.6804656982422,213.83706665039062,159.78843688964844],""confidence"":0.0025740063283592463},{""bbox"":[197.172607421875,146.6996612548828,205.21856689453125,155.58016967773438],""confidence"":0.002268423791974783},{""bbox"":[197.8025360107422,139.06246948242188,208.93124389648438,147.4700164794922],""confidence"":0.002154927933588624},{""bbox"":[210.68699645996094,194.73622131347656,222.83990478515625,206.17852783203125],""confidence"":0.0017785151721909642},{""bbox"":[204.69012451171875,167.74212646484375,215.3050537109375,180.84747314453125],""confidence"":0.001267280662432313},{""bbox"":[201.57339477539062,167.5325927734375,212.42320251464844,177.87060546875],""confidence"":0.0011322351638227701}]",15,0.001
002_20200714_163103(5),4,352,332,"[[199.99999999999997,138.0,209.0,147.0],[202.0,160.0,210.0,170.0],[206.0,185.00000000000003,215.0,195.0]]","[{""bbox"":[200.8042449951172,138.2667236328125,209.87643432617188,147.6951446533203],""confidence"":0.6117813587188721},{""bbox"":[206.63426208496094,186.13131713867188,214.8847198486328,194.6236114501953],""confidence"":0.5958521366119385},{""bbox"":[202.82508850097656,160.31271362304688,211.43931579589844,169.73184204101562],""confidence"":0.5378754138946533},{""bbox"":[200.44058227539062,136.69357299804688,210.3424530029297,145.4091033935547],""confidence"":0.14537180960178375},{""bbox"":[202.34176635742188,159.77516174316406,213.7364044189453,170.6728057861328],""confidence"":0.03296520933508873},{""bbox"":[208.14540100097656,184.01785278320312,217.56451416015625,194.45701599121094],""confidence"":0.032033465802669525},{""bbox"":[204.22959899902344,185.7185821533203,214.00425720214844,195.1039581298828],""confidence"":0.02516985312104225},{""bbox"":[201.85308837890625,158.57904052734375,210.3886260986328,168.7328643798828],""confidence"":0.021912463009357452},{""bbox"":[205.0625,183.33535766601562,213.58692932128906,193.3328094482422],""confidence"":0.010607672855257988},{""bbox"":[197.92286682128906,131.15866088867188,209.28184509277344,139.47975158691406],""confidence"":0.00474157091230154},{""bbox"":[197.50967407226562,136.6538543701172,205.77850341796875,145.06626892089844],""confidence"":0.003584116930142045},{""bbox"":[203.90638732910156,164.71981811523438,212.16256713867188,174.3302459716797],""confidence"":0.0022639839444309473},{""bbox"":[199.96534729003906,160.1070098876953,211.6036834716797,170.70021057128906],""confidence"":0.0021052034571766853},{""bbox"":[201.407470703125,161.2191162109375,212.5354461669922,173.28958129882812],""confidence"":0.0017925652209669352},{""bbox"":[207.78176879882812,185.38377380371094,218.93716430664062,195.40133666992188],""confidence"":0.0010452329879626632},{""bbox"":[201.46401977539062,137.35833740234375,213.90478515625,148.9107208251953],""confidence"":0.0010401048930361867}]",16,0.001
002_20200901_003133(6),4,316,332,"[[245.0,155.0,253.99999999999997,163.0]]","[{""bbox"":[244.08255004882812,154.31381225585938,253.67955017089844,163.74363708496094],""confidence"":0.6629204750061035},{""bbox"":[246.28857421875,154.20265197753906,256.3741149902344,162.5437469482422],""confidence"":0.023830372840166092},{""bbox"":[242.17381286621094,154.05812072753906,253.32546997070312,165.1586151123047],""confidence"":0.010188346728682518},{""bbox"":[243.88136291503906,152.83172607421875,256.08782958984375,165.22994995117188],""confidence"":0.009834952652454376},{""bbox"":[243.40042114257812,150.92759704589844,253.9867401123047,165.08297729492188],""confidence"":0.008096670731902122},{""bbox"":[114.56848907470703,107.73080444335938,129.3300323486328,122.5394287109375],""confidence"":0.0013785002520307899},{""bbox"":[245.39883422851562,150.9126434326172,256.8747863769531,159.89767456054688],""confidence"":0.0010468368418514729},{""bbox"":[241.9365234375,150.3169708251953,252.66189575195312,160.77947998046875],""confidence"":0.0010282276198267937}]",8,0.001
002_20200901_003136(6),4,316,332,"[[236.0,156.0,246.99999999999997,165.0]]","[{""bbox"":[236.97117614746094,155.20901489257812,246.37814331054688,164.9411163330078],""confidence"":0.6527873873710632},{""bbox"":[237.77276611328125,154.2349853515625,247.99581909179688,162.58677673339844],""confidence"":0.07228448241949081},{""bbox"":[236.27511596679688,154.65931701660156,247.8901824951172,166.06187438964844],""confidence"":0.060261424630880356},{""bbox"":[236.3783416748047,154.6226348876953,245.0787353515625,162.66587829589844],""confidence"":0.04472212493419647},{""bbox"":[234.45974731445312,155.1129608154297,245.72361755371094,165.66900634765625],""confidence"":0.01370589155703783},{""bbox"":[107.73746490478516,106.29592895507812,120.29752349853516,118.76066589355469],""confidence"":0.0033105122856795788},{""bbox"":[107.64131164550781,104.17389678955078,120.20343780517578,116.41913604736328],""confidence"":0.001344202784821391},{""bbox"":[237.19879150390625,150.93435668945312,247.70303344726562,166.0166473388672],""confidence"":0.0011452268809080124}]",8,0.001
002_20200901_003139(6),4,316,332,"[[246.0,148.0,256.0,157.0]]","[{""bbox"":[245.8979034423828,146.54127502441406,255.7595977783203,156.853271484375],""confidence"":0.6087969541549683},{""bbox"":[244.71981811523438,146.64927673339844,253.37158203125,154.7952117919922],""confidence"":0.018063984811306},{""bbox"":[246.12440490722656,142.61709594726562,256.460693359375,157.30760192871094],""confidence"":0.0035250696819275618},{""bbox"":[242.66773986816406,147.03611755371094,254.6345672607422,158.50738525390625],""confidence"":0.0016632045153528452},{""bbox"":[245.41217041015625,142.70643615722656,256.8506164550781,152.03482055664062],""confidence"":0.0013645204016938806},{""bbox"":[133.9445037841797,223.1184844970703,142.0982208251953,233.12632751464844],""confidence"":0.0013533198507502675},{""bbox"":[244.12628173828125,142.55056762695312,255.35475158691406,155.90179443359375],""confidence"":0.0012536948779597878},{""bbox"":[113.80197143554688,105.36865997314453,129.26748657226562,121.18457794189453],""confidence"":0.0010031573474407196}]",8,0.001
002_20200901_003142(6),4,316,332,"[[245.0,156.0,255.0,164.0]]","[{""bbox"":[245.01397705078125,155.43145751953125,254.9307098388672,165.84109497070312],""confidence"":0.632764458656311},{""bbox"":[246.0782012939453,154.4871063232422,256.1701965332031,162.9347686767578],""confidence"":0.07401227205991745},{""bbox"":[244.6156463623047,154.8202667236328,253.33871459960938,162.92979431152344],""confidence"":0.04407615587115288},{""bbox"":[243.58889770507812,156.3661651611328,255.402587890625,168.817626953125],""confidence"":0.0026263874024152756},{""bbox"":[242.55612182617188,155.66641235351562,253.9898681640625,166.26425170898438],""confidence"":0.002009954769164324},{""bbox"":[115.23306274414062,109.02053833007812,129.21363830566406,122.84805297851562],""confidence"":0.0015863720327615738}]",6,0.001
002_20200901_003148(6),4,316,332,"[[245.0,154.0,256.0,165.0]]","[{""bbox"":[247.21043395996094,155.02203369140625,256.6457214355469,164.3636474609375],""confidence"":0.6742032170295715},{""bbox"":[247.59017944335938,154.20864868164062,257.7351379394531,162.4583740234375],""confidence"":0.16540765762329102},{""bbox"":[244.78994750976562,154.55892944335938,253.32740783691406,162.63377380371094],""confidence"":0.004707769490778446},{""bbox"":[245.62103271484375,150.8828582763672,257.6833190917969,160.35968017578125],""confidence"":0.002726937411352992},{""bbox"":[246.88023376464844,150.94947814941406,256.93475341796875,165.93060302734375],""confidence"":0.0022624514531344175},{""bbox"":[116.09571075439453,106.5638656616211,128.5434112548828,118.85619354248047],""confidence"":0.0020693589467555285},{""bbox"":[115.64080810546875,103.99512481689453,128.2809295654297,116.48789978027344],""confidence"":0.0010502052027732134}]",7,0.001
002_20200904_230054(2),4,316,332,"[[236.0,138.0,245.99999999999997,149.0]]","[{""bbox"":[236.5933074951172,139.10934448242188,246.0142059326172,149.24624633789062],""confidence"":0.4672485291957855},{""bbox"":[238.51466369628906,139.60800170898438,248.0131378173828,148.87001037597656],""confidence"":0.01943262293934822},{""bbox"":[236.33059692382812,138.67147827148438,248.1637725830078,150.6907501220703],""confidence"":0.008357524871826172},{""bbox"":[235.4615478515625,139.58595275878906,244.49220275878906,148.71363830566406],""confidence"":0.004015028942376375},{""bbox"":[184.18116760253906,206.8238067626953,192.31361389160156,216.91294860839844],""confidence"":0.0016935394378378987},{""bbox"":[192.2919921875,206.4423065185547,200.2594757080078,216.1629180908203],""confidence"":0.0013605398125946522},{""bbox"":[98.71831512451172,114.33470153808594,112.5456314086914,127.84931945800781],""confidence"":0.0010748852510005236}]",7,0.001
002_20200904_230057(6),4,316,332,"[[246.0,165.99999999999997,256.0,174.99999999999997]]","[{""bbox"":[246.48597717285156,165.73802185058594,255.65098571777344,175.50836181640625],""confidence"":0.5572644472122192},{""bbox"":[245.5370635986328,163.27032470703125,256.3412170410156,176.6864013671875],""confidence"":0.02289355918765068},{""bbox"":[246.55728149414062,166.1552734375,257.39410400390625,177.46151733398438],""confidence"":0.009860577061772346},{""bbox"":[244.21311950683594,164.31263732910156,253.0351104736328,173.24525451660156],""confidence"":0.007374078966677189},{""bbox"":[125.54785919189453,223.0833740234375,133.93280029296875,233.0552520751953],""confidence"":0.007139567285776138},{""bbox"":[191.22328186035156,216.07064819335938,200.3730926513672,227.05279541015625],""confidence"":0.003191078081727028},{""bbox"":[114.95172882080078,110.75049591064453,128.99363708496094,125.443115234375],""confidence"":0.0014736860757693648}]",7,0.001
002_20200904_230105(4),4,316,332,"[[243.0,142.0,252.99999999999997,151.0]]","[{""bbox"":[243.131591796875,142.67709350585938,252.61386108398438,152.25103759765625],""confidence"":0.38716378808021545},{""bbox"":[242.38316345214844,141.13882446289062,251.8066864013672,151.64312744140625],""confidence"":0.01675267331302166},{""bbox"":[246.86036682128906,141.31077575683594,256.61383056640625,151.74327087402344],""confidence"":0.008512135595083237},{""bbox"":[267.0439453125,207.12461853027344,275.4591369628906,217.3061981201172],""confidence"":0.002963510574772954},{""bbox"":[274.4667663574219,206.9778289794922,282.7582702636719,217.03469848632812],""confidence"":0.0017301645129919052},{""bbox"":[142.27447509765625,223.56985473632812,150.50975036621094,233.72015380859375],""confidence"":0.0013971845619380474},{""bbox"":[121.39339447021484,103.75,137.46865844726562,112.05022430419922],""confidence"":0.001331440405920148},{""bbox"":[243.25936889648438,137.9841766357422,254.60284423828125,151.2450714111328],""confidence"":0.0012029140489175916},{""bbox"":[133.97445678710938,223.91355895996094,142.53228759765625,234.62149047851562],""confidence"":0.0011485551949590445}]",9,0.001
002_20200905_123055(0),4,316,332,"[[248.00000000000003,137.0,257.0,145.0]]","[{""bbox"":[249.23997497558594,136.24603271484375,258.5516357421875,145.73880004882812],""confidence"":0.5870593190193176},{""bbox"":[248.1065673828125,133.88900756835938,259.5195007324219,147.05972290039062],""confidence"":0.11996036767959595},{""bbox"":[250.45455932617188,139.07643127441406,259.27197265625,147.68771362304688],""confidence"":0.03654492273926735},{""bbox"":[248.193603515625,136.77978515625,258.825439453125,147.9042205810547],""confidence"":0.023851342499256134},{""bbox"":[246.92184448242188,135.65199279785156,257.9135437011719,146.10336303710938],""confidence"":0.00812589656561613},{""bbox"":[115.59725189208984,67.5757827758789,128.82749938964844,80.89398956298828],""confidence"":0.0041257054544985294},{""bbox"":[115.06462097167969,69.54989624023438,128.07073974609375,83.42620086669922],""confidence"":0.003992130048573017},{""bbox"":[115.71001434326172,65.11389923095703,129.3314208984375,78.0496826171875],""confidence"":0.0013322331942617893}]",8,0.001
002_20200905_123058(4),4,316,332,"[[237.0,149.0,244.99999999999997,159.0]]","[{""bbox"":[235.20974731445312,148.69789123535156,245.6041259765625,159.21994018554688],""confidence"":0.6359184980392456},{""bbox"":[235.03848266601562,146.21958923339844,246.75062561035156,159.59310913085938],""confidence"":0.11902900040149689},{""bbox"":[235.92430114746094,147.89117431640625,244.94964599609375,156.7010498046875],""confidence"":0.10259313136339188},{""bbox"":[237.42593383789062,147.2638397216797,247.41224670410156,157.15528869628906],""confidence"":0.09778327494859695},{""bbox"":[233.7162322998047,150.04798889160156,244.64840698242188,160.95237731933594],""confidence"":0.011845549568533897},{""bbox"":[95.8465576171875,120.78872680664062,105.64869689941406,130.97323608398438],""confidence"":0.0013135317713022232},{""bbox"":[97.4675521850586,119.58175659179688,112.48761749267578,134.66036987304688],""confidence"":0.0011055519571527839}]",7,0.001
002_20200905_123102(0),4,316,332,"[[244.0,153.0,253.99999999999997,160.0]]","[{""bbox"":[244.3590545654297,151.62081909179688,254.13438415527344,161.71539306640625],""confidence"":0.6025603413581848},{""bbox"":[243.497802734375,149.96463012695312,254.99224853515625,162.23092651367188],""confidence"":0.2020178586244583},{""bbox"":[245.33583068847656,150.45982360839844,255.81126403808594,160.73294067382812],""confidence"":0.04915721341967583},{""bbox"":[243.02052307128906,149.8577117919922,252.6811065673828,160.7748260498047],""confidence"":0.01408811192959547},{""bbox"":[242.65655517578125,152.14039611816406,252.86248779296875,161.9355010986328],""confidence"":0.008789924904704094},{""bbox"":[101.40998077392578,106.14130401611328,116.36071014404297,121.84732818603516],""confidence"":0.0014145027380436659},{""bbox"":[244.01165771484375,156.3494110107422,252.86355590820312,165.64407348632812],""confidence"":0.0012563045602291822},{""bbox"":[243.06015014648438,152.62168884277344,254.17141723632812,164.52859497070312],""confidence"":0.0012292149476706982},{""bbox"":[102.46749877929688,104.65582275390625,116.86734008789062,118.85958099365234],""confidence"":0.0010744419414550066}]",9,0.001
002_20200905_123103(4),4,316,332,"[[241.00000000000003,146.0,252.0,155.0]]","[{""bbox"":[243.3587646484375,145.84596252441406,252.50254821777344,154.98670959472656],""confidence"":0.6720998883247375},{""bbox"":[246.98855590820312,145.4934539794922,253.88307189941406,153.5565643310547],""confidence"":0.01260199025273323},{""bbox"":[240.34738159179688,142.06602478027344,250.809326171875,152.6005096435547],""confidence"":0.004784690216183662},{""bbox"":[242.95196533203125,142.74252319335938,252.7412109375,157.09771728515625],""confidence"":0.0036256660241633654},{""bbox"":[245.33721923828125,138.9482421875,254.21954345703125,145.40623474121094],""confidence"":0.002424104604870081},{""bbox"":[240.66688537597656,142.63433837890625,251.6337127685547,155.5421142578125],""confidence"":0.0013460213085636497},{""bbox"":[243.95327758789062,145.02415466308594,256.067138671875,156.3354949951172],""confidence"":0.0011402691015973687}]",7,0.001
002_20200905_123105(0),4,316,332,"[[237.0,154.0,244.99999999999997,166.0]]","[{""bbox"":[236.40118408203125,154.94195556640625,245.9711151123047,164.44090270996094],""confidence"":0.6243017911911011},{""bbox"":[237.8771514892578,154.2686767578125,247.97117614746094,162.6376495361328],""confidence"":0.04736485332250595},{""bbox"":[235.6787872314453,153.90069580078125,247.92274475097656,165.86410522460938],""confidence"":0.029703103005886078},{""bbox"":[107.59449768066406,123.6249008178711,119.00579071044922,135.26910400390625],""confidence"":0.003878532676026225},{""bbox"":[235.4697265625,150.93218994140625,246.2464599609375,164.74966430664062],""confidence"":0.0038684888277202845},{""bbox"":[234.00856018066406,154.58677673339844,245.59457397460938,165.8372344970703],""confidence"":0.0031213718466460705},{""bbox"":[106.04237365722656,123.64381408691406,120.3912353515625,138.69325256347656],""confidence"":0.0020065142307430506},{""bbox"":[107.45309448242188,121.26433563232422,118.9864501953125,132.9150848388672],""confidence"":0.0016327339690178633},{""bbox"":[237.0668182373047,150.9481201171875,248.45152282714844,160.0040740966797],""confidence"":0.0010356006678193808}]",9,0.001
002_20200905_123107(5),4,316,332,"[[237.0,141.0,249.0,152.0]]","[{""bbox"":[239.47390747070312,140.89439392089844,249.00498962402344,150.64273071289062],""confidence"":0.6998559832572937},{""bbox"":[239.34214782714844,138.79592895507812,248.56314086914062,146.8909454345703],""confidence"":0.21267275512218475},{""bbox"":[237.90652465820312,141.30416870117188,248.3731689453125,152.1210479736328],""confidence"":0.009774792939424515},{""bbox"":[236.94314575195312,133.4328155517578,247.28953552246094,141.4726104736328],""confidence"":0.0035671615041792393},{""bbox"":[236.30557250976562,139.0550537109375,244.84873962402344,147.4303436279297],""confidence"":0.0034506001975387335},{""bbox"":[239.71536254882812,140.21865844726562,251.80743408203125,151.7861785888672],""confidence"":0.0027093980461359024}]",6,0.001
002_20200905_123108(4),4,316,332,"[[247.00000000000003,156.0,257.0,169.0]]","[{""bbox"":[247.82803344726562,158.15794372558594,257.4073791503906,167.6379852294922],""confidence"":0.6395940780639648},{""bbox"":[247.83706665039062,156.44406127929688,257.5821838378906,165.79391479492188],""confidence"":0.167684867978096},{""bbox"":[247.31304931640625,155.13084411621094,257.4495849609375,168.9364471435547],""confidence"":0.009500284679234028},{""bbox"":[248.0309295654297,156.742919921875,260.2686462402344,169.1807098388672],""confidence"":0.003448708448559046},{""bbox"":[118.55458068847656,110.87117767333984,133.3050079345703,126.06177520751953],""confidence"":0.0020863921381533146},{""bbox"":[244.35293579101562,156.05540466308594,252.96939086914062,164.95985412597656],""confidence"":0.0016444339416921139},{""bbox"":[119.72628021240234,110.52201843261719,132.38525390625,122.9944839477539],""confidence"":0.0014588721096515656}]",7,0.001
002_20200905_123111(6),4,316,332,"[[247.00000000000003,120.0,257.0,131.0]]","[{""bbox"":[247.88189697265625,121.148193359375,257.0415954589844,130.19297790527344],""confidence"":0.6749501824378967},{""bbox"":[246.17800903320312,120.66524505615234,256.95697021484375,131.60841369628906],""confidence"":0.023048201575875282},{""bbox"":[245.37588500976562,117.22816467285156,256.0757141113281,125.01143646240234],""confidence"":0.008358750492334366},{""bbox"":[248.28482055664062,120.1182632446289,260.1312255859375,131.2840118408203],""confidence"":0.002586954040452838},{""bbox"":[244.6881866455078,121.49972534179688,252.90187072753906,129.4432373046875],""confidence"":0.0024348811712116003},{""bbox"":[247.38511657714844,117.88975524902344,257.07965087890625,132.31394958496094],""confidence"":0.0019262515706941485}]",6,0.001
002_20200905_123112(0),4,316,332,"[[240.00000000000003,141.0,248.0,152.0]]","[{""bbox"":[240.41685485839844,142.0100860595703,249.96800231933594,151.4142303466797],""confidence"":0.579936683177948},{""bbox"":[240.79910278320312,140.44683837890625,250.43753051757812,150.17355346679688],""confidence"":0.14008624851703644},{""bbox"":[239.89984130859375,140.93951416015625,252.18533325195312,153.06715393066406],""confidence"":0.016775403171777725},{""bbox"":[238.33370971679688,141.96377563476562,249.75906372070312,152.97476196289062],""confidence"":0.007864322513341904},{""bbox"":[240.36390686035156,138.4162139892578,251.27273559570312,152.1559295654297],""confidence"":0.007608615793287754},{""bbox"":[107.944091796875,115.34729766845703,119.84092712402344,127.22447204589844],""confidence"":0.0028625382110476494},{""bbox"":[246.88197326660156,140.2132110595703,256.0052490234375,150.4614715576172],""confidence"":0.0013083863304927945},{""bbox"":[107.4068832397461,112.55712890625,119.72307586669922,124.75186157226562],""confidence"":0.0012071288656443357}]",8,0.001
002_20200906_003114(0),4,316,332,"[[245.0,153.0,255.0,165.0]]","[{""bbox"":[245.16554260253906,154.13133239746094,255.0635223388672,164.39959716796875],""confidence"":0.6485961675643921},{""bbox"":[246.21853637695312,154.28721618652344,256.4636535644531,162.64630126953125],""confidence"":0.06860348582267761},{""bbox"":[244.6996307373047,154.68421936035156,253.36712646484375,162.72410583496094],""confidence"":0.032673612236976624},{""bbox"":[242.5618438720703,154.62071228027344,254.5142059326172,166.11256408691406],""confidence"":0.005980511661618948},{""bbox"":[245.0728302001953,150.88558959960938,256.1806335449219,165.57339477539062],""confidence"":0.005360051058232784},{""bbox"":[106.21295166015625,117.17373657226562,120.284912109375,131.1611785888672],""confidence"":0.0014951406046748161},{""bbox"":[107.23660278320312,116.16757202148438,118.48924255371094,127.6676025390625],""confidence"":0.0012476720148697495},{""bbox"":[245.3527374267578,150.9803924560547,256.7613830566406,160.21644592285156],""confidence"":0.0012468048371374607}]",8,0.001
002_20200906_003117(3),4,316,332,"[[245.0,164.0,256.0,176.0]]","[{""bbox"":[246.8701171875,165.77432250976562,256.75048828125,175.78228759765625],""confidence"":0.6306553483009338},{""bbox"":[246.8540496826172,164.3144073486328,256.7442321777344,173.6462860107422],""confidence"":0.14758805930614471},{""bbox"":[246.2650604248047,163.3291473388672,256.8988037109375,177.4917755126953],""confidence"":0.020481018349528313},{""bbox"":[244.4044952392578,164.12977600097656,253.11996459960938,172.84432983398438],""confidence"":0.0069285486824810505},{""bbox"":[150.70884704589844,173.26060485839844,159.3343963623047,183.2764892578125],""confidence"":0.0029912684112787247},{""bbox"":[110.869873046875,114.08741760253906,123.84742736816406,127.17241668701172],""confidence"":0.0020224247127771378},{""bbox"":[111.65084075927734,112.6585464477539,122.36479949951172,123.80343627929688],""confidence"":0.0015812304336577654}]",7,0.001
002_20200906_003120(8),4,316,332,"[[248.00000000000003,180.00000000000003,258.0,189.0]]","[{""bbox"":[248.3909912109375,179.86740112304688,258.4053039550781,189.6713104248047],""confidence"":0.6921584010124207},{""bbox"":[249.4748077392578,179.1826934814453,259.32611083984375,187.35101318359375],""confidence"":0.19538313150405884},{""bbox"":[247.8187255859375,178.9392547607422,260.3702697753906,191.4824676513672],""confidence"":0.01823018305003643},{""bbox"":[246.895751953125,175.52589416503906,259.4298400878906,185.4745635986328],""confidence"":0.004786986391991377},{""bbox"":[114.7148666381836,117.6591796875,128.53494262695312,131.42137145996094],""confidence"":0.001394272898323834},{""bbox"":[115.85418701171875,116.39797973632812,127.247314453125,128.11883544921875],""confidence"":0.0013864394277334213},{""bbox"":[247.6569061279297,175.8553924560547,258.4252624511719,190.4658203125],""confidence"":0.0011263142805546522}]",7,0.001
002_20200906_003124(0),4,316,332,"[[246.0,150.0,258.0,159.0]]","[{""bbox"":[246.5640869140625,150.2947998046875,256.5514221191406,160.29916381835938],""confidence"":0.6302272081375122},{""bbox"":[243.87228393554688,148.95010375976562,252.94224548339844,158.9998779296875],""confidence"":0.005247314460575581},{""bbox"":[246.47860717773438,146.6548614501953,257.2992858886719,161.7330322265625],""confidence"":0.003946374170482159},{""bbox"":[107.81005096435547,119.522705078125,119.44674682617188,131.35794067382812],""confidence"":0.002400720026344061},{""bbox"":[107.68116760253906,117.14827728271484,119.12606048583984,128.62698364257812],""confidence"":0.0013957382179796696},{""bbox"":[217.05601501464844,157.01792907714844,225.4060821533203,167.19757080078125],""confidence"":0.0011370258871465921}]",6,0.001
002_20200906_003127(3),4,316,332,"[[248.00000000000003,161.0,257.0,173.0]]","[{""bbox"":[247.44007873535156,162.98660278320312,257.455810546875,172.87957763671875],""confidence"":0.6873750686645508},{""bbox"":[248.54824829101562,162.59278869628906,258.4269714355469,170.85043334960938],""confidence"":0.17713657021522522},{""bbox"":[246.04933166503906,159.0836639404297,258.4712829589844,168.8948974609375],""confidence"":0.003632643958553672},{""bbox"":[247.18963623046875,159.20663452148438,257.7166442871094,174.11680603027344],""confidence"":0.0035771485418081284},{""bbox"":[247.6766357421875,161.00482177734375,260.3763732910156,174.4030303955078],""confidence"":0.003556974697858095},{""bbox"":[112.0376205444336,116.53047180175781,122.54041290283203,127.57506561279297],""confidence"":0.003428740194067359},{""bbox"":[110.77589416503906,117.22672271728516,123.81556701660156,130.7353515625],""confidence"":0.001572478679008782},{""bbox"":[244.72215270996094,162.94459533691406,253.1924285888672,171.1017303466797],""confidence"":0.0012565377401188016},{""bbox"":[111.29397583007812,113.35680389404297,121.99575805664062,125.05109405517578],""confidence"":0.0010171467438340187}]",9,0.001
002_20200906_003130(7),4,316,332,"[[241.00000000000003,146.0,251.0,157.0]]","[{""bbox"":[241.80783081054688,146.16993713378906,252.4038848876953,157.13340759277344],""confidence"":0.6384127140045166},{""bbox"":[242.92752075195312,146.48931884765625,252.36532592773438,154.662353515625],""confidence"":0.1560523957014084},{""bbox"":[241.99627685546875,142.52349853515625,252.8614044189453,157.6619110107422],""confidence"":0.005049654748290777},{""bbox"":[240.7850799560547,142.21969604492188,252.11297607421875,152.7459716796875],""confidence"":0.0032786012161523104},{""bbox"":[246.59603881835938,146.1920166015625,256.225830078125,154.94857788085938],""confidence"":0.0027513757813721895},{""bbox"":[103.38451385498047,115.79084014892578,114.70056915283203,127.34046936035156],""confidence"":0.0026592642534524202},{""bbox"":[102.05876922607422,116.29888153076172,116.3700180053711,130.88870239257812],""confidence"":0.002380950376391411},{""bbox"":[239.91632080078125,147.92581176757812,251.98318481445312,160.4962158203125],""confidence"":0.0012303078547120094},{""bbox"":[238.41119384765625,147.01950073242188,250.9139404296875,159.35836791992188],""confidence"":0.001226329361088574},{""bbox"":[103.09004211425781,113.21981811523438,114.51317596435547,124.99202728271484],""confidence"":0.001070273807272315}]",10,0.001
002_20200907_184813(1),4,316,332,"[[251.0,105.0,258.0,114.0]]","[{""bbox"":[250.54383850097656,104.73003387451172,259.15673828125,113.6466064453125],""confidence"":0.6231825351715088},{""bbox"":[247.79922485351562,100.52446746826172,258.54949951171875,110.62936401367188],""confidence"":0.00485520763322711},{""bbox"":[256.4671630859375,104.37882232666016,262.3238830566406,112.0914306640625],""confidence"":0.002109166933223605},{""bbox"":[250.49749755859375,101.25101470947266,260.3435974121094,115.51354217529297],""confidence"":0.0014100804692134261}]",4,0.001
002_20200907_184815(7),4,316,332,"[[239.0,238.0,248.0,246.99999999999997]]","[{""bbox"":[239.82247924804688,238.7976531982422,249.22921752929688,248.49819946289062],""confidence"":0.6066907644271851},{""bbox"":[241.2670135498047,238.25877380371094,248.55316162109375,245.88253784179688],""confidence"":0.11615326255559921},{""bbox"":[240.66152954101562,238.9445343017578,251.90711975097656,249.41952514648438],""confidence"":0.005811663810163736},{""bbox"":[237.74037170410156,233.48971557617188,248.56857299804688,242.79592895507812],""confidence"":0.003844619495794177},{""bbox"":[238.0538330078125,236.99951171875,249.64630126953125,248.42201232910156],""confidence"":0.002358953468501568},{""bbox"":[239.469970703125,240.11605834960938,249.704833984375,251.67218017578125],""confidence"":0.0014802218647673726}]",6,0.001
002_20200907_184818(2),4,316,332,"[[238.0,159.0,245.99999999999997,170.0]]","[{""bbox"":[239.05703735351562,159.44705200195312,248.4202423095703,168.9672393798828],""confidence"":0.5926769375801086},{""bbox"":[238.75057983398438,157.70140075683594,247.59715270996094,166.55516052246094],""confidence"":0.11996852606534958},{""bbox"":[240.53814697265625,157.32814025878906,251.90467834472656,168.34872436523438],""confidence"":0.0027550363447517157},{""bbox"":[235.41189575195312,157.14959716796875,243.8912353515625,166.8648223876953],""confidence"":0.0014265866484493017},{""bbox"":[240.76858520507812,155.1980743408203,250.40374755859375,167.6239471435547],""confidence"":0.0014229369116947055},{""bbox"":[236.9686737060547,148.7421875,247.15895080566406,156.1750946044922],""confidence"":0.0011391399893909693}]",6,0.001
002_20200907_184823(7),4,316,332,"[[248.00000000000003,183.0,256.0,195.0]]","[{""bbox"":[248.67898559570312,184.37667846679688,258.13958740234375,193.9271697998047],""confidence"":0.6326350569725037},{""bbox"":[246.9488983154297,184.5845184326172,256.89337158203125,194.32298278808594],""confidence"":0.006443418096750975},{""bbox"":[249.31234741210938,183.389892578125,260.2401123046875,194.69271850585938],""confidence"":0.005598349496722221},{""bbox"":[250.13136291503906,189.50770568847656,256.7675476074219,196.99905395507812],""confidence"":0.002538360422477126},{""bbox"":[254.79595947265625,181.60350036621094,262.4677734375,187.69198608398438],""confidence"":0.001868712017312646}]",5,0.001
002_20200907_184826(3),4,316,332,"[[244.0,189.0,253.99999999999997,196.0]]","[{""bbox"":[244.56753540039062,187.52584838867188,253.68551635742188,196.64279174804688],""confidence"":0.6418955326080322},{""bbox"":[246.55601501464844,187.19985961914062,254.2772979736328,195.09432983398438],""confidence"":0.04090277850627899},{""bbox"":[242.74533081054688,186.4940185546875,253.27191162109375,197.08644104003906],""confidence"":0.026871319860219955},{""bbox"":[244.73593139648438,187.14352416992188,256.06695556640625,197.30259704589844],""confidence"":0.010958145372569561},{""bbox"":[245.28555297851562,182.34303283691406,254.66534423828125,187.9989471435547],""confidence"":0.0031646774150431156},{""bbox"":[243.60791015625,184.18112182617188,253.95225524902344,198.3251953125],""confidence"":0.0015018900157883763},{""bbox"":[241.48753356933594,183.32827758789062,251.4436492919922,194.36073303222656],""confidence"":0.0010706078028306365}]",7,0.001
002_20200907_184828(8),4,316,332,"[[239.0,170.0,249.0,180.0]]","[{""bbox"":[241.39492797851562,171.17391967773438,250.0775909423828,179.98760986328125],""confidence"":0.6062513589859009},{""bbox"":[240.88487243652344,170.22470092773438,251.90293884277344,180.30467224121094],""confidence"":0.022865664213895798},{""bbox"":[239.10581970214844,167.07806396484375,250.20892333984375,177.0634307861328],""confidence"":0.006460446864366531},{""bbox"":[238.62098693847656,170.726318359375,249.53948974609375,181.0316619873047],""confidence"":0.004144373349845409},{""bbox"":[241.20973205566406,167.67767333984375,251.46624755859375,181.70204162597656],""confidence"":0.0015440513379871845}]",5,0.001
