stem,fold_id,width,height,gt_boxes_json,prediction_boxes_json,prediction_count_at_floor,confidence_floor
001_20200622_203330(3),1,576,444,"[[363.0,228.00000000000003,372.0,237.0],[366.0,257.0,376.0,272.0],[371.99999999999994,294.0,383.0,305.00000000000006]]","[{""bbox"":[364.31842041015625,256.6503601074219,378.0349426269531,270.4277038574219],""confidence"":0.6232537031173706},{""bbox"":[362.0447692871094,225.19033813476562,374.1834411621094,237.61203002929688],""confidence"":0.594326376914978},{""bbox"":[370.0700988769531,292.9285583496094,383.4273986816406,306.67059326171875],""confidence"":0.5150177478790283},{""bbox"":[359.6432189941406,223.9991455078125,375.95745849609375,241.0524444580078],""confidence"":0.0724371075630188},{""bbox"":[366.0082092285156,254.03590393066406,379.2462463378906,269.004150390625],""confidence"":0.03724636882543564},{""bbox"":[356.7222595214844,221.6956329345703,374.7524108886719,241.3732452392578],""confidence"":0.034893907606601715},{""bbox"":[365.77093505859375,223.0509033203125,379.04022216796875,235.69468688964844],""confidence"":0.013754191808402538},{""bbox"":[369.060302734375,290.0833435058594,381.8515625,305.8891296386719],""confidence"":0.009488459676504135},{""bbox"":[375.260009765625,292.2217102050781,388.21112060546875,305.8394775390625],""confidence"":0.00946376658976078},{""bbox"":[356.0912780761719,225.52996826171875,369.74542236328125,238.29981994628906],""confidence"":0.00573627557605505},{""bbox"":[359.6536865234375,255.58197021484375,381.09210205078125,277.4562072753906],""confidence"":0.003339391201734543},{""bbox"":[509.19818115234375,270.822265625,520.3782958984375,280.374755859375],""confidence"":0.0023245620541274548},{""bbox"":[394.1438293457031,219.74951171875,405.1443786621094,229.40957641601562],""confidence"":0.0022694363724440336},{""bbox"":[399.418701171875,217.53274536132812,409.10040283203125,228.1674041748047],""confidence"":0.001823275233618915},{""bbox"":[358.98736572265625,217.95880126953125,374.8055114746094,238.47906494140625],""confidence"":0.001506843022070825},{""bbox"":[367.4105529785156,292.9444274902344,385.4355773925781,312.9195861816406],""confidence"":0.001474278513342142},{""bbox"":[393.34783935546875,217.82635498046875,403.2262878417969,229.08262634277344],""confidence"":0.001290378044359386},{""bbox"":[362.3139343261719,253.88870239257812,376.1639404296875,268.9481201171875],""confidence"":0.001232410897500813}]",18,0.001
001_20200623_003516(8),1,576,444,"[[346.99999999999994,178.0,358.0,189.99999999999997],[342.99999999999994,211.0,358.0,223.99999999999997],[341.00000000000006,253.00000000000003,353.0,267.0]]","[{""bbox"":[342.7860107421875,211.86265563964844,356.2413330078125,225.2723388671875],""confidence"":0.5256732106208801},{""bbox"":[346.971923828125,176.8326873779297,357.98956298828125,188.6741943359375],""confidence"":0.509578287601471},{""bbox"":[340.1685791015625,255.92178344726562,352.1732177734375,268.7770080566406],""confidence"":0.5029987692832947},{""bbox"":[345.1916809082031,212.51968383789062,358.3121032714844,226.20425415039062],""confidence"":0.3039103150367737},{""bbox"":[339.1566467285156,253.94650268554688,351.03271484375,267.1920471191406],""confidence"":0.15932071208953857},{""bbox"":[346.23065185546875,174.835205078125,357.1930236816406,187.0128936767578],""confidence"":0.11849623173475266},{""bbox"":[340.5210266113281,211.62998962402344,353.4058532714844,224.58473205566406],""confidence"":0.04781661555171013},{""bbox"":[346.1044006347656,212.39405822753906,361.5216369628906,227.65286254882812],""confidence"":0.047038596123456955},{""bbox"":[471.81988525390625,298.09088134765625,484.6769714355469,309.8314208984375],""confidence"":0.00745392357930541},{""bbox"":[344.45819091796875,257.52325439453125,357.3058166503906,269.93682861328125],""confidence"":0.005648602731525898},{""bbox"":[485.7476806640625,219.4458770751953,496.4700012207031,229.2937469482422],""confidence"":0.0034234782215207815},{""bbox"":[345.9129943847656,258.4389343261719,359.1701965332031,271.2419738769531],""confidence"":0.00293086189776659},{""bbox"":[482.4107666015625,218.8646240234375,492.9886169433594,228.22079467773438],""confidence"":0.0027738050557672977},{""bbox"":[334.3809814453125,255.7118682861328,346.375732421875,266.89324951171875],""confidence"":0.002316203434020281},{""bbox"":[341.72412109375,176.66537475585938,354.0260009765625,187.44053649902344],""confidence"":0.0023028256837278605},{""bbox"":[472.2108154296875,253.15878295898438,485.2559814453125,264.8224182128906],""confidence"":0.001701601780951023},{""bbox"":[471.5908203125,300.1528015136719,485.0343322753906,313.2425537109375],""confidence"":0.001016246504150331}]",17,0.001
001_20200623_003520(5),1,576,444,"[[339.99999999999994,183.0,351.0,198.0],[340.0,218.00000000000003,355.00000000000006,229.00000000000003],[346.99999999999994,260.0,358.0,273.99999999999994]]","[{""bbox"":[339.225341796875,182.82693481445312,351.069580078125,195.7362060546875],""confidence"":0.6554609537124634},{""bbox"":[345.0607604980469,261.64483642578125,357.3460998535156,274.2448425292969],""confidence"":0.6128501296043396},{""bbox"":[340.97210693359375,215.9207305908203,354.8568420410156,230.54847717285156],""confidence"":0.5836805701255798},{""bbox"":[338.57781982421875,182.99343872070312,353.199951171875,197.80767822265625],""confidence"":0.11585809290409088},{""bbox"":[344.1567687988281,216.07046508789062,357.9820861816406,230.68910217285156],""confidence"":0.10702107101678848},{""bbox"":[343.8466796875,261.05657958984375,359.4058532714844,276.827392578125],""confidence"":0.07515598088502884},{""bbox"":[414.454345703125,217.38311767578125,426.82391357421875,230.16439819335938],""confidence"":0.036115121096372604},{""bbox"":[408.427001953125,217.45216369628906,420.7406005859375,230.40020751953125],""confidence"":0.030904773622751236},{""bbox"":[338.55780029296875,213.04139709472656,358.13226318359375,234.2124481201172],""confidence"":0.015586419962346554},{""bbox"":[341.6564636230469,261.8088684082031,354.9278259277344,274.33856201171875],""confidence"":0.015026946552097797},{""bbox"":[479.6553955078125,263.4488525390625,491.85162353515625,274.73675537109375],""confidence"":0.00687336316332221},{""bbox"":[334.6180114746094,183.15679931640625,348.2262268066406,195.90423583984375],""confidence"":0.006736726500093937},{""bbox"":[472.50360107421875,218.7150421142578,484.8652038574219,230.15423583984375],""confidence"":0.004833367187529802},{""bbox"":[420.82171630859375,217.23707580566406,432.99566650390625,229.62542724609375],""confidence"":0.004595721606165171},{""bbox"":[343.50848388671875,181.86788940429688,356.7950134277344,195.2752685546875],""confidence"":0.003823230741545558},{""bbox"":[477.4126281738281,219.0141143798828,488.7935791015625,229.7362823486328],""confidence"":0.0028543020598590374},{""bbox"":[334.42205810546875,217.0786590576172,348.47918701171875,230.23912048339844],""confidence"":0.0026195640675723553},{""bbox"":[371.1107482910156,260.5966491699219,382.950927734375,272.5058288574219],""confidence"":0.0022823915351182222},{""bbox"":[466.7119445800781,218.49119567871094,478.85205078125,230.0361785888672],""confidence"":0.0015066054183989763},{""bbox"":[378.6011657714844,217.1355438232422,390.66204833984375,229.01495361328125],""confidence"":0.0014922949485480785},{""bbox"":[402.3250427246094,217.48484802246094,414.2117004394531,229.99179077148438],""confidence"":0.0013975896872580051},{""bbox"":[406.94488525390625,217.82150268554688,422.678955078125,233.70091247558594],""confidence"":0.0010099692735821009}]",22,0.001
001_20200623_003524(0),1,576,444,"[[342.0,186.0,355.0,196.0],[341.0,215.00000000000003,356.0,232.0],[340.0,263.0,353.0,275.0]]","[{""bbox"":[343.1541748046875,183.86911010742188,355.47613525390625,196.17929077148438],""confidence"":0.646207332611084},{""bbox"":[341.47357177734375,262.7722473144531,354.2504577636719,276.07330322265625],""confidence"":0.6334074139595032},{""bbox"":[341.0498352050781,217.74786376953125,354.4964294433594,231.3780517578125],""confidence"":0.5332695245742798},{""bbox"":[343.89013671875,263.5403747558594,357.1964416503906,276.8309631347656],""confidence"":0.08568692952394485},{""bbox"":[340.7315979003906,181.6385498046875,353.8735046386719,195.49307250976562],""confidence"":0.03886733576655388},{""bbox"":[345.061767578125,217.6343231201172,357.6407775878906,231.34471130371094],""confidence"":0.033487554639577866},{""bbox"":[339.86279296875,215.9009246826172,356.6615905761719,234.0385284423828],""confidence"":0.029528820887207985},{""bbox"":[334.2811584472656,218.12074279785156,347.6112976074219,230.71849060058594],""confidence"":0.008560771122574806},{""bbox"":[486.30377197265625,214.09249877929688,497.1731872558594,224.15228271484375],""confidence"":0.002021854044869542},{""bbox"":[485.2656555175781,214.66229248046875,497.1282653808594,226.54208374023438],""confidence"":0.0015083553735166788},{""bbox"":[477.7186584472656,295.37158203125,489.8855895996094,306.5041809082031],""confidence"":0.001389775425195694},{""bbox"":[344.7118835449219,217.6929931640625,360.9794616699219,234.25059509277344],""confidence"":0.0012977836886420846}]",12,0.001
001_20200623_003529(0),1,576,444,"[[348.0,163.0,360.99999999999994,175.0],[348.0,196.0,360.99999999999994,210.0],[350.0,241.0,361.0,254.99999999999997]]","[{""bbox"":[347.73577880859375,162.030517578125,359.2091369628906,174.79522705078125],""confidence"":0.6390810012817383},{""bbox"":[347.8525085449219,241.45550537109375,359.5587158203125,254.21640014648438],""confidence"":0.5969731211662292},{""bbox"":[347.2225646972656,196.0762939453125,360.2117004394531,209.54234313964844],""confidence"":0.5238209366798401},{""bbox"":[479.5534362792969,216.9523468017578,492.8572082519531,229.22572326660156],""confidence"":0.22471319139003754},{""bbox"":[482.87420654296875,217.73818969726562,495.2040710449219,229.38546752929688],""confidence"":0.02757025882601738},{""bbox"":[345.05755615234375,193.78387451171875,362.2420349121094,212.50469970703125],""confidence"":0.022095898166298866},{""bbox"":[475.5291442871094,215.8853302001953,488.45465087890625,228.49993896484375],""confidence"":0.011821272782981396},{""bbox"":[350.844482421875,162.8003387451172,363.8650207519531,174.85421752929688],""confidence"":0.010046453215181828},{""bbox"":[350.5096130371094,195.94583129882812,364.1334228515625,209.1658935546875],""confidence"":0.0078088995069265366},{""bbox"":[351.8302917480469,242.26116943359375,364.4259948730469,254.6229248046875],""confidence"":0.0057868873700499535},{""bbox"":[478.972412109375,217.30160522460938,494.59332275390625,233.58624267578125],""confidence"":0.003138752654194832},{""bbox"":[482.6829833984375,218.67088317871094,496.7178039550781,233.6243133544922],""confidence"":0.0019438222516328096},{""bbox"":[341.8284912109375,162.62594604492188,354.9517822265625,174.29380798339844],""confidence"":0.0012540712486952543},{""bbox"":[341.7679748535156,241.64031982421875,354.34124755859375,252.9261474609375],""confidence"":0.0011773227015510201}]",14,0.001
001_20200623_003532(5),1,576,444,"[[339.00000000000006,148.00000000000003,351.0,159.0],[358.0,223.99999999999997,368.00000000000006,233.99999999999997],[347.0,179.99999999999997,360.0,192.0]]","[{""bbox"":[339.2866516113281,146.94728088378906,350.7587890625,159.03054809570312],""confidence"":0.5924913883209229},{""bbox"":[344.8583679199219,179.11529541015625,358.7393493652344,192.81820678710938],""confidence"":0.5911224484443665},{""bbox"":[355.230712890625,221.59771728515625,368.9671325683594,235.5370635986328],""confidence"":0.5625934600830078},{""bbox"":[337.4688415527344,145.60009765625,350.04840087890625,158.25332641601562],""confidence"":0.33218440413475037},{""bbox"":[337.43634033203125,146.58395385742188,352.18194580078125,161.70594787597656],""confidence"":0.08528727293014526},{""bbox"":[359.9995422363281,220.3218994140625,373.530517578125,234.0325164794922],""confidence"":0.04013022780418396},{""bbox"":[341.56982421875,179.75755310058594,356.0273742675781,193.322265625],""confidence"":0.01868991181254387},{""bbox"":[384.9024353027344,215.13140869140625,397.19195556640625,226.83087158203125],""confidence"":0.017149295657873154},{""bbox"":[353.4737243652344,217.9896240234375,369.2362365722656,237.64218139648438],""confidence"":0.016104551032185555},{""bbox"":[379.71490478515625,216.1328125,392.2552490234375,228.09637451171875],""confidence"":0.013810846023261547},{""bbox"":[334.54510498046875,147.16139221191406,347.3048400878906,158.87277221679688],""confidence"":0.013118615373969078},{""bbox"":[342.3887634277344,178.11270141601562,360.7208251953125,197.77932739257812],""confidence"":0.011025299318134785},{""bbox"":[344.9564514160156,174.73013305664062,360.0829772949219,193.10113525390625],""confidence"":0.00874321348965168},{""bbox"":[348.69293212890625,222.5426788330078,362.15899658203125,234.87054443359375],""confidence"":0.0055851140059530735},{""bbox"":[486.04766845703125,146.7509765625,496.7613220214844,155.68423461914062],""confidence"":0.0050231656059622765},{""bbox"":[360.5084228515625,217.68612670898438,375.5329284667969,234.50015258789062],""confidence"":0.003878164105117321},{""bbox"":[351.6935119628906,221.08084106445312,370.7984924316406,240.91302490234375],""confidence"":0.003663259092718363},{""bbox"":[353.70794677734375,177.0164337158203,366.5716247558594,190.00732421875],""confidence"":0.0012329121818765998},{""bbox"":[483.34283447265625,146.93357849121094,493.7506103515625,156.0651092529297],""confidence"":0.001225568586960435},{""bbox"":[485.20721435546875,144.96044921875,495.71881103515625,155.21189880371094],""confidence"":0.0010904216906055808}]",20,0.001
001_20200623_003536(0),1,576,444,"[[348.00000000000006,160.0,360.0,169.0],[349.0,194.00000000000003,360.99999999999994,205.0],[350.00000000000006,238.00000000000003,363.0,247.0]]","[{""bbox"":[347.45458984375,156.5604248046875,358.32183837890625,168.37802124023438],""confidence"":0.6557817459106445},{""bbox"":[348.60693359375,235.8857421875,361.30181884765625,248.49029541015625],""confidence"":0.6397732496261597},{""bbox"":[348.0751647949219,190.30984497070312,360.0529479980469,203.31106567382812],""confidence"":0.5952976942062378},{""bbox"":[351.55865478515625,236.1262664794922,364.62677001953125,248.9219207763672],""confidence"":0.09983278810977936},{""bbox"":[346.0287170410156,153.5137176513672,357.7987060546875,167.97096252441406],""confidence"":0.04200318083167076},{""bbox"":[346.61517333984375,232.57095336914062,360.2659606933594,249.84585571289062],""confidence"":0.027449969202280045},{""bbox"":[351.8692321777344,190.8680877685547,364.273681640625,203.2078094482422],""confidence"":0.010376198217272758},{""bbox"":[341.80767822265625,157.22401428222656,354.760009765625,168.4545135498047],""confidence"":0.00642287265509367},{""bbox"":[351.1774597167969,157.31396484375,363.81402587890625,168.17703247070312],""confidence"":0.005931513383984566},{""bbox"":[341.6536560058594,191.13156127929688,354.3478088378906,203.01788330078125],""confidence"":0.0024111003149300814},{""bbox"":[349.96612548828125,232.51036071777344,364.9411315917969,250.2696533203125],""confidence"":0.0014128024922683835}]",11,0.001
001_20200623_082407(9),1,576,444,"[[339.99999999999994,201.0,351.0,215.0],[345.0,233.0,357.0,247.99999999999997],[353.99999999999994,275.0,365.0,293.99999999999994]]","[{""bbox"":[350.3226013183594,277.6274719238281,363.8251953125,291.26739501953125],""confidence"":0.6088691353797913},{""bbox"":[344.0679626464844,233.0364990234375,357.4846496582031,246.73233032226562],""confidence"":0.5510731339454651},{""bbox"":[339.6344299316406,200.44708251953125,351.69708251953125,212.7138671875],""confidence"":0.49684959650039673},{""bbox"":[346.0858154296875,232.40716552734375,359.0494384765625,245.9425506591797],""confidence"":0.38309144973754883},{""bbox"":[342.4156494140625,231.42930603027344,358.99798583984375,248.6556396484375],""confidence"":0.2336280643939972},{""bbox"":[351.4527893066406,276.7820739746094,366.57122802734375,292.2085266113281],""confidence"":0.16904842853546143},{""bbox"":[437.8970642089844,217.5697479248047,449.1219482421875,228.71263122558594],""confidence"":0.057045795023441315},{""bbox"":[341.2596130371094,233.73167419433594,355.1630859375,247.3638458251953],""confidence"":0.056735605001449585},{""bbox"":[479.9619445800781,212.9153289794922,492.2344665527344,224.1730194091797],""confidence"":0.03888682648539543},{""bbox"":[442.0751953125,217.08033752441406,453.3556823730469,228.10763549804688],""confidence"":0.03179517760872841},{""bbox"":[483.8753356933594,214.762939453125,495.323974609375,226.57565307617188],""confidence"":0.014611034654080868},{""bbox"":[347.779052734375,275.51458740234375,361.5650634765625,291.1604309082031],""confidence"":0.010258135385811329},{""bbox"":[483.3644104003906,213.48248291015625,494.9432373046875,224.1426239013672],""confidence"":0.010112744756042957},{""bbox"":[338.92657470703125,196.5377655029297,351.2100524902344,211.4547882080078],""confidence"":0.0039006208535283804},{""bbox"":[476.277099609375,212.84661865234375,487.38525390625,223.99224853515625],""confidence"":0.0019830274395644665},{""bbox"":[487.421630859375,253.1805877685547,498.21392822265625,263.27349853515625],""confidence"":0.0013832543045282364},{""bbox"":[334.5127868652344,201.7195281982422,347.5794372558594,213.3433837890625],""confidence"":0.001373765990138054},{""bbox"":[344.8753662109375,200.02056884765625,357.1875305175781,211.46388244628906],""confidence"":0.0010324799222871661}]",18,0.001
001_20200623_082411(0),1,576,444,"[[339.99999999999994,186.00000000000003,351.0,198.0],[342.99999999999994,219.0,358.0,230.00000000000003],[350.0,263.0,364.0,275.0]]","[{""bbox"":[343.1011657714844,217.877197265625,356.6908264160156,231.43899536132812],""confidence"":0.6911927461624146},{""bbox"":[350.26641845703125,262.6307067871094,363.5630798339844,276.1177673339844],""confidence"":0.6820955872535706},{""bbox"":[339.4718322753906,184.09913635253906,351.3876037597656,197.1974639892578],""confidence"":0.6764562129974365},{""bbox"":[340.9688720703125,215.34632873535156,358.1073303222656,234.0255584716797],""confidence"":0.13240857422351837},{""bbox"":[348.10772705078125,261.0745849609375,361.90228271484375,276.3507995605469],""confidence"":0.016717897728085518},{""bbox"":[334.6046142578125,184.5055389404297,348.24951171875,197.30044555664062],""confidence"":0.014604657888412476},{""bbox"":[401.10357666015625,213.0653533935547,412.9702453613281,224.52574157714844],""confidence"":0.00744243199005723},{""bbox"":[343.65948486328125,184.29071044921875,356.809326171875,196.5933074951172],""confidence"":0.006474096793681383},{""bbox"":[486.0523986816406,245.8520965576172,497.63946533203125,256.9978332519531],""confidence"":0.004709518514573574},{""bbox"":[486.9180603027344,247.63462829589844,498.71978759765625,257.782470703125],""confidence"":0.004695231560617685},{""bbox"":[479.35986328125,168.86666870117188,489.869384765625,177.42539978027344],""confidence"":0.0010373321129009128}]",11,0.001
001_20200623_082414(1),1,576,444,"[[342.0,146.0,355.0,160.0],[348.00000000000006,183.0,360.0,194.99999999999997],[354.0,228.00000000000003,362.0,237.0]]","[{""bbox"":[343.047607421875,147.58157348632812,355.6631774902344,160.18157958984375],""confidence"":0.6713565587997437},{""bbox"":[351.3607177734375,225.83660888671875,364.6587829589844,239.47064208984375],""confidence"":0.6308910250663757},{""bbox"":[348.1165771484375,180.55337524414062,361.3404846191406,193.7859649658203],""confidence"":0.48994630575180054},{""bbox"":[351.6462707519531,224.5517578125,367.7718811035156,241.19097900390625],""confidence"":0.14131930470466614},{""bbox"":[486.2621154785156,220.0341796875,498.4022216796875,231.9228057861328],""confidence"":0.07686665654182434},{""bbox"":[341.1024169921875,145.83152770996094,354.194580078125,159.58624267578125],""confidence"":0.03546655550599098},{""bbox"":[347.8551025390625,224.37571716308594,362.1753234863281,239.54800415039062],""confidence"":0.0334283746778965},{""bbox"":[480.9348449707031,220.06790161132812,492.8385314941406,231.85101318359375],""confidence"":0.02010173909366131},{""bbox"":[491.2989196777344,220.21807861328125,502.64569091796875,231.36195373535156],""confidence"":0.009697910398244858},{""bbox"":[344.74267578125,178.57693481445312,362.87493896484375,197.88409423828125],""confidence"":0.006875838153064251},{""bbox"":[414.2301940917969,222.7891387939453,426.1434631347656,234.01353454589844],""confidence"":0.0028459581080824137},{""bbox"":[409.0735168457031,223.1029815673828,421.0247802734375,234.53909301757812],""confidence"":0.0024935496039688587},{""bbox"":[352.15509033203125,180.16445922851562,365.2648620605469,193.30015563964844],""confidence"":0.0022104375530034304},{""bbox"":[473.4825439453125,218.036865234375,485.4654541015625,231.97027587890625],""confidence"":0.0010984233813360333}]",14,0.001
001_20200623_082416(7),1,576,444,"[[368.0,248.00000000000003,379.0,257.0],[376.0,283.0,385.0,293.0],[362.99999999999994,215.0,374.0,226.0]]","[{""bbox"":[362.47283935546875,212.4682159423828,374.6460876464844,225.5301971435547],""confidence"":0.7242122888565063},{""bbox"":[366.5896301269531,246.10670471191406,379.1492004394531,258.56103515625],""confidence"":0.5679022073745728},{""bbox"":[372.0982360839844,282.281494140625,385.64031982421875,295.50531005859375],""confidence"":0.5249825119972229},{""bbox"":[373.7051086425781,279.8482360839844,387.3426513671875,294.0574035644531],""confidence"":0.11563768982887268},{""bbox"":[365.68359375,212.064697265625,378.64190673828125,224.233154296875],""confidence"":0.08737635612487793},{""bbox"":[371.1705627441406,281.99859619140625,386.98822021484375,298.6977233886719],""confidence"":0.03857696056365967},{""bbox"":[364.6100769042969,245.09091186523438,380.94818115234375,262.6750793457031],""confidence"":0.015124491415917873},{""bbox"":[363.9185791015625,211.55410766601562,379.0488586425781,226.80581665039062],""confidence"":0.012670024298131466},{""bbox"":[369.91107177734375,281.391357421875,383.27740478515625,294.4494323730469],""confidence"":0.01066023763269186},{""bbox"":[363.10028076171875,246.89706420898438,376.9794006347656,260.1362609863281],""confidence"":0.009801335632801056},{""bbox"":[356.1874694824219,213.1036376953125,369.6763610839844,225.61843872070312],""confidence"":0.004112594295293093},{""bbox"":[509.7650146484375,261.6227111816406,520.7401123046875,270.69384765625],""confidence"":0.002724567661061883}]",12,0.001
001_20200623_082419(6),1,576,444,"[[366.00000000000006,188.0,378.0,199.0],[366.0,215.0,381.0,228.99999999999997],[370.0,256.0,383.0,268.0]]","[{""bbox"":[364.785400390625,218.64088439941406,377.66204833984375,231.49154663085938],""confidence"":0.685287594795227},{""bbox"":[365.14697265625,184.66937255859375,378.0237121582031,197.38357543945312],""confidence"":0.6709760427474976},{""bbox"":[369.84246826171875,254.9221954345703,382.2408142089844,267.954833984375],""confidence"":0.5910355448722839},{""bbox"":[367.07025146484375,217.75682067871094,378.9757995605469,230.64114379882812],""confidence"":0.29931017756462097},{""bbox"":[367.10345458984375,253.61602783203125,382.80718994140625,270.0589294433594],""confidence"":0.09375090152025223},{""bbox"":[362.460205078125,217.48573303222656,375.26654052734375,230.59329223632812],""confidence"":0.0380801297724247},{""bbox"":[364.4586181640625,217.13156127929688,380.1893310546875,233.91421508789062],""confidence"":0.016185490414500237},{""bbox"":[362.1901550292969,218.15985107421875,377.5576477050781,233.9857177734375],""confidence"":0.007772922981530428},{""bbox"":[372.9734191894531,253.50462341308594,386.2176513671875,267.36968994140625],""confidence"":0.007178809028118849},{""bbox"":[361.87799072265625,181.9226531982422,374.65277099609375,196.14138793945312],""confidence"":0.0011461687972769141}]",10,0.001
001_20200623_082422(5),1,576,444,"[[360.99999999999994,214.0,371.0,229.00000000000003],[365.0,243.99999999999997,378.0,257.0],[371.0,282.0,382.99999999999994,293.0]]","[{""bbox"":[359.1360168457031,212.13099670410156,371.5424499511719,225.1195831298828],""confidence"":0.7056226134300232},{""bbox"":[363.2452087402344,244.11801147460938,376.90167236328125,257.59814453125],""confidence"":0.5688820481300354},{""bbox"":[369.1463317871094,279.6109313964844,382.8979187011719,294.1016845703125],""confidence"":0.5180859565734863},{""bbox"":[357.2795104980469,210.8430938720703,372.8883361816406,226.82188415527344],""confidence"":0.10663153231143951},{""bbox"":[356.0615539550781,212.36764526367188,369.8152160644531,225.5120086669922],""confidence"":0.07237286865711212},{""bbox"":[366.30145263671875,243.03677368164062,379.26470947265625,256.1595458984375],""confidence"":0.05585577338933945},{""bbox"":[500.9101867675781,193.33184814453125,512.0042114257812,203.42849731445312],""confidence"":0.009706643410027027},{""bbox"":[367.3891296386719,280.66705322265625,384.3008117675781,298.5756530761719],""confidence"":0.008885771967470646},{""bbox"":[508.22796630859375,262.1366882324219,519.4746704101562,271.5054931640625],""confidence"":0.006601816508919001},{""bbox"":[359.17431640625,242.28533935546875,378.26031494140625,262.9677429199219],""confidence"":0.004886268172413111},{""bbox"":[375.19354248046875,278.5218505859375,388.6224365234375,292.5294494628906],""confidence"":0.002631688956171274},{""bbox"":[504.02362060546875,262.3863525390625,514.9220581054688,272.32470703125],""confidence"":0.0018484401516616344},{""bbox"":[362.1549072265625,239.35598754882812,376.1820373535156,255.67507934570312],""confidence"":0.0011902999831363559},{""bbox"":[500.754638671875,225.5063018798828,512.1184692382812,235.20668029785156],""confidence"":0.0011528932955116034}]",14,0.001
001_20200624_043315(2),1,576,444,"[[342.0,150.0,355.0,162.00000000000003],[342.0,186.00000000000003,357.00000000000006,198.0],[347.0,230.00000000000003,360.0,242.0]]","[{""bbox"":[342.2388610839844,183.5369873046875,355.05865478515625,196.60951232910156],""confidence"":0.6710220575332642},{""bbox"":[341.8267822265625,150.98927307128906,353.885986328125,162.38047790527344],""confidence"":0.6335758566856384},{""bbox"":[345.2536926269531,229.23890686035156,357.70660400390625,241.81275939941406],""confidence"":0.6203557252883911},{""bbox"":[344.2130432128906,150.9666748046875,356.72723388671875,162.122802734375],""confidence"":0.08769147843122482},{""bbox"":[343.5518493652344,183.6914520263672,357.9591979980469,198.0571746826172],""confidence"":0.06799504160881042},{""bbox"":[340.58502197265625,181.81996154785156,354.0130615234375,196.09878540039062],""confidence"":0.051519330590963364},{""bbox"":[343.6052551269531,225.41104125976562,357.41314697265625,243.00357055664062],""confidence"":0.024585524573922157},{""bbox"":[341.5889892578125,228.7949981689453,354.9915466308594,241.08738708496094],""confidence"":0.01681492291390896},{""bbox"":[340.975341796875,146.3096466064453,351.9004211425781,161.18003845214844],""confidence"":0.008158315904438496},{""bbox"":[337.78936767578125,149.7517547607422,356.6360778808594,169.0484161376953],""confidence"":0.0029273999389261007},{""bbox"":[354.0442810058594,231.37571716308594,366.3515319824219,242.86642456054688],""confidence"":0.0016981902299448848},{""bbox"":[480.33697509765625,239.7997283935547,492.15155029296875,249.92935180664062],""confidence"":0.0014280702453106642},{""bbox"":[345.10906982421875,227.98558044433594,363.76043701171875,248.13687133789062],""confidence"":0.0010055016027763486}]",13,0.001
001_20200624_043324(2),1,576,444,"[[342.0,152.0,356.0,165.00000000000003],[342.0,186.0,357.00000000000006,196.99999999999997],[345.0,230.00000000000003,360.99999999999994,245.0]]","[{""bbox"":[342.43017578125,184.5097198486328,355.190673828125,197.19375610351562],""confidence"":0.6687184572219849},{""bbox"":[342.614013671875,151.6696319580078,354.6591491699219,162.62515258789062],""confidence"":0.6159436702728271},{""bbox"":[344.46636962890625,231.02989196777344,357.1733703613281,243.72129821777344],""confidence"":0.5910662412643433},{""bbox"":[344.0955810546875,184.7892303466797,358.02276611328125,198.4491424560547],""confidence"":0.14060649275779724},{""bbox"":[341.746826171875,231.32608032226562,354.8599853515625,242.78395080566406],""confidence"":0.024441808462142944},{""bbox"":[340.55743408203125,182.04757690429688,353.68389892578125,196.6245574951172],""confidence"":0.014015297405421734},{""bbox"":[343.4744873046875,182.2272491455078,356.9261474609375,196.89190673828125],""confidence"":0.008434286341071129},{""bbox"":[343.260009765625,231.17752075195312,359.4496765136719,247.81362915039062],""confidence"":0.006948248483240604},{""bbox"":[339.8244323730469,151.18939208984375,356.808837890625,168.8423309326172],""confidence"":0.003221930004656315},{""bbox"":[341.1588439941406,146.27296447753906,352.3857727050781,161.77679443359375],""confidence"":0.003005034290254116},{""bbox"":[341.536376953125,225.42559814453125,356.8569030761719,245.72142028808594],""confidence"":0.0019197928486391902},{""bbox"":[480.139892578125,246.13636779785156,491.9093017578125,256.2525939941406],""confidence"":0.0010842165211215615}]",12,0.001
001_20200624_043328(7),1,576,444,"[[342.0,151.0,355.0,170.0],[343.0,189.99999999999997,355.0,203.0],[344.99999999999994,233.99999999999997,360.0,247.0]]","[{""bbox"":[342.3775329589844,189.45364379882812,355.28668212890625,201.45791625976562],""confidence"":0.6406110525131226},{""bbox"":[344.9978942871094,234.6436767578125,356.69354248046875,246.6859130859375],""confidence"":0.5891597270965576},{""bbox"":[342.5416259765625,155.85630798339844,353.82281494140625,166.7039337158203],""confidence"":0.5336230397224426},{""bbox"":[346.2536315917969,235.08299255371094,359.1171875,248.37046813964844],""confidence"":0.149674654006958},{""bbox"":[342.03338623046875,153.41195678710938,352.5894470214844,165.5805206298828],""confidence"":0.05478468909859657},{""bbox"":[340.76654052734375,188.2766571044922,356.1160888671875,204.81854248046875],""confidence"":0.04076448827981949},{""bbox"":[341.0412292480469,156.06556701660156,352.9469909667969,168.68589782714844],""confidence"":0.030848443508148193},{""bbox"":[341.57562255859375,234.39720153808594,353.9886169433594,246.0001983642578],""confidence"":0.02370353601872921},{""bbox"":[480.1174621582031,246.47213745117188,492.229248046875,256.9684143066406],""confidence"":0.022387312725186348},{""bbox"":[345.1441650390625,156.28619384765625,356.80328369140625,166.76177978515625],""confidence"":0.014241999946534634},{""bbox"":[485.29736328125,164.69439697265625,495.2710876464844,174.22848510742188],""confidence"":0.012196729891002178},{""bbox"":[340.4786682128906,232.114990234375,353.13995361328125,245.31912231445312],""confidence"":0.005538423079997301},{""bbox"":[485.5645446777344,165.6846466064453,496.1318664550781,176.15988159179688],""confidence"":0.004692117217928171},{""bbox"":[482.6744689941406,164.58941650390625,492.8145446777344,173.98464965820312],""confidence"":0.003208782058209181},{""bbox"":[483.57916259765625,246.57351684570312,495.05975341796875,256.9457092285156],""confidence"":0.002369288820773363},{""bbox"":[344.9876708984375,153.3175048828125,356.8554382324219,165.6024169921875],""confidence"":0.0016009415267035365}]",16,0.001
001_20200624_043333(2),1,576,444,"[[338.0,155.0,355.0,170.0],[340.0,190.0,355.99999999999994,205.0],[343.0,234.00000000000003,356.0,249.00000000000003]]","[{""bbox"":[341.013671875,154.40402221679688,352.0722961425781,166.71527099609375],""confidence"":0.7087246775627136},{""bbox"":[341.5915832519531,233.9998321533203,353.99481201171875,246.83351135253906],""confidence"":0.646490752696991},{""bbox"":[340.4288330078125,187.85125732421875,353.0530090332031,200.96717834472656],""confidence"":0.5010972023010254},{""bbox"":[339.1431884765625,154.65379333496094,352.6264953613281,168.7976531982422],""confidence"":0.10987606644630432},{""bbox"":[344.16162109375,234.54244995117188,356.9992370605469,247.10157775878906],""confidence"":0.08559336513280869},{""bbox"":[343.6659240722656,154.97177124023438,356.5915222167969,166.66452026367188],""confidence"":0.02860955521464348},{""bbox"":[343.8524475097656,188.486328125,356.9488525390625,200.97657775878906],""confidence"":0.01597512513399124},{""bbox"":[338.59869384765625,186.42298889160156,355.45050048828125,205.04293823242188],""confidence"":0.009118964895606041},{""bbox"":[334.65277099609375,154.77500915527344,347.7300720214844,166.1793670654297],""confidence"":0.0013230552431195974}]",9,0.001
001_20200624_043337(8),1,576,444,"[[337.99999999999994,152.0,353.0,166.0],[340.0,186.0,355.99999999999994,201.0],[342.0,232.0,356.0,245.0]]","[{""bbox"":[339.5780029296875,187.438720703125,352.3827819824219,200.29014587402344],""confidence"":0.5811740159988403},{""bbox"":[339.1426086425781,153.54283142089844,350.0658874511719,164.30218505859375],""confidence"":0.5622550249099731},{""bbox"":[341.9282531738281,232.15127563476562,354.80010986328125,244.061767578125],""confidence"":0.53813236951828},{""bbox"":[340.25982666015625,231.0653839111328,352.7497253417969,243.8765869140625],""confidence"":0.24591386318206787},{""bbox"":[344.2474060058594,231.16952514648438,357.32635498046875,244.1887664794922],""confidence"":0.12329468131065369},{""bbox"":[340.6354675292969,230.44081115722656,356.90704345703125,248.01673889160156],""confidence"":0.017977958545088768},{""bbox"":[337.67193603515625,153.59375,352.67303466796875,168.7500457763672],""confidence"":0.013203549198806286},{""bbox"":[337.3197021484375,186.83432006835938,354.69183349609375,204.818603515625],""confidence"":0.010247339494526386},{""bbox"":[334.5658264160156,153.59628295898438,346.90753173828125,164.02505493164062],""confidence"":0.005551944021135569},{""bbox"":[334.49072265625,187.3936309814453,348.5215759277344,200.36529541015625],""confidence"":0.004670062568038702},{""bbox"":[338.4394226074219,182.2118682861328,352.24639892578125,200.336669921875],""confidence"":0.0019497547764331102},{""bbox"":[343.7347412109375,230.7187042236328,360.0315246582031,248.18521118164062],""confidence"":0.0016988387797027826},{""bbox"":[338.3721923828125,225.37405395507812,353.39483642578125,246.02406311035156],""confidence"":0.001202742219902575},{""bbox"":[345.176025390625,187.1806640625,357.8891906738281,199.88937377929688],""confidence"":0.00104136869776994}]",14,0.001
001_20200624_083150(7),1,576,444,"[[339.00000000000006,148.0,356.0,161.0],[346.0,181.0,361.0,196.0],[355.0,223.99999999999997,369.0,240.0]]","[{""bbox"":[355.74005126953125,225.43252563476562,368.9527587890625,238.79025268554688],""confidence"":0.6662377119064331},{""bbox"":[347.6690368652344,181.56813049316406,360.45208740234375,194.58143615722656],""confidence"":0.6432104706764221},{""bbox"":[341.0396423339844,147.79660034179688,352.69696044921875,160.29042053222656],""confidence"":0.607577919960022},{""bbox"":[345.79449462890625,180.38600158691406,358.90850830078125,194.3199005126953],""confidence"":0.512176513671875},{""bbox"":[339.9095764160156,146.0520477294922,351.6528015136719,159.5606231689453],""confidence"":0.27982965111732483},{""bbox"":[353.9138488769531,224.25424194335938,369.7586364746094,241.0370635986328],""confidence"":0.199568971991539},{""bbox"":[344.6527099609375,179.38217163085938,362.2375793457031,197.9703826904297],""confidence"":0.11000844836235046},{""bbox"":[358.20574951171875,223.6024169921875,372.3949279785156,238.32806396484375],""confidence"":0.10554489493370056},{""bbox"":[344.17266845703125,147.78358459472656,356.7848205566406,159.0848846435547],""confidence"":0.016802717000246048},{""bbox"":[341.7479248046875,182.19094848632812,355.6895446777344,195.34103393554688],""confidence"":0.0067184725776314735},{""bbox"":[350.7618408203125,179.81234741210938,364.381591796875,192.61241149902344],""confidence"":0.0025028130039572716},{""bbox"":[348.98394775390625,226.18931579589844,362.45208740234375,238.8843994140625],""confidence"":0.0021949082147330046},{""bbox"":[340.74395751953125,181.37779235839844,357.2654113769531,198.34408569335938],""confidence"":0.0018220598576590419},{""bbox"":[342.5215148925781,147.46315002441406,357.3479919433594,161.99339294433594],""confidence"":0.0013356691924855113}]",14,0.001
001_20200624_083153(8),1,576,444,"[[349.0,150.0,363.0,163.0],[349.0,182.0,364.00000000000006,197.0],[349.0,231.0,363.0,242.99999999999997]]","[{""bbox"":[349.1902160644531,230.37290954589844,362.7934875488281,244.02297973632812],""confidence"":0.6603760123252869},{""bbox"":[350.9662170410156,149.67196655273438,363.53466796875,161.87107849121094],""confidence"":0.6548313498497009},{""bbox"":[348.9787292480469,183.64649963378906,361.95751953125,196.8214569091797],""confidence"":0.5081160068511963},{""bbox"":[351.4227600097656,231.4701690673828,364.923828125,244.42250061035156],""confidence"":0.2922894358634949},{""bbox"":[346.81787109375,183.4299774169922,359.04071044921875,196.45794677734375],""confidence"":0.20260770618915558},{""bbox"":[352.95574951171875,184.46412658691406,365.3338928222656,197.3417510986328],""confidence"":0.09884753078222275},{""bbox"":[350.1552429199219,146.2594451904297,362.5618896484375,161.43643188476562],""confidence"":0.05613075941801071},{""bbox"":[485.9886779785156,254.3612823486328,497.97100830078125,264.9384765625],""confidence"":0.012543526478111744},{""bbox"":[348.5991516113281,229.5576171875,365.6217041015625,247.96624755859375],""confidence"":0.007829466834664345},{""bbox"":[346.3453674316406,225.4623565673828,361.181396484375,245.51646423339844],""confidence"":0.003985310439020395},{""bbox"":[347.77581787109375,145.96841430664062,360.9578552246094,160.90785217285156],""confidence"":0.0036949727218598127},{""bbox"":[481.9041748046875,253.78659057617188,493.55340576171875,264.3790588378906],""confidence"":0.0014506073202937841},{""bbox"":[341.5762939453125,183.54470825195312,354.11785888671875,195.3292999267578],""confidence"":0.0011300928890705109},{""bbox"":[490.93780517578125,254.86627197265625,501.87774658203125,264.68212890625],""confidence"":0.0010562988463789225},{""bbox"":[347.4556884765625,148.155029296875,369.26251220703125,169.165283203125],""confidence"":0.001020308816805482}]",15,0.001
001_20200624_083156(9),1,576,444,"[[335.99999999999994,220.00000000000003,351.0,232.0],[357.0,295.0,369.99999999999994,308.0],[344.99999999999994,249.99999999999997,360.0,266.0]]","[{""bbox"":[337.1512451171875,219.0273895263672,349.716064453125,231.85008239746094],""confidence"":0.6542283892631531},{""bbox"":[354.5881042480469,295.67236328125,367.1112060546875,308.1123962402344],""confidence"":0.5767351984977722},{""bbox"":[343.6241149902344,252.23641967773438,357.2357177734375,265.3139953613281],""confidence"":0.5332458019256592},{""bbox"":[345.75439453125,250.3909912109375,359.0418701171875,264.0905456542969],""confidence"":0.2993577718734741},{""bbox"":[334.4661865234375,219.26593017578125,347.4426574707031,231.6088409423828],""confidence"":0.11900430917739868},{""bbox"":[335.7307434082031,217.9265594482422,351.0456848144531,233.887939453125],""confidence"":0.050286345183849335},{""bbox"":[341.2955322265625,252.84423828125,355.24908447265625,266.10980224609375],""confidence"":0.0412844642996788},{""bbox"":[352.1582336425781,294.013427734375,370.246337890625,312.86260986328125],""confidence"":0.018781758844852448},{""bbox"":[341.8486328125,251.0917510986328,359.09710693359375,269.8008117675781],""confidence"":0.01810678280889988},{""bbox"":[359.7589416503906,292.5099792480469,372.7586364746094,305.6748962402344],""confidence"":0.016988016664981842},{""bbox"":[348.57794189453125,295.46331787109375,361.6360168457031,307.472900390625],""confidence"":0.012820773757994175},{""bbox"":[354.0560607910156,290.0669250488281,369.0462341308594,309.1807861328125],""confidence"":0.006852596066892147},{""bbox"":[361.2460632324219,289.7414245605469,374.945556640625,304.76885986328125],""confidence"":0.004465839359909296},{""bbox"":[351.7351989746094,290.199462890625,366.65057373046875,310.1147155761719],""confidence"":0.0031905609648674726},{""bbox"":[345.9477233886719,246.79747009277344,359.6533508300781,263.0458679199219],""confidence"":0.0023109489120543003},{""bbox"":[341.8020324707031,246.75616455078125,356.25408935546875,264.79229736328125],""confidence"":0.001463758060708642},{""bbox"":[492.58563232421875,259.15997314453125,504.09423828125,270.048095703125],""confidence"":0.001243626233190298},{""bbox"":[493.2726745605469,261.2090759277344,504.80084228515625,270.83868408203125],""confidence"":0.0011915172217413783},{""bbox"":[345.0643615722656,216.80380249023438,357.81640625,229.15420532226562],""confidence"":0.0011411573505029082}]",19,0.001
001_20200624_083159(6),1,576,444,"[[351.0,204.0,365.0,217.0],[358.0,232.0,373.99999999999994,247.0],[371.0,268.0,384.0,281.0]]","[{""bbox"":[351.7549743652344,202.5453643798828,365.05633544921875,215.72589111328125],""confidence"":0.5686712861061096},{""bbox"":[359.5267028808594,232.92083740234375,373.24017333984375,246.9344940185547],""confidence"":0.5042135715484619},{""bbox"":[368.31231689453125,268.940185546875,381.69586181640625,282.7889099121094],""confidence"":0.4782448709011078},{""bbox"":[360.7372131347656,230.98672485351562,374.2398986816406,244.87387084960938],""confidence"":0.218837171792984},{""bbox"":[366.6705627441406,266.9005126953125,382.8065185546875,284.6281433105469],""confidence"":0.05453595519065857},{""bbox"":[348.68756103515625,203.21575927734375,362.6738586425781,216.45285034179688],""confidence"":0.03031773306429386},{""bbox"":[348.96917724609375,200.7213134765625,366.68994140625,219.71424865722656],""confidence"":0.02833729051053524},{""bbox"":[357.1951904296875,230.14016723632812,373.7572326660156,248.74111938476562],""confidence"":0.02833293192088604},{""bbox"":[355.57232666015625,234.38858032226562,369.5231018066406,247.7764129638672],""confidence"":0.006523120682686567},{""bbox"":[351.7399597167969,196.16494750976562,368.0999450683594,215.76290893554688],""confidence"":0.003727781353518367},{""bbox"":[507.7825927734375,219.7063446044922,518.2011108398438,228.36224365234375],""confidence"":0.0017413897439837456},{""bbox"":[347.5350036621094,202.7917938232422,363.7435302734375,219.69580078125],""confidence"":0.0016139323124662042},{""bbox"":[415.7546691894531,180.4718017578125,425.6732482910156,190.28115844726562],""confidence"":0.0013972243759781122},{""bbox"":[363.05621337890625,269.671875,376.6151123046875,282.89520263671875],""confidence"":0.0012892079539597034}]",14,0.001
001_20200624_083202(6),1,576,444,"[[341.0,198.0,361.0,218.99999999999997],[355.0,232.0,369.0,245.0],[368.00000000000006,263.0,381.0,278.0]]","[{""bbox"":[344.7172546386719,200.38211059570312,358.897705078125,214.5880889892578],""confidence"":0.32448357343673706},{""bbox"":[354.7587890625,228.2537078857422,370.0318908691406,244.4951171875],""confidence"":0.30306464433670044},{""bbox"":[347.5816345214844,197.7559356689453,361.8332214355469,211.7470245361328],""confidence"":0.2777720093727112},{""bbox"":[366.3079528808594,265.21221923828125,379.7496032714844,278.4114685058594],""confidence"":0.2432914674282074},{""bbox"":[369.1227111816406,262.3740539550781,383.17938232421875,276.1969909667969],""confidence"":0.08838321268558502},{""bbox"":[343.1690368652344,197.06593322753906,359.4953918457031,214.4589385986328],""confidence"":0.0605316087603569},{""bbox"":[348.70111083984375,195.1062469482422,363.435302734375,210.2610626220703],""confidence"":0.03471875190734863},{""bbox"":[352.9632568359375,231.00918579101562,369.152587890625,248.72979736328125],""confidence"":0.016514424234628677},{""bbox"":[362.6201171875,266.6981506347656,375.767333984375,279.3232116699219],""confidence"":0.012747017666697502},{""bbox"":[341.4130554199219,202.54119873046875,355.0078430175781,215.3070831298828],""confidence"":0.004439708776772022},{""bbox"":[355.5776672363281,192.80917358398438,368.9886779785156,205.54403686523438],""confidence"":0.003944357391446829},{""bbox"":[369.75103759765625,259.81134033203125,383.7424011230469,273.9142761230469],""confidence"":0.002479924587532878},{""bbox"":[363.6617431640625,266.4242248535156,379.59521484375,283.9165344238281],""confidence"":0.002020240295678377},{""bbox"":[341.2625427246094,200.36441040039062,360.0077819824219,219.9856719970703],""confidence"":0.0011630484368652105},{""bbox"":[345.78253173828125,195.92431640625,360.89422607421875,212.9419708251953],""confidence"":0.0010379505110904574}]",15,0.001
001_20200624_083205(7),1,576,444,"[[350.0,200.0,368.0,215.0],[355.0,231.0,371.99999999999994,242.99999999999997],[364.0,268.0,379.0,280.0]]","[{""bbox"":[349.6569519042969,198.99771118164062,362.9547119140625,212.02662658691406],""confidence"":0.6352089643478394},{""bbox"":[364.74041748046875,265.5853576660156,378.9719543457031,279.6067810058594],""confidence"":0.5559120178222656},{""bbox"":[356.7735290527344,229.93850708007812,370.94927978515625,244.00704956054688],""confidence"":0.5197370052337646},{""bbox"":[366.55322265625,263.857666015625,380.5034484863281,278.341064453125],""confidence"":0.2413313388824463},{""bbox"":[352.3472595214844,197.75323486328125,365.1410217285156,210.45816040039062],""confidence"":0.22978322207927704},{""bbox"":[359.686767578125,228.38719177246094,373.120849609375,242.00474548339844],""confidence"":0.12609216570854187},{""bbox"":[362.5918273925781,266.46844482421875,376.3559265136719,279.8825378417969],""confidence"":0.06006599962711334},{""bbox"":[349.3277587890625,196.75360107421875,364.8561706542969,212.9134979248047],""confidence"":0.03884083777666092},{""bbox"":[353.2137756347656,228.5501708984375,371.07904052734375,248.45596313476562],""confidence"":0.012509728781878948},{""bbox"":[362.6360168457031,264.8018798828125,380.20721435546875,284.2384948730469],""confidence"":0.012337302789092064},{""bbox"":[346.5733337402344,196.4042510986328,360.77215576171875,213.4219207763672],""confidence"":0.004834137391299009},{""bbox"":[367.7835693359375,260.99920654296875,381.9284973144531,277.15289306640625],""confidence"":0.0040685455314815044},{""bbox"":[363.80450439453125,261.1604919433594,378.8489685058594,280.1154479980469],""confidence"":0.0023397784680128098}]",13,0.001
001_20200727_204954(7),1,576,444,"[[317.0,152.0,328.00000000000006,160.00000000000003]]","[{""bbox"":[315.39044189453125,149.45388793945312,327.0560607910156,160.50442504882812],""confidence"":0.384595662355423},{""bbox"":[314.2367858886719,146.1920928955078,325.3338317871094,159.20498657226562],""confidence"":0.012293124571442604},{""bbox"":[316.6356506347656,149.4810028076172,328.953857421875,161.94021606445312],""confidence"":0.01050527673214674},{""bbox"":[312.5208435058594,150.19949340820312,324.2041931152344,160.84519958496094],""confidence"":0.010005826130509377},{""bbox"":[316.4964904785156,146.0247802734375,328.5803527832031,158.9161834716797],""confidence"":0.006217808462679386}]",5,0.001
001_20200727_204958(2),1,576,444,"[[321.00000000000006,148.0,329.0,156.0]]","[{""bbox"":[320.7948913574219,146.07110595703125,331.9943542480469,155.5299530029297],""confidence"":0.2665155231952667},{""bbox"":[318.31378173828125,144.6717529296875,329.2184753417969,154.8634490966797],""confidence"":0.06369531154632568},{""bbox"":[320.68603515625,147.42042541503906,333.58056640625,161.39002990722656],""confidence"":0.0014231508830562234},{""bbox"":[324.56610107421875,144.63201904296875,335.54638671875,154.4445037841797],""confidence"":0.001044567092321813}]",4,0.001
001_20200728_123129(2),1,576,444,"[[331.0,203.0,340.0,213.0]]","[{""bbox"":[329.3669738769531,201.72012329101562,341.0868225097656,212.39993286132812],""confidence"":0.47763490676879883},{""bbox"":[331.13958740234375,202.46141052246094,342.8788146972656,213.03355407714844],""confidence"":0.042580101639032364},{""bbox"":[326.94561767578125,201.32791137695312,338.99053955078125,212.01564025878906],""confidence"":0.0256559569388628},{""bbox"":[327.6881103515625,196.6641082763672,338.4742126464844,210.74891662597656],""confidence"":0.0024923235177993774},{""bbox"":[329.1628112792969,204.381103515625,343.0084228515625,218.92820739746094],""confidence"":0.001283357385545969}]",5,0.001
001_20200728_123132(4),1,576,444,"[[323.0,226.0,332.0,237.99999999999997]]","[{""bbox"":[321.9112854003906,227.1017303466797,333.28619384765625,237.62179565429688],""confidence"":0.3751623034477234},{""bbox"":[321.82806396484375,227.8845672607422,333.711181640625,240.6020050048828],""confidence"":0.026895327493548393},{""bbox"":[319.5144348144531,226.80076599121094,330.2701721191406,237.09671020507812],""confidence"":0.024109002202749252},{""bbox"":[324.1089782714844,227.57644653320312,335.4580078125,238.3394317626953],""confidence"":0.015334350056946278},{""bbox"":[317.93450927734375,224.73977661132812,329.21673583984375,236.11106872558594],""confidence"":0.00904631707817316},{""bbox"":[323.4882507324219,227.7789306640625,336.425048828125,240.9581298828125],""confidence"":0.00100599171128124}]",6,0.001
001_20200810_203208(7),1,576,444,"[[315.0,187.0,324.0,198.0]]","[{""bbox"":[314.5592346191406,186.1055908203125,326.8123779296875,197.58486938476562],""confidence"":0.6319945454597473},{""bbox"":[313.0368957519531,182.3076171875,325.0070495605469,197.2593536376953],""confidence"":0.01816115714609623},{""bbox"":[314.861083984375,182.19822692871094,328.2068176269531,196.89381408691406],""confidence"":0.002426192630082369}]",3,0.001
001_20200810_203212(6),1,576,444,"[[315.99999999999994,194.99999999999997,330.0,207.0]]","[{""bbox"":[314.7432556152344,196.74331665039062,326.2544860839844,206.16629028320312],""confidence"":0.39778247475624084},{""bbox"":[311.95166015625,195.36827087402344,323.1162109375,205.6737823486328],""confidence"":0.057221364229917526},{""bbox"":[316.5398864746094,195.3697509765625,328.20770263671875,205.82852172851562],""confidence"":0.028270447626709938},{""bbox"":[314.05718994140625,197.5724639892578,327.3031921386719,211.763671875],""confidence"":0.0026008945424109697}]",4,0.001
001_20200811_043037(3),1,576,444,"[[315.99999999999994,222.0,326.0,233.00000000000003]]","[{""bbox"":[314.29803466796875,221.33253479003906,325.8885803222656,232.31222534179688],""confidence"":0.5388257503509521},{""bbox"":[313.5619812011719,218.28179931640625,324.340576171875,231.1165771484375],""confidence"":0.03194627910852432},{""bbox"":[316.4582214355469,221.5619354248047,328.1336669921875,232.3567657470703],""confidence"":0.02464735135436058},{""bbox"":[311.3394470214844,218.04298400878906,322.70458984375,230.4542999267578],""confidence"":0.006854277104139328},{""bbox"":[443.573486328125,231.7445831298828,454.9275207519531,242.71800231933594],""confidence"":0.0023727945517748594},{""bbox"":[448.8417053222656,231.87298583984375,459.5614929199219,242.43502807617188],""confidence"":0.0015892628580331802},{""bbox"":[444.2048645019531,233.08277893066406,456.279541015625,244.0039520263672],""confidence"":0.0014772491995245218},{""bbox"":[449.05682373046875,233.47500610351562,460.42657470703125,244.0525360107422],""confidence"":0.001132509671151638},{""bbox"":[316.0181579589844,218.22406005859375,328.16705322265625,231.27659606933594],""confidence"":0.00104063272010535}]",9,0.001
001_20200811_043041(6),1,576,444,"[[308.99999999999994,236.0,320.0,249.00000000000003]]","[{""bbox"":[305.27764892578125,238.04763793945312,317.1716613769531,249.550537109375],""confidence"":0.5253735780715942},{""bbox"":[308.3907775878906,237.67689514160156,320.9811096191406,248.99896240234375],""confidence"":0.02434571273624897},{""bbox"":[305.0717468261719,238.6602325439453,319.815185546875,255.02810668945312],""confidence"":0.006965906359255314},{""bbox"":[303.2840576171875,232.5485076904297,315.1733703613281,249.4804229736328],""confidence"":0.002097302582114935}]",4,0.001
001_20200814_163101(7),1,576,444,"[[328.0,179.0,338.0,192.0]]","[{""bbox"":[326.90264892578125,179.24490356445312,338.302978515625,190.33164978027344],""confidence"":0.4660673439502716},{""bbox"":[325.6678771972656,175.06594848632812,336.62420654296875,188.85752868652344],""confidence"":0.004115888383239508},{""bbox"":[330.7677917480469,179.82676696777344,342.5364074707031,190.3242645263672],""confidence"":0.0022744040470570326}]",3,0.001
001_20200814_163105(1),1,576,444,"[[326.99999999999994,187.0,338.0,201.0]]","[{""bbox"":[326.7840881347656,187.3031768798828,338.94366455078125,199.20506286621094],""confidence"":0.4857831299304962},{""bbox"":[330.8425598144531,187.82044982910156,342.847412109375,199.28204345703125],""confidence"":0.018859053030610085},{""bbox"":[326.6318664550781,188.56663513183594,341.4853820800781,204.62820434570312],""confidence"":0.0038635176606476307},{""bbox"":[324.5594177246094,182.3063507080078,337.0296630859375,198.15028381347656],""confidence"":0.0011189650977030396}]",4,0.001
001_20200818_083159(7),1,576,444,"[[326.0,192.0,336.0,205.0]]","[{""bbox"":[327.5351257324219,193.05763244628906,338.5844421386719,203.95343017578125],""confidence"":0.3044372498989105},{""bbox"":[326.291748046875,194.40252685546875,336.71490478515625,205.03619384765625],""confidence"":0.08487610518932343},{""bbox"":[326.55804443359375,189.48751831054688,336.9957275390625,202.41061401367188],""confidence"":0.0017715176800265908}]",3,0.001
001_20200818_123634(4),1,576,444,"[[315.0,157.0,324.0,171.0]]","[{""bbox"":[312.8475036621094,159.06668090820312,324.1402893066406,169.78460693359375],""confidence"":0.3926001787185669},{""bbox"":[317.30914306640625,158.82058715820312,328.5293884277344,169.3216094970703],""confidence"":0.005038818810135126}]",2,0.001
001_20200819_124414(0),1,576,444,"[[323.0,165.0,332.0,173.0]]","[{""bbox"":[323.53570556640625,163.86683654785156,334.8567810058594,174.92184448242188],""confidence"":0.303767591714859},{""bbox"":[322.05133056640625,160.53749084472656,332.88800048828125,172.71682739257812],""confidence"":0.00928761437535286},{""bbox"":[319.5602111816406,163.8679962158203,331.1640625,174.52401733398438],""confidence"":0.0031022955663502216},{""bbox"":[324.7033996582031,160.47959899902344,335.99749755859375,172.84762573242188],""confidence"":0.0022819843143224716}]",4,0.001
001_20200819_124415(9),1,576,444,"[[314.0,161.0,324.0,170.0]]","[{""bbox"":[312.1539306640625,160.66038513183594,322.88385009765625,170.8342742919922],""confidence"":0.4698944389820099},{""bbox"":[310.4359436035156,161.53082275390625,323.9256286621094,175.6813201904297],""confidence"":0.004957921802997589},{""bbox"":[316.59539794921875,159.3922882080078,328.2596435546875,170.02650451660156],""confidence"":0.002431355882436037},{""bbox"":[305.73712158203125,161.1826171875,317.4279479980469,170.83706665039062],""confidence"":0.0012169714318588376}]",4,0.001
001_20200826_123711(3),1,576,444,"[[319.0,189.00000000000003,328.0,200.0]]","[{""bbox"":[319.08349609375,190.6837615966797,328.8634338378906,200.4992218017578],""confidence"":0.2971186935901642},{""bbox"":[318.00848388671875,191.5996856689453,329.6268615722656,204.46917724609375],""confidence"":0.014150410890579224}]",2,0.001
001_20200826_123714(5),1,576,444,"[[322.0,194.0,335.0,204.0]]","[{""bbox"":[321.6649169921875,191.85751342773438,333.2688903808594,202.34307861328125],""confidence"":0.018536506220698357},{""bbox"":[443.8826904296875,267.2168884277344,457.09539794921875,279.2253112792969],""confidence"":0.008413168601691723},{""bbox"":[447.8133239746094,268.7540283203125,460.6745910644531,280.7640686035156],""confidence"":0.008331269957125187},{""bbox"":[320.91455078125,193.2987823486328,332.98345947265625,205.16835021972656],""confidence"":0.004203519318252802},{""bbox"":[449.2856140136719,271.07867431640625,461.93109130859375,284.19140625],""confidence"":0.0036366707645356655},{""bbox"":[325.3795471191406,192.98818969726562,336.384765625,203.71173095703125],""confidence"":0.0032998709939420223},{""bbox"":[320.9284973144531,188.98692321777344,331.614013671875,199.93775939941406],""confidence"":0.002374934498220682},{""bbox"":[317.7550964355469,191.44769287109375,328.4030456542969,201.40525817871094],""confidence"":0.0017688004299998283}]",8,0.001
001_20200831_083711(6),1,576,444,"[[472.00000000000006,184.99999999999997,484.0,198.0]]","[{""bbox"":[474.45166015625,183.40525817871094,486.13507080078125,194.7457275390625],""confidence"":0.3765326738357544},{""bbox"":[474.7159423828125,181.22491455078125,487.1999206542969,193.27488708496094],""confidence"":0.14590388536453247},{""bbox"":[473.0232238769531,184.0867462158203,486.3864440917969,197.57839965820312],""confidence"":0.0319998599588871},{""bbox"":[337.19879150390625,207.0036163330078,349.3624267578125,218.82716369628906],""confidence"":0.010541587136685848},{""bbox"":[341.0273132324219,206.5265350341797,353.07568359375,218.54739379882812],""confidence"":0.00449011055752635},{""bbox"":[471.18853759765625,184.1281280517578,482.84747314453125,195.14324951171875],""confidence"":0.001851001987233758}]",6,0.001
001_20200831_083714(8),1,576,444,"[[474.0,165.99999999999997,486.99999999999994,178.0]]","[{""bbox"":[473.9107360839844,165.591064453125,486.1512756347656,177.09765625],""confidence"":0.4193722605705261},{""bbox"":[471.1306457519531,166.9129180908203,483.28228759765625,177.74685668945312],""confidence"":0.0013489593984559178},{""bbox"":[472.17291259765625,167.0120086669922,487.5459899902344,183.07742309570312],""confidence"":0.0012985687935724854}]",3,0.001
002_20200622_203121(4),1,352,332,"[[211.00000000000003,118.0,221.0,130.0],[215.0,141.0,221.99999999999997,150.0],[215.0,165.0,225.0,175.0]]","[{""bbox"":[212.8394012451172,141.36981201171875,221.3506317138672,150.22593688964844],""confidence"":0.6456834077835083},{""bbox"":[212.14340209960938,118.69691467285156,220.59979248046875,127.23312377929688],""confidence"":0.633082926273346},{""bbox"":[210.63528442382812,118.13082122802734,219.31906127929688,127.42201232910156],""confidence"":0.5729879140853882},{""bbox"":[216.46083068847656,167.57333374023438,224.7572784423828,176.2596893310547],""confidence"":0.47419777512550354},{""bbox"":[211.54296875,140.21253967285156,221.80780029296875,151.4598846435547],""confidence"":0.09820171445608139},{""bbox"":[214.39315795898438,140.7169189453125,222.89076232910156,149.4723358154297],""confidence"":0.06270098686218262},{""bbox"":[210.8634490966797,118.38005828857422,220.933349609375,129.175048828125],""confidence"":0.061484817415475845},{""bbox"":[209.12127685546875,117.34378051757812,219.84808349609375,129.35166931152344],""confidence"":0.028804801404476166}]",8,0.001
002_20200623_082249(3),1,316,332,"[[155.0,153.0,164.0,166.0],[157.99999999999997,176.0,166.99999999999997,186.0],[160.0,201.0,172.0,215.00000000000003]]","[{""bbox"":[156.2079620361328,153.7964630126953,166.4376678466797,164.06719970703125],""confidence"":0.764122724533081},{""bbox"":[157.71990966796875,177.08175659179688,167.6114501953125,187.53883361816406],""confidence"":0.610217809677124},{""bbox"":[160.54132080078125,202.8846893310547,171.50250244140625,213.8670196533203],""confidence"":0.5935556888580322},{""bbox"":[153.86538696289062,152.41989135742188,165.24220275878906,164.15603637695312],""confidence"":0.16018815338611603},{""bbox"":[155.55677795410156,152.2781982421875,167.5557403564453,165.07293701171875],""confidence"":0.13776816427707672},{""bbox"":[155.98838806152344,176.7123260498047,168.3392791748047,190.00146484375],""confidence"":0.04938415437936783},{""bbox"":[314.1500549316406,0.0,316.0,6.007747173309326],""confidence"":0.02039208821952343},{""bbox"":[159.26365661621094,202.41444396972656,168.93069458007812,213.2165985107422],""confidence"":0.01900477148592472},{""bbox"":[313.6318664550781,0.13505074381828308,316.0,7.781217575073242],""confidence"":0.012066244147717953},{""bbox"":[160.23458862304688,200.7361297607422,169.88070678710938,212.71791076660156],""confidence"":0.005775811150670052},{""bbox"":[152.9441375732422,150.5910186767578,166.683349609375,163.6542205810547],""confidence"":0.00397935276851058},{""bbox"":[150.28549194335938,153.72715759277344,162.0666046142578,165.02757263183594],""confidence"":0.003130161901935935},{""bbox"":[154.4231719970703,177.16737365722656,165.9413604736328,190.3725128173828],""confidence"":0.0027729335706681013},{""bbox"":[161.86080932617188,200.64700317382812,171.74134826660156,212.77162170410156],""confidence"":0.0018244088860228658},{""bbox"":[316.0,0.0,316.0,5.320952415466309],""confidence"":0.0011630140943452716},{""bbox"":[316.0,1.0133036375045776,316.0,7.520704746246338],""confidence"":0.0010430356487631798}]",16,0.001
002_20200623_082253(8),1,316,332,"[[160.99999999999997,139.0,176.0,151.0],[162.00000000000003,161.0,173.0,172.0],[165.0,187.0,177.0,201.00000000000003]]","[{""bbox"":[162.3275909423828,138.1260528564453,172.57272338867188,148.36744689941406],""confidence"":0.7169286608695984},{""bbox"":[165.507080078125,187.6115264892578,176.30850219726562,198.08731079101562],""confidence"":0.715357780456543},{""bbox"":[162.94158935546875,161.21009826660156,172.71702575683594,171.87591552734375],""confidence"":0.6399011015892029},{""bbox"":[162.1888885498047,160.4334259033203,173.9678955078125,173.5901336669922],""confidence"":0.10077275335788727},{""bbox"":[163.80043029785156,138.31658935546875,174.22032165527344,148.82760620117188],""confidence"":0.04761169105768204},{""bbox"":[163.7554473876953,187.10560607910156,174.6668701171875,198.9457244873047],""confidence"":0.031143052503466606},{""bbox"":[314.1535949707031,0.0,316.0,5.999788761138916],""confidence"":0.020384125411510468},{""bbox"":[163.99769592285156,162.0203094482422,174.87086486816406,172.76980590820312],""confidence"":0.013831591233611107},{""bbox"":[313.6407165527344,0.1408350020647049,316.0,7.771229267120361],""confidence"":0.012157428078353405},{""bbox"":[159.16636657714844,137.10794067382812,170.49761962890625,149.4972686767578],""confidence"":0.011427638120949268},{""bbox"":[161.65562438964844,159.29684448242188,172.03347778320312,171.68548583984375],""confidence"":0.0031537706963717937},{""bbox"":[162.6378631591797,188.90992736816406,176.21734619140625,202.1033477783203],""confidence"":0.002007773146033287},{""bbox"":[164.72821044921875,184.33985900878906,174.93568420410156,196.625],""confidence"":0.0013260935666039586},{""bbox"":[316.0,0.0,316.0,5.31509256362915],""confidence"":0.0011596903204917908},{""bbox"":[316.0,1.0164517164230347,316.0,7.515786170959473],""confidence"":0.0010480168275535107}]",15,0.001
002_20200623_082258(4),1,316,332,"[[159.0,149.0,170.0,163.0],[160.0,172.0,172.0,183.0],[161.00000000000003,196.0,172.0,210.00000000000003]]","[{""bbox"":[159.0675506591797,149.0631866455078,169.22496032714844,159.61581420898438],""confidence"":0.6912523508071899},{""bbox"":[159.7074737548828,172.6184844970703,168.96791076660156,182.4805908203125],""confidence"":0.6620479226112366},{""bbox"":[161.9101104736328,198.70794677734375,172.799560546875,209.40101623535156],""confidence"":0.626788318157196},{""bbox"":[157.71038818359375,147.91586303710938,169.73878479003906,160.90773010253906],""confidence"":0.18920984864234924},{""bbox"":[159.8679962158203,173.00245666503906,171.33900451660156,184.38153076171875],""confidence"":0.03244827315211296},{""bbox"":[314.1503601074219,0.0,316.0,6.005987167358398],""confidence"":0.02038663998246193},{""bbox"":[313.6326904296875,0.1356518268585205,316.0,7.778641700744629],""confidence"":0.012070542201399803},{""bbox"":[157.95301818847656,172.8424530029297,169.4544219970703,185.84848022460938],""confidence"":0.008978543803095818},{""bbox"":[161.56800842285156,196.6246337890625,171.53497314453125,208.52203369140625],""confidence"":0.008201489225029945},{""bbox"":[155.97613525390625,146.1728973388672,167.99620056152344,158.8822479248047],""confidence"":0.004091917537152767},{""bbox"":[154.52474975585938,149.2042999267578,165.6725616455078,161.7235107421875],""confidence"":0.002846075687557459},{""bbox"":[159.70452880859375,198.57125854492188,170.89646911621094,209.54100036621094],""confidence"":0.0017628385685384274},{""bbox"":[316.0,0.0,316.0,5.319393157958984],""confidence"":0.0011611272348091006},{""bbox"":[316.0,1.0134309530258179,316.0,7.519311428070068],""confidence"":0.0010418881429359317}]",14,0.001
002_20200623_082258(6),1,352,332,"[[188.0,168.0,195.99999999999997,176.0],[195.99999999999997,188.00000000000003,202.0,198.0],[205.0,217.0,213.0,229.0]]","[{""bbox"":[187.58143615722656,167.42247009277344,196.13397216796875,176.11366271972656],""confidence"":0.684762179851532},{""bbox"":[194.6061553955078,188.61610412597656,204.15687561035156,198.59861755371094],""confidence"":0.5794848203659058},{""bbox"":[204.40518188476562,218.9043731689453,213.14691162109375,227.65066528320312],""confidence"":0.5210180282592773},{""bbox"":[203.1916046142578,219.17015075683594,211.44261169433594,227.62147521972656],""confidence"":0.23618938028812408},{""bbox"":[193.15252685546875,187.48548889160156,204.3867645263672,200.1055450439453],""confidence"":0.13446149230003357},{""bbox"":[206.03573608398438,217.78662109375,215.05487060546875,226.82728576660156],""confidence"":0.04088333621621132},{""bbox"":[195.81614685058594,187.6084747314453,205.97886657714844,197.95252990722656],""confidence"":0.018325623124837875},{""bbox"":[186.81834411621094,166.66188049316406,196.68484497070312,177.73452758789062],""confidence"":0.013471576385200024},{""bbox"":[202.84194946289062,218.6830291748047,213.34585571289062,230.2921142578125],""confidence"":0.010750404559075832},{""bbox"":[203.91839599609375,216.0755157470703,213.94642639160156,227.9962921142578],""confidence"":0.001277569797821343}]",10,0.001
002_20200623_082302(6),1,352,332,"[[190.0,172.0,199.99999999999997,180.00000000000003],[195.0,193.99999999999997,201.0,202.0],[202.00000000000003,226.0,209.0,233.00000000000003]]","[{""bbox"":[189.78860473632812,171.22476196289062,198.12789916992188,179.83062744140625],""confidence"":0.6831860542297363},{""bbox"":[200.99314880371094,225.71310424804688,209.29443359375,234.1314239501953],""confidence"":0.5765335559844971},{""bbox"":[194.9649658203125,193.875,204.08924865722656,203.33872985839844],""confidence"":0.5358355641365051},{""bbox"":[193.70590209960938,192.39224243164062,204.64808654785156,204.55421447753906],""confidence"":0.13199324905872345},{""bbox"":[202.0476531982422,224.44155883789062,210.73875427246094,233.71311950683594],""confidence"":0.10567136108875275},{""bbox"":[191.943115234375,170.5660400390625,200.73643493652344,179.26243591308594],""confidence"":0.04675697907805443},{""bbox"":[187.6708221435547,170.0135498046875,198.56192016601562,182.099853515625],""confidence"":0.03908316045999527},{""bbox"":[189.77378845214844,170.85972595214844,199.975341796875,182.09974670410156],""confidence"":0.03185291588306427},{""bbox"":[196.4657440185547,192.8140411376953,205.87278747558594,202.61642456054688],""confidence"":0.017956841737031937},{""bbox"":[199.7816619873047,226.0419921875,208.00718688964844,234.32237243652344],""confidence"":0.017303969711065292},{""bbox"":[188.69154357910156,167.92408752441406,198.32913208007812,180.5146026611328],""confidence"":0.0015811312478035688}]",11,0.001
002_20200623_082302(7),1,316,332,"[[146.0,132.0,157.0,141.0],[151.0,153.0,160.0,162.0],[157.0,186.00000000000003,166.99999999999997,196.0]]","[{""bbox"":[156.7646484375,185.63720703125,167.45108032226562,196.1773681640625],""confidence"":0.6720418930053711},{""bbox"":[150.7763214111328,153.97528076171875,160.9539337158203,164.49710083007812],""confidence"":0.5913333892822266},{""bbox"":[145.72132873535156,129.68507385253906,156.7523651123047,141.62596130371094],""confidence"":0.5772066116333008},{""bbox"":[149.5326690673828,152.4221649169922,161.53854370117188,165.43226623535156],""confidence"":0.32989054918289185},{""bbox"":[154.59527587890625,185.36891174316406,165.0458221435547,196.55812072753906],""confidence"":0.16011066734790802},{""bbox"":[155.6738739013672,185.00253295898438,168.1728515625,198.09999084472656],""confidence"":0.09338174760341644},{""bbox"":[152.39599609375,153.44500732421875,163.55238342285156,164.4077911376953],""confidence"":0.07888492196798325},{""bbox"":[144.5823211669922,130.99232482910156,157.2598419189453,144.4747314453125],""confidence"":0.03232237324118614},{""bbox"":[142.27142333984375,130.27606201171875,154.18443298339844,142.71669006347656],""confidence"":0.01897643320262432},{""bbox"":[314.18206787109375,0.0,316.0,5.931360244750977],""confidence"":0.018728220835328102},{""bbox"":[157.40638732910156,183.70046997070312,169.19952392578125,196.404296875],""confidence"":0.014286525547504425},{""bbox"":[313.7083740234375,0.18629170954227448,316.0,7.714706897735596],""confidence"":0.011518237181007862},{""bbox"":[153.27735900878906,183.94041442871094,163.80374145507812,195.89382934570312],""confidence"":0.003977164626121521},{""bbox"":[159.92498779296875,184.7371368408203,171.12965393066406,196.11488342285156],""confidence"":0.003849330125376582},{""bbox"":[141.9022216796875,129.10362243652344,152.30255126953125,140.5929412841797],""confidence"":0.003064584918320179},{""bbox"":[149.10398864746094,150.96078491210938,160.6777801513672,163.57345581054688],""confidence"":0.0025007782969623804},{""bbox"":[146.65402221679688,153.50169372558594,156.68150329589844,164.2459259033203],""confidence"":0.0017660722369328141},{""bbox"":[316.0,0.0,316.0,5.2614312171936035],""confidence"":0.0010301474248990417},{""bbox"":[147.3968963623047,155.83262634277344,160.4003143310547,168.95883178710938],""confidence"":0.0010156439384445548}]",19,0.001
002_20200623_082306(5),1,352,332,"[[195.99999999999997,161.0,205.0,171.0],[200.00000000000003,183.0,208.0,193.99999999999997],[204.0,216.99999999999997,212.0,225.0]]","[{""bbox"":[199.30844116210938,183.587646484375,208.16207885742188,193.00152587890625],""confidence"":0.6171866059303284},{""bbox"":[196.02679443359375,160.41845703125,204.44752502441406,168.9278106689453],""confidence"":0.5937116742134094},{""bbox"":[204.15443420410156,216.3304901123047,212.44216918945312,224.7711944580078],""confidence"":0.584477961063385},{""bbox"":[205.71304321289062,215.4021759033203,214.58642578125,224.6961212158203],""confidence"":0.0305029284209013},{""bbox"":[201.09471130371094,183.47320556640625,210.0218048095703,192.7965850830078],""confidence"":0.018766632303595543},{""bbox"":[197.6048583984375,182.47984313964844,209.29901123046875,195.4166259765625],""confidence"":0.018154118210077286},{""bbox"":[196.6488037109375,158.88575744628906,205.42019653320312,168.4553680419922],""confidence"":0.011680848896503448},{""bbox"":[194.7500457763672,158.90367126464844,203.1743621826172,168.42544555664062],""confidence"":0.0033047772012650967},{""bbox"":[198.24859619140625,181.167236328125,207.4434051513672,193.69920349121094],""confidence"":0.0019799410365521908},{""bbox"":[193.87261962890625,160.25588989257812,206.9900360107422,173.3953857421875],""confidence"":0.0013236802769824862}]",10,0.001
002_20200623_082307(2),1,316,332,"[[151.0,134.0,162.0,144.0],[152.0,157.0,164.0,169.0],[157.0,190.0,169.0,199.99999999999997]]","[{""bbox"":[150.95042419433594,134.2125701904297,161.03939819335938,144.68319702148438],""confidence"":0.6761574745178223},{""bbox"":[156.719970703125,190.65943908691406,166.99783325195312,200.80906677246094],""confidence"":0.627724826335907},{""bbox"":[153.17335510253906,158.2099151611328,163.97837829589844,168.66357421875],""confidence"":0.6100531220436096},{""bbox"":[155.99404907226562,189.42359924316406,167.90652465820312,202.2437286376953],""confidence"":0.10880819708108902},{""bbox"":[154.59149169921875,189.85472106933594,165.03802490234375,201.04171752929688],""confidence"":0.07896769791841507},{""bbox"":[150.8743438720703,158.07077026367188,162.25967407226562,168.94989013671875],""confidence"":0.023906493559479713},{""bbox"":[314.1465148925781,0.0,316.0,6.016929626464844],""confidence"":0.02092622220516205},{""bbox"":[313.6253662109375,0.13107122480869293,316.0,7.783308029174805],""confidence"":0.012462345883250237},{""bbox"":[146.90460205078125,134.29647827148438,157.54371643066406,145.07960510253906],""confidence"":0.0119473896920681},{""bbox"":[148.5404510498047,134.9291229248047,163.13687133789062,148.53988647460938],""confidence"":0.011307691223919392},{""bbox"":[155.73983764648438,157.4120635986328,166.25865173339844,168.47755432128906],""confidence"":0.002641454106196761},{""bbox"":[151.49986267089844,155.1935272216797,161.8732147216797,167.46591186523438],""confidence"":0.0015338303055614233},{""bbox"":[316.0,0.0,316.0,5.329161643981934],""confidence"":0.001200956292450428},{""bbox"":[316.0,1.0082950592041016,316.0,7.520932197570801],""confidence"":0.001084175775758922}]",14,0.001
002_20200623_082310(6),1,352,332,"[[203.0,179.0,212.0,190.0],[201.0,152.0,212.0,162.0],[205.0,130.0,211.99999999999997,139.0]]","[{""bbox"":[202.3648223876953,154.11642456054688,210.4461669921875,162.49827575683594],""confidence"":0.6311386227607727},{""bbox"":[203.3220672607422,130.01136779785156,211.43849182128906,138.47293090820312],""confidence"":0.6311153173446655},{""bbox"":[201.753662109375,180.4660186767578,209.8526611328125,188.6078643798828],""confidence"":0.48043128848075867},{""bbox"":[202.3026885986328,128.20823669433594,211.06954956054688,138.6927490234375],""confidence"":0.020125148817896843},{""bbox"":[200.80670166015625,153.3524169921875,210.98794555664062,164.3713836669922],""confidence"":0.019753921777009964},{""bbox"":[205.3105926513672,130.4362030029297,213.83680725097656,138.70608520507812],""confidence"":0.01838701404631138},{""bbox"":[200.98220825195312,180.2285614013672,210.8426971435547,190.67816162109375],""confidence"":0.004111127927899361},{""bbox"":[199.98834228515625,154.3074951171875,209.0286407470703,162.8504180908203],""confidence"":0.0014630291843786836}]",8,0.001
002_20200623_082311(8),1,316,332,"[[141.99999999999997,136.0,158.0,151.0],[145.0,160.99999999999997,156.0,174.0],[145.0,192.00000000000003,156.0,208.0]]","[{""bbox"":[146.8401641845703,193.56094360351562,156.5685577392578,204.2589569091797],""confidence"":0.7005739808082581},{""bbox"":[144.4287567138672,137.55313110351562,154.6021270751953,147.4510498046875],""confidence"":0.6797446608543396},{""bbox"":[144.46693420410156,160.8401641845703,155.49224853515625,171.83143615722656],""confidence"":0.5267913937568665},{""bbox"":[143.01612854003906,135.92332458496094,154.74058532714844,148.58116149902344],""confidence"":0.1412752866744995},{""bbox"":[147.86595153808594,194.22799682617188,158.5780792236328,204.75294494628906],""confidence"":0.11385170370340347},{""bbox"":[142.11138916015625,136.36643981933594,152.7266387939453,147.5309295654297],""confidence"":0.08810388296842575},{""bbox"":[314.1515808105469,0.0,316.0,6.004300117492676],""confidence"":0.020469367504119873},{""bbox"":[144.8753204345703,192.0746307373047,155.43756103515625,203.90196228027344],""confidence"":0.017908595502376556},{""bbox"":[144.04225158691406,159.1807098388672,153.8791961669922,171.05686950683594],""confidence"":0.013226369395852089},{""bbox"":[313.6358642578125,0.13750454783439636,316.0,7.775497913360596],""confidence"":0.012174676172435284},{""bbox"":[145.69546508789062,193.2316131591797,158.52171325683594,206.39903259277344],""confidence"":0.011432605795562267},{""bbox"":[145.28062438964844,160.33193969726562,157.38157653808594,173.51193237304688],""confidence"":0.009675784967839718},{""bbox"":[138.62542724609375,137.7487335205078,148.7864532470703,147.8653106689453],""confidence"":0.0074353828094899654},{""bbox"":[142.30654907226562,160.29766845703125,153.07675170898438,171.5048065185547],""confidence"":0.00547234620898962},{""bbox"":[316.0,0.0,316.0,5.318747520446777],""confidence"":0.0011666989885270596},{""bbox"":[316.0,1.0141668319702148,316.0,7.517933368682861],""confidence"":0.001051526633091271},{""bbox"":[142.64443969726562,193.18348693847656,153.74488830566406,204.40676879882812],""confidence"":0.0010186946019530296}]",17,0.001
002_20200623_082314(4),1,352,332,"[[202.0,151.0,210.0,157.0],[205.0,172.99999999999997,210.0,181.0],[205.0,198.00000000000003,213.0,207.0]]","[{""bbox"":[202.8681182861328,150.10687255859375,211.08944702148438,158.65261840820312],""confidence"":0.6864521503448486},{""bbox"":[203.214111328125,172.99264526367188,211.22952270507812,181.6578369140625],""confidence"":0.6236634254455566},{""bbox"":[205.24266052246094,199.44842529296875,213.80767822265625,208.24493408203125],""confidence"":0.5289210081100464},{""bbox"":[200.74461364746094,148.96392822265625,211.0188446044922,160.02603149414062],""confidence"":0.07925937324762344},{""bbox"":[206.75706481933594,198.127197265625,215.5458526611328,207.84478759765625],""confidence"":0.03580543398857117},{""bbox"":[200.0423583984375,150.455322265625,209.1316680908203,159.11016845703125],""confidence"":0.002338989404961467},{""bbox"":[203.92059326171875,198.37767028808594,212.12269592285156,207.067138671875],""confidence"":0.002280428074300289},{""bbox"":[205.4033203125,172.1646728515625,213.94752502441406,181.3168182373047],""confidence"":0.002177801448851824}]",8,0.001
002_20200623_082318(5),1,352,332,"[[206.99999999999997,184.0,216.0,192.99999999999997],[212.0,207.0,218.00000000000003,214.0],[217.0,232.99999999999997,223.0,239.0]]","[{""bbox"":[209.85916137695312,207.0411376953125,218.7440948486328,216.1799774169922],""confidence"":0.6199403405189514},{""bbox"":[206.15431213378906,184.30532836914062,214.92642211914062,193.22731018066406],""confidence"":0.5884734392166138},{""bbox"":[210.8285369873047,206.0948028564453,219.5936279296875,215.45265197753906],""confidence"":0.35858991742134094},{""bbox"":[215.9935760498047,233.0086669921875,224.29527282714844,241.314453125],""confidence"":0.23267772793769836},{""bbox"":[209.43177795410156,206.0917510986328,219.95274353027344,217.47116088867188],""confidence"":0.14064142107963562},{""bbox"":[205.26870727539062,183.64669799804688,215.9166259765625,195.25758361816406],""confidence"":0.05323624610900879},{""bbox"":[204.1688995361328,184.7960968017578,213.43128967285156,193.7366485595703],""confidence"":0.016492970287799835},{""bbox"":[208.5747833251953,206.98013305664062,217.0992431640625,215.55630493164062],""confidence"":0.00872520636767149},{""bbox"":[215.290771484375,233.61270141601562,224.66439819335938,243.5144500732422],""confidence"":0.008278300985693932},{""bbox"":[205.90135192871094,180.85862731933594,217.06027221679688,193.74542236328125],""confidence"":0.0023307176306843758}]",10,0.001
002_20200624_083045(5),1,352,332,"[[203.0,136.0,212.0,146.0],[204.0,169.99999999999997,212.0,178.0],[202.0,112.00000000000001,210.0,120.0]]","[{""bbox"":[202.6610565185547,135.46600341796875,211.4130859375,144.68344116210938],""confidence"":0.6556861996650696},{""bbox"":[201.4741973876953,112.00596618652344,209.82550048828125,120.684814453125],""confidence"":0.647709846496582},{""bbox"":[204.03445434570312,168.86827087402344,211.944580078125,177.13800048828125],""confidence"":0.6340834498405457},{""bbox"":[205.73617553710938,169.12144470214844,214.00033569335938,177.3876190185547],""confidence"":0.05637849122285843},{""bbox"":[200.7796173095703,134.52670288085938,212.0746612548828,146.8497314453125],""confidence"":0.016340887174010277},{""bbox"":[199.91455078125,112.35877227783203,209.3300018310547,121.5722427368164],""confidence"":0.009317114017903805},{""bbox"":[200.00357055664062,135.7020263671875,209.5370635986328,144.89767456054688],""confidence"":0.0028224210254848003},{""bbox"":[199.35768127441406,111.93827819824219,212.0707550048828,124.95329284667969],""confidence"":0.0028053149580955505},{""bbox"":[201.7937469482422,132.8193817138672,210.6466827392578,144.9183349609375],""confidence"":0.001747015630826354}]",9,0.001
002_20200624_083049(6),1,352,332,"[[192.0,113.0,199.99999999999997,122.0],[195.0,137.0,206.0,147.0],[200.00000000000003,169.0,210.0,177.00000000000003]]","[{""bbox"":[192.35610961914062,113.94782257080078,200.87265014648438,122.54681396484375],""confidence"":0.7030266523361206},{""bbox"":[200.1409912109375,168.9780731201172,208.33412170410156,177.29776000976562],""confidence"":0.6754205822944641},{""bbox"":[195.63433837890625,136.63427734375,204.36538696289062,145.5875244140625],""confidence"":0.6173564791679382},{""bbox"":[196.93032836914062,135.8677215576172,205.70468139648438,145.1707305908203],""confidence"":0.15503312647342682},{""bbox"":[194.5819549560547,135.13368225097656,205.27365112304688,147.0159149169922],""confidence"":0.08570659160614014},{""bbox"":[191.54884338378906,113.8121566772461,201.67843627929688,124.82161712646484],""confidence"":0.040197283029556274},{""bbox"":[200.51962280273438,167.63241577148438,209.9805908203125,178.12933349609375],""confidence"":0.028273407369852066},{""bbox"":[191.6356964111328,110.74638366699219,200.89089965820312,122.57905578613281],""confidence"":0.0020941533148288727}]",8,0.001
002_20200624_083053(3),1,352,332,"[[189.00000000000003,138.0,197.0,147.0],[193.0,162.0,199.99999999999997,171.0],[196.99999999999997,195.0,206.0,203.00000000000003]]","[{""bbox"":[196.52801513671875,194.58798217773438,204.96218872070312,203.16441345214844],""confidence"":0.6574295163154602},{""bbox"":[190.30967712402344,138.20948791503906,198.34764099121094,146.77662658691406],""confidence"":0.6467347741127014},{""bbox"":[192.39852905273438,162.1782684326172,201.00563049316406,170.81179809570312],""confidence"":0.5073577761650085},{""bbox"":[193.73526000976562,161.521240234375,201.95309448242188,170.17340087890625],""confidence"":0.28315842151641846},{""bbox"":[195.1090087890625,193.86920166015625,203.7733917236328,203.1632080078125],""confidence"":0.027222467586398125},{""bbox"":[192.21897888183594,138.1894989013672,200.5897216796875,146.5179901123047],""confidence"":0.024519870057702065},{""bbox"":[191.39688110351562,161.28273010253906,202.27220153808594,173.2206573486328],""confidence"":0.0073303282260894775},{""bbox"":[190.89093017578125,161.73870849609375,199.3617401123047,170.15414428710938],""confidence"":0.002594551770016551},{""bbox"":[187.18370056152344,137.94664001464844,200.63929748535156,151.42254638671875],""confidence"":0.0020740407053381205},{""bbox"":[191.56101989746094,159.16014099121094,199.82901000976562,170.3079833984375],""confidence"":0.0011614083778113127}]",10,0.001
002_20200624_083057(4),1,352,332,"[[206.0,113.0,214.0,121.0],[209.0,135.0,215.99999999999997,143.0],[211.00000000000003,159.0,221.0,170.0]]","[{""bbox"":[208.28857421875,135.02093505859375,216.4781494140625,143.49041748046875],""confidence"":0.6367074847221375},{""bbox"":[204.53871154785156,111.9425277709961,213.15911865234375,120.75924682617188],""confidence"":0.5942746996879578},{""bbox"":[212.8961639404297,159.69935607910156,221.37705993652344,168.45726013183594],""confidence"":0.43114015460014343},{""bbox"":[206.13116455078125,111.63806915283203,214.66700744628906,120.4157943725586],""confidence"":0.24720712006092072},{""bbox"":[210.3974609375,134.44476318359375,218.72091674804688,142.96871948242188],""confidence"":0.01779504492878914},{""bbox"":[212.15728759765625,158.91720581054688,220.19384765625,167.6521453857422],""confidence"":0.014228691346943378},{""bbox"":[207.0380401611328,134.95828247070312,217.62249755859375,146.91688537597656],""confidence"":0.008595747873187065},{""bbox"":[202.80995178222656,110.50377655029297,211.21876525878906,120.08393096923828],""confidence"":0.004460479132831097},{""bbox"":[207.63487243652344,132.7482452392578,216.42869567871094,144.60372924804688],""confidence"":0.002313945908099413},{""bbox"":[201.82943725585938,111.90388488769531,214.57431030273438,124.91522979736328],""confidence"":0.0012105561327189207},{""bbox"":[216.45635986328125,158.4559326171875,224.87454223632812,167.37335205078125],""confidence"":0.0010674125514924526}]",11,0.001
002_20200624_083101(4),1,352,332,"[[205.0,143.99999999999997,214.00000000000003,154.0],[206.0,167.0,217.0,175.99999999999997],[210.0,194.00000000000003,217.99999999999997,202.99999999999997]]","[{""bbox"":[205.10169982910156,145.2887420654297,213.4501190185547,153.4054718017578],""confidence"":0.6058484315872192},{""bbox"":[209.47879028320312,193.89846801757812,218.01113891601562,202.48959350585938],""confidence"":0.5760878920555115},{""bbox"":[207.8827667236328,168.4340057373047,215.9773712158203,176.99546813964844],""confidence"":0.5729150772094727},{""bbox"":[210.5904541015625,192.7159881591797,219.2152862548828,201.88458251953125],""confidence"":0.17980310320854187},{""bbox"":[204.09722900390625,144.71737670898438,214.0860595703125,155.51596069335938],""confidence"":0.028193432837724686},{""bbox"":[208.60537719726562,193.31381225585938,217.0643768310547,201.70352172851562],""confidence"":0.007939470000565052},{""bbox"":[210.11114501953125,167.48342895507812,218.56350708007812,176.2737579345703],""confidence"":0.005474337376654148}]",7,0.001
002_20200624_083105(5),1,352,332,"[[210.0,132.0,219.0,141.0],[213.0,154.0,222.00000000000003,164.0],[217.00000000000003,180.0,224.0,188.00000000000003]]","[{""bbox"":[209.13619995117188,131.2949981689453,217.75949096679688,139.76524353027344],""confidence"":0.6995854377746582},{""bbox"":[212.73155212402344,154.1668701171875,221.38099670410156,163.17172241210938],""confidence"":0.6980698108673096},{""bbox"":[216.954345703125,178.9898223876953,225.5946502685547,188.08157348632812],""confidence"":0.5623717904090881},{""bbox"":[214.25091552734375,153.3077392578125,222.92604064941406,162.3426513671875],""confidence"":0.15118364989757538},{""bbox"":[212.18690490722656,153.45208740234375,222.50149536132812,164.63409423828125],""confidence"":0.10215429961681366},{""bbox"":[207.44374084472656,130.19842529296875,218.67343139648438,142.44085693359375],""confidence"":0.02849441207945347},{""bbox"":[216.11854553222656,179.7413787841797,226.2379608154297,190.7503662109375],""confidence"":0.011096878908574581},{""bbox"":[207.89248657226562,128.32322692871094,217.81228637695312,140.85726928710938],""confidence"":0.0037871897220611572},{""bbox"":[219.4384765625,178.42062377929688,228.1240692138672,187.39720153808594],""confidence"":0.003185081761330366},{""bbox"":[209.3456268310547,128.20037841796875,219.4715576171875,140.35458374023438],""confidence"":0.0025760259013623}]",10,0.001
002_20200624_123144(0),1,316,332,"[[161.00000000000003,132.0,173.0,144.0],[165.0,154.0,178.0,165.0],[168.00000000000003,180.00000000000003,180.0,190.0]]","[{""bbox"":[164.47259521484375,154.63449096679688,174.2213897705078,164.5159149169922],""confidence"":0.772240400314331},{""bbox"":[168.0670928955078,179.80421447753906,177.8714141845703,190.0016632080078],""confidence"":0.7230725288391113},{""bbox"":[162.1160888671875,131.133056640625,172.62892150878906,141.9998321533203],""confidence"":0.6543845534324646},{""bbox"":[163.41851806640625,152.28369140625,175.310791015625,165.43536376953125],""confidence"":0.45449623465538025},{""bbox"":[160.263427734375,131.08921813964844,172.9955596923828,144.28965759277344],""confidence"":0.04553891345858574},{""bbox"":[314.157470703125,0.0,316.0,5.9890666007995605],""confidence"":0.020223941653966904},{""bbox"":[168.31845092773438,178.05584716796875,180.07138061523438,190.47747802734375],""confidence"":0.020071320235729218},{""bbox"":[313.64990234375,0.1487702876329422,316.0,7.761866092681885],""confidence"":0.012129970826208591},{""bbox"":[159.17266845703125,130.75929260253906,170.78875732421875,142.60435485839844],""confidence"":0.00931281503289938},{""bbox"":[161.37030029296875,155.58042907714844,175.77963256835938,169.1267547607422],""confidence"":0.0038491899613291025},{""bbox"":[165.41720581054688,180.58895874023438,179.0957489013672,193.84793090820312],""confidence"":0.0034252081532031298},{""bbox"":[316.0,0.0,316.0,5.306743621826172],""confidence"":0.0011446390999481082},{""bbox"":[316.0,1.0218505859375,316.0,7.511557579040527],""confidence"":0.0010392313124611974}]",13,0.001
002_20200624_123148(2),1,316,332,"[[156.0,138.0,166.99999999999997,148.00000000000003],[157.99999999999997,160.0,166.99999999999997,172.0],[162.00000000000003,184.0,173.0,196.0]]","[{""bbox"":[155.6801300048828,137.56394958496094,165.67271423339844,147.8004608154297],""confidence"":0.7127147316932678},{""bbox"":[161.99057006835938,185.86309814453125,173.00558471679688,196.71493530273438],""confidence"":0.6824929118156433},{""bbox"":[157.67684936523438,160.20553588867188,168.87718200683594,171.35316467285156],""confidence"":0.6038930416107178},{""bbox"":[154.38815307617188,135.9204864501953,166.1750030517578,148.9388427734375],""confidence"":0.24109840393066406},{""bbox"":[160.4059295654297,185.10748291015625,172.65357971191406,198.32028198242188],""confidence"":0.06659325212240219},{""bbox"":[161.38111877441406,184.0909423828125,171.55120849609375,195.9643096923828],""confidence"":0.022055109962821007},{""bbox"":[314.1394348144531,0.0,316.0,6.030058860778809],""confidence"":0.021178465336561203},{""bbox"":[313.6097106933594,0.12247549742460251,316.0,7.795543670654297],""confidence"":0.012537680566310883},{""bbox"":[159.59149169921875,185.92987060546875,170.94415283203125,197.10711669921875],""confidence"":0.005721274763345718},{""bbox"":[160.3907928466797,160.009521484375,170.63560485839844,170.51316833496094],""confidence"":0.005473083816468716},{""bbox"":[150.21463012695312,137.78184509277344,161.72503662109375,148.74420166015625],""confidence"":0.0034736390225589275},{""bbox"":[155.1399383544922,159.8031768798828,166.8995819091797,172.02772521972656],""confidence"":0.0020274787675589323},{""bbox"":[164.35646057128906,184.98643493652344,175.37857055664062,196.4327392578125],""confidence"":0.0019354847026988864},{""bbox"":[152.7633819580078,134.27294921875,165.69461059570312,147.09979248046875],""confidence"":0.001222912804223597},{""bbox"":[316.0,0.0,316.0,5.338968276977539],""confidence"":0.0012200140627101064},{""bbox"":[316.0,1.002303957939148,316.0,7.526031017303467],""confidence"":0.0010949657298624516}]",16,0.001
002_20200624_123152(7),1,316,332,"[[157.0,111.99999999999999,166.99999999999997,122.0],[157.0,136.0,169.0,144.0],[157.0,161.0,170.0,171.0]]","[{""bbox"":[157.4254913330078,134.23089599609375,167.78884887695312,144.4717254638672],""confidence"":0.6628546714782715},{""bbox"":[158.303955078125,159.40379333496094,168.5150146484375,170.0117645263672],""confidence"":0.6097064018249512},{""bbox"":[156.4012908935547,109.09256744384766,167.51364135742188,120.62686920166016],""confidence"":0.5627501010894775},{""bbox"":[156.16978454589844,132.4980010986328,168.1836700439453,145.3515167236328],""confidence"":0.23624925315380096},{""bbox"":[314.17401123046875,0.0,316.0,5.951958179473877],""confidence"":0.01917283609509468},{""bbox"":[313.6893005371094,0.17112116515636444,316.0,7.732545852661133],""confidence"":0.011699965223670006},{""bbox"":[155.1798553466797,110.2505111694336,168.16285705566406,123.44529724121094],""confidence"":0.009517647325992584},{""bbox"":[152.70169067382812,107.69475555419922,164.26280212402344,119.73246765136719],""confidence"":0.009261767379939556},{""bbox"":[155.49752807617188,134.39373779296875,166.28103637695312,144.9057159423828],""confidence"":0.006542703602463007},{""bbox"":[160.32009887695312,159.62796020507812,171.0553436279297,170.6769256591797],""confidence"":0.004937640856951475},{""bbox"":[154.28311157226562,134.9096221923828,168.46786499023438,148.39259338378906],""confidence"":0.003168285358697176},{""bbox"":[156.313720703125,159.97279357910156,169.2600555419922,173.1341094970703],""confidence"":0.0012591994600370526},{""bbox"":[150.3689727783203,108.96417999267578,161.8980255126953,120.4925308227539],""confidence"":0.0011821126099675894},{""bbox"":[316.0,0.0,316.0,5.278048515319824],""confidence"":0.001065990887582302}]",14,0.001
002_20200624_123157(4),1,316,332,"[[155.00000000000003,93.0,167.0,103.00000000000001],[152.0,116.0,163.0,127.0],[146.0,148.0,160.0,159.0]]","[{""bbox"":[148.1472625732422,148.45562744140625,158.8397674560547,159.78219604492188],""confidence"":0.5219161510467529},{""bbox"":[156.04000854492188,92.74691772460938,165.53807067871094,102.44740295410156],""confidence"":0.5125696063041687},{""bbox"":[151.95025634765625,115.97708892822266,162.171875,126.56356048583984],""confidence"":0.4706023931503296},{""bbox"":[148.6929931640625,149.88235473632812,159.9771270751953,161.0861358642578],""confidence"":0.36821967363357544},{""bbox"":[153.4312744140625,90.95366668701172,164.35813903808594,102.36322021484375],""confidence"":0.0768638402223587},{""bbox"":[151.19276428222656,114.84199523925781,163.12794494628906,127.93438720703125],""confidence"":0.04142165929079056},{""bbox"":[145.8002166748047,147.87689208984375,156.80072021484375,159.1468505859375],""confidence"":0.02821005880832672},{""bbox"":[149.8843536376953,114.73072052001953,161.3407745361328,126.2578353881836],""confidence"":0.026760203763842583},{""bbox"":[314.17254638671875,0.0,316.0,5.956638336181641],""confidence"":0.01925247348845005},{""bbox"":[313.686279296875,0.16830028593540192,316.0,7.736562728881836],""confidence"":0.011750075034797192},{""bbox"":[149.9659881591797,148.8344268798828,162.4110565185547,162.08731079101562],""confidence"":0.010140219703316689},{""bbox"":[162.87680053710938,155.5746307373047,173.95089721679688,167.08543395996094],""confidence"":0.008738277480006218},{""bbox"":[166.03358459472656,156.64068603515625,177.02020263671875,168.21029663085938],""confidence"":0.0036989422515034676},{""bbox"":[142.0629425048828,147.87591552734375,152.74594116210938,158.66848754882812],""confidence"":0.0032319051679223776},{""bbox"":[150.9689483642578,92.29182434082031,161.48655700683594,102.62870025634766],""confidence"":0.0024323216639459133},{""bbox"":[150.90574645996094,90.29570770263672,160.96470642089844,101.32091522216797],""confidence"":0.0015460919821634889},{""bbox"":[145.8856658935547,114.28965759277344,157.41136169433594,125.73176574707031],""confidence"":0.0014833693858236074},{""bbox"":[242.84716796875,190.23886108398438,252.78256225585938,200.1624755859375],""confidence"":0.0014572524232789874},{""bbox"":[144.02685546875,146.06680297851562,155.30137634277344,158.22091674804688],""confidence"":0.001416979474015534},{""bbox"":[170.98411560058594,158.7444305419922,181.88937377929688,169.7416229248047],""confidence"":0.001154783763922751},{""bbox"":[316.0,0.0,316.0,5.281712532043457],""confidence"":0.0010731049114838243}]",21,0.001
002_20200624_123201(7),1,316,332,"[[154.0,129.0,165.0,136.0],[157.0,150.0,166.99999999999997,162.0],[160.0,182.00000000000003,172.0,194.00000000000003]]","[{""bbox"":[155.0761260986328,128.10494995117188,164.93295288085938,138.4570770263672],""confidence"":0.6720319986343384},{""bbox"":[160.1580810546875,184.249755859375,169.71746826171875,194.10232543945312],""confidence"":0.6600585579872131},{""bbox"":[156.34669494628906,151.6350860595703,167.0057373046875,162.4788055419922],""confidence"":0.6348188519477844},{""bbox"":[160.80990600585938,183.72764587402344,171.7788848876953,194.7342987060547],""confidence"":0.15120279788970947},{""bbox"":[158.53451538085938,183.17172241210938,168.54603576660156,194.04286193847656],""confidence"":0.11274496465921402},{""bbox"":[153.78927612304688,127.20527648925781,165.44866943359375,140.0689697265625],""confidence"":0.10446988046169281},{""bbox"":[155.07557678222656,151.8121795654297,167.4029083251953,164.87521362304688],""confidence"":0.025424035266041756},{""bbox"":[314.1390686035156,0.0,316.0,6.031040668487549],""confidence"":0.021229490637779236},{""bbox"":[153.52862548828125,125.94505310058594,164.25570678710938,138.32435607910156],""confidence"":0.014199507422745228},{""bbox"":[313.6090087890625,0.1221282035112381,316.0,7.795969486236572],""confidence"":0.012583242729306221},{""bbox"":[154.21832275390625,150.5618133544922,164.1885528564453,161.94024658203125],""confidence"":0.004116842057555914},{""bbox"":[151.2294921875,128.35269165039062,162.1780242919922,139.24195861816406],""confidence"":0.0020630646031349897},{""bbox"":[316.0,0.0,316.0,5.33988618850708],""confidence"":0.00122346100397408},{""bbox"":[316.0,1.001998782157898,316.0,7.52618932723999],""confidence"":0.00109929742757231}]",14,0.001
002_20200624_123206(2),1,316,332,"[[153.0,118.0,164.0,127.0],[156.0,143.0,166.99999999999997,155.0],[159.0,174.00000000000003,167.99999999999997,184.0]]","[{""bbox"":[159.6327362060547,175.42498779296875,169.1662139892578,185.2196807861328],""confidence"":0.6740152835845947},{""bbox"":[153.8075408935547,118.30805969238281,164.18292236328125,129.12965393066406],""confidence"":0.5730989575386047},{""bbox"":[155.7130889892578,142.64376831054688,165.92486572265625,153.30783081054688],""confidence"":0.5594689249992371},{""bbox"":[159.50401306152344,174.51292419433594,170.71400451660156,186.57298278808594],""confidence"":0.1072760745882988},{""bbox"":[156.65806579589844,141.2964630126953,168.37449645996094,153.76271057128906],""confidence"":0.09710615873336792},{""bbox"":[153.98263549804688,141.31649780273438,164.427978515625,152.3943634033203],""confidence"":0.07068478316068649},{""bbox"":[155.4741973876953,118.58837890625,166.28765869140625,129.5641632080078],""confidence"":0.025700768455863},{""bbox"":[314.162841796875,0.0,316.0,5.976065158843994],""confidence"":0.019758963957428932},{""bbox"":[150.72930908203125,117.77557373046875,162.32415771484375,129.87789916992188],""confidence"":0.0193033330142498},{""bbox"":[152.80581665039062,118.55115509033203,165.63272094726562,131.9731903076172],""confidence"":0.018102077767252922},{""bbox"":[313.66473388671875,0.15659870207309723,316.0,7.751096725463867],""confidence"":0.011953210458159447},{""bbox"":[149.88027954101562,116.57505798339844,160.6110382080078,128.26687622070312],""confidence"":0.0022638903465121984},{""bbox"":[154.141357421875,143.35086059570312,167.3806915283203,156.61488342285156],""confidence"":0.0013362709432840347},{""bbox"":[316.0,0.0,316.0,5.296441078186035],""confidence"":0.0011103441938757896},{""bbox"":[316.0,1.030251383781433,316.0,7.507287979125977],""confidence"":0.0010189124150201678}]",15,0.001
002_20200624_162522(0),1,352,332,"[[200.00000000000003,169.0,208.0,177.99999999999997],[203.99999999999997,193.0,210.0,201.00000000000003],[207.99999999999997,224.00000000000003,217.0,232.99999999999997]]","[{""bbox"":[199.70237731933594,169.10009765625,207.9207763671875,177.57876586914062],""confidence"":0.6916307806968689},{""bbox"":[202.64845275878906,192.40090942382812,211.25405883789062,201.72720336914062],""confidence"":0.6660671830177307},{""bbox"":[208.04844665527344,225.11082458496094,216.05178833007812,233.41493225097656],""confidence"":0.5496346950531006},{""bbox"":[206.9507293701172,224.59930419921875,216.54733276367188,234.78860473632812],""confidence"":0.057418905198574066},{""bbox"":[201.50445556640625,191.78897094726562,212.70050048828125,204.09347534179688],""confidence"":0.03051600232720375},{""bbox"":[200.5585174560547,167.66693115234375,209.67991638183594,177.58775329589844],""confidence"":0.009911895729601383},{""bbox"":[209.8131561279297,224.22567749023438,218.6106719970703,233.07374572753906],""confidence"":0.004824050236493349},{""bbox"":[205.151611328125,192.23379516601562,214.05125427246094,201.30433654785156],""confidence"":0.004374990239739418},{""bbox"":[196.17881774902344,168.67608642578125,210.119384765625,182.19390869140625],""confidence"":0.0019890563562512398},{""bbox"":[201.61505126953125,189.99240112304688,211.08828735351562,202.67141723632812],""confidence"":0.0017088595777750015}]",10,0.001
002_20200624_162527(8),1,352,332,"[[192.0,144.0,199.99999999999997,155.0],[196.00000000000003,169.0,206.0,176.0],[205.0,199.0,211.99999999999997,207.99999999999997]]","[{""bbox"":[190.88417053222656,146.0260467529297,199.15565490722656,154.52069091796875],""confidence"":0.68711256980896},{""bbox"":[196.08192443847656,168.21432495117188,204.9013214111328,177.17457580566406],""confidence"":0.6118721961975098},{""bbox"":[204.26507568359375,199.48306274414062,212.77249145507812,208.14871215820312],""confidence"":0.5847533941268921},{""bbox"":[197.06544494628906,166.96641540527344,206.31292724609375,176.72219848632812],""confidence"":0.14393097162246704},{""bbox"":[191.92547607421875,145.79481506347656,200.50311279296875,154.0498504638672],""confidence"":0.13476517796516418},{""bbox"":[205.67691040039062,199.13101196289062,214.3013458251953,207.7492218017578],""confidence"":0.09374571591615677}]",6,0.001
002_20200624_162531(7),1,352,332,"[[193.0,154.0,203.0,164.0],[198.0,180.0,207.99999999999997,188.00000000000003],[205.0,211.99999999999997,211.99999999999997,219.0]]","[{""bbox"":[194.189453125,155.2659149169922,202.03533935546875,163.79290771484375],""confidence"":0.639529824256897},{""bbox"":[198.04412841796875,178.74293518066406,207.382080078125,188.0133819580078],""confidence"":0.5911440849304199},{""bbox"":[204.0576629638672,210.94503784179688,212.49826049804688,219.40948486328125],""confidence"":0.5307663083076477},{""bbox"":[202.58177185058594,209.91839599609375,213.1203155517578,221.54446411132812],""confidence"":0.017652466893196106},{""bbox"":[205.9879913330078,210.06141662597656,214.7185821533203,218.92567443847656],""confidence"":0.010568957775831223},{""bbox"":[196.3070068359375,178.1699981689453,207.96609497070312,190.89344787597656],""confidence"":0.009580275043845177},{""bbox"":[196.43846130371094,154.18202209472656,205.17849731445312,163.04385375976562],""confidence"":0.007657181471586227},{""bbox"":[197.34132385253906,176.69754028320312,206.49960327148438,188.31930541992188],""confidence"":0.005421376321464777},{""bbox"":[201.64117431640625,177.7686309814453,210.39752197265625,186.76856994628906],""confidence"":0.0021163015626370907},{""bbox"":[195.479248046875,179.1745147705078,205.530517578125,188.93373107910156],""confidence"":0.0017816359177231789}]",10,0.001
002_20200624_162536(8),1,352,332,"[[208.0,144.0,216.0,153.0],[211.00000000000003,165.99999999999997,219.0,174.99999999999997],[216.0,193.0,222.00000000000003,201.00000000000003]]","[{""bbox"":[208.1814422607422,145.23367309570312,216.58828735351562,153.7718048095703],""confidence"":0.6960387825965881},{""bbox"":[209.43026733398438,168.20388793945312,217.84657287597656,176.7795867919922],""confidence"":0.6878601908683777},{""bbox"":[213.3355255126953,193.31466674804688,221.96055603027344,202.00160217285156],""confidence"":0.5950426459312439},{""bbox"":[214.60971069335938,192.25965881347656,223.1620635986328,201.13294982910156],""confidence"":0.10473695397377014},{""bbox"":[209.11422729492188,144.45777893066406,218.37911987304688,153.78233337402344],""confidence"":0.08519569039344788},{""bbox"":[206.2560272216797,144.01541137695312,216.93373107910156,155.6215362548828],""confidence"":0.07144143432378769},{""bbox"":[212.12127685546875,192.41053771972656,222.5107879638672,204.01498413085938],""confidence"":0.01917237974703312},{""bbox"":[208.47471618652344,143.9481658935547,218.97003173828125,155.79061889648438],""confidence"":0.0010913070291280746}]",8,0.001
002_20200624_162540(3),1,352,332,"[[199.99999999999997,168.0,212.0,178.99999999999997],[203.0,190.0,214.0,198.99999999999997],[207.00000000000003,217.0,217.0,225.99999999999997]]","[{""bbox"":[204.43577575683594,190.40560913085938,213.08163452148438,199.2885284423828],""confidence"":0.6660402417182922},{""bbox"":[203.53762817382812,167.82513427734375,211.82630920410156,176.32028198242188],""confidence"":0.6313639283180237},{""bbox"":[207.62989807128906,216.07974243164062,215.88064575195312,224.77171325683594],""confidence"":0.4505203664302826},{""bbox"":[201.373291015625,166.9246368408203,211.49974060058594,177.6483612060547],""confidence"":0.09285938739776611},{""bbox"":[205.67355346679688,189.4795379638672,214.4299774169922,198.998291015625],""confidence"":0.08099234104156494},{""bbox"":[206.3753662109375,215.53475952148438,216.11766052246094,226.14622497558594],""confidence"":0.018774941563606262},{""bbox"":[204.87570190429688,166.8521270751953,214.1147003173828,176.08604431152344],""confidence"":0.004378948826342821}]",7,0.001
002_20200624_162543(7),1,352,332,"[[204.0,180.00000000000003,215.0,190.0],[208.0,199.0,219.0,211.0],[214.99999999999997,226.0,224.0,236.0]]","[{""bbox"":[204.21664428710938,179.11422729492188,213.10171508789062,188.0865020751953],""confidence"":0.6773425340652466},{""bbox"":[208.7386932373047,201.56201171875,217.94113159179688,211.1942596435547],""confidence"":0.586885392665863},{""bbox"":[205.2991485595703,178.1741943359375,214.5109100341797,187.60549926757812],""confidence"":0.25027987360954285},{""bbox"":[210.45352172851562,200.58120727539062,219.30474853515625,209.78611755371094],""confidence"":0.10602989047765732},{""bbox"":[214.58090209960938,226.78257751464844,222.72906494140625,234.9329071044922],""confidence"":0.07647395879030228},{""bbox"":[207.23464965820312,200.29991149902344,218.62380981445312,213.1217803955078],""confidence"":0.03822891041636467},{""bbox"":[201.51321411132812,178.28668212890625,213.19578552246094,190.93426513671875],""confidence"":0.021602338179945946},{""bbox"":[203.671142578125,176.49766540527344,214.16049194335938,189.02232360839844],""confidence"":0.006058776751160622},{""bbox"":[205.8684844970703,176.2281951904297,216.1225128173828,187.6354217529297],""confidence"":0.0045456429943442345},{""bbox"":[216.36038208007812,226.14256286621094,224.70860290527344,234.6968994140625],""confidence"":0.00414890656247735}]",10,0.001
002_20200624_162708(9),1,316,332,"[[162.00000000000003,148.0,172.0,159.0],[164.0,171.00000000000003,173.99999999999997,180.0],[167.0,197.00000000000003,178.0,208.0]]","[{""bbox"":[164.23599243164062,171.4497833251953,173.9757843017578,181.4986572265625],""confidence"":0.6746535897254944},{""bbox"":[167.2937469482422,196.42147827148438,177.2145233154297,206.73233032226562],""confidence"":0.6265326738357544},{""bbox"":[161.8814697265625,147.8068084716797,172.80081176757812,158.58251953125],""confidence"":0.6184483170509338},{""bbox"":[163.06338500976562,169.10504150390625,175.08966064453125,182.6197509765625],""confidence"":0.399045467376709},{""bbox"":[159.97384643554688,146.15037536621094,171.7179412841797,158.6375732421875],""confidence"":0.04774944484233856},{""bbox"":[160.25230407714844,147.63629150390625,173.15975952148438,160.8681182861328],""confidence"":0.03430618718266487},{""bbox"":[168.29324340820312,195.13108825683594,179.09365844726562,206.6986083984375],""confidence"":0.022235870361328125},{""bbox"":[314.15032958984375,0.0,316.0,6.007326126098633],""confidence"":0.02052328735589981},{""bbox"":[313.63275146484375,0.1356978416442871,316.0,7.77843713760376],""confidence"":0.012186300940811634},{""bbox"":[165.34149169921875,197.50399780273438,177.578857421875,210.4112548828125],""confidence"":0.004469406791031361},{""bbox"":[161.4161376953125,172.2829132080078,175.3826904296875,185.91358947753906],""confidence"":0.004325209651142359},{""bbox"":[158.6331024169922,148.00270080566406,170.35952758789062,161.11480712890625],""confidence"":0.001717756618745625},{""bbox"":[316.0,0.0,316.0,5.320916652679443],""confidence"":0.0011712678242474794},{""bbox"":[316.0,1.0127760171890259,316.0,7.519007682800293],""confidence"":0.00105392059776932}]",14,0.001
002_20200624_162713(4),1,316,332,"[[164.0,138.0,177.0,148.00000000000003],[165.0,161.0,177.0,169.99999999999997],[167.0,186.00000000000003,177.0,196.0]]","[{""bbox"":[164.80252075195312,137.69273376464844,174.99305725097656,147.77491760253906],""confidence"":0.6981063485145569},{""bbox"":[167.58331298828125,186.5811767578125,177.70950317382812,197.21701049804688],""confidence"":0.6838600039482117},{""bbox"":[165.07994079589844,160.87887573242188,176.11502075195312,171.83680725097656],""confidence"":0.6181741952896118},{""bbox"":[163.9359893798828,135.831787109375,176.107177734375,148.7461700439453],""confidence"":0.19475002586841583},{""bbox"":[162.88365173339844,136.56954956054688,173.39857482910156,147.705078125],""confidence"":0.05692801997065544},{""bbox"":[314.1527404785156,0.0,316.0,6.001891136169434],""confidence"":0.020429642871022224},{""bbox"":[163.39646911621094,160.41604614257812,173.68508911132812,171.30270385742188],""confidence"":0.013730143196880817},{""bbox"":[313.6381530761719,0.13928207755088806,316.0,7.773473262786865],""confidence"":0.012162760831415653},{""bbox"":[164.5506134033203,160.07461547851562,177.47987365722656,173.53672790527344],""confidence"":0.01127205602824688},{""bbox"":[166.4645233154297,184.20558166503906,176.1128692626953,195.89898681640625],""confidence"":0.004244591109454632},{""bbox"":[162.6398468017578,134.3982696533203,174.7878875732422,147.0697784423828],""confidence"":0.0015502749010920525},{""bbox"":[316.0,0.0,316.0,5.316676139831543],""confidence"":0.0011633902322500944},{""bbox"":[316.0,1.0151937007904053,316.0,7.516668319702148],""confidence"":0.0010493032168596983}]",13,0.001
002_20200624_162717(9),1,316,332,"[[159.0,121.0,169.0,131.0],[161.00000000000003,144.0,170.0,155.0],[164.0,170.0,171.99999999999997,180.0]]","[{""bbox"":[160.05099487304688,120.79492950439453,169.82005310058594,130.86734008789062],""confidence"":0.72138911485672},{""bbox"":[160.50550842285156,144.21664428710938,170.18394470214844,154.65802001953125],""confidence"":0.6865112781524658},{""bbox"":[162.5327606201172,170.3014373779297,172.8861083984375,180.96571350097656],""confidence"":0.6319462060928345},{""bbox"":[159.02186584472656,119.23484802246094,170.28631591796875,131.83926391601562],""confidence"":0.32328683137893677},{""bbox"":[158.87060546875,143.4795379638672,171.3260498046875,156.90451049804688],""confidence"":0.06150243803858757},{""bbox"":[314.16571044921875,0.0,316.0,5.970916748046875],""confidence"":0.019862739369273186},{""bbox"":[313.6679992675781,0.1601700782775879,316.0,7.746343612670898],""confidence"":0.01200206857174635},{""bbox"":[161.83995056152344,167.6215057373047,171.8895263671875,179.9653778076172],""confidence"":0.00408398499712348},{""bbox"":[163.9750213623047,169.6826171875,174.90077209472656,181.10789489746094],""confidence"":0.002597597660496831},{""bbox"":[157.3956298828125,117.80530548095703,169.49766540527344,130.48158264160156],""confidence"":0.0017342393985018134},{""bbox"":[316.0,0.0,316.0,5.292638778686523],""confidence"":0.0011160672875121236},{""bbox"":[158.65170288085938,142.5873565673828,168.11598205566406,153.91436767578125],""confidence"":0.001039711176417768},{""bbox"":[316.0,1.0300025939941406,316.0,7.504477500915527],""confidence"":0.0010203496785834432}]",13,0.001
002_20200624_162722(4),1,316,332,"[[146.0,114.0,158.0,124.99999999999999],[150.0,138.0,160.0,148.00000000000003],[154.0,169.0,165.0,181.0]]","[{""bbox"":[147.07957458496094,113.62877655029297,157.79177856445312,125.06866455078125],""confidence"":0.6475396156311035},{""bbox"":[152.71141052246094,170.63287353515625,163.17259216308594,180.87179565429688],""confidence"":0.6199772357940674},{""bbox"":[148.94094848632812,138.43247985839844,159.5315399169922,149.03012084960938],""confidence"":0.5806697010993958},{""bbox"":[144.95828247070312,112.4098129272461,156.1920166015625,124.20306396484375],""confidence"":0.07273440808057785},{""bbox"":[150.66607666015625,169.81149291992188,160.89060974121094,180.80516052246094],""confidence"":0.03958692029118538},{""bbox"":[145.6634063720703,114.40929412841797,158.60581970214844,127.68763732910156],""confidence"":0.03470737487077713},{""bbox"":[314.189208984375,0.0,316.0,5.914174556732178],""confidence"":0.018224596977233887},{""bbox"":[146.7919464111328,138.42807006835938,157.77450561523438,149.2141876220703],""confidence"":0.014048468321561813},{""bbox"":[313.7264709472656,0.19479148089885712,316.0,7.7003350257873535],""confidence"":0.01127053052186966},{""bbox"":[146.44976806640625,137.24102783203125,156.44773864746094,148.05992126464844],""confidence"":0.008765235543251038},{""bbox"":[146.71331787109375,139.26747131347656,159.5135040283203,152.41461181640625],""confidence"":0.0037978203035891056},{""bbox"":[150.00376892089844,167.6164093017578,161.81817626953125,180.23143005371094],""confidence"":0.0026323948986828327},{""bbox"":[142.81968688964844,113.64616394042969,153.44102478027344,124.44684600830078],""confidence"":0.002250851131975651}]",13,0.001
002_20200624_203003(9),1,352,332,"[[197.0,155.0,206.99999999999997,166.99999999999997],[202.0,179.0,211.00000000000003,190.0],[209.0,210.0,217.0,219.99999999999997]]","[{""bbox"":[202.92245483398438,179.7555389404297,212.0125732421875,188.89700317382812],""confidence"":0.645159900188446},{""bbox"":[198.46023559570312,155.29261779785156,206.51158142089844,163.94931030273438],""confidence"":0.6334075927734375},{""bbox"":[208.70338439941406,211.4745635986328,217.1896209716797,220.01023864746094],""confidence"":0.611914336681366},{""bbox"":[209.8551483154297,210.512451171875,218.78453063964844,219.7240753173828],""confidence"":0.07746243476867676},{""bbox"":[207.57186889648438,210.54043579101562,217.73062133789062,221.59622192382812],""confidence"":0.07551299035549164},{""bbox"":[201.5002899169922,178.65916442871094,212.69549560546875,190.9550018310547],""confidence"":0.06504009664058685},{""bbox"":[200.90953063964844,155.19883728027344,209.38380432128906,163.4678955078125],""confidence"":0.004812442231923342},{""bbox"":[205.3331298828125,178.6321563720703,214.39466857910156,187.94744873046875],""confidence"":0.0024251737631857395},{""bbox"":[199.96380615234375,180.30775451660156,209.6449432373047,189.61068725585938],""confidence"":0.001674639992415905},{""bbox"":[195.47940063476562,156.28070068359375,205.3612060546875,166.05096435546875],""confidence"":0.0015045360196381807},{""bbox"":[201.9851837158203,176.74285888671875,211.69129943847656,189.44107055664062],""confidence"":0.0014820018550381064},{""bbox"":[196.2900848388672,155.68792724609375,209.00933837890625,169.02032470703125],""confidence"":0.0011759574990719557}]",12,0.001
002_20200624_203021(9),1,352,332,"[[190.0,143.0,199.99999999999997,154.0],[195.00000000000003,170.0,205.0,178.99999999999997],[201.0,199.0,210.99999999999997,208.99999999999997]]","[{""bbox"":[190.33462524414062,145.91217041015625,198.54769897460938,154.52882385253906],""confidence"":0.6943156123161316},{""bbox"":[194.97181701660156,169.20315551757812,203.71299743652344,178.3533477783203],""confidence"":0.6250526905059814},{""bbox"":[201.9072723388672,199.94383239746094,210.5523223876953,208.9054718017578],""confidence"":0.5922562479972839},{""bbox"":[202.31654357910156,198.1962127685547,211.82781982421875,208.9199676513672],""confidence"":0.10494060814380646},{""bbox"":[191.71444702148438,144.9943389892578,200.67105102539062,153.92864990234375],""confidence"":0.04467107728123665},{""bbox"":[196.82936096191406,168.73667907714844,205.6933135986328,177.79052734375],""confidence"":0.02983882650732994},{""bbox"":[193.98504638671875,167.89987182617188,202.792724609375,178.6649932861328],""confidence"":0.00927071925252676},{""bbox"":[199.74404907226562,200.3031005859375,208.32073974609375,208.91744995117188],""confidence"":0.006441299803555012},{""bbox"":[193.14466857910156,169.3983612060547,204.69338989257812,182.07305908203125],""confidence"":0.004801544826477766},{""bbox"":[199.9742889404297,199.98899841308594,212.12628173828125,212.6668701171875],""confidence"":0.002516054781153798}]",10,0.001
002_20200624_203026(4),1,352,332,"[[195.99999999999997,158.0,205.0,168.0],[202.0,183.00000000000003,211.00000000000003,193.0],[209.0,212.00000000000003,217.0,222.0]]","[{""bbox"":[196.30307006835938,159.25132751464844,204.8138427734375,167.88478088378906],""confidence"":0.6432369351387024},{""bbox"":[200.6420135498047,181.87554931640625,209.7080841064453,191.21507263183594],""confidence"":0.6311110854148865},{""bbox"":[208.37374877929688,213.2616729736328,216.98422241210938,222.07684326171875],""confidence"":0.5199839472770691},{""bbox"":[207.25677490234375,213.60704040527344,215.53887939453125,222.2753448486328],""confidence"":0.35981765389442444},{""bbox"":[202.16099548339844,180.45602416992188,211.50454711914062,190.7119598388672],""confidence"":0.08417608588933945},{""bbox"":[210.62155151367188,212.86326599121094,219.2893524169922,221.6554718017578],""confidence"":0.015664737671613693},{""bbox"":[206.28091430664062,211.80532836914062,215.0321502685547,222.17483520507812],""confidence"":0.007622566539794207},{""bbox"":[199.3123779296875,180.9069061279297,208.25599670410156,190.94131469726562],""confidence"":0.0041419691406190395},{""bbox"":[197.91128540039062,181.8849334716797,211.0828857421875,195.2777557373047],""confidence"":0.0015985112404450774}]",9,0.001
002_20200625_003352(9),1,316,332,"[[151.0,142.0,160.0,153.0],[154.0,169.0,164.0,177.00000000000003],[156.0,201.00000000000003,166.99999999999997,210.0]]","[{""bbox"":[156.55361938476562,199.9747772216797,166.6959686279297,210.01681518554688],""confidence"":0.6589067578315735},{""bbox"":[151.68270874023438,143.0063934326172,161.70106506347656,153.6517791748047],""confidence"":0.609104573726654},{""bbox"":[153.71932983398438,167.21551513671875,164.27163696289062,177.67311096191406],""confidence"":0.5862422585487366},{""bbox"":[149.33116149902344,141.51535034179688,160.09144592285156,152.9208221435547],""confidence"":0.11817459762096405},{""bbox"":[154.615966796875,199.00828552246094,164.84140014648438,209.9322509765625],""confidence"":0.10706356167793274},{""bbox"":[150.1580810546875,143.4093780517578,163.3559112548828,156.67156982421875],""confidence"":0.026603009551763535},{""bbox"":[314.14776611328125,0.0,316.0,6.0133376121521],""confidence"":0.02063782513141632},{""bbox"":[313.6267395019531,0.13185733556747437,316.0,7.784115791320801],""confidence"":0.012222596444189548},{""bbox"":[151.1688690185547,166.42567443847656,162.3072967529297,178.45912170410156],""confidence"":0.00659392774105072},{""bbox"":[147.0050506591797,142.6663818359375,157.26992797851562,153.2254638671875],""confidence"":0.005085655488073826},{""bbox"":[155.6987762451172,166.53097534179688,166.02647399902344,177.8113555908203],""confidence"":0.0021600041072815657},{""bbox"":[153.70704650878906,196.75221252441406,165.23619079589844,209.3467559814453],""confidence"":0.0019262102432549},{""bbox"":[150.76913452148438,168.3408966064453,163.54531860351562,181.29983520507812],""confidence"":0.0016768393106758595},{""bbox"":[316.0,0.0,316.0,5.325656414031982],""confidence"":0.0011807216797024012},{""bbox"":[316.0,1.0101025104522705,316.0,7.521605014801025],""confidence"":0.0010597006184980273}]",15,0.001
002_20200625_003357(4),1,316,332,"[[156.0,140.99999999999997,165.0,151.0],[158.0,167.0,167.99999999999997,175.99999999999997],[160.0,199.0,169.0,207.99999999999997]]","[{""bbox"":[155.73812866210938,141.9622039794922,165.2110137939453,151.69142150878906],""confidence"":0.7526914477348328},{""bbox"":[156.7382049560547,165.6251220703125,167.34841918945312,176.18858337402344],""confidence"":0.6431437134742737},{""bbox"":[159.5225830078125,198.24412536621094,169.19705200195312,208.83963012695312],""confidence"":0.6001631617546082},{""bbox"":[154.7548370361328,140.2085723876953,165.90245056152344,152.62831115722656],""confidence"":0.37700527906417847},{""bbox"":[158.82106018066406,197.68045043945312,170.63540649414062,210.55703735351562],""confidence"":0.03410981968045235},{""bbox"":[314.1524353027344,0.0,316.0,6.002697467803955],""confidence"":0.02042299136519432},{""bbox"":[155.11366271972656,165.03599548339844,165.3060302734375,176.06854248046875],""confidence"":0.017958488315343857},{""bbox"":[313.63726806640625,0.1387537121772766,316.0,7.7746758460998535],""confidence"":0.012146804481744766},{""bbox"":[157.21652221679688,196.4269256591797,167.418212890625,208.26002502441406],""confidence"":0.007816975936293602},{""bbox"":[151.2442169189453,141.81951904296875,161.7600555419922,152.19410705566406],""confidence"":0.00402069790288806},{""bbox"":[160.2065887451172,196.4635467529297,171.085205078125,208.93797302246094],""confidence"":0.0012262423988431692},{""bbox"":[316.0,0.0,316.0,5.317286491394043],""confidence"":0.0011632273672148585},{""bbox"":[152.19468688964844,138.5633087158203,163.17955017089844,150.90509033203125],""confidence"":0.0011162525042891502},{""bbox"":[152.30477905273438,143.12110900878906,167.7774658203125,156.71974182128906],""confidence"":0.001070076017640531},{""bbox"":[316.0,1.0149431228637695,316.0,7.517312049865723],""confidence"":0.0010479595512151718}]",15,0.001
002_20200625_003401(8),1,316,332,"[[153.0,143.0,164.0,152.0],[155.00000000000003,166.0,166.0,177.0],[158.0,199.0,169.0,208.99999999999997]]","[{""bbox"":[155.59912109375,166.98655700683594,165.2644805908203,176.9967498779297],""confidence"":0.6497949957847595},{""bbox"":[153.72271728515625,142.45408630371094,163.98703002929688,152.60543823242188],""confidence"":0.646786630153656},{""bbox"":[158.46800231933594,199.5790557861328,168.37806701660156,209.5916290283203],""confidence"":0.5404680371284485},{""bbox"":[154.77780151367188,165.04238891601562,166.1419219970703,177.7313690185547],""confidence"":0.30438464879989624},{""bbox"":[157.94351196289062,198.1756591796875,169.31289672851562,210.70602416992188],""confidence"":0.09736684709787369},{""bbox"":[314.1517639160156,0.0,316.0,6.004212379455566],""confidence"":0.020455503836274147},{""bbox"":[150.80055236816406,141.12318420410156,162.6063232421875,154.2399139404297],""confidence"":0.01487451046705246},{""bbox"":[150.54942321777344,141.03219604492188,160.74984741210938,152.1552734375],""confidence"":0.012488670647144318},{""bbox"":[313.6358337402344,0.13763763010501862,316.0,7.775839805603027],""confidence"":0.012158355675637722},{""bbox"":[152.15036010742188,143.32774353027344,165.4523162841797,156.7574920654297],""confidence"":0.007445147261023521},{""bbox"":[155.0199432373047,141.43704223632812,165.9269256591797,153.2265167236328],""confidence"":0.006362584885209799},{""bbox"":[159.90396118164062,199.73385620117188,170.35305786132812,210.08004760742188],""confidence"":0.0037358158733695745},{""bbox"":[155.79774475097656,196.6542510986328,166.4503936767578,208.96575927734375],""confidence"":0.0029841423965990543},{""bbox"":[316.0,0.0,316.0,5.318479537963867],""confidence"":0.0011658325092867017},{""bbox"":[316.0,1.0141690969467163,316.0,7.517841339111328],""confidence"":0.0010498666670173407}]",15,0.001
002_20200625_003406(3),1,316,332,"[[149.0,145.0,160.0,154.0],[152.0,168.00000000000003,162.0,177.0],[155.00000000000003,199.0,165.0,210.0]]","[{""bbox"":[152.0146026611328,167.408935546875,161.8001251220703,177.48245239257812],""confidence"":0.6662873029708862},{""bbox"":[150.11422729492188,143.18719482421875,160.1923065185547,153.79122924804688],""confidence"":0.6387851238250732},{""bbox"":[155.47140502929688,200.1610107421875,165.13015747070312,210.14149475097656],""confidence"":0.6353015303611755},{""bbox"":[150.72872924804688,166.34417724609375,160.5421142578125,176.8834991455078],""confidence"":0.13386455178260803},{""bbox"":[151.42166137695312,143.56646728515625,162.0131072998047,154.28506469726562],""confidence"":0.054303981363773346},{""bbox"":[148.09170532226562,143.4056854248047,161.2669219970703,156.6916961669922],""confidence"":0.022944839671254158},{""bbox"":[314.15106201171875,0.0,316.0,6.005739212036133],""confidence"":0.020479418337345123},{""bbox"":[155.93307495117188,199.390869140625,167.17453002929688,211.12852478027344],""confidence"":0.015479161404073238},{""bbox"":[313.63421630859375,0.1367090493440628,316.0,7.777430534362793],""confidence"":0.01216230820864439},{""bbox"":[147.03656005859375,142.68783569335938,158.367431640625,154.70030212402344],""confidence"":0.005143855232745409},{""bbox"":[149.89364624023438,168.19158935546875,163.19142150878906,181.34226989746094],""confidence"":0.0014234810369089246},{""bbox"":[316.0,0.0,316.0,5.3196611404418945],""confidence"":0.0011679243762046099},{""bbox"":[316.0,1.013527750968933,316.0,7.5185723304748535],""confidence"":0.0010507946135476232}]",13,0.001
002_20200625_003410(8),1,316,332,"[[155.00000000000003,141.0,165.0,152.0],[156.0,165.99999999999997,166.99999999999997,174.99999999999997],[159.0,197.00000000000003,169.0,208.0]]","[{""bbox"":[154.94512939453125,141.70278930664062,164.64344787597656,151.5682830810547],""confidence"":0.7598937153816223},{""bbox"":[156.11231994628906,165.5513153076172,166.11363220214844,175.94569396972656],""confidence"":0.6859346628189087},{""bbox"":[159.2021026611328,198.4790802001953,169.05372619628906,208.80999755859375],""confidence"":0.6138407588005066},{""bbox"":[153.71316528320312,139.90065002441406,165.2288818359375,152.62525939941406],""confidence"":0.3012368679046631},{""bbox"":[155.26055908203125,164.49600219726562,166.97030639648438,177.42593383789062],""confidence"":0.1076948344707489},{""bbox"":[158.28326416015625,197.70333862304688,170.0565185546875,210.51707458496094],""confidence"":0.040154386311769485},{""bbox"":[314.1540222167969,0.0,316.0,5.999077796936035],""confidence"":0.020352784544229507},{""bbox"":[156.8891143798828,196.38674926757812,167.39309692382812,208.4232940673828],""confidence"":0.012990729883313179},{""bbox"":[313.64093017578125,0.14096559584140778,316.0,7.771345615386963],""confidence"":0.012122871354222298},{""bbox"":[154.8186492919922,163.49465942382812,164.66781616210938,175.68572998046875],""confidence"":0.009072600863873959},{""bbox"":[151.27828979492188,141.5405731201172,162.22650146484375,152.1759033203125],""confidence"":0.002746206009760499},{""bbox"":[152.41090393066406,138.54652404785156,163.29701232910156,150.8457489013672],""confidence"":0.0017078828532248735},{""bbox"":[258.9452819824219,200.73997497558594,268.2917175292969,210.0881805419922],""confidence"":0.0016547462437301874},{""bbox"":[316.0,0.0,316.0,5.314478397369385],""confidence"":0.0011575613170862198},{""bbox"":[316.0,1.0165308713912964,316.0,7.515799045562744],""confidence"":0.0010444745421409607}]",15,0.001
002_20200625_003415(4),1,316,332,"[[148.0,143.0,157.0,152.0],[149.0,167.0,160.0,175.99999999999997],[151.0,199.0,163.0,208.99999999999997]]","[{""bbox"":[152.16993713378906,198.87252807617188,162.20578002929688,209.1116943359375],""confidence"":0.6437191367149353},{""bbox"":[147.60093688964844,142.1803741455078,157.4829559326172,152.2566680908203],""confidence"":0.6048179864883423},{""bbox"":[149.35671997070312,165.68214416503906,160.3264617919922,176.41905212402344],""confidence"":0.5789631605148315},{""bbox"":[145.38162231445312,140.84495544433594,156.06576538085938,151.977783203125],""confidence"":0.21100133657455444},{""bbox"":[145.78448486328125,139.97930908203125,157.97711181640625,153.33262634277344],""confidence"":0.09183160215616226},{""bbox"":[151.51197814941406,197.85189819335938,163.10311889648438,210.55056762695312],""confidence"":0.08986075967550278},{""bbox"":[314.152587890625,0.0,316.0,6.00234842300415],""confidence"":0.020410284399986267},{""bbox"":[313.6375732421875,0.13892637193202972,316.0,7.7745232582092285],""confidence"":0.012137876823544502},{""bbox"":[142.6741180419922,142.01602172851562,153.19020080566406,152.51028442382812],""confidence"":0.011365560814738274},{""bbox"":[150.26487731933594,196.55654907226562,161.3021240234375,209.03839111328125],""confidence"":0.00911439023911953},{""bbox"":[148.3585205078125,163.45352172851562,158.38497924804688,175.47634887695312],""confidence"":0.00534233869984746},{""bbox"":[146.90142822265625,165.22869873046875,158.5150146484375,176.61729431152344],""confidence"":0.0033559435978531837},{""bbox"":[144.83180236816406,143.20790100097656,159.95286560058594,156.83901977539062],""confidence"":0.002058533951640129},{""bbox"":[316.0,0.0,316.0,5.317025661468506],""confidence"":0.001162326312623918},{""bbox"":[143.50697326660156,138.50559997558594,154.70223999023438,150.90133666992188],""confidence"":0.001109919510781765},{""bbox"":[316.0,1.0151019096374512,316.0,7.517277240753174],""confidence"":0.0010470040142536163}]",16,0.001
002_20200629_123442(5),1,316,332,"[[151.0,140.99999999999997,159.0,151.0],[151.99999999999997,165.99999999999997,160.99999999999997,175.99999999999997],[154.0,197.00000000000003,165.0,207.0]]","[{""bbox"":[150.06088256835938,141.9535675048828,160.09564208984375,151.93655395507812],""confidence"":0.6571717262268066},{""bbox"":[151.20703125,166.0085906982422,161.10716247558594,176.3687286376953],""confidence"":0.6075235605239868},{""bbox"":[154.12815856933594,198.34707641601562,164.29063415527344,208.69772338867188],""confidence"":0.5619039535522461},{""bbox"":[149.7556915283203,140.2611846923828,161.30636596679688,152.90103149414062],""confidence"":0.37091806530952454},{""bbox"":[150.27586364746094,164.61502075195312,161.8956298828125,177.5885772705078],""confidence"":0.12701848149299622},{""bbox"":[151.3179931640625,196.24661254882812,162.0067596435547,208.46591186523438],""confidence"":0.03626270592212677},{""bbox"":[314.1502990722656,0.0,316.0,6.007419109344482],""confidence"":0.020500315353274345},{""bbox"":[153.16651916503906,197.64010620117188,165.17660522460938,210.52078247070312],""confidence"":0.019844811409711838},{""bbox"":[313.6324462890625,0.13563747704029083,316.0,7.779090404510498],""confidence"":0.012163453735411167},{""bbox"":[146.6172637939453,140.52464294433594,156.6892547607422,151.48263549804688],""confidence"":0.009501666761934757},{""bbox"":[146.8360137939453,140.69473266601562,158.40087890625,153.81875610351562],""confidence"":0.003934941720217466},{""bbox"":[149.56610107421875,195.96075439453125,159.85435485839844,207.50332641601562],""confidence"":0.003920022398233414},{""bbox"":[149.46832275390625,163.4932098388672,159.37689208984375,175.771728515625],""confidence"":0.003611983498558402},{""bbox"":[155.74041748046875,198.65798950195312,166.23939514160156,209.1163787841797],""confidence"":0.0029626358300447464},{""bbox"":[147.19236755371094,138.60491943359375,158.25848388671875,151.04443359375],""confidence"":0.0011987676844000816},{""bbox"":[316.0,0.0,316.0,5.320952415466309],""confidence"":0.001169804367236793},{""bbox"":[316.0,1.012855887413025,316.0,7.519380569458008],""confidence"":0.0010516094043850899}]",17,0.001
002_20200629_123447(0),1,316,332,"[[148.0,144.0,157.0,153.0],[151.0,168.00000000000003,158.0,177.0],[151.99999999999997,199.0,160.99999999999997,208.99999999999997]]","[{""bbox"":[147.5474395751953,142.49081420898438,157.3389129638672,152.58447265625],""confidence"":0.6716607213020325},{""bbox"":[152.0897216796875,199.14913940429688,161.95541381835938,209.2313690185547],""confidence"":0.6525214910507202},{""bbox"":[149.72802734375,166.61061096191406,160.55914306640625,177.2215576171875],""confidence"":0.6079745888710022},{""bbox"":[145.4964599609375,141.1962127685547,156.1675567626953,152.30194091796875],""confidence"":0.2122875303030014},{""bbox"":[151.25637817382812,197.87030029296875,162.8135986328125,210.56301879882812],""confidence"":0.1134900376200676},{""bbox"":[314.1497802734375,0.0,316.0,6.008664608001709],""confidence"":0.020537734031677246},{""bbox"":[313.6312561035156,0.1348513811826706,316.0,7.780045032501221],""confidence"":0.012182903476059437},{""bbox"":[142.81285095214844,142.3043975830078,153.2393341064453,152.80702209472656],""confidence"":0.010927418246865273},{""bbox"":[145.1127166748047,143.21832275390625,159.54266357421875,156.6868133544922],""confidence"":0.005961396265774965},{""bbox"":[150.04159545898438,196.6205596923828,161.1466064453125,209.13433837890625],""confidence"":0.0056637548841536045},{""bbox"":[147.02354431152344,166.11642456054688,158.15032958984375,178.2858428955078],""confidence"":0.0027123233303427696},{""bbox"":[147.9539031982422,163.48367309570312,158.3985595703125,175.7329864501953],""confidence"":0.0014092641649767756},{""bbox"":[316.0,0.0,316.0,5.321962833404541],""confidence"":0.0011726247612386942},{""bbox"":[316.0,1.0122251510620117,316.0,7.519772529602051],""confidence"":0.0010539130307734013}]",14,0.001
002_20200629_123451(5),1,316,332,"[[151.0,143.99999999999997,160.0,154.0],[151.99999999999997,168.00000000000003,160.99999999999997,177.0],[155.0,200.00000000000003,164.0,210.0]]","[{""bbox"":[151.47177124023438,167.2154083251953,161.21585083007812,177.36041259765625],""confidence"":0.6340284943580627},{""bbox"":[154.62457275390625,200.13052368164062,164.34674072265625,209.98594665527344],""confidence"":0.6168122887611389},{""bbox"":[149.58001708984375,143.1109161376953,159.9021453857422,153.77682495117188],""confidence"":0.5663713216781616},{""bbox"":[150.8709259033203,165.33653259277344,162.1613311767578,177.9694061279297],""confidence"":0.36907875537872314},{""bbox"":[153.87428283691406,198.5446014404297,165.15069580078125,210.75540161132812],""confidence"":0.19493770599365234},{""bbox"":[151.49966430664062,143.3809051513672,161.5767364501953,153.7490692138672],""confidence"":0.03188361972570419},{""bbox"":[314.149169921875,0.0,316.0,6.010058879852295],""confidence"":0.020562821999192238},{""bbox"":[147.96795654296875,143.43101501464844,161.1912384033203,156.75967407226562],""confidence"":0.015129037201404572},{""bbox"":[313.6298522949219,0.1338629275560379,316.0,7.781372547149658],""confidence"":0.012188264168798923},{""bbox"":[146.95071411132812,142.5062713623047,158.3465576171875,154.65199279785156],""confidence"":0.0058182659558951855},{""bbox"":[150.55104064941406,198.60409545898438,160.97967529296875,209.7353057861328],""confidence"":0.0035492361057549715},{""bbox"":[151.19888305664062,196.72084045410156,162.2452392578125,209.1829376220703],""confidence"":0.0016071131685748696},{""bbox"":[146.42445373535156,141.40440368652344,156.474609375,152.62429809570312],""confidence"":0.001313513028435409},{""bbox"":[316.0,0.0,316.0,5.323080539703369],""confidence"":0.0011747622629627585},{""bbox"":[155.6654052734375,199.26876831054688,166.94985961914062,211.13815307617188],""confidence"":0.0011237635044381022},{""bbox"":[316.0,1.0115567445755005,316.0,7.520411014556885],""confidence"":0.0010550719453021884}]",16,0.001
002_20200629_123456(0),1,316,332,"[[144.0,144.0,154.0,152.0],[147.0,166.99999999999997,154.0,175.0],[149.0,199.99999999999997,158.0,207.0]]","[{""bbox"":[143.619384765625,142.00631713867188,153.415283203125,151.93446350097656],""confidence"":0.7085228562355042},{""bbox"":[147.98895263671875,198.54896545410156,158.03916931152344,208.84976196289062],""confidence"":0.6739583015441895},{""bbox"":[145.2030487060547,165.48553466796875,156.14442443847656,176.2233123779297],""confidence"":0.6178576946258545},{""bbox"":[141.9539337158203,140.84486389160156,152.34925842285156,151.7819366455078],""confidence"":0.2357475757598877},{""bbox"":[142.86962890625,140.50973510742188,154.31333923339844,152.9076385498047],""confidence"":0.15736636519432068},{""bbox"":[147.15130615234375,197.6231231689453,159.13796997070312,210.54698181152344],""confidence"":0.06371033191680908},{""bbox"":[314.1527099609375,0.0,316.0,6.002133369445801],""confidence"":0.020407389849424362},{""bbox"":[146.25970458984375,196.5047149658203,157.05950927734375,208.89883422851562],""confidence"":0.02029632404446602},{""bbox"":[313.6377868652344,0.1390673667192459,316.0,7.7742719650268555],""confidence"":0.012137595564126968},{""bbox"":[142.92041015625,165.0159149169922,154.38034057617188,176.37142944335938],""confidence"":0.005791560746729374},{""bbox"":[138.7913360595703,141.83895874023438,149.17051696777344,152.17349243164062],""confidence"":0.003936321474611759},{""bbox"":[147.3290557861328,165.50045776367188,157.7547149658203,176.3632049560547],""confidence"":0.003231407841667533},{""bbox"":[140.5204620361328,143.1142120361328,156.16554260253906,156.78977966308594],""confidence"":0.001444019959308207},{""bbox"":[316.0,0.0,316.0,5.316861152648926],""confidence"":0.0011620672885328531},{""bbox"":[139.93373107910156,138.5597686767578,150.73585510253906,150.8279266357422],""confidence"":0.0011192720849066973},{""bbox"":[316.0,1.0151958465576172,316.0,7.517171382904053],""confidence"":0.0010469126282259822}]",16,0.001
002_20200629_123500(5),1,316,332,"[[147.0,144.0,158.0,153.0],[150.0,167.0,159.0,175.99999999999997],[151.99999999999997,200.00000000000003,160.99999999999997,208.99999999999997]]","[{""bbox"":[147.6121826171875,142.6344451904297,157.4944610595703,152.86981201171875],""confidence"":0.6611571311950684},{""bbox"":[151.94654846191406,199.3942413330078,161.80770874023438,209.48585510253906],""confidence"":0.6293807625770569},{""bbox"":[149.48828125,166.60775756835938,160.25277709960938,177.1352996826172],""confidence"":0.6006523966789246},{""bbox"":[145.31744384765625,141.27481079101562,156.00267028808594,152.4051971435547],""confidence"":0.19646328687667847},{""bbox"":[145.94631958007812,140.45663452148438,158.08653259277344,153.71502685546875],""confidence"":0.143142431974411},{""bbox"":[151.32933044433594,197.98301696777344,162.84852600097656,210.65936279296875],""confidence"":0.13919401168823242},{""bbox"":[314.1513366699219,0.0,316.0,6.005298137664795],""confidence"":0.020461509004235268},{""bbox"":[313.6346130371094,0.13692572712898254,316.0,7.777225971221924],""confidence"":0.012149723246693611},{""bbox"":[142.77679443359375,142.3951416015625,153.1869659423828,152.9116668701172],""confidence"":0.01094091311097145},{""bbox"":[145.5211639404297,143.24586486816406,159.69407653808594,156.71131896972656],""confidence"":0.010457750409841537},{""bbox"":[149.60723876953125,196.65533447265625,160.73300170898438,209.1873321533203],""confidence"":0.004119758028537035},{""bbox"":[147.07310485839844,166.4138641357422,158.41189575195312,177.27676391601562],""confidence"":0.003332973225042224},{""bbox"":[147.82484436035156,163.45909118652344,158.2967987060547,175.68353271484375],""confidence"":0.001584905432537198},{""bbox"":[316.0,0.0,316.0,5.319333553314209],""confidence"":0.0011666729114949703},{""bbox"":[316.0,1.013741374015808,316.0,7.518550872802734],""confidence"":0.0010494876187294722}]",15,0.001
002_20200629_123505(0),1,316,332,"[[148.00000000000003,142.0,158.0,149.99999999999997],[151.0,166.99999999999997,158.0,175.0],[154.0,199.99999999999997,160.99999999999997,208.0]]","[{""bbox"":[148.1763153076172,142.06248474121094,158.31887817382812,152.10604858398438],""confidence"":0.6574117541313171},{""bbox"":[152.27041625976562,198.50242614746094,162.6922149658203,209.0024871826172],""confidence"":0.5778937339782715},{""bbox"":[149.76039123535156,165.90631103515625,160.2061309814453,176.47039794921875],""confidence"":0.5755868554115295},{""bbox"":[145.75811767578125,140.82765197753906,156.39027404785156,151.9449920654297],""confidence"":0.14056766033172607},{""bbox"":[150.4714813232422,197.88702392578125,160.89599609375,208.9549560546875],""confidence"":0.09327297657728195},{""bbox"":[149.0526123046875,164.46163940429688,161.0904998779297,177.65101623535156],""confidence"":0.07827884703874588},{""bbox"":[146.1938018798828,140.01463317871094,158.22801208496094,153.27536010742188],""confidence"":0.06667937338352203},{""bbox"":[314.15283203125,0.0,316.0,6.001742362976074],""confidence"":0.020395686849951744},{""bbox"":[313.6381530761719,0.13930433988571167,316.0,7.773997783660889],""confidence"":0.01213110238313675},{""bbox"":[152.43948364257812,197.8350830078125,164.42092895507812,210.6936492919922],""confidence"":0.008422127924859524},{""bbox"":[142.71380615234375,141.99468994140625,153.20736694335938,152.4866485595703],""confidence"":0.0061744521372020245},{""bbox"":[148.91539001464844,163.42872619628906,158.92538452148438,175.35618591308594],""confidence"":0.005079453811049461},{""bbox"":[149.14202880859375,196.32684326171875,159.4854278564453,208.1724395751953],""confidence"":0.0037399176508188248},{""bbox"":[151.51129150390625,166.1853790283203,162.30638122558594,176.8913116455078],""confidence"":0.0020190849900245667},{""bbox"":[145.1567840576172,143.1503143310547,160.45042419433594,156.78427124023438],""confidence"":0.001782808220013976},{""bbox"":[316.0,0.0,316.0,5.316549301147461],""confidence"":0.0011611959198489785},{""bbox"":[146.83187866210938,165.0891571044922,158.63623046875,176.69276428222656],""confidence"":0.0010781313758343458},{""bbox"":[316.0,1.015389323234558,316.0,7.517063617706299],""confidence"":0.0010461619822308421}]",18,0.001
002_20200714_083054(2),1,352,332,"[[192.99999999999997,137.0,202.0,147.0],[195.0,160.0,203.0,169.0],[198.0,193.0,206.0,201.99999999999997]]","[{""bbox"":[194.30455017089844,136.99356079101562,202.37965393066406,145.42855834960938],""confidence"":0.6551179885864258},{""bbox"":[198.3021240234375,192.78721618652344,206.84730529785156,202.06712341308594],""confidence"":0.6390267014503479},{""bbox"":[195.44325256347656,159.7721405029297,203.7652587890625,168.4062042236328],""confidence"":0.5825394988059998},{""bbox"":[192.98426818847656,136.29820251464844,201.2798309326172,145.2705535888672],""confidence"":0.5535764694213867},{""bbox"":[194.60906982421875,158.94590759277344,202.5280303955078,167.5338134765625],""confidence"":0.033707357943058014},{""bbox"":[196.7864532470703,191.83135986328125,207.6564483642578,203.94290161132812],""confidence"":0.01690104231238365},{""bbox"":[197.86016845703125,159.90109252929688,205.83470153808594,168.29409790039062],""confidence"":0.015327634289860725},{""bbox"":[200.69552612304688,192.75294494628906,209.6560516357422,201.79954528808594],""confidence"":0.00943997222930193},{""bbox"":[191.25552368164062,137.1731719970703,200.20040893554688,145.77517700195312],""confidence"":0.0024624355137348175},{""bbox"":[196.69200134277344,136.34959411621094,205.0430450439453,144.42359924316406],""confidence"":0.0010518678463995457}]",10,0.001
002_20200714_083057(5),1,352,332,"[[190.0,125.0,199.00000000000003,137.0],[192.00000000000003,151.0,202.0,160.0],[202.00000000000003,184.0,209.0,193.99999999999997]]","[{""bbox"":[191.01953125,127.8999252319336,199.4127960205078,136.34010314941406],""confidence"":0.7207883596420288},{""bbox"":[194.90252685546875,150.47256469726562,203.2074432373047,159.0996856689453],""confidence"":0.6371458768844604},{""bbox"":[198.48565673828125,183.322509765625,207.07342529296875,192.3765411376953],""confidence"":0.5486555695533752},{""bbox"":[192.90280151367188,149.43951416015625,203.03207397460938,160.20150756835938],""confidence"":0.12006159871816635},{""bbox"":[189.6950225830078,127.2362289428711,199.6957244873047,138.0045623779297],""confidence"":0.06776409596204758},{""bbox"":[196.6734619140625,149.60110473632812,205.2828826904297,158.53038024902344],""confidence"":0.009740624576807022},{""bbox"":[197.56655883789062,180.9670867919922,207.6453399658203,193.29046630859375],""confidence"":0.004697197116911411},{""bbox"":[201.29092407226562,183.0373077392578,210.00955200195312,191.66856384277344],""confidence"":0.0032811048440635204},{""bbox"":[196.40859985351562,182.72055053710938,207.5435791015625,195.1161651611328],""confidence"":0.002827272517606616}]",9,0.001
002_20200714_083101(7),1,352,332,"[[192.99999999999997,123.0,202.0,136.0],[198.0,147.0,206.0,158.0],[202.0,179.0,211.00000000000003,190.0]]","[{""bbox"":[196.52407836914062,147.6933135986328,205.25479125976562,156.73336791992188],""confidence"":0.6544072031974792},{""bbox"":[194.07131958007812,124.42011260986328,202.03060913085938,133.01141357421875],""confidence"":0.6524031758308411},{""bbox"":[195.1414031982422,124.67084503173828,203.5575714111328,133.24533081054688],""confidence"":0.6266257166862488},{""bbox"":[203.32435607910156,180.5872344970703,211.7194366455078,189.14305114746094],""confidence"":0.6116461157798767},{""bbox"":[202.42259216308594,180.0877227783203,212.59632873535156,190.7476348876953],""confidence"":0.08529765158891678},{""bbox"":[197.56524658203125,145.8288116455078,206.39404296875,156.4688720703125],""confidence"":0.011176987551152706},{""bbox"":[196.3574676513672,123.43440246582031,205.0196075439453,132.11026000976562],""confidence"":0.004930537659674883},{""bbox"":[204.97557067871094,179.6820831298828,214.30282592773438,189.0711669921875],""confidence"":0.0039220149628818035},{""bbox"":[194.77523803710938,147.15159606933594,206.7271270751953,160.04412841796875],""confidence"":0.003888537874445319}]",9,0.001
002_20200714_083106(2),1,352,332,"[[190.0,144.0,199.00000000000003,153.0],[194.0,166.99999999999997,202.0,174.0],[202.0,199.0,211.00000000000003,207.00000000000003]]","[{""bbox"":[201.6648406982422,199.17791748046875,210.27784729003906,207.98939514160156],""confidence"":0.63016676902771},{""bbox"":[189.67095947265625,143.64967346191406,198.16481018066406,152.31350708007812],""confidence"":0.5825183987617493},{""bbox"":[194.4295654296875,166.40121459960938,203.1042938232422,175.473876953125],""confidence"":0.4980435371398926},{""bbox"":[193.5746612548828,166.91009521484375,203.52609252929688,177.62203979492188],""confidence"":0.025940725579857826},{""bbox"":[199.88441467285156,199.56008911132812,208.6992950439453,208.25521850585938],""confidence"":0.015153319574892521},{""bbox"":[192.29872131347656,143.05099487304688,200.8303680419922,151.48629760742188],""confidence"":0.007551596499979496},{""bbox"":[187.08450317382812,143.03570556640625,198.41921997070312,155.69984436035156],""confidence"":0.00552746606990695},{""bbox"":[189.15505981445312,143.7960662841797,199.79344177246094,155.71163940429688],""confidence"":0.004827192053198814},{""bbox"":[197.300048828125,165.46945190429688,205.9279022216797,174.23619079589844],""confidence"":0.0034753759391605854}]",9,0.001
002_20200714_083110(8),1,352,332,"[[190.0,155.0,198.0,163.0],[197.0,176.0,203.99999999999997,184.99999999999997],[206.00000000000003,209.00000000000003,213.0,217.99999999999997]]","[{""bbox"":[190.54449462890625,154.91110229492188,198.76219177246094,163.51150512695312],""confidence"":0.6519666314125061},{""bbox"":[195.9317626953125,177.05807495117188,204.89222717285156,186.2215576171875],""confidence"":0.6288551092147827},{""bbox"":[204.3520965576172,209.92678833007812,213.3087921142578,218.9620819091797],""confidence"":0.5742765665054321},{""bbox"":[196.9682159423828,175.6549072265625,206.36634826660156,185.5898895263672],""confidence"":0.13140669465065002},{""bbox"":[205.88072204589844,209.2131805419922,214.97140502929688,218.45425415039062],""confidence"":0.11535599827766418},{""bbox"":[191.8336639404297,153.61778259277344,200.86160278320312,162.67713928222656],""confidence"":0.0405680313706398},{""bbox"":[202.61480712890625,209.22035217285156,213.88584899902344,221.55828857421875],""confidence"":0.01672021858394146},{""bbox"":[191.1503448486328,154.5021209716797,200.83013916015625,164.63394165039062],""confidence"":0.003632098436355591}]",8,0.001
002_20200714_083115(1),1,352,332,"[[195.00000000000003,164.0,202.0,176.0],[196.00000000000003,188.00000000000003,204.0,198.0],[200.00000000000003,222.00000000000003,208.0,231.0]]","[{""bbox"":[196.1840057373047,189.7830352783203,204.81985473632812,198.5749053955078],""confidence"":0.6790944933891296},{""bbox"":[199.93370056152344,223.160888671875,208.50186157226562,231.887451171875],""confidence"":0.6251547932624817},{""bbox"":[193.84129333496094,166.12051391601562,201.90687561035156,174.80067443847656],""confidence"":0.6027509570121765},{""bbox"":[194.9591064453125,166.70993041992188,203.3875274658203,175.135498046875],""confidence"":0.5676674842834473},{""bbox"":[195.5234375,188.8215789794922,205.68685913085938,199.73822021484375],""confidence"":0.17167331278324127},{""bbox"":[191.9086151123047,165.613037109375,202.75587463378906,177.70504760742188],""confidence"":0.015334789641201496},{""bbox"":[193.94834899902344,166.73292541503906,203.89295959472656,177.6575164794922],""confidence"":0.01124548353254795},{""bbox"":[196.60731506347656,166.03199768066406,205.01304626464844,174.27923583984375],""confidence"":0.005037011578679085},{""bbox"":[198.18124389648438,222.39549255371094,209.38299560546875,234.6942901611328],""confidence"":0.0046118260361254215},{""bbox"":[198.5839080810547,220.6951904296875,208.22166442871094,232.98190307617188],""confidence"":0.003084970638155937},{""bbox"":[193.321044921875,163.5306396484375,202.2799530029297,174.99887084960938],""confidence"":0.0019029314862564206}]",11,0.001
002_20200715_002443(4),1,352,332,"[[188.99999999999997,137.0,198.0,145.0],[191.0,160.0,200.00000000000003,169.0],[195.0,194.00000000000003,204.0,202.99999999999997]]","[{""bbox"":[189.70797729492188,137.37255859375,197.72366333007812,145.99847412109375],""confidence"":0.7487152814865112},{""bbox"":[190.816162109375,137.46023559570312,199.4305877685547,146.18658447265625],""confidence"":0.6385170221328735},{""bbox"":[195.38401794433594,194.243896484375,203.75257873535156,202.70018005371094],""confidence"":0.6284180879592896},{""bbox"":[191.51470947265625,161.09951782226562,199.76266479492188,169.31024169921875],""confidence"":0.5999841690063477},{""bbox"":[193.10789489746094,160.93019104003906,200.96762084960938,168.9925994873047],""confidence"":0.07812993228435516},{""bbox"":[196.38172912597656,193.3831787109375,205.48573303222656,202.8918914794922],""confidence"":0.06688567996025085},{""bbox"":[190.9920196533203,159.17723083496094,198.7235107421875,168.911865234375],""confidence"":0.0035146884620189667}]",7,0.001
002_20200715_002447(9),1,352,332,"[[197.0,131.0,205.0,141.0],[200.00000000000003,155.0,208.0,164.0],[205.0,186.0,214.99999999999997,196.99999999999997]]","[{""bbox"":[200.51260375976562,154.37503051757812,209.20896911621094,163.25726318359375],""confidence"":0.7354268431663513},{""bbox"":[196.0391387939453,131.8181610107422,204.647216796875,140.46487426757812],""confidence"":0.6829288005828857},{""bbox"":[204.9183349609375,186.9001922607422,213.40557861328125,195.49607849121094],""confidence"":0.6400689482688904},{""bbox"":[199.58299255371094,153.10711669921875,210.0224609375,164.5547637939453],""confidence"":0.18176378309726715},{""bbox"":[195.20701599121094,131.0174560546875,205.60813903808594,142.47564697265625],""confidence"":0.05320041999220848},{""bbox"":[205.66136169433594,185.17489624023438,215.20486450195312,196.02781677246094],""confidence"":0.02089507132768631},{""bbox"":[194.57814025878906,128.36520385742188,204.22979736328125,140.9287567138672],""confidence"":0.001582967466674745},{""bbox"":[203.51451110839844,185.43687438964844,212.16384887695312,195.6327667236328],""confidence"":0.0015235411701723933},{""bbox"":[202.8260955810547,186.60232543945312,215.3766632080078,199.44564819335938],""confidence"":0.0010435873409733176}]",9,0.001
002_20200715_002456(9),1,352,332,"[[186.0,131.0,197.0,141.0],[189.00000000000003,155.0,200.00000000000003,166.0],[195.0,188.00000000000003,203.0,196.99999999999997]]","[{""bbox"":[187.22877502441406,132.78369140625,195.7791290283203,141.43724060058594],""confidence"":0.7702120542526245},{""bbox"":[190.5261993408203,155.5968780517578,198.6827392578125,164.28469848632812],""confidence"":0.6841764450073242},{""bbox"":[194.41571044921875,189.0176544189453,202.52203369140625,197.3253936767578],""confidence"":0.5533841252326965},{""bbox"":[192.7235870361328,187.9750213623047,203.10977172851562,199.49827575683594],""confidence"":0.01667034812271595},{""bbox"":[192.98907470703125,155.4192657470703,201.1432647705078,163.88169860839844],""confidence"":0.01611209288239479},{""bbox"":[196.7764892578125,188.38722229003906,205.5067596435547,197.08567810058594],""confidence"":0.0029486583080142736}]",6,0.001
002_20200901_043133(6),1,316,332,"[[240.00000000000003,157.0,251.0,167.0]]","[{""bbox"":[239.9134063720703,156.97055053710938,249.451171875,167.2262725830078],""confidence"":0.58736652135849},{""bbox"":[237.84991455078125,157.16867065429688,248.3388671875,167.4915771484375],""confidence"":0.24085794389247894},{""bbox"":[238.56219482421875,156.22183227539062,250.3935089111328,169.08470153808594],""confidence"":0.056392852216959},{""bbox"":[314.1515808105469,0.0,316.0,6.003552436828613],""confidence"":0.020354248583316803},{""bbox"":[313.6352844238281,0.1380695253610611,316.0,7.776933670043945],""confidence"":0.012066920287907124},{""bbox"":[243.2803192138672,157.1826629638672,252.11546325683594,166.08030700683594],""confidence"":0.004905880428850651},{""bbox"":[316.0,0.0,316.0,5.317648410797119],""confidence"":0.0011581657454371452},{""bbox"":[316.0,1.0148003101348877,316.0,7.518633842468262],""confidence"":0.0010394853306934237}]",8,0.001
002_20200901_043136(6),1,316,332,"[[239.0,143.0,250.0,153.0]]","[{""bbox"":[239.2083282470703,142.87095642089844,249.41197204589844,153.47727966308594],""confidence"":0.45309627056121826},{""bbox"":[314.1417541503906,0.0,316.0,6.023488521575928],""confidence"":0.020815055817365646},{""bbox"":[313.6145324707031,0.12734104692935944,316.0,7.793787002563477],""confidence"":0.012278299778699875},{""bbox"":[237.8122100830078,143.5658416748047,250.12530517578125,156.7990264892578],""confidence"":0.007642730139195919},{""bbox"":[237.75442504882812,141.9109344482422,247.38853454589844,152.87066650390625],""confidence"":0.005171019583940506},{""bbox"":[316.0,0.0,316.0,5.333276748657227],""confidence"":0.0011925334110856056},{""bbox"":[316.0,1.0068581104278564,316.0,7.526223659515381],""confidence"":0.0010645970469340682}]",7,0.001
002_20200901_043139(6),1,316,332,"[[243.0,153.0,252.99999999999997,164.0]]","[{""bbox"":[242.12327575683594,153.8174591064453,251.4281005859375,163.8711395263672],""confidence"":0.5586150288581848},{""bbox"":[243.1162872314453,154.3296661376953,252.78402709960938,164.7368621826172],""confidence"":0.03608065843582153},{""bbox"":[314.1476135253906,0.0,316.0,6.011803150177002],""confidence"":0.020597176626324654},{""bbox"":[313.6269226074219,0.13373133540153503,316.0,7.7830400466918945],""confidence"":0.012199446558952332},{""bbox"":[138.3681640625,155.79212951660156,147.35655212402344,164.77191162109375],""confidence"":0.003105943324044347},{""bbox"":[240.7377471923828,151.15081787109375,251.36123657226562,163.5642852783203],""confidence"":0.001675301929935813},{""bbox"":[316.0,0.0,316.0,5.324195861816406],""confidence"":0.0011757317697629333},{""bbox"":[316.0,1.0111476182937622,316.0,7.521186351776123],""confidence"":0.0010539412032812834}]",8,0.001
002_20200901_043142(6),1,316,332,"[[238.0,157.0,248.0,167.0]]","[{""bbox"":[238.53021240234375,156.93521118164062,247.58795166015625,166.7238311767578],""confidence"":0.5405142903327942},{""bbox"":[237.0782470703125,156.42709350585938,248.5191192626953,168.9688262939453],""confidence"":0.02985861338675022},{""bbox"":[314.1499938964844,0.0,316.0,6.007100582122803],""confidence"":0.0204034261405468},{""bbox"":[313.6319580078125,0.13664473593235016,316.0,7.78022575378418],""confidence"":0.01208401471376419},{""bbox"":[236.6466064453125,155.08944702148438,246.4456787109375,166.81007385253906],""confidence"":0.0012335964711382985},{""bbox"":[316.0,0.0,316.0,5.320431232452393],""confidence"":0.0011623211903497577},{""bbox"":[316.0,1.0138826370239258,316.0,7.520264625549316],""confidence"":0.0010419402970001101}]",7,0.001
002_20200901_043145(5),1,316,332,"[[237.0,155.0,246.99999999999997,164.0]]","[{""bbox"":[238.49623107910156,155.34222412109375,247.6207733154297,164.80662536621094],""confidence"":0.4697834849357605},{""bbox"":[314.15020751953125,0.0,316.0,6.0063958168029785],""confidence"":0.020394211634993553},{""bbox"":[313.63238525390625,0.13664868474006653,316.0,7.779606819152832],""confidence"":0.012076974846422672},{""bbox"":[237.00799560546875,156.17001342773438,248.9131622314453,168.6027374267578],""confidence"":0.001221486134454608},{""bbox"":[316.0,0.0,316.0,5.319851398468018],""confidence"":0.001161449239589274},{""bbox"":[316.0,1.0138641595840454,316.0,7.51993989944458],""confidence"":0.0010411300463601947}]",6,0.001
002_20200901_043148(6),1,316,332,"[[239.0,154.0,248.0,165.0]]","[{""bbox"":[237.68020629882812,154.70750427246094,247.15924072265625,164.2306671142578],""confidence"":0.6122972369194031},{""bbox"":[236.50326538085938,153.46287536621094,247.6157684326172,165.251708984375],""confidence"":0.2709938883781433},{""bbox"":[238.59910583496094,154.53135681152344,248.81491088867188,165.25039672851562],""confidence"":0.029478739947080612},{""bbox"":[314.1488037109375,0.0,316.0,6.008729934692383],""confidence"":0.02055751532316208},{""bbox"":[313.6300048828125,0.1360812485218048,316.0,7.779999732971191],""confidence"":0.012203486636281013},{""bbox"":[234.01663208007812,154.5915985107422,244.2096405029297,164.7519989013672],""confidence"":0.002624184126034379},{""bbox"":[235.65451049804688,155.84860229492188,248.55543518066406,168.70071411132812],""confidence"":0.0012106375070288777},{""bbox"":[316.0,0.0,316.0,5.322048187255859],""confidence"":0.0011722176568582654},{""bbox"":[316.0,1.0128425359725952,316.0,7.520016193389893],""confidence"":0.0010531543521210551}]",9,0.001
002_20200905_043156(0),1,316,332,"[[250.0,167.0,259.0,177.0]]","[{""bbox"":[251.1523895263672,167.26296997070312,260.80987548828125,177.33554077148438],""confidence"":0.5485619902610779},{""bbox"":[314.1504211425781,0.0,316.0,6.005644798278809],""confidence"":0.02034612186253071},{""bbox"":[313.63287353515625,0.13729529082775116,316.0,7.779541492462158],""confidence"":0.012044220231473446},{""bbox"":[150.58566284179688,168.29678344726562,161.43746948242188,179.67498779296875],""confidence"":0.0031442686449736357},{""bbox"":[249.9415740966797,168.65786743164062,261.8001708984375,181.14877319335938],""confidence"":0.0021398579701781273},{""bbox"":[251.45298767089844,163.42327880859375,261.2116394042969,174.96669006347656],""confidence"":0.0013556461781263351},{""bbox"":[316.0,0.0,316.0,5.319160461425781],""confidence"":0.0011577620171010494},{""bbox"":[316.0,1.0145200490951538,316.0,7.520018100738525],""confidence"":0.0010372363030910492}]",8,0.001
002_20200905_043200(0),1,316,332,"[[252.0,171.00000000000003,261.0,181.0]]","[{""bbox"":[252.87066650390625,171.68212890625,262.8269958496094,181.55934143066406],""confidence"":0.46301859617233276},{""bbox"":[314.1487121582031,0.0,316.0,6.009766101837158],""confidence"":0.020389772951602936},{""bbox"":[313.6289367675781,0.13490629196166992,316.0,7.783756256103516],""confidence"":0.012043080292642117},{""bbox"":[250.6134033203125,171.9891815185547,260.4335632324219,182.0821990966797],""confidence"":0.007520995568484068},{""bbox"":[250.87423706054688,172.61537170410156,263.341796875,185.30877685546875],""confidence"":0.0021998481824994087},{""bbox"":[151.99925231933594,173.09324645996094,161.6981964111328,183.10362243652344],""confidence"":0.0016487976536154747},{""bbox"":[316.0,0.0,316.0,5.322359561920166],""confidence"":0.001161998021416366},{""bbox"":[316.0,1.013074278831482,316.0,7.5220842361450195],""confidence"":0.0010387032525613904}]",8,0.001
002_20200905_043204(0),1,316,332,"[[246.0,170.0,257.0,178.99999999999997]]","[{""bbox"":[248.15567016601562,170.15652465820312,257.4599304199219,179.65733337402344],""confidence"":0.7127387523651123},{""bbox"":[246.90065002441406,170.3025665283203,255.7279815673828,180.0020294189453],""confidence"":0.04886311665177345},{""bbox"":[314.1490478515625,0.0,316.0,6.008998394012451],""confidence"":0.02037843130528927},{""bbox"":[313.6297912597656,0.13548658788204193,316.0,7.782985210418701],""confidence"":0.012042870745062828},{""bbox"":[146.81771850585938,168.8258056640625,157.730712890625,180.12603759765625],""confidence"":0.005087899509817362},{""bbox"":[144.32736206054688,166.78062438964844,152.73443603515625,175.25831604003906],""confidence"":0.0012744901468977332},{""bbox"":[316.0,0.0,316.0,5.321761131286621],""confidence"":0.001161038875579834},{""bbox"":[316.0,1.0134613513946533,316.0,7.5217156410217285],""confidence"":0.0010384049965068698}]",8,0.001
002_20200905_043208(0),1,316,332,"[[240.00000000000003,171.0,250.0,179.0]]","[{""bbox"":[242.6721954345703,169.24769592285156,251.66775512695312,178.89549255371094],""confidence"":0.6085822582244873},{""bbox"":[243.00294494628906,167.33245849609375,252.82373046875,178.65057373046875],""confidence"":0.0851498395204544},{""bbox"":[240.78182983398438,169.98223876953125,251.33392333984375,181.2010955810547],""confidence"":0.02417760156095028},{""bbox"":[314.1484069824219,0.0,316.0,6.010165214538574],""confidence"":0.02038458175957203},{""bbox"":[313.6283264160156,0.1348152607679367,316.0,7.784307479858398],""confidence"":0.012036296539008617},{""bbox"":[140.47119140625,172.8651123046875,150.74684143066406,183.59902954101562],""confidence"":0.003352372907102108},{""bbox"":[243.199462890625,170.6632080078125,252.72560119628906,181.07101440429688],""confidence"":0.001598980976268649},{""bbox"":[316.0,0.0,316.0,5.322624683380127],""confidence"":0.0011615310795605183},{""bbox"":[140.53660583496094,176.46173095703125,149.00030517578125,185.27967834472656],""confidence"":0.001060709124431014},{""bbox"":[316.0,1.0130802392959595,316.0,7.522384166717529],""confidence"":0.0010378462029621005}]",10,0.001
002_20200905_043212(1),1,316,332,"[[242.00000000000003,168.00000000000003,250.0,178.0]]","[{""bbox"":[243.1097412109375,168.55291748046875,252.32235717773438,178.3218994140625],""confidence"":0.5224488973617554},{""bbox"":[243.75352478027344,166.97406005859375,253.50408935546875,177.58468627929688],""confidence"":0.14969274401664734},{""bbox"":[314.1481628417969,0.0,316.0,6.010505199432373],""confidence"":0.020398221909999847},{""bbox"":[313.62786865234375,0.13448330760002136,316.0,7.784509181976318],""confidence"":0.012042473070323467},{""bbox"":[242.0716094970703,169.67596435546875,252.3419952392578,181.11227416992188],""confidence"":0.009295611642301083},{""bbox"":[316.0,0.0,316.0,5.3228678703308105],""confidence"":0.0011623998871073127},{""bbox"":[316.0,1.012797474861145,316.0,7.522431373596191],""confidence"":0.0010385013883933425}]",7,0.001
002_20200905_043216(0),1,316,332,"[[250.0,171.00000000000003,260.0,181.0]]","[{""bbox"":[251.74842834472656,171.13858032226562,260.8588562011719,180.59640502929688],""confidence"":0.6706908345222473},{""bbox"":[314.148681640625,0.0,316.0,6.009442329406738],""confidence"":0.02037818357348442},{""bbox"":[313.6290283203125,0.13516651093959808,316.0,7.78354549407959],""confidence"":0.01203610934317112},{""bbox"":[251.044677734375,167.66708374023438,260.9007873535156,179.51519775390625],""confidence"":0.0023286074865609407},{""bbox"":[316.0,0.0,316.0,5.322057723999023],""confidence"":0.0011608419008553028},{""bbox"":[316.0,1.0132535696029663,316.0,7.522010803222656],""confidence"":0.0010375145357102156}]",6,0.001
002_20200905_204033(3),1,316,332,"[[253.00000000000003,169.0,264.0,177.99999999999997]]","[{""bbox"":[253.11973571777344,167.14173889160156,263.2315673828125,177.2415313720703],""confidence"":0.5581519603729248},{""bbox"":[255.3192596435547,166.26634216308594,264.7987365722656,175.9119415283203],""confidence"":0.030946504324674606},{""bbox"":[314.15093994140625,0.0,316.0,6.003632068634033],""confidence"":0.020311035215854645},{""bbox"":[313.6341552734375,0.13858254253864288,316.0,7.777867794036865],""confidence"":0.012027335353195667},{""bbox"":[255.0229034423828,167.50840759277344,264.88372802734375,177.87109375],""confidence"":0.005449892021715641},{""bbox"":[251.46473693847656,168.48883056640625,263.8512878417969,181.21548461914062],""confidence"":0.0035100369714200497},{""bbox"":[316.0,0.0,316.0,5.317499160766602],""confidence"":0.0011539342813193798},{""bbox"":[316.0,1.0152760744094849,316.0,7.519279956817627],""confidence"":0.0010335451224818826}]",8,0.001
002_20200905_204039(5),1,316,332,"[[244.0,202.0,253.99999999999997,211.99999999999997]]","[{""bbox"":[244.69082641601562,201.05064392089844,254.74411010742188,211.2328338623047],""confidence"":0.4833037257194519},{""bbox"":[314.1407775878906,0.0,316.0,6.0292253494262695],""confidence"":0.02089867554605007},{""bbox"":[243.4633331298828,202.1176300048828,254.6664276123047,214.4271697998047],""confidence"":0.014227187260985374},{""bbox"":[247.54574584960938,199.7725830078125,256.58111572265625,209.1457977294922],""confidence"":0.012527313083410263},{""bbox"":[313.61077880859375,0.12061040848493576,316.0,7.798962116241455],""confidence"":0.012275870889425278},{""bbox"":[246.4734649658203,201.10536193847656,256.6148681640625,211.81651306152344],""confidence"":0.0019666231237351894},{""bbox"":[316.0,0.0,316.0,5.337885856628418],""confidence"":0.0012033650418743491},{""bbox"":[316.0,1.0026686191558838,316.0,7.5283074378967285],""confidence"":0.001072502345778048}]",8,0.001
002_20200905_204042(9),1,316,332,"[[248.00000000000003,163.00000000000003,256.0,171.00000000000003]]","[{""bbox"":[248.21742248535156,160.55386352539062,258.74566650390625,170.90846252441406],""confidence"":0.5861374735832214},{""bbox"":[246.3433074951172,160.4585418701172,256.8214111328125,170.89395141601562],""confidence"":0.028803734108805656},{""bbox"":[314.1385803222656,0.0,316.0,6.030601978302002],""confidence"":0.02106686681509018},{""bbox"":[313.607666015625,0.12273719906806946,316.0,7.79863166809082],""confidence"":0.012425125576555729},{""bbox"":[147.0341033935547,152.5863037109375,157.08773803710938,162.9093780517578],""confidence"":0.005350437946617603},{""bbox"":[245.6923370361328,161.48202514648438,256.4846496582031,172.91200256347656],""confidence"":0.0020568028558045626},{""bbox"":[251.66822814941406,160.3542938232422,260.54498291015625,169.41848754882812],""confidence"":0.0016579270595684648},{""bbox"":[316.0,0.0,316.0,5.339022636413574],""confidence"":0.0012116058496758342},{""bbox"":[316.0,1.0030508041381836,316.0,7.527953147888184],""confidence"":0.0010822605108842254}]",9,0.001
002_20200905_204046(0),1,316,332,"[[244.0,166.99999999999997,253.99999999999997,175.0]]","[{""bbox"":[246.28756713867188,165.24098205566406,255.23291015625,174.74325561523438],""confidence"":0.5333132147789001},{""bbox"":[245.14439392089844,166.1748046875,254.79257202148438,176.91708374023438],""confidence"":0.030117712914943695},{""bbox"":[314.1495666503906,0.0,316.0,6.006744384765625],""confidence"":0.02037224918603897},{""bbox"":[247.5556182861328,163.2073211669922,256.4163513183594,172.39993286132812],""confidence"":0.019332922995090485},{""bbox"":[313.63116455078125,0.1366744190454483,316.0,7.780582427978516],""confidence"":0.01205182634294033},{""bbox"":[247.7244873046875,167.33802795410156,256.7095947265625,176.8436737060547],""confidence"":0.0022938072215765715},{""bbox"":[143.9624786376953,173.1655731201172,152.84158325195312,182.2872314453125],""confidence"":0.0012574878055602312},{""bbox"":[316.0,0.0,316.0,5.319935321807861],""confidence"":0.0011590624926611781},{""bbox"":[316.0,1.0139739513397217,316.0,7.520484924316406],""confidence"":0.0010373825207352638}]",9,0.001
002_20200905_204049(1),1,316,332,"[[249.00000000000003,158.0,256.0,168.0]]","[{""bbox"":[248.71707153320312,158.48817443847656,258.9739685058594,168.31277465820312],""confidence"":0.718291699886322},{""bbox"":[251.20425415039062,157.59999084472656,260.6015319824219,167.47889709472656],""confidence"":0.1101376861333847},{""bbox"":[314.14776611328125,0.0,316.0,6.00987434387207],""confidence"":0.020680969581007957},{""bbox"":[313.6285095214844,0.13685844838619232,316.0,7.779587745666504],""confidence"":0.012318822555243969},{""bbox"":[148.2577667236328,137.2034912109375,159.20318603515625,148.0223846435547],""confidence"":0.00626396294683218},{""bbox"":[247.333984375,159.9949493408203,260.2275085449219,172.87710571289062],""confidence"":0.0038001304492354393},{""bbox"":[150.0031280517578,137.8369140625,161.11465454101562,148.9228515625],""confidence"":0.002526845782995224},{""bbox"":[246.3436279296875,157.85926818847656,257.0647888183594,168.4133758544922],""confidence"":0.001966676441952586},{""bbox"":[316.0,0.0,316.0,5.322964668273926],""confidence"":0.001179092563688755},{""bbox"":[316.0,1.0128004550933838,316.0,7.5194621086120605],""confidence"":0.001062315423041582}]",10,0.001
002_20200905_204052(3),1,316,332,"[[241.00000000000003,169.0,250.0,177.99999999999997]]","[{""bbox"":[240.8186798095703,167.3970184326172,250.53060913085938,177.09274291992188],""confidence"":0.5608041286468506},{""bbox"":[242.9306182861328,166.36256408691406,252.2170867919922,175.76510620117188],""confidence"":0.022554032504558563},{""bbox"":[314.1494140625,0.0,316.0,6.00783634185791],""confidence"":0.02036316506564617},{""bbox"":[313.63067626953125,0.13603919744491577,316.0,7.781904220581055],""confidence"":0.012037470005452633},{""bbox"":[242.74464416503906,167.85035705566406,252.33213806152344,177.78643798828125],""confidence"":0.006942661013454199},{""bbox"":[138.87103271484375,171.4128875732422,149.69696044921875,182.2007598876953],""confidence"":0.0034219459630548954},{""bbox"":[240.18141174316406,168.6417999267578,252.08682250976562,181.0264129638672],""confidence"":0.0015552606200799346},{""bbox"":[316.0,0.0,316.0,5.32084846496582],""confidence"":0.0011595411924645305},{""bbox"":[316.0,1.0137906074523926,316.0,7.521206855773926],""confidence"":0.0010373375844210386}]",9,0.001
002_20200906_003114(8),1,316,332,"[[244.0,143.0,256.0,154.0]]","[{""bbox"":[245.29429626464844,143.88494873046875,254.76266479492188,153.80039978027344],""confidence"":0.5868896245956421},{""bbox"":[245.92726135253906,142.1551055908203,255.7229766845703,153.3310546875],""confidence"":0.13961057364940643},{""bbox"":[247.34461975097656,142.13702392578125,256.4585266113281,151.57958984375],""confidence"":0.028106670826673508},{""bbox"":[314.0406188964844,0.0,316.0,6.229157447814941],""confidence"":0.02465505711734295},{""bbox"":[243.71710205078125,143.8517608642578,255.45806884765625,156.5366668701172],""confidence"":0.021591154858469963},{""bbox"":[241.86183166503906,144.1822052001953,252.41650390625,154.64291381835938],""confidence"":0.0037524604704231024},{""bbox"":[316.0,0.0,316.0,5.494583606719971],""confidence"":0.0015123182674869895},{""bbox"":[316.0,0.9260330200195312,316.0,7.6185383796691895],""confidence"":0.0012588354293256998},{""bbox"":[147.52047729492188,146.77955627441406,156.98419189453125,156.28665161132812],""confidence"":0.001002321019768715}]",9,0.001
002_20200906_003118(7),1,316,332,"[[246.0,136.0,256.0,145.0]]","[{""bbox"":[246.39642333984375,135.2467803955078,255.50376892089844,144.78602600097656],""confidence"":0.6185340881347656},{""bbox"":[247.0123291015625,133.6397705078125,256.7797546386719,144.411376953125],""confidence"":0.27352476119995117},{""bbox"":[314.01263427734375,0.0,316.0,6.2823805809021],""confidence"":0.02527332492172718},{""bbox"":[243.63194274902344,135.49461364746094,255.49119567871094,148.22238159179688],""confidence"":0.004163319244980812},{""bbox"":[147.6010284423828,150.90084838867188,156.7158203125,160.0791473388672],""confidence"":0.0020985405426472425},{""bbox"":[316.0,0.0,316.0,5.534653186798096],""confidence"":0.0015698906499892473},{""bbox"":[316.0,0.9092885255813599,316.0,7.647317886352539],""confidence"":0.0012764101848006248}]",7,0.001
002_20200906_003122(7),1,316,332,"[[248.00000000000003,153.0,258.0,163.0]]","[{""bbox"":[249.7610626220703,152.8941192626953,258.88922119140625,162.6014404296875],""confidence"":0.6459366679191589},{""bbox"":[251.5871124267578,152.46917724609375,260.39984130859375,161.55563354492188],""confidence"":0.0860598236322403},{""bbox"":[248.22625732421875,152.45819091796875,259.5519104003906,164.69854736328125],""confidence"":0.03295479714870453},{""bbox"":[314.07861328125,0.0,316.0,6.153817176818848],""confidence"":0.023377131670713425},{""bbox"":[313.47735595703125,0.04920866712927818,316.0,7.91727352142334],""confidence"":0.01318121887743473},{""bbox"":[246.1836700439453,153.43841552734375,255.28598022460938,163.32432556152344],""confidence"":0.0029105795547366142},{""bbox"":[151.73150634765625,154.64503479003906,160.99856567382812,164.05091857910156],""confidence"":0.0019196340581402183},{""bbox"":[149.47061157226562,153.60012817382812,157.993896484375,162.33392333984375],""confidence"":0.0018999830354005098},{""bbox"":[316.0,0.0,316.0,5.4356584548950195],""confidence"":0.0014017752837389708},{""bbox"":[316.0,0.9537632465362549,316.0,7.582069396972656],""confidence"":0.0012004851596429944},{""bbox"":[251.2852783203125,153.80047607421875,260.94598388671875,164.4857635498047],""confidence"":0.0010300349676981568}]",11,0.001
002_20200906_003126(8),1,316,332,"[[243.0,143.99999999999997,250.99999999999997,154.0]]","[{""bbox"":[242.9522247314453,144.5109405517578,252.27902221679688,154.46524047851562],""confidence"":0.597956657409668},{""bbox"":[243.66331481933594,142.08355712890625,253.2156982421875,152.26914978027344],""confidence"":0.08959740400314331},{""bbox"":[244.39524841308594,142.3274688720703,254.56051635742188,153.78282165527344],""confidence"":0.0682031512260437},{""bbox"":[314.04833984375,0.0,316.0,6.213497161865234],""confidence"":0.024227218702435493},{""bbox"":[313.4103698730469,0.015468365512788296,316.0,7.98311710357666],""confidence"":0.013341093435883522},{""bbox"":[240.7028045654297,144.71212768554688,251.66738891601562,156.60531616210938],""confidence"":0.01041304413229227},{""bbox"":[316.0,0.0,316.0,5.481598377227783],""confidence"":0.0014771036803722382},{""bbox"":[316.0,0.9331866502761841,316.0,7.611720085144043],""confidence"":0.0012364137219265103}]",8,0.001
002_20200906_003132(7),1,316,332,"[[245.0,153.0,255.0,161.0]]","[{""bbox"":[248.3223419189453,151.6474151611328,257.7074279785156,161.26344299316406],""confidence"":0.6402506828308105},{""bbox"":[246.2987060546875,152.01300048828125,255.64234924316406,161.84703063964844],""confidence"":0.18517640233039856},{""bbox"":[314.0599060058594,0.0,316.0,6.190886497497559],""confidence"":0.023929158225655556},{""bbox"":[313.4361267089844,0.027806151658296585,316.0,7.957298755645752],""confidence"":0.013295883312821388},{""bbox"":[245.79495239257812,151.78558349609375,258.3726806640625,164.6740264892578],""confidence"":0.003572304267436266},{""bbox"":[316.0,0.0,316.0,5.464296340942383],""confidence"":0.001450169482268393},{""bbox"":[316.0,0.9404570460319519,316.0,7.600137710571289],""confidence"":0.0012245160760357976},{""bbox"":[251.6428985595703,150.32972717285156,260.3183288574219,158.9679412841797],""confidence"":0.0011900743702426553}]",8,0.001
