stem,fold_id,width,height,gt_boxes_json,prediction_boxes_json,prediction_count_at_floor,confidence_floor
001_20200622_203330(3),1,576,444,"[[363.0,228.00000000000003,372.0,237.0],[366.0,257.0,376.0,272.0],[371.99999999999994,294.0,383.0,305.00000000000006]]","[{""bbox"":[364.9278564453125,256.755859375,378.0986022949219,270.4259338378906],""confidence"":0.6475218534469604,""patch_id"":""""},{""bbox"":[371.4964599609375,293.75909423828125,383.4991455078125,306.39996337890625],""confidence"":0.5984336733818054,""patch_id"":""""},{""bbox"":[361.04864501953125,226.32330322265625,372.8337707519531,238.4033203125],""confidence"":0.5600606799125671,""patch_id"":""""},{""bbox"":[370.17034912109375,293.306396484375,381.9864807128906,305.2222595214844],""confidence"":0.18809987604618073,""patch_id"":""""},{""bbox"":[493.1915283203125,274.1327209472656,503.8746337890625,284.9318542480469],""confidence"":0.04274125024676323,""patch_id"":""""},{""bbox"":[359.79510498046875,225.06277465820312,370.90863037109375,236.2335205078125],""confidence"":0.03363361954689026,""patch_id"":""""},{""bbox"":[364.0233459472656,257.01025390625,375.8133239746094,269.01611328125],""confidence"":0.014052866958081722,""patch_id"":""""},{""bbox"":[365.1893005371094,255.50323486328125,376.7212219238281,267.7769775390625],""confidence"":0.011392440646886826,""patch_id"":""""},{""bbox"":[425.5953063964844,217.65469360351562,435.3210754394531,228.15476989746094],""confidence"":0.006247988436371088,""patch_id"":""""},{""bbox"":[367.2252502441406,256.03643798828125,381.02392578125,269.028076171875],""confidence"":0.005916366819292307,""patch_id"":""""},{""bbox"":[428.4666748046875,217.0769805908203,438.6623840332031,228.08177185058594],""confidence"":0.005371846724301577,""patch_id"":""""},{""bbox"":[348.8913879394531,262.6480407714844,359.6750183105469,273.2174377441406],""confidence"":0.003918990958482027,""patch_id"":""""},{""bbox"":[358.59906005859375,222.62181091308594,370.7088623046875,234.95440673828125],""confidence"":0.003768713679164648,""patch_id"":""""},{""bbox"":[369.65673828125,294.3382873535156,384.2867736816406,309.3740539550781],""confidence"":0.0037146005779504776,""patch_id"":""""},{""bbox"":[444.7608642578125,216.01837158203125,456.3883056640625,227.64794921875],""confidence"":0.0035741631872951984,""patch_id"":""""},{""bbox"":[389.8036804199219,294.5406494140625,398.9005126953125,303.7333984375],""confidence"":0.002728632651269436,""patch_id"":""""},{""bbox"":[460.9754943847656,213.5357666015625,471.95269775390625,224.8427734375],""confidence"":0.002668301807716489,""patch_id"":""""},{""bbox"":[369.44635009765625,291.1553039550781,380.6534118652344,303.16949462890625],""confidence"":0.002592371078208089,""patch_id"":""""},{""bbox"":[396.4709167480469,222.26280212402344,406.1104431152344,232.25344848632812],""confidence"":0.0022876281291246414,""patch_id"":""""},{""bbox"":[423.26629638671875,217.36790466308594,433.26385498046875,227.7922821044922],""confidence"":0.002283681882545352,""patch_id"":""""},{""bbox"":[348.8535461425781,264.4405822753906,359.4366760253906,275.353515625],""confidence"":0.0017755689332261682,""patch_id"":""""},{""bbox"":[431.8204040527344,216.73255920410156,442.0189514160156,227.2884979248047],""confidence"":0.001604733755812049,""patch_id"":""""},{""bbox"":[351.3697814941406,257.49700927734375,362.4324645996094,268.2828369140625],""confidence"":0.0015007905894890428,""patch_id"":""""},{""bbox"":[350.4443054199219,259.9649658203125,360.96270751953125,270.22119140625],""confidence"":0.0015006348257884383,""patch_id"":""""},{""bbox"":[491.6522216796875,274.62255859375,504.2133483886719,287.3250427246094],""confidence"":0.0012531212996691465,""patch_id"":""""},{""bbox"":[394.4984436035156,222.5081787109375,404.3074645996094,232.5471649169922],""confidence"":0.001169596565887332,""patch_id"":""""}]",26,0.001
001_20200623_003516(8),1,576,444,"[[346.99999999999994,178.0,358.0,189.99999999999997],[342.99999999999994,211.0,358.0,223.99999999999997],[341.00000000000006,253.00000000000003,353.0,267.0]]","[{""bbox"":[339.52923583984375,255.24192810058594,351.5367126464844,267.4522399902344],""confidence"":0.5638958811759949,""patch_id"":""""},{""bbox"":[343.37109375,210.6524200439453,355.5574035644531,223.23573303222656],""confidence"":0.5426999926567078,""patch_id"":""""},{""bbox"":[348.0567932128906,177.61387634277344,359.0302734375,188.90353393554688],""confidence"":0.5349358916282654,""patch_id"":""""},{""bbox"":[347.2778625488281,175.77520751953125,358.4493103027344,187.59352111816406],""confidence"":0.1395670473575592,""patch_id"":""""},{""bbox"":[348.4480285644531,178.7849578857422,360.5910949707031,190.751708984375],""confidence"":0.06705944985151291,""patch_id"":""""},{""bbox"":[327.1438903808594,214.70907592773438,339.6442565917969,227.312255859375],""confidence"":0.06525766849517822,""patch_id"":""""},{""bbox"":[474.36578369140625,217.64190673828125,485.7010498046875,228.88641357421875],""confidence"":0.033136170357465744,""patch_id"":""""},{""bbox"":[338.5882873535156,253.6282501220703,349.8383483886719,264.5780334472656],""confidence"":0.022870663553476334,""patch_id"":""""},{""bbox"":[327.2237243652344,213.81503295898438,338.3279724121094,224.5232391357422],""confidence"":0.017370104789733887,""patch_id"":""""},{""bbox"":[342.6832580566406,209.55096435546875,354.13226318359375,220.10189819335938],""confidence"":0.01641702465713024,""patch_id"":""""},{""bbox"":[327.5853576660156,215.77450561523438,341.36737060546875,229.87326049804688],""confidence"":0.010624832473695278,""patch_id"":""""},{""bbox"":[341.734619140625,257.50384521484375,353.8988952636719,269.65625],""confidence"":0.007110752165317535,""patch_id"":""""},{""bbox"":[345.55828857421875,213.19699096679688,358.1941223144531,225.93026733398438],""confidence"":0.004007064271718264,""patch_id"":""""},{""bbox"":[337.43609619140625,251.44100952148438,349.33111572265625,263.5281677246094],""confidence"":0.0040013669058680534,""patch_id"":""""},{""bbox"":[324.6089782714844,256.1430358886719,335.1672668457031,267.1311340332031],""confidence"":0.0033812851179391146,""patch_id"":""""},{""bbox"":[341.5520935058594,204.07626342773438,352.65234375,215.29824829101562],""confidence"":0.0027661630883812904,""patch_id"":""""},{""bbox"":[324.1316223144531,255.53736877441406,333.9242858886719,265.54547119140625],""confidence"":0.002210685983300209,""patch_id"":""""},{""bbox"":[474.9210510253906,219.72808837890625,485.2201843261719,230.53858947753906],""confidence"":0.001621800009161234,""patch_id"":""""},{""bbox"":[472.96234130859375,215.3455047607422,483.7950744628906,226.8238067626953],""confidence"":0.0015569941606372595,""patch_id"":""""},{""bbox"":[349.7296447753906,178.18235778808594,363.37762451171875,190.77203369140625],""confidence"":0.0014830958098173141,""patch_id"":""""},{""bbox"":[441.9983215332031,211.25099182128906,453.0928039550781,221.47998046875],""confidence"":0.0014338126638904214,""patch_id"":""""},{""bbox"":[328.4878234863281,210.8755340576172,338.55157470703125,220.752685546875],""confidence"":0.0014079269021749496,""patch_id"":""""}]",22,0.001
001_20200623_003520(5),1,576,444,"[[339.99999999999994,183.0,351.0,198.0],[340.0,218.00000000000003,355.00000000000006,229.00000000000003],[346.99999999999994,260.0,358.0,273.99999999999994]]","[{""bbox"":[341.3642578125,216.68785095214844,354.2207946777344,229.83958435058594],""confidence"":0.7104080319404602,""patch_id"":""""},{""bbox"":[345.6153564453125,261.3620910644531,357.8973083496094,274.1255798339844],""confidence"":0.6731614470481873,""patch_id"":""""},{""bbox"":[340.1249084472656,183.3365936279297,351.9046630859375,195.28158569335938],""confidence"":0.6115990281105042,""patch_id"":""""},{""bbox"":[406.93817138671875,218.64468383789062,416.1197204589844,228.36021423339844],""confidence"":0.1555183380842209,""patch_id"":""""},{""bbox"":[338.99395751953125,216.987548828125,351.2021789550781,228.9510040283203],""confidence"":0.06854217499494553,""patch_id"":""""},{""bbox"":[442.60333251953125,217.2566680908203,453.7833557128906,228.4539337158203],""confidence"":0.04335501790046692,""patch_id"":""""},{""bbox"":[475.7188720703125,218.5235595703125,485.2370910644531,228.30335998535156],""confidence"":0.036389756947755814,""patch_id"":""""},{""bbox"":[385.9373474121094,218.01736450195312,394.6731262207031,227.80783081054688],""confidence"":0.03486493229866028,""patch_id"":""""},{""bbox"":[343.77435302734375,258.77764892578125,356.09912109375,271.2083435058594],""confidence"":0.030330082401633263,""patch_id"":""""},{""bbox"":[383.6612854003906,217.7647247314453,392.814453125,227.7439422607422],""confidence"":0.025140153244137764,""patch_id"":""""},{""bbox"":[344.0386657714844,261.649658203125,359.06390380859375,276.8381652832031],""confidence"":0.023008037358522415,""patch_id"":""""},{""bbox"":[340.7304992675781,184.22068786621094,353.853759765625,197.29733276367188],""confidence"":0.02085956186056137,""patch_id"":""""},{""bbox"":[407.1737365722656,217.8787078857422,418.7600402832031,229.44692993164062],""confidence"":0.01707235723733902,""patch_id"":""""},{""bbox"":[365.49017333984375,217.18893432617188,375.62286376953125,227.47972106933594],""confidence"":0.013389598578214645,""patch_id"":""""},{""bbox"":[404.97198486328125,218.92515563964844,415.80230712890625,230.0084991455078],""confidence"":0.010997387580573559,""patch_id"":""""},{""bbox"":[475.1260070800781,219.89926147460938,485.6072692871094,230.6239013671875],""confidence"":0.009050373919308186,""patch_id"":""""},{""bbox"":[341.8852844238281,182.89964294433594,355.9413146972656,195.7404022216797],""confidence"":0.00814804807305336,""patch_id"":""""},{""bbox"":[443.5625915527344,219.03799438476562,454.2171936035156,230.2985382080078],""confidence"":0.007622547913342714,""patch_id"":""""},{""bbox"":[386.3997802734375,217.65565490722656,397.21795654296875,228.3600311279297],""confidence"":0.005483581684529781,""patch_id"":""""},{""bbox"":[338.6007080078125,182.04383850097656,350.07318115234375,193.56069946289062],""confidence"":0.004598113242536783,""patch_id"":""""},{""bbox"":[340.832763671875,217.29083251953125,356.11077880859375,232.73184204101562],""confidence"":0.0035679128486663103,""patch_id"":""""},{""bbox"":[365.3525695800781,215.5946044921875,377.7719421386719,228.0273895263672],""confidence"":0.003166698617860675,""patch_id"":""""},{""bbox"":[384.7974548339844,219.37710571289062,395.31707763671875,229.93914794921875],""confidence"":0.0030576959252357483,""patch_id"":""""},{""bbox"":[340.51348876953125,215.44383239746094,352.0136413574219,227.6931610107422],""confidence"":0.002937176963314414,""patch_id"":""""},{""bbox"":[408.1170349121094,220.02310180664062,418.54315185546875,230.50318908691406],""confidence"":0.002768102567642927,""patch_id"":""""},{""bbox"":[343.63916015625,215.39599609375,356.976318359375,228.72674560546875],""confidence"":0.0027437417302280664,""patch_id"":""""},{""bbox"":[384.5789489746094,215.8954620361328,395.94256591796875,227.99282836914062],""confidence"":0.0025554904714226723,""patch_id"":""""},{""bbox"":[380.88336181640625,217.41162109375,390.1867980957031,227.45709228515625],""confidence"":0.0022636735811829567,""patch_id"":""""},{""bbox"":[474.288330078125,217.36993408203125,486.93206787109375,229.1737518310547],""confidence"":0.0018692894373089075,""patch_id"":""""},{""bbox"":[337.3846740722656,183.6798858642578,351.3416442871094,197.78457641601562],""confidence"":0.0017780554480850697,""patch_id"":""""},{""bbox"":[382.2744445800781,219.00888061523438,392.9698486328125,229.94577026367188],""confidence"":0.00177580991294235,""patch_id"":""""},{""bbox"":[342.6545715332031,260.572021484375,355.1812744140625,272.9007568359375],""confidence"":0.001360206282697618,""patch_id"":""""},{""bbox"":[369.384521484375,217.30374145507812,379.6226806640625,228.0069580078125],""confidence"":0.0011934509966522455,""patch_id"":""""}]",33,0.001
001_20200623_003524(0),1,576,444,"[[342.0,186.0,355.0,196.0],[341.0,215.00000000000003,356.0,232.0],[340.0,263.0,353.0,275.0]]","[{""bbox"":[343.53350830078125,183.72666931152344,355.8935852050781,196.32183837890625],""confidence"":0.6336936950683594,""patch_id"":""""},{""bbox"":[340.72882080078125,262.7790222167969,352.75225830078125,274.8410339355469],""confidence"":0.6279663443565369,""patch_id"":""""},{""bbox"":[342.01593017578125,217.32994079589844,354.1009826660156,229.69406127929688],""confidence"":0.6181832551956177,""patch_id"":""""},{""bbox"":[340.30096435546875,261.4242858886719,351.62115478515625,273.1918640136719],""confidence"":0.297066330909729,""patch_id"":""""},{""bbox"":[341.82745361328125,262.7913818359375,355.73931884765625,276.010498046875],""confidence"":0.021816231310367584,""patch_id"":""""},{""bbox"":[340.58929443359375,217.8548126220703,354.8965759277344,232.68206787109375],""confidence"":0.019948499277234077,""patch_id"":""""},{""bbox"":[325.82757568359375,222.83639526367188,336.84893798828125,233.14761352539062],""confidence"":0.018155397847294807,""patch_id"":""""},{""bbox"":[475.556396484375,213.79080200195312,486.69256591796875,225.07992553710938],""confidence"":0.008367770351469517,""patch_id"":""""},{""bbox"":[326.231689453125,224.30319213867188,337.7963562011719,236.12448120117188],""confidence"":0.004657609388232231,""patch_id"":""""},{""bbox"":[338.8042297363281,217.3104705810547,350.56585693359375,229.272216796875],""confidence"":0.004066015128046274,""patch_id"":""""},{""bbox"":[338.6476135253906,260.7667541503906,349.95001220703125,271.9281921386719],""confidence"":0.003628045553341508,""patch_id"":""""},{""bbox"":[345.8672180175781,184.376953125,359.86370849609375,197.32620239257812],""confidence"":0.00271799648180604,""patch_id"":""""},{""bbox"":[360.6203308105469,269.6793518066406,369.9268493652344,279.25030517578125],""confidence"":0.0024915412068367004,""patch_id"":""""},{""bbox"":[477.291015625,214.22482299804688,488.5730895996094,225.9187774658203],""confidence"":0.001792806200683117,""patch_id"":""""},{""bbox"":[326.117431640625,220.5347442626953,336.7619934082031,230.82069396972656],""confidence"":0.0016132310265675187,""patch_id"":""""},{""bbox"":[342.4024353027344,182.10882568359375,353.81390380859375,193.47154235839844],""confidence"":0.0015591838164255023,""patch_id"":""""},{""bbox"":[490.0172424316406,216.13204956054688,500.0625,226.79856872558594],""confidence"":0.0011794677702710032,""patch_id"":""""},{""bbox"":[343.6868896484375,215.66348266601562,356.7634582519531,228.63552856445312],""confidence"":0.001097033149562776,""patch_id"":""""},{""bbox"":[340.28936767578125,266.29266357421875,353.6479187011719,279.7335510253906],""confidence"":0.0010505825048312545,""patch_id"":""""}]",19,0.001
001_20200623_003529(0),1,576,444,"[[348.0,163.0,360.99999999999994,175.0],[348.0,196.0,360.99999999999994,210.0],[350.0,241.0,361.0,254.99999999999997]]","[{""bbox"":[347.8141174316406,162.6354522705078,360.52618408203125,175.69775390625],""confidence"":0.6731981635093689,""patch_id"":""""},{""bbox"":[346.9674072265625,195.29971313476562,360.68536376953125,209.27520751953125],""confidence"":0.6366240382194519,""patch_id"":""""},{""bbox"":[348.0872497558594,242.25489807128906,359.8446350097656,254.21505737304688],""confidence"":0.6227553486824036,""patch_id"":""""},{""bbox"":[347.86956787109375,161.45057678222656,359.2260437011719,173.4363250732422],""confidence"":0.0546383261680603,""patch_id"":""""},{""bbox"":[347.0752868652344,240.35462951660156,357.85809326171875,251.9413604736328],""confidence"":0.039104655385017395,""patch_id"":""""},{""bbox"":[345.9620361328125,194.5417938232422,358.4922180175781,206.9468536376953],""confidence"":0.033594366163015366,""patch_id"":""""},{""bbox"":[349.1966552734375,162.6257781982422,363.37738037109375,176.39813232421875],""confidence"":0.02316143736243248,""patch_id"":""""},{""bbox"":[470.95147705078125,216.9196319580078,481.56292724609375,227.01046752929688],""confidence"":0.02246934548020363,""patch_id"":""""},{""bbox"":[472.5772705078125,217.23463439941406,483.1822814941406,227.398193359375],""confidence"":0.01222142856568098,""patch_id"":""""},{""bbox"":[349.996826171875,242.3114776611328,363.1174621582031,254.64077758789062],""confidence"":0.011350968852639198,""patch_id"":""""},{""bbox"":[347.8480529785156,193.68038940429688,361.0442199707031,206.7976837158203],""confidence"":0.0101760383695364,""patch_id"":""""},{""bbox"":[485.23193359375,216.7239990234375,494.9119873046875,226.84986877441406],""confidence"":0.010172456502914429,""patch_id"":""""},{""bbox"":[472.1574401855469,215.01710510253906,483.4491882324219,225.96910095214844],""confidence"":0.009516514837741852,""patch_id"":""""},{""bbox"":[420.5690002441406,254.50503540039062,430.0071105957031,264.220703125],""confidence"":0.007919033989310265,""patch_id"":""""},{""bbox"":[347.0570068359375,164.0535888671875,361.2431945800781,178.84332275390625],""confidence"":0.007736776024103165,""patch_id"":""""},{""bbox"":[347.8970642089844,197.05690002441406,361.9634094238281,211.2792510986328],""confidence"":0.007111549377441406,""patch_id"":""""},{""bbox"":[483.5692138671875,216.8865966796875,492.7173156738281,226.88063049316406],""confidence"":0.006491759326308966,""patch_id"":""""},{""bbox"":[470.8158264160156,215.51043701171875,481.2562561035156,225.2365264892578],""confidence"":0.006345346570014954,""patch_id"":""""},{""bbox"":[346.12420654296875,241.62054443359375,358.4305419921875,253.760986328125],""confidence"":0.005959331523627043,""patch_id"":""""},{""bbox"":[471.87078857421875,260.16259765625,481.93646240234375,270.6834716796875],""confidence"":0.00555014330893755,""patch_id"":""""},{""bbox"":[419.0816650390625,253.997802734375,428.6931457519531,263.8885803222656],""confidence"":0.0034612303134053946,""patch_id"":""""},{""bbox"":[488.0105285644531,216.6678009033203,497.7279357910156,226.91859436035156],""confidence"":0.003438994288444519,""patch_id"":""""},{""bbox"":[470.07147216796875,259.792724609375,480.09912109375,269.99249267578125],""confidence"":0.003000780241563916,""patch_id"":""""},{""bbox"":[365.4181823730469,246.3902130126953,375.9012145996094,257.0577087402344],""confidence"":0.0025567866396158934,""patch_id"":""""},{""bbox"":[347.4602966308594,243.61514282226562,361.611572265625,257.98724365234375],""confidence"":0.0024910306092351675,""patch_id"":""""},{""bbox"":[420.0333557128906,255.3525848388672,430.5993347167969,266.2984924316406],""confidence"":0.0019874810241162777,""patch_id"":""""},{""bbox"":[479.35968017578125,216.8139190673828,488.26519775390625,226.96298217773438],""confidence"":0.0017787122633308172,""patch_id"":""""},{""bbox"":[348.91314697265625,195.22018432617188,363.6376037597656,209.65357971191406],""confidence"":0.0016953640151768923,""patch_id"":""""},{""bbox"":[469.84515380859375,217.98291015625,482.92523193359375,230.5986328125],""confidence"":0.0015992443077266216,""patch_id"":""""},{""bbox"":[473.5301818847656,215.20205688476562,485.4294738769531,226.98126220703125],""confidence"":0.0014974744990468025,""patch_id"":""""},{""bbox"":[330.46258544921875,196.11819458007812,343.0273132324219,208.7864227294922],""confidence"":0.0012933502439409494,""patch_id"":""""},{""bbox"":[424.040771484375,211.40858459472656,434.1371154785156,220.81463623046875],""confidence"":0.001204861793667078,""patch_id"":""""},{""bbox"":[418.9593200683594,251.19161987304688,429.36163330078125,262.1476745605469],""confidence"":0.0011880917008966208,""patch_id"":""""},{""bbox"":[420.55322265625,251.31947326660156,431.4425354003906,262.5555725097656],""confidence"":0.0011873545590788126,""patch_id"":""""},{""bbox"":[425.3962097167969,211.37850952148438,436.15216064453125,221.19842529296875],""confidence"":0.001094836974516511,""patch_id"":""""}]",35,0.001
001_20200623_003532(5),1,576,444,"[[339.00000000000006,148.00000000000003,351.0,159.0],[358.0,223.99999999999997,368.00000000000006,233.99999999999997],[347.0,179.99999999999997,360.0,192.0]]","[{""bbox"":[356.1742858886719,222.5641632080078,368.4573059082031,234.93069458007812],""confidence"":0.6969017386436462,""patch_id"":""""},{""bbox"":[346.0606994628906,179.47825622558594,358.7121276855469,192.57220458984375],""confidence"":0.6675624251365662,""patch_id"":""""},{""bbox"":[339.81854248046875,147.84178161621094,351.31134033203125,159.4416961669922],""confidence"":0.6065136790275574,""patch_id"":""""},{""bbox"":[355.4167175292969,221.5341339111328,366.8338623046875,233.24490356445312],""confidence"":0.2162383794784546,""patch_id"":""""},{""bbox"":[357.5775146484375,221.15049743652344,370.4959411621094,234.1158447265625],""confidence"":0.09908517450094223,""patch_id"":""""},{""bbox"":[408.9375915527344,132.2776641845703,419.02392578125,142.1104278564453],""confidence"":0.014036162756383419,""patch_id"":""""},{""bbox"":[345.4897155761719,178.58116149902344,357.3912048339844,190.5304412841797],""confidence"":0.013126310892403126,""patch_id"":""""},{""bbox"":[354.4598693847656,218.9457550048828,366.7987060546875,231.45138549804688],""confidence"":0.010113432072103024,""patch_id"":""""},{""bbox"":[352.8646545410156,222.444580078125,364.6725158691406,234.09239196777344],""confidence"":0.010088219307363033,""patch_id"":""""},{""bbox"":[337.4915771484375,148.32240295410156,350.9507141113281,161.62876892089844],""confidence"":0.009347854182124138,""patch_id"":""""},{""bbox"":[385.5467224121094,217.3638916015625,395.3155822753906,227.9661865234375],""confidence"":0.007596160750836134,""patch_id"":""""},{""bbox"":[338.0638732910156,146.41770935058594,349.08282470703125,158.1031494140625],""confidence"":0.005935813765972853,""patch_id"":""""},{""bbox"":[351.9366149902344,221.1970977783203,363.1037902832031,232.7207794189453],""confidence"":0.004729102831333876,""patch_id"":""""},{""bbox"":[408.7084655761719,213.27444458007812,419.28643798828125,223.84527587890625],""confidence"":0.004706924315541983,""patch_id"":""""},{""bbox"":[382.25396728515625,217.58575439453125,391.8064270019531,228.0262908935547],""confidence"":0.003158220089972019,""patch_id"":""""},{""bbox"":[387.85540771484375,217.22032165527344,398.37371826171875,227.8865203857422],""confidence"":0.003071608953177929,""patch_id"":""""},{""bbox"":[383.9740905761719,215.16690063476562,395.2180480957031,226.92343139648438],""confidence"":0.0023686352651566267,""patch_id"":""""},{""bbox"":[486.4852600097656,192.36705017089844,497.1479187011719,203.18463134765625],""confidence"":0.0017794856103137136,""patch_id"":""""},{""bbox"":[493.3730773925781,149.12652587890625,505.3381652832031,160.09414672851562],""confidence"":0.0017723054625093937,""patch_id"":""""},{""bbox"":[344.684326171875,181.7174072265625,359.677978515625,196.90638732910156],""confidence"":0.0016529125859960914,""patch_id"":""""},{""bbox"":[381.5757751464844,219.08193969726562,390.59344482421875,228.93820190429688],""confidence"":0.0016003227792680264,""patch_id"":""""},{""bbox"":[382.2365417480469,215.35565185546875,392.7493591308594,226.62344360351562],""confidence"":0.0015858564293012023,""patch_id"":""""},{""bbox"":[346.0774230957031,221.09567260742188,356.4586181640625,232.1340789794922],""confidence"":0.0015193643048405647,""patch_id"":""""},{""bbox"":[390.2389221191406,217.17965698242188,400.7498779296875,227.54156494140625],""confidence"":0.001238180324435234,""patch_id"":""""},{""bbox"":[378.3310546875,217.9605255126953,388.2818298339844,228.6022186279297],""confidence"":0.0011418109061196446,""patch_id"":""""},{""bbox"":[350.2336120605469,218.62149047851562,361.429443359375,230.86883544921875],""confidence"":0.0010722781298682094,""patch_id"":""""},{""bbox"":[523.09521484375,218.42105102539062,534.34521484375,230.3778076171875],""confidence"":0.0010344410547986627,""patch_id"":""""}]",27,0.001
001_20200623_003536(0),1,576,444,"[[348.00000000000006,160.0,360.0,169.0],[349.0,194.00000000000003,360.99999999999994,205.0],[350.00000000000006,238.00000000000003,363.0,247.0]]","[{""bbox"":[346.9698181152344,190.84426879882812,359.4416198730469,203.61192321777344],""confidence"":0.6607921123504639,""patch_id"":""""},{""bbox"":[347.85791015625,156.69569396972656,360.662353515625,169.78985595703125],""confidence"":0.6361876130104065,""patch_id"":""""},{""bbox"":[350.1005859375,236.54156494140625,361.906494140625,248.71783447265625],""confidence"":0.6181616187095642,""patch_id"":""""},{""bbox"":[349.5038757324219,235.3827362060547,360.7568359375,246.4519500732422],""confidence"":0.08654864132404327,""patch_id"":""""},{""bbox"":[348.4023742675781,191.79757690429688,361.1888122558594,204.48822021484375],""confidence"":0.084816575050354,""patch_id"":""""},{""bbox"":[350.0608825683594,156.3379669189453,363.5663757324219,169.78353881835938],""confidence"":0.018201405182480812,""patch_id"":""""},{""bbox"":[345.7085266113281,189.07769775390625,357.45611572265625,200.630859375],""confidence"":0.006613400299102068,""patch_id"":""""},{""bbox"":[346.2745056152344,155.87413024902344,358.0095520019531,167.45217895507812],""confidence"":0.005465919151902199,""patch_id"":""""},{""bbox"":[347.2984313964844,154.1360321044922,358.3619384765625,165.9538116455078],""confidence"":0.004102139268070459,""patch_id"":""""},{""bbox"":[348.330810546875,233.1843719482422,359.004638671875,244.6422882080078],""confidence"":0.0020175096578896046,""patch_id"":""""},{""bbox"":[337.53662109375,236.76828002929688,347.9991760253906,246.80938720703125],""confidence"":0.0014495239593088627,""patch_id"":""""},{""bbox"":[350.5211486816406,191.72361755371094,363.1186218261719,203.33743286132812],""confidence"":0.001423717592842877,""patch_id"":""""},{""bbox"":[347.9265441894531,193.35865783691406,361.8812561035156,207.55880737304688],""confidence"":0.0013643119018524885,""patch_id"":""""},{""bbox"":[371.25042724609375,240.76498413085938,380.37188720703125,250.27749633789062],""confidence"":0.0012022765586152673,""patch_id"":""""},{""bbox"":[494.5069274902344,212.56210327148438,509.14849853515625,226.9984588623047],""confidence"":0.0010707470355555415,""patch_id"":""""},{""bbox"":[334.5483093261719,156.84068298339844,346.61419677734375,167.88270568847656],""confidence"":0.001002551056444645,""patch_id"":""""}]",16,0.001
001_20200623_082407(9),1,576,444,"[[339.99999999999994,201.0,351.0,215.0],[345.0,233.0,357.0,247.99999999999997],[353.99999999999994,275.0,365.0,293.99999999999994]]","[{""bbox"":[343.61517333984375,233.48516845703125,356.928955078125,247.04592895507812],""confidence"":0.6671459674835205,""patch_id"":""""},{""bbox"":[352.99334716796875,277.89813232421875,365.064453125,289.9427490234375],""confidence"":0.6594165563583374,""patch_id"":""""},{""bbox"":[339.6714782714844,201.18951416015625,351.90704345703125,213.64234924316406],""confidence"":0.5469938516616821,""patch_id"":""""},{""bbox"":[345.1864013671875,232.4459228515625,359.298828125,245.95684814453125],""confidence"":0.03444721922278404,""patch_id"":""""},{""bbox"":[352.177978515625,276.48712158203125,363.6026611328125,288.3943176269531],""confidence"":0.02666892670094967,""patch_id"":""""},{""bbox"":[354.4339294433594,276.0068359375,367.29638671875,289.10711669921875],""confidence"":0.022695323452353477,""patch_id"":""""},{""bbox"":[464.19049072265625,216.99546813964844,474.049072265625,226.96885681152344],""confidence"":0.02227388694882393,""patch_id"":""""},{""bbox"":[447.5777282714844,217.28897094726562,457.3773193359375,227.54910278320312],""confidence"":0.021178456023335457,""patch_id"":""""},{""bbox"":[499.90478515625,255.18580627441406,509.8481750488281,265.1842956542969],""confidence"":0.013216258957982063,""patch_id"":""""},{""bbox"":[338.7785949707031,200.0729522705078,350.24456787109375,211.6103515625],""confidence"":0.01098036952316761,""patch_id"":""""},{""bbox"":[351.80670166015625,279.4114990234375,366.4688720703125,294.0548400878906],""confidence"":0.007003221660852432,""patch_id"":""""},{""bbox"":[494.9810791015625,216.30813598632812,506.1770324707031,227.00628662109375],""confidence"":0.004547969903796911,""patch_id"":""""},{""bbox"":[340.5574951171875,202.73065185546875,354.1851501464844,216.0242156982422],""confidence"":0.004542996641248465,""patch_id"":""""},{""bbox"":[445.8411560058594,217.40756225585938,455.6612854003906,227.8191375732422],""confidence"":0.004151894245296717,""patch_id"":""""},{""bbox"":[499.871826171875,256.5904541015625,510.4857177734375,267.1182861328125],""confidence"":0.004133259411901236,""patch_id"":""""},{""bbox"":[497.7192687988281,253.8165283203125,508.2947082519531,264.5706481933594],""confidence"":0.0030798553489148617,""patch_id"":""""},{""bbox"":[446.864990234375,215.32998657226562,459.4993591308594,227.8668212890625],""confidence"":0.0026403439696878195,""patch_id"":""""},{""bbox"":[432.7525939941406,218.1511688232422,443.5877685546875,229.1034393310547],""confidence"":0.0025486131198704243,""patch_id"":""""},{""bbox"":[463.0019836425781,215.20458984375,473.395263671875,225.9842529296875],""confidence"":0.002469870261847973,""patch_id"":""""},{""bbox"":[464.8939208984375,215.8644256591797,475.442138671875,226.1619110107422],""confidence"":0.0018306891433894634,""patch_id"":""""},{""bbox"":[496.4140319824219,214.76089477539062,506.9486083984375,225.1890106201172],""confidence"":0.0010864100186154246,""patch_id"":""""},{""bbox"":[339.2445068359375,197.5735626220703,350.52581787109375,209.51734924316406],""confidence"":0.0010068119736388326,""patch_id"":""""}]",22,0.001
001_20200623_082411(0),1,576,444,"[[339.99999999999994,186.00000000000003,351.0,198.0],[342.99999999999994,219.0,358.0,230.00000000000003],[350.0,263.0,364.0,275.0]]","[{""bbox"":[344.1008605957031,218.5851287841797,356.3731384277344,231.01824951171875],""confidence"":0.6143668293952942,""patch_id"":""""},{""bbox"":[340.03619384765625,184.92459106445312,352.2729797363281,197.65933227539062],""confidence"":0.6003215909004211,""patch_id"":""""},{""bbox"":[352.13153076171875,263.58038330078125,363.093017578125,274.83843994140625],""confidence"":0.5967526435852051,""patch_id"":""""},{""bbox"":[350.3559265136719,262.0391845703125,361.67633056640625,274.07318115234375],""confidence"":0.17191164195537567,""patch_id"":""""},{""bbox"":[351.14599609375,261.91339111328125,364.2716979980469,275.4372253417969],""confidence"":0.08440401405096054,""patch_id"":""""},{""bbox"":[346.76025390625,217.88223266601562,359.568115234375,230.09539794921875],""confidence"":0.062183406203985214,""patch_id"":""""},{""bbox"":[341.4121398925781,218.08734130859375,352.6201171875,229.60760498046875],""confidence"":0.044291384518146515,""patch_id"":""""},{""bbox"":[381.37158203125,260.6310729980469,391.79498291015625,271.3273620605469],""confidence"":0.026252448558807373,""patch_id"":""""},{""bbox"":[340.2132873535156,183.19509887695312,351.31585693359375,195.1258087158203],""confidence"":0.018662627786397934,""patch_id"":""""},{""bbox"":[338.5221252441406,185.12127685546875,353.8288269042969,200.74459838867188],""confidence"":0.016004737466573715,""patch_id"":""""},{""bbox"":[341.68133544921875,183.87451171875,355.71417236328125,197.38632202148438],""confidence"":0.013429157435894012,""patch_id"":""""},{""bbox"":[352.680908203125,262.99346923828125,366.3628845214844,275.6314697265625],""confidence"":0.008161917328834534,""patch_id"":""""},{""bbox"":[339.0447692871094,184.8656768798828,350.1416320800781,195.91287231445312],""confidence"":0.0046860771253705025,""patch_id"":""""},{""bbox"":[344.6080627441406,219.08135986328125,358.49273681640625,232.7965850830078],""confidence"":0.003530287416651845,""patch_id"":""""},{""bbox"":[442.3666687011719,255.3638153076172,452.3324279785156,265.3160400390625],""confidence"":0.0034086829982697964,""patch_id"":""""},{""bbox"":[385.1467590332031,216.5089111328125,394.7061767578125,226.26515197753906],""confidence"":0.0034021371975541115,""patch_id"":""""},{""bbox"":[351.1619567871094,265.8601379394531,364.7359619140625,279.56207275390625],""confidence"":0.0033425253350287676,""patch_id"":""""},{""bbox"":[381.37762451171875,262.744140625,391.7867431640625,273.5965576171875],""confidence"":0.002350845141336322,""patch_id"":""""},{""bbox"":[478.80548095703125,167.8419189453125,489.497802734375,178.64450073242188],""confidence"":0.002119695767760277,""patch_id"":""""},{""bbox"":[341.2279357910156,219.29888916015625,355.5121765136719,233.8782958984375],""confidence"":0.0017446487909182906,""patch_id"":""""},{""bbox"":[364.5341491699219,184.04132080078125,374.47381591796875,194.4547119140625],""confidence"":0.001584477722644806,""patch_id"":""""},{""bbox"":[379.96807861328125,258.8038330078125,390.41015625,270.1665954589844],""confidence"":0.0015474918764084578,""patch_id"":""""},{""bbox"":[480.1265869140625,169.33900451660156,489.93121337890625,179.29344177246094],""confidence"":0.001259859767742455,""patch_id"":""""},{""bbox"":[477.9600830078125,169.1160125732422,488.5599060058594,179.6230010986328],""confidence"":0.0012195585295557976,""patch_id"":""""},{""bbox"":[345.8374938964844,215.769287109375,358.26873779296875,228.527587890625],""confidence"":0.0012005068128928542,""patch_id"":""""},{""bbox"":[348.9456481933594,264.30035400390625,362.01654052734375,277.3539123535156],""confidence"":0.001112195081077516,""patch_id"":""""},{""bbox"":[383.8970031738281,217.7451934814453,394.0589904785156,227.58169555664062],""confidence"":0.0010649708565324545,""patch_id"":""""},{""bbox"":[518.1256713867188,274.35064697265625,529.8795166015625,285.67425537109375],""confidence"":0.00104799447581172,""patch_id"":""""}]",28,0.001
001_20200623_082414(1),1,576,444,"[[342.0,146.0,355.0,160.0],[348.00000000000006,183.0,360.0,194.99999999999997],[354.0,228.00000000000003,362.0,237.0]]","[{""bbox"":[352.33074951171875,226.02378845214844,364.91497802734375,238.6874542236328],""confidence"":0.7082622051239014,""patch_id"":""""},{""bbox"":[343.46124267578125,147.7470245361328,355.8568420410156,160.2656707763672],""confidence"":0.5966401696205139,""patch_id"":""""},{""bbox"":[346.8633728027344,180.8649444580078,360.04931640625,195.11729431152344],""confidence"":0.5826148986816406,""patch_id"":""""},{""bbox"":[351.6484680175781,225.3065643310547,363.25299072265625,237.23365783691406],""confidence"":0.2388266921043396,""patch_id"":""""},{""bbox"":[385.3336486816406,226.16432189941406,395.3020935058594,236.23208618164062],""confidence"":0.12853838503360748,""patch_id"":""""},{""bbox"":[477.29803466796875,223.74557495117188,488.09539794921875,234.47537231445312],""confidence"":0.08811690658330917,""patch_id"":""""},{""bbox"":[353.7615661621094,224.76307678222656,367.3000183105469,238.6767120361328],""confidence"":0.08056554943323135,""patch_id"":""""},{""bbox"":[345.9766540527344,180.35446166992188,358.3688049316406,192.62850952148438],""confidence"":0.05321989953517914,""patch_id"":""""},{""bbox"":[477.5260009765625,221.59593200683594,488.39501953125,232.90426635742188],""confidence"":0.016677312552928925,""patch_id"":""""},{""bbox"":[479.92437744140625,222.98631286621094,490.6461486816406,233.84410095214844],""confidence"":0.009488263167440891,""patch_id"":""""},{""bbox"":[383.9215393066406,227.23483276367188,394.85821533203125,237.9154052734375],""confidence"":0.008455207571387291,""patch_id"":""""},{""bbox"":[457.2186584472656,224.11647033691406,467.27545166015625,234.4911346435547],""confidence"":0.007629650179296732,""patch_id"":""""},{""bbox"":[385.8774719238281,226.60565185546875,396.9894714355469,237.71359252929688],""confidence"":0.007342719007283449,""patch_id"":""""},{""bbox"":[349.3345947265625,225.82408142089844,362.2533264160156,238.74630737304688],""confidence"":0.004496317356824875,""patch_id"":""""},{""bbox"":[455.4171142578125,224.3274383544922,465.33514404296875,234.43276977539062],""confidence"":0.00428040511906147,""patch_id"":""""},{""bbox"":[482.3004455566406,220.80130004882812,492.10882568359375,231.58316040039062],""confidence"":0.003952826838940382,""patch_id"":""""},{""bbox"":[410.2864685058594,225.37655639648438,420.50469970703125,235.71511840820312],""confidence"":0.003842956153675914,""patch_id"":""""},{""bbox"":[345.19744873046875,147.02288818359375,359.19390869140625,160.03211975097656],""confidence"":0.003827007720246911,""patch_id"":""""},{""bbox"":[485.9637451171875,218.4313201904297,496.5348815917969,229.36459350585938],""confidence"":0.003512180643156171,""patch_id"":""""},{""bbox"":[349.64898681640625,180.8959503173828,363.0482482910156,193.5192413330078],""confidence"":0.002735392190515995,""patch_id"":""""},{""bbox"":[349.2627258300781,225.0679931640625,360.5142517089844,236.26174926757812],""confidence"":0.0026954966597259045,""patch_id"":""""},{""bbox"":[409.2128601074219,226.44818115234375,418.8035888671875,236.1209259033203],""confidence"":0.0018092961981892586,""patch_id"":""""},{""bbox"":[486.7153625488281,220.64234924316406,495.934326171875,230.4385223388672],""confidence"":0.0016383094480261207,""patch_id"":""""},{""bbox"":[343.9716491699219,150.5531463623047,357.52801513671875,164.53929138183594],""confidence"":0.0014256699942052364,""patch_id"":""""},{""bbox"":[348.4402160644531,179.5526885986328,360.7384338378906,191.86358642578125],""confidence"":0.0014065022114664316,""patch_id"":""""},{""bbox"":[384.11419677734375,223.00320434570312,395.3793029785156,234.76768493652344],""confidence"":0.0013183408882468939,""patch_id"":""""},{""bbox"":[483.20111083984375,218.39187622070312,493.408935546875,229.5110321044922],""confidence"":0.0011832244927063584,""patch_id"":""""},{""bbox"":[350.23809814453125,222.5671844482422,361.652099609375,234.80990600585938],""confidence"":0.001019972492940724,""patch_id"":""""}]",28,0.001
001_20200623_082416(7),1,576,444,"[[368.0,248.00000000000003,379.0,257.0],[376.0,283.0,385.0,293.0],[362.99999999999994,215.0,374.0,226.0]]","[{""bbox"":[366.7716369628906,244.37295532226562,379.9957580566406,258.00390625],""confidence"":0.647275447845459,""patch_id"":""""},{""bbox"":[372.4196472167969,281.433349609375,385.6451110839844,295.052001953125],""confidence"":0.5500853061676025,""patch_id"":""""},{""bbox"":[362.0953063964844,213.3699188232422,374.7312316894531,226.7435760498047],""confidence"":0.537165641784668,""patch_id"":""""},{""bbox"":[363.96759033203125,212.6129608154297,377.497802734375,226.04034423828125],""confidence"":0.09456030279397964,""patch_id"":""""},{""bbox"":[361.2496337890625,211.41448974609375,372.43792724609375,223.2837371826172],""confidence"":0.07468530535697937,""patch_id"":""""},{""bbox"":[372.36212158203125,280.30450439453125,384.2991638183594,292.7629089355469],""confidence"":0.04189574718475342,""patch_id"":""""},{""bbox"":[405.3445739746094,277.3034973144531,415.8011474609375,287.7784118652344],""confidence"":0.03442158177495003,""patch_id"":""""},{""bbox"":[433.51885986328125,205.6309356689453,443.82830810546875,216.0251007080078],""confidence"":0.01761217601597309,""patch_id"":""""},{""bbox"":[363.08642578125,211.58969116210938,375.3828125,224.0800018310547],""confidence"":0.015299507416784763,""patch_id"":""""},{""bbox"":[372.08856201171875,283.0740661621094,386.3520202636719,297.66412353515625],""confidence"":0.014388819225132465,""patch_id"":""""},{""bbox"":[362.10687255859375,213.71522521972656,377.3044128417969,229.37380981445312],""confidence"":0.011911244131624699,""patch_id"":""""},{""bbox"":[380.64483642578125,213.77674865722656,391.04547119140625,223.98353576660156],""confidence"":0.01153322122991085,""patch_id"":""""},{""bbox"":[396.2566223144531,211.3609619140625,406.2185974121094,221.47047424316406],""confidence"":0.010764623992145061,""patch_id"":""""},{""bbox"":[368.3873291015625,243.38868713378906,382.1034240722656,257.1809387207031],""confidence"":0.009439199231564999,""patch_id"":""""},{""bbox"":[374.4924011230469,280.75048828125,388.3298034667969,294.06097412109375],""confidence"":0.009170973673462868,""patch_id"":""""},{""bbox"":[406.9283752441406,278.5899963378906,416.2154846191406,288.5770263671875],""confidence"":0.008828070014715195,""patch_id"":""""},{""bbox"":[482.8275146484375,198.5194854736328,493.2526550292969,209.07601928710938],""confidence"":0.006727531086653471,""patch_id"":""""},{""bbox"":[408.41156005859375,277.11419677734375,418.6454162597656,287.2442321777344],""confidence"":0.006720368750393391,""patch_id"":""""},{""bbox"":[367.21978759765625,246.9744110107422,381.02642822265625,261.62115478515625],""confidence"":0.003915353678166866,""patch_id"":""""},{""bbox"":[364.2371826171875,245.25274658203125,377.1282043457031,258.0651550292969],""confidence"":0.0034542586654424667,""patch_id"":""""},{""bbox"":[381.77294921875,214.4685821533203,392.9417419433594,226.35716247558594],""confidence"":0.002683393657207489,""patch_id"":""""},{""bbox"":[458.9211120605469,267.92364501953125,469.00390625,278.1324157714844],""confidence"":0.002475123619660735,""patch_id"":""""},{""bbox"":[382.18414306640625,213.1804656982422,393.18475341796875,223.98233032226562],""confidence"":0.002078169258311391,""patch_id"":""""},{""bbox"":[484.64630126953125,198.04762268066406,495.1549377441406,208.90716552734375],""confidence"":0.0019746592734009027,""patch_id"":""""},{""bbox"":[359.7282409667969,208.43942260742188,371.4260559082031,220.73631286621094],""confidence"":0.001959304790943861,""patch_id"":""""},{""bbox"":[458.4505615234375,269.5448303222656,467.862548828125,279.0859069824219],""confidence"":0.0017845715628936887,""patch_id"":""""},{""bbox"":[419.27838134765625,237.7609405517578,429.3885803222656,247.92462158203125],""confidence"":0.0015906434273347259,""patch_id"":""""},{""bbox"":[464.8068542480469,202.0439453125,474.6808166503906,212.27056884765625],""confidence"":0.0015247268602252007,""patch_id"":""""},{""bbox"":[462.4762878417969,202.06495666503906,472.75079345703125,212.3802947998047],""confidence"":0.0015181192429736257,""patch_id"":""""},{""bbox"":[397.6285095214844,210.41168212890625,407.9919128417969,221.06320190429688],""confidence"":0.0015064433682709932,""patch_id"":""""},{""bbox"":[395.1654052734375,210.88206481933594,404.64385986328125,220.5899200439453],""confidence"":0.0013756158296018839,""patch_id"":""""},{""bbox"":[348.17352294921875,215.56735229492188,359.36328125,226.8077392578125],""confidence"":0.0013716559624299407,""patch_id"":""""},{""bbox"":[460.5256652832031,267.2289733886719,470.2139587402344,277.431640625],""confidence"":0.0010898513719439507,""patch_id"":""""}]",33,0.001
001_20200623_082419(6),1,576,444,"[[366.00000000000006,188.0,378.0,199.0],[366.0,215.0,381.0,228.99999999999997],[370.0,256.0,383.0,268.0]]","[{""bbox"":[368.4104309082031,255.16603088378906,380.45849609375,267.3880615234375],""confidence"":0.6447774767875671,""patch_id"":""""},{""bbox"":[366.20428466796875,217.2061309814453,377.5396728515625,228.8336181640625],""confidence"":0.621588945388794,""patch_id"":""""},{""bbox"":[364.6924133300781,185.84609985351562,377.12542724609375,198.6959228515625],""confidence"":0.5617809295654297,""patch_id"":""""},{""bbox"":[364.10260009765625,216.87139892578125,375.723876953125,228.29762268066406],""confidence"":0.1295822560787201,""patch_id"":""""},{""bbox"":[367.28973388671875,253.71600341796875,378.80914306640625,265.3371276855469],""confidence"":0.07299759238958359,""patch_id"":""""},{""bbox"":[363.7253723144531,184.73147583007812,375.53424072265625,196.25218200683594],""confidence"":0.045415859669446945,""patch_id"":""""},{""bbox"":[389.5843505859375,219.331298828125,399.1806335449219,229.06825256347656],""confidence"":0.026870278641581535,""patch_id"":""""},{""bbox"":[406.4955139160156,219.5991668701172,415.71258544921875,229.1704559326172],""confidence"":0.02436034008860588,""patch_id"":""""},{""bbox"":[367.73248291015625,216.98497009277344,381.87420654296875,230.19509887695312],""confidence"":0.019291741773486137,""patch_id"":""""},{""bbox"":[387.2363586425781,219.32286071777344,396.7110900878906,228.83273315429688],""confidence"":0.013397197239100933,""patch_id"":""""},{""bbox"":[366.13446044921875,219.16098022460938,378.7792663574219,232.73892211914062],""confidence"":0.011315316893160343,""patch_id"":""""},{""bbox"":[363.26763916015625,215.38003540039062,374.7521057128906,227.178466796875],""confidence"":0.008941871114075184,""patch_id"":""""},{""bbox"":[363.1612548828125,182.73863220214844,374.9977111816406,194.93324279785156],""confidence"":0.008702296763658524,""patch_id"":""""},{""bbox"":[369.21185302734375,256.1922607421875,382.46099853515625,269.0262145996094],""confidence"":0.008493960835039616,""patch_id"":""""},{""bbox"":[473.293701171875,256.5345458984375,483.23248291015625,266.41839599609375],""confidence"":0.008091785944998264,""patch_id"":""""},{""bbox"":[389.9501037597656,221.64794921875,399.6130065917969,231.50982666015625],""confidence"":0.00619457196444273,""patch_id"":""""},{""bbox"":[385.4429626464844,215.63873291015625,396.6256103515625,227.60789489746094],""confidence"":0.005288432352244854,""patch_id"":""""},{""bbox"":[370.7661437988281,254.47801208496094,384.51324462890625,267.1494140625],""confidence"":0.004542200826108456,""patch_id"":""""},{""bbox"":[514.3697509765625,217.94830322265625,526.2941284179688,229.63754272460938],""confidence"":0.0041243755258619785,""patch_id"":""""},{""bbox"":[387.9162292480469,217.68826293945312,398.9524841308594,228.84059143066406],""confidence"":0.0036807360593229532,""patch_id"":""""},{""bbox"":[406.0378723144531,221.29782104492188,415.5398864746094,231.07284545898438],""confidence"":0.0030180986505001783,""patch_id"":""""},{""bbox"":[474.1958312988281,258.2638854980469,484.1208801269531,267.9307556152344],""confidence"":0.0029763877391815186,""patch_id"":""""},{""bbox"":[366.2364196777344,187.5449676513672,379.56854248046875,200.8084259033203],""confidence"":0.0028412840329110622,""patch_id"":""""},{""bbox"":[366.3335876464844,251.47183227539062,377.48809814453125,263.3650817871094],""confidence"":0.0017688231309875846,""patch_id"":""""},{""bbox"":[520.5874633789062,252.70025634765625,532.207275390625,263.8676452636719],""confidence"":0.0016637850785627961,""patch_id"":""""},{""bbox"":[352.1316833496094,255.33409118652344,363.010009765625,266.1770935058594],""confidence"":0.0016333410749211907,""patch_id"":""""},{""bbox"":[495.302978515625,223.2987060546875,504.72552490234375,232.55963134765625],""confidence"":0.0013594260672107339,""patch_id"":""""},{""bbox"":[367.95709228515625,184.7887725830078,381.2788391113281,197.1407012939453],""confidence"":0.0013021077029407024,""patch_id"":""""},{""bbox"":[383.26220703125,217.83709716796875,393.5291748046875,228.75894165039062],""confidence"":0.0012468209024518728,""patch_id"":""""},{""bbox"":[520.727294921875,254.8736572265625,531.271728515625,265.0057373046875],""confidence"":0.0012313507031649351,""patch_id"":""""},{""bbox"":[472.2792663574219,258.4814453125,483.2886657714844,269.54388427734375],""confidence"":0.0011863444233313203,""patch_id"":""""},{""bbox"":[471.22613525390625,256.15277099609375,481.58074951171875,265.98223876953125],""confidence"":0.001182901207357645,""patch_id"":""""},{""bbox"":[387.2931823730469,221.6799774169922,396.914794921875,231.5122528076172],""confidence"":0.0011726527009159327,""patch_id"":""""},{""bbox"":[508.96746826171875,186.41766357421875,519.6393432617188,197.53944396972656],""confidence"":0.0011407878482714295,""patch_id"":""""},{""bbox"":[425.05328369140625,186.16293334960938,435.4477844238281,196.99612426757812],""confidence"":0.0011317930184304714,""patch_id"":""""},{""bbox"":[352.4261779785156,253.26205444335938,364.5309753417969,264.83917236328125],""confidence"":0.001095627318136394,""patch_id"":""""},{""bbox"":[513.88232421875,219.65525817871094,524.4935302734375,229.85716247558594],""confidence"":0.0010900015477091074,""patch_id"":""""}]",37,0.001
001_20200623_082422(5),1,576,444,"[[360.99999999999994,214.0,371.0,229.00000000000003],[365.0,243.99999999999997,378.0,257.0],[371.0,282.0,382.99999999999994,293.0]]","[{""bbox"":[363.74114990234375,243.9055633544922,376.2835693359375,256.8713684082031],""confidence"":0.6293633580207825,""patch_id"":""""},{""bbox"":[368.1284484863281,280.68292236328125,380.8061218261719,293.5945739746094],""confidence"":0.5977674722671509,""patch_id"":""""},{""bbox"":[359.5513916015625,213.45652770996094,371.60601806640625,225.93539428710938],""confidence"":0.5586451888084412,""patch_id"":""""},{""bbox"":[360.8556213378906,212.95188903808594,374.3320617675781,226.4137725830078],""confidence"":0.14416979253292084,""patch_id"":""""},{""bbox"":[358.48699951171875,211.71148681640625,370.3311462402344,223.7009735107422],""confidence"":0.07403120398521423,""patch_id"":""""},{""bbox"":[396.53826904296875,240.88243103027344,407.0343933105469,251.234130859375],""confidence"":0.03580993041396141,""patch_id"":""""},{""bbox"":[381.4532775878906,213.14610290527344,391.35699462890625,222.9341583251953],""confidence"":0.026651207357645035,""patch_id"":""""},{""bbox"":[379.27325439453125,213.3907470703125,388.4217834472656,223.3538055419922],""confidence"":0.01486541610211134,""patch_id"":""""},{""bbox"":[366.626708984375,279.6791687011719,377.62994384765625,291.0628662109375],""confidence"":0.010679727420210838,""patch_id"":""""},{""bbox"":[396.55389404296875,242.7652130126953,406.6859130859375,252.938232421875],""confidence"":0.009081011638045311,""patch_id"":""""},{""bbox"":[395.57733154296875,238.86622619628906,408.5567626953125,250.76287841796875],""confidence"":0.007981709204614162,""patch_id"":""""},{""bbox"":[370.3937072753906,279.4374084472656,384.4265441894531,292.5838623046875],""confidence"":0.0053243329748511314,""patch_id"":""""},{""bbox"":[457.8760070800781,202.03697204589844,468.2802429199219,212.74249267578125],""confidence"":0.005216781049966812,""patch_id"":""""},{""bbox"":[381.74072265625,213.98455810546875,392.334716796875,224.66468811035156],""confidence"":0.0048980675637722015,""patch_id"":""""},{""bbox"":[360.07281494140625,214.24603271484375,374.8612060546875,229.31927490234375],""confidence"":0.004652563016861677,""patch_id"":""""},{""bbox"":[377.5672302246094,214.1963653564453,387.79925537109375,225.2873992919922],""confidence"":0.004485141020268202,""patch_id"":""""},{""bbox"":[367.73590087890625,283.7908020019531,381.49896240234375,297.697509765625],""confidence"":0.0039048325270414352,""patch_id"":""""},{""bbox"":[510.36273193359375,262.5162658691406,520.4812622070312,272.40142822265625],""confidence"":0.0037593941669911146,""patch_id"":""""},{""bbox"":[373.306884765625,213.59442138671875,383.09185791015625,223.93255615234375],""confidence"":0.0033948097843676805,""patch_id"":""""},{""bbox"":[396.9967346191406,212.498291015625,407.4468688964844,222.33644104003906],""confidence"":0.0033932062797248363,""patch_id"":""""},{""bbox"":[456.6105041503906,200.4261016845703,467.6754455566406,211.73817443847656],""confidence"":0.0025333273224532604,""patch_id"":""""},{""bbox"":[395.27215576171875,236.55796813964844,408.19256591796875,249.23667907714844],""confidence"":0.002054523676633835,""patch_id"":""""},{""bbox"":[367.7137451171875,213.5067596435547,378.61212158203125,224.1617431640625],""confidence"":0.00201148958876729,""patch_id"":""""},{""bbox"":[347.91400146484375,213.63699340820312,358.4884033203125,223.67762756347656],""confidence"":0.0017987388418987393,""patch_id"":""""},{""bbox"":[363.75787353515625,247.47390747070312,377.40386962890625,261.5771484375],""confidence"":0.0016857496229931712,""patch_id"":""""},{""bbox"":[356.6380310058594,213.07933044433594,368.3895568847656,225.17616271972656],""confidence"":0.0015391939086839557,""patch_id"":""""},{""bbox"":[509.56292724609375,263.44781494140625,519.8713989257812,273.87548828125],""confidence"":0.0014367001131176949,""patch_id"":""""},{""bbox"":[396.0248107910156,213.20484924316406,407.7966613769531,224.9246826171875],""confidence"":0.0010638026287779212,""patch_id"":""""},{""bbox"":[347.56927490234375,215.10702514648438,357.8565673828125,225.13534545898438],""confidence"":0.001046577119268477,""patch_id"":""""}]",29,0.001
001_20200624_043315(2),1,576,444,"[[342.0,150.0,355.0,162.00000000000003],[342.0,186.00000000000003,357.00000000000006,198.0],[347.0,230.00000000000003,360.0,242.0]]","[{""bbox"":[343.3233947753906,150.3279266357422,355.42529296875,162.8709716796875],""confidence"":0.6650023460388184,""patch_id"":""""},{""bbox"":[345.67303466796875,229.56069946289062,358.0633239746094,242.2903289794922],""confidence"":0.6552170515060425,""patch_id"":""""},{""bbox"":[343.4473876953125,184.63819885253906,356.4898986816406,198.66015625],""confidence"":0.6195850372314453,""patch_id"":""""},{""bbox"":[345.0493469238281,228.6341094970703,356.38262939453125,240.0851593017578],""confidence"":0.12877829372882843,""patch_id"":""""},{""bbox"":[342.2572326660156,183.861572265625,354.4241943359375,195.5932159423828],""confidence"":0.0930042564868927,""patch_id"":""""},{""bbox"":[443.9212646484375,159.03363037109375,454.9794921875,170.19337463378906],""confidence"":0.08318039774894714,""patch_id"":""""},{""bbox"":[342.3848876953125,149.192138671875,354.0113830566406,160.58956909179688],""confidence"":0.028678370639681816,""patch_id"":""""},{""bbox"":[433.06451416015625,191.11859130859375,442.85211181640625,201.0729217529297],""confidence"":0.01003473624587059,""patch_id"":""""},{""bbox"":[366.9637145996094,153.246337890625,377.3684387207031,163.75827026367188],""confidence"":0.00824754498898983,""patch_id"":""""},{""bbox"":[446.26251220703125,159.20960998535156,458.1302185058594,171.09609985351562],""confidence"":0.006601810455322266,""patch_id"":""""},{""bbox"":[443.1920471191406,157.79322814941406,453.9700622558594,168.98538208007812],""confidence"":0.006384841166436672,""patch_id"":""""},{""bbox"":[444.42706298828125,159.77493286132812,456.23309326171875,172.4077911376953],""confidence"":0.006349280010908842,""patch_id"":""""},{""bbox"":[343.8056640625,226.3814697265625,355.8016052246094,238.57289123535156],""confidence"":0.005624894052743912,""patch_id"":""""},{""bbox"":[364.0925598144531,234.2870635986328,374.7492980957031,244.53895568847656],""confidence"":0.005450556054711342,""patch_id"":""""},{""bbox"":[344.3581237792969,151.5984649658203,357.5252380371094,164.9820098876953],""confidence"":0.005195802077651024,""patch_id"":""""},{""bbox"":[488.35809326171875,161.54507446289062,499.36859130859375,172.46026611328125],""confidence"":0.004217292182147503,""patch_id"":""""},{""bbox"":[363.6312561035156,235.19558715820312,372.9333801269531,245.12864685058594],""confidence"":0.003180101979523897,""patch_id"":""""},{""bbox"":[471.48956298828125,162.44398498535156,481.68072509765625,172.9528350830078],""confidence"":0.002792044309899211,""patch_id"":""""},{""bbox"":[345.6656188964844,149.94497680664062,359.66705322265625,162.8540802001953],""confidence"":0.0021730733569711447,""patch_id"":""""},{""bbox"":[332.2719421386719,230.2328338623047,342.67236328125,240.5191192626953],""confidence"":0.0019327077316120267,""patch_id"":""""},{""bbox"":[341.8833312988281,182.12307739257812,353.0028381347656,193.07611083984375],""confidence"":0.0015886130277067423,""patch_id"":""""},{""bbox"":[345.48797607421875,184.2647247314453,359.4434814453125,197.84063720703125],""confidence"":0.001458370708860457,""patch_id"":""""},{""bbox"":[332.2948913574219,227.8081512451172,343.1808166503906,238.65670776367188],""confidence"":0.001278281444683671,""patch_id"":""""},{""bbox"":[366.16815185546875,232.80853271484375,376.21722412109375,243.60105895996094],""confidence"":0.0012691897572949529,""patch_id"":""""},{""bbox"":[344.7592468261719,183.22909545898438,357.03125,195.45018005371094],""confidence"":0.0012286407873034477,""patch_id"":""""},{""bbox"":[332.6236572265625,225.54905700683594,343.5845031738281,236.7425994873047],""confidence"":0.0012235845206305385,""patch_id"":""""},{""bbox"":[431.51165771484375,189.917236328125,442.1586608886719,200.51048278808594],""confidence"":0.0011786473914980888,""patch_id"":""""},{""bbox"":[469.6961669921875,162.45309448242188,479.93255615234375,172.83956909179688],""confidence"":0.0011205481132492423,""patch_id"":""""}]",28,0.001
001_20200624_043324(2),1,576,444,"[[342.0,152.0,356.0,165.00000000000003],[342.0,186.0,357.00000000000006,196.99999999999997],[345.0,230.00000000000003,360.99999999999994,245.0]]","[{""bbox"":[345.24102783203125,230.5229034423828,357.75201416015625,243.08285522460938],""confidence"":0.694791853427887,""patch_id"":""""},{""bbox"":[343.4693603515625,184.43890380859375,356.7400817871094,198.75140380859375],""confidence"":0.6051381826400757,""patch_id"":""""},{""bbox"":[343.4653625488281,151.12823486328125,355.6005554199219,163.57972717285156],""confidence"":0.6048024892807007,""patch_id"":""""},{""bbox"":[344.6286926269531,229.2455291748047,356.14642333984375,241.0887908935547],""confidence"":0.07470370084047318,""patch_id"":""""},{""bbox"":[342.2962341308594,183.83724975585938,354.70452880859375,195.97900390625],""confidence"":0.03185093030333519,""patch_id"":""""},{""bbox"":[343.75567626953125,182.57513427734375,355.138916015625,194.390869140625],""confidence"":0.019539788365364075,""patch_id"":""""},{""bbox"":[344.3538818359375,152.3177947998047,357.1029968261719,165.06735229492188],""confidence"":0.01623484306037426,""patch_id"":""""},{""bbox"":[443.8377685546875,161.02066040039062,454.833740234375,172.28846740722656],""confidence"":0.012598798610270023,""patch_id"":""""},{""bbox"":[346.8688659667969,229.07745361328125,360.2243957519531,242.70567321777344],""confidence"":0.012178553268313408,""patch_id"":""""},{""bbox"":[345.8438720703125,151.61383056640625,359.65447998046875,164.1729278564453],""confidence"":0.0065001389011740685,""patch_id"":""""},{""bbox"":[344.7571716308594,183.09066772460938,357.6651306152344,195.8627166748047],""confidence"":0.005670510232448578,""patch_id"":""""},{""bbox"":[346.2923583984375,184.76133728027344,359.94268798828125,198.10108947753906],""confidence"":0.0038929579313844442,""patch_id"":""""},{""bbox"":[342.53985595703125,230.2910614013672,354.34686279296875,241.62686157226562],""confidence"":0.0022169274743646383,""patch_id"":""""},{""bbox"":[341.3191223144531,151.53392028808594,354.9320373535156,165.37939453125],""confidence"":0.0018650689162313938,""patch_id"":""""},{""bbox"":[344.09661865234375,232.16162109375,358.6273498535156,247.29830932617188],""confidence"":0.0013666442828252912,""patch_id"":""""},{""bbox"":[477.4203186035156,163.59730529785156,487.5536804199219,173.9199981689453],""confidence"":0.0010132789611816406,""patch_id"":""""},{""bbox"":[344.6870422363281,186.3932647705078,358.5841369628906,200.44895935058594],""confidence"":0.0010059357155114412,""patch_id"":""""}]",17,0.001
001_20200624_043328(7),1,576,444,"[[342.0,151.0,355.0,170.0],[343.0,189.99999999999997,355.0,203.0],[344.99999999999994,233.99999999999997,360.0,247.0]]","[{""bbox"":[343.2389831542969,188.018310546875,357.059326171875,202.3852996826172],""confidence"":0.6059578061103821,""patch_id"":""""},{""bbox"":[346.64056396484375,234.68287658691406,358.1006164550781,246.23252868652344],""confidence"":0.5868440270423889,""patch_id"":""""},{""bbox"":[344.0749206542969,156.04335021972656,355.013671875,167.12228393554688],""confidence"":0.45945438742637634,""patch_id"":""""},{""bbox"":[343.3458251953125,154.22377014160156,354.4416809082031,165.92568969726562],""confidence"":0.08266175538301468,""patch_id"":""""},{""bbox"":[342.27960205078125,187.79061889648438,354.8102111816406,200.2019805908203],""confidence"":0.03383040800690651,""patch_id"":""""},{""bbox"":[344.460205078125,157.34893798828125,356.8425598144531,169.15599060058594],""confidence"":0.021816758438944817,""patch_id"":""""},{""bbox"":[348.0849304199219,233.17129516601562,360.6550598144531,245.99244689941406],""confidence"":0.015647102147340775,""patch_id"":""""},{""bbox"":[417.9631042480469,195.24742126464844,428.3078308105469,205.92953491210938],""confidence"":0.014264263212680817,""patch_id"":""""},{""bbox"":[344.5749206542969,232.995849609375,355.28680419921875,244.50457763671875],""confidence"":0.014203818514943123,""patch_id"":""""},{""bbox"":[372.4443664550781,158.9121856689453,382.9957580566406,169.28662109375],""confidence"":0.013057738542556763,""patch_id"":""""},{""bbox"":[343.5284118652344,186.10586547851562,354.9426574707031,198.0764617919922],""confidence"":0.006828089710325003,""patch_id"":""""},{""bbox"":[420.69921875,196.08375549316406,429.8479309082031,206.44683837890625],""confidence"":0.006482296623289585,""patch_id"":""""},{""bbox"":[345.4871520996094,187.79852294921875,359.9297180175781,202.2703857421875],""confidence"":0.005914062261581421,""patch_id"":""""},{""bbox"":[344.1775817871094,189.742919921875,358.30908203125,204.10414123535156],""confidence"":0.0052305907011032104,""patch_id"":""""},{""bbox"":[348.2529602050781,235.93572998046875,360.5216064453125,248.06024169921875],""confidence"":0.005171095486730337,""patch_id"":""""},{""bbox"":[474.4871826171875,167.43936157226562,485.0114440917969,178.1539306640625],""confidence"":0.004497478250414133,""patch_id"":""""},{""bbox"":[345.808837890625,236.83831787109375,359.49774169921875,250.80181884765625],""confidence"":0.0029966887086629868,""patch_id"":""""},{""bbox"":[377.8656005859375,156.7112579345703,388.2144470214844,167.8319854736328],""confidence"":0.0025691031478345394,""patch_id"":""""},{""bbox"":[344.2371520996094,158.75852966308594,356.6640930175781,171.8092498779297],""confidence"":0.002262267516925931,""patch_id"":""""},{""bbox"":[374.1325988769531,157.1886749267578,384.9521179199219,168.18235778808594],""confidence"":0.0020007893908768892,""patch_id"":""""},{""bbox"":[442.3117980957031,244.8778839111328,452.4329528808594,254.66659545898438],""confidence"":0.0019072535214945674,""patch_id"":""""},{""bbox"":[416.9011535644531,196.8542022705078,427.9691162109375,208.31991577148438],""confidence"":0.0016525170067325234,""patch_id"":""""},{""bbox"":[344.97991943359375,186.67337036132812,357.686279296875,199.35971069335938],""confidence"":0.001291837077587843,""patch_id"":""""},{""bbox"":[444.0252685546875,199.13026428222656,453.79547119140625,209.06883239746094],""confidence"":0.0011650194646790624,""patch_id"":""""}]",24,0.001
001_20200624_043333(2),1,576,444,"[[338.0,155.0,355.0,170.0],[340.0,190.0,355.99999999999994,205.0],[343.0,234.00000000000003,356.0,249.00000000000003]]","[{""bbox"":[342.1085510253906,233.9822998046875,354.1423034667969,246.02935791015625],""confidence"":0.6571177840232849,""patch_id"":""""},{""bbox"":[339.602783203125,187.75172424316406,353.5015869140625,202.158203125],""confidence"":0.5823140740394592,""patch_id"":""""},{""bbox"":[340.11749267578125,154.88720703125,352.3196716308594,167.29074096679688],""confidence"":0.5785114169120789,""patch_id"":""""},{""bbox"":[341.11895751953125,155.8933868408203,354.0440368652344,168.6749267578125],""confidence"":0.13054482638835907,""patch_id"":""""},{""bbox"":[340.9925537109375,232.84494018554688,352.3377990722656,244.5682373046875],""confidence"":0.10262062400579453,""patch_id"":""""},{""bbox"":[339.1685485839844,154.0309295654297,351.123046875,165.7206573486328],""confidence"":0.04203416034579277,""patch_id"":""""},{""bbox"":[342.2604675292969,154.691650390625,355.9129638671875,167.36672973632812],""confidence"":0.020289922133088112,""patch_id"":""""},{""bbox"":[338.530517578125,187.60862731933594,351.2231140136719,200.17446899414062],""confidence"":0.01947017014026642,""patch_id"":""""},{""bbox"":[343.21087646484375,232.76751708984375,356.5760192871094,246.37332153320312],""confidence"":0.013940712437033653,""patch_id"":""""},{""bbox"":[384.1746520996094,240.51219177246094,393.8871765136719,250.3096923828125],""confidence"":0.009987590834498405,""patch_id"":""""},{""bbox"":[340.1505126953125,186.49241638183594,352.5515441894531,199.11279296875],""confidence"":0.006687511224299669,""patch_id"":""""},{""bbox"":[380.306884765625,158.96823120117188,391.3477783203125,169.989501953125],""confidence"":0.006458962801843882,""patch_id"":""""},{""bbox"":[399.6550598144531,241.9539794921875,409.2076721191406,251.92803955078125],""confidence"":0.004737319890409708,""patch_id"":""""},{""bbox"":[341.82208251953125,187.67025756835938,356.2252502441406,201.8551025390625],""confidence"":0.0034134292509406805,""patch_id"":""""},{""bbox"":[405.447021484375,196.9571990966797,415.4822692871094,206.9359130859375],""confidence"":0.0020068942103534937,""patch_id"":""""},{""bbox"":[341.3252258300781,157.84788513183594,354.7582702636719,171.74761962890625],""confidence"":0.0016691578784957528,""patch_id"":""""},{""bbox"":[341.0704345703125,189.88519287109375,355.0127868652344,204.11094665527344],""confidence"":0.00166262814309448,""patch_id"":""""},{""bbox"":[338.934326171875,233.6021728515625,350.3135986328125,244.80368041992188],""confidence"":0.0015377838863059878,""patch_id"":""""}]",18,0.001
001_20200624_043337(8),1,576,444,"[[337.99999999999994,152.0,353.0,166.0],[340.0,186.0,355.99999999999994,201.0],[342.0,232.0,356.0,245.0]]","[{""bbox"":[343.21844482421875,231.0665283203125,355.5539855957031,244.15948486328125],""confidence"":0.6545001268386841,""patch_id"":""""},{""bbox"":[340.03729248046875,187.93487548828125,352.95703125,201.73040771484375],""confidence"":0.6270274519920349,""patch_id"":""""},{""bbox"":[339.9380798339844,152.6367950439453,352.2217712402344,165.37132263183594],""confidence"":0.6072292923927307,""patch_id"":""""},{""bbox"":[338.41021728515625,187.4314727783203,350.7518005371094,199.41184997558594],""confidence"":0.1851353794336319,""patch_id"":""""},{""bbox"":[342.20306396484375,229.92181396484375,353.8500061035156,242.14349365234375],""confidence"":0.12846052646636963,""patch_id"":""""},{""bbox"":[338.6545104980469,152.1096954345703,350.5455627441406,163.66505432128906],""confidence"":0.09188943356275558,""patch_id"":""""},{""bbox"":[476.13427734375,162.24082946777344,487.6535339355469,174.00717163085938],""confidence"":0.05647943168878555,""patch_id"":""""},{""bbox"":[339.4608459472656,153.57073974609375,353.4653625488281,168.0859832763672],""confidence"":0.02884620986878872,""patch_id"":""""},{""bbox"":[345.1737365722656,229.5318603515625,357.4507141113281,242.074951171875],""confidence"":0.024725914001464844,""patch_id"":""""},{""bbox"":[342.6417541503906,232.55465698242188,356.9826965332031,247.2690887451172],""confidence"":0.014748522080481052,""patch_id"":""""},{""bbox"":[346.1543884277344,231.1056671142578,359.6151123046875,243.77389526367188],""confidence"":0.008251492865383625,""patch_id"":""""},{""bbox"":[342.1677551269531,187.7662353515625,355.7939758300781,200.73910522460938],""confidence"":0.007939871400594711,""patch_id"":""""},{""bbox"":[342.8769836425781,152.82781982421875,356.075439453125,165.4066619873047],""confidence"":0.007184857036918402,""patch_id"":""""},{""bbox"":[407.5811767578125,237.62356567382812,417.4745788574219,247.85391235351562],""confidence"":0.006863898131996393,""patch_id"":""""},{""bbox"":[413.62823486328125,195.2325897216797,423.5371398925781,205.15818786621094],""confidence"":0.0066210548393428326,""patch_id"":""""},{""bbox"":[340.9378967285156,150.95437622070312,353.5215148925781,163.7481689453125],""confidence"":0.0038235229440033436,""patch_id"":""""},{""bbox"":[341.2981872558594,186.67413330078125,353.90301513671875,199.14395141601562],""confidence"":0.0030041146092116833,""patch_id"":""""},{""bbox"":[338.86065673828125,188.98159790039062,353.6924743652344,204.1457977294922],""confidence"":0.0028592434246093035,""patch_id"":""""},{""bbox"":[390.403564453125,157.41197204589844,400.7269592285156,168.2512969970703],""confidence"":0.0028312234207987785,""patch_id"":""""},{""bbox"":[410.15350341796875,238.0377197265625,419.9756164550781,248.59585571289062],""confidence"":0.002737698145210743,""patch_id"":""""},{""bbox"":[476.8131103515625,163.29397583007812,488.69659423828125,175.90155029296875],""confidence"":0.002199486130848527,""patch_id"":""""},{""bbox"":[337.73992919921875,150.3271026611328,349.0521545410156,161.94912719726562],""confidence"":0.0018890458159148693,""patch_id"":""""},{""bbox"":[386.2647399902344,157.39923095703125,396.88421630859375,168.45199584960938],""confidence"":0.0018722019158303738,""patch_id"":""""},{""bbox"":[338.2983093261719,185.72142028808594,349.7202453613281,197.0511932373047],""confidence"":0.001770797767676413,""patch_id"":""""},{""bbox"":[339.0318603515625,183.29364013671875,349.6517028808594,194.50540161132812],""confidence"":0.0015795690705999732,""patch_id"":""""},{""bbox"":[405.8020935058594,236.490234375,416.3299255371094,247.1518096923828],""confidence"":0.001172940363176167,""patch_id"":""""},{""bbox"":[386.3086242675781,235.18533325195312,396.2205810546875,245.4847412109375],""confidence"":0.0011599897406995296,""patch_id"":""""},{""bbox"":[355.643798828125,157.3629150390625,365.2613525390625,166.77723693847656],""confidence"":0.0011583063751459122,""patch_id"":""""},{""bbox"":[469.166015625,241.8654327392578,478.8802490234375,251.74017333984375],""confidence"":0.0010952960001304746,""patch_id"":""""},{""bbox"":[359.99835205078125,191.58395385742188,369.39276123046875,201.1981964111328],""confidence"":0.0010855678701773286,""patch_id"":""""}]",30,0.001
001_20200624_083150(7),1,576,444,"[[339.00000000000006,148.0,356.0,161.0],[346.0,181.0,361.0,196.0],[355.0,223.99999999999997,369.0,240.0]]","[{""bbox"":[356.615478515625,226.08181762695312,369.0140075683594,238.70928955078125],""confidence"":0.6576067209243774,""patch_id"":""""},{""bbox"":[346.6888732910156,181.2447967529297,359.7583312988281,195.3424530029297],""confidence"":0.6262174844741821,""patch_id"":""""},{""bbox"":[341.40509033203125,149.23995971679688,353.1524353027344,161.28677368164062],""confidence"":0.5793613791465759,""patch_id"":""""},{""bbox"":[358.0413513183594,224.58761596679688,370.8096618652344,237.62042236328125],""confidence"":0.18058067560195923,""patch_id"":""""},{""bbox"":[355.73699951171875,225.03640747070312,367.53228759765625,236.92274475097656],""confidence"":0.15487927198410034,""patch_id"":""""},{""bbox"":[422.8828125,215.54815673828125,433.6573181152344,226.3873748779297],""confidence"":0.13566024601459503,""patch_id"":""""},{""bbox"":[345.6569519042969,181.2736358642578,357.8000183105469,193.39276123046875],""confidence"":0.06701865047216415,""patch_id"":""""},{""bbox"":[425.8418884277344,214.068603515625,436.8791809082031,225.50909423828125],""confidence"":0.019771533086895943,""patch_id"":""""},{""bbox"":[340.41961669921875,147.30690002441406,352.54168701171875,159.67425537109375],""confidence"":0.019760731607675552,""patch_id"":""""},{""bbox"":[338.364501953125,148.68154907226562,350.31500244140625,160.81166076660156],""confidence"":0.014693600125610828,""patch_id"":""""},{""bbox"":[346.7045593261719,178.98541259765625,358.1783447265625,190.98654174804688],""confidence"":0.011705756187438965,""patch_id"":""""},{""bbox"":[355.1094665527344,222.43545532226562,367.15643310546875,234.7194366455078],""confidence"":0.007682181429117918,""patch_id"":""""},{""bbox"":[420.9853515625,215.90298461914062,432.5096130371094,227.13035583496094],""confidence"":0.006312988698482513,""patch_id"":""""},{""bbox"":[341.5740661621094,149.97879028320312,355.67413330078125,164.4911346435547],""confidence"":0.004224312491714954,""patch_id"":""""},{""bbox"":[420.35040283203125,214.65147399902344,430.9656677246094,225.6667022705078],""confidence"":0.004133131820708513,""patch_id"":""""},{""bbox"":[349.4071960449219,180.65438842773438,362.903564453125,193.26779174804688],""confidence"":0.0033573966939002275,""patch_id"":""""},{""bbox"":[332.2889099121094,148.63421630859375,342.51641845703125,159.35350036621094],""confidence"":0.003203032771125436,""patch_id"":""""},{""bbox"":[347.9679870605469,179.1156005859375,360.7729797363281,191.80221557617188],""confidence"":0.0028814782854169607,""patch_id"":""""},{""bbox"":[362.0604553222656,223.9752960205078,374.0672912597656,235.25221252441406],""confidence"":0.0027073142118752003,""patch_id"":""""},{""bbox"":[421.5102233886719,216.35830688476562,434.3614196777344,229.43374633789062],""confidence"":0.002626455156132579,""patch_id"":""""},{""bbox"":[344.45166015625,182.2159881591797,360.0235595703125,198.10980224609375],""confidence"":0.00229768012650311,""patch_id"":""""},{""bbox"":[431.9624938964844,213.66665649414062,441.4914855957031,223.6915740966797],""confidence"":0.0015674701426178217,""patch_id"":""""},{""bbox"":[434.84832763671875,213.18380737304688,444.9128112792969,223.21279907226562],""confidence"":0.0014651714591309428,""patch_id"":""""},{""bbox"":[348.56707763671875,182.5821075439453,362.759521484375,196.7559051513672],""confidence"":0.0011940712574869394,""patch_id"":""""},{""bbox"":[382.9198913574219,141.19482421875,393.1092529296875,151.56031799316406],""confidence"":0.001172275748103857,""patch_id"":""""},{""bbox"":[360.98486328125,222.65347290039062,372.06280517578125,234.04739379882812],""confidence"":0.0011387922568246722,""patch_id"":""""},{""bbox"":[473.91314697265625,205.8701934814453,483.7485656738281,215.6803741455078],""confidence"":0.0010842226911336184,""patch_id"":""""},{""bbox"":[343.9054870605469,146.66241455078125,356.5073547363281,158.91966247558594],""confidence"":0.001081343274563551,""patch_id"":""""},{""bbox"":[392.4779968261719,218.50144958496094,402.43182373046875,229.30665588378906],""confidence"":0.0010412088595330715,""patch_id"":""""}]",29,0.001
001_20200624_083153(8),1,576,444,"[[349.0,150.0,363.0,163.0],[349.0,182.0,364.00000000000006,197.0],[349.0,231.0,363.0,242.99999999999997]]","[{""bbox"":[349.7411804199219,229.65528869628906,361.937744140625,242.29945373535156],""confidence"":0.6625747680664062,""patch_id"":""""},{""bbox"":[351.3578186035156,150.31185913085938,363.5883483886719,162.69822692871094],""confidence"":0.6139991879463196,""patch_id"":""""},{""bbox"":[350.36090087890625,183.88160705566406,362.5055236816406,196.77410888671875],""confidence"":0.5869011878967285,""patch_id"":""""},{""bbox"":[476.2691650390625,252.70811462402344,487.24517822265625,263.8302307128906],""confidence"":0.14366912841796875,""patch_id"":""""},{""bbox"":[350.2801513671875,182.2247314453125,361.5376281738281,193.974609375],""confidence"":0.11440561711788177,""patch_id"":""""},{""bbox"":[440.9194641113281,164.64292907714844,451.7902526855469,175.6393585205078],""confidence"":0.037714142352342606,""patch_id"":""""},{""bbox"":[349.3037109375,228.5501708984375,360.6920166015625,239.7979736328125],""confidence"":0.031693942844867706,""patch_id"":""""},{""bbox"":[349.9310302734375,149.32672119140625,362.094970703125,161.31610107421875],""confidence"":0.022841429337859154,""patch_id"":""""},{""bbox"":[333.6609191894531,186.0120086669922,345.728759765625,198.840087890625],""confidence"":0.016274504363536835,""patch_id"":""""},{""bbox"":[350.35174560546875,146.74224853515625,361.3752136230469,158.4200897216797],""confidence"":0.014781607314944267,""patch_id"":""""},{""bbox"":[351.5623474121094,185.05996704101562,364.16949462890625,197.72314453125],""confidence"":0.013373111374676228,""patch_id"":""""},{""bbox"":[441.95599365234375,166.02989196777344,452.99786376953125,177.17991638183594],""confidence"":0.01190441008657217,""patch_id"":""""},{""bbox"":[477.0747985839844,253.70477294921875,488.477294921875,265.84283447265625],""confidence"":0.01030915230512619,""patch_id"":""""},{""bbox"":[351.79534912109375,182.7178192138672,364.3211975097656,195.1240692138672],""confidence"":0.008574007079005241,""patch_id"":""""},{""bbox"":[482.3641662597656,172.27919006347656,493.33599853515625,183.37637329101562],""confidence"":0.008421816863119602,""patch_id"":""""},{""bbox"":[425.7607421875,245.26861572265625,435.2735900878906,254.83364868164062],""confidence"":0.005685257259756327,""patch_id"":""""},{""bbox"":[351.5987854003906,152.1536865234375,364.4633483886719,165.00164794921875],""confidence"":0.005646340548992157,""patch_id"":""""},{""bbox"":[396.302490234375,239.07733154296875,406.4734191894531,249.45852661132812],""confidence"":0.005553257651627064,""patch_id"":""""},{""bbox"":[333.5132751464844,184.72000122070312,344.9267578125,195.92868041992188],""confidence"":0.004978951998054981,""patch_id"":""""},{""bbox"":[438.7513122558594,163.68643188476562,450.00042724609375,174.71434020996094],""confidence"":0.004574248567223549,""patch_id"":""""},{""bbox"":[350.3605041503906,186.31646728515625,364.0067443847656,200.19703674316406],""confidence"":0.004229396115988493,""patch_id"":""""},{""bbox"":[332.52264404296875,185.70494079589844,343.283203125,196.4483184814453],""confidence"":0.00345536507666111,""patch_id"":""""},{""bbox"":[352.3926086425781,149.9130096435547,366.63934326171875,163.47802734375],""confidence"":0.0031522978097200394,""patch_id"":""""},{""bbox"":[349.7640075683594,179.49916076660156,360.5630798339844,190.7642059326172],""confidence"":0.002891158452257514,""patch_id"":""""},{""bbox"":[348.3034973144531,226.44937133789062,359.9753723144531,238.40814208984375],""confidence"":0.002733648521825671,""patch_id"":""""},{""bbox"":[498.3432312011719,251.23133850097656,510.23504638671875,262.6833801269531],""confidence"":0.0016050089616328478,""patch_id"":""""},{""bbox"":[351.5591735839844,147.2789306640625,364.4703063964844,160.03977966308594],""confidence"":0.0015468671917915344,""patch_id"":""""},{""bbox"":[397.9171447753906,239.86795043945312,407.59381103515625,249.932373046875],""confidence"":0.0015081384917721152,""patch_id"":""""},{""bbox"":[483.31854248046875,212.15231323242188,496.25518798828125,224.81393432617188],""confidence"":0.0013508268166333437,""patch_id"":""""},{""bbox"":[484.0078430175781,172.69107055664062,494.90692138671875,183.79345703125],""confidence"":0.0012940764427185059,""patch_id"":""""},{""bbox"":[499.82574462890625,254.35986328125,510.63604736328125,264.82366943359375],""confidence"":0.0012132648844271898,""patch_id"":""""},{""bbox"":[348.29443359375,232.46658325195312,362.57220458984375,247.22232055664062],""confidence"":0.0011846635024994612,""patch_id"":""""},{""bbox"":[404.9440612792969,194.5274658203125,414.5987854003906,204.0703582763672],""confidence"":0.001116490107960999,""patch_id"":""""},{""bbox"":[424.6261901855469,246.17477416992188,435.7399597167969,256.38555908203125],""confidence"":0.0011163332965224981,""patch_id"":""""},{""bbox"":[336.2991638183594,227.84725952148438,347.0743408203125,238.22232055664062],""confidence"":0.0010893703438341618,""patch_id"":""""}]",35,0.001
001_20200624_083156(9),1,576,444,"[[335.99999999999994,220.00000000000003,351.0,232.0],[357.0,295.0,369.99999999999994,308.0],[344.99999999999994,249.99999999999997,360.0,266.0]]","[{""bbox"":[345.245361328125,252.06211853027344,357.9818115234375,265.12078857421875],""confidence"":0.6862731575965881,""patch_id"":""""},{""bbox"":[354.86041259765625,295.4489440917969,367.19927978515625,307.69464111328125],""confidence"":0.6024249792098999,""patch_id"":""""},{""bbox"":[338.06158447265625,220.2029266357422,349.3658447265625,231.49169921875],""confidence"":0.5512543320655823,""patch_id"":""""},{""bbox"":[338.86663818359375,218.86685180664062,352.0982360839844,231.3724822998047],""confidence"":0.15056921541690826,""patch_id"":""""},{""bbox"":[335.86187744140625,218.17193603515625,346.639404296875,230.131103515625],""confidence"":0.1397535353899002,""patch_id"":""""},{""bbox"":[336.6780700683594,221.4817657470703,349.2242431640625,233.68251037597656],""confidence"":0.08074899017810822,""patch_id"":""""},{""bbox"":[333.0508728027344,219.62265014648438,343.4332580566406,230.5023651123047],""confidence"":0.07499999552965164,""patch_id"":""""},{""bbox"":[356.3162841796875,294.1829833984375,370.02978515625,306.9625549316406],""confidence"":0.07436021417379379,""patch_id"":""""},{""bbox"":[331.9109802246094,217.8655548095703,342.8188171386719,229.72584533691406],""confidence"":0.04837670922279358,""patch_id"":""""},{""bbox"":[484.0189208984375,217.3779296875,493.7969970703125,227.34242248535156],""confidence"":0.03755463287234306,""patch_id"":""""},{""bbox"":[329.58544921875,217.9005126953125,340.62158203125,229.07415771484375],""confidence"":0.02671438828110695,""patch_id"":""""},{""bbox"":[386.9133605957031,209.20176696777344,397.1253662109375,219.37466430664062],""confidence"":0.0163114033639431,""patch_id"":""""},{""bbox"":[424.35699462890625,278.19244384765625,434.6351013183594,288.4598388671875],""confidence"":0.01627884991466999,""patch_id"":""""},{""bbox"":[345.0796813964844,250.88983154296875,356.906005859375,262.51483154296875],""confidence"":0.014097095467150211,""patch_id"":""""},{""bbox"":[354.7809753417969,217.95330810546875,364.6808166503906,227.83627319335938],""confidence"":0.011976547539234161,""patch_id"":""""},{""bbox"":[329.95904541015625,220.45297241210938,341.06982421875,231.3606414794922],""confidence"":0.0093283262103796,""patch_id"":""""},{""bbox"":[327.46435546875,218.51368713378906,338.868408203125,229.5556640625],""confidence"":0.009096218273043633,""patch_id"":""""},{""bbox"":[353.41754150390625,295.89874267578125,365.0347900390625,307.131103515625],""confidence"":0.008992327377200127,""patch_id"":""""},{""bbox"":[398.4090576171875,235.88375854492188,410.28717041015625,247.27658081054688],""confidence"":0.00822010450065136,""patch_id"":""""},{""bbox"":[455.389892578125,224.01539611816406,465.6005859375,234.11831665039062],""confidence"":0.0079384446144104,""patch_id"":""""},{""bbox"":[481.82232666015625,215.2070770263672,493.0892333984375,226.73228454589844],""confidence"":0.007149128708988428,""patch_id"":""""},{""bbox"":[346.27618408203125,250.1431884765625,359.64349365234375,263.24835205078125],""confidence"":0.006894981022924185,""patch_id"":""""},{""bbox"":[342.52996826171875,252.6998291015625,355.49176025390625,265.52789306640625],""confidence"":0.006577799096703529,""patch_id"":""""},{""bbox"":[354.2577209472656,215.30477905273438,365.5580139160156,226.63201904296875],""confidence"":0.006543435622006655,""patch_id"":""""},{""bbox"":[383.36572265625,210.04884338378906,395.34564208984375,221.7582244873047],""confidence"":0.00463057542219758,""patch_id"":""""},{""bbox"":[398.1758728027344,237.3366241455078,408.3033142089844,247.60581970214844],""confidence"":0.0035583139397203922,""patch_id"":""""},{""bbox"":[487.80206298828125,218.62704467773438,497.96563720703125,227.8666534423828],""confidence"":0.0026279205922037363,""patch_id"":""""},{""bbox"":[481.60247802734375,217.254638671875,491.85888671875,227.54486083984375],""confidence"":0.002376056741923094,""patch_id"":""""},{""bbox"":[355.0663757324219,297.663330078125,369.80865478515625,312.324462890625],""confidence"":0.002264355542138219,""patch_id"":""""},{""bbox"":[455.255615234375,221.66558837890625,466.43377685546875,232.79885864257812],""confidence"":0.0021066584158688784,""patch_id"":""""},{""bbox"":[344.21942138671875,253.86795043945312,358.8975830078125,268.77001953125],""confidence"":0.00205329991877079,""patch_id"":""""},{""bbox"":[483.39654541015625,218.646484375,494.844970703125,229.9375762939453],""confidence"":0.0016485190717503428,""patch_id"":""""},{""bbox"":[480.6092834472656,265.29888916015625,490.7685546875,275.04278564453125],""confidence"":0.001444938126951456,""patch_id"":""""},{""bbox"":[347.2119445800781,217.7255096435547,357.5050354003906,228.8507080078125],""confidence"":0.001410049619153142,""patch_id"":""""},{""bbox"":[333.6225280761719,221.7212677001953,346.1018981933594,234.12586975097656],""confidence"":0.0013619600795209408,""patch_id"":""""},{""bbox"":[485.093505859375,218.92230224609375,496.9906005859375,230.15988159179688],""confidence"":0.001315981731750071,""patch_id"":""""},{""bbox"":[408.0352783203125,203.74661254882812,418.4848327636719,214.28623962402344],""confidence"":0.001250451197847724,""patch_id"":""""},{""bbox"":[390.40472412109375,290.2532043457031,399.4244079589844,299.7823181152344],""confidence"":0.0011713141575455666,""patch_id"":""""},{""bbox"":[476.9198913574219,216.9112548828125,486.8515319824219,227.94558715820312],""confidence"":0.0011321315541863441,""patch_id"":""""},{""bbox"":[355.84674072265625,216.59451293945312,367.16375732421875,227.01681518554688],""confidence"":0.0010609521996229887,""patch_id"":""""},{""bbox"":[423.1943359375,280.7376403808594,433.95269775390625,291.6642150878906],""confidence"":0.0010042268550023437,""patch_id"":""""}]",41,0.001
001_20200624_083159(6),1,576,444,"[[351.0,204.0,365.0,217.0],[358.0,232.0,373.99999999999994,247.0],[371.0,268.0,384.0,281.0]]","[{""bbox"":[359.9190673828125,233.9053497314453,372.455078125,246.54983520507812],""confidence"":0.6314611434936523,""patch_id"":""""},{""bbox"":[370.57806396484375,268.3793029785156,382.18011474609375,280.19793701171875],""confidence"":0.51091068983078,""patch_id"":""""},{""bbox"":[352.94012451171875,204.6927032470703,365.0939636230469,216.97201538085938],""confidence"":0.509926438331604,""patch_id"":""""},{""bbox"":[514.4240112304688,219.539794921875,524.5960693359375,229.29690551757812],""confidence"":0.12100175023078918,""patch_id"":""""},{""bbox"":[514.21142578125,221.18197631835938,524.8954467773438,231.22698974609375],""confidence"":0.08433722704648972,""patch_id"":""""},{""bbox"":[352.18408203125,203.8616180419922,362.9830017089844,215.3839569091797],""confidence"":0.04306566342711449,""patch_id"":""""},{""bbox"":[353.0526123046875,202.2501983642578,366.8953857421875,216.0259552001953],""confidence"":0.035847291350364685,""patch_id"":""""},{""bbox"":[370.12542724609375,269.2952880859375,383.6075134277344,283.29669189453125],""confidence"":0.026379738003015518,""patch_id"":""""},{""bbox"":[360.3697204589844,232.04498291015625,374.27325439453125,245.79942321777344],""confidence"":0.015155462548136711,""patch_id"":""""},{""bbox"":[413.396240234375,185.63685607910156,424.84619140625,196.81561279296875],""confidence"":0.013756876811385155,""patch_id"":""""},{""bbox"":[355.29400634765625,270.04913330078125,366.6281433105469,280.90533447265625],""confidence"":0.012668939307332039,""patch_id"":""""},{""bbox"":[369.7362060546875,266.201416015625,381.7842712402344,278.7513122558594],""confidence"":0.010267036966979504,""patch_id"":""""},{""bbox"":[414.22283935546875,184.61773681640625,424.2981262207031,194.8291473388672],""confidence"":0.009668923914432526,""patch_id"":""""},{""bbox"":[367.52227783203125,268.424072265625,379.29730224609375,280.75665283203125],""confidence"":0.005826259031891823,""patch_id"":""""},{""bbox"":[359.68719482421875,236.72268676757812,373.6448974609375,250.9781036376953],""confidence"":0.005210788920521736,""patch_id"":""""},{""bbox"":[513.5302124023438,222.418701171875,524.9102783203125,233.5158233642578],""confidence"":0.0033936642576009035,""patch_id"":""""},{""bbox"":[412.66387939453125,185.2924346923828,422.96685791015625,195.57289123535156],""confidence"":0.0032759783789515495,""patch_id"":""""},{""bbox"":[425.14544677734375,249.90408325195312,435.4790954589844,260.483154296875],""confidence"":0.003113100305199623,""patch_id"":""""},{""bbox"":[430.0917053222656,215.40414428710938,439.560302734375,225.09771728515625],""confidence"":0.002907093148678541,""patch_id"":""""},{""bbox"":[427.049560546875,215.78285217285156,436.95361328125,225.72964477539062],""confidence"":0.0027212854474782944,""patch_id"":""""},{""bbox"":[356.4449768066406,268.3576354980469,367.23443603515625,279.5219421386719],""confidence"":0.0026650703512132168,""patch_id"":""""},{""bbox"":[365.9747314453125,268.1837463378906,377.0862121582031,280.4462890625],""confidence"":0.0021215323358774185,""patch_id"":""""},{""bbox"":[354.72540283203125,272.02349853515625,365.95166015625,283.1572265625],""confidence"":0.0020922180265188217,""patch_id"":""""},{""bbox"":[487.8371276855469,162.63577270507812,498.91156005859375,173.47845458984375],""confidence"":0.0020469878800213337,""patch_id"":""""},{""bbox"":[512.6656494140625,215.74835205078125,524.4666137695312,227.77859497070312],""confidence"":0.0018438936676830053,""patch_id"":""""},{""bbox"":[424.2657165527344,251.2967071533203,434.5913391113281,261.2994689941406],""confidence"":0.0017968143802136183,""patch_id"":""""},{""bbox"":[412.2823486328125,187.02658081054688,424.1364440917969,199.00628662109375],""confidence"":0.0017943435814231634,""patch_id"":""""},{""bbox"":[341.5221252441406,207.44834899902344,352.5082092285156,217.78604125976562],""confidence"":0.0015600081533193588,""patch_id"":""""},{""bbox"":[351.9503173828125,200.98667907714844,363.7694091796875,213.27093505859375],""confidence"":0.0015347397420555353,""patch_id"":""""},{""bbox"":[341.49237060546875,206.02731323242188,352.2304992675781,215.8548126220703],""confidence"":0.0015001905849203467,""patch_id"":""""},{""bbox"":[347.5616455078125,205.12051391601562,357.4080505371094,216.43565368652344],""confidence"":0.0013516009785234928,""patch_id"":""""},{""bbox"":[415.6734924316406,183.72952270507812,426.0038146972656,193.75135803222656],""confidence"":0.0011351617285981774,""patch_id"":""""},{""bbox"":[371.1407775878906,266.9360656738281,384.3529357910156,279.1434631347656],""confidence"":0.0010210410691797733,""patch_id"":""""}]",33,0.001
001_20200624_083202(6),1,576,444,"[[341.0,198.0,361.0,218.99999999999997],[355.0,232.0,369.0,245.0],[368.00000000000006,263.0,381.0,278.0]]","[{""bbox"":[346.5612487792969,203.5259552001953,357.598388671875,214.4815673828125],""confidence"":0.45633190870285034,""patch_id"":""""},{""bbox"":[368.3113708496094,265.7658386230469,379.7690124511719,277.2750549316406],""confidence"":0.4474855065345764,""patch_id"":""""},{""bbox"":[356.4508972167969,231.98988342285156,367.44476318359375,243.0393829345703],""confidence"":0.4202498495578766,""patch_id"":""""},{""bbox"":[344.15289306640625,201.91392517089844,357.4713439941406,214.65257263183594],""confidence"":0.31514760851860046,""patch_id"":""""},{""bbox"":[354.0307312011719,230.43182373046875,367.7537536621094,243.24623107910156],""confidence"":0.27290037274360657,""patch_id"":""""},{""bbox"":[355.9908447265625,234.00357055664062,368.27392578125,245.36199951171875],""confidence"":0.13638605177402496,""patch_id"":""""},{""bbox"":[366.7835998535156,264.7298278808594,378.3843994140625,276.73638916015625],""confidence"":0.07761311531066895,""patch_id"":""""},{""bbox"":[367.9508972167969,266.6866760253906,380.8378601074219,279.8778076171875],""confidence"":0.05745794624090195,""patch_id"":""""},{""bbox"":[368.28668212890625,262.95318603515625,381.37017822265625,275.0649719238281],""confidence"":0.03609336540102959,""patch_id"":""""},{""bbox"":[344.56732177734375,200.93405151367188,355.8296203613281,212.89004516601562],""confidence"":0.015941735357046127,""patch_id"":""""},{""bbox"":[356.8240661621094,234.987548828125,369.389404296875,247.8134307861328],""confidence"":0.009902163408696651,""patch_id"":""""},{""bbox"":[495.5469970703125,167.32089233398438,506.4621276855469,177.47369384765625],""confidence"":0.007299221120774746,""patch_id"":""""},{""bbox"":[345.1340637207031,204.40101623535156,356.9471740722656,216.25218200683594],""confidence"":0.006261956878006458,""patch_id"":""""},{""bbox"":[487.73944091796875,136.18707275390625,497.9753112792969,145.88470458984375],""confidence"":0.0036493849474936724,""patch_id"":""""},{""bbox"":[494.005615234375,166.92039489746094,504.8500061035156,177.11932373046875],""confidence"":0.0028462789487093687,""patch_id"":""""},{""bbox"":[420.9344177246094,167.07894897460938,431.0178527832031,177.63186645507812],""confidence"":0.002534425351768732,""patch_id"":""""},{""bbox"":[419.6922302246094,168.55062866210938,429.7040710449219,178.28724670410156],""confidence"":0.0022509582340717316,""patch_id"":""""},{""bbox"":[353.95074462890625,267.6708068847656,364.68890380859375,278.3329162597656],""confidence"":0.002187113743275404,""patch_id"":""""},{""bbox"":[401.34552001953125,176.4193572998047,411.5099182128906,186.627685546875],""confidence"":0.0021848278120160103,""patch_id"":""""},{""bbox"":[496.84661865234375,165.9936981201172,506.3790283203125,175.5163116455078],""confidence"":0.0020425627008080482,""patch_id"":""""},{""bbox"":[334.3656005859375,206.25482177734375,345.01849365234375,215.77870178222656],""confidence"":0.0019556800834834576,""patch_id"":""""},{""bbox"":[494.8759460449219,165.83262634277344,504.70367431640625,175.3877716064453],""confidence"":0.0019414665875956416,""patch_id"":""""},{""bbox"":[342.5760803222656,234.516845703125,352.98089599609375,244.71896362304688],""confidence"":0.0016409812960773706,""patch_id"":""""},{""bbox"":[452.44091796875,218.02784729003906,463.5107116699219,229.07998657226562],""confidence"":0.0014577070251107216,""patch_id"":""""},{""bbox"":[400.0718994140625,174.80609130859375,410.7283630371094,185.6780548095703],""confidence"":0.0013484983937814832,""patch_id"":""""},{""bbox"":[487.7485656738281,134.52488708496094,497.1884765625,144.0210418701172],""confidence"":0.0012987605296075344,""patch_id"":""""},{""bbox"":[442.110107421875,157.17120361328125,452.52081298828125,167.48414611816406],""confidence"":0.0012405070010572672,""patch_id"":""""},{""bbox"":[369.4263000488281,261.47723388671875,381.78668212890625,272.9967346191406],""confidence"":0.001104429247789085,""patch_id"":""""},{""bbox"":[336.6949462890625,208.7104034423828,348.3191833496094,219.970947265625],""confidence"":0.001086444710381329,""patch_id"":""""}]",29,0.001
001_20200624_083205(7),1,576,444,"[[350.0,200.0,368.0,215.0],[355.0,231.0,371.99999999999994,242.99999999999997],[364.0,268.0,379.0,280.0]]","[{""bbox"":[357.1588134765625,230.8116455078125,370.39141845703125,244.52676391601562],""confidence"":0.6079341769218445,""patch_id"":""""},{""bbox"":[366.2427062988281,266.0603942871094,378.98046875,278.7430725097656],""confidence"":0.5662171840667725,""patch_id"":""""},{""bbox"":[350.3332214355469,200.86582946777344,363.0779113769531,213.8140411376953],""confidence"":0.47268059849739075,""patch_id"":""""},{""bbox"":[367.6839599609375,264.8530578613281,381.190185546875,277.76507568359375],""confidence"":0.1317969262599945,""patch_id"":""""},{""bbox"":[364.2840576171875,266.5907287597656,376.7137756347656,278.9797668457031],""confidence"":0.04568491876125336,""patch_id"":""""},{""bbox"":[357.4020080566406,232.3556671142578,372.1918029785156,247.6669921875],""confidence"":0.035525716841220856,""patch_id"":""""},{""bbox"":[465.7640380859375,171.10763549804688,476.78399658203125,181.87088012695312],""confidence"":0.015230544842779636,""patch_id"":""""},{""bbox"":[351.4881286621094,201.333740234375,365.6563415527344,215.49957275390625],""confidence"":0.008262847550213337,""patch_id"":""""},{""bbox"":[427.1085510253906,215.8495635986328,436.6329345703125,225.18492126464844],""confidence"":0.006312940735369921,""patch_id"":""""},{""bbox"":[426.0071105957031,216.5498046875,435.9764404296875,226.72225952148438],""confidence"":0.004297300241887569,""patch_id"":""""},{""bbox"":[465.1669921875,169.3351287841797,476.40765380859375,179.82113647460938],""confidence"":0.0037063672207295895,""patch_id"":""""},{""bbox"":[405.4558410644531,253.83322143554688,416.1981506347656,264.6228942871094],""confidence"":0.003145714523270726,""patch_id"":""""},{""bbox"":[474.6601257324219,234.3028106689453,485.48406982421875,244.79420471191406],""confidence"":0.002879636362195015,""patch_id"":""""},{""bbox"":[352.2683410644531,199.22972106933594,366.5531311035156,212.8239288330078],""confidence"":0.0014242727775126696,""patch_id"":""""},{""bbox"":[423.9449768066406,215.978515625,433.1228332519531,225.96168518066406],""confidence"":0.0014046230353415012,""patch_id"":""""},{""bbox"":[348.8392333984375,200.09909057617188,359.7153015136719,211.7208709716797],""confidence"":0.0013796634739264846,""patch_id"":""""},{""bbox"":[414.33221435546875,217.2338409423828,423.92822265625,227.39828491210938],""confidence"":0.001144828274846077,""patch_id"":""""},{""bbox"":[362.84521484375,265.3973693847656,373.7669982910156,277.4014892578125],""confidence"":0.0010235938243567944,""patch_id"":""""}]",18,0.001
001_20200727_204954(7),1,576,444,"[[317.0,152.0,328.00000000000006,160.00000000000003]]","[{""bbox"":[317.38055419921875,149.2759552001953,328.67462158203125,160.90322875976562],""confidence"":0.5767186880111694,""patch_id"":""""},{""bbox"":[314.6536865234375,147.2894744873047,327.1119384765625,159.9873809814453],""confidence"":0.047628410160541534,""patch_id"":""""},{""bbox"":[317.1184997558594,150.27964782714844,330.977294921875,164.36131286621094],""confidence"":0.020123295485973358,""patch_id"":""""},{""bbox"":[350.4383544921875,146.92617797851562,359.7426452636719,156.65089416503906],""confidence"":0.01603694073855877,""patch_id"":""""},{""bbox"":[348.21783447265625,147.30101013183594,358.4649963378906,157.4385223388672],""confidence"":0.007062537595629692,""patch_id"":""""},{""bbox"":[349.1462707519531,148.70046997070312,358.5071105957031,158.9295654296875],""confidence"":0.005500314757227898,""patch_id"":""""},{""bbox"":[347.0096435546875,149.44476318359375,356.63873291015625,159.4370574951172],""confidence"":0.0036457828246057034,""patch_id"":""""},{""bbox"":[350.7815856933594,145.5327606201172,361.90423583984375,156.3541259765625],""confidence"":0.0034350291825830936,""patch_id"":""""},{""bbox"":[313.7615051269531,148.9164276123047,325.2004699707031,160.25706481933594],""confidence"":0.002175534376874566,""patch_id"":""""}]",9,0.001
001_20200727_204958(2),1,576,444,"[[321.00000000000006,148.0,329.0,156.0]]","[{""bbox"":[320.25360107421875,145.10862731933594,332.3514099121094,157.4774169921875],""confidence"":0.6036115288734436,""patch_id"":""""},{""bbox"":[383.4862365722656,139.2518768310547,394.22821044921875,149.9104766845703],""confidence"":0.1596270054578781,""patch_id"":""""},{""bbox"":[319.052001953125,143.46499633789062,330.9745178222656,155.77308654785156],""confidence"":0.04897930845618248,""patch_id"":""""},{""bbox"":[339.09991455078125,144.9987030029297,349.0946044921875,154.97166442871094],""confidence"":0.010922975838184357,""patch_id"":""""},{""bbox"":[316.2635803222656,144.6002197265625,327.7038269042969,155.92091369628906],""confidence"":0.00611647916957736,""patch_id"":""""},{""bbox"":[320.8453063964844,146.75875854492188,334.1006164550781,160.62693786621094],""confidence"":0.003951455000787973,""patch_id"":""""},{""bbox"":[338.64404296875,147.14117431640625,348.587158203125,157.82565307617188],""confidence"":0.0027862831484526396,""patch_id"":""""},{""bbox"":[382.0986633300781,141.4175567626953,393.9490661621094,153.8887176513672],""confidence"":0.0014050316531211138,""patch_id"":""""},{""bbox"":[321.91705322265625,142.94488525390625,334.7431640625,155.3607177734375],""confidence"":0.0012559890747070312,""patch_id"":""""},{""bbox"":[381.3162536621094,140.51138305664062,392.6860046386719,151.7180938720703],""confidence"":0.001021079020574689,""patch_id"":""""}]",10,0.001
001_20200728_123129(2),1,576,444,"[[331.0,203.0,340.0,213.0]]","[{""bbox"":[330.0,200.53729248046875,343.02264404296875,213.6459503173828],""confidence"":0.6649363040924072,""patch_id"":""""},{""bbox"":[328.3203430175781,200.0894317626953,340.9976806640625,212.68426513671875],""confidence"":0.02638978138566017,""patch_id"":""""},{""bbox"":[331.5683898925781,199.72691345214844,345.65814208984375,213.8994903564453],""confidence"":0.0054252115078270435,""patch_id"":""""},{""bbox"":[315.4878845214844,201.36093139648438,328.50701904296875,214.57632446289062],""confidence"":0.004166817758232355,""patch_id"":""""},{""bbox"":[353.3323669433594,202.99542236328125,363.4368591308594,213.07406616210938],""confidence"":0.0011497713858261704,""patch_id"":""""}]",5,0.001
001_20200728_123132(4),1,576,444,"[[323.0,226.0,332.0,237.99999999999997]]","[{""bbox"":[322.6998596191406,226.6182861328125,334.1330261230469,238.09405517578125],""confidence"":0.5811659097671509,""patch_id"":""""},{""bbox"":[321.116943359375,225.95101928710938,332.75244140625,237.3278045654297],""confidence"":0.061131834983825684,""patch_id"":""""},{""bbox"":[322.6800842285156,228.72279357910156,335.30316162109375,240.7328338623047],""confidence"":0.006201280280947685,""patch_id"":""""},{""bbox"":[428.6217041015625,246.69483947753906,438.9391784667969,257.3719482421875],""confidence"":0.0029062305111438036,""patch_id"":""""},{""bbox"":[426.935791015625,246.4068603515625,436.6029357910156,256.6648864746094],""confidence"":0.001382590038701892,""patch_id"":""""},{""bbox"":[311.5395812988281,226.26734924316406,321.8028259277344,236.51710510253906],""confidence"":0.0011813623132184148,""patch_id"":""""},{""bbox"":[311.0303039550781,224.5581817626953,321.5140686035156,235.1407012939453],""confidence"":0.0010058378102257848,""patch_id"":""""}]",7,0.001
001_20200810_203208(7),1,576,444,"[[315.0,187.0,324.0,198.0]]","[{""bbox"":[314.9117736816406,185.80615234375,327.3643493652344,198.5247039794922],""confidence"":0.6117532849311829,""patch_id"":""""},{""bbox"":[313.0238342285156,185.24803161621094,324.4604797363281,197.03311157226562],""confidence"":0.015180529095232487,""patch_id"":""""},{""bbox"":[316.7954406738281,183.951416015625,330.6454162597656,197.29458618164062],""confidence"":0.013669822365045547,""patch_id"":""""},{""bbox"":[316.94403076171875,182.9724578857422,329.1506652832031,195.20562744140625],""confidence"":0.006311185657978058,""patch_id"":""""},{""bbox"":[315.9555969238281,187.0662841796875,329.33551025390625,200.5194854736328],""confidence"":0.00404015090316534,""patch_id"":""""},{""bbox"":[314.5224609375,183.05352783203125,325.690185546875,195.2189178466797],""confidence"":0.003008070169016719,""patch_id"":""""},{""bbox"":[403.908935546875,180.19931030273438,413.29888916015625,189.81932067871094],""confidence"":0.001604743069037795,""patch_id"":""""}]",7,0.001
001_20200810_203212(6),1,576,444,"[[315.99999999999994,194.99999999999997,330.0,207.0]]","[{""bbox"":[314.94818115234375,194.61917114257812,327.47918701171875,207.2255401611328],""confidence"":0.6459059715270996,""patch_id"":""""},{""bbox"":[316.2472229003906,193.3413543701172,330.5462951660156,207.38868713378906],""confidence"":0.02184251882135868,""patch_id"":""""},{""bbox"":[313.2557067871094,193.35574340820312,324.4306335449219,204.890625],""confidence"":0.0018682221416383982,""patch_id"":""""},{""bbox"":[315.62347412109375,197.329833984375,329.0414123535156,211.12513732910156],""confidence"":0.0015314610209316015,""patch_id"":""""}]",4,0.001
001_20200811_043037(3),1,576,444,"[[315.99999999999994,222.0,326.0,233.00000000000003]]","[{""bbox"":[315.4808044433594,222.24697875976562,326.86077880859375,233.73703002929688],""confidence"":0.5734220743179321,""patch_id"":""""},{""bbox"":[314.9810485839844,222.9239044189453,327.6542053222656,236.23428344726562],""confidence"":0.02826266549527645,""patch_id"":""""},{""bbox"":[314.0694274902344,221.6701202392578,325.5595703125,232.8127899169922],""confidence"":0.018170278519392014,""patch_id"":""""},{""bbox"":[314.8985595703125,219.122314453125,326.7543029785156,231.21408081054688],""confidence"":0.0073113939724862576,""patch_id"":""""},{""bbox"":[354.62518310546875,227.10365295410156,364.514404296875,236.6378173828125],""confidence"":0.005615502595901489,""patch_id"":""""},{""bbox"":[302.2643737792969,217.47166442871094,314.1920166015625,229.49258422851562],""confidence"":0.0048741986975073814,""patch_id"":""""},{""bbox"":[354.0855407714844,229.01258850097656,363.49810791015625,238.69313049316406],""confidence"":0.0036417662631720304,""patch_id"":""""},{""bbox"":[317.3796691894531,220.9263153076172,330.7878112792969,233.43215942382812],""confidence"":0.003259307937696576,""patch_id"":""""},{""bbox"":[301.9881286621094,220.3648681640625,314.3020324707031,232.78094482421875],""confidence"":0.0015622891951352358,""patch_id"":""""},{""bbox"":[448.96197509765625,234.54019165039062,458.9664001464844,244.521484375],""confidence"":0.0015395544469356537,""patch_id"":""""},{""bbox"":[316.7647705078125,224.13497924804688,329.1444091796875,236.58523559570312],""confidence"":0.0012136889854446054,""patch_id"":""""},{""bbox"":[353.1958312988281,229.81387329101562,363.7294006347656,240.7517547607422],""confidence"":0.0010594315826892853,""patch_id"":""""},{""bbox"":[352.1744689941406,226.63182067871094,362.5298767089844,236.45518493652344],""confidence"":0.0010123159736394882,""patch_id"":""""}]",13,0.001
001_20200811_043041(6),1,576,444,"[[308.99999999999994,236.0,320.0,249.00000000000003]]","[{""bbox"":[307.4327087402344,236.63275146484375,320.3546142578125,249.8937530517578],""confidence"":0.6305962800979614,""patch_id"":""""},{""bbox"":[366.14715576171875,223.85098266601562,377.5475769042969,234.89004516601562],""confidence"":0.054391395300626755,""patch_id"":""""},{""bbox"":[444.0108337402344,207.77029418945312,453.5191955566406,217.25880432128906],""confidence"":0.03161533549427986,""patch_id"":""""},{""bbox"":[443.4325866699219,209.49452209472656,454.2651062011719,219.79959106445312],""confidence"":0.02926039509475231,""patch_id"":""""},{""bbox"":[367.4493713378906,226.18624877929688,377.909912109375,237.29315185546875],""confidence"":0.01131668221205473,""patch_id"":""""},{""bbox"":[305.6251525878906,238.22589111328125,319.4046325683594,252.18731689453125],""confidence"":0.010431861504912376,""patch_id"":""""},{""bbox"":[308.7105407714844,235.2373046875,323.21160888671875,249.23460388183594],""confidence"":0.009495269507169724,""patch_id"":""""},{""bbox"":[365.4042663574219,222.1392059326172,376.6999816894531,233.34274291992188],""confidence"":0.009013879112899303,""patch_id"":""""},{""bbox"":[426.9038391113281,212.7469482421875,436.6559143066406,222.10630798339844],""confidence"":0.003467319533228874,""patch_id"":""""},{""bbox"":[442.1842041015625,204.87738037109375,453.7047424316406,216.52914428710938],""confidence"":0.0029279496520757675,""patch_id"":""""},{""bbox"":[427.000244140625,214.5252685546875,437.2007141113281,224.2015838623047],""confidence"":0.002441499847918749,""patch_id"":""""},{""bbox"":[363.2937927246094,224.64968872070312,374.84844970703125,235.70413208007812],""confidence"":0.002297398168593645,""patch_id"":""""},{""bbox"":[307.0432434082031,240.33583068847656,320.7552795410156,254.4889678955078],""confidence"":0.002267233794555068,""patch_id"":""""}]",13,0.001
001_20200814_163101(7),1,576,444,"[[328.0,179.0,338.0,192.0]]","[{""bbox"":[326.1933898925781,179.10792541503906,338.0234069824219,191.09121704101562],""confidence"":0.5993688106536865,""patch_id"":""""},{""bbox"":[469.1502685546875,191.5552520751953,479.8092041015625,202.1836395263672],""confidence"":0.05959839001297951,""patch_id"":""""},{""bbox"":[468.6268615722656,192.5523681640625,479.2952575683594,204.3319091796875],""confidence"":0.011680827476084232,""patch_id"":""""},{""bbox"":[327.81500244140625,181.44515991210938,340.0225524902344,193.60296630859375],""confidence"":0.010516747832298279,""patch_id"":""""},{""bbox"":[325.12005615234375,175.9261474609375,336.35455322265625,187.92860412597656],""confidence"":0.00253702187910676,""patch_id"":""""},{""bbox"":[327.48529052734375,178.66636657714844,341.412109375,191.52069091796875],""confidence"":0.0019372837850823998,""patch_id"":""""},{""bbox"":[324.3988952636719,177.8131103515625,335.8522644042969,189.20230102539062],""confidence"":0.0015990098472684622,""patch_id"":""""},{""bbox"":[385.4525146484375,186.42979431152344,394.517333984375,195.79608154296875],""confidence"":0.0013746160548180342,""patch_id"":""""},{""bbox"":[384.29656982421875,184.78414916992188,394.012939453125,194.31890869140625],""confidence"":0.001315259956754744,""patch_id"":""""}]",9,0.001
001_20200814_163105(1),1,576,444,"[[326.99999999999994,187.0,338.0,201.0]]","[{""bbox"":[325.9764404296875,186.7399444580078,337.9502258300781,198.75376892089844],""confidence"":0.5867576003074646,""patch_id"":""""},{""bbox"":[326.8538513183594,188.42164611816406,339.4156188964844,200.99395751953125],""confidence"":0.01776742935180664,""patch_id"":""""},{""bbox"":[324.4017333984375,185.30108642578125,336.00335693359375,196.84397888183594],""confidence"":0.0018435971578583121,""patch_id"":""""},{""bbox"":[327.8352966308594,187.15362548828125,341.6715393066406,199.61399841308594],""confidence"":0.0016862488118931651,""patch_id"":""""}]",4,0.001
001_20200818_083159(7),1,576,444,"[[326.0,192.0,336.0,205.0]]","[{""bbox"":[325.7224426269531,194.24041748046875,337.4559326171875,206.08807373046875],""confidence"":0.5282674431800842,""patch_id"":""""},{""bbox"":[468.4292297363281,197.98338317871094,478.50677490234375,208.16500854492188],""confidence"":0.011815976351499557,""patch_id"":""""},{""bbox"":[326.438232421875,195.69081115722656,339.09503173828125,208.11068725585938],""confidence"":0.008789334446191788,""patch_id"":""""},{""bbox"":[468.1819152832031,200.85885620117188,477.68377685546875,210.41531372070312],""confidence"":0.003183769527822733,""patch_id"":""""},{""bbox"":[324.2991943359375,192.44651794433594,335.7982177734375,203.75941467285156],""confidence"":0.0023719053715467453,""patch_id"":""""},{""bbox"":[323.8272399902344,190.2333526611328,335.2313232421875,202.06617736816406],""confidence"":0.0017762969946488738,""patch_id"":""""},{""bbox"":[469.3312683105469,196.0510711669922,481.1456298828125,207.6018829345703],""confidence"":0.0011482926784083247,""patch_id"":""""}]",7,0.001
001_20200818_123634(4),1,576,444,"[[315.0,157.0,324.0,171.0]]","[{""bbox"":[312.6396484375,157.5130157470703,325.4322814941406,170.58558654785156],""confidence"":0.6425507664680481,""patch_id"":""""},{""bbox"":[310.352294921875,157.23141479492188,322.7992858886719,169.458251953125],""confidence"":0.005570387002080679,""patch_id"":""""},{""bbox"":[351.3973083496094,157.91903686523438,360.6549377441406,167.29757690429688],""confidence"":0.0018304799450561404,""patch_id"":""""}]",3,0.001
001_20200819_124414(0),1,576,444,"[[323.0,165.0,332.0,173.0]]","[{""bbox"":[322.92047119140625,163.206298828125,335.1091613769531,175.70445251464844],""confidence"":0.5206500887870789,""patch_id"":""""},{""bbox"":[324.8335876464844,164.5934295654297,336.02459716796875,176.118408203125],""confidence"":0.24364875257015228,""patch_id"":""""},{""bbox"":[320.6938171386719,163.20916748046875,332.1961669921875,174.5770263671875],""confidence"":0.01409655250608921,""patch_id"":""""},{""bbox"":[321.5144348144531,161.2081298828125,332.5459289550781,173.1934356689453],""confidence"":0.009699513204395771,""patch_id"":""""},{""bbox"":[324.2309875488281,165.3949432373047,336.8514099121094,178.74880981445312],""confidence"":0.0038043856620788574,""patch_id"":""""},{""bbox"":[444.85833740234375,162.47760009765625,454.3815002441406,172.61715698242188],""confidence"":0.0020143804140388966,""patch_id"":""""},{""bbox"":[375.6396179199219,160.97833251953125,386.5573425292969,171.8106231689453],""confidence"":0.0010861901100724936,""patch_id"":""""}]",7,0.001
001_20200819_124415(9),1,576,444,"[[314.0,161.0,324.0,170.0]]","[{""bbox"":[311.53875732421875,159.2510986328125,323.4364013671875,171.2669677734375],""confidence"":0.51738041639328,""patch_id"":""""},{""bbox"":[313.2347106933594,159.9921112060547,325.3489074707031,172.10255432128906],""confidence"":0.20521102845668793,""patch_id"":""""},{""bbox"":[310.5419616699219,157.80380249023438,321.47039794921875,169.6439208984375],""confidence"":0.0527222566306591,""patch_id"":""""},{""bbox"":[398.55621337890625,151.73977661132812,408.87353515625,161.7221221923828],""confidence"":0.005787161644548178,""patch_id"":""""},{""bbox"":[460.4766540527344,149.54652404785156,470.0259704589844,159.08522033691406],""confidence"":0.004173947032541037,""patch_id"":""""},{""bbox"":[398.4114990234375,153.51361083984375,408.2799987792969,163.2462921142578],""confidence"":0.002272343495860696,""patch_id"":""""},{""bbox"":[459.53045654296875,147.75527954101562,469.3529052734375,157.4051971435547],""confidence"":0.002016860991716385,""patch_id"":""""},{""bbox"":[459.8236999511719,150.4318389892578,471.2416687011719,161.6645050048828],""confidence"":0.0016940885689109564,""patch_id"":""""},{""bbox"":[299.65985107421875,158.80572509765625,310.19769287109375,169.3247528076172],""confidence"":0.0016525035025551915,""patch_id"":""""},{""bbox"":[312.4013366699219,161.7156524658203,325.7088623046875,175.22412109375],""confidence"":0.0015045073814690113,""patch_id"":""""},{""bbox"":[300.8172912597656,156.64956665039062,312.0432434082031,168.3020782470703],""confidence"":0.0012919428991153836,""patch_id"":""""}]",11,0.001
001_20200826_123711(3),1,576,444,"[[319.0,189.00000000000003,328.0,200.0]]","[{""bbox"":[318.4936218261719,189.9174041748047,329.73388671875,201.3387908935547],""confidence"":0.5728700160980225,""patch_id"":""""},{""bbox"":[316.2594299316406,188.5155792236328,327.743896484375,199.9977264404297],""confidence"":0.06096207723021507,""patch_id"":""""},{""bbox"":[317.8501892089844,190.93699645996094,330.4012756347656,203.87570190429688],""confidence"":0.04972142353653908,""patch_id"":""""},{""bbox"":[314.8713684082031,186.5096435546875,326.1516418457031,198.45408630371094],""confidence"":0.0030758085194975138,""patch_id"":""""},{""bbox"":[428.4613342285156,193.83853149414062,437.6382141113281,203.2762908935547],""confidence"":0.0025114216841757298,""patch_id"":""""},{""bbox"":[451.6163635253906,191.8644561767578,462.0977478027344,202.3380584716797],""confidence"":0.0020344897639006376,""patch_id"":""""},{""bbox"":[312.1109619140625,188.18458557128906,323.1267395019531,199.461181640625],""confidence"":0.0012650875141844153,""patch_id"":""""}]",7,0.001
001_20200826_123714(5),1,576,444,"[[322.0,194.0,335.0,204.0]]","[{""bbox"":[321.8420715332031,192.30116271972656,332.73455810546875,203.2440948486328],""confidence"":0.4164162874221802,""patch_id"":""""},{""bbox"":[320.71075439453125,190.14300537109375,331.5437316894531,201.6649169921875],""confidence"":0.10096290707588196,""patch_id"":""""},{""bbox"":[320.8053894042969,191.8534698486328,334.43963623046875,205.04574584960938],""confidence"":0.08920122683048248,""patch_id"":""""},{""bbox"":[319.2316589355469,191.34617614746094,330.08868408203125,202.82479858398438],""confidence"":0.06457757949829102,""patch_id"":""""},{""bbox"":[311.2351989746094,192.69728088378906,322.28997802734375,204.07901000976562],""confidence"":0.04531599208712578,""patch_id"":""""},{""bbox"":[309.83160400390625,190.88430786132812,321.3230285644531,202.17320251464844],""confidence"":0.0381513349711895,""patch_id"":""""},{""bbox"":[309.3955078125,192.52825927734375,323.20367431640625,207.11370849609375],""confidence"":0.008869962766766548,""patch_id"":""""},{""bbox"":[319.3116455078125,189.37078857421875,329.42181396484375,200.2830047607422],""confidence"":0.0076763927936553955,""patch_id"":""""},{""bbox"":[465.0969543457031,266.6168212890625,476.2135925292969,277.28399658203125],""confidence"":0.007501385174691677,""patch_id"":""""},{""bbox"":[360.16314697265625,213.79327392578125,371.4643249511719,225.34178161621094],""confidence"":0.004783065058290958,""patch_id"":""""},{""bbox"":[360.38848876953125,216.75173950195312,370.4159240722656,227.2819061279297],""confidence"":0.004377753473818302,""patch_id"":""""},{""bbox"":[316.69842529296875,191.82473754882812,328.7170715332031,204.80905151367188],""confidence"":0.003718879073858261,""patch_id"":""""},{""bbox"":[310.9407653808594,194.68899536132812,324.2908020019531,208.2491912841797],""confidence"":0.0032749073579907417,""patch_id"":""""},{""bbox"":[313.16168212890625,188.8292999267578,323.2435607910156,199.69351196289062],""confidence"":0.0030481319408863783,""patch_id"":""""},{""bbox"":[464.18585205078125,268.8923645019531,475.6867980957031,279.9709167480469],""confidence"":0.002793919527903199,""patch_id"":""""},{""bbox"":[321.7216796875,195.1763458251953,333.6194763183594,207.5592498779297],""confidence"":0.0027350527234375477,""patch_id"":""""},{""bbox"":[311.0187683105469,188.68551635742188,321.3800964355469,198.95042419433594],""confidence"":0.0023900954984128475,""patch_id"":""""},{""bbox"":[465.8177795410156,264.60125732421875,476.39630126953125,275.1300048828125],""confidence"":0.0013745793839916587,""patch_id"":""""}]",18,0.001
001_20200831_083711(6),1,576,444,"[[472.00000000000006,184.99999999999997,484.0,198.0]]","[{""bbox"":[473.60357666015625,183.5704345703125,485.8995666503906,195.93763732910156],""confidence"":0.5139167308807373,""patch_id"":""""},{""bbox"":[426.680908203125,191.95216369628906,437.4394836425781,202.7182159423828],""confidence"":0.001932746497914195,""patch_id"":""""},{""bbox"":[402.49560546875,198.25180053710938,412.5809326171875,207.8707733154297],""confidence"":0.0014307996025308967,""patch_id"":""""},{""bbox"":[401.6646423339844,196.3054656982422,413.0365905761719,207.3230438232422],""confidence"":0.0010033963480964303,""patch_id"":""""}]",4,0.001
001_20200831_083714(8),1,576,444,"[[474.0,165.99999999999997,486.99999999999994,178.0]]","[{""bbox"":[475.0604553222656,165.04150390625,487.94940185546875,178.20460510253906],""confidence"":0.5947742462158203,""patch_id"":""""},{""bbox"":[472.2035827636719,164.98951721191406,486.18719482421875,178.83668518066406],""confidence"":0.011437014676630497,""patch_id"":""""},{""bbox"":[367.5010681152344,181.14976501464844,377.8512878417969,191.9498748779297],""confidence"":0.006500166840851307,""patch_id"":""""},{""bbox"":[367.24774169921875,183.54148864746094,376.96954345703125,193.27955627441406],""confidence"":0.006102271843701601,""patch_id"":""""},{""bbox"":[367.4067077636719,178.9683837890625,378.4081726074219,190.06265258789062],""confidence"":0.0025598176289349794,""patch_id"":""""}]",5,0.001
002_20200622_203121(4),1,352,332,"[[211.00000000000003,118.0,221.0,130.0],[215.0,141.0,221.99999999999997,150.0],[215.0,165.0,225.0,175.0]]","[{""bbox"":[211.38839721679688,118.4153823852539,220.27520751953125,127.68988800048828],""confidence"":0.5664185881614685,""patch_id"":""""},{""bbox"":[213.21958923339844,140.39303588867188,222.17343139648438,149.7066192626953],""confidence"":0.5507071614265442,""patch_id"":""""},{""bbox"":[217.0938720703125,166.7540283203125,225.02227783203125,175.22256469726562],""confidence"":0.477369487285614,""patch_id"":""""},{""bbox"":[215.6777801513672,167.13665771484375,223.21051025390625,174.67445373535156],""confidence"":0.031168069690465927,""patch_id"":""""},{""bbox"":[213.92434692382812,140.112060546875,221.51527404785156,147.94520568847656],""confidence"":0.02702542021870613,""patch_id"":""""},{""bbox"":[216.54620361328125,168.0125274658203,225.1266326904297,177.10891723632812],""confidence"":0.020242998376488686,""patch_id"":""""},{""bbox"":[0.0,331.50640869140625,6.555957317352295,332.0],""confidence"":0.018537063151597977,""patch_id"":""""},{""bbox"":[217.31553649902344,166.1139678955078,226.83619689941406,175.92063903808594],""confidence"":0.017903530970215797,""patch_id"":""""},{""bbox"":[211.64224243164062,117.85547637939453,218.8590850830078,125.42156982421875],""confidence"":0.0059025902301073074,""patch_id"":""""},{""bbox"":[0.15450549125671387,330.52496337890625,7.609819412231445,332.0],""confidence"":0.005422986112535,""patch_id"":""""},{""bbox"":[344.750244140625,0.0,351.0819396972656,0.0],""confidence"":0.0032686437480151653,""patch_id"":""""},{""bbox"":[212.4054412841797,117.31503295898438,222.2733612060547,127.40389251708984],""confidence"":0.002873465185984969,""patch_id"":""""},{""bbox"":[213.1570587158203,139.927978515625,219.9595489501953,147.10150146484375],""confidence"":0.0018789423629641533,""patch_id"":""""},{""bbox"":[0.0,332.0,7.521305561065674,332.0],""confidence"":0.0015625598607584834,""patch_id"":""""},{""bbox"":[211.48695373535156,140.48724365234375,220.13925170898438,149.05221557617188],""confidence"":0.0014676256105303764,""patch_id"":""""},{""bbox"":[213.40748596191406,144.1749267578125,221.3665771484375,152.79721069335938],""confidence"":0.0013561046216636896,""patch_id"":""""},{""bbox"":[214.83848571777344,139.5747833251953,224.31141662597656,149.22691345214844],""confidence"":0.0011756097665056586,""patch_id"":""""}]",17,0.001
002_20200623_082249(3),1,316,332,"[[155.0,153.0,164.0,166.0],[157.99999999999997,176.0,166.99999999999997,186.0],[160.0,201.0,172.0,215.00000000000003]]","[{""bbox"":[157.17172241210938,175.59312438964844,168.76026916503906,187.1956024169922],""confidence"":0.6304441094398499,""patch_id"":""""},{""bbox"":[161.1474609375,202.4042205810547,171.1818389892578,212.96640014648438],""confidence"":0.6266437768936157,""patch_id"":""""},{""bbox"":[155.32472229003906,153.5467529296875,166.26068115234375,165.51156616210938],""confidence"":0.60837322473526,""patch_id"":""""},{""bbox"":[158.4078369140625,176.58351135253906,167.626220703125,185.98721313476562],""confidence"":0.24891376495361328,""patch_id"":""""},{""bbox"":[156.8323974609375,153.88470458984375,167.5584716796875,164.50039672851562],""confidence"":0.06315509229898453,""patch_id"":""""},{""bbox"":[156.44593811035156,154.22247314453125,165.3351593017578,163.46128845214844],""confidence"":0.06110887601971626,""patch_id"":""""},{""bbox"":[161.635498046875,202.7324981689453,170.0010986328125,211.3271484375],""confidence"":0.04386396333575249,""patch_id"":""""},{""bbox"":[157.04127502441406,178.3964385986328,167.3986358642578,189.2097625732422],""confidence"":0.0017492540646344423,""patch_id"":""""},{""bbox"":[153.91534423828125,155.00599670410156,165.59625244140625,167.3549041748047],""confidence"":0.0013255852973088622,""patch_id"":""""},{""bbox"":[274.881591796875,226.3911590576172,282.7832946777344,234.7412567138672],""confidence"":0.001039889408275485,""patch_id"":""""}]",10,0.001
002_20200623_082253(8),1,316,332,"[[160.99999999999997,139.0,176.0,151.0],[162.00000000000003,161.0,173.0,172.0],[165.0,187.0,177.0,201.00000000000003]]","[{""bbox"":[165.1760711669922,187.4149627685547,175.49496459960938,198.37135314941406],""confidence"":0.6438215374946594,""patch_id"":""""},{""bbox"":[162.4882354736328,138.63693237304688,172.74542236328125,149.48573303222656],""confidence"":0.5550207495689392,""patch_id"":""""},{""bbox"":[163.03482055664062,160.84170532226562,173.85350036621094,171.71487426757812],""confidence"":0.553260862827301,""patch_id"":""""},{""bbox"":[163.30117797851562,139.6463623046875,171.8260498046875,148.3585205078125],""confidence"":0.24880464375019073,""patch_id"":""""},{""bbox"":[165.64292907714844,187.79354858398438,173.91615295410156,196.17213439941406],""confidence"":0.014036273583769798,""patch_id"":""""},{""bbox"":[164.341552734375,161.3842315673828,172.73280334472656,169.98431396484375],""confidence"":0.011795477010309696,""patch_id"":""""},{""bbox"":[163.726318359375,186.9537811279297,173.77305603027344,197.13780212402344],""confidence"":0.005833865143358707,""patch_id"":""""},{""bbox"":[163.12921142578125,138.68910217285156,171.1195526123047,146.8311767578125],""confidence"":0.005506254266947508,""patch_id"":""""},{""bbox"":[161.65306091308594,160.09478759765625,172.33607482910156,171.35354614257812],""confidence"":0.0014379360945895314,""patch_id"":""""},{""bbox"":[162.09918212890625,139.3506317138672,170.51025390625,147.598388671875],""confidence"":0.001427244395017624,""patch_id"":""""},{""bbox"":[167.2085418701172,187.32884216308594,177.74583435058594,197.65255737304688],""confidence"":0.001044822740368545,""patch_id"":""""}]",11,0.001
002_20200623_082258(4),1,316,332,"[[159.0,149.0,170.0,163.0],[160.0,172.0,172.0,183.0],[161.00000000000003,196.0,172.0,210.00000000000003]]","[{""bbox"":[162.1190948486328,198.3004913330078,172.3564910888672,208.99647521972656],""confidence"":0.6710702776908875,""patch_id"":""""},{""bbox"":[159.06869506835938,171.16885375976562,170.83567810058594,182.9721221923828],""confidence"":0.6556556224822998,""patch_id"":""""},{""bbox"":[158.57925415039062,149.1981201171875,169.06361389160156,160.8171844482422],""confidence"":0.6215638518333435,""patch_id"":""""},{""bbox"":[159.6873016357422,171.97396850585938,168.92898559570312,181.0361785888672],""confidence"":0.03015202470123768,""patch_id"":""""},{""bbox"":[159.425537109375,150.20301818847656,167.9824981689453,158.81982421875],""confidence"":0.02286386489868164,""patch_id"":""""},{""bbox"":[162.7743682861328,198.75457763671875,170.65150451660156,206.88917541503906],""confidence"":0.008784924633800983,""patch_id"":""""},{""bbox"":[160.55455017089844,198.9826202392578,171.66958618164062,210.66798400878906],""confidence"":0.003391919657588005,""patch_id"":""""},{""bbox"":[158.0486602783203,150.82691955566406,169.44223022460938,162.65899658203125],""confidence"":0.002824535360559821,""patch_id"":""""},{""bbox"":[161.08682250976562,171.39962768554688,171.4226837158203,181.74562072753906],""confidence"":0.002099475124850869,""patch_id"":""""},{""bbox"":[273.4845886230469,230.49917602539062,281.6874694824219,239.16925048828125],""confidence"":0.0016128639690577984,""patch_id"":""""},{""bbox"":[159.37496948242188,174.42237854003906,169.49569702148438,184.9969482421875],""confidence"":0.0013827222865074873,""patch_id"":""""}]",11,0.001
002_20200623_082258(6),1,352,332,"[[188.0,168.0,195.99999999999997,176.0],[195.99999999999997,188.00000000000003,202.0,198.0],[205.0,217.0,213.0,229.0]]","[{""bbox"":[187.90460205078125,166.38739013671875,197.05686950683594,175.8221893310547],""confidence"":0.6290906071662903,""patch_id"":""""},{""bbox"":[195.04217529296875,189.55072021484375,203.7730255126953,198.64157104492188],""confidence"":0.5731455683708191,""patch_id"":""""},{""bbox"":[204.9140167236328,218.69041442871094,213.32669067382812,227.4053497314453],""confidence"":0.5501004457473755,""patch_id"":""""},{""bbox"":[0.0,331.50640869140625,6.555957317352295,332.0],""confidence"":0.01853707991540432,""patch_id"":""""},{""bbox"":[193.73202514648438,189.60321044921875,202.160888671875,198.0867156982422],""confidence"":0.016061194241046906,""patch_id"":""""},{""bbox"":[187.33773803710938,167.27821350097656,195.48300170898438,175.15928649902344],""confidence"":0.014465630985796452,""patch_id"":""""},{""bbox"":[195.00631713867188,188.013427734375,202.1969451904297,195.35162353515625],""confidence"":0.006132445763796568,""patch_id"":""""},{""bbox"":[0.15450496971607208,330.52496337890625,7.609819412231445,332.0],""confidence"":0.005422986112535,""patch_id"":""""},{""bbox"":[204.66348266601562,218.6962127685547,211.7703857421875,226.0486297607422],""confidence"":0.005341813899576664,""patch_id"":""""},{""bbox"":[204.55776977539062,220.5108642578125,213.6002197265625,230.02880859375],""confidence"":0.004346036352217197,""patch_id"":""""},{""bbox"":[205.6096649169922,217.59060668945312,215.5209503173828,227.29629516601562],""confidence"":0.004034096375107765,""patch_id"":""""},{""bbox"":[344.750244140625,0.0,351.08203125,0.0],""confidence"":0.003269004402682185,""patch_id"":""""},{""bbox"":[195.10008239746094,192.0693359375,203.7127685546875,201.19717407226562],""confidence"":0.0023927688598632812,""patch_id"":""""},{""bbox"":[0.0,332.0,7.521304130554199,332.0],""confidence"":0.0015625591622665524,""patch_id"":""""}]",14,0.001
002_20200623_082302(6),1,352,332,"[[190.0,172.0,199.99999999999997,180.00000000000003],[195.0,193.99999999999997,201.0,202.0],[202.00000000000003,226.0,209.0,233.00000000000003]]","[{""bbox"":[190.24542236328125,170.85244750976562,199.0017852783203,179.9364776611328],""confidence"":0.6867199540138245,""patch_id"":""""},{""bbox"":[194.40513610839844,194.50196838378906,203.0241241455078,203.63031005859375],""confidence"":0.60164475440979,""patch_id"":""""},{""bbox"":[201.5098419189453,225.2508544921875,209.74258422851562,233.74053955078125],""confidence"":0.5197219848632812,""patch_id"":""""},{""bbox"":[194.8031005859375,194.04486083984375,202.07081604003906,201.5627899169922],""confidence"":0.12308226525783539,""patch_id"":""""},{""bbox"":[189.5041046142578,171.30006408691406,197.56329345703125,179.25941467285156],""confidence"":0.038017790764570236,""patch_id"":""""},{""bbox"":[200.38592529296875,225.42393493652344,208.2623291015625,233.24122619628906],""confidence"":0.02828117646276951,""patch_id"":""""},{""bbox"":[0.0,331.5064392089844,6.555956840515137,332.0],""confidence"":0.018537070602178574,""patch_id"":""""},{""bbox"":[189.61158752441406,171.51278686523438,199.45001220703125,181.8226776123047],""confidence"":0.017624588683247566,""patch_id"":""""},{""bbox"":[202.2882537841797,224.32444763183594,211.11758422851562,233.43650817871094],""confidence"":0.013036063872277737,""patch_id"":""""},{""bbox"":[190.48463439941406,170.6018524169922,197.97308349609375,178.42233276367188],""confidence"":0.01212086621671915,""patch_id"":""""},{""bbox"":[194.8641357421875,196.3710174560547,203.69183349609375,205.60336303710938],""confidence"":0.007934588938951492,""patch_id"":""""},{""bbox"":[194.9586181640625,192.55152893066406,201.45150756835938,199.3082275390625],""confidence"":0.005465211346745491,""patch_id"":""""},{""bbox"":[0.15450496971607208,330.52496337890625,7.609819412231445,332.0],""confidence"":0.005422986112535,""patch_id"":""""},{""bbox"":[193.5938720703125,193.9418182373047,200.81446838378906,201.06124877929688],""confidence"":0.00327917467802763,""patch_id"":""""},{""bbox"":[344.750244140625,0.0,351.08203125,0.0],""confidence"":0.0032690896186977625,""patch_id"":""""},{""bbox"":[199.97390747070312,225.21792602539062,206.98480224609375,232.4009552001953],""confidence"":0.0026586977764964104,""patch_id"":""""},{""bbox"":[0.0,332.0,7.521303653717041,332.0],""confidence"":0.0015625591622665524,""patch_id"":""""},{""bbox"":[191.38600158691406,169.81375122070312,200.58917236328125,179.02110290527344],""confidence"":0.0015205417294055223,""patch_id"":""""},{""bbox"":[201.2491455078125,227.32073974609375,209.97650146484375,236.55404663085938],""confidence"":0.001472201431170106,""patch_id"":""""},{""bbox"":[195.69154357910156,193.7383575439453,204.32034301757812,202.41197204589844],""confidence"":0.001452074502594769,""patch_id"":""""},{""bbox"":[199.704345703125,225.38356018066406,209.3462677001953,235.36048889160156],""confidence"":0.0013220375403761864,""patch_id"":""""}]",21,0.001
002_20200623_082302(7),1,316,332,"[[146.0,132.0,157.0,141.0],[151.0,153.0,160.0,162.0],[157.0,186.00000000000003,166.99999999999997,196.0]]","[{""bbox"":[146.0559844970703,130.0765380859375,157.1728973388672,141.6007080078125],""confidence"":0.6876881718635559,""patch_id"":""""},{""bbox"":[150.68994140625,154.2279052734375,160.69418334960938,165.23712158203125],""confidence"":0.6621677875518799,""patch_id"":""""},{""bbox"":[157.19207763671875,185.4806365966797,167.55992126464844,196.76722717285156],""confidence"":0.6449714303016663,""patch_id"":""""},{""bbox"":[151.1748504638672,154.3819580078125,159.52760314941406,163.3347930908203],""confidence"":0.19307798147201538,""patch_id"":""""},{""bbox"":[146.5918426513672,131.0552520751953,155.7735595703125,140.14019775390625],""confidence"":0.1334013193845749,""patch_id"":""""},{""bbox"":[158.14434814453125,186.10577392578125,166.2265167236328,194.52774047851562],""confidence"":0.10567429661750793,""patch_id"":""""},{""bbox"":[156.05218505859375,186.30148315429688,167.85494995117188,198.8607177734375],""confidence"":0.028565578162670135,""patch_id"":""""},{""bbox"":[146.50955200195312,132.81919860839844,157.13812255859375,144.02146911621094],""confidence"":0.006557048298418522,""patch_id"":""""},{""bbox"":[149.1074981689453,154.31430053710938,158.78158569335938,164.0772247314453],""confidence"":0.0022403234615921974,""patch_id"":""""},{""bbox"":[158.8483428955078,185.2186279296875,169.3748016357422,195.5788116455078],""confidence"":0.001768898917362094,""patch_id"":""""},{""bbox"":[151.30625915527344,151.7779998779297,158.8675537109375,159.30914306640625],""confidence"":0.0010538478381931782,""patch_id"":""""}]",11,0.001
002_20200623_082306(5),1,352,332,"[[195.99999999999997,161.0,205.0,171.0],[200.00000000000003,183.0,208.0,193.99999999999997],[204.0,216.99999999999997,212.0,225.0]]","[{""bbox"":[196.4840850830078,160.2939910888672,205.28562927246094,169.45062255859375],""confidence"":0.5874323844909668,""patch_id"":""""},{""bbox"":[204.197265625,215.8599853515625,212.6688995361328,224.73719787597656],""confidence"":0.5681310892105103,""patch_id"":""""},{""bbox"":[199.9380645751953,184.65463256835938,207.89620971679688,193.10157775878906],""confidence"":0.5587149858474731,""patch_id"":""""},{""bbox"":[196.02418518066406,160.71319580078125,203.81199645996094,168.47422790527344],""confidence"":0.03816191852092743,""patch_id"":""""},{""bbox"":[198.04196166992188,184.4748992919922,206.75743103027344,193.109375],""confidence"":0.035688333213329315,""patch_id"":""""},{""bbox"":[196.9866180419922,159.09226989746094,207.025390625,169.48849487304688],""confidence"":0.028568077832460403,""patch_id"":""""},{""bbox"":[200.05596923828125,183.7667694091797,206.82334899902344,190.90313720703125],""confidence"":0.028267446905374527,""patch_id"":""""},{""bbox"":[0.0,331.50640869140625,6.555957317352295,332.0],""confidence"":0.01853707991540432,""patch_id"":""""},{""bbox"":[199.8484649658203,185.44161987304688,208.75648498535156,194.5426025390625],""confidence"":0.013175253756344318,""patch_id"":""""},{""bbox"":[0.15450496971607208,330.52496337890625,7.6098198890686035,332.0],""confidence"":0.005422988906502724,""patch_id"":""""},{""bbox"":[344.750244140625,0.0,351.08203125,0.0],""confidence"":0.0032690786756575108,""patch_id"":""""},{""bbox"":[202.61436462402344,215.89796447753906,210.9895782470703,224.0707244873047],""confidence"":0.0026410522405058146,""patch_id"":""""},{""bbox"":[204.6317138671875,214.81455993652344,211.66046142578125,222.16461181640625],""confidence"":0.0018682567169889808,""patch_id"":""""},{""bbox"":[0.0,332.0,7.521304130554199,332.0],""confidence"":0.0015625591622665524,""patch_id"":""""},{""bbox"":[203.8394775390625,218.3463134765625,212.75462341308594,227.5771026611328],""confidence"":0.001382750691846013,""patch_id"":""""},{""bbox"":[195.0223388671875,160.531494140625,205.38841247558594,171.3839111328125],""confidence"":0.0011593821691349149,""patch_id"":""""}]",16,0.001
002_20200623_082307(2),1,316,332,"[[151.0,134.0,162.0,144.0],[152.0,157.0,164.0,169.0],[157.0,190.0,169.0,199.99999999999997]]","[{""bbox"":[153.39935302734375,157.8941192626953,164.00289916992188,169.15438842773438],""confidence"":0.6314556002616882,""patch_id"":""""},{""bbox"":[157.469482421875,190.16981506347656,168.02525329589844,201.31939697265625],""confidence"":0.6288760900497437,""patch_id"":""""},{""bbox"":[152.0208740234375,134.4330596923828,161.92115783691406,144.6211700439453],""confidence"":0.6063423156738281,""patch_id"":""""},{""bbox"":[154.15829467773438,158.12149047851562,162.7395782470703,167.29222106933594],""confidence"":0.06922584772109985,""patch_id"":""""},{""bbox"":[151.13272094726562,134.20962524414062,162.94393920898438,146.790771484375],""confidence"":0.06644663214683533,""patch_id"":""""},{""bbox"":[157.79083251953125,191.2145538330078,166.55514526367188,199.77224731445312],""confidence"":0.05356868728995323,""patch_id"":""""},{""bbox"":[151.44703674316406,135.0010986328125,160.3673553466797,143.69769287109375],""confidence"":0.045234180986881256,""patch_id"":""""},{""bbox"":[159.0877685546875,189.8716583251953,169.37046813964844,200.3048553466797],""confidence"":0.0034759470727294683,""patch_id"":""""},{""bbox"":[158.93370056152344,190.18089294433594,167.53810119628906,199.10400390625],""confidence"":0.0032830419950187206,""patch_id"":""""},{""bbox"":[278.4255676269531,212.28274536132812,285.7711486816406,220.12864685058594],""confidence"":0.002886321162804961,""patch_id"":""""},{""bbox"":[278.9516296386719,211.0447540283203,286.3558654785156,218.8073272705078],""confidence"":0.001173481228761375,""patch_id"":""""}]",11,0.001
002_20200623_082310(6),1,352,332,"[[203.0,179.0,212.0,190.0],[201.0,152.0,212.0,162.0],[205.0,130.0,211.99999999999997,139.0]]","[{""bbox"":[202.57479858398438,153.27398681640625,211.2664337158203,162.36439514160156],""confidence"":0.5685474872589111,""patch_id"":""""},{""bbox"":[202.21986389160156,179.86257934570312,210.60964965820312,188.6202392578125],""confidence"":0.4870453476905823,""patch_id"":""""},{""bbox"":[203.36334228515625,131.011962890625,212.50259399414062,140.4853515625],""confidence"":0.4584079086780548,""patch_id"":""""},{""bbox"":[201.59774780273438,153.87631225585938,211.3643798828125,164.1593780517578],""confidence"":0.03587814047932625,""patch_id"":""""},{""bbox"":[202.9268341064453,153.23194885253906,209.8204345703125,160.60247802734375],""confidence"":0.02820655331015587,""patch_id"":""""},{""bbox"":[202.5478057861328,179.69839477539062,209.60377502441406,187.2371826171875],""confidence"":0.02216419018805027,""patch_id"":""""},{""bbox"":[0.0,331.50640869140625,6.555957317352295,332.0],""confidence"":0.018537070602178574,""patch_id"":""""},{""bbox"":[201.371337890625,180.48919677734375,210.96417236328125,190.46795654296875],""confidence"":0.015296855941414833,""patch_id"":""""},{""bbox"":[0.15450496971607208,330.52496337890625,7.609819412231445,332.0],""confidence"":0.005422983784228563,""patch_id"":""""},{""bbox"":[344.750244140625,0.0,351.0819396972656,0.0],""confidence"":0.003268892178311944,""patch_id"":""""},{""bbox"":[204.14144897460938,130.923095703125,211.25563049316406,138.16400146484375],""confidence"":0.0030018289107829332,""patch_id"":""""},{""bbox"":[203.3943328857422,179.51683044433594,211.4956817626953,187.68572998046875],""confidence"":0.00199899822473526,""patch_id"":""""},{""bbox"":[201.79498291015625,179.4217987060547,208.52359008789062,186.58804321289062],""confidence"":0.0017043710686266422,""patch_id"":""""},{""bbox"":[0.0,332.0,7.521303653717041,332.0],""confidence"":0.0015625591622665524,""patch_id"":""""},{""bbox"":[203.7208251953125,152.8225860595703,213.44412231445312,162.68894958496094],""confidence"":0.0013437189627438784,""patch_id"":""""},{""bbox"":[200.70233154296875,180.00775146484375,208.72288513183594,187.8697509765625],""confidence"":0.001282929559238255,""patch_id"":""""}]",16,0.001
002_20200623_082311(8),1,316,332,"[[141.99999999999997,136.0,158.0,151.0],[145.0,160.99999999999997,156.0,174.0],[145.0,192.00000000000003,156.0,208.0]]","[{""bbox"":[144.38731384277344,136.80938720703125,154.6847381591797,147.41494750976562],""confidence"":0.6497275233268738,""patch_id"":""""},{""bbox"":[146.52816772460938,193.2803955078125,156.66500854492188,204.2025146484375],""confidence"":0.6136685013771057,""patch_id"":""""},{""bbox"":[145.4133758544922,161.14393615722656,155.29571533203125,171.52166748046875],""confidence"":0.48139309883117676,""patch_id"":""""},{""bbox"":[144.93994140625,137.83328247070312,153.45542907714844,146.28341674804688],""confidence"":0.1256699562072754,""patch_id"":""""},{""bbox"":[147.1494598388672,194.07640075683594,155.4358673095703,202.3271942138672],""confidence"":0.0194419976323843,""patch_id"":""""},{""bbox"":[145.41973876953125,159.05975341796875,152.70826721191406,166.19415283203125],""confidence"":0.01108795590698719,""patch_id"":""""},{""bbox"":[145.73287963867188,160.36404418945312,153.60208129882812,168.74896240234375],""confidence"":0.005795611999928951,""patch_id"":""""},{""bbox"":[144.31430053710938,138.85377502441406,154.89649963378906,150.05075073242188],""confidence"":0.002835432067513466,""patch_id"":""""},{""bbox"":[146.6539764404297,195.1153564453125,157.23585510253906,206.0357666015625],""confidence"":0.0013157036155462265,""patch_id"":""""},{""bbox"":[143.75625610351562,161.72547912597656,154.62562561035156,173.12408447265625],""confidence"":0.0013068470871075988,""patch_id"":""""}]",10,0.001
002_20200623_082314(4),1,352,332,"[[202.0,151.0,210.0,157.0],[205.0,172.99999999999997,210.0,181.0],[205.0,198.00000000000003,213.0,207.0]]","[{""bbox"":[202.16275024414062,150.240478515625,210.9751739501953,159.6800994873047],""confidence"":0.6282004714012146,""patch_id"":""""},{""bbox"":[202.97024536132812,172.30482482910156,212.04058837890625,181.78077697753906],""confidence"":0.5324790477752686,""patch_id"":""""},{""bbox"":[205.8164825439453,199.68646240234375,213.407958984375,207.44534301757812],""confidence"":0.41108962893486023,""patch_id"":""""},{""bbox"":[203.58433532714844,172.72018432617188,210.66712951660156,180.1925048828125],""confidence"":0.07427746057510376,""patch_id"":""""},{""bbox"":[0.0,331.50640869140625,6.555957317352295,332.0],""confidence"":0.018537063151597977,""patch_id"":""""},{""bbox"":[206.14541625976562,198.55633544921875,215.55027770996094,208.09103393554688],""confidence"":0.012747407890856266,""patch_id"":""""},{""bbox"":[204.14308166503906,199.95700073242188,212.54644775390625,208.5478515625],""confidence"":0.011251433752477169,""patch_id"":""""},{""bbox"":[203.02003479003906,173.9713592529297,211.99761962890625,183.79653930664062],""confidence"":0.009778246283531189,""patch_id"":""""},{""bbox"":[202.34730529785156,150.33013916015625,209.9735870361328,157.9304962158203],""confidence"":0.007416414562612772,""patch_id"":""""},{""bbox"":[205.0687255859375,201.56439208984375,213.3758087158203,210.16757202148438],""confidence"":0.006232632324099541,""patch_id"":""""},{""bbox"":[0.15450549125671387,330.52496337890625,7.609819412231445,332.0],""confidence"":0.005422986112535,""patch_id"":""""},{""bbox"":[344.750244140625,0.0,351.08203125,0.0],""confidence"":0.0032690693624317646,""patch_id"":""""},{""bbox"":[0.0,332.0,7.521304607391357,332.0],""confidence"":0.0015625591622665524,""patch_id"":""""},{""bbox"":[204.0267791748047,198.90098571777344,210.83758544921875,206.01490783691406],""confidence"":0.0013839000603184104,""patch_id"":""""},{""bbox"":[202.438232421875,172.5103302001953,209.52342224121094,179.7291259765625],""confidence"":0.0010691009229049087,""patch_id"":""""}]",15,0.001
002_20200623_082318(5),1,352,332,"[[206.99999999999997,184.0,216.0,192.99999999999997],[212.0,207.0,218.00000000000003,214.0],[217.0,232.99999999999997,223.0,239.0]]","[{""bbox"":[206.2740020751953,184.71731567382812,214.8166046142578,193.60198974609375],""confidence"":0.5601483583450317,""patch_id"":""""},{""bbox"":[210.40478515625,206.52154541015625,218.9676513671875,215.33383178710938],""confidence"":0.5146545171737671,""patch_id"":""""},{""bbox"":[216.37779235839844,232.38571166992188,224.5022735595703,240.73468017578125],""confidence"":0.4143655300140381,""patch_id"":""""},{""bbox"":[215.3071746826172,232.9522705078125,224.0521240234375,241.90863037109375],""confidence"":0.0745229423046112,""patch_id"":""""},{""bbox"":[209.9374542236328,207.05029296875,219.51304626464844,217.26783752441406],""confidence"":0.028769884258508682,""patch_id"":""""},{""bbox"":[210.7180938720703,206.1195526123047,218.0532989501953,213.7332763671875],""confidence"":0.02532503753900528,""patch_id"":""""},{""bbox"":[0.0,331.50640869140625,6.555957317352295,332.0],""confidence"":0.018537070602178574,""patch_id"":""""},{""bbox"":[215.95297241210938,234.5880584716797,224.0391845703125,243.2290496826172],""confidence"":0.010731942020356655,""patch_id"":""""},{""bbox"":[216.70787048339844,230.90707397460938,226.71795654296875,240.8693084716797],""confidence"":0.006836136803030968,""patch_id"":""""},{""bbox"":[0.15450496971607208,330.52496337890625,7.609819412231445,332.0],""confidence"":0.005422986112535,""patch_id"":""""},{""bbox"":[209.2885284423828,207.09841918945312,216.594970703125,214.43771362304688],""confidence"":0.004886991810053587,""patch_id"":""""},{""bbox"":[205.91094970703125,183.8924560546875,213.8606414794922,191.8671875],""confidence"":0.004544970579445362,""patch_id"":""""},{""bbox"":[344.750244140625,0.0,351.08203125,0.0],""confidence"":0.003269108012318611,""patch_id"":""""},{""bbox"":[204.9329071044922,184.8342742919922,213.22702026367188,192.88165283203125],""confidence"":0.0017646326450631022,""patch_id"":""""},{""bbox"":[0.0,332.0,7.521304607391357,332.0],""confidence"":0.0015625598607584834,""patch_id"":""""},{""bbox"":[215.33084106445312,231.98399353027344,222.188720703125,239.21505737304688],""confidence"":0.0010244626319035888,""patch_id"":""""},{""bbox"":[212.06039428710938,205.69097900390625,220.1071319580078,213.7186737060547],""confidence"":0.0010161336977034807,""patch_id"":""""}]",17,0.001
002_20200624_083045(5),1,352,332,"[[203.0,136.0,212.0,146.0],[204.0,169.99999999999997,212.0,178.0],[202.0,112.00000000000001,210.0,120.0]]","[{""bbox"":[202.33663940429688,135.22232055664062,211.47445678710938,144.85128784179688],""confidence"":0.6382425427436829,""patch_id"":""""},{""bbox"":[201.19667053222656,111.63436126708984,210.4193878173828,121.09429931640625],""confidence"":0.6204314231872559,""patch_id"":""""},{""bbox"":[204.28663635253906,168.4463653564453,212.85842895507812,177.58265686035156],""confidence"":0.5167597532272339,""patch_id"":""""},{""bbox"":[202.89219665527344,134.9881134033203,209.91419982910156,142.6147918701172],""confidence"":0.06877671927213669,""patch_id"":""""},{""bbox"":[0.0,331.50640869140625,6.555957317352295,332.0],""confidence"":0.018537070602178574,""patch_id"":""""},{""bbox"":[200.48211669921875,111.82390594482422,208.68679809570312,119.82276153564453],""confidence"":0.015801845118403435,""patch_id"":""""},{""bbox"":[202.59068298339844,133.10110473632812,208.9467010498047,139.73641967773438],""confidence"":0.015034789219498634,""patch_id"":""""},{""bbox"":[204.28562927246094,168.26939392089844,211.36036682128906,175.50840759277344],""confidence"":0.006697049364447594,""patch_id"":""""},{""bbox"":[0.15450496971607208,330.52496337890625,7.609819412231445,332.0],""confidence"":0.005422983784228563,""patch_id"":""""},{""bbox"":[203.37503051757812,169.0989532470703,213.2765350341797,179.48020935058594],""confidence"":0.005107095930725336,""patch_id"":""""},{""bbox"":[203.65159606933594,134.58786010742188,213.38121032714844,144.64389038085938],""confidence"":0.0033553694374859333,""patch_id"":""""},{""bbox"":[344.750244140625,0.0,351.0819396972656,0.0],""confidence"":0.003268640488386154,""patch_id"":""""},{""bbox"":[200.8888397216797,135.9685821533203,211.57101440429688,146.98721313476562],""confidence"":0.0023162674624472857,""patch_id"":""""},{""bbox"":[0.0,332.0,7.521304130554199,332.0],""confidence"":0.0015625591622665524,""patch_id"":""""},{""bbox"":[200.1346435546875,132.8957977294922,206.76824951171875,139.66297912597656],""confidence"":0.0011377696646377444,""patch_id"":""""}]",15,0.001
002_20200624_083049(6),1,352,332,"[[192.0,113.0,199.99999999999997,122.0],[195.0,137.0,206.0,147.0],[200.00000000000003,169.0,210.0,177.00000000000003]]","[{""bbox"":[192.0217742919922,113.06234741210938,201.2781219482422,122.77391052246094],""confidence"":0.5968981385231018,""patch_id"":""""},{""bbox"":[195.71322631835938,136.69664001464844,204.30657958984375,145.8594207763672],""confidence"":0.5944811105728149,""patch_id"":""""},{""bbox"":[200.54637145996094,168.6347198486328,209.3381805419922,177.727783203125],""confidence"":0.5897895097732544,""patch_id"":""""},{""bbox"":[195.631591796875,136.49957275390625,203.15628051757812,144.01332092285156],""confidence"":0.040110595524311066,""patch_id"":""""},{""bbox"":[200.83895874023438,168.53672790527344,208.00877380371094,176.18429565429688],""confidence"":0.03656912222504616,""patch_id"":""""},{""bbox"":[192.76126098632812,113.2752456665039,200.26470947265625,121.09062194824219],""confidence"":0.030773073434829712,""patch_id"":""""},{""bbox"":[0.0,331.50640869140625,6.555957317352295,332.0],""confidence"":0.01853707991540432,""patch_id"":""""},{""bbox"":[201.1949005126953,167.7352294921875,211.3412322998047,177.96347045898438],""confidence"":0.012893475592136383,""patch_id"":""""},{""bbox"":[199.6368408203125,169.00909423828125,209.79197692871094,179.66311645507812],""confidence"":0.012607485055923462,""patch_id"":""""},{""bbox"":[196.6000213623047,135.33309936523438,203.0896453857422,142.1665496826172],""confidence"":0.009989816695451736,""patch_id"":""""},{""bbox"":[0.15450496971607208,330.52496337890625,7.609820365905762,332.0],""confidence"":0.00542299123480916,""patch_id"":""""},{""bbox"":[193.34024047851562,112.20416259765625,202.65972900390625,121.73406219482422],""confidence"":0.0035071128513664007,""patch_id"":""""},{""bbox"":[344.750244140625,0.0,351.0819396972656,0.0],""confidence"":0.0032683471217751503,""patch_id"":""""},{""bbox"":[192.0979766845703,114.40045928955078,201.893310546875,124.7480697631836],""confidence"":0.002038331935182214,""patch_id"":""""},{""bbox"":[0.0,332.0,7.521304130554199,332.0],""confidence"":0.0015625591622665524,""patch_id"":""""},{""bbox"":[195.31834411621094,139.16360473632812,204.2396697998047,148.35830688476562],""confidence"":0.001449802191928029,""patch_id"":""""},{""bbox"":[196.78204345703125,137.7301025390625,205.3812255859375,146.4222412109375],""confidence"":0.0012702642707154155,""patch_id"":""""}]",17,0.001
002_20200624_083053(3),1,352,332,"[[189.00000000000003,138.0,197.0,147.0],[193.0,162.0,199.99999999999997,171.0],[196.99999999999997,195.0,206.0,203.00000000000003]]","[{""bbox"":[190.1568145751953,138.24722290039062,199.17803955078125,147.56600952148438],""confidence"":0.6461436748504639,""patch_id"":""""},{""bbox"":[197.60150146484375,194.4096221923828,205.96389770507812,203.16136169433594],""confidence"":0.6150616407394409,""patch_id"":""""},{""bbox"":[193.10470581054688,162.6697540283203,201.1475830078125,171.20486450195312],""confidence"":0.45580461621284485,""patch_id"":""""},{""bbox"":[191.2546844482422,162.1043243408203,200.381103515625,171.26144409179688],""confidence"":0.050534188747406006,""patch_id"":""""},{""bbox"":[192.5782470703125,160.94276428222656,199.3990020751953,167.84475708007812],""confidence"":0.03749251738190651,""patch_id"":""""},{""bbox"":[191.8636474609375,162.93479919433594,201.59388732910156,172.93641662597656],""confidence"":0.019963180646300316,""patch_id"":""""},{""bbox"":[0.0,331.50640869140625,6.555957317352295,332.0],""confidence"":0.01853707991540432,""patch_id"":""""},{""bbox"":[189.5177764892578,138.7376251220703,197.29638671875,146.49110412597656],""confidence"":0.01750790886580944,""patch_id"":""""},{""bbox"":[192.4576873779297,159.6304473876953,198.7328338623047,166.27462768554688],""confidence"":0.016787905246019363,""patch_id"":""""},{""bbox"":[0.15450549125671387,330.52496337890625,7.609819412231445,332.0],""confidence"":0.005422986112535,""patch_id"":""""},{""bbox"":[193.2329559326172,161.40171813964844,200.708740234375,168.72021484375],""confidence"":0.004342346917837858,""patch_id"":""""},{""bbox"":[344.750244140625,0.0,351.08203125,0.0],""confidence"":0.0032689375802874565,""patch_id"":""""},{""bbox"":[197.31619262695312,196.06553649902344,206.49203491210938,205.7036895751953],""confidence"":0.003171929158270359,""patch_id"":""""},{""bbox"":[196.08035278320312,194.69761657714844,204.01803588867188,202.37539672851562],""confidence"":0.0026992487255483866,""patch_id"":""""},{""bbox"":[191.3166961669922,160.7567596435547,198.34205627441406,167.49771118164062],""confidence"":0.002676868112757802,""patch_id"":""""},{""bbox"":[0.0,332.0,7.521304607391357,332.0],""confidence"":0.0015625598607584834,""patch_id"":""""},{""bbox"":[188.4567413330078,138.2586669921875,199.21604919433594,149.53790283203125],""confidence"":0.0010114661417901516,""patch_id"":""""}]",17,0.001
002_20200624_083057(4),1,352,332,"[[206.0,113.0,214.0,121.0],[209.0,135.0,215.99999999999997,143.0],[211.00000000000003,159.0,221.0,170.0]]","[{""bbox"":[207.77549743652344,134.4043426513672,216.66368103027344,143.72271728515625],""confidence"":0.5674484372138977,""patch_id"":""""},{""bbox"":[204.95420837402344,112.3991470336914,213.9058380126953,121.64232635498047],""confidence"":0.4939325153827667,""patch_id"":""""},{""bbox"":[213.02345275878906,160.502197265625,220.981201171875,168.9041290283203],""confidence"":0.44553589820861816,""patch_id"":""""},{""bbox"":[208.0961456298828,134.7826385498047,215.52565002441406,142.531982421875],""confidence"":0.21241848170757294,""patch_id"":""""},{""bbox"":[211.37322998046875,160.5433349609375,219.34527587890625,168.44898986816406],""confidence"":0.06450416147708893,""patch_id"":""""},{""bbox"":[0.0,331.50640869140625,6.555957317352295,332.0],""confidence"":0.018537070602178574,""patch_id"":""""},{""bbox"":[206.92930603027344,134.7370147705078,214.1923828125,142.06385803222656],""confidence"":0.011644763872027397,""patch_id"":""""},{""bbox"":[211.80081176757812,160.98106384277344,221.14041137695312,170.78048706054688],""confidence"":0.009721541777253151,""patch_id"":""""},{""bbox"":[204.7815399169922,112.74931335449219,212.333984375,120.18730926513672],""confidence"":0.008215728215873241,""patch_id"":""""},{""bbox"":[214.0478973388672,159.79342651367188,221.27174377441406,167.40309143066406],""confidence"":0.006826120428740978,""patch_id"":""""},{""bbox"":[206.18414306640625,111.63237762451172,215.69984436035156,121.28981018066406],""confidence"":0.0057780626229941845,""patch_id"":""""},{""bbox"":[0.15450549125671387,330.52496337890625,7.609819412231445,332.0],""confidence"":0.005422988906502724,""patch_id"":""""},{""bbox"":[208.2793731689453,137.38873291015625,216.3446807861328,146.27047729492188],""confidence"":0.004012634512037039,""patch_id"":""""},{""bbox"":[344.750244140625,0.0,351.0819396972656,0.0],""confidence"":0.003268349915742874,""patch_id"":""""},{""bbox"":[212.12725830078125,159.80911254882812,218.81085205078125,167.15951538085938],""confidence"":0.0019489958649501204,""patch_id"":""""},{""bbox"":[0.0,332.0,7.521304607391357,332.0],""confidence"":0.0015625598607584834,""patch_id"":""""},{""bbox"":[206.34835815429688,134.88385009765625,216.16209411621094,145.0498504638672],""confidence"":0.0015263952082023025,""patch_id"":""""},{""bbox"":[208.6171112060547,133.61988830566406,215.750732421875,141.1464080810547],""confidence"":0.0011323763756081462,""patch_id"":""""}]",18,0.001
002_20200624_083101(4),1,352,332,"[[205.0,143.99999999999997,214.00000000000003,154.0],[206.0,167.0,217.0,175.99999999999997],[210.0,194.00000000000003,217.99999999999997,202.99999999999997]]","[{""bbox"":[210.478759765625,193.164794921875,218.82601928710938,201.94384765625],""confidence"":0.5684565305709839,""patch_id"":""""},{""bbox"":[206.89402770996094,167.19810485839844,215.7646026611328,176.5065155029297],""confidence"":0.5314857959747314,""patch_id"":""""},{""bbox"":[205.10733032226562,144.81552124023438,213.73922729492188,153.8200225830078],""confidence"":0.48104456067085266,""patch_id"":""""},{""bbox"":[209.13925170898438,193.44760131835938,216.8577117919922,201.1279296875],""confidence"":0.038122471421957016,""patch_id"":""""},{""bbox"":[206.90065002441406,167.4949951171875,214.36331176757812,175.04554748535156],""confidence"":0.031964562833309174,""patch_id"":""""},{""bbox"":[204.84422302246094,145.0763702392578,212.49081420898438,152.53970336914062],""confidence"":0.024966057389974594,""patch_id"":""""},{""bbox"":[209.68307495117188,194.26158142089844,218.51080322265625,203.76513671875],""confidence"":0.024632245302200317,""patch_id"":""""},{""bbox"":[0.0,331.50640869140625,6.555957317352295,332.0],""confidence"":0.018537070602178574,""patch_id"":""""},{""bbox"":[0.15450496971607208,330.52496337890625,7.609819412231445,332.0],""confidence"":0.005422983784228563,""patch_id"":""""},{""bbox"":[206.96511840820312,170.38778686523438,215.032470703125,179.20986938476562],""confidence"":0.005136881023645401,""patch_id"":""""},{""bbox"":[205.92169189453125,143.92295837402344,215.66043090820312,153.84759521484375],""confidence"":0.0037551927380263805,""patch_id"":""""},{""bbox"":[344.750244140625,0.0,351.08203125,0.0],""confidence"":0.0032689590007066727,""patch_id"":""""},{""bbox"":[207.38308715820312,166.45254516601562,214.18923950195312,173.75918579101562],""confidence"":0.0024927775375545025,""patch_id"":""""},{""bbox"":[207.7766876220703,166.78689575195312,218.14376831054688,176.9110107421875],""confidence"":0.0019565168768167496,""patch_id"":""""},{""bbox"":[0.0,332.0,7.521304130554199,332.0],""confidence"":0.0015625591622665524,""patch_id"":""""},{""bbox"":[204.61599731445312,144.0421600341797,211.83216857910156,151.2021026611328],""confidence"":0.0014831580920144916,""patch_id"":""""}]",16,0.001
002_20200624_083105(5),1,352,332,"[[210.0,132.0,219.0,141.0],[213.0,154.0,222.00000000000003,164.0],[217.00000000000003,180.0,224.0,188.00000000000003]]","[{""bbox"":[209.99020385742188,131.10142517089844,219.26113891601562,140.69566345214844],""confidence"":0.6044080257415771,""patch_id"":""""},{""bbox"":[212.59390258789062,153.4230194091797,221.6244659423828,162.68801879882812],""confidence"":0.5746206641197205,""patch_id"":""""},{""bbox"":[217.03646850585938,179.451171875,225.46311950683594,188.248046875],""confidence"":0.5412746071815491,""patch_id"":""""},{""bbox"":[211.31015014648438,153.47474670410156,220.09857177734375,162.32711791992188],""confidence"":0.06211701035499573,""patch_id"":""""},{""bbox"":[217.06838989257812,179.3143310546875,224.17140197753906,186.75279235839844],""confidence"":0.03628823161125183,""patch_id"":""""},{""bbox"":[212.92979431152344,153.34971618652344,220.4186553955078,161.1135711669922],""confidence"":0.030126186087727547,""patch_id"":""""},{""bbox"":[215.78427124023438,179.72048950195312,223.6967010498047,187.5330810546875],""confidence"":0.02073507010936737,""patch_id"":""""},{""bbox"":[0.0,331.50640869140625,6.555957317352295,332.0],""confidence"":0.018537070602178574,""patch_id"":""""},{""bbox"":[208.81846618652344,130.95814514160156,219.8533477783203,142.6248016357422],""confidence"":0.014384187757968903,""patch_id"":""""},{""bbox"":[215.26820373535156,179.39947509765625,224.9408721923828,189.26234436035156],""confidence"":0.010218560695648193,""patch_id"":""""},{""bbox"":[209.25498962402344,131.7410430908203,217.33615112304688,139.57418823242188],""confidence"":0.008887275122106075,""patch_id"":""""},{""bbox"":[216.72525024414062,180.6710205078125,225.8781280517578,190.35403442382812],""confidence"":0.006050116382539272,""patch_id"":""""},{""bbox"":[0.15450496971607208,330.52496337890625,7.609819412231445,332.0],""confidence"":0.005422988906502724,""patch_id"":""""},{""bbox"":[218.19239807128906,178.69833374023438,226.62596130371094,187.38497924804688],""confidence"":0.004359926097095013,""patch_id"":""""},{""bbox"":[344.750244140625,0.0,351.0819396972656,0.0],""confidence"":0.003268665634095669,""patch_id"":""""},{""bbox"":[214.49258422851562,153.00390625,222.48960876464844,161.09320068359375],""confidence"":0.0016692826757207513,""patch_id"":""""},{""bbox"":[0.0,332.0,7.521303653717041,332.0],""confidence"":0.0015625598607584834,""patch_id"":""""},{""bbox"":[211.33961486816406,130.45260620117188,220.27786254882812,139.19073486328125],""confidence"":0.0011124664451926947,""patch_id"":""""}]",18,0.001
002_20200624_123144(0),1,316,332,"[[161.00000000000003,132.0,173.0,144.0],[165.0,154.0,178.0,165.0],[168.00000000000003,180.00000000000003,180.0,190.0]]","[{""bbox"":[163.7474822998047,153.13650512695312,175.23545837402344,164.78773498535156],""confidence"":0.6929249167442322,""patch_id"":""""},{""bbox"":[168.41917419433594,179.36497497558594,178.7041473388672,190.2382049560547],""confidence"":0.6417543888092041,""patch_id"":""""},{""bbox"":[162.21417236328125,131.8048095703125,172.40293884277344,142.5526580810547],""confidence"":0.5672886967658997,""patch_id"":""""},{""bbox"":[164.95187377929688,154.33209228515625,173.56907653808594,163.16046142578125],""confidence"":0.213486909866333,""patch_id"":""""},{""bbox"":[168.8765869140625,179.9452362060547,176.9163360595703,188.22323608398438],""confidence"":0.038937829434871674,""patch_id"":""""},{""bbox"":[162.798828125,132.09078979492188,171.1229248046875,140.5857391357422],""confidence"":0.008242168463766575,""patch_id"":""""},{""bbox"":[163.61318969726562,155.612060546875,173.90126037597656,166.48794555664062],""confidence"":0.003459242172539234,""patch_id"":""""},{""bbox"":[166.40518188476562,180.0902862548828,178.0625,192.396728515625],""confidence"":0.002166325692087412,""patch_id"":""""},{""bbox"":[160.40728759765625,132.3475341796875,172.22962951660156,145.0067596435547],""confidence"":0.0013148040743544698,""patch_id"":""""}]",9,0.001
002_20200624_123148(2),1,316,332,"[[156.0,138.0,166.99999999999997,148.00000000000003],[157.99999999999997,160.0,166.99999999999997,172.0],[162.00000000000003,184.0,173.0,196.0]]","[{""bbox"":[162.3378448486328,185.4500732421875,172.8866729736328,196.62315368652344],""confidence"":0.6713796257972717,""patch_id"":""""},{""bbox"":[157.52523803710938,159.56439208984375,168.78067016601562,171.08114624023438],""confidence"":0.6103650331497192,""patch_id"":""""},{""bbox"":[155.5696563720703,138.03030395507812,166.17288208007812,149.39804077148438],""confidence"":0.5892416834831238,""patch_id"":""""},{""bbox"":[158.8263397216797,160.58848571777344,167.33619689941406,169.34837341308594],""confidence"":0.15234096348285675,""patch_id"":""""},{""bbox"":[161.71408081054688,185.9345703125,171.1372528076172,195.3156280517578],""confidence"":0.11147436499595642,""patch_id"":""""},{""bbox"":[155.5509796142578,138.9229278564453,164.66224670410156,147.79505920410156],""confidence"":0.028375733643770218,""patch_id"":""""},{""bbox"":[156.82591247558594,138.07333374023438,165.59866333007812,147.2236785888672],""confidence"":0.0054062712006270885,""patch_id"":""""},{""bbox"":[159.4368896484375,159.2045135498047,169.12994384765625,169.49777221679688],""confidence"":0.004227811936289072,""patch_id"":""""},{""bbox"":[160.39051818847656,186.255859375,172.14166259765625,198.65354919433594],""confidence"":0.004004895221441984,""patch_id"":""""},{""bbox"":[157.35353088378906,161.6741180419922,167.88607788085938,172.7473907470703],""confidence"":0.003555258037522435,""patch_id"":""""},{""bbox"":[276.5124816894531,205.7415313720703,284.37066650390625,214.1305389404297],""confidence"":0.0019091726280748844,""patch_id"":""""},{""bbox"":[164.09703063964844,185.14036560058594,173.20877075195312,194.67620849609375],""confidence"":0.0011446793796494603,""patch_id"":""""}]",12,0.001
002_20200624_123152(7),1,316,332,"[[157.0,111.99999999999999,166.99999999999997,122.0],[157.0,136.0,169.0,144.0],[157.0,161.0,170.0,171.0]]","[{""bbox"":[156.85377502441406,133.0447540283203,167.40269470214844,144.079833984375],""confidence"":0.6340019702911377,""patch_id"":""""},{""bbox"":[158.14837646484375,158.8697052001953,169.08702087402344,170.39524841308594],""confidence"":0.5920835137367249,""patch_id"":""""},{""bbox"":[157.0431671142578,110.5520248413086,167.4583740234375,121.34086608886719],""confidence"":0.4951705038547516,""patch_id"":""""},{""bbox"":[157.95166015625,133.71566772460938,166.52572631835938,142.64422607421875],""confidence"":0.17992423474788666,""patch_id"":""""},{""bbox"":[157.6402587890625,159.7311553955078,166.73699951171875,168.6212615966797],""confidence"":0.004385150037705898,""patch_id"":""""},{""bbox"":[156.3617706298828,134.5926055908203,166.97816467285156,145.74098205566406],""confidence"":0.0026124203577637672,""patch_id"":""""},{""bbox"":[268.915771484375,201.9164276123047,276.49261474609375,209.95326232910156],""confidence"":0.002319416729733348,""patch_id"":""""},{""bbox"":[156.1359100341797,111.73308563232422,167.1380157470703,123.3982162475586],""confidence"":0.001033564331009984,""patch_id"":""""}]",8,0.001
002_20200624_123157(4),1,316,332,"[[155.00000000000003,93.0,167.0,103.00000000000001],[152.0,116.0,163.0,127.0],[146.0,148.0,160.0,159.0]]","[{""bbox"":[152.32164001464844,116.40326690673828,162.4152374267578,126.59552764892578],""confidence"":0.5984212756156921,""patch_id"":""""},{""bbox"":[156.6692657470703,92.15074920654297,167.23524475097656,103.12899017333984],""confidence"":0.5901787281036377,""patch_id"":""""},{""bbox"":[148.4867706298828,148.38839721679688,158.32225036621094,159.1220703125],""confidence"":0.5070779919624329,""patch_id"":""""},{""bbox"":[149.40484619140625,148.83277893066406,157.44781494140625,157.27197265625],""confidence"":0.06125365197658539,""patch_id"":""""},{""bbox"":[157.06613159179688,92.68744659423828,165.67218017578125,101.57266998291016],""confidence"":0.026884471997618675,""patch_id"":""""},{""bbox"":[146.97935485839844,149.20489501953125,157.58250427246094,160.373291015625],""confidence"":0.010795204900205135,""patch_id"":""""},{""bbox"":[258.43792724609375,212.59524536132812,265.92498779296875,220.62631225585938],""confidence"":0.010133946314454079,""patch_id"":""""},{""bbox"":[258.309326171875,214.35809326171875,265.8018798828125,222.3948516845703],""confidence"":0.007723403628915548,""patch_id"":""""},{""bbox"":[151.29876708984375,115.2615737915039,161.4596710205078,125.73368072509766],""confidence"":0.0034228956792503595,""patch_id"":""""},{""bbox"":[259.6674499511719,211.76907348632812,266.8389892578125,219.19677734375],""confidence"":0.003370252437889576,""patch_id"":""""},{""bbox"":[142.48403930664062,120.22147369384766,151.62606811523438,130.0946807861328],""confidence"":0.0021619596518576145,""patch_id"":""""},{""bbox"":[140.21084594726562,149.9407958984375,147.66958618164062,157.67581176757812],""confidence"":0.001878761569969356,""patch_id"":""""},{""bbox"":[257.7861328125,216.7891387939453,265.263427734375,224.43873596191406],""confidence"":0.0017981268465518951,""patch_id"":""""},{""bbox"":[154.08389282226562,113.60718536376953,161.17845153808594,120.56924438476562],""confidence"":0.0016111894510686398,""patch_id"":""""},{""bbox"":[264.4738464355469,134.9664764404297,272.96490478515625,143.59353637695312],""confidence"":0.0014893230982124805,""patch_id"":""""},{""bbox"":[258.77886962890625,155.9169464111328,267.3766174316406,164.94137573242188],""confidence"":0.001109532662667334,""patch_id"":""""}]",16,0.001
002_20200624_123201(7),1,316,332,"[[154.0,129.0,165.0,136.0],[157.0,150.0,166.99999999999997,162.0],[160.0,182.00000000000003,172.0,194.00000000000003]]","[{""bbox"":[156.93038940429688,150.68446350097656,167.48060607910156,162.50904846191406],""confidence"":0.6440237760543823,""patch_id"":""""},{""bbox"":[154.98863220214844,127.4090347290039,165.77833557128906,138.98973083496094],""confidence"":0.6386702656745911,""patch_id"":""""},{""bbox"":[160.16900634765625,183.46734619140625,171.19129943847656,194.60743713378906],""confidence"":0.5866295099258423,""patch_id"":""""},{""bbox"":[157.17881774902344,151.05392456054688,166.15765380859375,160.67892456054688],""confidence"":0.09044274687767029,""patch_id"":""""},{""bbox"":[155.85943603515625,127.7296371459961,164.69305419921875,136.9510040283203],""confidence"":0.07499843835830688,""patch_id"":""""},{""bbox"":[161.0823211669922,184.1918487548828,169.44644165039062,192.76742553710938],""confidence"":0.0726667046546936,""patch_id"":""""},{""bbox"":[158.12899780273438,149.39639282226562,165.27371215820312,156.58758544921875],""confidence"":0.03979451581835747,""patch_id"":""""},{""bbox"":[158.11651611328125,150.2600860595703,165.6741943359375,158.18638610839844],""confidence"":0.011685528792440891,""patch_id"":""""},{""bbox"":[155.28160095214844,150.4470672607422,165.82510375976562,161.45555114746094],""confidence"":0.0018993664998561144,""patch_id"":""""},{""bbox"":[281.159423828125,208.5074920654297,288.2897033691406,216.1562042236328],""confidence"":0.00182705232873559,""patch_id"":""""},{""bbox"":[156.8378448486328,127.35420227050781,167.37368774414062,137.78477478027344],""confidence"":0.0014789256965741515,""patch_id"":""""},{""bbox"":[162.40725708007812,183.70846557617188,171.25076293945312,192.7450408935547],""confidence"":0.0013052598806098104,""patch_id"":""""}]",12,0.001
002_20200624_123206(2),1,316,332,"[[153.0,118.0,164.0,127.0],[156.0,143.0,166.99999999999997,155.0],[159.0,174.00000000000003,167.99999999999997,184.0]]","[{""bbox"":[159.0406036376953,174.16534423828125,169.74960327148438,185.55764770507812],""confidence"":0.6193979978561401,""patch_id"":""""},{""bbox"":[154.25946044921875,118.07576751708984,164.38160705566406,128.6790313720703],""confidence"":0.6002135276794434,""patch_id"":""""},{""bbox"":[156.15235900878906,142.5789337158203,166.4271240234375,153.26434326171875],""confidence"":0.5404406785964966,""patch_id"":""""},{""bbox"":[160.28807067871094,174.82107543945312,169.141845703125,184.15699768066406],""confidence"":0.20541633665561676,""patch_id"":""""},{""bbox"":[160.73629760742188,174.17007446289062,171.79930114746094,185.21685791015625],""confidence"":0.007316098548471928,""patch_id"":""""},{""bbox"":[158.1920928955078,175.77088928222656,169.58042907714844,187.60784912109375],""confidence"":0.0029445241671055555,""patch_id"":""""},{""bbox"":[155.32467651367188,142.88609313964844,164.6271209716797,152.22117614746094],""confidence"":0.002918907906860113,""patch_id"":""""},{""bbox"":[279.738037109375,200.13572692871094,287.1141357421875,208.02734375],""confidence"":0.0010586053831502795,""patch_id"":""""}]",8,0.001
002_20200624_162522(0),1,352,332,"[[200.00000000000003,169.0,208.0,177.99999999999997],[203.99999999999997,193.0,210.0,201.00000000000003],[207.99999999999997,224.00000000000003,217.0,232.99999999999997]]","[{""bbox"":[202.817138671875,192.28428649902344,212.05441284179688,201.98062133789062],""confidence"":0.6596004962921143,""patch_id"":""""},{""bbox"":[199.81509399414062,169.01345825195312,208.4045867919922,177.9048309326172],""confidence"":0.6060594916343689,""patch_id"":""""},{""bbox"":[207.56356811523438,224.07225036621094,216.6436767578125,233.4720001220703],""confidence"":0.5147042870521545,""patch_id"":""""},{""bbox"":[203.3199920654297,192.0889129638672,210.4019775390625,199.65960693359375],""confidence"":0.04335331544280052,""patch_id"":""""},{""bbox"":[198.35845947265625,169.05419921875,206.9683837890625,177.61431884765625],""confidence"":0.019184039905667305,""patch_id"":""""},{""bbox"":[0.0,331.5003967285156,6.5593414306640625,332.0],""confidence"":0.018490144982933998,""patch_id"":""""},{""bbox"":[206.8571014404297,224.73707580566406,214.26458740234375,232.09326171875],""confidence"":0.007802392356097698,""patch_id"":""""},{""bbox"":[198.84368896484375,169.1604766845703,209.17935180664062,179.96395874023438],""confidence"":0.007516601588577032,""patch_id"":""""},{""bbox"":[0.15436701476573944,330.52001953125,7.613917350769043,332.0],""confidence"":0.005420505069196224,""patch_id"":""""},{""bbox"":[344.750244140625,0.0,351.08203125,0.0],""confidence"":0.0032691003289073706,""patch_id"":""""},{""bbox"":[201.2501220703125,193.6720428466797,211.2784881591797,204.19227600097656],""confidence"":0.0030029320623725653,""patch_id"":""""},{""bbox"":[208.11166381835938,223.66262817382812,215.55673217773438,231.30628967285156],""confidence"":0.002530766883864999,""patch_id"":""""},{""bbox"":[203.4520263671875,190.53411865234375,209.55316162109375,197.07284545898438],""confidence"":0.0020274161361157894,""patch_id"":""""},{""bbox"":[0.0,332.0,7.521910667419434,332.0],""confidence"":0.001559892320074141,""patch_id"":""""}]",14,0.001
002_20200624_162527(8),1,352,332,"[[192.0,144.0,199.99999999999997,155.0],[196.00000000000003,169.0,206.0,176.0],[205.0,199.0,211.99999999999997,207.99999999999997]]","[{""bbox"":[190.587158203125,145.50119018554688,199.43898010253906,154.7826690673828],""confidence"":0.6902064085006714,""patch_id"":""""},{""bbox"":[196.0665740966797,167.84524536132812,204.88027954101562,177.15737915039062],""confidence"":0.5788290500640869,""patch_id"":""""},{""bbox"":[204.7375030517578,199.48977661132812,213.0804901123047,208.11306762695312],""confidence"":0.5348666310310364,""patch_id"":""""},{""bbox"":[196.79930114746094,167.84893798828125,204.15577697753906,175.60707092285156],""confidence"":0.14687488973140717,""patch_id"":""""},{""bbox"":[0.0,331.50640869140625,6.55595588684082,332.0],""confidence"":0.018537070602178574,""patch_id"":""""},{""bbox"":[197.03887939453125,167.15484619140625,206.6882781982422,176.8309783935547],""confidence"":0.01825755089521408,""patch_id"":""""},{""bbox"":[196.09487915039062,170.14830017089844,204.90504455566406,179.31729125976562],""confidence"":0.013376621529459953,""patch_id"":""""},{""bbox"":[204.26663208007812,200.4437713623047,213.69088745117188,210.24920654296875],""confidence"":0.01296780351549387,""patch_id"":""""},{""bbox"":[189.5507049560547,146.18597412109375,197.85508728027344,154.34861755371094],""confidence"":0.011214414611458778,""patch_id"":""""},{""bbox"":[195.76882934570312,167.7918701171875,203.02220153808594,175.13978576660156],""confidence"":0.006857374217361212,""patch_id"":""""},{""bbox"":[190.6870880126953,148.038818359375,199.51380920410156,157.2784423828125],""confidence"":0.00570520106703043,""patch_id"":""""},{""bbox"":[0.15450549125671387,330.52496337890625,7.609819412231445,332.0],""confidence"":0.005422986112535,""patch_id"":""""},{""bbox"":[205.55857849121094,198.2396697998047,215.54246520996094,208.07106018066406],""confidence"":0.0038271185476332903,""patch_id"":""""},{""bbox"":[344.750244140625,0.0,351.0819396972656,0.0],""confidence"":0.0032688642386347055,""patch_id"":""""},{""bbox"":[204.5797576904297,199.13751220703125,211.62576293945312,206.4154510498047],""confidence"":0.0021128139924257994,""patch_id"":""""},{""bbox"":[0.0,332.0,7.521304130554199,332.0],""confidence"":0.0015625591622665524,""patch_id"":""""},{""bbox"":[192.0060577392578,144.35198974609375,202.6894989013672,154.73196411132812],""confidence"":0.0010218822862952948,""patch_id"":""""}]",17,0.001
002_20200624_162531(7),1,352,332,"[[193.0,154.0,203.0,164.0],[198.0,180.0,207.99999999999997,188.00000000000003],[205.0,211.99999999999997,211.99999999999997,219.0]]","[{""bbox"":[194.0088348388672,155.44085693359375,202.98304748535156,164.75828552246094],""confidence"":0.6698439717292786,""patch_id"":""""},{""bbox"":[197.93344116210938,178.28138732910156,207.0096435546875,188.04782104492188],""confidence"":0.6352299451828003,""patch_id"":""""},{""bbox"":[204.619140625,210.52297973632812,212.94168090820312,219.09457397460938],""confidence"":0.4938141107559204,""patch_id"":""""},{""bbox"":[194.6085968017578,154.3408966064453,204.7958526611328,164.67971801757812],""confidence"":0.03641819208860397,""patch_id"":""""},{""bbox"":[197.99557495117188,178.32179260253906,205.49757385253906,185.8749542236328],""confidence"":0.01855561137199402,""patch_id"":""""},{""bbox"":[0.0,331.50640869140625,6.555957317352295,332.0],""confidence"":0.018537070602178574,""patch_id"":""""},{""bbox"":[194.4523162841797,155.2645263671875,201.8157501220703,163.03958129882812],""confidence"":0.013659846968948841,""patch_id"":""""},{""bbox"":[204.00025939941406,211.273193359375,213.5579833984375,221.25241088867188],""confidence"":0.01322623249143362,""patch_id"":""""},{""bbox"":[198.97108459472656,177.07388305664062,205.5303955078125,184.00575256347656],""confidence"":0.012054693885147572,""patch_id"":""""},{""bbox"":[198.9698944091797,177.79698181152344,209.0516357421875,187.625244140625],""confidence"":0.008922225795686245,""patch_id"":""""},{""bbox"":[0.15450496971607208,330.52496337890625,7.609819412231445,332.0],""confidence"":0.005422983784228563,""patch_id"":""""},{""bbox"":[197.49464416503906,180.49530029296875,206.9352264404297,190.3195037841797],""confidence"":0.004698802717030048,""patch_id"":""""},{""bbox"":[204.41526794433594,210.09097290039062,211.4164276123047,217.3249053955078],""confidence"":0.004461186472326517,""patch_id"":""""},{""bbox"":[344.750244140625,0.0,351.08203125,0.0],""confidence"":0.0032690383959561586,""patch_id"":""""},{""bbox"":[198.9149169921875,175.43997192382812,205.39312744140625,182.56854248046875],""confidence"":0.0026785386726260185,""patch_id"":""""},{""bbox"":[0.0,332.0,7.521304130554199,332.0],""confidence"":0.0015625591622665524,""patch_id"":""""},{""bbox"":[192.56358337402344,156.08230590820312,202.93589782714844,166.90701293945312],""confidence"":0.0013904990628361702,""patch_id"":""""},{""bbox"":[199.7136993408203,177.11990356445312,207.2738494873047,184.68374633789062],""confidence"":0.0011722405906766653,""patch_id"":""""}]",18,0.001
002_20200624_162536(8),1,352,332,"[[208.0,144.0,216.0,153.0],[211.00000000000003,165.99999999999997,219.0,174.99999999999997],[216.0,193.0,222.00000000000003,201.00000000000003]]","[{""bbox"":[207.75384521484375,144.91432189941406,216.81166076660156,154.34878540039062],""confidence"":0.5976901650428772,""patch_id"":""""},{""bbox"":[210.1329345703125,166.73228454589844,218.9006805419922,175.7423553466797],""confidence"":0.5430104732513428,""patch_id"":""""},{""bbox"":[214.2980499267578,192.80555725097656,222.72402954101562,201.50299072265625],""confidence"":0.4999263286590576,""patch_id"":""""},{""bbox"":[214.5409698486328,191.5308837890625,224.48193359375,201.6513671875],""confidence"":0.039050403982400894,""patch_id"":""""},{""bbox"":[214.38436889648438,192.60418701171875,221.46844482421875,200.14231872558594],""confidence"":0.02627439796924591,""patch_id"":""""},{""bbox"":[0.0,331.50640869140625,6.555957317352295,332.0],""confidence"":0.01853707991540432,""patch_id"":""""},{""bbox"":[213.9078826904297,193.94163513183594,222.9740753173828,203.47767639160156],""confidence"":0.010525545105338097,""patch_id"":""""},{""bbox"":[210.60406494140625,166.4010009765625,217.43959045410156,173.68679809570312],""confidence"":0.0066605969332158566,""patch_id"":""""},{""bbox"":[209.36016845703125,167.3381805419922,216.88607788085938,174.82762145996094],""confidence"":0.005433566402643919,""patch_id"":""""},{""bbox"":[0.15450496971607208,330.52496337890625,7.609819412231445,332.0],""confidence"":0.005422988906502724,""patch_id"":""""},{""bbox"":[207.09742736816406,145.37515258789062,214.93748474121094,152.89659118652344],""confidence"":0.003517640521749854,""patch_id"":""""},{""bbox"":[344.750244140625,0.0,351.08203125,0.0],""confidence"":0.003268951317295432,""patch_id"":""""},{""bbox"":[207.94461059570312,144.20941162109375,215.15196228027344,151.6798553466797],""confidence"":0.0018781652906909585,""patch_id"":""""},{""bbox"":[0.0,332.0,7.521304130554199,332.0],""confidence"":0.0015625598607584834,""patch_id"":""""},{""bbox"":[210.632080078125,170.93475341796875,218.42144775390625,179.2113494873047],""confidence"":0.0012977063888683915,""patch_id"":""""},{""bbox"":[212.33119201660156,194.5066375732422,221.3157501220703,203.955810546875],""confidence"":0.0010862330673262477,""patch_id"":""""}]",16,0.001
002_20200624_162540(3),1,352,332,"[[199.99999999999997,168.0,212.0,178.99999999999997],[203.0,190.0,214.0,198.99999999999997],[207.00000000000003,217.0,217.0,225.99999999999997]]","[{""bbox"":[204.18260192871094,189.4943084716797,212.91278076171875,198.76602172851562],""confidence"":0.5334439873695374,""patch_id"":""""},{""bbox"":[202.6063690185547,168.0340118408203,210.6509552001953,176.38482666015625],""confidence"":0.5170436501502991,""patch_id"":""""},{""bbox"":[207.56851196289062,215.8331756591797,215.7704315185547,224.4552001953125],""confidence"":0.46046754717826843,""patch_id"":""""},{""bbox"":[204.4230194091797,189.69981384277344,211.73583984375,197.14837646484375],""confidence"":0.061357248574495316,""patch_id"":""""},{""bbox"":[207.9220733642578,215.06423950195312,218.15663146972656,225.1068115234375],""confidence"":0.03615235164761543,""patch_id"":""""},{""bbox"":[0.0,331.50640869140625,6.555956840515137,332.0],""confidence"":0.01853707991540432,""patch_id"":""""},{""bbox"":[206.4875946044922,215.91592407226562,213.83396911621094,223.38523864746094],""confidence"":0.01659628190100193,""patch_id"":""""},{""bbox"":[205.98080444335938,216.6846923828125,214.85003662109375,226.00485229492188],""confidence"":0.01213767658919096,""patch_id"":""""},{""bbox"":[204.70416259765625,192.20361328125,212.7736358642578,201.29547119140625],""confidence"":0.0066235801205039024,""patch_id"":""""},{""bbox"":[0.15450496971607208,330.52496337890625,7.609819412231445,332.0],""confidence"":0.00542299123480916,""patch_id"":""""},{""bbox"":[202.60031127929688,190.02696228027344,211.59898376464844,199.05078125],""confidence"":0.00434664124622941,""patch_id"":""""},{""bbox"":[202.97738647460938,168.47897338867188,211.98345947265625,177.46824645996094],""confidence"":0.0032876862678676844,""patch_id"":""""},{""bbox"":[344.750244140625,0.0,351.08203125,0.0],""confidence"":0.003269091248512268,""patch_id"":""""},{""bbox"":[203.5682373046875,167.1756134033203,213.38609313964844,176.75140380859375],""confidence"":0.003056430257856846,""patch_id"":""""},{""bbox"":[204.73060607910156,188.4906768798828,211.44131469726562,195.62852478027344],""confidence"":0.002090795896947384,""patch_id"":""""},{""bbox"":[0.0,332.0,7.521304130554199,332.0],""confidence"":0.0015625598607584834,""patch_id"":""""},{""bbox"":[206.69747924804688,219.06053161621094,214.80027770996094,227.55535888671875],""confidence"":0.0015323275001719594,""patch_id"":""""},{""bbox"":[312.2161865234375,192.373291015625,318.3970947265625,198.2071075439453],""confidence"":0.0012595909647643566,""patch_id"":""""}]",18,0.001
002_20200624_162543(7),1,352,332,"[[204.0,180.00000000000003,215.0,190.0],[208.0,199.0,219.0,211.0],[214.99999999999997,226.0,224.0,236.0]]","[{""bbox"":[205.30616760253906,179.69114685058594,214.12301635742188,188.82933044433594],""confidence"":0.6170182824134827,""patch_id"":""""},{""bbox"":[208.6570587158203,201.3807373046875,217.3467559814453,210.333740234375],""confidence"":0.5373799800872803,""patch_id"":""""},{""bbox"":[216.0283203125,227.0475616455078,223.4883575439453,235.0423126220703],""confidence"":0.35704872012138367,""patch_id"":""""},{""bbox"":[209.43885803222656,201.27291870117188,216.5874481201172,208.77256774902344],""confidence"":0.1500217616558075,""patch_id"":""""},{""bbox"":[209.6940155029297,200.70565795898438,218.18276977539062,209.58924865722656],""confidence"":0.08087324351072311,""patch_id"":""""},{""bbox"":[204.72256469726562,180.1708221435547,212.81781005859375,188.0955352783203],""confidence"":0.06340543180704117,""patch_id"":""""},{""bbox"":[215.67637634277344,225.61306762695312,224.71640014648438,234.9859619140625],""confidence"":0.06276911497116089,""patch_id"":""""},{""bbox"":[208.67747497558594,203.234619140625,217.170654296875,212.45401000976562],""confidence"":0.044000156223773956,""patch_id"":""""},{""bbox"":[214.7421875,228.13514709472656,223.2584686279297,237.04525756835938],""confidence"":0.023499788716435432,""patch_id"":""""},{""bbox"":[0.0,331.50640869140625,6.555957317352295,332.0],""confidence"":0.018537070602178574,""patch_id"":""""},{""bbox"":[0.15450496971607208,330.52496337890625,7.609819412231445,332.0],""confidence"":0.005422983784228563,""patch_id"":""""},{""bbox"":[204.0855255126953,179.2122802734375,214.96487426757812,190.6216278076172],""confidence"":0.005319118499755859,""patch_id"":""""},{""bbox"":[344.750244140625,0.0,351.08203125,0.0],""confidence"":0.003269091248512268,""patch_id"":""""},{""bbox"":[0.0,332.0,7.521304130554199,332.0],""confidence"":0.0015625591622665524,""patch_id"":""""},{""bbox"":[216.5677490234375,225.81459045410156,223.0843505859375,232.78445434570312],""confidence"":0.0013305068714544177,""patch_id"":""""}]",15,0.001
002_20200624_162708(9),1,316,332,"[[162.00000000000003,148.0,172.0,159.0],[164.0,171.00000000000003,173.99999999999997,180.0],[167.0,197.00000000000003,178.0,208.0]]","[{""bbox"":[161.80508422851562,148.2059326171875,172.37290954589844,159.53868103027344],""confidence"":0.656327486038208,""patch_id"":""""},{""bbox"":[167.6599578857422,196.10757446289062,178.16458129882812,207.3406219482422],""confidence"":0.6114938855171204,""patch_id"":""""},{""bbox"":[163.79608154296875,169.94395446777344,174.9615478515625,181.8693389892578],""confidence"":0.5567055940628052,""patch_id"":""""},{""bbox"":[164.82061767578125,171.0814666748047,173.52626037597656,179.94061279296875],""confidence"":0.07848291099071503,""patch_id"":""""},{""bbox"":[168.47927856445312,196.4744415283203,177.05413818359375,205.34762573242188],""confidence"":0.025606321170926094,""patch_id"":""""},{""bbox"":[162.68739318847656,148.4929656982422,171.19618225097656,157.24928283691406],""confidence"":0.008327280171215534,""patch_id"":""""},{""bbox"":[163.30908203125,172.03897094726562,173.87045288085938,183.18687438964844],""confidence"":0.0037624638061970472,""patch_id"":""""},{""bbox"":[165.84616088867188,195.46888732910156,176.48959350585938,206.60757446289062],""confidence"":0.0033511335495859385,""patch_id"":""""},{""bbox"":[280.71417236328125,218.41651916503906,288.5891418457031,226.57376098632812],""confidence"":0.002582116983830929,""patch_id"":""""}]",9,0.001
002_20200624_162713(4),1,316,332,"[[164.0,138.0,177.0,148.00000000000003],[165.0,161.0,177.0,169.99999999999997],[167.0,186.00000000000003,177.0,196.0]]","[{""bbox"":[165.1747589111328,159.86672973632812,175.80511474609375,171.12281799316406],""confidence"":0.602379560470581,""patch_id"":""""},{""bbox"":[164.69784545898438,137.96844482421875,174.6163330078125,148.68057250976562],""confidence"":0.581169605255127,""patch_id"":""""},{""bbox"":[167.95285034179688,186.06411743164062,178.47048950195312,197.08758544921875],""confidence"":0.570088267326355,""patch_id"":""""},{""bbox"":[166.11631774902344,160.52845764160156,174.83123779296875,169.64268493652344],""confidence"":0.16818632185459137,""patch_id"":""""},{""bbox"":[167.8909149169922,186.85018920898438,176.9393768310547,195.71022033691406],""confidence"":0.033486541360616684,""patch_id"":""""},{""bbox"":[165.40914916992188,138.44651794433594,173.3944549560547,146.58523559570312],""confidence"":0.007163293659687042,""patch_id"":""""},{""bbox"":[165.0272674560547,161.8081817626953,175.30368041992188,172.66415405273438],""confidence"":0.004954333417117596,""patch_id"":""""},{""bbox"":[169.53639221191406,185.8504180908203,179.57286071777344,196.10276794433594],""confidence"":0.002585381269454956,""patch_id"":""""},{""bbox"":[279.71612548828125,218.2367706298828,287.759033203125,226.6813507080078],""confidence"":0.0023116902448236942,""patch_id"":""""},{""bbox"":[166.25035095214844,137.51402282714844,175.3451385498047,146.93783569335938],""confidence"":0.001198670594021678,""patch_id"":""""},{""bbox"":[281.02471923828125,215.54640197753906,288.6053466796875,223.46636962890625],""confidence"":0.0010652524651959538,""patch_id"":""""},{""bbox"":[167.20867919921875,160.1387939453125,177.6327362060547,170.5166473388672],""confidence"":0.0010274412343278527,""patch_id"":""""}]",12,0.001
002_20200624_162717(9),1,316,332,"[[159.0,121.0,169.0,131.0],[161.00000000000003,144.0,170.0,155.0],[164.0,170.0,171.99999999999997,180.0]]","[{""bbox"":[159.95306396484375,143.1300506591797,171.4755401611328,155.15646362304688],""confidence"":0.6573543548583984,""patch_id"":""""},{""bbox"":[159.21446228027344,120.64751434326172,170.2926025390625,132.91111755371094],""confidence"":0.6355798840522766,""patch_id"":""""},{""bbox"":[162.9434814453125,169.4501495361328,173.26528930664062,180.29710388183594],""confidence"":0.5489596724510193,""patch_id"":""""},{""bbox"":[160.91871643066406,143.7679443359375,169.9290771484375,153.31161499023438],""confidence"":0.2514500319957733,""patch_id"":""""},{""bbox"":[160.1385498046875,121.09005737304688,169.16607666015625,130.720947265625],""confidence"":0.07448651641607285,""patch_id"":""""},{""bbox"":[163.66702270507812,169.84877014160156,171.78179931640625,178.1306610107422],""confidence"":0.004016755148768425,""patch_id"":""""},{""bbox"":[274.4328918457031,203.6179656982422,282.5667724609375,212.20823669433594],""confidence"":0.0036774955224245787,""patch_id"":""""},{""bbox"":[160.8601837158203,120.85179901123047,171.57574462890625,131.4450225830078],""confidence"":0.0023230453953146935,""patch_id"":""""}]",8,0.001
002_20200624_162722(4),1,316,332,"[[146.0,114.0,158.0,124.99999999999999],[150.0,138.0,160.0,148.00000000000003],[154.0,169.0,165.0,181.0]]","[{""bbox"":[149.47035217285156,137.95872497558594,160.13804626464844,149.21823120117188],""confidence"":0.6333155035972595,""patch_id"":""""},{""bbox"":[152.56959533691406,169.69178771972656,163.52178955078125,181.20664978027344],""confidence"":0.5630940794944763,""patch_id"":""""},{""bbox"":[147.47560119628906,113.74456787109375,157.7500457763672,124.54592895507812],""confidence"":0.5405117869377136,""patch_id"":""""},{""bbox"":[149.92330932617188,138.29898071289062,158.2642822265625,147.04266357421875],""confidence"":0.034220121800899506,""patch_id"":""""},{""bbox"":[153.4684600830078,170.8105926513672,162.11790466308594,179.3213348388672],""confidence"":0.022999946027994156,""patch_id"":""""},{""bbox"":[272.8949279785156,193.51617431640625,280.8517150878906,202.0185546875],""confidence"":0.005064558703452349,""patch_id"":""""},{""bbox"":[146.0373992919922,113.51227569580078,158.101318359375,126.68848419189453],""confidence"":0.003174613695591688,""patch_id"":""""},{""bbox"":[152.18321228027344,171.81663513183594,163.31924438476562,183.49072265625],""confidence"":0.0028881030157208443,""patch_id"":""""},{""bbox"":[154.6145477294922,169.73377990722656,165.45567321777344,180.529052734375],""confidence"":0.0014905027346685529,""patch_id"":""""},{""bbox"":[148.99749755859375,113.29377746582031,158.8551483154297,123.56302642822266],""confidence"":0.0011440188391134143,""patch_id"":""""}]",10,0.001
002_20200624_203003(9),1,352,332,"[[197.0,155.0,206.99999999999997,166.99999999999997],[202.0,179.0,211.00000000000003,190.0],[209.0,210.0,217.0,219.99999999999997]]","[{""bbox"":[198.41175842285156,155.81016540527344,207.2396240234375,164.9558563232422],""confidence"":0.628449022769928,""patch_id"":""""},{""bbox"":[202.65994262695312,179.6876983642578,211.58529663085938,188.9537353515625],""confidence"":0.6056970357894897,""patch_id"":""""},{""bbox"":[209.1227264404297,210.69390869140625,218.10279846191406,220.00564575195312],""confidence"":0.5909855365753174,""patch_id"":""""},{""bbox"":[202.63909912109375,179.20614624023438,210.39923095703125,187.30226135253906],""confidence"":0.060344405472278595,""patch_id"":""""},{""bbox"":[199.22238159179688,154.79183959960938,209.0877685546875,164.86512756347656],""confidence"":0.041824374347925186,""patch_id"":""""},{""bbox"":[207.7504119873047,210.96812438964844,218.16319274902344,222.03411865234375],""confidence"":0.029912032186985016,""patch_id"":""""},{""bbox"":[0.0,331.50640869140625,6.555957317352295,332.0],""confidence"":0.018537070602178574,""patch_id"":""""},{""bbox"":[210.05307006835938,209.52261352539062,220.11514282226562,219.77737426757812],""confidence"":0.011579163372516632,""patch_id"":""""},{""bbox"":[203.39617919921875,178.55352783203125,213.36935424804688,188.73463439941406],""confidence"":0.01108331885188818,""patch_id"":""""},{""bbox"":[209.52679443359375,210.40919494628906,216.64610290527344,218.00979614257812],""confidence"":0.010362086817622185,""patch_id"":""""},{""bbox"":[198.73553466796875,155.33706665039062,206.14315795898438,163.1393280029297],""confidence"":0.006321063730865717,""patch_id"":""""},{""bbox"":[0.15450496971607208,330.52496337890625,7.6098198890686035,332.0],""confidence"":0.005422986112535,""patch_id"":""""},{""bbox"":[201.17300415039062,180.37197875976562,211.41307067871094,191.01251220703125],""confidence"":0.004303439520299435,""patch_id"":""""},{""bbox"":[344.750244140625,0.0,351.08203125,0.0],""confidence"":0.0032690290827304125,""patch_id"":""""},{""bbox"":[197.19204711914062,156.1898193359375,207.53781127929688,167.0478515625],""confidence"":0.002817329717800021,""patch_id"":""""},{""bbox"":[202.21588134765625,178.94775390625,209.23182678222656,186.06607055664062],""confidence"":0.0017442161915823817,""patch_id"":""""},{""bbox"":[0.0,332.0,7.521304130554199,332.0],""confidence"":0.0015625591622665524,""patch_id"":""""},{""bbox"":[203.2637939453125,177.46595764160156,209.53273010253906,184.2459259033203],""confidence"":0.0014008143916726112,""patch_id"":""""}]",18,0.001
002_20200624_203021(9),1,352,332,"[[190.0,143.0,199.99999999999997,154.0],[195.00000000000003,170.0,205.0,178.99999999999997],[201.0,199.0,210.99999999999997,208.99999999999997]]","[{""bbox"":[194.93655395507812,169.4921875,203.76612854003906,178.70677185058594],""confidence"":0.6242116689682007,""patch_id"":""""},{""bbox"":[189.87294006347656,145.14263916015625,198.97801208496094,154.6249237060547],""confidence"":0.6219042539596558,""patch_id"":""""},{""bbox"":[202.3429718017578,199.8145294189453,211.07533264160156,208.88858032226562],""confidence"":0.5797252655029297,""patch_id"":""""},{""bbox"":[190.57037353515625,143.84396362304688,200.50759887695312,154.41995239257812],""confidence"":0.04581919685006142,""patch_id"":""""},{""bbox"":[193.7012481689453,169.49742126464844,202.3053436279297,178.0834503173828],""confidence"":0.030438270419836044,""patch_id"":""""},{""bbox"":[201.3144989013672,200.13525390625,211.59364318847656,210.96417236328125],""confidence"":0.021495874971151352,""patch_id"":""""},{""bbox"":[0.0,331.50640869140625,6.555957317352295,332.0],""confidence"":0.01853707991540432,""patch_id"":""""},{""bbox"":[195.0613250732422,168.04251098632812,201.8889617919922,175.1361846923828],""confidence"":0.017465822398662567,""patch_id"":""""},{""bbox"":[202.6152801513672,199.422607421875,209.88340759277344,207.0917205810547],""confidence"":0.01720230095088482,""patch_id"":""""},{""bbox"":[189.50735473632812,145.62979125976562,197.15313720703125,153.2052459716797],""confidence"":0.010506650432944298,""patch_id"":""""},{""bbox"":[195.17547607421875,166.5785675048828,202.02012634277344,173.8960723876953],""confidence"":0.006072017829865217,""patch_id"":""""},{""bbox"":[0.15450496971607208,330.52496337890625,7.609819412231445,332.0],""confidence"":0.005422986112535,""patch_id"":""""},{""bbox"":[203.1041259765625,198.96676635742188,211.58038330078125,207.60308837890625],""confidence"":0.003911654464900494,""patch_id"":""""},{""bbox"":[344.750244140625,0.0,351.0819396972656,0.0],""confidence"":0.0032688984647393227,""patch_id"":""""},{""bbox"":[203.44204711914062,198.55282592773438,213.41908264160156,208.5599822998047],""confidence"":0.002917888341471553,""patch_id"":""""},{""bbox"":[195.0995635986328,172.19894409179688,203.96583557128906,181.3768310546875],""confidence"":0.0022632989566773176,""patch_id"":""""},{""bbox"":[189.5859375,148.04281616210938,198.66275024414062,157.46177673339844],""confidence"":0.002139703370630741,""patch_id"":""""},{""bbox"":[0.0,332.0,7.521304130554199,332.0],""confidence"":0.0015625598607584834,""patch_id"":""""},{""bbox"":[193.46730041503906,168.1739044189453,200.30413818359375,175.2644500732422],""confidence"":0.0015603936044499278,""patch_id"":""""}]",19,0.001
002_20200624_203026(4),1,352,332,"[[195.99999999999997,158.0,205.0,168.0],[202.0,183.00000000000003,211.00000000000003,193.0],[209.0,212.00000000000003,217.0,222.0]]","[{""bbox"":[196.40223693847656,158.51504516601562,205.2877655029297,167.76316833496094],""confidence"":0.5869444012641907,""patch_id"":""""},{""bbox"":[201.9839324951172,182.3417205810547,210.3551483154297,191.10009765625],""confidence"":0.5827672481536865,""patch_id"":""""},{""bbox"":[208.46701049804688,213.16864013671875,217.34542846679688,222.43365478515625],""confidence"":0.5142223834991455,""patch_id"":""""},{""bbox"":[200.12440490722656,182.24288940429688,209.05941772460938,191.2008056640625],""confidence"":0.07157249748706818,""patch_id"":""""},{""bbox"":[197.1671142578125,157.2233123779297,207.1226348876953,167.65216064453125],""confidence"":0.030950523912906647,""patch_id"":""""},{""bbox"":[200.83135986328125,182.80491638183594,210.40953063964844,192.9053192138672],""confidence"":0.029169809073209763,""patch_id"":""""},{""bbox"":[0.0,331.50677490234375,6.555995941162109,332.0],""confidence"":0.018539603799581528,""patch_id"":""""},{""bbox"":[195.9981689453125,158.8633575439453,203.7585906982422,166.6053924560547],""confidence"":0.01372519787400961,""patch_id"":""""},{""bbox"":[201.89088439941406,181.58287048339844,208.84571838378906,188.8819122314453],""confidence"":0.013527768664062023,""patch_id"":""""},{""bbox"":[208.58013916015625,212.53529357910156,216.08087158203125,220.26416015625],""confidence"":0.008184951730072498,""patch_id"":""""},{""bbox"":[0.15451966226100922,330.5250244140625,7.60978889465332,332.0],""confidence"":0.005423279013484716,""patch_id"":""""},{""bbox"":[344.750244140625,0.0,351.08203125,0.0],""confidence"":0.0032690290827304125,""patch_id"":""""},{""bbox"":[0.0,332.0,7.521318435668945,332.0],""confidence"":0.001563164871186018,""patch_id"":""""},{""bbox"":[207.02674865722656,213.43048095703125,215.4189453125,221.7099609375],""confidence"":0.0014071802143007517,""patch_id"":""""},{""bbox"":[208.18959045410156,216.41725158691406,216.90150451660156,225.4647216796875],""confidence"":0.001286008395254612,""patch_id"":""""}]",15,0.001
002_20200625_003352(9),1,316,332,"[[151.0,142.0,160.0,153.0],[154.0,169.0,164.0,177.00000000000003],[156.0,201.00000000000003,166.99999999999997,210.0]]","[{""bbox"":[156.2821502685547,199.07752990722656,166.94508361816406,210.643310546875],""confidence"":0.679755449295044,""patch_id"":""""},{""bbox"":[153.5906524658203,166.89981079101562,163.83926391601562,178.12803649902344],""confidence"":0.6435272693634033,""patch_id"":""""},{""bbox"":[152.0214385986328,142.69532775878906,162.2133026123047,153.3135223388672],""confidence"":0.6231502294540405,""patch_id"":""""},{""bbox"":[157.38088989257812,200.07388305664062,165.86692810058594,208.63198852539062],""confidence"":0.06987728923559189,""patch_id"":""""},{""bbox"":[154.238525390625,167.0818634033203,162.68544006347656,176.0780487060547],""confidence"":0.04358968511223793,""patch_id"":""""},{""bbox"":[156.00143432617188,200.61167907714844,167.6350555419922,212.69459533691406],""confidence"":0.005990137346088886,""patch_id"":""""},{""bbox"":[152.62237548828125,142.8424530029297,160.93576049804688,151.277587890625],""confidence"":0.005547454115003347,""patch_id"":""""},{""bbox"":[152.13192749023438,146.01821899414062,162.04592895507812,156.50523376464844],""confidence"":0.0013912334106862545,""patch_id"":""""},{""bbox"":[154.84799194335938,165.7975616455078,161.5431365966797,172.4976806640625],""confidence"":0.0011064268182963133,""patch_id"":""""}]",9,0.001
002_20200625_003357(4),1,316,332,"[[156.0,140.99999999999997,165.0,151.0],[158.0,167.0,167.99999999999997,175.99999999999997],[160.0,199.0,169.0,207.99999999999997]]","[{""bbox"":[155.30520629882812,141.14015197753906,165.9975128173828,152.47096252441406],""confidence"":0.6664692163467407,""patch_id"":""""},{""bbox"":[160.09754943847656,197.9936065673828,170.84640502929688,209.54994201660156],""confidence"":0.5979523062705994,""patch_id"":""""},{""bbox"":[157.12539672851562,165.038330078125,168.0341033935547,176.65029907226562],""confidence"":0.5570505857467651,""patch_id"":""""},{""bbox"":[156.314697265625,141.94004821777344,165.0039520263672,150.93667602539062],""confidence"":0.17854806780815125,""patch_id"":""""},{""bbox"":[160.52317810058594,198.41017150878906,169.13267517089844,207.35609436035156],""confidence"":0.07315773516893387,""patch_id"":""""},{""bbox"":[155.32569885253906,142.73326110839844,166.38751220703125,154.61080932617188],""confidence"":0.012401023879647255,""patch_id"":""""},{""bbox"":[158.44320678710938,198.6190643310547,170.2110137939453,211.1468963623047],""confidence"":0.010754738003015518,""patch_id"":""""},{""bbox"":[158.50643920898438,163.9342803955078,165.24240112304688,170.64193725585938],""confidence"":0.0038093116600066423,""patch_id"":""""},{""bbox"":[157.5677490234375,140.94882202148438,167.1112518310547,150.9184112548828],""confidence"":0.0021012581419199705,""patch_id"":""""},{""bbox"":[155.5620574951172,164.8318328857422,166.2149200439453,176.30245971679688],""confidence"":0.0018507157219573855,""patch_id"":""""}]",10,0.001
002_20200625_003401(8),1,316,332,"[[153.0,143.0,164.0,152.0],[155.00000000000003,166.0,166.0,177.0],[158.0,199.0,169.0,208.99999999999997]]","[{""bbox"":[153.880126953125,142.185302734375,164.59722900390625,153.5215606689453],""confidence"":0.7320614457130432,""patch_id"":""""},{""bbox"":[155.35818481445312,166.0685577392578,165.96533203125,177.3857421875],""confidence"":0.6589972376823425,""patch_id"":""""},{""bbox"":[158.49832153320312,198.76905822753906,168.76695251464844,209.5992889404297],""confidence"":0.6582201719284058,""patch_id"":""""},{""bbox"":[159.3258056640625,199.76669311523438,167.99571228027344,208.52731323242188],""confidence"":0.24124528467655182,""patch_id"":""""},{""bbox"":[154.26132202148438,142.64065551757812,162.85549926757812,151.44557189941406],""confidence"":0.031055880710482597,""patch_id"":""""},{""bbox"":[159.1421661376953,198.91793823242188,167.20016479492188,207.11181640625],""confidence"":0.005572955124080181,""patch_id"":""""},{""bbox"":[158.0626983642578,201.23736572265625,168.937255859375,212.59954833984375],""confidence"":0.0015514142578467727,""patch_id"":""""},{""bbox"":[156.8843231201172,165.3812713623047,163.9663543701172,172.65370178222656],""confidence"":0.001280335709452629,""patch_id"":""""},{""bbox"":[156.67770385742188,164.16098022460938,163.7588348388672,171.21511840820312],""confidence"":0.0012694902252405882,""patch_id"":""""}]",9,0.001
002_20200625_003406(3),1,316,332,"[[149.0,145.0,160.0,154.0],[152.0,168.00000000000003,162.0,177.0],[155.00000000000003,199.0,165.0,210.0]]","[{""bbox"":[149.94955444335938,142.8557891845703,160.7324981689453,154.26055908203125],""confidence"":0.689531683921814,""patch_id"":""""},{""bbox"":[152.31268310546875,167.12451171875,162.1971435546875,178.10134887695312],""confidence"":0.6445236206054688,""patch_id"":""""},{""bbox"":[155.04647827148438,199.25291442871094,165.81101989746094,210.94776916503906],""confidence"":0.6189140677452087,""patch_id"":""""},{""bbox"":[150.7213592529297,143.79229736328125,159.5489044189453,152.70547485351562],""confidence"":0.1648322194814682,""patch_id"":""""},{""bbox"":[156.44544982910156,200.0625457763672,164.9174346923828,208.958740234375],""confidence"":0.16342848539352417,""patch_id"":""""},{""bbox"":[152.41815185546875,167.05247497558594,160.74095153808594,175.90802001953125],""confidence"":0.08697815239429474,""patch_id"":""""},{""bbox"":[156.7138214111328,199.4110565185547,167.5677490234375,210.12646484375],""confidence"":0.01844158209860325,""patch_id"":""""},{""bbox"":[150.17807006835938,144.97723388671875,160.90289306640625,156.40823364257812],""confidence"":0.008787000551819801,""patch_id"":""""},{""bbox"":[152.74632263183594,165.40187072753906,159.62606811523438,172.25473022460938],""confidence"":0.007674003951251507,""patch_id"":""""},{""bbox"":[153.7564239501953,200.9080047607422,165.1987762451172,213.0765380859375],""confidence"":0.006882847752422094,""patch_id"":""""},{""bbox"":[151.76382446289062,164.05677795410156,159.73191833496094,171.84417724609375],""confidence"":0.001167513313703239,""patch_id"":""""}]",11,0.001
002_20200625_003410(8),1,316,332,"[[155.00000000000003,141.0,165.0,152.0],[156.0,165.99999999999997,166.99999999999997,174.99999999999997],[159.0,197.00000000000003,169.0,208.0]]","[{""bbox"":[154.8416290283203,141.45022583007812,165.14974975585938,152.4408416748047],""confidence"":0.6569589972496033,""patch_id"":""""},{""bbox"":[159.4825439453125,197.89675903320312,169.77085876464844,208.97332763671875],""confidence"":0.6093993186950684,""patch_id"":""""},{""bbox"":[156.53250122070312,165.2936248779297,166.81124877929688,176.08998107910156],""confidence"":0.5152590274810791,""patch_id"":""""},{""bbox"":[154.1890411376953,140.76724243164062,166.520751953125,153.99688720703125],""confidence"":0.2927267849445343,""patch_id"":""""},{""bbox"":[160.65884399414062,198.48472595214844,168.63772583007812,206.82408142089844],""confidence"":0.07242807000875473,""patch_id"":""""},{""bbox"":[155.20761108398438,142.01815795898438,163.79193115234375,150.5808563232422],""confidence"":0.01826251856982708,""patch_id"":""""},{""bbox"":[155.136962890625,143.3665313720703,165.92318725585938,154.517822265625],""confidence"":0.006592534948140383,""patch_id"":""""},{""bbox"":[161.08656311035156,197.84141540527344,171.49159240722656,208.23890686035156],""confidence"":0.0061573851853609085,""patch_id"":""""},{""bbox"":[158.01902770996094,198.7298126220703,169.78765869140625,211.19161987304688],""confidence"":0.005543478298932314,""patch_id"":""""},{""bbox"":[157.65579223632812,165.11260986328125,165.43153381347656,173.39849853515625],""confidence"":0.0024952711537480354,""patch_id"":""""},{""bbox"":[153.40170288085938,141.01651000976562,163.5254364013672,151.3173828125],""confidence"":0.0012459417339414358,""patch_id"":""""}]",11,0.001
002_20200625_003415(4),1,316,332,"[[148.0,143.0,157.0,152.0],[149.0,167.0,160.0,175.99999999999997],[151.0,199.0,163.0,208.99999999999997]]","[{""bbox"":[148.2207794189453,142.0937042236328,158.24876403808594,152.73681640625],""confidence"":0.6434535980224609,""patch_id"":""""},{""bbox"":[152.3831329345703,198.1264190673828,163.31658935546875,209.39125061035156],""confidence"":0.6353373527526855,""patch_id"":""""},{""bbox"":[149.44058227539062,165.38645935058594,160.41839599609375,176.9028778076172],""confidence"":0.596042811870575,""patch_id"":""""},{""bbox"":[153.1204071044922,199.05162048339844,162.3282928466797,208.2545623779297],""confidence"":0.24247564375400543,""patch_id"":""""},{""bbox"":[148.72592163085938,142.43797302246094,156.91441345214844,150.75064086914062],""confidence"":0.015575317665934563,""patch_id"":""""},{""bbox"":[149.7236785888672,141.75057983398438,158.7290496826172,151.13119506835938],""confidence"":0.003872737754136324,""patch_id"":""""},{""bbox"":[148.5160675048828,143.6524200439453,158.98455810546875,154.3964385986328],""confidence"":0.0023061528336256742,""patch_id"":""""},{""bbox"":[154.4243621826172,198.3080596923828,163.11947631835938,207.27786254882812],""confidence"":0.001950498903170228,""patch_id"":""""}]",8,0.001
002_20200629_123442(5),1,316,332,"[[151.0,140.99999999999997,159.0,151.0],[151.99999999999997,165.99999999999997,160.99999999999997,175.99999999999997],[154.0,197.00000000000003,165.0,207.0]]","[{""bbox"":[151.53182983398438,165.54901123046875,162.49169921875,177.20606994628906],""confidence"":0.6387448310852051,""patch_id"":""""},{""bbox"":[150.32083129882812,142.01075744628906,160.48255920410156,152.85791015625],""confidence"":0.6267797946929932,""patch_id"":""""},{""bbox"":[154.60443115234375,197.83319091796875,164.63206481933594,208.73687744140625],""confidence"":0.5547451376914978,""patch_id"":""""},{""bbox"":[155.15554809570312,198.24273681640625,163.69859313964844,207.18516540527344],""confidence"":0.133062943816185,""patch_id"":""""},{""bbox"":[152.39096069335938,165.8213653564453,161.48870849609375,175.62240600585938],""confidence"":0.1322689652442932,""patch_id"":""""},{""bbox"":[150.85971069335938,142.37237548828125,159.09815979003906,150.71556091308594],""confidence"":0.010165861807763577,""patch_id"":""""},{""bbox"":[149.699462890625,142.4106903076172,161.74545288085938,155.24392700195312],""confidence"":0.007096553221344948,""patch_id"":""""},{""bbox"":[153.29779052734375,198.68360900878906,164.8571319580078,210.9141387939453],""confidence"":0.00547558069229126,""patch_id"":""""},{""bbox"":[151.9126739501953,141.7930450439453,160.96115112304688,151.20603942871094],""confidence"":0.004005974158644676,""patch_id"":""""},{""bbox"":[151.57679748535156,168.0318145751953,162.0436553955078,178.77061462402344],""confidence"":0.002670895541086793,""patch_id"":""""}]",10,0.001
002_20200629_123447(0),1,316,332,"[[148.0,144.0,157.0,153.0],[151.0,168.00000000000003,158.0,177.0],[151.99999999999997,199.0,160.99999999999997,208.99999999999997]]","[{""bbox"":[149.37249755859375,165.7182159423828,160.40182495117188,177.38832092285156],""confidence"":0.6952806711196899,""patch_id"":""""},{""bbox"":[148.25343322753906,142.2923583984375,158.59185791015625,153.0063934326172],""confidence"":0.6286683678627014,""patch_id"":""""},{""bbox"":[152.2486114501953,198.4419403076172,162.5070343017578,209.44667053222656],""confidence"":0.6127062439918518,""patch_id"":""""},{""bbox"":[150.17324829101562,165.9773406982422,159.29684448242188,175.78988647460938],""confidence"":0.0725165456533432,""patch_id"":""""},{""bbox"":[148.28594970703125,142.65701293945312,156.8269500732422,151.36703491210938],""confidence"":0.028798241168260574,""patch_id"":""""},{""bbox"":[153.12937927246094,198.65328979492188,161.35357666015625,207.1029052734375],""confidence"":0.028136031702160835,""patch_id"":""""},{""bbox"":[148.66973876953125,167.5478973388672,159.64447021484375,178.94146728515625],""confidence"":0.0014887928264215589,""patch_id"":""""}]",7,0.001
002_20200629_123451(5),1,316,332,"[[151.0,143.99999999999997,160.0,154.0],[151.99999999999997,168.00000000000003,160.99999999999997,177.0],[155.0,200.00000000000003,164.0,210.0]]","[{""bbox"":[154.00619506835938,198.922607421875,164.91592407226562,210.7779998779297],""confidence"":0.6654850244522095,""patch_id"":""""},{""bbox"":[151.5655059814453,166.75030517578125,161.8780059814453,178.0470428466797],""confidence"":0.6567092537879944,""patch_id"":""""},{""bbox"":[150.21578979492188,143.07656860351562,160.2113494873047,153.40989685058594],""confidence"":0.6015772819519043,""patch_id"":""""},{""bbox"":[154.8350372314453,199.47454833984375,163.98635864257812,209.3634033203125],""confidence"":0.2537837028503418,""patch_id"":""""},{""bbox"":[152.06472778320312,166.89236450195312,160.65699768066406,176.10739135742188],""confidence"":0.06657961755990982,""patch_id"":""""},{""bbox"":[150.37335205078125,145.67388916015625,160.6565399169922,156.61798095703125],""confidence"":0.0055398703552782536,""patch_id"":""""},{""bbox"":[153.1768035888672,200.59327697753906,164.7311553955078,212.75527954101562],""confidence"":0.0033827766310423613,""patch_id"":""""}]",7,0.001
002_20200629_123456(0),1,316,332,"[[144.0,144.0,154.0,152.0],[147.0,166.99999999999997,154.0,175.0],[149.0,199.99999999999997,158.0,207.0]]","[{""bbox"":[143.70188903808594,141.48092651367188,154.2551727294922,152.84530639648438],""confidence"":0.7119823098182678,""patch_id"":""""},{""bbox"":[145.55274963378906,164.90643310546875,156.70315551757812,176.79791259765625],""confidence"":0.5581045150756836,""patch_id"":""""},{""bbox"":[148.5289764404297,198.3107147216797,158.3878631591797,208.8011474609375],""confidence"":0.5493799448013306,""patch_id"":""""},{""bbox"":[149.0672607421875,198.60708618164062,157.25062561035156,207.04595947265625],""confidence"":0.09477464854717255,""patch_id"":""""},{""bbox"":[144.52590942382812,142.09507751464844,153.03256225585938,150.78085327148438],""confidence"":0.048302825540304184,""patch_id"":""""},{""bbox"":[145.31605529785156,141.12802124023438,154.69154357910156,151.09432983398438],""confidence"":0.012446300126612186,""patch_id"":""""},{""bbox"":[147.27810668945312,198.7953643798828,158.64242553710938,210.89739990234375],""confidence"":0.011941947974264622,""patch_id"":""""},{""bbox"":[143.29434204101562,142.41912841796875,155.1248779296875,154.98361206054688],""confidence"":0.005499918479472399,""patch_id"":""""},{""bbox"":[150.10293579101562,198.12928771972656,158.90367126464844,207.2388916015625],""confidence"":0.0044419732876122,""patch_id"":""""}]",9,0.001
002_20200629_123500(5),1,316,332,"[[147.0,144.0,158.0,153.0],[150.0,167.0,159.0,175.99999999999997],[151.99999999999997,200.00000000000003,160.99999999999997,208.99999999999997]]","[{""bbox"":[148.08460998535156,142.25733947753906,158.59898376464844,153.27223205566406],""confidence"":0.6783496141433716,""patch_id"":""""},{""bbox"":[149.2525634765625,165.92242431640625,159.90660095214844,177.2483673095703],""confidence"":0.6500673294067383,""patch_id"":""""},{""bbox"":[152.08847045898438,198.76608276367188,162.37982177734375,209.77633666992188],""confidence"":0.6111739277839661,""patch_id"":""""},{""bbox"":[153.112548828125,199.7630157470703,161.65972900390625,208.44093322753906],""confidence"":0.19082757830619812,""patch_id"":""""},{""bbox"":[148.36029052734375,142.66461181640625,156.83448791503906,151.35177612304688],""confidence"":0.028442857787013054,""patch_id"":""""},{""bbox"":[150.45391845703125,199.20343017578125,161.85350036621094,211.35409545898438],""confidence"":0.008045990951359272,""patch_id"":""""},{""bbox"":[148.5879669189453,167.6570587158203,159.3590545654297,178.81765747070312],""confidence"":0.0020887276623398066,""patch_id"":""""},{""bbox"":[151.49136352539062,201.20205688476562,162.2661895751953,212.2463836669922],""confidence"":0.0018143660854548216,""patch_id"":""""},{""bbox"":[149.22848510742188,165.89527893066406,157.89830017089844,174.87965393066406],""confidence"":0.0017147182952612638,""patch_id"":""""},{""bbox"":[151.2354736328125,165.59922790527344,160.7404022216797,175.6703643798828],""confidence"":0.0011081341654062271,""patch_id"":""""}]",10,0.001
002_20200629_123505(0),1,316,332,"[[148.00000000000003,142.0,158.0,149.99999999999997],[151.0,166.99999999999997,158.0,175.0],[154.0,199.99999999999997,160.99999999999997,208.0]]","[{""bbox"":[148.3174591064453,141.72369384765625,158.6136016845703,152.66807556152344],""confidence"":0.656614363193512,""patch_id"":""""},{""bbox"":[149.9634246826172,165.728271484375,160.54635620117188,176.4776611328125],""confidence"":0.5828020572662354,""patch_id"":""""},{""bbox"":[153.06326293945312,198.2766876220703,163.3380889892578,209.2830047607422],""confidence"":0.582072377204895,""patch_id"":""""},{""bbox"":[154.0293731689453,198.4959716796875,162.5711669921875,207.3665771484375],""confidence"":0.04337964951992035,""patch_id"":""""},{""bbox"":[148.8202667236328,142.31158447265625,157.0876007080078,150.65597534179688],""confidence"":0.01989690028131008,""patch_id"":""""},{""bbox"":[148.54690551757812,143.272705078125,159.4091796875,154.4812469482422],""confidence"":0.007093364838510752,""patch_id"":""""},{""bbox"":[154.9048309326172,197.9447479248047,165.2820587158203,208.30287170410156],""confidence"":0.003609830280765891,""patch_id"":""""},{""bbox"":[139.8081512451172,172.46861267089844,150.60609436035156,184.32862854003906],""confidence"":0.0017130605410784483,""patch_id"":""""}]",8,0.001
002_20200714_083054(2),1,352,332,"[[192.99999999999997,137.0,202.0,147.0],[195.0,160.0,203.0,169.0],[198.0,193.0,206.0,201.99999999999997]]","[{""bbox"":[193.43003845214844,136.29872131347656,201.8061981201172,145.044677734375],""confidence"":0.640836238861084,""patch_id"":""""},{""bbox"":[198.6583251953125,192.21771240234375,207.75108337402344,201.72018432617188],""confidence"":0.5792902112007141,""patch_id"":""""},{""bbox"":[195.19094848632812,160.2720947265625,203.82989501953125,169.2667999267578],""confidence"":0.5097934603691101,""patch_id"":""""},{""bbox"":[199.06800842285156,192.4557647705078,206.38458251953125,200.16831970214844],""confidence"":0.050161898136138916,""patch_id"":""""},{""bbox"":[195.71778869628906,159.31040954589844,202.35968017578125,166.3419647216797],""confidence"":0.02550891973078251,""patch_id"":""""},{""bbox"":[0.0,331.50640869140625,6.555957317352295,332.0],""confidence"":0.018537070602178574,""patch_id"":""""},{""bbox"":[198.09007263183594,193.08511352539062,208.09756469726562,203.63133239746094],""confidence"":0.015711648389697075,""patch_id"":""""},{""bbox"":[193.6936492919922,159.9088134765625,202.70436096191406,168.88592529296875],""confidence"":0.012144915759563446,""patch_id"":""""},{""bbox"":[195.1239776611328,157.62191772460938,201.39947509765625,164.3624725341797],""confidence"":0.007891685701906681,""patch_id"":""""},{""bbox"":[191.74935913085938,135.73268127441406,200.6072998046875,144.46990966796875],""confidence"":0.007054276764392853,""patch_id"":""""},{""bbox"":[192.27259826660156,136.21170043945312,202.58946228027344,146.95089721679688],""confidence"":0.005850002635270357,""patch_id"":""""},{""bbox"":[0.15450496971607208,330.52496337890625,7.609819412231445,332.0],""confidence"":0.005422986112535,""patch_id"":""""},{""bbox"":[344.750244140625,0.0,351.08203125,0.0],""confidence"":0.0032689450308680534,""patch_id"":""""},{""bbox"":[193.0211944580078,135.41598510742188,200.3365020751953,142.87979125976562],""confidence"":0.002256612293422222,""patch_id"":""""},{""bbox"":[0.0,332.0,7.521303653717041,332.0],""confidence"":0.0015625606756657362,""patch_id"":""""},{""bbox"":[194.7378692626953,135.0529022216797,204.8240509033203,145.12940979003906],""confidence"":0.001220025704242289,""patch_id"":""""}]",16,0.001
002_20200714_083057(5),1,352,332,"[[190.0,125.0,199.00000000000003,137.0],[192.00000000000003,151.0,202.0,160.0],[202.00000000000003,184.0,209.0,193.99999999999997]]","[{""bbox"":[191.03134155273438,127.27407836914062,199.9213104248047,136.49534606933594],""confidence"":0.631783127784729,""patch_id"":""""},{""bbox"":[193.80868530273438,150.31063842773438,202.59153747558594,159.79129028320312],""confidence"":0.6278353333473206,""patch_id"":""""},{""bbox"":[198.73443603515625,182.62290954589844,207.6307830810547,191.8271942138672],""confidence"":0.5299984812736511,""patch_id"":""""},{""bbox"":[194.56666564941406,150.08018493652344,201.8282470703125,157.76869201660156],""confidence"":0.13988125324249268,""patch_id"":""""},{""bbox"":[199.52284240722656,181.7207489013672,209.2835235595703,191.94107055664062],""confidence"":0.0278081763535738,""patch_id"":""""},{""bbox"":[194.8511505126953,149.63246154785156,204.46798706054688,159.40032958984375],""confidence"":0.02703719586133957,""patch_id"":""""},{""bbox"":[0.0,331.50640869140625,6.555957317352295,332.0],""confidence"":0.018537070602178574,""patch_id"":""""},{""bbox"":[193.53622436523438,152.1885528564453,202.73968505859375,161.68084716796875],""confidence"":0.005687572993338108,""patch_id"":""""},{""bbox"":[0.15450549125671387,330.52496337890625,7.609819412231445,332.0],""confidence"":0.005422986112535,""patch_id"":""""},{""bbox"":[198.11572265625,183.16822814941406,205.43312072753906,190.52413940429688],""confidence"":0.004934804048389196,""patch_id"":""""},{""bbox"":[194.74899291992188,148.67111206054688,201.0292510986328,155.31407165527344],""confidence"":0.003328146878629923,""patch_id"":""""},{""bbox"":[192.3104248046875,125.8984603881836,202.677734375,136.260498046875],""confidence"":0.0032883859239518642,""patch_id"":""""},{""bbox"":[344.750244140625,0.0,351.0819396972656,0.0],""confidence"":0.0032688023056834936,""patch_id"":""""},{""bbox"":[189.66513061523438,127.5303955078125,198.07017517089844,135.90843200683594],""confidence"":0.001706236507743597,""patch_id"":""""},{""bbox"":[0.0,332.0,7.521303653717041,332.0],""confidence"":0.0015625591622665524,""patch_id"":""""},{""bbox"":[191.29769897460938,126.71186065673828,198.78704833984375,134.52151489257812],""confidence"":0.0015005541499704123,""patch_id"":""""},{""bbox"":[192.13644409179688,126.3912353515625,200.85934448242188,135.04537963867188],""confidence"":0.001101862988434732,""patch_id"":""""},{""bbox"":[191.0197296142578,130.72158813476562,199.4563446044922,139.46900939941406],""confidence"":0.0010739767458289862,""patch_id"":""""}]",18,0.001
002_20200714_083101(7),1,352,332,"[[192.99999999999997,123.0,202.0,136.0],[198.0,147.0,206.0,158.0],[202.0,179.0,211.00000000000003,190.0]]","[{""bbox"":[194.023681640625,124.15937805175781,203.08297729492188,133.6378173828125],""confidence"":0.6488336324691772,""patch_id"":""""},{""bbox"":[197.49559020996094,147.4426727294922,206.05113220214844,156.41416931152344],""confidence"":0.6245158314704895,""patch_id"":""""},{""bbox"":[203.36021423339844,180.15940856933594,212.1072540283203,189.18902587890625],""confidence"":0.5737742185592651,""patch_id"":""""},{""bbox"":[202.4468994140625,179.52108764648438,212.88648986816406,190.59547424316406],""confidence"":0.09178368747234344,""patch_id"":""""},{""bbox"":[0.0,331.50640869140625,6.555957317352295,332.0],""confidence"":0.01853707991540432,""patch_id"":""""},{""bbox"":[202.6860809326172,180.63015747070312,210.36090087890625,188.24082946777344],""confidence"":0.016102315858006477,""patch_id"":""""},{""bbox"":[193.67868041992188,125.25468444824219,203.46722412109375,135.56491088867188],""confidence"":0.01469392329454422,""patch_id"":""""},{""bbox"":[195.84820556640625,147.04202270507812,204.91468811035156,156.0985870361328],""confidence"":0.013972189277410507,""patch_id"":""""},{""bbox"":[0.15450496971607208,330.52496337890625,7.609819412231445,332.0],""confidence"":0.005422986112535,""patch_id"":""""},{""bbox"":[203.5349884033203,179.59060668945312,210.6259002685547,187.14451599121094],""confidence"":0.0043654171749949455,""patch_id"":""""},{""bbox"":[344.750244140625,0.0,351.0819396972656,0.0],""confidence"":0.0032686886843293905,""patch_id"":""""},{""bbox"":[198.2190399169922,146.3285369873047,204.9569091796875,153.44403076171875],""confidence"":0.0016497382894158363,""patch_id"":""""},{""bbox"":[0.0,332.0,7.521304130554199,332.0],""confidence"":0.0015625591622665524,""patch_id"":""""},{""bbox"":[197.15606689453125,150.33348083496094,205.8529510498047,159.30746459960938],""confidence"":0.0011427004355937243,""patch_id"":""""}]",14,0.001
002_20200714_083106(2),1,352,332,"[[190.0,144.0,199.00000000000003,153.0],[194.0,166.99999999999997,202.0,174.0],[202.0,199.0,211.00000000000003,207.00000000000003]]","[{""bbox"":[189.7089080810547,143.25808715820312,198.9692840576172,153.0828857421875],""confidence"":0.614532470703125,""patch_id"":""""},{""bbox"":[202.398193359375,198.85696411132812,210.71546936035156,207.5343017578125],""confidence"":0.5651028156280518,""patch_id"":""""},{""bbox"":[194.5005645751953,166.17410278320312,203.17210388183594,175.41171264648438],""confidence"":0.5531767010688782,""patch_id"":""""},{""bbox"":[201.33460998535156,198.6245880126953,211.3382110595703,208.9648895263672],""confidence"":0.16781514883041382,""patch_id"":""""},{""bbox"":[193.61041259765625,166.73570251464844,201.50242614746094,174.63450622558594],""confidence"":0.044085919857025146,""patch_id"":""""},{""bbox"":[0.0,331.50640869140625,6.555957317352295,332.0],""confidence"":0.01853707991540432,""patch_id"":""""},{""bbox"":[194.96771240234375,167.829833984375,203.68255615234375,177.0334014892578],""confidence"":0.01771903596818447,""patch_id"":""""},{""bbox"":[195.0259246826172,165.95018005371094,202.10516357421875,173.37893676757812],""confidence"":0.014391835778951645,""patch_id"":""""},{""bbox"":[190.58770751953125,141.8806610107422,200.400390625,152.27272033691406],""confidence"":0.01412929967045784,""patch_id"":""""},{""bbox"":[189.73995971679688,145.3302459716797,199.00889587402344,155.0891571044922],""confidence"":0.008897517807781696,""patch_id"":""""},{""bbox"":[0.15450496971607208,330.52496337890625,7.609820365905762,332.0],""confidence"":0.005422986112535,""patch_id"":""""},{""bbox"":[344.750244140625,0.0,351.0819396972656,0.0],""confidence"":0.00326888938434422,""patch_id"":""""},{""bbox"":[195.9232635498047,165.38641357421875,204.51712036132812,174.04737854003906],""confidence"":0.002685751998797059,""patch_id"":""""},{""bbox"":[189.4094696044922,143.6381378173828,196.99241638183594,151.1489715576172],""confidence"":0.0024525646585971117,""patch_id"":""""},{""bbox"":[201.22967529296875,200.4429168701172,210.55624389648438,210.29429626464844],""confidence"":0.002429816871881485,""patch_id"":""""},{""bbox"":[0.0,332.0,7.521304130554199,332.0],""confidence"":0.0015625598607584834,""patch_id"":""""},{""bbox"":[203.25010681152344,197.72039794921875,213.4198760986328,207.6012725830078],""confidence"":0.0014702687039971352,""patch_id"":""""}]",17,0.001
002_20200714_083110(8),1,352,332,"[[190.0,155.0,198.0,163.0],[197.0,176.0,203.99999999999997,184.99999999999997],[206.00000000000003,209.00000000000003,213.0,217.99999999999997]]","[{""bbox"":[196.0382080078125,177.68582153320312,205.02284240722656,187.00326538085938],""confidence"":0.6042609810829163,""patch_id"":""""},{""bbox"":[189.9320526123047,155.17825317382812,199.15267944335938,164.9655303955078],""confidence"":0.592090904712677,""patch_id"":""""},{""bbox"":[205.17031860351562,209.38858032226562,213.66990661621094,218.34744262695312],""confidence"":0.4940955936908722,""patch_id"":""""},{""bbox"":[196.20437622070312,177.03768920898438,203.7404327392578,184.87806701660156],""confidence"":0.05147983133792877,""patch_id"":""""},{""bbox"":[0.0,331.50640869140625,6.555957317352295,332.0],""confidence"":0.01853707991540432,""patch_id"":""""},{""bbox"":[194.8957061767578,178.60179138183594,204.64529418945312,188.88894653320312],""confidence"":0.017124567180871964,""patch_id"":""""},{""bbox"":[205.70022583007812,208.64796447753906,215.70741271972656,218.41053771972656],""confidence"":0.0140542546287179,""patch_id"":""""},{""bbox"":[197.23272705078125,176.72882080078125,206.43553161621094,186.15609741210938],""confidence"":0.01269301027059555,""patch_id"":""""},{""bbox"":[189.5662078857422,155.90333557128906,197.65219116210938,163.77020263671875],""confidence"":0.011710026301443577,""patch_id"":""""},{""bbox"":[204.7200469970703,209.8004913330078,211.99740600585938,217.25701904296875],""confidence"":0.007451182696968317,""patch_id"":""""},{""bbox"":[191.43116760253906,154.40579223632812,200.4226837158203,163.49575805664062],""confidence"":0.006282074376940727,""patch_id"":""""},{""bbox"":[0.15450496971607208,330.52496337890625,7.6098198890686035,332.0],""confidence"":0.005422986112535,""patch_id"":""""},{""bbox"":[190.67393493652344,155.1704559326172,198.1373291015625,162.8706817626953],""confidence"":0.004696570802479982,""patch_id"":""""},{""bbox"":[344.750244140625,0.0,351.08203125,0.0],""confidence"":0.0032689529471099377,""patch_id"":""""},{""bbox"":[204.20394897460938,211.9906463623047,213.0099639892578,221.2176513671875],""confidence"":0.0022159817162901163,""patch_id"":""""},{""bbox"":[196.74822998046875,175.2802276611328,203.0089874267578,181.96868896484375],""confidence"":0.002073756419122219,""patch_id"":""""},{""bbox"":[0.0,332.0,7.521304130554199,332.0],""confidence"":0.0015625606756657362,""patch_id"":""""}]",17,0.001
002_20200714_083115(1),1,352,332,"[[195.00000000000003,164.0,202.0,176.0],[196.00000000000003,188.00000000000003,204.0,198.0],[200.00000000000003,222.00000000000003,208.0,231.0]]","[{""bbox"":[194.0997772216797,165.25904846191406,203.20668029785156,174.90699768066406],""confidence"":0.6335862874984741,""patch_id"":""""},{""bbox"":[196.90289306640625,189.47120666503906,205.4999237060547,198.5093536376953],""confidence"":0.5861411690711975,""patch_id"":""""},{""bbox"":[200.16696166992188,222.7459716796875,208.86691284179688,231.78787231445312],""confidence"":0.4582371711730957,""patch_id"":""""},{""bbox"":[200.05270385742188,222.92564392089844,207.32919311523438,230.2971954345703],""confidence"":0.020756788551807404,""patch_id"":""""},{""bbox"":[0.0,331.50640869140625,6.555957317352295,332.0],""confidence"":0.01853707991540432,""patch_id"":""""},{""bbox"":[197.67852783203125,188.51473999023438,206.7329864501953,198.146484375],""confidence"":0.01038411445915699,""patch_id"":""""},{""bbox"":[201.19227600097656,222.1049346923828,211.31451416015625,231.9823760986328],""confidence"":0.00821664184331894,""patch_id"":""""},{""bbox"":[193.8240509033203,167.42941284179688,203.08810424804688,177.09886169433594],""confidence"":0.005627430509775877,""patch_id"":""""},{""bbox"":[0.15450496971607208,330.52496337890625,7.609819412231445,332.0],""confidence"":0.005422986112535,""patch_id"":""""},{""bbox"":[194.9092254638672,164.06948852539062,204.90765380859375,174.44090270996094],""confidence"":0.004967409186065197,""patch_id"":""""},{""bbox"":[193.89306640625,165.7320098876953,201.48577880859375,173.25738525390625],""confidence"":0.0033544686157256365,""patch_id"":""""},{""bbox"":[344.750244140625,0.0,351.08203125,0.0],""confidence"":0.0032691035885363817,""patch_id"":""""},{""bbox"":[199.3822021484375,224.7246856689453,208.65200805664062,234.52969360351562],""confidence"":0.0028171231970191,""patch_id"":""""},{""bbox"":[195.2624969482422,189.9222869873047,204.8258514404297,199.91302490234375],""confidence"":0.002700071781873703,""patch_id"":""""},{""bbox"":[195.89520263671875,189.29248046875,203.5166473388672,196.83860778808594],""confidence"":0.0023623057641088963,""patch_id"":""""},{""bbox"":[196.8706512451172,192.14271545410156,205.4106903076172,201.10626220703125],""confidence"":0.0022830225061625242,""patch_id"":""""},{""bbox"":[0.0,332.0,7.521304130554199,332.0],""confidence"":0.0015625598607584834,""patch_id"":""""}]",17,0.001
002_20200715_002443(4),1,352,332,"[[188.99999999999997,137.0,198.0,145.0],[191.0,160.0,200.00000000000003,169.0],[195.0,194.00000000000003,204.0,202.99999999999997]]","[{""bbox"":[189.6297607421875,137.2473602294922,198.10414123535156,146.0435333251953],""confidence"":0.5981388688087463,""patch_id"":""""},{""bbox"":[195.9058074951172,193.4457550048828,204.93133544921875,202.82321166992188],""confidence"":0.5531291365623474,""patch_id"":""""},{""bbox"":[191.7085418701172,160.9912109375,200.24246215820312,170.22532653808594],""confidence"":0.4237423241138458,""patch_id"":""""},{""bbox"":[192.195556640625,160.84884643554688,199.367919921875,168.370361328125],""confidence"":0.16669893264770508,""patch_id"":""""},{""bbox"":[190.12387084960938,136.3909454345703,200.3897705078125,146.5301513671875],""confidence"":0.033222656697034836,""patch_id"":""""},{""bbox"":[192.26390075683594,159.57083129882812,198.59754943847656,166.25059509277344],""confidence"":0.0200248621404171,""patch_id"":""""},{""bbox"":[0.0,331.50640869140625,6.555957317352295,332.0],""confidence"":0.018537070602178574,""patch_id"":""""},{""bbox"":[192.5944061279297,160.3849639892578,202.48748779296875,170.2776336669922],""confidence"":0.006258480716496706,""patch_id"":""""},{""bbox"":[0.15450496971607208,330.52496337890625,7.6098198890686035,332.0],""confidence"":0.005422986112535,""patch_id"":""""},{""bbox"":[189.2791290283203,137.25514221191406,196.70223999023438,144.62881469726562],""confidence"":0.005140015855431557,""patch_id"":""""},{""bbox"":[189.21336364746094,138.83445739746094,198.5449676513672,148.59507751464844],""confidence"":0.004148685839027166,""patch_id"":""""},{""bbox"":[344.750244140625,0.0,351.08203125,0.0],""confidence"":0.003268966916948557,""patch_id"":""""},{""bbox"":[196.31544494628906,192.7472686767578,207.23524475097656,203.30274963378906],""confidence"":0.0029540800023823977,""patch_id"":""""},{""bbox"":[0.0,332.0,7.521304130554199,332.0],""confidence"":0.0015625591622665524,""patch_id"":""""},{""bbox"":[196.47824096679688,192.76637268066406,203.5314178466797,200.238037109375],""confidence"":0.0015396710950881243,""patch_id"":""""},{""bbox"":[191.35682678222656,163.65884399414062,199.81825256347656,172.57029724121094],""confidence"":0.0014752509305253625,""patch_id"":""""},{""bbox"":[195.08348083496094,196.30252075195312,204.1051483154297,205.68470764160156],""confidence"":0.0011128447949886322,""patch_id"":""""}]",17,0.001
002_20200715_002447(9),1,352,332,"[[197.0,131.0,205.0,141.0],[200.00000000000003,155.0,208.0,164.0],[205.0,186.0,214.99999999999997,196.99999999999997]]","[{""bbox"":[196.48202514648438,131.28135681152344,205.60952758789062,140.80450439453125],""confidence"":0.6549569964408875,""patch_id"":""""},{""bbox"":[200.15814208984375,154.3375701904297,208.80224609375,163.68824768066406],""confidence"":0.6182371973991394,""patch_id"":""""},{""bbox"":[205.41172790527344,185.6737823486328,215.37930297851562,195.95553588867188],""confidence"":0.5807282328605652,""patch_id"":""""},{""bbox"":[206.34902954101562,186.78025817871094,214.5648651123047,195.1299591064453],""confidence"":0.3283674418926239,""patch_id"":""""},{""bbox"":[195.9879150390625,131.73963928222656,204.02877807617188,139.7620086669922],""confidence"":0.035331107676029205,""patch_id"":""""},{""bbox"":[200.14793395996094,154.20249938964844,207.52613830566406,161.52330017089844],""confidence"":0.03107621893286705,""patch_id"":""""},{""bbox"":[0.0,331.50640869140625,6.555957317352295,332.0],""confidence"":0.018537070602178574,""patch_id"":""""},{""bbox"":[200.93841552734375,153.00570678710938,207.43182373046875,159.90118408203125],""confidence"":0.015194692648947239,""patch_id"":""""},{""bbox"":[0.15450496971607208,330.52496337890625,7.6098198890686035,332.0],""confidence"":0.005422986112535,""patch_id"":""""},{""bbox"":[204.8525848388672,186.75857543945312,212.9317169189453,194.59906005859375],""confidence"":0.004795460496097803,""patch_id"":""""},{""bbox"":[199.50364685058594,156.30850219726562,209.03565979003906,166.0955352783203],""confidence"":0.0038549627643078566,""patch_id"":""""},{""bbox"":[344.750244140625,0.0,351.0819396972656,0.0],""confidence"":0.003268755506724119,""patch_id"":""""},{""bbox"":[206.21676635742188,186.02642822265625,213.4792022705078,193.63592529296875],""confidence"":0.002978828502818942,""patch_id"":""""},{""bbox"":[195.08090209960938,132.06187438964844,205.3815155029297,142.7935791015625],""confidence"":0.002066768938675523,""patch_id"":""""},{""bbox"":[201.3638916015625,153.80831909179688,210.9370880126953,163.1873321533203],""confidence"":0.002032637596130371,""patch_id"":""""},{""bbox"":[0.0,332.0,7.521304130554199,332.0],""confidence"":0.0015625591622665524,""patch_id"":""""},{""bbox"":[206.92440795898438,185.38473510742188,215.88514709472656,194.40870666503906],""confidence"":0.0011445698328316212,""patch_id"":""""}]",17,0.001
002_20200715_002456(9),1,352,332,"[[186.0,131.0,197.0,141.0],[189.00000000000003,155.0,200.00000000000003,166.0],[195.0,188.00000000000003,203.0,196.99999999999997]]","[{""bbox"":[187.1551513671875,132.3130645751953,195.97280883789062,141.5461883544922],""confidence"":0.6277729868888855,""patch_id"":""""},{""bbox"":[189.9368133544922,156.05702209472656,198.88169860839844,165.3943634033203],""confidence"":0.5626392960548401,""patch_id"":""""},{""bbox"":[195.39585876464844,188.49302673339844,203.45249938964844,196.7529754638672],""confidence"":0.4832925796508789,""patch_id"":""""},{""bbox"":[194.98387145996094,187.85179138183594,204.77700805664062,197.561279296875],""confidence"":0.16525395214557648,""patch_id"":""""},{""bbox"":[189.00057983398438,155.91021728515625,196.7296905517578,163.56617736816406],""confidence"":0.07167814671993256,""patch_id"":""""},{""bbox"":[191.14662170410156,155.441162109375,200.05662536621094,164.95115661621094],""confidence"":0.030491618439555168,""patch_id"":""""},{""bbox"":[187.76683044433594,131.4763946533203,198.2843017578125,141.7086639404297],""confidence"":0.029045522212982178,""patch_id"":""""},{""bbox"":[0.0,331.5067443847656,6.555941104888916,332.0],""confidence"":0.018538258969783783,""patch_id"":""""},{""bbox"":[190.1566619873047,154.86216735839844,196.837158203125,161.97308349609375],""confidence"":0.01632162183523178,""patch_id"":""""},{""bbox"":[195.18142700195312,188.1066436767578,202.2124786376953,195.51083374023438],""confidence"":0.014781170524656773,""patch_id"":""""},{""bbox"":[193.7799835205078,188.63685607910156,202.17282104492188,196.8498992919922],""confidence"":0.006358473561704159,""patch_id"":""""},{""bbox"":[194.77029418945312,189.45774841308594,203.9600372314453,199.1392822265625],""confidence"":0.006121585611253977,""patch_id"":""""},{""bbox"":[0.15451283752918243,330.5250244140625,7.609776973724365,332.0],""confidence"":0.005423165857791901,""patch_id"":""""},{""bbox"":[186.42372131347656,134.5086669921875,195.7832489013672,144.17584228515625],""confidence"":0.003516408847644925,""patch_id"":""""},{""bbox"":[190.203857421875,153.4336700439453,196.4337921142578,160.33619689941406],""confidence"":0.0034921285696327686,""patch_id"":""""},{""bbox"":[344.750244140625,0.0,351.0819396972656,0.0],""confidence"":0.003268861211836338,""patch_id"":""""},{""bbox"":[188.32962036132812,156.40907287597656,198.5635986328125,166.97764587402344],""confidence"":0.0017824626993387938,""patch_id"":""""},{""bbox"":[0.0,332.0,7.521268844604492,332.0],""confidence"":0.0015629059635102749,""patch_id"":""""}]",18,0.001
002_20200901_043133(6),1,316,332,"[[240.00000000000003,157.0,251.0,167.0]]","[{""bbox"":[240.30233764648438,156.70391845703125,250.0023651123047,167.1502227783203],""confidence"":0.6453698873519897,""patch_id"":""""},{""bbox"":[240.9784393310547,157.10801696777344,249.0434112548828,165.56246948242188],""confidence"":0.08497786521911621,""patch_id"":""""},{""bbox"":[238.35975646972656,155.6668243408203,249.31451416015625,167.68524169921875],""confidence"":0.0017213638639077544,""patch_id"":""""}]",3,0.001
002_20200901_043136(6),1,316,332,"[[239.0,143.0,250.0,153.0]]","[{""bbox"":[240.2703094482422,142.8392333984375,250.33641052246094,153.20864868164062],""confidence"":0.578812301158905,""patch_id"":""""},{""bbox"":[238.1626434326172,141.29510498046875,249.9659881591797,154.2221221923828],""confidence"":0.0025839919690042734,""patch_id"":""""},{""bbox"":[240.79136657714844,142.77825927734375,248.665771484375,150.95924377441406],""confidence"":0.0024034222587943077,""patch_id"":""""},{""bbox"":[276.5741271972656,208.14248657226562,283.13262939453125,214.70602416992188],""confidence"":0.001125654554925859,""patch_id"":""""},{""bbox"":[275.98626708984375,209.28335571289062,283.0728759765625,216.42674255371094],""confidence"":0.0010598045773804188,""patch_id"":""""}]",5,0.001
002_20200901_043139(6),1,316,332,"[[243.0,153.0,252.99999999999997,164.0]]","[{""bbox"":[241.9568634033203,153.54246520996094,251.9635009765625,163.79278564453125],""confidence"":0.6627184748649597,""patch_id"":""""},{""bbox"":[240.076904296875,152.87457275390625,251.66917419433594,165.46343994140625],""confidence"":0.001180405612103641,""patch_id"":""""}]",2,0.001
002_20200901_043142(6),1,316,332,"[[238.0,157.0,248.0,167.0]]","[{""bbox"":[239.32850646972656,157.1156463623047,248.48837280273438,166.6933135986328],""confidence"":0.5631405711174011,""patch_id"":""""}]",1,0.001
002_20200901_043145(5),1,316,332,"[[237.0,155.0,246.99999999999997,164.0]]","[{""bbox"":[239.35130310058594,155.1890869140625,248.5602569580078,164.8105926513672],""confidence"":0.5603689551353455,""patch_id"":""""},{""bbox"":[237.56591796875,155.32858276367188,248.6779327392578,167.10171508789062],""confidence"":0.0010732955997809768,""patch_id"":""""}]",2,0.001
002_20200901_043148(6),1,316,332,"[[239.0,154.0,248.0,165.0]]","[{""bbox"":[238.23495483398438,154.33522033691406,248.0478973388672,165.1904754638672],""confidence"":0.6902147531509399,""patch_id"":""""},{""bbox"":[238.8989715576172,153.8749237060547,247.5794219970703,163.19615173339844],""confidence"":0.042062241584062576,""patch_id"":""""},{""bbox"":[236.21771240234375,153.3574676513672,247.05503845214844,164.85830688476562],""confidence"":0.002837274456396699,""patch_id"":""""},{""bbox"":[237.09500122070312,155.5553436279297,247.67320251464844,166.7805938720703],""confidence"":0.002108551561832428,""patch_id"":""""}]",4,0.001
002_20200905_043156(0),1,316,332,"[[250.0,167.0,259.0,177.0]]","[{""bbox"":[250.26138305664062,167.18365478515625,260.0852355957031,177.16427612304688],""confidence"":0.5794275999069214,""patch_id"":""""},{""bbox"":[248.67724609375,165.91014099121094,260.0439453125,178.42221069335938],""confidence"":0.003101272275671363,""patch_id"":""""},{""bbox"":[250.9320526123047,168.63571166992188,260.6680603027344,178.5298309326172],""confidence"":0.0018134622368961573,""patch_id"":""""}]",3,0.001
002_20200905_043200(0),1,316,332,"[[252.0,171.00000000000003,261.0,181.0]]","[{""bbox"":[252.29684448242188,171.04281616210938,262.7045593261719,182.10829162597656],""confidence"":0.5963413119316101,""patch_id"":""""},{""bbox"":[252.92245483398438,171.3340301513672,261.7012939453125,180.4029083251953],""confidence"":0.010552878491580486,""patch_id"":""""}]",2,0.001
002_20200905_043204(0),1,316,332,"[[246.0,170.0,257.0,178.99999999999997]]","[{""bbox"":[247.31402587890625,169.59744262695312,257.2364501953125,179.69602966308594],""confidence"":0.6240367293357849,""patch_id"":""""},{""bbox"":[245.7284393310547,169.3191375732422,258.1156311035156,182.22671508789062],""confidence"":0.004464235156774521,""patch_id"":""""},{""bbox"":[248.54983520507812,169.76329040527344,256.7190856933594,178.22970581054688],""confidence"":0.0022158657666295767,""patch_id"":""""}]",3,0.001
002_20200905_043208(0),1,316,332,"[[240.00000000000003,171.0,250.0,179.0]]","[{""bbox"":[241.30921936035156,168.90933227539062,251.3614501953125,179.52847290039062],""confidence"":0.6125523447990417,""patch_id"":""""},{""bbox"":[242.21572875976562,169.20156860351562,250.63430786132812,177.8504180908203],""confidence"":0.003510477486997843,""patch_id"":""""}]",2,0.001
002_20200905_043212(1),1,316,332,"[[242.00000000000003,168.00000000000003,250.0,178.0]]","[{""bbox"":[241.22296142578125,167.77357482910156,252.5076141357422,179.83087158203125],""confidence"":0.6561478972434998,""patch_id"":""""},{""bbox"":[242.19044494628906,168.29010009765625,251.3672637939453,178.4150390625],""confidence"":0.19617512822151184,""patch_id"":""""}]",2,0.001
002_20200905_043216(0),1,316,332,"[[250.0,171.00000000000003,260.0,181.0]]","[{""bbox"":[250.66229248046875,170.51478576660156,260.7032165527344,180.97476196289062],""confidence"":0.6774469614028931,""patch_id"":""""}]",1,0.001
002_20200905_204033(3),1,316,332,"[[253.00000000000003,169.0,264.0,177.99999999999997]]","[{""bbox"":[252.444580078125,167.1566162109375,262.3835144042969,177.26296997070312],""confidence"":0.5747957229614258,""patch_id"":""""},{""bbox"":[250.69566345214844,165.79856872558594,261.9783630371094,177.66580200195312],""confidence"":0.0044034128077328205,""patch_id"":""""},{""bbox"":[251.24734497070312,167.2879180908203,263.1793518066406,179.79769897460938],""confidence"":0.0029800578486174345,""patch_id"":""""}]",3,0.001
002_20200905_204039(5),1,316,332,"[[244.0,202.0,253.99999999999997,211.99999999999997]]","[{""bbox"":[243.95481872558594,200.8680877685547,254.50244140625,212.0081024169922],""confidence"":0.6477810740470886,""patch_id"":""""},{""bbox"":[242.41102600097656,200.1538543701172,253.18959045410156,211.209716796875],""confidence"":0.0069760424084961414,""patch_id"":""""}]",2,0.001
002_20200905_204042(9),1,316,332,"[[248.00000000000003,163.00000000000003,256.0,171.00000000000003]]","[{""bbox"":[247.9576873779297,160.56784057617188,258.4098205566406,171.52867126464844],""confidence"":0.600817084312439,""patch_id"":""""},{""bbox"":[248.8457794189453,160.9360809326172,257.51007080078125,170.04251098632812],""confidence"":0.014724676497280598,""patch_id"":""""}]",2,0.001
002_20200905_204046(0),1,316,332,"[[244.0,166.99999999999997,253.99999999999997,175.0]]","[{""bbox"":[245.0987091064453,165.06536865234375,255.155029296875,175.90757751464844],""confidence"":0.5931944251060486,""patch_id"":""""},{""bbox"":[245.93914794921875,165.2223358154297,254.46856689453125,174.13128662109375],""confidence"":0.01384603139013052,""patch_id"":""""}]",2,0.001
002_20200905_204049(1),1,316,332,"[[249.00000000000003,158.0,256.0,168.0]]","[{""bbox"":[247.9186553955078,157.8044891357422,258.8660583496094,169.77195739746094],""confidence"":0.7092269062995911,""patch_id"":""""},{""bbox"":[248.80563354492188,158.29916381835938,257.9259338378906,168.12130737304688],""confidence"":0.14619888365268707,""patch_id"":""""},{""bbox"":[260.22454833984375,158.36354064941406,266.9985656738281,165.23548889160156],""confidence"":0.0037824593018740416,""patch_id"":""""},{""bbox"":[258.8200988769531,157.43104553222656,267.2680969238281,165.49966430664062],""confidence"":0.003780975239351392,""patch_id"":""""},{""bbox"":[259.3546142578125,157.43226623535156,266.3325500488281,164.2071075439453],""confidence"":0.001795496791601181,""patch_id"":""""}]",5,0.001
002_20200905_204052(3),1,316,332,"[[241.00000000000003,169.0,250.0,177.99999999999997]]","[{""bbox"":[239.7969207763672,166.98374938964844,250.18540954589844,177.46018981933594],""confidence"":0.6375188231468201,""patch_id"":""""},{""bbox"":[238.72276306152344,167.27769470214844,250.74009704589844,179.74136352539062],""confidence"":0.0048209792003035545,""patch_id"":""""}]",2,0.001
002_20200906_003114(8),1,316,332,"[[244.0,143.0,256.0,154.0]]","[{""bbox"":[245.72454833984375,144.34124755859375,254.42237854003906,153.51318359375],""confidence"":0.5543403625488281,""patch_id"":""""},{""bbox"":[245.35475158691406,146.15267944335938,254.3436737060547,155.75779724121094],""confidence"":0.005410616286098957,""patch_id"":""""},{""bbox"":[247.30615234375,143.91224670410156,255.64088439941406,152.516845703125],""confidence"":0.004080317448824644,""patch_id"":""""}]",3,0.001
002_20200906_003118(7),1,316,332,"[[246.0,136.0,256.0,145.0]]","[{""bbox"":[246.66278076171875,135.9923553466797,255.7590789794922,145.55015563964844],""confidence"":0.5711895227432251,""patch_id"":""""},{""bbox"":[247.24241638183594,136.60618591308594,254.93978881835938,144.2786407470703],""confidence"":0.007780318148434162,""patch_id"":""""},{""bbox"":[246.36013793945312,137.81332397460938,255.30911254882812,147.2006072998047],""confidence"":0.0015116739086806774,""patch_id"":""""}]",3,0.001
002_20200906_003122(7),1,316,332,"[[248.00000000000003,153.0,258.0,163.0]]","[{""bbox"":[250.02389526367188,153.4484405517578,258.84515380859375,162.59397888183594],""confidence"":0.6044328808784485,""patch_id"":""""},{""bbox"":[248.4733123779297,154.00201416015625,258.76556396484375,164.85745239257812],""confidence"":0.0019100949866697192,""patch_id"":""""}]",2,0.001
002_20200906_003126(8),1,316,332,"[[243.0,143.99999999999997,250.99999999999997,154.0]]","[{""bbox"":[243.6852569580078,144.93577575683594,252.40956115722656,154.17910766601562],""confidence"":0.5806043148040771,""patch_id"":""""},{""bbox"":[244.6259002685547,144.36648559570312,253.33265686035156,153.10589599609375],""confidence"":0.01000230759382248,""patch_id"":""""},{""bbox"":[242.45603942871094,145.83290100097656,252.644775390625,156.60671997070312],""confidence"":0.005267338827252388,""patch_id"":""""},{""bbox"":[142.25088500976562,169.3697509765625,148.29591369628906,175.2860565185547],""confidence"":0.001074699917808175,""patch_id"":""""}]",4,0.001
002_20200906_003132(7),1,316,332,"[[245.0,153.0,255.0,161.0]]","[{""bbox"":[247.9845733642578,152.4478759765625,256.8233947753906,161.412841796875],""confidence"":0.5230594873428345,""patch_id"":""""},{""bbox"":[249.37611389160156,152.0817413330078,257.65216064453125,160.49864196777344],""confidence"":0.005768176633864641,""patch_id"":""""}]",2,0.001
