stem,fold_id,width,height,gt_boxes_json,prediction_boxes_json,prediction_count_at_floor,confidence_floor
001_20200623_123214(3),3,576,444,"[[351.0,202.0,364.0,211.0],[358.0,232.0,368.00000000000006,242.0],[366.00000000000006,267.0,378.0,282.0]]","[{""bbox"":[350.2320861816406,201.316650390625,363.0068359375,213.04324340820312],""confidence"":0.6157045364379883},{""bbox"":[364.65130615234375,267.08526611328125,377.5908203125,278.73748779296875],""confidence"":0.5945931673049927},{""bbox"":[355.827392578125,230.70480346679688,368.6590881347656,243.41082763671875],""confidence"":0.5728327035903931},{""bbox"":[353.7616271972656,232.07925415039062,369.763427734375,248.27371215820312],""confidence"":0.017042776569724083},{""bbox"":[350.15887451171875,196.71722412109375,364.2393798828125,214.188232421875],""confidence"":0.009524167515337467},{""bbox"":[0.0,444.0,7.1301703453063965,444.0],""confidence"":0.007329009938985109},{""bbox"":[361.4339294433594,267.232421875,378.4853515625,284.2813415527344],""confidence"":0.004487741272896528},{""bbox"":[364.9534606933594,261.10040283203125,380.861328125,278.8229064941406],""confidence"":0.0034564591478556395},{""bbox"":[349.31463623046875,224.0648651123047,372.39129638671875,245.3155059814453],""confidence"":0.0025650435127317905},{""bbox"":[2.2219746112823486,444.0,11.888468742370605,444.0],""confidence"":0.0017125362064689398},{""bbox"":[346.77001953125,197.71319580078125,369.73223876953125,221.27574157714844],""confidence"":0.001548674190416932},{""bbox"":[0.0,440.51605224609375,7.671565532684326,444.0],""confidence"":0.0011716382578015327},{""bbox"":[356.3287048339844,224.56329345703125,373.5029296875,240.96554565429688],""confidence"":0.0010705169988796115}]",13,0.001
001_20200623_123223(3),3,576,444,"[[362.99999999999994,194.0,373.0,203.0],[364.00000000000006,225.00000000000003,376.0,237.0],[365.0,260.0,373.0,273.99999999999994]]","[{""bbox"":[362.80010986328125,192.15480041503906,374.77557373046875,204.54820251464844],""confidence"":0.6420573592185974},{""bbox"":[363.93890380859375,259.755126953125,377.3282775878906,272.1303405761719],""confidence"":0.5857158899307251},{""bbox"":[362.72161865234375,224.2595672607422,375.1981506347656,237.00271606445312],""confidence"":0.5731407999992371},{""bbox"":[506.13128662109375,273.18310546875,516.5260009765625,282.47711181640625],""confidence"":0.0860273465514183},{""bbox"":[501.79644775390625,205.97677612304688,511.79510498046875,215.76637268066406],""confidence"":0.06395988911390305},{""bbox"":[364.06109619140625,224.14163208007812,378.48822021484375,237.33522033691406],""confidence"":0.029940852895379066},{""bbox"":[364.115234375,192.3928985595703,378.4183044433594,204.89808654785156],""confidence"":0.024618417024612427},{""bbox"":[505.052490234375,273.0831298828125,515.2115478515625,284.4110412597656],""confidence"":0.020371226593852043},{""bbox"":[361.7218322753906,225.73536682128906,376.5069885253906,241.0266876220703],""confidence"":0.01709769479930401},{""bbox"":[421.5363464355469,230.11517333984375,431.3640441894531,238.8008575439453],""confidence"":0.010567362420260906},{""bbox"":[516.083251953125,307.46533203125,523.8306884765625,314.4935607910156],""confidence"":0.008175740018486977},{""bbox"":[502.30206298828125,237.70281982421875,512.2687377929688,246.68453979492188],""confidence"":0.007563184481114149},{""bbox"":[0.0,444.0,7.128091812133789,444.0],""confidence"":0.00746777281165123},{""bbox"":[363.8833923339844,261.3963928222656,378.9866027832031,276.85113525390625],""confidence"":0.005477764643728733},{""bbox"":[501.4347839355469,206.7216796875,511.8768615722656,219.29124450683594],""confidence"":0.005188786890357733},{""bbox"":[501.99969482421875,203.69651794433594,511.2178955078125,214.68202209472656],""confidence"":0.00508413091301918},{""bbox"":[504.37188720703125,207.11196899414062,515.5816650390625,215.90882873535156],""confidence"":0.004830762278288603},{""bbox"":[419.3356628417969,229.81239318847656,429.84588623046875,238.6767578125],""confidence"":0.004449452273547649},{""bbox"":[498.99072265625,205.59017944335938,509.90771484375,215.13717651367188],""confidence"":0.0040275054052472115},{""bbox"":[501.637939453125,238.06260681152344,512.0867919921875,249.21322631835938],""confidence"":0.004003033973276615},{""bbox"":[515.8130493164062,304.07177734375,524.3839111328125,312.115966796875],""confidence"":0.0025286278687417507},{""bbox"":[421.59503173828125,230.51095581054688,431.7576599121094,241.5526580810547],""confidence"":0.0024369843304157257},{""bbox"":[506.33612060546875,268.4779357910156,517.679931640625,280.5614318847656],""confidence"":0.0023123016580939293},{""bbox"":[504.9131774902344,237.8304901123047,515.8085327148438,246.15719604492188],""confidence"":0.0020368467085063457},{""bbox"":[504.8132019042969,268.683837890625,515.0573120117188,281.53277587890625],""confidence"":0.001969776814803481},{""bbox"":[362.0643615722656,254.06597900390625,375.92340087890625,271.35076904296875],""confidence"":0.0018012810032814741},{""bbox"":[2.2077317237854004,444.0,11.883376121520996,444.0],""confidence"":0.0017171017825603485},{""bbox"":[364.83953857421875,189.09765625,379.1190185546875,203.85922241210938],""confidence"":0.0017168197082355618},{""bbox"":[418.72674560546875,229.78091430664062,429.43194580078125,241.44564819335938],""confidence"":0.0015567407244816422},{""bbox"":[0.0,440.5182800292969,7.6735687255859375,444.0],""confidence"":0.001175467623397708},{""bbox"":[504.4757080078125,207.64312744140625,515.8353271484375,219.48023986816406],""confidence"":0.001080792280845344}]",31,0.001
001_20200623_123232(3),3,576,444,"[[360.0,144.0,370.0,153.00000000000003],[362.99999999999994,175.0,373.0,184.0],[368.00000000000006,210.0,381.0,223.99999999999997]]","[{""bbox"":[358.070068359375,142.30665588378906,370.6460266113281,154.29994201660156],""confidence"":0.6301698684692383},{""bbox"":[365.94561767578125,210.91481018066406,377.60760498046875,222.02215576171875],""confidence"":0.6104652285575867},{""bbox"":[361.7333984375,173.52256774902344,373.845947265625,186.50527954101562],""confidence"":0.5464507341384888},{""bbox"":[362.9698181152344,210.26858520507812,376.40673828125,222.68418884277344],""confidence"":0.07561518251895905},{""bbox"":[495.16259765625,128.4056854248047,504.5396423339844,137.10411071777344],""confidence"":0.02165227197110653},{""bbox"":[359.468017578125,174.8469696044922,375.30755615234375,190.6248779296875],""confidence"":0.013492085970938206},{""bbox"":[358.65423583984375,138.93589782714844,372.29510498046875,154.12571716308594],""confidence"":0.01193484291434288},{""bbox"":[355.68475341796875,139.03489685058594,369.6931457519531,154.0878143310547],""confidence"":0.008515831083059311},{""bbox"":[0.0,444.0,7.098041534423828,444.0],""confidence"":0.007017887197434902},{""bbox"":[498.2247619628906,128.6414337158203,508.5814514160156,136.7112274169922],""confidence"":0.005900990217924118},{""bbox"":[364.1682434082031,212.021240234375,378.4007263183594,226.4814453125],""confidence"":0.0040904562920331955},{""bbox"":[363.06927490234375,173.3553466796875,378.3871765136719,187.0326690673828],""confidence"":0.0031280051916837692},{""bbox"":[355.9412536621094,173.51712036132812,371.6172180175781,186.02407836914062],""confidence"":0.00227844575420022},{""bbox"":[494.989013671875,128.59115600585938,503.6849060058594,140.12893676757812],""confidence"":0.0020518878009170294},{""bbox"":[495.9842529296875,124.65335845947266,504.7828674316406,135.8016815185547],""confidence"":0.0016452998388558626},{""bbox"":[2.2374815940856934,444.0,11.89680290222168,444.0],""confidence"":0.0015997064765542746},{""bbox"":[0.0,440.49407958984375,7.658409595489502,444.0],""confidence"":0.001130360527895391},{""bbox"":[507.9620361328125,194.32302856445312,517.3490600585938,202.21473693847656],""confidence"":0.0011218752479180694},{""bbox"":[355.7793273925781,166.2005615234375,377.1491394042969,186.83937072753906],""confidence"":0.0010064173256978393}]",19,0.001
001_20200623_123236(9),3,576,444,"[[345.0,169.0,358.0,178.0],[349.0,203.0,362.0,211.0],[358.0,247.0,372.0,258.99999999999994]]","[{""bbox"":[357.2027587890625,245.56771850585938,370.2279357910156,257.5621643066406],""confidence"":0.5959702730178833},{""bbox"":[349.67059326171875,200.8314971923828,362.7696838378906,212.74639892578125],""confidence"":0.5893325805664062},{""bbox"":[344.10235595703125,167.73974609375,356.79656982421875,180.22735595703125],""confidence"":0.5522103309631348},{""bbox"":[498.3525085449219,222.88238525390625,508.6380310058594,231.39749145507812],""confidence"":0.040191102772951126},{""bbox"":[496.80657958984375,223.04591369628906,506.50299072265625,231.96636962890625],""confidence"":0.034601327031850815},{""bbox"":[342.7103271484375,168.4944610595703,357.6407165527344,183.29446411132812],""confidence"":0.01730528473854065},{""bbox"":[349.9365539550781,196.64817810058594,363.7316589355469,212.8006591796875],""confidence"":0.013609860092401505},{""bbox"":[496.26934814453125,223.20037841796875,505.4002990722656,234.05630493164062],""confidence"":0.009516393765807152},{""bbox"":[0.0,444.0,7.140135288238525,444.0],""confidence"":0.0076447781175374985},{""bbox"":[354.4815673828125,245.75057983398438,371.3886413574219,262.6866760253906],""confidence"":0.0034691060427576303},{""bbox"":[355.102783203125,239.8275604248047,369.33984375,257.5665283203125],""confidence"":0.0025134531315416098},{""bbox"":[357.11187744140625,239.88954162597656,371.84783935546875,258.90863037109375],""confidence"":0.002426557242870331},{""bbox"":[2.196843385696411,444.0,11.880083084106445,444.0],""confidence"":0.0017953439382836223},{""bbox"":[345.7130432128906,200.3341827392578,365.2548522949219,219.8140411376953],""confidence"":0.001774995238520205},{""bbox"":[0.0,440.5276794433594,7.664666652679443,444.0],""confidence"":0.0012558952439576387},{""bbox"":[497.485107421875,218.3146514892578,506.612548828125,230.8788299560547],""confidence"":0.0011644562473520637},{""bbox"":[499.559326171875,217.97201538085938,510.123779296875,228.87330627441406],""confidence"":0.0010402625193819404}]",17,0.001
001_20200623_123241(3),3,576,444,"[[342.99999999999994,190.0,358.0,201.0],[351.0,268.0,364.0,280.0],[348.0,226.0,358.0,236.0]]","[{""bbox"":[350.1275634765625,268.23114013671875,362.433349609375,279.7077941894531],""confidence"":0.5688703060150146},{""bbox"":[343.2953186035156,189.32447814941406,356.1441955566406,201.68804931640625],""confidence"":0.5656650066375732},{""bbox"":[346.21929931640625,223.89427185058594,358.24029541015625,235.7578582763672],""confidence"":0.5422577857971191},{""bbox"":[341.7574768066406,223.84376525878906,356.66986083984375,236.215576171875],""confidence"":0.023845361545681953},{""bbox"":[342.2024841308594,190.3640594482422,356.67047119140625,204.89369201660156],""confidence"":0.019488440826535225},{""bbox"":[0.0,444.0,7.126101493835449,444.0],""confidence"":0.00744217075407505},{""bbox"":[348.67071533203125,269.0002746582031,363.5793762207031,284.14166259765625],""confidence"":0.003977119456976652},{""bbox"":[414.0417785644531,222.81472778320312,423.69482421875,231.0253143310547],""confidence"":0.002985057421028614},{""bbox"":[343.66729736328125,223.095703125,360.35845947265625,241.168212890625],""confidence"":0.002220920054242015},{""bbox"":[344.4476623535156,217.9053192138672,360.5359802246094,236.34230041503906],""confidence"":0.002160608535632491},{""bbox"":[411.2354736328125,222.81942749023438,420.9239196777344,231.0621337890625],""confidence"":0.0018186286324635148},{""bbox"":[2.208355665206909,444.0,11.885040283203125,444.0],""confidence"":0.0017178048146888614},{""bbox"":[349.4493408203125,223.54776000976562,363.9691467285156,235.9672088623047],""confidence"":0.0013029861729592085},{""bbox"":[0.0,440.5208740234375,7.662909507751465,444.0],""confidence"":0.0012012984370812774}]",14,0.001
001_20200623_123245(8),3,576,444,"[[340.0,166.0,353.0,180.0],[343.0,201.00000000000003,360.0,213.0],[350.0,245.0,364.0,258.0]]","[{""bbox"":[342.2366943359375,199.9762725830078,355.6848449707031,212.58692932128906],""confidence"":0.6175863146781921},{""bbox"":[348.9325866699219,245.19769287109375,361.70111083984375,257.149169921875],""confidence"":0.6055038571357727},{""bbox"":[340.6473083496094,166.36737060546875,351.9148864746094,178.40414428710938],""confidence"":0.5646568536758423},{""bbox"":[341.3339538574219,196.67745971679688,355.0375061035156,212.2353057861328],""confidence"":0.02602769061923027},{""bbox"":[0.0,444.0,7.126700401306152,444.0],""confidence"":0.007429557386785746},{""bbox"":[342.54638671875,166.32212829589844,356.6956787109375,178.74139404296875],""confidence"":0.0072289095260202885},{""bbox"":[337.5116271972656,166.75711059570312,354.1968994140625,183.48301696777344],""confidence"":0.0051433914341032505},{""bbox"":[347.9646911621094,239.93743896484375,362.29547119140625,257.9627685546875],""confidence"":0.0050679766573011875},{""bbox"":[386.0361633300781,164.902587890625,395.7151184082031,173.68780517578125],""confidence"":0.004167807288467884},{""bbox"":[346.0040588378906,244.1759490966797,363.9579162597656,262.7949523925781],""confidence"":0.002409702632576227},{""bbox"":[334.5008239746094,166.9898223876953,349.9131164550781,178.89889526367188],""confidence"":0.0019441618351265788},{""bbox"":[386.5583801269531,165.26260375976562,395.400634765625,176.25860595703125],""confidence"":0.0019189233426004648},{""bbox"":[339.65008544921875,160.66079711914062,353.73223876953125,179.4320526123047],""confidence"":0.0018064823234453797},{""bbox"":[2.2017476558685303,444.0,11.88264274597168,444.0],""confidence"":0.0017284669447690248},{""bbox"":[480.4491882324219,156.86227416992188,490.17022705078125,165.7571563720703],""confidence"":0.0016316918190568686},{""bbox"":[483.65423583984375,156.64984130859375,494.4500732421875,165.1411590576172],""confidence"":0.0013457168824970722},{""bbox"":[336.7663879394531,198.1514892578125,358.9447021484375,220.01341247558594],""confidence"":0.0012708420399576426},{""bbox"":[0.0,440.51275634765625,7.672128677368164,444.0],""confidence"":0.0011779328342527151}]",18,0.001
001_20200623_203217(4),3,576,444,"[[346.0,199.99999999999997,361.0,212.0],[346.99999999999994,232.0,362.0,245.0],[351.0,277.00000000000006,362.00000000000006,289.0]]","[{""bbox"":[349.883056640625,276.3101501464844,362.5719299316406,288.7319641113281],""confidence"":0.5804101228713989},{""bbox"":[347.7749938964844,198.27603149414062,358.68896484375,210.7419891357422],""confidence"":0.562255859375},{""bbox"":[347.56048583984375,231.21511840820312,360.1664733886719,244.80752563476562],""confidence"":0.5435754656791687},{""bbox"":[489.5229797363281,286.0121154785156,500.2137756347656,296.1004333496094],""confidence"":0.030177079141139984},{""bbox"":[350.0968017578125,276.92724609375,364.2632751464844,291.1798095703125],""confidence"":0.021533610299229622},{""bbox"":[488.21734619140625,206.4142608642578,498.5058288574219,216.08322143554688],""confidence"":0.020133282989263535},{""bbox"":[345.9320373535156,231.24847412109375,361.8655090332031,248.3391876220703],""confidence"":0.015574995428323746},{""bbox"":[348.5484924316406,231.1175079345703,363.9919738769531,245.42510986328125],""confidence"":0.013710102066397667},{""bbox"":[490.51470947265625,206.97666931152344,501.4704895019531,215.80726623535156],""confidence"":0.011979314498603344},{""bbox"":[0.0,444.0,7.103993892669678,444.0],""confidence"":0.007286669686436653},{""bbox"":[490.9819030761719,286.69488525390625,501.92681884765625,298.760498046875],""confidence"":0.0061827413737773895},{""bbox"":[488.5077209472656,203.75035095214844,498.1928405761719,215.0423126220703],""confidence"":0.005104830954223871},{""bbox"":[491.2709045410156,203.4814910888672,501.90301513671875,213.68162536621094],""confidence"":0.0032621503341943026},{""bbox"":[341.45770263671875,199.3856964111328,357.13739013671875,212.97161865234375],""confidence"":0.0025971948634833097},{""bbox"":[487.5426330566406,206.8084716796875,497.93206787109375,219.41506958007812],""confidence"":0.0025865996722131968},{""bbox"":[489.0846252441406,282.988037109375,499.4000244140625,295.1637268066406],""confidence"":0.002512144623324275},{""bbox"":[341.6398620605469,230.54501342773438,357.81292724609375,243.6455535888672],""confidence"":0.0025015943683683872},{""bbox"":[485.306640625,238.98284912109375,495.7873840332031,249.08697509765625],""confidence"":0.0024937547277659178},{""bbox"":[349.3487243652344,198.580078125,363.9052734375,210.84938049316406],""confidence"":0.0017203489551320672},{""bbox"":[2.213576078414917,444.0,11.887091636657715,444.0],""confidence"":0.0016450210241600871},{""bbox"":[491.2950134277344,282.7737121582031,502.3040771484375,294.337646484375],""confidence"":0.0012817461974918842},{""bbox"":[345.4926452636719,224.88331604003906,361.34417724609375,244.90843200683594],""confidence"":0.0012593534775078297},{""bbox"":[490.2459716796875,207.3362274169922,501.6535339355469,219.55642700195312],""confidence"":0.0011578183621168137},{""bbox"":[482.5247802734375,239.0447235107422,493.4256591796875,249.60264587402344],""confidence"":0.0011533425422385335},{""bbox"":[0.0,440.49627685546875,7.665772914886475,444.0],""confidence"":0.0011396256741136312}]",25,0.001
001_20200623_203222(0),3,576,444,"[[342.99999999999994,236.0,358.0,249.00000000000003],[351.0,266.0,364.0,281.0],[358.0,311.99999999999994,373.99999999999994,323.0]]","[{""bbox"":[343.7037658691406,235.1045379638672,356.546875,247.63015747070312],""confidence"":0.6003220081329346},{""bbox"":[358.3121032714844,312.01171875,370.9145202636719,324.39990234375],""confidence"":0.573236346244812},{""bbox"":[349.5032043457031,267.2521667480469,362.3620910644531,278.8412780761719],""confidence"":0.5688588619232178},{""bbox"":[341.4339294433594,232.50486755371094,356.0883483886719,247.99349975585938],""confidence"":0.01824083924293518},{""bbox"":[357.1396789550781,312.8994140625,371.5783996582031,327.24298095703125],""confidence"":0.01714484393596649},{""bbox"":[499.8808288574219,286.8741149902344,509.2762145996094,294.91314697265625],""confidence"":0.012669028714299202},{""bbox"":[0.0,444.0,7.105128765106201,444.0],""confidence"":0.006870401557534933},{""bbox"":[346.9037780761719,266.9917297363281,363.8172912597656,284.3096923828125],""confidence"":0.006490845698863268},{""bbox"":[414.55963134765625,256.5010070800781,424.31561279296875,265.49810791015625],""confidence"":0.006248088553547859},{""bbox"":[414.8409423828125,253.9416961669922,424.3944396972656,264.13800048828125],""confidence"":0.004847479052841663},{""bbox"":[474.2436218261719,211.83155822753906,482.9962158203125,220.83001708984375],""confidence"":0.004646832123398781},{""bbox"":[474.317138671875,210.20310974121094,483.55267333984375,219.32418823242188],""confidence"":0.003751487238332629},{""bbox"":[497.62664794921875,287.3822326660156,507.0061340332031,295.6928405761719],""confidence"":0.003609967418015003},{""bbox"":[458.4383544921875,216.2923126220703,466.6727294921875,226.83633422851562],""confidence"":0.001842356869019568},{""bbox"":[2.2763259410858154,444.0,11.904720306396484,444.0],""confidence"":0.0015801144763827324},{""bbox"":[411.6778564453125,254.03688049316406,422.28143310546875,264.9726867675781],""confidence"":0.001537160947918892},{""bbox"":[499.0913391113281,287.189697265625,509.1556091308594,298.7352294921875],""confidence"":0.0015231763245537877},{""bbox"":[454.7633972167969,216.6480255126953,464.0851745605469,224.93995666503906],""confidence"":0.0015182074857875705},{""bbox"":[477.03668212890625,211.18353271484375,486.94744873046875,220.366455078125],""confidence"":0.0014389819698408246},{""bbox"":[412.0152893066406,257.4734802246094,422.1914367675781,265.9929504394531],""confidence"":0.0014340421184897423},{""bbox"":[500.6499938964844,282.77435302734375,509.9738464355469,292.5264587402344],""confidence"":0.0013564320979639888},{""bbox"":[345.97705078125,260.8464050292969,364.78759765625,281.0578308105469],""confidence"":0.0012461565202102065},{""bbox"":[496.74163818359375,287.8218078613281,504.8390197753906,298.77325439453125],""confidence"":0.0011713169515132904},{""bbox"":[0.0,440.49603271484375,7.676601409912109,444.0],""confidence"":0.0010741690639406443}]",24,0.001
001_20200623_203226(3),3,576,444,"[[339.0,208.0,350.00000000000006,218.99999999999997],[342.0,239.00000000000003,357.00000000000006,249.00000000000003],[349.0,282.0,363.0,296.0]]","[{""bbox"":[349.6969909667969,283.142333984375,362.59527587890625,295.5755615234375],""confidence"":0.6043277978897095},{""bbox"":[338.1094665527344,206.62673950195312,350.1488342285156,218.85342407226562],""confidence"":0.5880793929100037},{""bbox"":[342.09368896484375,238.09158325195312,355.2455139160156,250.0631561279297],""confidence"":0.5819764733314514},{""bbox"":[338.6488037109375,203.91835021972656,351.3599853515625,218.32313537597656],""confidence"":0.07892217487096786},{""bbox"":[334.37158203125,206.87826538085938,348.9127502441406,219.97276306152344],""confidence"":0.04619666934013367},{""bbox"":[486.41949462890625,265.4599914550781,496.6333923339844,274.9374084472656],""confidence"":0.030634570866823196},{""bbox"":[347.6875305175781,283.0545654296875,363.0283508300781,298.5070495605469],""confidence"":0.012121476233005524},{""bbox"":[0.0,444.0,7.117387294769287,444.0],""confidence"":0.007188830990344286},{""bbox"":[484.6016540527344,266.43658447265625,495.4961242675781,275.5564270019531],""confidence"":0.0045661721378564835},{""bbox"":[339.2255554199219,236.8046417236328,357.31805419921875,255.63246154785156],""confidence"":0.004240900278091431},{""bbox"":[409.6496887207031,277.9136962890625,418.7148132324219,286.8563537597656],""confidence"":0.002521452959626913},{""bbox"":[483.8852844238281,266.41766357421875,493.5138244628906,277.4201354980469],""confidence"":0.002129349857568741},{""bbox"":[338.5281066894531,232.02920532226562,357.39886474609375,252.2159881591797],""confidence"":0.0018748367438092828},{""bbox"":[2.2470903396606445,444.0,11.894973754882812,444.0],""confidence"":0.0016470152186229825},{""bbox"":[487.3186340332031,261.4411926269531,497.3087158203125,273.7433776855469],""confidence"":0.0014586790930479765},{""bbox"":[479.7521667480469,217.8523406982422,489.7026062011719,228.10665893554688],""confidence"":0.0013931115390732884},{""bbox"":[340.7564392089844,231.4729766845703,359.5480041503906,249.84271240234375],""confidence"":0.0011740525951609015},{""bbox"":[480.53900146484375,188.22540283203125,489.49639892578125,196.60862731933594],""confidence"":0.0011717085726559162},{""bbox"":[0.0,440.5101013183594,7.676212310791016,444.0],""confidence"":0.001125137903727591}]",19,0.001
001_20200623_203230(9),3,576,444,"[[339.00000000000006,186.00000000000003,355.0,198.0],[342.0,215.0,355.0,231.0],[349.0,261.0,363.0,276.0]]","[{""bbox"":[349.1561584472656,262.45953369140625,362.2963562011719,275.7772521972656],""confidence"":0.6437856554985046},{""bbox"":[342.31732177734375,217.13681030273438,356.0018005371094,230.22976684570312],""confidence"":0.5833441019058228},{""bbox"":[339.1134033203125,185.52561950683594,351.2386779785156,197.78756713867188],""confidence"":0.5696312785148621},{""bbox"":[391.5751953125,215.4840545654297,401.9860534667969,225.2371063232422],""confidence"":0.13352783024311066},{""bbox"":[339.59619140625,182.34600830078125,352.5950927734375,197.59976196289062],""confidence"":0.04890841618180275},{""bbox"":[334.4602355957031,186.00430297851562,349.7883605957031,199.05538940429688],""confidence"":0.02075325697660446},{""bbox"":[479.1419982910156,205.25376892089844,490.11865234375,215.4768829345703],""confidence"":0.01641085185110569},{""bbox"":[340.1950988769531,217.0920867919922,356.7219543457031,233.86117553710938],""confidence"":0.013792815618216991},{""bbox"":[0.0,444.0,7.124316692352295,444.0],""confidence"":0.007347895763814449},{""bbox"":[390.6824951171875,211.08905029296875,400.97064208984375,224.27182006835938],""confidence"":0.002814730629324913},{""bbox"":[476.42376708984375,203.48617553710938,488.3489685058594,215.0283660888672],""confidence"":0.0025714158546179533},{""bbox"":[2.220146417617798,444.0,11.8899564743042,444.0],""confidence"":0.0016945579554885626},{""bbox"":[481.10888671875,172.52017211914062,490.3934326171875,180.8382568359375],""confidence"":0.0015152235282585025},{""bbox"":[477.90447998046875,206.095458984375,490.2107238769531,219.69467163085938],""confidence"":0.0014848962891846895},{""bbox"":[437.0003662109375,177.9453582763672,446.1419677734375,186.5127716064453],""confidence"":0.00144196895416826},{""bbox"":[482.70947265625,202.9063720703125,494.34466552734375,213.18836975097656],""confidence"":0.0012404645094648004},{""bbox"":[0.0,440.51605224609375,7.6635541915893555,444.0],""confidence"":0.0011938875541090965},{""bbox"":[333.7077941894531,182.80677795410156,358.1039123535156,206.6256866455078],""confidence"":0.0011843940010294318}]",18,0.001
001_20200623_203235(3),3,576,444,"[[342.0,177.0,355.0,190.0],[346.0,208.0,357.00000000000006,223.0],[348.0,255.0,360.99999999999994,268.0]]","[{""bbox"":[342.718505859375,175.78811645507812,355.5322265625,188.4505157470703],""confidence"":0.5878617763519287},{""bbox"":[348.4934997558594,255.0688934326172,359.4964294433594,267.42327880859375],""confidence"":0.5823859572410583},{""bbox"":[343.99951171875,209.1661376953125,356.5708312988281,220.5651092529297],""confidence"":0.569122314453125},{""bbox"":[346.91741943359375,255.47439575195312,360.7160339355469,269.58331298828125],""confidence"":0.030928704887628555},{""bbox"":[485.36883544921875,214.5589141845703,495.5120544433594,223.31484985351562],""confidence"":0.008108708076179028},{""bbox"":[349.66571044921875,255.12863159179688,363.8815612792969,267.4963684082031],""confidence"":0.007883349433541298},{""bbox"":[0.0,444.0,7.110684394836426,444.0],""confidence"":0.007219702936708927},{""bbox"":[344.10980224609375,203.80984497070312,358.0227355957031,221.64450073242188],""confidence"":0.0032671543303877115},{""bbox"":[341.26934814453125,208.17283630371094,358.6033630371094,226.68727111816406],""confidence"":0.0030043914448469877},{""bbox"":[482.686279296875,214.0725555419922,492.99102783203125,223.3843994140625],""confidence"":0.0025723616126924753},{""bbox"":[485.58447265625,210.8402099609375,495.6308288574219,221.59603881835938],""confidence"":0.001889705890789628},{""bbox"":[2.2322304248809814,444.0,11.892215728759766,444.0],""confidence"":0.0016599470982328057},{""bbox"":[0.0,440.5108642578125,7.658776760101318,444.0],""confidence"":0.0011707614175975323},{""bbox"":[482.19866943359375,210.93568420410156,492.2722473144531,222.6122283935547],""confidence"":0.0010972620220854878},{""bbox"":[340.7892150878906,203.40713500976562,354.415771484375,220.0952606201172],""confidence"":0.0010642082197591662},{""bbox"":[407.9990539550781,258.0179138183594,417.0771179199219,266.2198791503906],""confidence"":0.0010154558112844825}]",16,0.001
001_20200624_043349(7),3,576,444,"[[335.99999999999994,152.0,351.0,167.0],[341.00000000000006,232.00000000000006,354.0,246.0],[338.0,189.0,353.99999999999994,203.0]]","[{""bbox"":[341.63128662109375,232.6107940673828,353.63043212890625,244.93405151367188],""confidence"":0.561846911907196},{""bbox"":[340.5347595214844,153.68878173828125,351.66339111328125,166.0120086669922],""confidence"":0.5516652464866638},{""bbox"":[338.8415832519531,188.05819702148438,351.5583801269531,200.93373107910156],""confidence"":0.5417355895042419},{""bbox"":[480.85003662109375,248.10824584960938,490.3683776855469,257.5389709472656],""confidence"":0.04329726845026016},{""bbox"":[339.5657958984375,154.5550537109375,352.7891540527344,168.8075714111328],""confidence"":0.032751474529504776},{""bbox"":[342.96282958984375,232.0738983154297,356.82305908203125,244.95420837402344],""confidence"":0.021456319838762283},{""bbox"":[334.4697570800781,187.5520782470703,350.32135009765625,201.1045379638672],""confidence"":0.017511330544948578},{""bbox"":[478.70330810546875,204.19210815429688,490.3187255859375,215.3463134765625],""confidence"":0.017060233280062675},{""bbox"":[337.99267578125,188.78707885742188,353.2098388671875,204.9777374267578],""confidence"":0.014966869726777077},{""bbox"":[340.7945251464844,233.4336700439453,354.8946838378906,248.0542755126953],""confidence"":0.01342912670224905},{""bbox"":[480.5667419433594,246.42498779296875,489.89349365234375,256.1777648925781],""confidence"":0.009875966235995293},{""bbox"":[0.0,444.0,7.1236114501953125,444.0],""confidence"":0.007362391799688339},{""bbox"":[483.0150146484375,249.1884307861328,493.93463134765625,257.7658996582031],""confidence"":0.004778400529175997},{""bbox"":[480.61260986328125,169.0352783203125,490.0966796875,178.2747802734375],""confidence"":0.004401003010571003},{""bbox"":[334.25897216796875,152.00927734375,349.7778015136719,164.80731201171875],""confidence"":0.0038665488827973604},{""bbox"":[342.354736328125,154.14389038085938,356.7300109863281,166.3090057373047],""confidence"":0.003375040367245674},{""bbox"":[477.8802185058594,206.1448211669922,490.01043701171875,219.68008422851562],""confidence"":0.0030751856975257397},{""bbox"":[480.4976501464844,167.20042419433594,489.6553039550781,176.51156616210938],""confidence"":0.0027068674098700285},{""bbox"":[479.6153259277344,249.63491821289062,490.1734313964844,262.514404296875],""confidence"":0.0017811727011576295},{""bbox"":[2.216578245162964,444.0,11.885135650634766,444.0],""confidence"":0.0017094785580411553},{""bbox"":[483.9088439941406,246.22137451171875,494.263916015625,255.182373046875],""confidence"":0.0016495175659656525},{""bbox"":[476.62744140625,202.7447967529297,489.1850280761719,214.56124877929688],""confidence"":0.0016202372498810291},{""bbox"":[477.5214538574219,247.46044921875,488.33935546875,256.93560791015625],""confidence"":0.001430833712220192},{""bbox"":[341.79840087890625,188.2584228515625,356.914794921875,202.35662841796875],""confidence"":0.0012384309666231275},{""bbox"":[338.188232421875,182.13565063476562,352.6971130371094,201.07174682617188],""confidence"":0.0012031025253236294},{""bbox"":[0.0,440.5086364746094,7.6753129959106445,444.0],""confidence"":0.0011530519695952535}]",26,0.001
001_20200625_043323(7),3,576,444,"[[342.99999999999994,154.0,357.0,168.0],[344.99999999999994,190.0,356.0,201.0],[348.0,233.00000000000003,358.0,247.0]]","[{""bbox"":[343.6586608886719,155.56503295898438,355.6820983886719,167.3262176513672],""confidence"":0.5784863233566284},{""bbox"":[346.6846923828125,235.28665161132812,359.3541259765625,248.14572143554688],""confidence"":0.5778682827949524},{""bbox"":[343.6455383300781,189.25241088867188,356.79693603515625,202.13827514648438],""confidence"":0.5541189312934875},{""bbox"":[341.2648620605469,155.8422393798828,354.9142150878906,169.04962158203125],""confidence"":0.03398049622774124},{""bbox"":[345.11065673828125,153.38555908203125,357.4094543457031,166.25071716308594],""confidence"":0.02621208317577839},{""bbox"":[342.5166320800781,190.13983154296875,357.4659423828125,204.93698120117188],""confidence"":0.0231638103723526},{""bbox"":[341.3661804199219,153.33200073242188,354.8419189453125,166.77761840820312],""confidence"":0.019162768498063087},{""bbox"":[0.0,444.0,7.103878021240234,444.0],""confidence"":0.006942782551050186},{""bbox"":[341.6751708984375,236.24691772460938,357.3276062011719,249.23715209960938],""confidence"":0.004997340962290764},{""bbox"":[349.2669372558594,235.60992431640625,363.9168395996094,249.08609008789062],""confidence"":0.002393181901425123},{""bbox"":[2.256432056427002,444.0,11.900980949401855,444.0],""confidence"":0.0015879280399531126},{""bbox"":[0.0,440.496826171875,7.6674628257751465,444.0],""confidence"":0.0011043408885598183}]",12,0.001
001_20200625_043328(3),3,576,444,"[[343.0,154.0,355.0,165.99999999999997],[345.0,189.0,357.0,198.0],[349.0,236.0,360.99999999999994,246.0]]","[{""bbox"":[348.54180908203125,233.89523315429688,360.291015625,246.849609375],""confidence"":0.598899245262146},{""bbox"":[343.8481140136719,187.9464111328125,356.87799072265625,200.234619140625],""confidence"":0.5626139640808105},{""bbox"":[343.0142517089844,153.44044494628906,356.3909912109375,166.4728546142578],""confidence"":0.553596019744873},{""bbox"":[349.3921813964844,234.28286743164062,363.91436767578125,248.2725830078125],""confidence"":0.01842474937438965},{""bbox"":[342.62451171875,188.5166473388672,358.16015625,204.92819213867188],""confidence"":0.010130641050636768},{""bbox"":[0.0,444.0,7.125569820404053,444.0],""confidence"":0.007384432014077902},{""bbox"":[486.1111145019531,245.34535217285156,496.0664978027344,256.2238464355469],""confidence"":0.005532881710678339},{""bbox"":[483.13848876953125,244.27500915527344,493.481689453125,255.89382934570312],""confidence"":0.0019143997924402356},{""bbox"":[2.206758499145508,444.0,11.88300609588623,444.0],""confidence"":0.0017235655104741454},{""bbox"":[343.5594482421875,182.1368408203125,358.28814697265625,200.943115234375],""confidence"":0.0012806106824427843},{""bbox"":[0.0,440.51055908203125,7.671855926513672,444.0],""confidence"":0.0011659952579066157}]",11,0.001
001_20200625_043337(3),3,576,444,"[[348.99999999999994,148.00000000000003,360.0,159.0],[351.0,184.99999999999997,364.0,197.0],[353.0,230.00000000000003,364.99999999999994,242.0]]","[{""bbox"":[352.7866516113281,228.38156127929688,365.41619873046875,241.11410522460938],""confidence"":0.6019816398620605},{""bbox"":[349.7529296875,183.1926727294922,363.3982849121094,196.5634765625],""confidence"":0.5912713408470154},{""bbox"":[349.94891357421875,147.95826721191406,363.17120361328125,160.84864807128906],""confidence"":0.5828078985214233},{""bbox"":[348.90740966796875,228.4255828857422,364.5306396484375,241.4540557861328],""confidence"":0.02988898754119873},{""bbox"":[0.0,444.0,7.115896701812744,444.0],""confidence"":0.007627826649695635},{""bbox"":[348.5550842285156,225.21087646484375,363.42486572265625,240.43418884277344],""confidence"":0.004221861716359854},{""bbox"":[486.7770080566406,194.88404846191406,497.06085205078125,204.31021118164062],""confidence"":0.0040627820417284966},{""bbox"":[2.1784284114837646,444.0,11.87817096710205,444.0],""confidence"":0.001718798535875976},{""bbox"":[493.8932800292969,241.78326416015625,502.3625183105469,249.85414123535156],""confidence"":0.0014223129255697131},{""bbox"":[0.0,440.5221862792969,7.653317928314209,444.0],""confidence"":0.001239857985638082},{""bbox"":[349.9957275390625,228.60763549804688,368.0384521484375,248.447998046875],""confidence"":0.0010464390506967902}]",11,0.001
001_20200625_043341(7),3,576,444,"[[341.0,162.0,356.0,172.99999999999997],[346.0,197.0,357.00000000000006,211.0],[344.99999999999994,242.0,356.0,255.0]]","[{""bbox"":[343.9041442871094,243.34542846679688,356.5819091796875,255.40248107910156],""confidence"":0.6090569496154785},{""bbox"":[342.79693603515625,196.54788208007812,357.0453186035156,210.47128295898438],""confidence"":0.5859512090682983},{""bbox"":[342.9836730957031,160.8488311767578,356.5987548828125,174.20074462890625],""confidence"":0.5684071183204651},{""bbox"":[486.10162353515625,216.92698669433594,496.2415466308594,226.48086547851562],""confidence"":0.052877698093652725},{""bbox"":[344.3030700683594,239.91525268554688,357.428955078125,254.99278259277344],""confidence"":0.04744774103164673},{""bbox"":[485.8083801269531,262.3700866699219,495.0445861816406,271.44635009765625],""confidence"":0.03680570796132088},{""bbox"":[483.8157958984375,261.436767578125,493.6911926269531,271.194580078125],""confidence"":0.018924040719866753},{""bbox"":[341.40606689453125,239.82098388671875,355.3341979980469,254.85556030273438],""confidence"":0.011035806499421597},{""bbox"":[0.0,444.0,7.121301174163818,444.0],""confidence"":0.00743684358894825},{""bbox"":[484.2494812011719,217.81765747070312,495.6256103515625,228.4031982421875],""confidence"":0.006927915383130312},{""bbox"":[487.71209716796875,182.28086853027344,496.90106201171875,191.8244171142578],""confidence"":0.003051742212846875},{""bbox"":[487.77203369140625,181.0228271484375,496.849365234375,189.59765625],""confidence"":0.0027875963132828474},{""bbox"":[2.1980278491973877,444.0,11.883490562438965,444.0],""confidence"":0.0017051419708877802},{""bbox"":[0.0,440.51763916015625,7.659352779388428,444.0],""confidence"":0.0012036338448524475},{""bbox"":[483.4849853515625,220.2405548095703,496.29638671875,234.15281677246094],""confidence"":0.0011278066085651517}]",15,0.001
001_20200625_043346(2),3,576,444,"[[340.0,155.00000000000003,350.00000000000006,166.0],[342.0,193.0,353.00000000000006,201.00000000000003],[342.0,235.00000000000003,353.99999999999994,245.0]]","[{""bbox"":[342.2214660644531,234.51904296875,355.65203857421875,247.64825439453125],""confidence"":0.6165224313735962},{""bbox"":[340.662841796875,154.48570251464844,351.7008056640625,166.43975830078125],""confidence"":0.5842153429985046},{""bbox"":[340.4898681640625,189.3661651611328,352.7767639160156,202.66600036621094],""confidence"":0.5655128955841064},{""bbox"":[340.1163024902344,155.35777282714844,352.4253845214844,168.83338928222656],""confidence"":0.09674016386270523},{""bbox"":[481.1434326171875,245.0087890625,492.2627868652344,256.51983642578125],""confidence"":0.08686476945877075},{""bbox"":[339.52789306640625,189.875,354.0091857910156,204.97625732421875],""confidence"":0.0613018237054348},{""bbox"":[483.0837707519531,245.2722930908203,494.3047790527344,255.1563720703125],""confidence"":0.021446695551276207},{""bbox"":[341.5099182128906,189.1984100341797,356.8007507324219,203.174560546875],""confidence"":0.00979985948652029},{""bbox"":[0.0,444.0,7.123230457305908,444.0],""confidence"":0.007313533220440149},{""bbox"":[482.0757751464844,165.32412719726562,491.5457763671875,173.8117218017578],""confidence"":0.004250379279255867},{""bbox"":[484.09222412109375,165.52194213867188,494.34344482421875,173.543212890625],""confidence"":0.0032552548218518496},{""bbox"":[479.7516174316406,200.73602294921875,490.38177490234375,210.1256103515625],""confidence"":0.003066680859774351},{""bbox"":[477.42791748046875,244.33680725097656,489.9145202636719,256.2469787597656],""confidence"":0.0022724526934325695},{""bbox"":[481.43231201171875,165.48211669921875,491.1436767578125,176.7105255126953],""confidence"":0.0017659392906352878},{""bbox"":[2.2212536334991455,444.0,11.887972831726074,444.0],""confidence"":0.0016993449535220861},{""bbox"":[342.78192138671875,155.33209228515625,356.8104248046875,166.6846466064453],""confidence"":0.001695243758149445},{""bbox"":[334.2912292480469,187.971923828125,350.1195373535156,200.98362731933594],""confidence"":0.0015743379481136799},{""bbox"":[483.6946105957031,166.1702423095703,494.52239990234375,176.8759765625],""confidence"":0.0012562947813421488},{""bbox"":[0.0,440.51092529296875,7.670156478881836,444.0],""confidence"":0.0011623690370470285},{""bbox"":[480.3223571777344,196.55018615722656,490.70159912109375,208.4604034423828],""confidence"":0.0011282787891104817}]",20,0.001
001_20200629_082825(1),3,576,444,"[[343.0,186.0,356.0,196.99999999999997],[342.99999999999994,219.00000000000003,357.0,231.0],[342.0,263.0,356.0,277.0]]","[{""bbox"":[342.1573181152344,264.4092712402344,354.22991943359375,276.2189025878906],""confidence"":0.6146438717842102},{""bbox"":[344.3236083984375,185.03297424316406,356.94512939453125,197.3983612060547],""confidence"":0.5939421057701111},{""bbox"":[342.28363037109375,217.989013671875,355.7431335449219,230.9627685546875],""confidence"":0.5689289569854736},{""bbox"":[486.0340576171875,213.05059814453125,496.0877380371094,222.8748016357422],""confidence"":0.14576810598373413},{""bbox"":[342.8037414550781,264.1940612792969,356.84515380859375,277.47930908203125],""confidence"":0.05248355492949486},{""bbox"":[341.08154296875,217.78614807128906,356.74462890625,233.8761749267578],""confidence"":0.030602427199482918},{""bbox"":[486.3818054199219,210.71804809570312,495.9210205078125,221.32281494140625],""confidence"":0.011639931239187717},{""bbox"":[485.554443359375,214.04750061035156,496.2230529785156,226.5598907470703],""confidence"":0.010685992427170277},{""bbox"":[341.39349365234375,182.1417999267578,355.8428039550781,197.4412078857422],""confidence"":0.008470284752547741},{""bbox"":[0.0,444.0,7.1082282066345215,444.0],""confidence"":0.007201699540019035},{""bbox"":[344.0743103027344,261.2616882324219,357.598388671875,275.19036865234375],""confidence"":0.003215914126485586},{""bbox"":[483.9314880371094,210.58148193359375,494.82904052734375,221.77479553222656],""confidence"":0.002991202985867858},{""bbox"":[483.26470947265625,213.39266967773438,495.0187683105469,226.59906005859375],""confidence"":0.0025659401435405016},{""bbox"":[2.2247915267944336,444.0,11.888457298278809,444.0],""confidence"":0.0016549573047086596},{""bbox"":[0.0,440.49896240234375,7.669914245605469,444.0],""confidence"":0.0011184940813109279},{""bbox"":[480.8360900878906,290.9552001953125,489.6693115234375,299.9632263183594],""confidence"":0.0010737297125160694},{""bbox"":[488.86627197265625,213.96214294433594,500.94561767578125,222.71495056152344],""confidence"":0.0010214929934591055}]",17,0.001
001_20200629_082828(0),3,576,444,"[[349.0,201.0,364.00000000000006,216.0],[350.00000000000006,235.00000000000003,366.0,247.0],[356.0,281.0,370.0,292.99999999999994]]","[{""bbox"":[349.5684509277344,201.56698608398438,362.5638427734375,213.36058044433594],""confidence"":0.6020672917366028},{""bbox"":[355.8482666015625,280.8768005371094,367.5938415527344,292.3874816894531],""confidence"":0.597926139831543},{""bbox"":[351.13323974609375,234.57485961914062,364.01910400390625,247.41754150390625],""confidence"":0.5937297940254211},{""bbox"":[351.9976501464844,232.638671875,364.7615661621094,246.12445068359375],""confidence"":0.15972565114498138},{""bbox"":[357.1270446777344,280.3723449707031,371.0411071777344,293.03814697265625],""confidence"":0.03376295790076256},{""bbox"":[348.7378845214844,232.54847717285156,362.77301025390625,247.04779052734375],""confidence"":0.027326228097081184},{""bbox"":[492.4452819824219,203.49227905273438,502.1194152832031,213.18161010742188],""confidence"":0.007462783250957727},{""bbox"":[0.0,444.0,7.100413799285889,444.0],""confidence"":0.006677977275103331},{""bbox"":[349.5487365722656,196.68734741210938,363.9199523925781,214.67701721191406],""confidence"":0.0063313813880085945},{""bbox"":[355.1490478515625,275.9715576171875,368.50347900390625,292.8653564453125],""confidence"":0.0048868898302316666},{""bbox"":[492.29766845703125,202.39776611328125,502.0684814453125,211.00390625],""confidence"":0.004610700998455286},{""bbox"":[490.3099670410156,203.15972900390625,499.7329406738281,213.16958618164062],""confidence"":0.0029586495365947485},{""bbox"":[345.9111328125,201.06539916992188,364.7347717285156,219.6634979248047],""confidence"":0.0022979641798883677},{""bbox"":[487.5024719238281,236.4370574951172,497.50091552734375,245.29824829101562],""confidence"":0.002165192272514105},{""bbox"":[2.289360284805298,444.0,11.91377067565918,444.0],""confidence"":0.001531023532152176},{""bbox"":[352.6599426269531,281.0528564453125,370.1134338378906,298.6817932128906],""confidence"":0.0014862458920106292},{""bbox"":[0.0,440.484130859375,7.675117492675781,444.0],""confidence"":0.0010480678174644709},{""bbox"":[494.25213623046875,282.9570007324219,502.46881103515625,292.0609130859375],""confidence"":0.0010436121374368668}]",18,0.001
001_20200629_082831(0),3,576,444,"[[351.0,215.00000000000003,365.0,227.0],[350.0,261.0,364.0,273.0],[353.0,182.0,364.00000000000006,192.0]]","[{""bbox"":[350.5655212402344,215.7987518310547,363.685791015625,228.0548858642578],""confidence"":0.5880768895149231},{""bbox"":[349.5715026855469,261.3646545410156,362.1678771972656,273.55267333984375],""confidence"":0.5735758543014526},{""bbox"":[352.0074768066406,181.39064025878906,364.0151062011719,193.14865112304688],""confidence"":0.5516244173049927},{""bbox"":[348.8191223144531,181.38729858398438,363.0464782714844,193.80096435546875],""confidence"":0.08669305592775345},{""bbox"":[351.0425109863281,182.90444946289062,365.1063232421875,197.6092071533203],""confidence"":0.014498496428132057},{""bbox"":[350.02862548828125,262.5411071777344,364.22198486328125,276.79180908203125],""confidence"":0.012126291170716286},{""bbox"":[351.1334228515625,211.1103057861328,364.8417053222656,228.0672607421875],""confidence"":0.008736126124858856},{""bbox"":[347.8647766113281,215.1013641357422,365.6484375,234.0224609375],""confidence"":0.007767993025481701},{""bbox"":[0.0,444.0,7.130420207977295,444.0],""confidence"":0.007433000486344099},{""bbox"":[424.19940185546875,196.7662353515625,433.4549865722656,206.27577209472656],""confidence"":0.004431814420968294},{""bbox"":[348.43133544921875,211.0731201171875,362.3606872558594,227.17413330078125],""confidence"":0.004178904928267002},{""bbox"":[494.0520935058594,210.2620849609375,502.7047119140625,219.950927734375],""confidence"":0.0029436075128614902},{""bbox"":[423.75897216796875,195.61810302734375,433.1009826660156,204.71763610839844],""confidence"":0.0019166305428370833},{""bbox"":[488.84808349609375,287.52471923828125,497.9098205566406,295.6564636230469],""confidence"":0.001761835184879601},{""bbox"":[2.215283155441284,444.0,11.887097358703613,444.0],""confidence"":0.001742993714287877},{""bbox"":[493.4707336425781,209.30645751953125,502.6614685058594,217.4150848388672],""confidence"":0.0015009192284196615},{""bbox"":[0.0,440.51690673828125,7.6602301597595215,444.0],""confidence"":0.0012329773744568229},{""bbox"":[488.3719482421875,287.8117980957031,497.27008056640625,298.90435791015625],""confidence"":0.0011713553685694933}]",18,0.001
001_20200629_082834(2),3,576,444,"[[356.0,178.0,368.0,189.0],[350.0,212.0,364.0,226.0],[339.99999999999994,253.99999999999997,360.0,272.0]]","[{""bbox"":[354.206787109375,177.89955139160156,366.5498046875,190.44186401367188],""confidence"":0.5780946612358093},{""bbox"":[350.9450988769531,210.24221801757812,363.7073669433594,222.6786346435547],""confidence"":0.5356703400611877},{""bbox"":[347.3527526855469,257.4464111328125,358.7838134765625,268.8729553222656],""confidence"":0.5063258409500122},{""bbox"":[348.5310974121094,209.16116333007812,365.57147216796875,226.92666625976562],""confidence"":0.046061720699071884},{""bbox"":[347.9037170410156,254.3115997314453,358.72979736328125,267.7212829589844],""confidence"":0.015883686020970345},{""bbox"":[495.1681823730469,225.67318725585938,504.3934020996094,235.1459197998047],""confidence"":0.010201203636825085},{""bbox"":[0.0,444.0,7.109320640563965,444.0],""confidence"":0.007108055520802736},{""bbox"":[495.35638427734375,224.4593048095703,504.5438232421875,233.39590454101562],""confidence"":0.004893098492175341},{""bbox"":[348.766357421875,179.11251831054688,363.9954833984375,191.62869262695312],""confidence"":0.003150803968310356},{""bbox"":[491.8815612792969,225.0259552001953,502.2583923339844,234.70111083984375],""confidence"":0.001966397510841489},{""bbox"":[356.8711242675781,179.2745361328125,371.220703125,191.20980834960938],""confidence"":0.0019470618572086096},{""bbox"":[2.2457058429718018,444.0,11.896760940551758,444.0],""confidence"":0.001628522528335452},{""bbox"":[498.95660400390625,224.5010223388672,508.7933349609375,232.84750366210938],""confidence"":0.0013149204896762967},{""bbox"":[0.0,440.5052795410156,7.667410373687744,444.0],""confidence"":0.0011301074409857392},{""bbox"":[486.3852844238281,304.2331848144531,495.2064208984375,313.7055969238281],""confidence"":0.0010885570663958788},{""bbox"":[394.2589111328125,192.26318359375,403.6003723144531,200.8317413330078],""confidence"":0.0010486061219125986}]",16,0.001
001_20200629_082837(2),3,576,444,"[[339.00000000000006,162.00000000000003,355.0,174.0],[338.0,197.0,355.0,211.0],[342.0,240.0,356.0,253.99999999999997]]","[{""bbox"":[341.9910583496094,241.17489624023438,354.2023010253906,253.80862426757812],""confidence"":0.6032637357711792},{""bbox"":[340.41351318359375,161.68983459472656,351.3236999511719,173.8161163330078],""confidence"":0.5486682653427124},{""bbox"":[340.1812744140625,195.1298370361328,352.7188415527344,208.7977752685547],""confidence"":0.5388969779014587},{""bbox"":[338.5509338378906,161.9993438720703,352.2491455078125,176.05776977539062],""confidence"":0.08494042605161667},{""bbox"":[342.77056884765625,241.55307006835938,356.7718811035156,255.318115234375],""confidence"":0.03609505668282509},{""bbox"":[338.2505187988281,194.6294403076172,354.6357421875,212.34121704101562],""confidence"":0.010501867160201073},{""bbox"":[0.0,444.0,7.127140045166016,444.0],""confidence"":0.007663814816623926},{""bbox"":[341.1521301269531,194.94717407226562,356.778076171875,209.43341064453125],""confidence"":0.005760958883911371},{""bbox"":[334.4808349609375,194.65191650390625,350.7102355957031,208.12774658203125],""confidence"":0.004088918212801218},{""bbox"":[334.4531555175781,162.30775451660156,349.5379333496094,173.66722106933594],""confidence"":0.002551077399402857},{""bbox"":[2.1941163539886475,444.0,11.876503944396973,444.0],""confidence"":0.0017707454971969128},{""bbox"":[480.5234680175781,172.24732971191406,489.7173767089844,180.5443115234375],""confidence"":0.0015112119726836681},{""bbox"":[0.0,440.5199890136719,7.663877010345459,444.0],""confidence"":0.0012275594053789973},{""bbox"":[338.7151794433594,189.26498413085938,354.0133056640625,209.16441345214844],""confidence"":0.0011764690279960632},{""bbox"":[343.0022888183594,162.74195861816406,356.85821533203125,174.03958129882812],""confidence"":0.0010623533744364977}]",15,0.001
001_20200629_082840(2),3,576,444,"[[349.0,198.0,364.99999999999994,212.0],[350.00000000000006,231.0,362.0,246.0],[351.0,280.0,364.0,291.00000000000006]]","[{""bbox"":[350.3482666015625,279.7401123046875,363.1090087890625,291.4471435546875],""confidence"":0.6022822856903076},{""bbox"":[350.7525329589844,198.8152313232422,363.46600341796875,211.24032592773438],""confidence"":0.582984983921051},{""bbox"":[349.9222717285156,232.83538818359375,362.8199157714844,245.28114318847656],""confidence"":0.5727110505104065},{""bbox"":[349.8974304199219,233.43211364746094,364.4324951171875,248.0635986328125],""confidence"":0.034604355692863464},{""bbox"":[350.7319641113281,275.9411926269531,363.86053466796875,291.5458068847656],""confidence"":0.02872411534190178},{""bbox"":[348.6535339355469,196.53485107421875,362.7434997558594,211.2550048828125],""confidence"":0.025104815140366554},{""bbox"":[488.6413269042969,301.6208801269531,498.7353515625,313.298828125],""confidence"":0.010298691689968109},{""bbox"":[0.0,444.0,7.120818614959717,444.0],""confidence"":0.007394812535494566},{""bbox"":[490.9892578125,302.1640625,501.5728454589844,310.80096435546875],""confidence"":0.004415247589349747},{""bbox"":[2.2046520709991455,444.0,11.886750221252441,444.0],""confidence"":0.0016999219078570604},{""bbox"":[0.0,440.51416015625,7.656874179840088,444.0],""confidence"":0.001213044160977006}]",11,0.001
001_20200728_043138(3),3,576,444,"[[328.0,179.0,339.00000000000006,191.00000000000003]]","[{""bbox"":[327.7695007324219,179.17181396484375,339.2790222167969,190.10238647460938],""confidence"":0.5600963830947876},{""bbox"":[328.6064453125,179.44227600097656,342.2914123535156,190.47056579589844],""confidence"":0.03128793090581894},{""bbox"":[328.3734436035156,175.15919494628906,339.6759338378906,189.30728149414062],""confidence"":0.019529595971107483},{""bbox"":[0.0,444.0,7.137218952178955,444.0],""confidence"":0.007670784369111061},{""bbox"":[2.17893385887146,444.0,11.8740816116333,444.0],""confidence"":0.0017836211482062936},{""bbox"":[465.8026123046875,188.63697814941406,475.22833251953125,197.737060546875],""confidence"":0.0017586605390533805},{""bbox"":[465.57421875,190.9296875,475.34918212890625,200.0660858154297],""confidence"":0.0016345123294740915},{""bbox"":[0.0,440.5239562988281,7.671543121337891,444.0],""confidence"":0.001214103540405631}]",8,0.001
001_20200728_043141(5),3,576,444,"[[313.0,213.0,323.00000000000006,222.0]]","[{""bbox"":[312.65423583984375,211.6083984375,323.4756774902344,223.51170349121094],""confidence"":0.5403591394424438},{""bbox"":[311.1626892089844,212.43673706054688,324.73760986328125,226.39431762695312],""confidence"":0.021979331970214844},{""bbox"":[313.6026916503906,210.5187530517578,327.81207275390625,223.11984252929688],""confidence"":0.009108302183449268},{""bbox"":[0.0,444.0,7.135309219360352,444.0],""confidence"":0.007634864654392004},{""bbox"":[2.196537733078003,444.0,11.876927375793457,444.0],""confidence"":0.0017889360897243023},{""bbox"":[0.0,440.5274658203125,7.669281482696533,444.0],""confidence"":0.0012324841227382421}]",6,0.001
001_20200728_163910(5),3,576,444,"[[324.0,190.0,335.99999999999994,199.0]]","[{""bbox"":[325.16217041015625,189.52886962890625,336.4032287597656,200.73382568359375],""confidence"":0.5040857195854187},{""bbox"":[324.6156005859375,191.08261108398438,337.28912353515625,204.8873748779297],""confidence"":0.020526327192783356},{""bbox"":[0.0,444.0,7.123146057128906,444.0],""confidence"":0.007394602056592703},{""bbox"":[320.0220031738281,190.48330688476562,333.84600830078125,200.25796508789062],""confidence"":0.003538647433742881},{""bbox"":[2.2137956619262695,444.0,11.88593578338623,444.0],""confidence"":0.0016978289932012558},{""bbox"":[0.0,440.5120849609375,7.671111583709717,444.0],""confidence"":0.0011710693361237645}]",6,0.001
001_20200728_163913(6),3,576,444,"[[330.0,191.00000000000003,340.0,203.0]]","[{""bbox"":[329.0142517089844,190.5966339111328,340.88970947265625,202.18775939941406],""confidence"":0.5662513375282288},{""bbox"":[330.5989990234375,189.3739471435547,342.625732421875,201.1588134765625],""confidence"":0.06429073214530945},{""bbox"":[328.2814025878906,191.6343994140625,340.9914245605469,204.80140686035156],""confidence"":0.03812536224722862},{""bbox"":[0.0,444.0,7.111319541931152,444.0],""confidence"":0.00755577115342021},{""bbox"":[2.1832048892974854,444.0,11.877058982849121,444.0],""confidence"":0.0017136166570708156},{""bbox"":[0.0,440.5155334472656,7.6541619300842285,444.0],""confidence"":0.0012161434860900044}]",6,0.001
001_20200810_085043(8),3,576,444,"[[326.0,210.00000000000003,336.0,222.0]]","[{""bbox"":[323.1694641113281,211.014404296875,334.4757995605469,221.7359619140625],""confidence"":0.5087297558784485},{""bbox"":[319.87738037109375,210.14068603515625,333.78936767578125,221.8505096435547],""confidence"":0.04510219767689705},{""bbox"":[463.5010986328125,232.05859375,474.2013244628906,242.5693359375],""confidence"":0.010065492242574692},{""bbox"":[463.8323669433594,231.11795043945312,473.9502258300781,240.3631591796875],""confidence"":0.008646621368825436},{""bbox"":[0.0,444.0,7.14596700668335,444.0],""confidence"":0.007579869590699673},{""bbox"":[323.03485107421875,212.7755889892578,335.6922607421875,226.3192596435547],""confidence"":0.003809836460277438},{""bbox"":[461.6168212890625,231.3251495361328,472.476806640625,242.33163452148438],""confidence"":0.0030501335859298706},{""bbox"":[2.190553665161133,444.0,11.879277229309082,444.0],""confidence"":0.001794997719116509},{""bbox"":[0.0,440.5361328125,7.670017242431641,444.0],""confidence"":0.0012398922117426991},{""bbox"":[364.89776611328125,218.77090454101562,373.83648681640625,227.91714477539062],""confidence"":0.001070813275873661}]",10,0.001
001_20200814_123136(2),3,576,444,"[[326.0,159.0,337.99999999999994,169.0]]","[{""bbox"":[326.17816162109375,158.83157348632812,336.4964294433594,169.09713745117188],""confidence"":0.49736547470092773},{""bbox"":[0.0,444.0,7.102113246917725,444.0],""confidence"":0.007227082271128893},{""bbox"":[326.2660217285156,153.58798217773438,337.4975891113281,169.1237030029297],""confidence"":0.0042558396235108376},{""bbox"":[320.09100341796875,160.53494262695312,334.29193115234375,170.45872497558594],""confidence"":0.0030080601572990417},{""bbox"":[319.857666015625,158.3268585205078,335.0309753417969,169.53741455078125],""confidence"":0.0023805187083780766},{""bbox"":[2.2204389572143555,444.0,11.887958526611328,444.0],""confidence"":0.0016486996319144964},{""bbox"":[0.0,440.4990539550781,7.657601833343506,444.0],""confidence"":0.0011554324300959706},{""bbox"":[328.785888671875,158.7236785888672,342.3557434082031,169.10984802246094],""confidence"":0.0010777314892038703}]",8,0.001
001_20200814_123143(5),3,576,444,"[[330.00000000000006,164.0,342.0,175.99999999999997]]","[{""bbox"":[330.8997802734375,165.5767822265625,342.37939453125,176.24571228027344],""confidence"":0.4974287152290344},{""bbox"":[327.2362365722656,165.46351623535156,341.5090637207031,176.9005584716797],""confidence"":0.04071708023548126},{""bbox"":[472.6771545410156,165.6608123779297,482.23492431640625,174.45359802246094],""confidence"":0.03770085424184799},{""bbox"":[0.0,444.0,7.127538204193115,444.0],""confidence"":0.007558085490018129},{""bbox"":[332.1247253417969,160.8020782470703,343.18646240234375,176.0487823486328],""confidence"":0.007094197906553745},{""bbox"":[475.8147888183594,165.74485778808594,486.7059631347656,173.71400451660156],""confidence"":0.0044258288107812405},{""bbox"":[470.01092529296875,165.76666259765625,480.7518310546875,174.65415954589844],""confidence"":0.002328580943867564},{""bbox"":[475.37060546875,166.75807189941406,486.6225891113281,176.84088134765625],""confidence"":0.0020952855702489614},{""bbox"":[2.198697328567505,444.0,11.880414009094238,444.0],""confidence"":0.0017352417344227433},{""bbox"":[0.0,440.51861572265625,7.672037601470947,444.0],""confidence"":0.0011868213769048452}]",10,0.001
001_20200815_003529(0),3,576,444,"[[319.00000000000006,194.0,331.0,206.00000000000003]]","[{""bbox"":[318.252197265625,192.08204650878906,329.2627868652344,204.28543090820312],""confidence"":0.5556718707084656},{""bbox"":[317.96417236328125,189.47410583496094,330.7969665527344,203.7673797607422],""confidence"":0.13456864655017853},{""bbox"":[312.90216064453125,192.48565673828125,328.7577819824219,204.6201629638672],""confidence"":0.009112155996263027},{""bbox"":[0.0,444.0,7.112318515777588,444.0],""confidence"":0.007145583163946867},{""bbox"":[312.37322998046875,188.52780151367188,326.85125732421875,203.4103240966797],""confidence"":0.0020118264947086573},{""bbox"":[2.222684383392334,444.0,11.890677452087402,444.0],""confidence"":0.0016420894535258412},{""bbox"":[320.30572509765625,191.97772216796875,335.0920104980469,204.400634765625],""confidence"":0.0011357843177393079},{""bbox"":[0.0,440.498779296875,7.670379638671875,444.0],""confidence"":0.0011247220681980252}]",8,0.001
001_20200818_163230(6),3,576,444,"[[331.0,173.0,340.0,187.0]]","[{""bbox"":[329.3596496582031,175.40655517578125,341.3709411621094,186.91122436523438],""confidence"":0.5195929408073425},{""bbox"":[329.64727783203125,176.76150512695312,342.5888977050781,190.32083129882812],""confidence"":0.007336475886404514},{""bbox"":[0.0,444.0,7.121335029602051,444.0],""confidence"":0.007198577281087637},{""bbox"":[326.4080810546875,176.51133728027344,340.87005615234375,190.57626342773438],""confidence"":0.0021329333540052176},{""bbox"":[2.2377424240112305,444.0,11.892849922180176,444.0],""confidence"":0.0016743778251111507},{""bbox"":[0.0,440.50616455078125,7.6736531257629395,444.0],""confidence"":0.0011421231320127845}]",6,0.001
001_20200818_163233(9),3,576,444,"[[317.0,215.0,328.99999999999994,228.0]]","[{""bbox"":[318.96649169921875,215.50465393066406,329.4807434082031,226.43214416503906],""confidence"":0.5288282036781311},{""bbox"":[318.706298828125,211.085693359375,330.68115234375,226.02392578125],""confidence"":0.015192587859928608},{""bbox"":[0.0,444.0,7.135420799255371,444.0],""confidence"":0.0076142894104123116},{""bbox"":[457.3049011230469,186.90731811523438,466.7223815917969,194.92755126953125],""confidence"":0.005509762559086084},{""bbox"":[312.90435791015625,217.32382202148438,327.6069641113281,228.18539428710938],""confidence"":0.0026105334982275963},{""bbox"":[321.477294921875,215.10667419433594,334.96954345703125,227.28880310058594],""confidence"":0.002300988882780075},{""bbox"":[456.8241882324219,187.92575073242188,466.7113342285156,198.44752502441406],""confidence"":0.0019480823539197445},{""bbox"":[2.2068984508514404,444.0,11.881277084350586,444.0],""confidence"":0.0017734176944941282},{""bbox"":[0.0,440.519775390625,7.673158645629883,444.0],""confidence"":0.0012136203004047275}]",9,0.001
001_20200819_043209(9),3,576,444,"[[329.0,168.0,339.00000000000006,182.0]]","[{""bbox"":[327.3202819824219,169.11106872558594,338.7245178222656,181.47573852539062],""confidence"":0.5734057426452637},{""bbox"":[0.0,444.0,7.131697654724121,444.0],""confidence"":0.007596847601234913},{""bbox"":[328.00115966796875,169.43235778808594,342.2783203125,183.33697509765625],""confidence"":0.007055091205984354},{""bbox"":[328.7161865234375,167.5617218017578,342.5509948730469,180.55062866210938],""confidence"":0.0060703083872795105},{""bbox"":[464.79034423828125,173.80560302734375,474.2101135253906,184.15878295898438],""confidence"":0.0023376212920993567},{""bbox"":[465.1200256347656,173.11830139160156,474.4344482421875,181.402587890625],""confidence"":0.002069966634735465},{""bbox"":[2.1943678855895996,444.0,11.877336502075195,444.0],""confidence"":0.0017674260307103395},{""bbox"":[0.0,440.52252197265625,7.669223308563232,444.0],""confidence"":0.0012081974418833852}]",8,0.001
001_20200819_043216(0),3,576,444,"[[338.0,159.0,352.0,170.99999999999997]]","[{""bbox"":[337.9783630371094,157.97657775878906,350.7470703125,170.5889129638672],""confidence"":0.5092142820358276},{""bbox"":[334.2170715332031,158.33554077148438,348.8891906738281,170.74179077148438],""confidence"":0.013383193872869015},{""bbox"":[338.29766845703125,153.53192138671875,351.2087707519531,169.578125],""confidence"":0.009770160540938377},{""bbox"":[0.0,444.0,7.1023125648498535,444.0],""confidence"":0.00737305311486125},{""bbox"":[333.1687927246094,158.1415252685547,351.4328918457031,176.93409729003906],""confidence"":0.003125509712845087},{""bbox"":[2.204077959060669,444.0,11.884207725524902,444.0],""confidence"":0.0016707638278603554},{""bbox"":[0.0,440.5098876953125,7.651553153991699,444.0],""confidence"":0.001198414247483015}]",7,0.001
001_20200821_150525(5),3,576,444,"[[319.00000000000006,231.0,331.0,242.00000000000003]]","[{""bbox"":[318.0725402832031,229.02041625976562,329.33935546875,240.4976043701172],""confidence"":0.5363909006118774},{""bbox"":[318.68707275390625,225.59800720214844,330.19012451171875,239.9617462158203],""confidence"":0.0400206595659256},{""bbox"":[0.0,444.0,7.104337692260742,444.0],""confidence"":0.007220790255814791},{""bbox"":[312.8956298828125,229.55686950683594,327.7984619140625,240.68141174316406],""confidence"":0.0063665988855063915},{""bbox"":[2.2301721572875977,444.0,11.889525413513184,444.0],""confidence"":0.0016390979290008545},{""bbox"":[0.0,440.49066162109375,7.676634788513184,444.0],""confidence"":0.0011070373002439737}]",6,0.001
001_20200821_150529(4),3,576,444,"[[306.0,246.0,317.00000000000006,257.00000000000006]]","[{""bbox"":[306.696533203125,245.64198303222656,318.34246826171875,256.09661865234375],""confidence"":0.5428788661956787},{""bbox"":[0.0,444.0,7.1387786865234375,444.0],""confidence"":0.007565568201243877},{""bbox"":[2.2046401500701904,444.0,11.88273811340332,444.0],""confidence"":0.001748856040649116},{""bbox"":[307.06951904296875,239.85598754882812,319.3058776855469,256.32537841796875],""confidence"":0.0012649489799514413},{""bbox"":[0.0,440.5240478515625,7.679443359375,444.0],""confidence"":0.001183164305984974},{""bbox"":[304.4468688964844,239.2185516357422,317.15545654296875,255.39630126953125],""confidence"":0.0010190847096964717}]",6,0.001
001_20200826_043252(8),3,576,444,"[[309.0,190.0,322.0,201.0]]","[{""bbox"":[308.94586181640625,189.64187622070312,320.864501953125,201.49073791503906],""confidence"":0.5295156836509705},{""bbox"":[305.5174865722656,188.75621032714844,319.9056091308594,201.24151611328125],""confidence"":0.037336498498916626},{""bbox"":[307.5321044921875,190.97901916503906,321.3580627441406,204.84837341308594],""confidence"":0.01172818522900343},{""bbox"":[0.0,444.0,7.137450695037842,444.0],""confidence"":0.007812051102519035},{""bbox"":[2.178553581237793,444.0,11.872541427612305,444.0],""confidence"":0.0018251228611916304},{""bbox"":[0.0,440.5232849121094,7.664295673370361,444.0],""confidence"":0.0012565521756187081}]",6,0.001
001_20200826_043255(8),3,576,444,"[[327.0,226.0,339.0,237.99999999999997]]","[{""bbox"":[326.9253845214844,226.3087615966797,337.57342529296875,238.12994384765625],""confidence"":0.5315489768981934},{""bbox"":[326.35162353515625,227.31057739257812,338.5904846191406,240.75148010253906],""confidence"":0.02378837577998638},{""bbox"":[0.0,444.0,7.110621929168701,444.0],""confidence"":0.00700140418484807},{""bbox"":[463.41925048828125,224.4219970703125,473.40338134765625,233.4271697998047],""confidence"":0.005746630020439625},{""bbox"":[463.1199035644531,226.242431640625,473.4465026855469,235.67294311523438],""confidence"":0.005453429184854031},{""bbox"":[460.74273681640625,224.515380859375,470.5653991699219,233.97120666503906],""confidence"":0.0032975776121020317},{""bbox"":[328.0186462402344,226.4225616455078,342.2642517089844,238.28086853027344],""confidence"":0.0028815397527068853},{""bbox"":[2.2552733421325684,444.0,11.895013809204102,444.0],""confidence"":0.0016216440126299858},{""bbox"":[0.0,440.50396728515625,7.6739888191223145,444.0],""confidence"":0.0011066655861213803}]",9,0.001
001_20200922_163332(2),3,576,444,"[[472.0,183.0,482.0,192.0]]","[{""bbox"":[471.85394287109375,180.5715789794922,484.2861633300781,192.2318115234375],""confidence"":0.5905433297157288},{""bbox"":[0.0,444.0,7.124898910522461,444.0],""confidence"":0.007629672065377235},{""bbox"":[469.1300354003906,181.17459106445312,485.68841552734375,197.8888702392578],""confidence"":0.006057447288185358},{""bbox"":[2.188656806945801,444.0,11.877500534057617,444.0],""confidence"":0.001771257957443595},{""bbox"":[471.0975341796875,175.0285186767578,485.5641174316406,193.52894592285156],""confidence"":0.0014595328830182552},{""bbox"":[0.0,440.51593017578125,7.655762672424316,444.0],""confidence"":0.001248506479896605}]",6,0.001
001_20200922_163335(3),3,576,444,"[[475.0,165.0,488.0,175.0]]","[{""bbox"":[474.4007873535156,163.98789978027344,486.7707214355469,176.01739501953125],""confidence"":0.5978431701660156},{""bbox"":[471.0884704589844,164.6209259033203,485.4377136230469,177.09007263183594],""confidence"":0.04372936859726906},{""bbox"":[475.0111389160156,160.6144561767578,487.57464599609375,174.92442321777344],""confidence"":0.03958951309323311},{""bbox"":[0.0,444.0,7.113823413848877,444.0],""confidence"":0.007388242520391941},{""bbox"":[2.2024729251861572,444.0,11.886014938354492,444.0],""confidence"":0.0016775268595665693},{""bbox"":[470.6862487792969,160.42776489257812,484.77313232421875,176.78904724121094],""confidence"":0.0013950127176940441},{""bbox"":[469.2490234375,163.4694061279297,488.80908203125,183.93682861328125],""confidence"":0.001218860736116767},{""bbox"":[0.0,440.50885009765625,7.659620761871338,444.0],""confidence"":0.0011892154579982162}]",8,0.001
002_20200622_203053(2),3,352,332,"[[211.00000000000003,110.0,219.0,121.0],[214.0,135.0,221.99999999999997,143.0],[218.00000000000003,159.0,225.0,172.0]]","[{""bbox"":[212.21316528320312,112.1444320678711,221.0382080078125,121.34622192382812],""confidence"":0.6367277503013611},{""bbox"":[215.90794372558594,160.3766326904297,224.44381713867188,169.04202270507812],""confidence"":0.6338720917701721},{""bbox"":[213.4510498046875,134.802978515625,222.06759643554688,143.16261291503906],""confidence"":0.6014984250068665},{""bbox"":[211.25453186035156,110.51112365722656,222.272705078125,122.19581604003906],""confidence"":0.12570972740650177},{""bbox"":[213.83395385742188,132.80630493164062,222.54446411132812,142.67904663085938],""confidence"":0.026338692754507065},{""bbox"":[211.83665466308594,135.32290649414062,222.81805419921875,147.09413146972656],""confidence"":0.005494238343089819},{""bbox"":[217.40049743652344,160.61666870117188,226.80125427246094,169.4656219482422],""confidence"":0.004540485329926014},{""bbox"":[213.00144958496094,160.53964233398438,223.39529418945312,169.5850372314453],""confidence"":0.002324074273929},{""bbox"":[0.0,332.0,4.442317008972168,332.0],""confidence"":0.002044017193838954},{""bbox"":[210.4513397216797,112.89716339111328,222.29185485839844,124.9321517944336],""confidence"":0.0010397513397037983}]",10,0.001
002_20200622_203057(3),3,352,332,"[[203.00000000000003,111.0,210.0,121.99999999999999],[204.0,134.0,212.0,143.0],[209.0,158.0,215.99999999999997,169.99999999999997]]","[{""bbox"":[201.032958984375,112.13509368896484,210.523681640625,121.78515625],""confidence"":0.6531659960746765},{""bbox"":[208.86300659179688,159.4866943359375,217.75921630859375,168.27235412597656],""confidence"":0.623691201210022},{""bbox"":[204.41282653808594,133.77407836914062,213.4235076904297,142.62953186035156],""confidence"":0.609919011592865},{""bbox"":[200.19143676757812,110.41502380371094,211.2334747314453,122.97541046142578],""confidence"":0.10937558859586716},{""bbox"":[201.84532165527344,134.882568359375,214.54627990722656,147.2594451904297],""confidence"":0.003990697208791971},{""bbox"":[0.0,332.0,4.442319869995117,332.0],""confidence"":0.00204403861425817}]",6,0.001
002_20200622_203101(3),3,352,332,"[[210.00000000000003,117.0,217.0,123.0],[210.00000000000003,137.0,217.0,145.0],[213.00000000000003,162.0,220.0,171.0]]","[{""bbox"":[208.9061737060547,114.78512573242188,217.87530517578125,123.742919921875],""confidence"":0.6115908622741699},{""bbox"":[209.84178161621094,136.92828369140625,219.22885131835938,145.96763610839844],""confidence"":0.5883344411849976},{""bbox"":[212.56858825683594,163.20150756835938,220.6208038330078,171.76417541503906],""confidence"":0.5722107887268066},{""bbox"":[208.0629119873047,135.7764892578125,219.70396423339844,147.32669067382812],""confidence"":0.05220617353916168},{""bbox"":[211.74453735351562,163.89598083496094,220.99705505371094,173.11465454101562],""confidence"":0.04432540759444237},{""bbox"":[0.0,332.0,4.442317485809326,332.0],""confidence"":0.002044025110080838}]",6,0.001
002_20200622_203105(4),3,352,332,"[[206.0,123.0,215.0,134.0],[208.0,147.0,214.99999999999997,156.0],[210.99999999999997,173.0,217.0,181.99999999999997]]","[{""bbox"":[205.4193572998047,125.11555480957031,214.5370635986328,134.28611755371094],""confidence"":0.6417087912559509},{""bbox"":[210.78988647460938,173.24708557128906,218.90574645996094,181.53326416015625],""confidence"":0.6342721581459045},{""bbox"":[207.26483154296875,147.57583618164062,215.81776428222656,156.10513305664062],""confidence"":0.5664647817611694},{""bbox"":[207.58924865722656,145.9700469970703,215.43045043945312,155.1653594970703],""confidence"":0.047091804444789886},{""bbox"":[203.82408142089844,123.6776123046875,214.93634033203125,135.02239990234375],""confidence"":0.020697928965091705},{""bbox"":[208.41949462890625,173.21182250976562,218.2755889892578,182.36705017089844],""confidence"":0.017864426597952843},{""bbox"":[205.36099243164062,149.5847625732422,215.91371154785156,160.14463806152344],""confidence"":0.006552915088832378},{""bbox"":[207.94085693359375,147.4287109375,218.1468048095703,156.94125366210938],""confidence"":0.0027105140034109354},{""bbox"":[0.0,332.0,4.444082736968994,332.0],""confidence"":0.0020509904716163874},{""bbox"":[314.61669921875,167.51504516601562,321.75958251953125,174.73426818847656],""confidence"":0.0011826155241578817}]",10,0.001
002_20200622_203109(3),3,352,332,"[[201.0,119.0,209.0,127.0],[203.99999999999997,140.0,210.0,150.0],[205.0,166.99999999999997,213.0,175.0]]","[{""bbox"":[201.32350158691406,118.41188049316406,210.1831817626953,127.3388900756836],""confidence"":0.6236450672149658},{""bbox"":[205.0339813232422,166.89732360839844,213.59413146972656,175.2738494873047],""confidence"":0.6196794509887695},{""bbox"":[202.98098754882812,140.4243621826172,211.7014923095703,149.81820678710938],""confidence"":0.5529370903968811},{""bbox"":[201.6339874267578,139.86170959472656,212.68386840820312,151.4700469970703],""confidence"":0.04535142332315445},{""bbox"":[201.4915008544922,119.48392486572266,210.5680389404297,129.07447814941406],""confidence"":0.01337698008865118},{""bbox"":[203.45448303222656,167.1350860595703,213.8217010498047,177.5944061279297],""confidence"":0.006668491289019585},{""bbox"":[204.5492706298828,163.5020751953125,214.74951171875,175.8923797607422],""confidence"":0.002363400300964713},{""bbox"":[199.8743438720703,140.3242645263672,210.64077758789062,149.9889373779297],""confidence"":0.0022369767539203167},{""bbox"":[0.0,332.0,4.442318439483643,332.0],""confidence"":0.002044019056484103},{""bbox"":[203.4221954345703,163.49317932128906,212.87176513671875,174.87049865722656],""confidence"":0.0014410903677344322},{""bbox"":[200.4375,115.1288070678711,211.90399169921875,128.2805633544922],""confidence"":0.0013184400741010904},{""bbox"":[202.5765838623047,137.1007080078125,211.88038635253906,149.13327026367188],""confidence"":0.0011091053020209074}]",12,0.001
002_20200623_043056(0),3,316,332,"[[151.0,143.0,163.0,154.0],[153.0,166.0,165.0,179.0],[158.0,198.0,167.99999999999997,212.00000000000003]]","[{""bbox"":[154.3638458251953,168.01951599121094,164.28807067871094,177.98370361328125],""confidence"":0.6601670384407043},{""bbox"":[157.26882934570312,199.94586181640625,167.49520874023438,210.13754272460938],""confidence"":0.6567296385765076},{""bbox"":[152.41317749023438,144.12889099121094,162.78160095214844,154.53541564941406],""confidence"":0.6284724473953247},{""bbox"":[150.63702392578125,144.6652374267578,162.88494873046875,156.7415008544922],""confidence"":0.012716114521026611},{""bbox"":[152.54177856445312,168.43875122070312,165.982421875,181.67330932617188],""confidence"":0.0046759736724197865},{""bbox"":[157.8981475830078,199.6574249267578,169.48719787597656,211.73489379882812],""confidence"":0.0044405958615243435},{""bbox"":[154.51490783691406,201.32920837402344,168.90609741210938,215.0122528076172],""confidence"":0.0014372537843883038},{""bbox"":[153.5953826904297,144.22789001464844,165.1838836669922,155.30902099609375],""confidence"":0.0011850264854729176}]",8,0.001
002_20200623_043100(6),3,316,332,"[[153.0,145.0,164.0,157.0],[154.99999999999997,166.99999999999997,167.99999999999997,180.0],[159.0,198.00000000000003,169.0,213.0]]","[{""bbox"":[159.1662139892578,200.99612426757812,169.34515380859375,211.10693359375],""confidence"":0.7300326228141785},{""bbox"":[155.83888244628906,169.11868286132812,165.2359619140625,178.76210021972656],""confidence"":0.6558153629302979},{""bbox"":[153.5475311279297,144.94598388671875,164.01397705078125,155.45339965820312],""confidence"":0.6495608687400818},{""bbox"":[154.9214630126953,169.33056640625,166.18026733398438,181.21890258789062],""confidence"":0.018121588975191116},{""bbox"":[157.50596618652344,201.78427124023438,170.6623077392578,214.84597778320312],""confidence"":0.004249860532581806}]",5,0.001
002_20200623_043105(0),3,316,332,"[[148.0,143.0,161.00000000000003,157.0],[151.0,165.0,162.0,179.0],[155.00000000000003,198.0,165.0,212.00000000000003]]","[{""bbox"":[151.57102966308594,168.6531219482422,161.4432373046875,178.7037811279297],""confidence"":0.6759334206581116},{""bbox"":[154.84078979492188,200.9230194091797,164.9950714111328,211.06625366210938],""confidence"":0.6539304256439209},{""bbox"":[149.62945556640625,144.813232421875,160.0496063232422,155.46995544433594],""confidence"":0.6536250114440918},{""bbox"":[150.43458557128906,168.90081787109375,162.3983917236328,181.34954833984375],""confidence"":0.01608780212700367},{""bbox"":[153.1003875732422,201.53355407714844,165.88999938964844,214.98965454101562],""confidence"":0.0027935237158089876},{""bbox"":[278.3896789550781,139.61624145507812,287.27301025390625,148.2506561279297],""confidence"":0.0025769975036382675}]",6,0.001
002_20200623_043109(4),3,316,332,"[[146.0,145.0,159.0,159.0],[149.0,168.0,160.0,181.0],[151.0,197.00000000000003,163.0,213.0]]","[{""bbox"":[150.92861938476562,169.60345458984375,160.4709014892578,179.44862365722656],""confidence"":0.689443051815033},{""bbox"":[148.49978637695312,145.72616577148438,158.9374237060547,156.21343994140625],""confidence"":0.6841865181922913},{""bbox"":[153.39431762695312,201.72219848632812,163.47689819335938,211.91729736328125],""confidence"":0.6401535272598267},{""bbox"":[149.8618927001953,169.3227996826172,161.22885131835938,181.35394287109375],""confidence"":0.027968265116214752},{""bbox"":[150.7786407470703,167.2628173828125,161.7865753173828,179.38352966308594],""confidence"":0.01190865132957697},{""bbox"":[152.39041137695312,202.2023162841797,164.11541748046875,214.5875701904297],""confidence"":0.011498849838972092},{""bbox"":[149.7455596923828,146.0247344970703,161.0977783203125,157.0076141357422],""confidence"":0.007226767484098673},{""bbox"":[145.95571899414062,147.3131866455078,160.40536499023438,161.2544708251953],""confidence"":0.002171597210690379},{""bbox"":[147.91696166992188,142.7502899169922,160.5706024169922,155.5670623779297],""confidence"":0.00101196498144418}]",9,0.001
002_20200623_043115(4),3,316,332,"[[143.0,146.0,155.0,156.0],[146.0,168.0,156.0,182.00000000000003],[148.0,196.0,159.0,214.0]]","[{""bbox"":[148.9464111328125,201.19241333007812,159.0542449951172,211.29705810546875],""confidence"":0.6532453298568726},{""bbox"":[146.0889892578125,169.17344665527344,155.49252319335938,178.8404541015625],""confidence"":0.6527312397956848},{""bbox"":[143.47927856445312,145.27352905273438,153.87643432617188,155.62294006347656],""confidence"":0.6208851337432861},{""bbox"":[145.0069122314453,169.5367431640625,156.23056030273438,181.27146911621094],""confidence"":0.024942489340901375},{""bbox"":[142.77267456054688,142.4324951171875,154.92828369140625,155.21986389160156],""confidence"":0.007110358215868473},{""bbox"":[147.6897430419922,201.8862762451172,159.98350524902344,214.7284393310547],""confidence"":0.006892205681651831},{""bbox"":[146.53656005859375,167.30650329589844,157.11090087890625,178.75877380371094],""confidence"":0.0045466250739991665},{""bbox"":[146.877685546875,200.2615509033203,158.44088745117188,211.92462158203125],""confidence"":0.002467805752530694},{""bbox"":[149.7669677734375,200.15147399902344,161.35296630859375,212.4208221435547],""confidence"":0.0013112962478771806}]",9,0.001
002_20200623_043120(0),3,316,332,"[[151.0,143.99999999999997,164.0,157.0],[152.0,169.0,167.0,177.99999999999997],[157.0,200.00000000000003,166.99999999999997,212.00000000000003]]","[{""bbox"":[154.70114135742188,168.61390686035156,164.36927795410156,178.46022033691406],""confidence"":0.6580287218093872},{""bbox"":[152.06825256347656,145.12420654296875,162.25144958496094,155.2959442138672],""confidence"":0.6209028959274292},{""bbox"":[157.4732666015625,200.64239501953125,167.89076232910156,210.64840698242188],""confidence"":0.6137259602546692},{""bbox"":[153.41702270507812,169.07794189453125,165.39341735839844,181.38087463378906],""confidence"":0.014137021265923977},{""bbox"":[151.55001831054688,142.54006958007812,163.1101837158203,155.09750366210938],""confidence"":0.011483700014650822},{""bbox"":[158.3065185546875,199.84658813476562,169.48086547851562,211.56114196777344],""confidence"":0.0075040580704808235},{""bbox"":[155.40362548828125,200.11558532714844,167.43453979492188,211.7584686279297],""confidence"":0.004141943529248238},{""bbox"":[155.176513671875,201.89344787597656,168.35765075683594,214.76669311523438],""confidence"":0.0020715196151286364}]",8,0.001
002_20200623_123032(7),3,352,332,"[[212.0,142.0,221.99999999999997,152.0],[212.0,166.0,221.99999999999997,173.0],[214.00000000000003,193.0,221.0,200.00000000000003]]","[{""bbox"":[213.23123168945312,142.76443481445312,222.04046630859375,151.56304931640625],""confidence"":0.6444010734558105},{""bbox"":[213.73394775390625,191.74781799316406,222.4423828125,200.36868286132812],""confidence"":0.6401164531707764},{""bbox"":[212.950439453125,165.539794921875,221.51620483398438,174.0355224609375],""confidence"":0.5874237418174744},{""bbox"":[212.26226806640625,189.8697509765625,222.3980712890625,200.76239013671875],""confidence"":0.030411962419748306},{""bbox"":[213.2902069091797,163.56980895996094,221.93934631347656,173.42581176757812],""confidence"":0.024900533258914948},{""bbox"":[211.3058624267578,167.08187866210938,221.9786376953125,177.69969177246094],""confidence"":0.010812806896865368},{""bbox"":[213.23611450195312,193.18170166015625,223.38278198242188,203.9771270751953],""confidence"":0.002379239536821842},{""bbox"":[0.0,332.0,4.442322731018066,332.0],""confidence"":0.002044052118435502},{""bbox"":[318.4991455078125,155.2152862548828,324.9931945800781,161.34373474121094],""confidence"":0.001886752899736166}]",9,0.001
002_20200623_123036(5),3,352,332,"[[200.00000000000003,168.0,206.99999999999997,175.0],[202.0,188.00000000000003,211.00000000000003,196.99999999999997],[208.0,214.99999999999997,214.99999999999997,222.0]]","[{""bbox"":[198.99832153320312,166.740478515625,207.58119201660156,175.6317138671875],""confidence"":0.615121066570282},{""bbox"":[207.24160766601562,214.51739501953125,215.69967651367188,223.11489868164062],""confidence"":0.5965462923049927},{""bbox"":[202.51669311523438,188.35264587402344,211.38047790527344,198.07217407226562],""confidence"":0.5479230880737305},{""bbox"":[201.12278747558594,187.73382568359375,212.5342254638672,199.9658966064453],""confidence"":0.04620278626680374},{""bbox"":[206.79896545410156,211.9028778076172,216.2387237548828,223.39830017089844],""confidence"":0.01810240000486374},{""bbox"":[199.88156127929688,188.58822631835938,210.62181091308594,198.313720703125],""confidence"":0.009508275426924229},{""bbox"":[198.08641052246094,167.47044372558594,208.03797912597656,177.52740478515625],""confidence"":0.009247186593711376},{""bbox"":[208.2311248779297,214.06846618652344,218.0359344482422,223.41793823242188],""confidence"":0.006548077333718538},{""bbox"":[206.09304809570312,215.7986297607422,216.2217254638672,225.9803466796875],""confidence"":0.006123834755271673},{""bbox"":[203.21080017089844,188.4269256591797,213.68624877929688,198.56069946289062],""confidence"":0.0038557960651814938},{""bbox"":[202.77838134765625,185.59307861328125,211.66354370117188,197.25177001953125],""confidence"":0.0020662143360823393},{""bbox"":[0.0,332.0,4.4470906257629395,332.0],""confidence"":0.0020659123547375202},{""bbox"":[198.08428955078125,163.54798889160156,209.28436279296875,176.52220153808594],""confidence"":0.0015378863317891955},{""bbox"":[204.2245635986328,214.83204650878906,214.30738830566406,223.5437469482422],""confidence"":0.0013769310899078846}]",14,0.001
002_20200623_123040(5),3,352,332,"[[203.0,165.99999999999997,212.0,174.99999999999997],[207.00000000000003,187.99999999999997,215.0,196.0],[212.0,214.0,220.0,221.00000000000003]]","[{""bbox"":[204.38853454589844,165.99835205078125,213.173095703125,174.71258544921875],""confidence"":0.647092878818512},{""bbox"":[211.69033813476562,213.68524169921875,220.33953857421875,222.4049835205078],""confidence"":0.602744996547699},{""bbox"":[207.33277893066406,187.98069763183594,215.88987731933594,196.98133850097656],""confidence"":0.5464197993278503},{""bbox"":[206.1007080078125,189.0444793701172,216.6721649169922,199.77883911132812],""confidence"":0.038528922945261},{""bbox"":[207.81886291503906,187.66265869140625,218.1372833251953,197.60032653808594],""confidence"":0.015509719029068947},{""bbox"":[207.89593505859375,185.65870666503906,216.1504364013672,196.13026428222656],""confidence"":0.012243350967764854},{""bbox"":[212.88612365722656,213.5892333984375,222.3941650390625,222.6698760986328],""confidence"":0.008329112082719803},{""bbox"":[203.26979064941406,163.44174194335938,214.1547088623047,176.26133728027344],""confidence"":0.008267800323665142},{""bbox"":[210.13320922851562,215.08309936523438,221.0011444091797,226.05662536621094],""confidence"":0.0021766256541013718},{""bbox"":[202.8938446044922,166.27711486816406,214.07058715820312,177.65631103515625],""confidence"":0.0020527879241853952},{""bbox"":[0.0,332.0,4.442346572875977,332.0],""confidence"":0.002044140826910734},{""bbox"":[208.67916870117188,190.51266479492188,218.0697479248047,199.54885864257812],""confidence"":0.0013150344602763653},{""bbox"":[208.62094116210938,213.94061279296875,219.379638671875,223.11953735351562],""confidence"":0.0010137433419004083}]",13,0.001
002_20200623_123042(0),3,316,332,"[[158.0,121.0,170.0,134.0],[160.0,144.0,172.0,156.0],[163.0,168.00000000000003,172.99999999999997,184.0]]","[{""bbox"":[163.8095703125,169.99356079101562,173.65745544433594,180.00660705566406],""confidence"":0.6778475642204285},{""bbox"":[158.8278045654297,120.88316345214844,169.97535705566406,132.10040283203125],""confidence"":0.6436461210250854},{""bbox"":[160.71365356445312,143.99488830566406,171.0743408203125,154.3492431640625],""confidence"":0.6214007139205933},{""bbox"":[159.47988891601562,143.72618103027344,171.59300231933594,157.06224060058594],""confidence"":0.1005997434258461},{""bbox"":[162.934326171875,169.1851043701172,174.86146545410156,181.3992919921875],""confidence"":0.07752692699432373},{""bbox"":[274.95941162109375,191.3336181640625,284.2713928222656,200.74147033691406],""confidence"":0.034554895013570786},{""bbox"":[276.5258483886719,192.2571563720703,285.388427734375,200.05577087402344],""confidence"":0.006868235766887665},{""bbox"":[275.1275329589844,193.86648559570312,283.8785400390625,202.8465118408203],""confidence"":0.00652514211833477},{""bbox"":[156.92779541015625,122.3952865600586,170.9703369140625,136.563232421875],""confidence"":0.002391548827290535},{""bbox"":[157.94126892089844,117.79703521728516,170.400390625,130.41465759277344],""confidence"":0.001910677063278854},{""bbox"":[279.24365234375,92.00223541259766,285.5765686035156,97.25587463378906],""confidence"":0.001779190730303526},{""bbox"":[276.7654724121094,190.85440063476562,285.5162048339844,198.8008575439453],""confidence"":0.0017622924642637372},{""bbox"":[277.55322265625,91.6391830444336,283.9962463378906,97.4692611694336],""confidence"":0.001531588495709002},{""bbox"":[161.7515106201172,144.07986450195312,173.55142211914062,155.42886352539062],""confidence"":0.001432115095667541}]",14,0.001
002_20200623_123044(3),3,352,332,"[[199.0,150.0,208.0,158.0],[200.00000000000003,172.0,208.0,184.0],[202.00000000000003,205.0,209.0,216.0]]","[{""bbox"":[201.93060302734375,206.1986083984375,210.53549194335938,214.8986358642578],""confidence"":0.6398922801017761},{""bbox"":[199.1781768798828,149.95228576660156,208.03993225097656,159.08045959472656],""confidence"":0.6381601691246033},{""bbox"":[200.24880981445312,173.70973205566406,208.99269104003906,182.3363494873047],""confidence"":0.630139172077179},{""bbox"":[199.88327026367188,205.91444396972656,209.9276580810547,215.28976440429688],""confidence"":0.036349330097436905},{""bbox"":[201.63568115234375,206.62240600585938,211.4971466064453,217.19786071777344],""confidence"":0.0063771470449864864},{""bbox"":[201.34957885742188,203.18760681152344,212.10520935058594,215.953857421875],""confidence"":0.00363532523624599},{""bbox"":[0.0,332.0,4.442232608795166,332.0],""confidence"":0.0020436574704945087},{""bbox"":[306.279296875,214.5356903076172,313.5625,221.2462615966797],""confidence"":0.0015328937442973256},{""bbox"":[199.17721557617188,174.7016143798828,210.1969451904297,186.4375762939453],""confidence"":0.0014072915073484182},{""bbox"":[305.1094970703125,214.2284698486328,313.6639709472656,222.86904907226562],""confidence"":0.0013667711755260825},{""bbox"":[203.5113983154297,206.01934814453125,213.63967895507812,215.35047912597656],""confidence"":0.001303398865275085},{""bbox"":[199.04322814941406,205.94015502929688,210.86795043945312,217.43309020996094],""confidence"":0.0010710811475291848}]",12,0.001
002_20200623_123046(4),3,316,332,"[[169.00000000000003,173.0,177.0,181.99999999999997],[163.0,146.0,173.99999999999997,156.0],[161.00000000000003,125.0,172.0,134.0]]","[{""bbox"":[161.8309783935547,123.1247329711914,172.55982971191406,134.04168701171875],""confidence"":0.6650378704071045},{""bbox"":[167.66061401367188,171.18833923339844,178.02029418945312,181.4246368408203],""confidence"":0.6450653076171875},{""bbox"":[164.08087158203125,145.73590087890625,173.92601013183594,155.62118530273438],""confidence"":0.5958412289619446},{""bbox"":[163.0809326171875,144.66171264648438,175.04168701171875,156.93893432617188],""confidence"":0.2366258054971695},{""bbox"":[279.9396667480469,191.4910125732422,287.809814453125,199.375],""confidence"":0.012344829738140106},{""bbox"":[278.8316650390625,189.3091583251953,288.28961181640625,198.78176879882812],""confidence"":0.004620743915438652},{""bbox"":[162.5556182861328,124.38204956054688,173.45127868652344,135.49505615234375],""confidence"":0.0029008383862674236},{""bbox"":[281.7542724609375,192.62710571289062,289.48016357421875,199.1573944091797],""confidence"":0.0022648025769740343},{""bbox"":[280.3871154785156,90.28585815429688,286.09246826171875,95.08174896240234],""confidence"":0.0019050418632104993},{""bbox"":[163.66029357910156,142.29672241210938,175.615234375,154.9585418701172],""confidence"":0.001674691797234118},{""bbox"":[280.58282470703125,189.11851501464844,289.9536437988281,197.6348876953125],""confidence"":0.0011755437590181828},{""bbox"":[161.30966186523438,148.09182739257812,174.4052734375,161.0254364013672],""confidence"":0.0010196552611887455},{""bbox"":[162.2246856689453,121.3427963256836,174.69400024414062,134.3029022216797],""confidence"":0.0010001088958233595}]",13,0.001
002_20200623_123048(4),3,352,332,"[[195.99999999999997,170.0,205.0,178.99999999999997],[200.00000000000003,194.00000000000003,208.0,205.0],[205.0,225.00000000000003,211.99999999999997,234.0]]","[{""bbox"":[199.66201782226562,194.4501495361328,208.8822479248047,203.582275390625],""confidence"":0.6929079294204712},{""bbox"":[205.12753295898438,226.20596313476562,213.79019165039062,234.8058319091797],""confidence"":0.6352367997169495},{""bbox"":[196.59909057617188,171.38038635253906,205.1188507080078,179.68101501464844],""confidence"":0.5947151184082031},{""bbox"":[194.77406311035156,171.26771545410156,205.63961791992188,182.10775756835938],""confidence"":0.015527326613664627},{""bbox"":[195.81463623046875,167.60011291503906,207.04559326171875,180.0406494140625],""confidence"":0.00211239792406559},{""bbox"":[0.0,332.0,4.442356109619141,332.0],""confidence"":0.0020441843662410975}]",6,0.001
002_20200623_123051(1),3,316,332,"[[165.0,141.0,176.0,153.0],[166.0,163.0,177.0,175.0],[167.0,190.0,178.0,201.0]]","[{""bbox"":[168.46006774902344,190.43556213378906,178.26052856445312,200.41616821289062],""confidence"":0.6649079918861389},{""bbox"":[164.769775390625,141.72427368164062,175.60023498535156,152.77952575683594],""confidence"":0.6608951687812805},{""bbox"":[166.72239685058594,164.49649047851562,176.0999298095703,173.9626922607422],""confidence"":0.629145085811615},{""bbox"":[165.2622528076172,164.96798706054688,177.26904296875,177.39132690429688],""confidence"":0.03263229876756668},{""bbox"":[167.1258087158203,190.00376892089844,178.92503356933594,202.16400146484375],""confidence"":0.014287855476140976},{""bbox"":[280.2481384277344,216.96282958984375,287.47271728515625,224.08999633789062],""confidence"":0.0053636240772902966},{""bbox"":[163.26763916015625,143.39901733398438,176.8895721435547,156.97447204589844],""confidence"":0.004112801514565945},{""bbox"":[166.35279846191406,142.47384643554688,177.6097412109375,153.25482177734375],""confidence"":0.003885949030518532},{""bbox"":[164.2071075439453,138.5714111328125,177.0772705078125,151.39559936523438],""confidence"":0.002120046643540263}]",9,0.001
002_20200623_123052(5),3,352,332,"[[197.0,198.00000000000003,205.0,207.0],[203.0,253.0,210.99999999999997,262.0],[200.00000000000003,222.0,210.0,230.00000000000003]]","[{""bbox"":[202.44129943847656,253.51181030273438,211.13265991210938,262.2903747558594],""confidence"":0.6264991164207458},{""bbox"":[198.97610473632812,221.62448120117188,207.39395141601562,230.4682159423828],""confidence"":0.6101236939430237},{""bbox"":[196.6699676513672,198.06268310546875,205.59890747070312,207.0503692626953],""confidence"":0.5774944424629211},{""bbox"":[202.17642211914062,251.58236694335938,212.0255889892578,262.93646240234375],""confidence"":0.037788018584251404},{""bbox"":[199.65919494628906,220.36631774902344,209.4697723388672,230.31317138671875],""confidence"":0.005914370529353619},{""bbox"":[199.8599853515625,253.639404296875,210.31158447265625,262.6947326660156],""confidence"":0.0042532882653176785},{""bbox"":[203.69052124023438,253.42816162109375,213.65538024902344,262.745361328125],""confidence"":0.0031654764898121357},{""bbox"":[200.91146850585938,254.3332061767578,212.02725219726562,265.7092590332031],""confidence"":0.0028120889328420162},{""bbox"":[0.0,332.0,4.442370891571045,332.0],""confidence"":0.0020442381501197815},{""bbox"":[196.2559356689453,222.33924865722656,208.9716033935547,235.03591918945312],""confidence"":0.0010707296896725893},{""bbox"":[342.79132080078125,332.0,347.8733825683594,332.0],""confidence"":0.0010027383686974645}]",11,0.001
002_20200623_123055(5),3,316,332,"[[141.0,127.99999999999999,157.0,138.0],[148.0,181.0,160.0,195.99999999999997]]","[{""bbox"":[145.3280792236328,152.11996459960938,155.05104064941406,162.06011962890625],""confidence"":0.6679531931877136},{""bbox"":[148.0973663330078,184.66268920898438,158.65872192382812,195.0053253173828],""confidence"":0.6649245619773865},{""bbox"":[143.64967346191406,128.75511169433594,153.72911071777344,138.82077026367188],""confidence"":0.6180882453918457},{""bbox"":[147.04745483398438,185.25897216796875,159.31448364257812,198.10443115234375],""confidence"":0.00992344319820404},{""bbox"":[144.32347106933594,152.16946411132812,156.0332794189453,164.8930206298828],""confidence"":0.008968341164290905},{""bbox"":[142.93788146972656,125.8572769165039,154.77601623535156,138.54473876953125],""confidence"":0.005569325294345617},{""bbox"":[146.0170135498047,150.5432891845703,157.16798400878906,162.5654754638672],""confidence"":0.0020221706945449114},{""bbox"":[149.66156005859375,184.74295043945312,160.87655639648438,195.3446807861328],""confidence"":0.0012015490792691708},{""bbox"":[142.6944122314453,150.65467834472656,154.0164794921875,162.1433563232422],""confidence"":0.0011977581307291985}]",9,0.001
002_20200623_123100(0),3,316,332,"[[145.0,131.0,154.99999999999997,142.0],[146.0,156.0,156.0,166.0],[146.0,189.00000000000003,154.0,199.0]]","[{""bbox"":[145.2310028076172,156.50442504882812,155.24012756347656,166.582763671875],""confidence"":0.6502248644828796},{""bbox"":[144.66708374023438,189.00775146484375,155.24501037597656,199.4194793701172],""confidence"":0.6462017297744751},{""bbox"":[145.7739715576172,132.59498596191406,155.9110107421875,142.88438415527344],""confidence"":0.6380652189254761},{""bbox"":[144.2623291015625,156.33743286132812,156.0460662841797,169.09400939941406],""confidence"":0.02340792678296566},{""bbox"":[143.72869873046875,189.56903076171875,155.61587524414062,202.2873992919922],""confidence"":0.016883613541722298},{""bbox"":[145.48587036132812,130.3113250732422,157.29319763183594,142.72140502929688],""confidence"":0.013022108003497124},{""bbox"":[146.32308959960938,154.71351623535156,157.29156494140625,166.53622436523438],""confidence"":0.0010078843915835023}]",7,0.001
002_20200623_123104(5),3,316,332,"[[152.0,126.0,162.0,135.0],[154.0,148.0,164.0,159.0],[157.99999999999997,182.00000000000003,166.99999999999997,192.0]]","[{""bbox"":[155.02676391601562,149.2506866455078,164.56253051757812,159.0243682861328],""confidence"":0.6890688538551331},{""bbox"":[157.97903442382812,181.30345153808594,168.23011779785156,191.66419982910156],""confidence"":0.6652854681015015},{""bbox"":[152.60464477539062,125.10368347167969,162.99908447265625,135.55349731445312],""confidence"":0.6360431909561157},{""bbox"":[154.71971130371094,146.38438415527344,166.2648162841797,158.84730529785156],""confidence"":0.005136091727763414},{""bbox"":[153.80482482910156,125.1890640258789,165.35874938964844,136.45997619628906],""confidence"":0.0048596905544400215},{""bbox"":[150.0894775390625,126.8001480102539,164.1019287109375,140.40170288085938],""confidence"":0.0029293198604136705},{""bbox"":[158.38095092773438,182.407958984375,169.2787628173828,193.58558654785156],""confidence"":0.002454053843393922},{""bbox"":[158.3043975830078,179.66195678710938,169.9457550048828,192.10543823242188],""confidence"":0.0019892335403710604}]",8,0.001
002_20200623_203033(6),3,316,332,"[[145.0,144.0,158.0,159.0],[147.0,166.99999999999997,158.0,180.0],[150.0,200.00000000000003,164.0,212.00000000000003]]","[{""bbox"":[150.68287658691406,200.7930908203125,161.00918579101562,211.05084228515625],""confidence"":0.6919392347335815},{""bbox"":[147.8476104736328,168.8135528564453,157.57778930664062,178.69247436523438],""confidence"":0.6352874040603638},{""bbox"":[145.8419189453125,144.95838928222656,156.0948944091797,155.38734436035156],""confidence"":0.6273356676101685},{""bbox"":[146.78273010253906,169.04217529296875,158.547119140625,181.38604736328125],""confidence"":0.01997394673526287},{""bbox"":[148.85418701171875,201.7357177734375,162.33901977539062,214.88095092773438],""confidence"":0.003291796427220106},{""bbox"":[146.41412353515625,142.30001831054688,158.04844665527344,154.78378295898438],""confidence"":0.0010027068201452494}]",6,0.001
002_20200623_203038(0),3,316,332,"[[147.0,146.0,158.0,156.0],[149.0,169.0,160.0,180.0],[152.0,200.00000000000003,163.0,212.00000000000003]]","[{""bbox"":[151.9029083251953,201.2305450439453,162.17640686035156,211.31439208984375],""confidence"":0.6595976948738098},{""bbox"":[149.30332946777344,169.0347137451172,158.87648010253906,178.8878631591797],""confidence"":0.6511733531951904},{""bbox"":[147.5462188720703,145.5647735595703,157.58865356445312,155.6543426513672],""confidence"":0.6022053360939026},{""bbox"":[148.2462158203125,168.92669677734375,159.90452575683594,181.42311096191406],""confidence"":0.020997345447540283},{""bbox"":[150.8642578125,202.01734924316406,162.85585021972656,214.58677673339844],""confidence"":0.007635356858372688},{""bbox"":[147.02830505371094,142.7599334716797,158.84400939941406,155.39598083496094],""confidence"":0.002013153862208128},{""bbox"":[146.93731689453125,167.42726135253906,157.9993896484375,178.8507843017578],""confidence"":0.00166452641133219}]",7,0.001
002_20200623_203042(5),3,316,332,"[[151.99999999999997,146.0,160.99999999999997,157.0],[153.0,168.00000000000003,163.0,178.0],[157.99999999999997,199.99999999999997,165.99999999999997,214.0]]","[{""bbox"":[156.3158721923828,201.14051818847656,166.787841796875,211.32228088378906],""confidence"":0.675430178642273},{""bbox"":[153.95030212402344,169.05636596679688,163.3979949951172,178.80047607421875],""confidence"":0.6333484649658203},{""bbox"":[151.7640838623047,145.393310546875,161.79042053222656,155.4438934326172],""confidence"":0.6236687898635864},{""bbox"":[152.8026580810547,169.1731719970703,164.37960815429688,181.37867736816406],""confidence"":0.025880703702569008},{""bbox"":[155.14927673339844,201.86793518066406,167.4230499267578,214.67213439941406],""confidence"":0.007317996118217707},{""bbox"":[151.17909240722656,142.42660522460938,162.98362731933594,155.0908966064453],""confidence"":0.004654858261346817},{""bbox"":[255.51048278808594,167.63162231445312,263.1113586425781,175.8413848876953],""confidence"":0.001720699481666088},{""bbox"":[154.65830993652344,167.20462036132812,165.40347290039062,178.7222900390625],""confidence"":0.0016469156835228205},{""bbox"":[254.80245971679688,169.2489776611328,264.2091064453125,178.2164764404297],""confidence"":0.0011620672885328531}]",9,0.001
002_20200623_203047(0),3,316,332,"[[146.0,145.0,160.0,159.0],[150.0,169.0,160.0,178.99999999999997],[153.0,201.00000000000003,164.0,211.0]]","[{""bbox"":[152.14686584472656,201.07943725585938,162.9654541015625,211.53504943847656],""confidence"":0.7125024199485779},{""bbox"":[149.22752380371094,169.00155639648438,158.80770874023438,178.88992309570312],""confidence"":0.6409716606140137},{""bbox"":[147.4825897216797,145.5414276123047,157.4770050048828,155.57681274414062],""confidence"":0.6136947274208069},{""bbox"":[148.14508056640625,168.9637908935547,159.76126098632812,181.42715454101562],""confidence"":0.023535707965493202},{""bbox"":[151.13365173339844,201.7985076904297,163.52078247070312,214.7265625],""confidence"":0.008652452379465103},{""bbox"":[146.98904418945312,142.37782287597656,158.88758850097656,155.06326293945312],""confidence"":0.0024982935283333063},{""bbox"":[153.7404022216797,201.24856567382812,165.0178985595703,211.8965301513672],""confidence"":0.0015971899265423417},{""bbox"":[146.926025390625,167.44314575195312,157.9750518798828,178.831298828125],""confidence"":0.001539420336484909}]",8,0.001
002_20200623_203050(0),3,316,332,"[[147.0,130.0,160.0,140.0],[151.99999999999997,154.0,160.99999999999997,164.0],[156.0,185.00000000000003,165.0,196.0]]","[{""bbox"":[155.0664825439453,185.7198028564453,165.03890991210938,195.9792022705078],""confidence"":0.6684210896492004},{""bbox"":[150.8992919921875,153.626220703125,160.7409210205078,163.73040771484375],""confidence"":0.6674597859382629},{""bbox"":[148.42132568359375,130.9026336669922,158.60850524902344,140.78836059570312],""confidence"":0.6615817546844482},{""bbox"":[154.09738159179688,185.6339874267578,165.93116760253906,198.0177764892578],""confidence"":0.017547832801938057},{""bbox"":[147.16055297851562,131.35562133789062,159.19570922851562,144.24508666992188],""confidence"":0.00947820208966732},{""bbox"":[150.29359436035156,150.83641052246094,161.5343017578125,163.5043182373047],""confidence"":0.0031119713094085455},{""bbox"":[149.99343872070312,131.08413696289062,160.874755859375,141.33584594726562],""confidence"":0.0019927837420254946},{""bbox"":[275.0697937011719,196.85800170898438,283.3479309082031,204.73904418945312],""confidence"":0.001106293173506856}]",8,0.001
002_20200623_203054(6),3,316,332,"[[148.0,144.0,157.0,156.0],[150.0,168.00000000000003,158.0,178.0],[153.0,200.00000000000003,164.0,212.00000000000003]]","[{""bbox"":[152.54920959472656,200.82505798339844,163.08819580078125,210.9191436767578],""confidence"":0.633393406867981},{""bbox"":[149.80665588378906,168.52267456054688,159.4064483642578,178.2910614013672],""confidence"":0.6321327090263367},{""bbox"":[147.81329345703125,145.24404907226562,157.82772827148438,155.2893829345703],""confidence"":0.6192460060119629},{""bbox"":[148.34420776367188,168.5653839111328,160.6143035888672,181.66331481933594],""confidence"":0.011142658069729805},{""bbox"":[147.43597412109375,142.5431365966797,158.73556518554688,154.9940948486328],""confidence"":0.007931256666779518},{""bbox"":[151.28421020507812,201.86964416503906,163.67056274414062,214.74366760253906],""confidence"":0.004568539559841156},{""bbox"":[150.6548309326172,167.2781524658203,161.0762176513672,178.49403381347656],""confidence"":0.0035548813175410032},{""bbox"":[153.98193359375,200.81103515625,165.0944061279297,211.42361450195312],""confidence"":0.0015587637899443507}]",8,0.001
002_20200624_123122(6),3,352,332,"[[194.0,147.0,205.0,156.0],[198.0,169.0,207.00000000000003,177.00000000000003],[201.0,201.0,207.99999999999997,211.99999999999997]]","[{""bbox"":[194.87765502929688,146.05215454101562,203.8751678466797,155.1282958984375],""confidence"":0.6782890558242798},{""bbox"":[197.26412963867188,170.12254333496094,206.1853790283203,179.03494262695312],""confidence"":0.6473348736763},{""bbox"":[202.44180297851562,202.03265380859375,211.0614013671875,210.70394897460938],""confidence"":0.6122421622276306},{""bbox"":[199.93551635742188,201.78306579589844,210.28701782226562,211.0924072265625],""confidence"":0.008276156149804592},{""bbox"":[201.45285034179688,202.01431274414062,212.0375213623047,212.81594848632812],""confidence"":0.006328603718429804},{""bbox"":[203.58456420898438,201.41217041015625,213.61541748046875,211.1328887939453],""confidence"":0.00507825892418623},{""bbox"":[195.18850708007812,167.8658905029297,205.31576538085938,178.9313507080078],""confidence"":0.0032613100484013557},{""bbox"":[202.02806091308594,198.79710388183594,212.6802520751953,211.65516662597656],""confidence"":0.0025035131257027388},{""bbox"":[195.7123565673828,169.84996032714844,207.31002807617188,182.2784423828125],""confidence"":0.0020765995141118765},{""bbox"":[0.0,332.0,4.442333221435547,332.0],""confidence"":0.0020440921653062105},{""bbox"":[199.03192138671875,169.84622192382812,209.22129821777344,179.32997131347656],""confidence"":0.001205366919748485}]",11,0.001
002_20200624_123126(4),3,352,332,"[[193.0,129.0,199.99999999999997,136.0],[199.0,184.99999999999997,205.0,192.0],[195.0,153.0,203.0,161.0]]","[{""bbox"":[193.78167724609375,152.7107391357422,202.4175567626953,161.3988800048828],""confidence"":0.6270357370376587},{""bbox"":[191.4801788330078,128.63577270507812,200.41006469726562,137.39413452148438],""confidence"":0.6247942447662354},{""bbox"":[197.8674774169922,184.78555297851562,206.3820037841797,193.38548278808594],""confidence"":0.6092878580093384},{""bbox"":[193.4263458251953,150.37060546875,203.11573791503906,161.69686889648438],""confidence"":0.03520047664642334},{""bbox"":[195.515625,184.3785400390625,205.63694763183594,193.6200408935547],""confidence"":0.02196294255554676},{""bbox"":[198.02688598632812,185.22193908691406,207.37330627441406,195.1134033203125],""confidence"":0.011477519758045673},{""bbox"":[191.1704559326172,152.49948120117188,202.02230834960938,161.8191375732422],""confidence"":0.009435242041945457},{""bbox"":[195.1529541015625,152.42630004882812,204.78070068359375,161.7662353515625],""confidence"":0.005513675045222044},{""bbox"":[199.14186096191406,184.27877807617188,209.2156219482422,193.92733764648438],""confidence"":0.0028535311575978994},{""bbox"":[0.0,332.0,4.442325115203857,332.0],""confidence"":0.0020440465305000544},{""bbox"":[194.91136169433594,184.00564575195312,206.8036346435547,195.59130859375],""confidence"":0.001847200095653534},{""bbox"":[192.25888061523438,152.8415985107422,203.5565643310547,164.52734375],""confidence"":0.0014809585409238935}]",12,0.001
002_20200624_123129(9),3,352,332,"[[189.00000000000003,175.0,195.99999999999997,183.99999999999997],[191.00000000000003,198.00000000000003,198.0,208.0],[194.0,231.0,203.00000000000003,239.00000000000003]]","[{""bbox"":[190.6162567138672,198.3153533935547,199.962158203125,207.74021911621094],""confidence"":0.7316495776176453},{""bbox"":[194.8744659423828,230.85183715820312,202.9619140625,239.32583618164062],""confidence"":0.6198278069496155},{""bbox"":[188.64744567871094,174.39820861816406,197.55679321289062,183.34169006347656],""confidence"":0.6013530492782593},{""bbox"":[187.18516540527344,174.8760986328125,198.40182495117188,186.5899200439453],""confidence"":0.003842405043542385},{""bbox"":[0.0,332.0,4.442389965057373,332.0],""confidence"":0.00204426608979702},{""bbox"":[195.59701538085938,229.24627685546875,205.24551391601562,239.34085083007812],""confidence"":0.001941935159265995},{""bbox"":[190.22637939453125,174.36251831054688,200.43807983398438,183.7777862548828],""confidence"":0.0010436977026984096},{""bbox"":[186.29483032226562,172.12741088867188,196.63304138183594,183.27505493164062],""confidence"":0.0010410124668851495}]",8,0.001
002_20200624_123133(0),3,352,332,"[[203.0,169.0,212.0,178.99999999999997],[203.00000000000003,190.99999999999997,213.0,199.0],[207.00000000000003,216.99999999999997,214.0,225.0]]","[{""bbox"":[202.80909729003906,189.22079467773438,212.0487823486328,198.78298950195312],""confidence"":0.6092203855514526},{""bbox"":[201.97695922851562,167.80801391601562,211.0989227294922,176.79620361328125],""confidence"":0.5982361435890198},{""bbox"":[204.74868774414062,215.5241241455078,213.7125701904297,224.44003295898438],""confidence"":0.5948725938796997},{""bbox"":[201.78720092773438,188.4663848876953,212.84486389160156,199.98777770996094],""confidence"":0.13541816174983978},{""bbox"":[205.3140869140625,216.67218017578125,214.18922424316406,225.86842346191406],""confidence"":0.030873116105794907},{""bbox"":[199.8166961669922,167.2204132080078,210.41590881347656,177.07113647460938],""confidence"":0.013958780094981194},{""bbox"":[0.0,332.0,4.442333698272705,332.0],""confidence"":0.0020440754014998674},{""bbox"":[199.82264709472656,188.98216247558594,210.91456604003906,199.22137451171875],""confidence"":0.001269846921786666}]",8,0.001
002_20200624_123136(5),3,352,332,"[[207.99999999999997,154.0,217.0,163.0],[212.0,175.0,220.0,183.99999999999997],[217.99999999999997,201.00000000000003,227.0,210.0]]","[{""bbox"":[217.95358276367188,200.52247619628906,226.3144989013672,208.73138427734375],""confidence"":0.633406937122345},{""bbox"":[207.71278381347656,153.8900909423828,215.94338989257812,162.6100616455078],""confidence"":0.6065203547477722},{""bbox"":[211.74221801757812,175.35923767089844,220.1159210205078,184.2271728515625],""confidence"":0.540647029876709},{""bbox"":[210.35704040527344,175.17178344726562,221.2609100341797,186.60488891601562],""confidence"":0.03453681245446205},{""bbox"":[218.44142150878906,198.6030731201172,227.55018615722656,208.6533966064453],""confidence"":0.030313557013869286},{""bbox"":[208.79290771484375,153.33255004882812,217.9586181640625,162.3551788330078],""confidence"":0.016709599643945694},{""bbox"":[212.38967895507812,174.89744567871094,222.46444702148438,184.69789123535156],""confidence"":0.011082346551120281},{""bbox"":[206.87399291992188,154.6974334716797,216.4203338623047,164.26412963867188],""confidence"":0.009923573583364487},{""bbox"":[212.01048278808594,172.4056396484375,220.6924591064453,183.83021545410156],""confidence"":0.002962000435218215},{""bbox"":[0.0,332.0,4.442689895629883,332.0],""confidence"":0.002045536180958152},{""bbox"":[208.70724487304688,175.58477783203125,219.278564453125,184.75653076171875],""confidence"":0.001844139420427382},{""bbox"":[215.9960174560547,201.3762664794922,226.91653442382812,212.99522399902344],""confidence"":0.0014798687770962715}]",12,0.001
002_20200624_123143(7),3,352,332,"[[201.0,168.00000000000003,212.0,178.0],[203.00000000000003,189.0,213.0,199.99999999999997],[205.0,216.0,214.00000000000003,225.99999999999997]]","[{""bbox"":[203.4117431640625,189.33306884765625,212.8741455078125,198.84963989257812],""confidence"":0.6599228382110596},{""bbox"":[205.8019256591797,215.57254028320312,214.8105926513672,224.5655059814453],""confidence"":0.5926341414451599},{""bbox"":[203.4441375732422,167.87818908691406,211.3739013671875,176.64308166503906],""confidence"":0.571169912815094},{""bbox"":[203.83287048339844,215.56918334960938,214.7515106201172,226.14251708984375],""confidence"":0.01200023666024208},{""bbox"":[203.77557373046875,167.27474975585938,213.6333465576172,176.73095703125],""confidence"":0.005441485904157162},{""bbox"":[0.0,332.0,4.442471504211426,332.0],""confidence"":0.0020446046255528927}]",6,0.001
002_20200624_203012(9),3,352,332,"[[194.0,122.0,203.00000000000003,133.0],[193.0,148.0,203.0,158.0],[193.0,180.00000000000003,204.0,190.0]]","[{""bbox"":[195.09622192382812,180.1737823486328,203.8999786376953,189.34646606445312],""confidence"":0.6559074521064758},{""bbox"":[193.57431030273438,147.92807006835938,202.90574645996094,157.3733673095703],""confidence"":0.6228205561637878},{""bbox"":[192.93438720703125,123.28777313232422,202.88394165039062,132.8057861328125],""confidence"":0.6149193644523621},{""bbox"":[194.5281982421875,148.08645629882812,204.88111877441406,157.97698974609375],""confidence"":0.008359125815331936},{""bbox"":[193.18209838867188,148.65391540527344,203.67372131347656,160.12586975097656],""confidence"":0.0034588281996548176},{""bbox"":[194.31809997558594,123.18640899658203,204.88211059570312,133.03152465820312],""confidence"":0.0023461238015443087},{""bbox"":[0.0,332.0,4.442317008972168,332.0],""confidence"":0.002044015098363161},{""bbox"":[297.0126037597656,157.62232971191406,303.68646240234375,163.28396606445312],""confidence"":0.0016039229230955243},{""bbox"":[193.8013153076172,176.7574920654297,204.8540496826172,189.8223419189453],""confidence"":0.00136263994500041},{""bbox"":[190.59149169921875,145.71737670898438,201.6224365234375,157.04736328125],""confidence"":0.001311307423748076}]",10,0.001
002_20200624_203111(4),3,316,332,"[[166.0,145.0,178.0,154.0],[168.00000000000003,166.0,177.0,177.0],[170.0,193.0,180.99999999999997,204.0]]","[{""bbox"":[165.73423767089844,144.51499938964844,176.76666259765625,155.55502319335938],""confidence"":0.7044328451156616},{""bbox"":[170.17086791992188,193.14724731445312,180.2037353515625,203.1840362548828],""confidence"":0.6624468564987183},{""bbox"":[167.4878692626953,167.03671264648438,177.93580627441406,177.14112854003906],""confidence"":0.6392862200737},{""bbox"":[166.3413543701172,165.53855895996094,178.64500427246094,178.10780334472656],""confidence"":0.24580705165863037},{""bbox"":[169.14749145507812,193.91226196289062,181.050048828125,206.29837036132812],""confidence"":0.008185168728232384},{""bbox"":[170.98294067382812,192.0423583984375,181.91929626464844,203.80918884277344],""confidence"":0.0054260604083538055},{""bbox"":[164.8301544189453,168.2114715576172,178.7559814453125,182.17202758789062],""confidence"":0.004064819775521755},{""bbox"":[167.7859649658203,192.300048828125,180.06051635742188,204.16636657714844],""confidence"":0.002596181118860841},{""bbox"":[166.40261840820312,142.20066833496094,179.07862854003906,155.2480926513672],""confidence"":0.001086117117665708}]",9,0.001
002_20200624_203114(3),3,316,332,"[[153.0,134.0,160.99999999999997,144.0],[157.99999999999997,156.0,165.99999999999997,166.0],[164.0,180.00000000000003,176.0,190.0]]","[{""bbox"":[163.000732421875,180.2615509033203,173.22149658203125,190.46658325195312],""confidence"":0.6656525731086731},{""bbox"":[151.84146118164062,134.9780731201172,161.81130981445312,144.97528076171875],""confidence"":0.65851229429245},{""bbox"":[156.49082946777344,155.7974395751953,166.7375946044922,165.7782440185547],""confidence"":0.6415950059890747},{""bbox"":[154.89234924316406,156.24684143066406,166.9151611328125,169.36370849609375],""confidence"":0.038849350064992905},{""bbox"":[274.88458251953125,174.91259765625,283.69989013671875,183.739013671875],""confidence"":0.01125183142721653},{""bbox"":[161.34323120117188,181.3930206298828,174.06211853027344,193.97320556640625],""confidence"":0.009312017820775509},{""bbox"":[150.61056518554688,135.36326599121094,163.43348693847656,148.65008544921875],""confidence"":0.006091190967708826},{""bbox"":[104.43466186523438,112.4714126586914,110.50179290771484,117.65267944335938],""confidence"":0.002185937250033021},{""bbox"":[158.41943359375,156.11019897460938,169.1074981689453,166.02444458007812],""confidence"":0.0012438874691724777},{""bbox"":[277.2244567871094,176.30209350585938,285.37823486328125,183.0734405517578],""confidence"":0.0011683327611535788},{""bbox"":[105.2967529296875,112.28343200683594,111.663330078125,117.58709716796875],""confidence"":0.001097079017199576}]",11,0.001
002_20200624_203117(3),3,316,332,"[[152.0,121.00000000000001,163.0,132.0],[157.99999999999997,142.0,166.99999999999997,153.0],[164.0,167.0,177.0,178.0]]","[{""bbox"":[152.3131866455078,121.83651733398438,163.19268798828125,132.37857055664062],""confidence"":0.6716766953468323},{""bbox"":[157.27484130859375,142.75291442871094,167.727294921875,153.22657775878906],""confidence"":0.6566741466522217},{""bbox"":[164.61431884765625,167.81373596191406,174.87818908691406,177.8975067138672],""confidence"":0.6406009793281555},{""bbox"":[156.08013916015625,143.8696746826172,168.67062377929688,156.91612243652344],""confidence"":0.04615672305226326},{""bbox"":[157.970458984375,141.77745056152344,169.55514526367188,154.0709686279297],""confidence"":0.006798990536481142},{""bbox"":[162.59466552734375,168.5048828125,175.37020874023438,181.7320556640625],""confidence"":0.005397179629653692},{""bbox"":[150.62513732910156,122.44083404541016,164.4915008544922,136.4346466064453],""confidence"":0.005019149277359247},{""bbox"":[155.45669555664062,143.4972686767578,166.9849395751953,154.5953369140625],""confidence"":0.0023144104052335024},{""bbox"":[153.09176635742188,120.619140625,165.24179077148438,132.65780639648438],""confidence"":0.002095770090818405},{""bbox"":[154.30174255371094,122.65015411376953,164.81747436523438,132.27285766601562],""confidence"":0.0018335815984755754}]",10,0.001
002_20200624_203120(3),3,316,332,"[[161.00000000000003,125.0,172.0,133.0],[165.0,146.0,176.0,153.0],[172.0,170.0,182.0,178.99999999999997]]","[{""bbox"":[160.6887664794922,123.66509246826172,171.1457061767578,134.20394897460938],""confidence"":0.6722434759140015},{""bbox"":[172.2362060546875,169.35696411132812,182.126220703125,179.45263671875],""confidence"":0.6404984593391418},{""bbox"":[165.37750244140625,144.60533142089844,175.74746704101562,155.20761108398438],""confidence"":0.6239306330680847},{""bbox"":[164.50401306152344,143.8905029296875,176.61338806152344,157.07138061523438],""confidence"":0.17118801176548004},{""bbox"":[159.9569091796875,121.56890869140625,172.21578979492188,134.4976043701172],""confidence"":0.046101707965135574},{""bbox"":[170.7918701171875,169.1947784423828,182.71688842773438,181.47061157226562],""confidence"":0.04403974488377571},{""bbox"":[158.73135375976562,123.23705291748047,171.27685546875,135.9857940673828],""confidence"":0.00892073754221201},{""bbox"":[166.7158966064453,145.88739013671875,177.4684295654297,156.44606018066406],""confidence"":0.002642472041770816}]",8,0.001
002_20200624_203123(3),3,316,332,"[[153.0,134.0,164.0,147.0],[157.0,158.0,167.99999999999997,166.99999999999997],[163.0,182.00000000000003,173.99999999999997,194.00000000000003]]","[{""bbox"":[163.01943969726562,183.0072784423828,173.12588500976562,193.1755828857422],""confidence"":0.6737377643585205},{""bbox"":[153.5377197265625,136.5883026123047,163.78860473632812,146.98001098632812],""confidence"":0.6630850434303284},{""bbox"":[157.42239379882812,157.8339385986328,167.8082275390625,168.22305297851562],""confidence"":0.6469436883926392},{""bbox"":[156.7376708984375,156.50213623046875,168.75326538085938,169.51539611816406],""confidence"":0.19557300209999084},{""bbox"":[273.95263671875,181.4335479736328,284.3982849121094,192.42576599121094],""confidence"":0.02129782922565937},{""bbox"":[275.0699768066406,181.49850463867188,283.866943359375,190.25120544433594],""confidence"":0.019499989226460457},{""bbox"":[152.60635375976562,134.19296264648438,164.6259307861328,147.05136108398438],""confidence"":0.009741319343447685},{""bbox"":[155.42587280273438,157.97055053710938,166.43939208984375,168.58181762695312],""confidence"":0.008191101253032684},{""bbox"":[154.44972229003906,137.4344024658203,164.98721313476562,147.9081268310547],""confidence"":0.005788997281342745},{""bbox"":[276.72662353515625,181.760986328125,285.3799133300781,188.90444946289062],""confidence"":0.003072172636166215},{""bbox"":[154.57118225097656,160.8506622314453,168.14686584472656,173.54312133789062],""confidence"":0.0027085451874881983},{""bbox"":[154.00628662109375,156.47073364257812,167.85385131835938,170.74452209472656],""confidence"":0.002643862273544073},{""bbox"":[276.1487731933594,182.85675048828125,285.5518798828125,191.43228149414062],""confidence"":0.002217728178948164},{""bbox"":[162.7091827392578,180.0264434814453,173.0567626953125,192.12754821777344],""confidence"":0.0021848692558705807},{""bbox"":[275.8616638183594,179.7470703125,283.5486755371094,188.1435089111328],""confidence"":0.0019890526309609413},{""bbox"":[274.8550720214844,186.00839233398438,283.5423583984375,194.81915283203125],""confidence"":0.0019038391765207052},{""bbox"":[263.79901123046875,158.87393188476562,271.8932189941406,167.04507446289062],""confidence"":0.0014735794393345714}]",17,0.001
002_20200624_203126(3),3,316,332,"[[159.0,133.0,170.0,141.0],[165.0,151.0,174.99999999999997,164.0],[171.0,175.0,180.99999999999997,187.0]]","[{""bbox"":[159.15902709960938,131.28756713867188,169.9287872314453,142.2782745361328],""confidence"":0.6690635681152344},{""bbox"":[164.78465270996094,153.1601104736328,174.85842895507812,163.21482849121094],""confidence"":0.6434942483901978},{""bbox"":[172.20889282226562,177.19664001464844,181.83995056152344,187.00096130371094],""confidence"":0.6373835206031799},{""bbox"":[158.32443237304688,129.60501098632812,171.24166870117188,142.74342346191406],""confidence"":0.06979994475841522},{""bbox"":[162.43397521972656,152.3388671875,175.24853515625,165.28152465820312],""confidence"":0.04138895496726036},{""bbox"":[171.22036743164062,177.84715270996094,181.9806365966797,189.68702697753906],""confidence"":0.019000377506017685},{""bbox"":[163.28485107421875,150.970947265625,173.77828979492188,162.74667358398438],""confidence"":0.0017740476178005338}]",7,0.001
002_20200625_003116(4),3,352,332,"[[196.00000000000003,168.0,206.0,178.99999999999997],[201.0,195.00000000000003,207.99999999999997,204.0],[203.0,227.00000000000003,215.0,236.0]]","[{""bbox"":[199.4534912109375,193.6824951171875,208.8538818359375,203.20266723632812],""confidence"":0.6927503943443298},{""bbox"":[197.0368194580078,169.6072235107422,205.868408203125,178.3817138671875],""confidence"":0.6279730796813965},{""bbox"":[204.37835693359375,226.09597778320312,212.9608612060547,234.6532440185547],""confidence"":0.6201282143592834},{""bbox"":[195.21810913085938,167.76736450195312,205.5625,178.94654846191406],""confidence"":0.0033888265024870634},{""bbox"":[0.0,332.0,4.442335605621338,332.0],""confidence"":0.002044104738160968},{""bbox"":[195.05406188964844,169.3745880126953,207.18675231933594,182.4178924560547],""confidence"":0.0018070396035909653},{""bbox"":[198.3618621826172,189.821533203125,208.51263427734375,202.12066650390625],""confidence"":0.0014012574683874846}]",7,0.001
002_20200625_003120(7),3,352,332,"[[193.0,112.00000000000001,207.00000000000003,123.0],[195.99999999999997,136.0,205.0,147.0],[197.0,166.0,208.0,178.0]]","[{""bbox"":[195.06512451171875,112.17266082763672,203.96676635742188,121.15017700195312],""confidence"":0.6414499878883362},{""bbox"":[198.34075927734375,169.25418090820312,207.1259307861328,178.02618408203125],""confidence"":0.6243691444396973},{""bbox"":[195.81387329101562,136.1838836669922,204.9043426513672,145.2388153076172],""confidence"":0.6183274984359741},{""bbox"":[195.5697784423828,110.564208984375,205.336181640625,121.15340423583984],""confidence"":0.015345846302807331},{""bbox"":[199.51025390625,169.2425994873047,209.2267303466797,178.36204528808594],""confidence"":0.006056164391338825},{""bbox"":[192.91258239746094,112.63589477539062,205.27342224121094,125.05431365966797],""confidence"":0.0037004046607762575},{""bbox"":[195.51858520507812,169.81996154785156,205.88890075683594,178.55772399902344],""confidence"":0.0025832485407590866},{""bbox"":[0.0,332.0,4.442634105682373,332.0],""confidence"":0.0020490072201937437},{""bbox"":[194.38539123535156,132.69204711914062,204.47706604003906,144.68980407714844],""confidence"":0.001824327977374196}]",9,0.001
002_20200625_003125(4),3,352,332,"[[198.0,135.0,207.99999999999997,146.0],[201.0,160.0,210.00000000000003,170.0],[205.0,191.00000000000003,214.99999999999997,201.0]]","[{""bbox"":[205.52938842773438,192.75457763671875,214.26402282714844,201.4562530517578],""confidence"":0.6450585722923279},{""bbox"":[201.02304077148438,160.61593627929688,210.1705780029297,169.96841430664062],""confidence"":0.6326361894607544},{""bbox"":[198.7454071044922,135.51417541503906,207.51693725585938,145.2117462158203],""confidence"":0.6046690940856934},{""bbox"":[197.5217742919922,136.0827178955078,208.1270294189453,146.9138641357422],""confidence"":0.03723330795764923},{""bbox"":[204.8859405517578,189.78118896484375,215.56800842285156,202.25079345703125],""confidence"":0.01080325711518526},{""bbox"":[198.2709197998047,132.78829956054688,209.0381622314453,145.61729431152344],""confidence"":0.0034389114007353783},{""bbox"":[205.05560302734375,193.10415649414062,215.1553497314453,203.98236083984375],""confidence"":0.003252162365242839},{""bbox"":[199.49520874023438,161.05470275878906,211.08804321289062,173.5079803466797],""confidence"":0.002077139914035797},{""bbox"":[0.0,332.0,4.442318439483643,332.0],""confidence"":0.0020440309308469296},{""bbox"":[302.8900146484375,153.19729614257812,309.83538818359375,159.3386688232422],""confidence"":0.0011357632465660572},{""bbox"":[304.4242248535156,153.10638427734375,311.4299011230469,158.97071838378906],""confidence"":0.0010594885097816586}]",11,0.001
002_20200625_003130(0),3,352,332,"[[194.0,113.0,203.99999999999997,122.0],[195.99999999999997,136.0,205.0,146.0],[199.0,169.0,208.0,177.99999999999997]]","[{""bbox"":[194.79530334472656,136.43878173828125,204.09616088867188,145.97401428222656],""confidence"":0.6809706091880798},{""bbox"":[198.2400360107422,169.35011291503906,206.82969665527344,177.97703552246094],""confidence"":0.6288958787918091},{""bbox"":[193.0120086669922,112.28466796875,202.33346557617188,121.55131530761719],""confidence"":0.6030101180076599},{""bbox"":[195.50413513183594,169.80276489257812,205.66114807128906,178.47218322753906],""confidence"":0.003741948865354061},{""bbox"":[199.518310546875,169.33609008789062,209.2244110107422,178.39222717285156],""confidence"":0.0036432561464607716},{""bbox"":[191.50201416015625,112.82867431640625,203.17095947265625,125.06640625],""confidence"":0.0032886750996112823},{""bbox"":[0.0,332.0,4.442312717437744,332.0],""confidence"":0.00204399973154068},{""bbox"":[194.45384216308594,112.30809783935547,204.8623504638672,121.98220825195312],""confidence"":0.0016942215152084827},{""bbox"":[193.82125854492188,132.6439666748047,204.05003356933594,145.0703887939453],""confidence"":0.001518271747045219},{""bbox"":[190.670166015625,110.40679931640625,201.54595947265625,121.83846282958984],""confidence"":0.0010580109665170312}]",10,0.001
002_20200625_003134(4),3,352,332,"[[198.0,132.0,207.99999999999997,144.0],[199.99999999999997,157.0,209.0,168.0],[201.0,189.0,210.99999999999997,199.99999999999997]]","[{""bbox"":[201.46429443359375,190.56446838378906,211.15045166015625,199.80274963378906],""confidence"":0.6699966788291931},{""bbox"":[198.89646911621094,158.1080322265625,207.89413452148438,167.72027587890625],""confidence"":0.6262795329093933},{""bbox"":[197.26113891601562,133.4342803955078,207.10145568847656,142.8386993408203],""confidence"":0.6026084423065186},{""bbox"":[199.60357666015625,189.53627014160156,210.76913452148438,200.61717224121094],""confidence"":0.016020094975829124},{""bbox"":[195.23873901367188,132.26556396484375,206.40191650390625,143.43899536132812],""confidence"":0.004478096961975098},{""bbox"":[198.19717407226562,154.71563720703125,208.20899963378906,167.11721801757812],""confidence"":0.0024227972608059645},{""bbox"":[0.0,332.0,4.442318916320801,332.0],""confidence"":0.0020440309308469296},{""bbox"":[198.7025604248047,133.55282592773438,209.29086303710938,143.3917236328125],""confidence"":0.0018130866810679436},{""bbox"":[302.4624328613281,158.4359893798828,308.6895446777344,163.8749542236328],""confidence"":0.0017044286942109466},{""bbox"":[195.2793731689453,134.12501525878906,207.8617706298828,147.1908721923828],""confidence"":0.0016111481236293912},{""bbox"":[203.1481170654297,190.6754150390625,213.6670379638672,200.430419921875],""confidence"":0.0015010792994871736},{""bbox"":[305.0456237792969,158.3666229248047,311.3014831542969,163.36009216308594],""confidence"":0.001109175500459969}]",12,0.001
002_20200625_003139(0),3,352,332,"[[198.0,162.0,207.99999999999997,172.0],[199.0,189.00000000000003,210.0,198.0],[204.0,219.99999999999997,214.0,228.0]]","[{""bbox"":[200.06591796875,188.34979248046875,209.32672119140625,197.7061004638672],""confidence"":0.6553089022636414},{""bbox"":[204.1817626953125,219.88275146484375,212.73153686523438,228.43453979492188],""confidence"":0.6164164543151855},{""bbox"":[198.2917938232422,162.935791015625,206.84857177734375,172.2007598876953],""confidence"":0.5810201168060303},{""bbox"":[203.00582885742188,219.59071350097656,213.3291473388672,230.4169921875],""confidence"":0.015112902969121933},{""bbox"":[198.7853546142578,188.11715698242188,209.9380340576172,199.741943359375],""confidence"":0.009128551930189133},{""bbox"":[199.17774963378906,185.55223083496094,209.38336181640625,197.4926300048828],""confidence"":0.00858677551150322},{""bbox"":[195.23483276367188,163.04322814941406,207.12461853027344,174.01119995117188],""confidence"":0.005382627248764038},{""bbox"":[198.87901306152344,162.6164093017578,209.27020263671875,172.46707153320312],""confidence"":0.0041075353510677814},{""bbox"":[0.0,332.0,4.442328929901123,332.0],""confidence"":0.0020440793596208096}]",9,0.001
002_20200629_082823(5),3,316,332,"[[150.0,144.0,160.0,153.0],[151.0,168.00000000000003,162.0,178.0],[154.0,201.00000000000003,164.0,211.0]]","[{""bbox"":[154.55650329589844,201.3211669921875,164.32176208496094,211.0666046142578],""confidence"":0.646129310131073},{""bbox"":[152.07493591308594,168.95286560058594,161.97335815429688,179.047119140625],""confidence"":0.6378586292266846},{""bbox"":[150.3812713623047,144.0995330810547,161.17559814453125,155.02728271484375],""confidence"":0.637839674949646},{""bbox"":[151.03512573242188,168.9848175048828,162.91064453125,181.4379119873047],""confidence"":0.02939937636256218},{""bbox"":[152.87228393554688,201.91798400878906,165.79544067382812,214.73585510253906],""confidence"":0.004992416128516197}]",5,0.001
002_20200629_082828(5),3,316,332,"[[153.0,155.0,164.0,166.0],[156.0,181.0,165.0,190.99999999999997],[160.0,213.0,169.0,223.99999999999997]]","[{""bbox"":[159.3315887451172,213.18911743164062,169.2428741455078,222.93020629882812],""confidence"":0.7166982889175415},{""bbox"":[155.81787109375,180.8282012939453,165.7229461669922,190.7700653076172],""confidence"":0.6857160329818726},{""bbox"":[153.23316955566406,156.92784118652344,163.4116668701172,167.28457641601562],""confidence"":0.6308339834213257},{""bbox"":[152.34390258789062,156.38697814941406,164.27590942382812,169.27664184570312],""confidence"":0.10353346914052963},{""bbox"":[154.81997680664062,181.34400939941406,166.71194458007812,193.7903289794922],""confidence"":0.01114481221884489},{""bbox"":[156.70132446289062,214.0591583251953,170.61846923828125,227.30555725097656],""confidence"":0.0015860957792028785}]",6,0.001
002_20200629_082831(3),3,316,332,"[[149.0,142.0,159.0,152.0],[151.0,168.00000000000003,162.0,177.0],[154.0,199.0,163.0,211.0]]","[{""bbox"":[151.57528686523438,166.1057891845703,161.31527709960938,175.98410034179688],""confidence"":0.6659228801727295},{""bbox"":[150.352783203125,142.03602600097656,161.0111541748047,152.6722412109375],""confidence"":0.6604714393615723},{""bbox"":[152.7109832763672,198.898681640625,162.94204711914062,209.0258331298828],""confidence"":0.6503275632858276},{""bbox"":[150.7021942138672,165.14898681640625,162.53387451171875,177.28097534179688],""confidence"":0.11231601238250732},{""bbox"":[151.5998077392578,196.36431884765625,163.5085906982422,209.08200073242188],""confidence"":0.006688832305371761},{""bbox"":[150.86114501953125,198.44534301757812,163.2069091796875,210.85157775878906],""confidence"":0.006385436747223139},{""bbox"":[148.33599853515625,143.3332061767578,161.8733367919922,157.16416931152344],""confidence"":0.003390227910131216},{""bbox"":[153.77513122558594,198.9004364013672,165.1344757080078,210.51841735839844],""confidence"":0.002741920994594693},{""bbox"":[149.8796844482422,138.63514709472656,161.1969451904297,151.11326599121094],""confidence"":0.0010287865297868848}]",9,0.001
002_20200629_082834(2),3,316,332,"[[145.0,138.0,156.0,148.00000000000003],[146.0,162.0,155.0,171.0],[148.0,194.00000000000003,156.0,205.0]]","[{""bbox"":[147.19424438476562,195.06837463378906,157.07696533203125,205.10813903808594],""confidence"":0.6659954786300659},{""bbox"":[145.6909637451172,138.38140869140625,156.15771484375,148.81195068359375],""confidence"":0.6641373038291931},{""bbox"":[146.57296752929688,161.9742889404297,156.24114990234375,171.89573669433594],""confidence"":0.6551098227500916},{""bbox"":[145.84095764160156,160.76583862304688,157.00140380859375,173.26123046875],""confidence"":0.09542809426784515},{""bbox"":[144.0953826904297,139.54135131835938,157.55084228515625,152.67233276367188],""confidence"":0.006978792138397694},{""bbox"":[146.0027618408203,192.53076171875,157.68959045410156,204.91607666015625],""confidence"":0.005106776021420956},{""bbox"":[146.48837280273438,158.69558715820312,158.3627166748047,171.29641723632812],""confidence"":0.0011006167624145746}]",7,0.001
002_20200629_082837(0),3,316,332,"[[149.0,142.0,158.0,152.0],[150.0,166.0,158.0,174.00000000000003],[154.0,198.00000000000003,162.0,208.0]]","[{""bbox"":[149.5153045654297,164.98773193359375,159.1834716796875,174.90293884277344],""confidence"":0.6612005233764648},{""bbox"":[152.55096435546875,197.4989013671875,162.88467407226562,207.87767028808594],""confidence"":0.6477131247520447},{""bbox"":[147.34169006347656,141.14418029785156,157.49664306640625,151.3914031982422],""confidence"":0.6305885314941406},{""bbox"":[146.02586364746094,140.45632934570312,158.16683959960938,152.8064422607422],""confidence"":0.13263322412967682},{""bbox"":[148.5310821533203,164.9365997314453,160.05465698242188,177.2422332763672],""confidence"":0.02522183209657669},{""bbox"":[152.01998901367188,198.52468872070312,163.0689697265625,210.3708953857422],""confidence"":0.01671290025115013},{""bbox"":[146.94778442382812,138.25767517089844,158.7543182373047,150.8963165283203],""confidence"":0.006130951922386885},{""bbox"":[150.28089904785156,196.25936889648438,162.3063507080078,208.34854125976562],""confidence"":0.0025712496135383844},{""bbox"":[150.29052734375,162.95204162597656,161.376220703125,174.84109497070312],""confidence"":0.00145639234688133},{""bbox"":[154.12234497070312,197.5863800048828,165.04550170898438,207.99745178222656],""confidence"":0.0014497628435492516}]",10,0.001
002_20200629_082839(9),3,316,332,"[[154.0,142.0,165.0,152.0],[153.0,166.0,164.0,173.0],[154.0,198.00000000000003,162.0,208.0]]","[{""bbox"":[153.57069396972656,165.24440002441406,163.61399841308594,175.487060546875],""confidence"":0.6623913645744324},{""bbox"":[152.8804931640625,198.1225128173828,162.90945434570312,208.23973083496094],""confidence"":0.6475198268890381},{""bbox"":[154.1257781982422,141.2250518798828,164.2493133544922,151.6024627685547],""confidence"":0.6248512268066406},{""bbox"":[152.73597717285156,164.56195068359375,164.57888793945312,177.49530029296875],""confidence"":0.04859515652060509},{""bbox"":[152.1004638671875,198.05868530273438,163.7701873779297,210.57562255859375],""confidence"":0.045745957642793655},{""bbox"":[153.7341766357422,138.65420532226562,165.3728485107422,151.08819580078125],""confidence"":0.006040013860911131},{""bbox"":[153.8395233154297,198.52586364746094,165.0734405517578,209.0977325439453],""confidence"":0.0025433709379285574}]",7,0.001
002_20200714_123109(8),3,352,332,"[[192.99999999999997,168.0,202.0,175.0],[199.0,190.0,206.99999999999997,198.99999999999997],[206.00000000000003,222.0,216.0,230.00000000000003]]","[{""bbox"":[198.899658203125,190.74362182617188,207.4642333984375,199.6779022216797],""confidence"":0.643839418888092},{""bbox"":[206.44012451171875,221.59677124023438,214.87313842773438,230.117431640625],""confidence"":0.6125504970550537},{""bbox"":[194.31591796875,167.15609741210938,202.5717010498047,176.3008575439453],""confidence"":0.5989356637001038},{""bbox"":[193.16897583007812,167.4775390625,203.28707885742188,177.63282775878906],""confidence"":0.052525635808706284},{""bbox"":[204.34014892578125,221.9073944091797,214.18734741210938,230.52427673339844],""confidence"":0.022649036720395088},{""bbox"":[199.112060546875,189.38026428222656,209.5225830078125,200.10862731933594],""confidence"":0.011725405231118202},{""bbox"":[194.86062622070312,166.6451416015625,204.8284454345703,176.40744018554688],""confidence"":0.008827677927911282},{""bbox"":[191.05386352539062,166.7168731689453,201.99452209472656,176.61532592773438],""confidence"":0.0030296952463686466},{""bbox"":[0.0,332.0,4.446221828460693,332.0],""confidence"":0.002059455029666424},{""bbox"":[196.0937042236328,191.4933319091797,208.94216918945312,204.31265258789062],""confidence"":0.0014867718564346433}]",10,0.001
002_20200714_123113(1),3,352,332,"[[200.00000000000003,92.0,208.0,99.99999999999999],[199.0,116.0,210.0,124.0],[202.0,148.0,211.99999999999997,156.0]]","[{""bbox"":[202.46348571777344,147.03416442871094,211.72647094726562,156.1777801513672],""confidence"":0.6233629584312439},{""bbox"":[199.2520751953125,91.1036148071289,207.7416229248047,99.7881851196289],""confidence"":0.6210153698921204},{""bbox"":[199.91943359375,114.23548126220703,208.82325744628906,123.1068115234375],""confidence"":0.6032235026359558},{""bbox"":[198.7872314453125,88.79008483886719,208.82144165039062,100.49364471435547],""confidence"":0.0176541768014431},{""bbox"":[203.64865112304688,147.10980224609375,213.62921142578125,156.49850463867188],""confidence"":0.006451298948377371},{""bbox"":[197.5902862548828,91.68082427978516,208.588134765625,102.87716674804688],""confidence"":0.00492348475381732},{""bbox"":[199.9124755859375,147.4722137451172,210.8050537109375,156.72271728515625],""confidence"":0.002921862993389368},{""bbox"":[0.0,332.0,4.4423089027404785,332.0],""confidence"":0.002043986925855279},{""bbox"":[198.66159057617188,110.66043090820312,208.48948669433594,122.51322174072266],""confidence"":0.0019172336906194687}]",9,0.001
002_20200714_123117(3),3,352,332,"[[200.00000000000003,143.0,208.0,151.0],[201.0,165.99999999999997,210.99999999999997,174.99999999999997],[204.0,198.00000000000003,212.0,208.0]]","[{""bbox"":[199.80917358398438,143.01808166503906,208.1309814453125,151.30923461914062],""confidence"":0.6332002878189087},{""bbox"":[200.99484252929688,166.80572509765625,209.71038818359375,175.48924255371094],""confidence"":0.6258073449134827},{""bbox"":[204.18310546875,199.04034423828125,212.7269744873047,207.6275177001953],""confidence"":0.6158888339996338},{""bbox"":[200.34703063964844,141.4210968017578,209.64321899414062,151.3139190673828],""confidence"":0.020798642188310623},{""bbox"":[200.86119079589844,167.51095581054688,210.34022521972656,177.5015869140625],""confidence"":0.011004958301782608},{""bbox"":[200.47406005859375,163.18299865722656,211.47850036621094,175.520263671875],""confidence"":0.0026576207019388676},{""bbox"":[0.0,332.0,4.442317485809326,332.0],""confidence"":0.00204402394592762},{""bbox"":[196.9061737060547,143.26687622070312,209.68467712402344,155.81838989257812],""confidence"":0.0016214256174862385},{""bbox"":[199.11685180664062,163.51808166503906,208.94468688964844,175.01702880859375],""confidence"":0.0013427064986899495}]",9,0.001
002_20200714_123120(4),3,352,332,"[[197.0,141.0,206.99999999999997,149.0],[201.0,164.0,209.0,174.0],[205.0,195.00000000000003,214.00000000000003,204.0]]","[{""bbox"":[204.79356384277344,195.6624298095703,213.49501037597656,204.24484252929688],""confidence"":0.6479975581169128},{""bbox"":[200.55540466308594,163.7899169921875,209.42845153808594,172.5181121826172],""confidence"":0.599703311920166},{""bbox"":[198.13279724121094,139.9439239501953,206.87950134277344,149.1727294921875],""confidence"":0.5709428191184998},{""bbox"":[197.057373046875,140.40835571289062,207.7342987060547,151.2879638671875],""confidence"":0.015843471512198448},{""bbox"":[198.9575958251953,139.68936157226562,209.26332092285156,149.59359741210938],""confidence"":0.006139735691249371},{""bbox"":[195.5528564453125,140.00518798828125,206.4590301513672,149.6683807373047],""confidence"":0.005359624046832323},{""bbox"":[198.2622833251953,137.21524047851562,208.26751708984375,149.57936096191406],""confidence"":0.004521659109741449},{""bbox"":[0.0,332.0,4.442317962646484,332.0],""confidence"":0.0020440230146050453}]",8,0.001
002_20200714_123123(5),3,352,332,"[[195.0,164.0,204.0,172.99999999999997],[198.0,189.00000000000003,206.0,198.0],[199.0,222.0,208.0,230.00000000000003]]","[{""bbox"":[196.18601989746094,164.5489044189453,205.21435546875,173.49130249023438],""confidence"":0.6398099064826965},{""bbox"":[197.14071655273438,188.75172424316406,206.14910888671875,197.7909393310547],""confidence"":0.6195985078811646},{""bbox"":[199.39663696289062,221.2716064453125,207.34408569335938,229.62339782714844],""confidence"":0.6142697930335999},{""bbox"":[199.7247314453125,221.41244506835938,209.3120574951172,230.6245880126953],""confidence"":0.01688575930893421},{""bbox"":[196.28504943847656,188.62770080566406,207.0332794189453,199.66287231445312],""confidence"":0.010885941796004772},{""bbox"":[196.70281982421875,185.4904022216797,207.13902282714844,198.15045166015625],""confidence"":0.002537971828132868},{""bbox"":[0.0,332.0,4.442363739013672,332.0],""confidence"":0.0020441825035959482},{""bbox"":[194.93875122070312,165.4099578857422,206.3213348388672,177.71664428710938],""confidence"":0.001347720273770392},{""bbox"":[199.0102081298828,188.65402221679688,209.32310485839844,198.53038024902344],""confidence"":0.0010041437344625592}]",9,0.001
002_20200714_123126(4),3,352,332,"[[192.0,149.0,201.0,159.0],[193.0,173.0,204.0,181.99999999999997],[199.00000000000003,206.00000000000003,209.0,214.99999999999997]]","[{""bbox"":[195.3096160888672,174.08685302734375,203.6644287109375,182.53981018066406],""confidence"":0.636986255645752},{""bbox"":[199.1248779296875,206.10263061523438,207.7366943359375,214.98199462890625],""confidence"":0.6203117370605469},{""bbox"":[192.0026092529297,150.1531524658203,201.08834838867188,159.150146484375],""confidence"":0.5868967771530151},{""bbox"":[195.60580444335938,172.1648712158203,205.24208068847656,182.39956665039062],""confidence"":0.013396390713751316},{""bbox"":[198.6336212158203,203.21563720703125,208.89761352539062,215.6321258544922],""confidence"":0.005355647299438715},{""bbox"":[197.80982971191406,206.07907104492188,208.47622680664062,217.2352294921875],""confidence"":0.005181934684514999},{""bbox"":[0.0,332.0,4.442346572875977,332.0],""confidence"":0.002044122200459242},{""bbox"":[193.164306640625,174.44134521484375,205.1493682861328,186.5822296142578],""confidence"":0.0017882226966321468}]",8,0.001
002_20200831_203101(4),3,316,332,"[[248.00000000000003,156.0,257.0,165.0]]","[{""bbox"":[247.49017333984375,155.1292724609375,257.84674072265625,165.1390838623047],""confidence"":0.6653470396995544},{""bbox"":[245.31686401367188,155.7349395751953,258.6600036621094,169.429443359375],""confidence"":0.002891348209232092}]",2,0.001
002_20200831_203105(9),3,316,332,"[[243.0,153.0,251.99999999999997,164.0]]","[{""bbox"":[241.00653076171875,153.63485717773438,250.77235412597656,163.58216857910156],""confidence"":0.6447877287864685},{""bbox"":[240.17308044433594,152.66017150878906,251.55203247070312,164.95562744140625],""confidence"":0.13774782419204712}]",2,0.001
002_20200901_083204(5),3,316,332,"[[243.0,162.99999999999997,252.99999999999997,171.99999999999997]]","[{""bbox"":[242.73374938964844,162.35890197753906,254.0448760986328,173.42799377441406],""confidence"":0.6471146941184998},{""bbox"":[240.47488403320312,159.21571350097656,253.53790283203125,172.00070190429688],""confidence"":0.002416082890704274},{""bbox"":[241.4786376953125,164.2771759033203,254.8126678466797,177.7078094482422],""confidence"":0.0020791988354176283}]",3,0.001
002_20200901_123049(7),3,316,332,"[[246.0,144.0,260.0,153.0]]","[{""bbox"":[246.80722045898438,143.06326293945312,257.2462463378906,153.3213653564453],""confidence"":0.6432763338088989},{""bbox"":[244.91543579101562,143.51333618164062,257.5611572265625,156.94879150390625],""confidence"":0.012126931920647621}]",2,0.001
002_20200901_123052(7),3,316,332,"[[241.00000000000003,155.0,251.0,165.0]]","[{""bbox"":[242.06796264648438,156.3318328857422,251.9273223876953,166.39944458007812],""confidence"":0.6348316073417664},{""bbox"":[240.86778259277344,156.36953735351562,252.4525909423828,169.19802856445312],""confidence"":0.02330787479877472}]",2,0.001
002_20200901_123100(3),3,316,332,"[[251.0,168.0,260.0,180.0]]","[{""bbox"":[251.20526123046875,168.49075317382812,262.0789489746094,179.39198303222656],""confidence"":0.6273356676101685},{""bbox"":[250.10992431640625,168.2738800048828,262.65362548828125,181.9295654296875],""confidence"":0.028481384739279747}]",2,0.001
002_20200901_123104(8),3,316,332,"[[245.0,164.0,255.0,175.0]]","[{""bbox"":[244.0882568359375,163.9920654296875,254.67835998535156,174.7978515625],""confidence"":0.6247801184654236},{""bbox"":[243.04185485839844,164.4097137451172,255.56898498535156,177.63107299804688],""confidence"":0.02200595661997795},{""bbox"":[242.14328002929688,162.91171264648438,254.7518768310547,175.9700927734375],""confidence"":0.010100121609866619}]",3,0.001
002_20200901_123109(2),3,316,332,"[[249.0,173.0,260.0,184.0]]","[{""bbox"":[247.59938049316406,171.9232940673828,258.6497802734375,182.7957000732422],""confidence"":0.627189576625824},{""bbox"":[246.5096893310547,172.6582489013672,259.2099914550781,185.84547424316406],""confidence"":0.016776103526353836},{""bbox"":[249.25108337402344,172.3080291748047,260.4147033691406,183.02516174316406],""confidence"":0.0024426754098385572}]",3,0.001
002_20200905_083407(3),3,316,332,"[[240.00000000000003,150.0,250.0,159.0]]","[{""bbox"":[239.8100128173828,150.01226806640625,250.76290893554688,161.13449096679688],""confidence"":0.6629356741905212},{""bbox"":[237.5960235595703,148.81021118164062,250.32269287109375,161.96328735351562],""confidence"":0.008042201399803162},{""bbox"":[238.5187530517578,151.72500610351562,251.66310119628906,165.14842224121094],""confidence"":0.0038370266556739807},{""bbox"":[238.92108154296875,146.78346252441406,252.30523681640625,159.72650146484375],""confidence"":0.002733138855546713}]",4,0.001
002_20200905_083410(5),3,316,332,"[[245.0,157.0,255.0,168.0]]","[{""bbox"":[245.11447143554688,156.60545349121094,255.69256591796875,167.3598175048828],""confidence"":0.6962613463401794},{""bbox"":[245.70791625976562,154.75796508789062,257.15728759765625,167.0955047607422],""confidence"":0.019559798762202263}]",2,0.001
002_20200905_083413(6),3,316,332,"[[247.00000000000003,140.0,255.0,149.0]]","[{""bbox"":[246.45509338378906,139.1867218017578,257.40057373046875,150.19920349121094],""confidence"":0.7019796967506409},{""bbox"":[245.16140747070312,139.55775451660156,258.0484313964844,152.6235809326172],""confidence"":0.01585628092288971},{""bbox"":[118.38151550292969,91.69467163085938,124.1987075805664,96.68950653076172],""confidence"":0.001842330559156835},{""bbox"":[117.11695098876953,91.84930419921875,123.04765319824219,96.98424530029297],""confidence"":0.001285529462620616}]",4,0.001
002_20200905_083416(3),3,316,332,"[[246.0,122.0,255.0,131.0]]","[{""bbox"":[245.97470092773438,120.99346923828125,256.28973388671875,131.2194061279297],""confidence"":0.6000759601593018}]",1,0.001
002_20200905_083419(3),3,316,332,"[[244.0,179.0,251.99999999999997,191.00000000000003]]","[{""bbox"":[243.878173828125,180.89547729492188,253.82118225097656,190.6637725830078],""confidence"":0.6532751321792603},{""bbox"":[242.51034545898438,181.0162353515625,254.6527099609375,194.07958984375],""confidence"":0.010669459588825703},{""bbox"":[245.73574829101562,181.48768615722656,256.0854797363281,191.00927734375],""confidence"":0.0018263219390064478}]",3,0.001
002_20200905_083422(4),3,316,332,"[[244.0,173.0,253.99999999999997,184.0]]","[{""bbox"":[243.30325317382812,173.6190185546875,253.5720672607422,184.0142822265625],""confidence"":0.674746572971344},{""bbox"":[241.7306671142578,173.2523651123047,254.06314086914062,185.79595947265625],""confidence"":0.02327333390712738},{""bbox"":[282.53118896484375,144.91665649414062,289.8134460449219,151.03225708007812],""confidence"":0.0013443551724776626},{""bbox"":[245.2397003173828,173.78233337402344,256.1636047363281,184.5600128173828],""confidence"":0.0010646614246070385}]",4,0.001
002_20200905_163920(4),3,316,332,"[[238.0,157.0,246.99999999999997,168.0]]","[{""bbox"":[238.0094757080078,158.49705505371094,247.3104705810547,168.0597381591797],""confidence"":0.5685592293739319},{""bbox"":[237.46681213378906,155.28533935546875,248.20762634277344,167.38970947265625],""confidence"":0.002799215028062463}]",2,0.001
002_20200905_163924(2),3,316,332,"[[237.0,146.0,245.99999999999997,155.0]]","[{""bbox"":[237.60983276367188,146.382080078125,246.28514099121094,155.4151153564453],""confidence"":0.5623120069503784},{""bbox"":[236.75843811035156,142.86949157714844,247.28411865234375,155.0251007080078],""confidence"":0.002518748864531517}]",2,0.001
002_20200905_163928(3),3,316,332,"[[242.00000000000003,138.0,251.0,148.00000000000003]]","[{""bbox"":[241.9696502685547,138.787109375,250.6491241455078,147.58775329589844],""confidence"":0.616532564163208},{""bbox"":[239.8539276123047,141.11480712890625,251.4622344970703,152.26144409179688],""confidence"":0.0016581810778006911}]",2,0.001
002_20200905_163932(3),3,316,332,"[[241.00000000000003,132.0,251.0,144.0]]","[{""bbox"":[242.26654052734375,133.12496948242188,251.3693084716797,142.54074096679688],""confidence"":0.6510879993438721},{""bbox"":[241.04161071777344,130.29856872558594,253.13427734375,142.84820556640625],""confidence"":0.006771710701286793}]",2,0.001
002_20200905_163936(3),3,316,332,"[[247.00000000000003,135.0,257.0,145.00000000000003]]","[{""bbox"":[248.16624450683594,135.50411987304688,257.6389465332031,145.14456176757812],""confidence"":0.6098971962928772},{""bbox"":[247.2937774658203,137.33399963378906,257.6103820800781,147.966796875],""confidence"":0.0025275731459259987},{""bbox"":[249.97833251953125,135.32350158691406,260.25433349609375,144.86280822753906],""confidence"":0.0021522401366382837}]",3,0.001
002_20200905_163940(2),3,316,332,"[[246.0,166.0,253.99999999999997,174.00000000000003]]","[{""bbox"":[247.1107940673828,166.00335693359375,255.8164825439453,174.97515869140625],""confidence"":0.6146275997161865},{""bbox"":[246.49752807617188,163.44134521484375,257.0296630859375,175.7337646484375],""confidence"":0.016637977212667465},{""bbox"":[246.44129943847656,167.62197875976562,255.5376739501953,176.75120544433594],""confidence"":0.0059451088309288025}]",3,0.001
002_20200907_204635(5),3,316,332,"[[239.0,109.99999999999999,250.0,120.0]]","[{""bbox"":[240.1852569580078,110.71946716308594,249.6509552001953,120.23271179199219],""confidence"":0.6188308000564575},{""bbox"":[239.05130004882812,111.43838500976562,250.09646606445312,123.22319793701172],""confidence"":0.005561698228120804},{""bbox"":[241.579833984375,110.55729675292969,251.9610595703125,120.42757415771484],""confidence"":0.0046220989897847176},{""bbox"":[238.4650115966797,109.42090606689453,248.935791015625,120.21492767333984],""confidence"":0.003080051625147462}]",4,0.001
002_20200907_204640(0),3,316,332,"[[248.00000000000003,172.0,258.0,181.99999999999997]]","[{""bbox"":[249.91098022460938,173.20379638671875,258.5060729980469,182.12950134277344],""confidence"":0.637894332408905},{""bbox"":[250.73374938964844,171.52603149414062,260.6114807128906,182.12399291992188],""confidence"":0.0029433949384838343},{""bbox"":[248.23141479492188,173.4122772216797,259.790771484375,185.42489624023438],""confidence"":0.0025076507590711117},{""bbox"":[247.13119506835938,173.00807189941406,258.2275695800781,182.82302856445312],""confidence"":0.001796421129256487}]",4,0.001
002_20200907_204644(5),3,316,332,"[[246.0,140.0,256.0,151.0]]","[{""bbox"":[247.64825439453125,139.529296875,256.747802734375,148.711181640625],""confidence"":0.6115858554840088},{""bbox"":[245.75918579101562,141.40252685546875,256.8132019042969,152.20497131347656],""confidence"":0.0023145161103457212}]",2,0.001
002_20200907_204649(0),3,316,332,"[[238.0,105.0,248.0,115.00000000000001]]","[{""bbox"":[239.7319793701172,106.16849517822266,248.5806427001953,114.87812042236328],""confidence"":0.6116783022880554},{""bbox"":[237.5518341064453,106.65628814697266,249.56654357910156,119.31288146972656],""confidence"":0.002097838558256626}]",2,0.001
002_20200907_204653(4),3,316,332,"[[243.0,122.0,252.99999999999997,134.0]]","[{""bbox"":[244.064697265625,123.55323028564453,252.94100952148438,132.53944396972656],""confidence"":0.6130189895629883},{""bbox"":[242.7884979248047,122.00560760498047,252.39796447753906,132.1894989013672],""confidence"":0.008284982293844223},{""bbox"":[242.88702392578125,124.05657958984375,253.65887451171875,135.6718292236328],""confidence"":0.004429204389452934}]",3,0.001
