stem,object_id,fold_id,gt_bbox_json,matched_prediction,prediction_confidence,prediction_bbox_json,iou,status,localization_status,error_type,report_confidence_threshold
001_20200622_203330(3),0,1,"[363.0,228.00000000000003,372.0,237.0]",True,0.6205753684043884,"[360.90032958984375,225.8330535888672,372.8856201171875,238.49952697753906]",0.5335568966764129,TP,IOU_GE_0.50,MATCHED,0.25
001_20200622_203330(3),1,1,"[366.0,257.0,376.0,272.0]",True,0.5731831789016724,"[365.0660400390625,257.1372375488281,378.32708740234375,270.07257080078125]",0.6730746803406368,TP,IOU_GE_0.50,MATCHED,0.25
001_20200622_203330(3),2,1,"[371.99999999999994,294.0,383.0,305.00000000000006]",True,0.6050057411193848,"[370.967041015625,294.3982238769531,383.4705810546875,306.0297546386719]",0.7784196205144899,TP,IOU_GE_0.50,MATCHED,0.25
001_20200623_003516(8),0,1,"[346.99999999999994,178.0,358.0,189.99999999999997]",True,0.5935121774673462,"[346.63177490234375,177.35333251953125,358.7755126953125,190.19009399414062]",0.8467711995776066,TP,IOU_GE_0.50,MATCHED,0.25
001_20200623_003516(8),1,1,"[342.99999999999994,211.0,358.0,223.99999999999997]",True,0.5810052752494812,"[343.07763671875,210.94287109375,355.6188659667969,222.76466369628906]",0.7538627021096652,TP,IOU_GE_0.50,MATCHED,0.25
001_20200623_003516(8),2,1,"[341.00000000000006,253.00000000000003,353.0,267.0]",True,0.6031870245933533,"[340.4994812011719,255.86032104492188,351.8636169433594,268.3072814941406]",0.6422336441845041,TP,IOU_GE_0.50,MATCHED,0.25
001_20200623_003520(5),0,1,"[339.99999999999994,183.0,351.0,198.0]",True,0.6019126176834106,"[338.7889099121094,182.87838745117188,351.47711181640625,196.45875549316406]",0.7822206016696672,TP,IOU_GE_0.50,MATCHED,0.25
001_20200623_003520(5),1,1,"[340.0,218.00000000000003,355.00000000000006,229.00000000000003]",True,0.6230953931808472,"[341.00250244140625,216.66441345214844,353.2962646484375,229.14329528808594]",0.7382390548919856,TP,IOU_GE_0.50,MATCHED,0.25
001_20200623_003520(5),2,1,"[346.99999999999994,260.0,358.0,273.99999999999994]",True,0.663888156414032,"[345.68670654296875,261.38934326171875,358.2840576171875,274.7578430175781]",0.7551683611575961,TP,IOU_GE_0.50,MATCHED,0.25
001_20200623_003524(0),0,1,"[342.0,186.0,355.0,196.0]",True,0.5771746635437012,"[343.12420654296875,184.0845947265625,355.9623107910156,196.89938354492188]",0.6756836832612615,TP,IOU_GE_0.50,MATCHED,0.25
001_20200623_003524(0),1,1,"[341.0,215.00000000000003,356.0,232.0]",True,0.604182243347168,"[342.3060607910156,217.47207641601562,355.20147705078125,230.0863037109375]",0.6379047520130008,TP,IOU_GE_0.50,MATCHED,0.25
001_20200623_003524(0),2,1,"[340.0,263.0,353.0,275.0]",True,0.6231628060340881,"[340.9129638671875,262.7848205566406,352.6046447753906,275.6714782714844]",0.8433197477294875,TP,IOU_GE_0.50,MATCHED,0.25
001_20200623_003529(0),0,1,"[348.0,163.0,360.99999999999994,175.0]",True,0.6020391583442688,"[348.609619140625,162.86740112304688,360.7977294921875,175.51199340820312]",0.8925947245497184,TP,IOU_GE_0.50,MATCHED,0.25
001_20200623_003529(0),1,1,"[348.0,196.0,360.99999999999994,210.0]",True,0.6061537861824036,"[347.51568603515625,196.10116577148438,360.3407897949219,209.47274780273438]",0.8755270943197129,TP,IOU_GE_0.50,MATCHED,0.25
001_20200623_003529(0),2,1,"[350.0,241.0,361.0,254.99999999999997]",True,0.6368971467018127,"[348.23785400390625,241.8946533203125,359.6131591796875,254.19659423828125]",0.6731670452278091,TP,IOU_GE_0.50,MATCHED,0.25
001_20200623_003532(5),0,1,"[339.00000000000006,148.00000000000003,351.0,159.0]",True,0.6268494129180908,"[339.2579650878906,146.76036071777344,351.548583984375,160.1774139404297]",0.7700085016297702,TP,IOU_GE_0.50,MATCHED,0.25
001_20200623_003532(5),1,1,"[358.0,223.99999999999997,368.00000000000006,233.99999999999997]",True,0.6116626858711243,"[356.0312194824219,222.88583374023438,368.4064636230469,235.21578979492188]",0.655367190734901,TP,IOU_GE_0.50,MATCHED,0.25
001_20200623_003532(5),2,1,"[347.0,179.99999999999997,360.0,192.0]",True,0.6167546510696411,"[345.4236145019531,179.56471252441406,358.45587158203125,192.46002197265625]",0.7367730851815572,TP,IOU_GE_0.50,MATCHED,0.25
001_20200623_003536(0),0,1,"[348.00000000000006,160.0,360.0,169.0]",True,0.6185199022293091,"[348.06451416015625,157.5380859375,360.2553405761719,169.47067260742188]",0.7355036893890067,TP,IOU_GE_0.50,MATCHED,0.25
001_20200623_003536(0),1,1,"[349.0,194.00000000000003,360.99999999999994,205.0]",True,0.6010770797729492,"[348.0500793457031,191.03257751464844,360.10235595703125,203.8148956298828]",0.6153366143499096,TP,IOU_GE_0.50,MATCHED,0.25
001_20200623_003536(0),2,1,"[350.00000000000006,238.00000000000003,363.0,247.0]",True,0.6231821179389954,"[349.6539001464844,236.76739501953125,362.24169921875,248.3602294921875]",0.721264451760188,TP,IOU_GE_0.50,MATCHED,0.25
001_20200623_082407(9),0,1,"[339.99999999999994,201.0,351.0,215.0]",True,0.590809166431427,"[339.72015380859375,200.93768310546875,352.1615295410156,213.3716278076172]",0.788424187628783,TP,IOU_GE_0.50,MATCHED,0.25
001_20200623_082407(9),1,1,"[345.0,233.0,357.0,247.99999999999997]",True,0.6361401081085205,"[344.3551330566406,233.0293731689453,357.7265930175781,247.0575408935547]",0.8449046283516095,TP,IOU_GE_0.50,MATCHED,0.25
001_20200623_082407(9),2,1,"[353.99999999999994,275.0,365.0,293.99999999999994]",True,0.6573240756988525,"[352.3863525390625,277.6341857910156,365.15533447265625,291.04302978515625]",0.6337971905127163,TP,IOU_GE_0.50,MATCHED,0.25
001_20200623_082411(0),0,1,"[339.99999999999994,186.00000000000003,351.0,198.0]",True,0.628618061542511,"[339.45611572265625,185.55113220214844,351.53173828125,197.95387268066406]",0.8749944297766848,TP,IOU_GE_0.50,MATCHED,0.25
001_20200623_082411(0),1,1,"[342.99999999999994,219.0,358.0,230.00000000000003]",True,0.6334934830665588,"[343.5072021484375,218.2296142578125,356.96038818359375,232.11424255371094]",0.7261022737095628,TP,IOU_GE_0.50,MATCHED,0.25
001_20200623_082411(0),2,1,"[350.0,263.0,364.0,275.0]",True,0.648314356803894,"[351.4043884277344,263.28173828125,364.2289123535156,276.32647705078125]",0.7863797361620937,TP,IOU_GE_0.50,MATCHED,0.25
001_20200623_082414(1),0,1,"[342.0,146.0,355.0,160.0]",True,0.604417622089386,"[343.3392333984375,148.37936401367188,356.09027099609375,161.02215576171875]",0.6523998244929475,TP,IOU_GE_0.50,MATCHED,0.25
001_20200623_082414(1),1,1,"[348.00000000000006,183.0,360.0,194.99999999999997]",True,0.6104843616485596,"[348.2120056152344,181.56378173828125,360.1239318847656,193.69625854492188]",0.7762392264935193,TP,IOU_GE_0.50,MATCHED,0.25
001_20200623_082414(1),2,1,"[354.0,228.00000000000003,362.0,237.0]",False,0.6529639959335327,"[352.7891845703125,226.325439453125,364.8819580078125,239.24371337890625]",0.4608950998765619,FN,NOT_MATCHED,LOCALIZATION_FAILURE,0.25
001_20200623_082416(7),0,1,"[368.0,248.00000000000003,379.0,257.0]",True,0.5995554327964783,"[366.3514709472656,245.0902557373047,379.7078552246094,258.5728454589844]",0.5497597874193553,TP,IOU_GE_0.50,MATCHED,0.25
001_20200623_082416(7),1,1,"[376.0,283.0,385.0,293.0]",True,0.6342809796333313,"[372.2416687011719,282.2354736328125,385.2174987792969,294.8179931640625]",0.5512387592620603,TP,IOU_GE_0.50,MATCHED,0.25
001_20200623_082416(7),2,1,"[362.99999999999994,215.0,374.0,226.0]",True,0.6433032751083374,"[362.91864013671875,213.45677185058594,375.5389709472656,226.25177001953125]",0.7493322136519429,TP,IOU_GE_0.50,MATCHED,0.25
001_20200623_082419(6),0,1,"[366.00000000000006,188.0,378.0,199.0]",True,0.5861732959747314,"[364.9765625,185.887451171875,377.8645324707031,197.96340942382812]",0.6977265225924965,TP,IOU_GE_0.50,MATCHED,0.25
001_20200623_082419(6),1,1,"[366.0,215.0,381.0,228.99999999999997]",True,0.6158676743507385,"[365.3747253417969,217.89315795898438,378.1942138671875,230.76473999023438]",0.5653479133591057,TP,IOU_GE_0.50,MATCHED,0.25
001_20200623_082419(6),2,1,"[370.0,256.0,383.0,268.0]",True,0.625744104385376,"[369.44549560546875,254.88890075683594,381.63922119140625,268.08843994140625]",0.7878494008413668,TP,IOU_GE_0.50,MATCHED,0.25
001_20200623_082422(5),0,1,"[360.99999999999994,214.0,371.0,229.00000000000003]",True,0.650351881980896,"[359.3860778808594,213.23220825195312,372.18603515625,226.44876098632812]",0.6394351944521188,TP,IOU_GE_0.50,MATCHED,0.25
001_20200623_082422(5),1,1,"[365.0,243.99999999999997,378.0,257.0]",True,0.602145254611969,"[363.24127197265625,244.5029754638672,376.5738525390625,257.9881591796875]",0.708479957760967,TP,IOU_GE_0.50,MATCHED,0.25
001_20200623_082422(5),2,1,"[371.0,282.0,382.99999999999994,293.0]",True,0.6333575248718262,"[369.39764404296875,281.4308776855469,381.2789001464844,293.58526611328125]",0.6922178476126348,TP,IOU_GE_0.50,MATCHED,0.25
001_20200624_043315(2),0,1,"[342.0,150.0,355.0,162.00000000000003]",True,0.6121618151664734,"[342.3707275390625,149.52944946289062,355.9643249511719,163.31472778320312]",0.7899868053645103,TP,IOU_GE_0.50,MATCHED,0.25
001_20200624_043315(2),1,1,"[342.0,186.00000000000003,357.00000000000006,198.0]",True,0.6057714819908142,"[343.1243896484375,185.07716369628906,356.2481994628906,197.78372192382812]",0.8049888985202546,TP,IOU_GE_0.50,MATCHED,0.25
001_20200624_043315(2),2,1,"[347.0,230.00000000000003,360.0,242.0]",True,0.5827065110206604,"[345.70477294921875,229.9371337890625,357.9532775878906,241.8350067138672]",0.753241362413104,TP,IOU_GE_0.50,MATCHED,0.25
001_20200624_043324(2),0,1,"[342.0,152.0,356.0,165.00000000000003]",True,0.6339796185493469,"[342.9373779296875,151.1551971435547,356.16815185546875,164.082763671875]",0.8085306849189037,TP,IOU_GE_0.50,MATCHED,0.25
001_20200624_043324(2),1,1,"[342.0,186.0,357.00000000000006,196.99999999999997]",True,0.5945126414299011,"[343.2543640136719,185.2427215576172,356.201416015625,197.65936279296875]",0.7767892475488873,TP,IOU_GE_0.50,MATCHED,0.25
001_20200624_043324(2),2,1,"[345.0,230.00000000000003,360.99999999999994,245.0]",True,0.6307453513145447,"[345.08819580078125,230.5951690673828,357.854736328125,242.9976348876953]",0.6597357605584002,TP,IOU_GE_0.50,MATCHED,0.25
001_20200624_043328(7),0,1,"[342.0,151.0,355.0,170.0]",True,0.5913443565368652,"[342.7195129394531,156.24722290039062,355.27496337890625,168.40313720703125]",0.5963054189161824,TP,IOU_GE_0.50,MATCHED,0.25
001_20200624_043328(7),1,1,"[343.0,189.99999999999997,355.0,203.0]",True,0.6185160875320435,"[343.4778137207031,188.7314910888672,356.7850036621094,202.0546112060547]",0.7144909341343675,TP,IOU_GE_0.50,MATCHED,0.25
001_20200624_043328(7),2,1,"[344.99999999999994,233.99999999999997,360.0,247.0]",True,0.6581450700759888,"[345.9986572265625,234.0413055419922,358.107177734375,247.07098388671875]",0.8011386208460815,TP,IOU_GE_0.50,MATCHED,0.25
001_20200624_043333(2),0,1,"[338.0,155.0,355.0,170.0]",True,0.5968430638313293,"[341.1686096191406,155.1493377685547,352.92901611328125,167.87611389160156]",0.586949257125311,TP,IOU_GE_0.50,MATCHED,0.25
001_20200624_043333(2),1,1,"[340.0,190.0,355.99999999999994,205.0]",True,0.6162808537483215,"[340.2574462890625,189.0047149658203,352.5377502441406,201.88168334960938]",0.5785000913683316,TP,IOU_GE_0.50,MATCHED,0.25
001_20200624_043333(2),2,1,"[343.0,234.00000000000003,356.0,249.00000000000003]",True,0.6406380534172058,"[341.8726806640625,234.55010986328125,353.6468505859375,246.8222198486328]",0.6256593955089695,TP,IOU_GE_0.50,MATCHED,0.25
001_20200624_043337(8),0,1,"[337.99999999999994,152.0,353.0,166.0]",True,0.6086047291755676,"[339.7634582519531,153.20272827148438,351.5882568359375,165.94329833984375]",0.7174032138261385,TP,IOU_GE_0.50,MATCHED,0.25
001_20200624_043337(8),1,1,"[340.0,186.0,355.99999999999994,201.0]",True,0.6128532886505127,"[339.88348388671875,187.82423400878906,352.03863525390625,200.4752655029297]",0.6307143743295095,TP,IOU_GE_0.50,MATCHED,0.25
001_20200624_043337(8),2,1,"[342.0,232.0,356.0,245.0]",True,0.6604556441307068,"[342.383056640625,231.4850616455078,355.451904296875,244.43650817871094]",0.8611833380817427,TP,IOU_GE_0.50,MATCHED,0.25
001_20200624_083150(7),0,1,"[339.00000000000006,148.0,356.0,161.0]",True,0.6227537989616394,"[341.8499755859375,150.18435668945312,354.2459411621094,161.89002990722656]",0.5778077653885058,TP,IOU_GE_0.50,MATCHED,0.25
001_20200624_083150(7),1,1,"[346.0,181.0,361.0,196.0]",True,0.6165618896484375,"[348.1118469238281,181.76565551757812,360.0962219238281,194.30392456054688]",0.6678369691636827,TP,IOU_GE_0.50,MATCHED,0.25
001_20200624_083150(7),2,1,"[355.0,223.99999999999997,369.0,240.0]",True,0.6511274576187134,"[356.4964904785156,226.0360565185547,369.1015625,238.99508666992188]",0.719137779552406,TP,IOU_GE_0.50,MATCHED,0.25
001_20200624_083153(8),0,1,"[349.0,150.0,363.0,163.0]",True,0.582984209060669,"[350.4684143066406,149.85057067871094,363.655517578125,162.7391815185547]",0.8300804284165827,TP,IOU_GE_0.50,MATCHED,0.25
001_20200624_083153(8),1,1,"[349.0,182.0,364.00000000000006,197.0]",True,0.6021159887313843,"[349.180419921875,184.57513427734375,361.941162109375,197.2901611328125]",0.6932604119775172,TP,IOU_GE_0.50,MATCHED,0.25
001_20200624_083153(8),2,1,"[349.0,231.0,363.0,242.99999999999997]",True,0.6089715361595154,"[349.429443359375,229.50576782226562,362.3639831542969,242.27615356445312]",0.7785940999470606,TP,IOU_GE_0.50,MATCHED,0.25
001_20200624_083156(9),0,1,"[335.99999999999994,220.00000000000003,351.0,232.0]",True,0.6165695190429688,"[337.5283508300781,219.51425170898438,350.19287109375,232.7030029296875]",0.779135481135506,TP,IOU_GE_0.50,MATCHED,0.25
001_20200624_083156(9),1,1,"[357.0,295.0,369.99999999999994,308.0]",True,0.6520687937736511,"[355.5665588378906,295.9884948730469,367.37664794921875,307.90545654296875]",0.6645346720514894,TP,IOU_GE_0.50,MATCHED,0.25
001_20200624_083156(9),2,1,"[344.99999999999994,249.99999999999997,360.0,266.0]",True,0.6134966015815735,"[344.649658203125,251.85472106933594,357.7779846191406,264.7392578125]",0.6733292076561569,TP,IOU_GE_0.50,MATCHED,0.25
001_20200624_083159(6),0,1,"[351.0,204.0,365.0,217.0]",True,0.6240794062614441,"[353.33294677734375,204.3060302734375,365.48809814453125,217.17086791992188]",0.7783624260677511,TP,IOU_GE_0.50,MATCHED,0.25
001_20200624_083159(6),1,1,"[358.0,232.0,373.99999999999994,247.0]",True,0.566472589969635,"[360.14599609375,233.99537658691406,372.4429931640625,246.83367919921875]",0.6578023733804026,TP,IOU_GE_0.50,MATCHED,0.25
001_20200624_083159(6),2,1,"[371.0,268.0,384.0,281.0]",True,0.6244344711303711,"[369.31561279296875,268.8173828125,380.9925537109375,280.8499755859375]",0.6352717755048807,TP,IOU_GE_0.50,MATCHED,0.25
001_20200624_083202(6),0,1,"[341.0,198.0,361.0,218.99999999999997]",False,0.03724819794297218,"[347.0460510253906,204.92001342773438,360.6513671875,219.26226806640625]",0.4522592838660555,FN,NOT_MATCHED,NO_DETECTION,0.25
001_20200624_083202(6),1,1,"[355.0,232.0,369.0,245.0]",True,0.6014276146888733,"[355.4880676269531,231.9732666015625,368.1417236328125,244.60765075683594]",0.87492807267041,TP,IOU_GE_0.50,MATCHED,0.25
001_20200624_083202(6),2,1,"[368.00000000000006,263.0,381.0,278.0]",True,0.6067797541618347,"[368.5165100097656,264.23187255859375,380.72381591796875,276.5729675292969]",0.772571905382363,TP,IOU_GE_0.50,MATCHED,0.25
001_20200624_083205(7),0,1,"[350.0,200.0,368.0,215.0]",True,0.5994696021080017,"[350.79937744140625,201.16537475585938,363.8481140136719,213.69737243652344]",0.6056545794786264,TP,IOU_GE_0.50,MATCHED,0.25
001_20200624_083205(7),1,1,"[355.0,231.0,371.99999999999994,242.99999999999997]",True,0.6185644268989563,"[357.178955078125,231.8011932373047,370.4566955566406,245.14056396484375]",0.6397627764814287,TP,IOU_GE_0.50,MATCHED,0.25
001_20200624_083205(7),2,1,"[364.0,268.0,379.0,280.0]",True,0.6220101118087769,"[365.9772644042969,267.18499755859375,378.6000061035156,279.1824035644531]",0.7417856839274737,TP,IOU_GE_0.50,MATCHED,0.25
001_20200727_204954(7),0,1,"[317.0,152.0,328.00000000000006,160.00000000000003]",True,0.5968940258026123,"[317.5287780761719,149.6821746826172,329.3619384765625,161.71484375]",0.5713598946603118,TP,IOU_GE_0.50,MATCHED,0.25
001_20200727_204958(2),0,1,"[321.00000000000006,148.0,329.0,156.0]",False,0.6391831040382385,"[320.85089111328125,145.7049102783203,333.0256042480469,157.2694549560547]",0.45456155149462024,FN,NOT_MATCHED,LOCALIZATION_FAILURE,0.25
001_20200728_123129(2),0,1,"[331.0,203.0,340.0,213.0]",True,0.6153955459594727,"[330.6704406738281,201.7655792236328,342.9214782714844,213.41949462890625]",0.6303732499713387,TP,IOU_GE_0.50,MATCHED,0.25
001_20200728_123132(4),0,1,"[323.0,226.0,332.0,237.99999999999997]",True,0.6072738766670227,"[322.0638732910156,226.86871337890625,333.8042907714844,238.44247436523438]",0.6971616770399485,TP,IOU_GE_0.50,MATCHED,0.25
001_20200810_203208(7),0,1,"[315.0,187.0,324.0,198.0]",True,0.6139863133430481,"[314.45953369140625,186.35574340820312,327.0926818847656,197.90853881835938]",0.6689102790432967,TP,IOU_GE_0.50,MATCHED,0.25
001_20200810_203212(6),0,1,"[315.99999999999994,194.99999999999997,330.0,207.0]",True,0.6124631762504578,"[315.71136474609375,194.9259033203125,328.43023681640625,207.25196838378906]",0.8493944526997227,TP,IOU_GE_0.50,MATCHED,0.25
001_20200811_043037(3),0,1,"[315.99999999999994,222.0,326.0,233.00000000000003]",True,0.5896150469779968,"[314.7627868652344,222.63722229003906,326.68878173828125,233.39524841308594]",0.7694805088591528,TP,IOU_GE_0.50,MATCHED,0.25
001_20200811_043041(6),0,1,"[308.99999999999994,236.0,320.0,249.00000000000003]",True,0.6158166527748108,"[308.2765808105469,237.94232177734375,320.8511962890625,249.86248779296875]",0.7102450087063304,TP,IOU_GE_0.50,MATCHED,0.25
001_20200814_163101(7),0,1,"[328.0,179.0,338.0,192.0]",True,0.6115022897720337,"[327.6697692871094,179.91864013671875,339.3329162597656,191.22335815429688]",0.7597184867997118,TP,IOU_GE_0.50,MATCHED,0.25
001_20200814_163105(1),0,1,"[326.99999999999994,187.0,338.0,201.0]",True,0.6153339147567749,"[326.06036376953125,187.20086669921875,337.5046691894531,199.03182983398438]",0.7526814516569884,TP,IOU_GE_0.50,MATCHED,0.25
001_20200818_083159(7),0,1,"[326.0,192.0,336.0,205.0]",True,0.5820885896682739,"[326.1848449707031,193.78314208984375,337.40594482421875,205.65408325195312]",0.7190603556770293,TP,IOU_GE_0.50,MATCHED,0.25
001_20200818_123634(4),0,1,"[315.0,157.0,324.0,171.0]",True,0.6283152103424072,"[313.0644226074219,158.5606689453125,325.255615234375,170.4356231689453]",0.6520907551742445,TP,IOU_GE_0.50,MATCHED,0.25
001_20200819_124414(0),0,1,"[323.0,165.0,332.0,173.0]",True,0.575425386428833,"[323.62481689453125,164.6748046875,334.9107360839844,175.37791442871094]",0.5326328376172819,TP,IOU_GE_0.50,MATCHED,0.25
001_20200819_124415(9),0,1,"[314.0,161.0,324.0,170.0]",True,0.6227474808692932,"[312.3277282714844,159.2203369140625,323.9633483886719,170.85684204101562]",0.6606614403002787,TP,IOU_GE_0.50,MATCHED,0.25
001_20200826_123711(3),0,1,"[319.0,189.00000000000003,328.0,200.0]",True,0.6188231706619263,"[318.62652587890625,189.6607666015625,330.21435546875,202.3537139892578]",0.6080685435331279,TP,IOU_GE_0.50,MATCHED,0.25
001_20200826_123714(5),0,1,"[322.0,194.0,335.0,204.0]",True,0.5378507971763611,"[322.50311279296875,193.0197296142578,334.096435546875,203.654052734375]",0.791729728544057,TP,IOU_GE_0.50,MATCHED,0.25
001_20200831_083711(6),0,1,"[472.00000000000006,184.99999999999997,484.0,198.0]",True,0.6179371476173401,"[473.2933044433594,183.48243713378906,485.8320007324219,196.06463623046875]",0.6065872571183826,TP,IOU_GE_0.50,MATCHED,0.25
001_20200831_083714(8),0,1,"[474.0,165.99999999999997,486.99999999999994,178.0]",True,0.6071596741676331,"[474.34381103515625,166.08389282226562,486.8229675292969,177.99514770507812]",0.9528359854116293,TP,IOU_GE_0.50,MATCHED,0.25
002_20200622_203121(4),0,1,"[211.00000000000003,118.0,221.0,130.0]",True,0.663546085357666,"[211.3417510986328,118.86325073242188,219.69189453125,127.69705200195312]",0.6146958971318496,TP,IOU_GE_0.50,MATCHED,0.25
002_20200622_203121(4),1,1,"[215.0,141.0,221.99999999999997,150.0]",True,0.6313255429267883,"[213.06260681152344,140.9512939453125,221.80157470703125,150.09585571289062]",0.7492567656326257,TP,IOU_GE_0.50,MATCHED,0.25
002_20200622_203121(4),2,1,"[215.0,165.0,225.0,175.0]",True,0.633364200592041,"[216.6257781982422,166.8724365234375,224.81747436523438,175.48904418945312]",0.6401406232318589,TP,IOU_GE_0.50,MATCHED,0.25
002_20200623_082249(3),0,1,"[155.0,153.0,164.0,166.0]",True,0.6717663407325745,"[155.84535217285156,153.58262634277344,166.72457885742188,165.05418395996094]",0.6309831663603537,TP,IOU_GE_0.50,MATCHED,0.25
002_20200623_082249(3),1,1,"[157.99999999999997,176.0,166.99999999999997,186.0]",True,0.6226439476013184,"[157.78680419921875,176.58641052246094,168.22866821289062,187.38868713378906]",0.7175381003874283,TP,IOU_GE_0.50,MATCHED,0.25
002_20200623_082249(3),2,1,"[160.0,201.0,172.0,215.00000000000003]",True,0.674119234085083,"[160.97097778320312,202.2520751953125,171.14295959472656,213.16726684570312]",0.6608876841492006,TP,IOU_GE_0.50,MATCHED,0.25
002_20200623_082253(8),0,1,"[160.99999999999997,139.0,176.0,151.0]",True,0.7118565440177917,"[162.83424377441406,138.911865234375,173.01864624023438,149.4252471923828]",0.5869337860606652,TP,IOU_GE_0.50,MATCHED,0.25
002_20200623_082253(8),1,1,"[162.00000000000003,161.0,173.0,172.0]",True,0.5886404514312744,"[163.21810913085938,161.16514587402344,173.51502990722656,172.11566162109375]",0.8294931386275756,TP,IOU_GE_0.50,MATCHED,0.25
002_20200623_082253(8),2,1,"[165.0,187.0,177.0,201.00000000000003]",True,0.6763206124305725,"[165.1392059326172,187.01931762695312,175.57252502441406,198.06163024902344]",0.6857617327228308,TP,IOU_GE_0.50,MATCHED,0.25
002_20200623_082258(4),0,1,"[159.0,149.0,170.0,163.0]",True,0.6217280030250549,"[158.90187072753906,149.57720947265625,169.0543212890625,160.23556518554688]",0.6911665193151096,TP,IOU_GE_0.50,MATCHED,0.25
002_20200623_082258(4),1,1,"[160.0,172.0,172.0,183.0]",True,0.6208088994026184,"[159.99656677246094,172.07901000976562,170.11878967285156,182.6043701171875]",0.806626946379067,TP,IOU_GE_0.50,MATCHED,0.25
002_20200623_082258(4),2,1,"[161.00000000000003,196.0,172.0,210.00000000000003]",True,0.6813268661499023,"[162.2777099609375,198.50613403320312,171.86590576171875,208.80007934570312]",0.6409114494726259,TP,IOU_GE_0.50,MATCHED,0.25
002_20200623_082258(6),0,1,"[188.0,168.0,195.99999999999997,176.0]",True,0.6805809736251831,"[188.2935028076172,166.70556640625,196.99728393554688,175.70684814453125]",0.7159867115861213,TP,IOU_GE_0.50,MATCHED,0.25
002_20200623_082258(6),1,1,"[195.99999999999997,188.00000000000003,202.0,198.0]",True,0.6259442567825317,"[194.88540649414062,189.43666076660156,203.79733276367188,198.6587677001953]",0.5658176596174554,TP,IOU_GE_0.50,MATCHED,0.25
002_20200623_082258(6),2,1,"[205.0,217.0,213.0,229.0]",True,0.6217735409736633,"[204.9810791015625,218.95851135253906,213.5157928466797,227.5771484375]",0.6853207644954967,TP,IOU_GE_0.50,MATCHED,0.25
002_20200623_082302(6),0,1,"[190.0,172.0,199.99999999999997,180.00000000000003]",True,0.6877750158309937,"[190.4006805419922,170.6659393310547,198.84487915039062,179.76625061035156]",0.7185636330002325,TP,IOU_GE_0.50,MATCHED,0.25
002_20200623_082302(6),1,1,"[195.0,193.99999999999997,201.0,202.0]",True,0.6224609017372131,"[194.2477264404297,194.5018768310547,203.0240936279297,203.57949829101562]",0.5441321695851299,TP,IOU_GE_0.50,MATCHED,0.25
002_20200623_082302(6),2,1,"[202.00000000000003,226.0,209.0,233.00000000000003]",True,0.6022245287895203,"[201.6088104248047,225.60922241210938,210.08526611328125,234.4136199951172]",0.6565716675670824,TP,IOU_GE_0.50,MATCHED,0.25
002_20200623_082302(7),0,1,"[146.0,132.0,157.0,141.0]",True,0.6661019325256348,"[146.87644958496094,130.7149658203125,157.25030517578125,141.35118103027344]",0.7706552368830205,TP,IOU_GE_0.50,MATCHED,0.25
002_20200623_082302(7),1,1,"[151.0,153.0,160.0,162.0]",True,0.6288428902626038,"[150.6068115234375,154.12342834472656,160.71205139160156,164.67466735839844]",0.607272548291354,TP,IOU_GE_0.50,MATCHED,0.25
002_20200623_082302(7),2,1,"[157.0,186.00000000000003,166.99999999999997,196.0]",True,0.7079996466636658,"[157.6326904296875,185.65032958984375,167.67849731445312,196.37586975097656]",0.821163598851466,TP,IOU_GE_0.50,MATCHED,0.25
002_20200623_082306(5),0,1,"[195.99999999999997,161.0,205.0,171.0]",True,0.637312114238739,"[196.5745086669922,160.5157928466797,205.3587646484375,169.69317626953125]",0.7522093407911783,TP,IOU_GE_0.50,MATCHED,0.25
002_20200623_082306(5),1,1,"[200.00000000000003,183.0,208.0,193.99999999999997]",True,0.6373907923698425,"[199.4303436279297,184.29641723632812,207.84986877441406,193.17530822753906]",0.748975815465687,TP,IOU_GE_0.50,MATCHED,0.25
002_20200623_082306(5),2,1,"[204.0,216.99999999999997,212.0,225.0]",True,0.6207208633422852,"[204.32041931152344,216.35862731933594,212.55276489257812,224.92535400390625]",0.8262650799532107,TP,IOU_GE_0.50,MATCHED,0.25
002_20200623_082307(2),0,1,"[151.0,134.0,162.0,144.0]",True,0.6372129321098328,"[151.98524475097656,134.66900634765625,161.85726928710938,144.96656799316406]",0.7705727813241525,TP,IOU_GE_0.50,MATCHED,0.25
002_20200623_082307(2),1,1,"[152.0,157.0,164.0,169.0]",True,0.6508743762969971,"[153.6572723388672,158.41514587402344,163.62667846679688,168.7216339111328]",0.7135386457957793,TP,IOU_GE_0.50,MATCHED,0.25
002_20200623_082307(2),2,1,"[157.0,190.0,169.0,199.99999999999997]",True,0.7228804230690002,"[158.15969848632812,190.52044677734375,168.02232360839844,201.02940368652344]",0.7183357342279262,TP,IOU_GE_0.50,MATCHED,0.25
002_20200623_082310(6),0,1,"[203.0,179.0,212.0,190.0]",True,0.6226910352706909,"[202.17149353027344,180.0165557861328,210.70428466796875,188.79222106933594]",0.6362075941806888,TP,IOU_GE_0.50,MATCHED,0.25
002_20200623_082310(6),1,1,"[201.0,152.0,212.0,162.0]",True,0.6446698307991028,"[202.4005126953125,153.54010009765625,211.14102172851562,162.8748016357422]",0.6285270941675248,TP,IOU_GE_0.50,MATCHED,0.25
002_20200623_082310(6),2,1,"[205.0,130.0,211.99999999999997,139.0]",True,0.6639924049377441,"[203.64991760253906,131.29739379882812,211.85755920410156,139.98709106445312]",0.6481046855449755,TP,IOU_GE_0.50,MATCHED,0.25
002_20200623_082311(8),0,1,"[141.99999999999997,136.0,158.0,151.0]",False,0.08267166465520859,"[142.9058837890625,136.41140747070312,155.05401611328125,149.38426208496094]",0.6566498103202308,FN,NOT_MATCHED,LOW_CONFIDENCE,0.25
002_20200623_082311(8),1,1,"[145.0,160.99999999999997,156.0,174.0]",True,0.622905433177948,"[145.2596893310547,161.06178283691406,155.02149963378906,171.41746520996094]",0.7069245236437309,TP,IOU_GE_0.50,MATCHED,0.25
002_20200623_082311(8),2,1,"[145.0,192.00000000000003,156.0,208.0]",True,0.6651255488395691,"[146.94888305664062,193.54542541503906,156.64822387695312,203.98260498046875]",0.5168812829918138,TP,IOU_GE_0.50,MATCHED,0.25
002_20200623_082314(4),0,1,"[202.0,151.0,210.0,157.0]",True,0.6749662756919861,"[201.9298553466797,150.3937225341797,210.491943359375,159.44931030273438]",0.6190773364464588,TP,IOU_GE_0.50,MATCHED,0.25
002_20200623_082314(4),1,1,"[205.0,172.99999999999997,210.0,181.0]",True,0.6090230941772461,"[203.2090606689453,172.9337615966797,211.59373474121094,181.67857360839844]",0.5455358907464412,TP,IOU_GE_0.50,MATCHED,0.25
002_20200623_082314(4),2,1,"[205.0,198.00000000000003,213.0,207.0]",True,0.581705629825592,"[205.44760131835938,199.48748779296875,213.9397735595703,208.11172485351562]",0.6410941676199501,TP,IOU_GE_0.50,MATCHED,0.25
002_20200623_082318(5),0,1,"[206.99999999999997,184.0,216.0,192.99999999999997]",True,0.619897186756134,"[206.5771484375,185.1444854736328,214.7936553955078,193.7106170654297]",0.6790464632997172,TP,IOU_GE_0.50,MATCHED,0.25
002_20200623_082318(5),1,1,"[212.0,207.0,218.00000000000003,214.0]",True,0.6145051717758179,"[210.3446502685547,206.81710815429688,219.1581573486328,215.97891235351562]",0.5201391296432869,TP,IOU_GE_0.50,MATCHED,0.25
002_20200623_082318(5),2,1,"[217.0,232.99999999999997,223.0,239.0]",True,0.6016550660133362,"[216.25782775878906,232.35328674316406,224.4687957763672,240.97727966308594]",0.508393218640817,TP,IOU_GE_0.50,MATCHED,0.25
002_20200624_083045(5),0,1,"[203.0,136.0,212.0,146.0]",True,0.658427357673645,"[202.3900604248047,135.3935546875,211.09593200683594,144.8236846923828]",0.7096647296859445,TP,IOU_GE_0.50,MATCHED,0.25
002_20200624_083045(5),1,1,"[204.0,169.99999999999997,212.0,178.0]",True,0.6431194543838501,"[204.10696411132812,168.79981994628906,212.4989776611328,177.40538024902344]",0.751615686055486,TP,IOU_GE_0.50,MATCHED,0.25
002_20200624_083045(5),2,1,"[202.0,112.00000000000001,210.0,120.0]",True,0.6260741353034973,"[201.38356018066406,111.72959899902344,210.2804718017578,121.22340393066406]",0.757705419335247,TP,IOU_GE_0.50,MATCHED,0.25
002_20200624_083049(6),0,1,"[192.0,113.0,199.99999999999997,122.0]",True,0.6428017616271973,"[192.59071350097656,113.3103256225586,201.36988830566406,122.2929458618164]",0.7445361228716679,TP,IOU_GE_0.50,MATCHED,0.25
002_20200624_083049(6),1,1,"[195.0,137.0,206.0,147.0]",True,0.6220545172691345,"[195.49856567382812,136.96078491210938,204.14996337890625,145.93809509277344]",0.7008114033400751,TP,IOU_GE_0.50,MATCHED,0.25
002_20200624_083049(6),2,1,"[200.00000000000003,169.0,210.0,177.00000000000003]",True,0.6388339400291443,"[200.48519897460938,169.04031372070312,209.0732421875,177.73074340820312]",0.7923223412367432,TP,IOU_GE_0.50,MATCHED,0.25
002_20200624_083053(3),0,1,"[189.00000000000003,138.0,197.0,147.0]",True,0.7244462966918945,"[190.18173217773438,138.4248046875,199.20510864257812,147.72982788085938]",0.5997038697695817,TP,IOU_GE_0.50,MATCHED,0.25
002_20200624_083053(3),1,1,"[193.0,162.0,199.99999999999997,171.0]",True,0.5991313457489014,"[192.45199584960938,162.12075805664062,201.12799072265625,171.01925659179688]",0.7963585057939786,TP,IOU_GE_0.50,MATCHED,0.25
002_20200624_083053(3),2,1,"[196.99999999999997,195.0,206.0,203.00000000000003]",True,0.6640034914016724,"[197.3477783203125,194.6472625732422,205.91673278808594,203.65975952148438]",0.8497149281403558,TP,IOU_GE_0.50,MATCHED,0.25
002_20200624_083057(4),0,1,"[206.0,113.0,214.0,121.0]",True,0.6005089282989502,"[205.26568603515625,113.0471420288086,213.88917541503906,121.69706726074219]",0.827167115575462,TP,IOU_GE_0.50,MATCHED,0.25
002_20200624_083057(4),1,1,"[209.0,135.0,215.99999999999997,143.0]",True,0.5977528095245361,"[208.30728149414062,134.94410705566406,216.80538940429688,143.95619201660156]",0.7312072824996821,TP,IOU_GE_0.50,MATCHED,0.25
002_20200624_083057(4),2,1,"[211.00000000000003,159.0,221.0,170.0]",True,0.6201933026313782,"[212.8188018798828,160.9208984375,221.22120666503906,169.28395080566406]",0.6117104246106144,TP,IOU_GE_0.50,MATCHED,0.25
002_20200624_083101(4),0,1,"[205.0,143.99999999999997,214.00000000000003,154.0]",True,0.6392319202423096,"[205.14683532714844,145.2572784423828,213.6259765625,153.89735412597656]",0.8140046889479741,TP,IOU_GE_0.50,MATCHED,0.25
002_20200624_083101(4),1,1,"[206.0,167.0,217.0,175.99999999999997]",True,0.6298937797546387,"[207.08981323242188,167.49571228027344,215.73028564453125,176.58200073242188]",0.7063533442889368,TP,IOU_GE_0.50,MATCHED,0.25
002_20200624_083101(4),2,1,"[210.0,194.00000000000003,217.99999999999997,202.99999999999997]",True,0.6110612750053406,"[210.2792205810547,193.57583618164062,218.71287536621094,202.26075744628906]",0.7828956268274102,TP,IOU_GE_0.50,MATCHED,0.25
002_20200624_083105(5),0,1,"[210.0,132.0,219.0,141.0]",True,0.6920439600944519,"[209.873779296875,131.6175537109375,218.56239318847656,140.6113739013672]",0.8632957327771955,TP,IOU_GE_0.50,MATCHED,0.25
002_20200624_083105(5),1,1,"[213.0,154.0,222.00000000000003,164.0]",True,0.6413793563842773,"[212.809326171875,154.00059509277344,221.39967346191406,163.05555725097656]",0.8291899135718446,TP,IOU_GE_0.50,MATCHED,0.25
002_20200624_083105(5),2,1,"[217.00000000000003,180.0,224.0,188.00000000000003]",True,0.641658365726471,"[217.22869873046875,179.6602325439453,225.31068420410156,188.10305786132812]",0.7731519077460122,TP,IOU_GE_0.50,MATCHED,0.25
002_20200624_123144(0),0,1,"[161.00000000000003,132.0,173.0,144.0]",True,0.6786340475082397,"[162.43406677246094,131.73793029785156,172.32305908203125,142.36489868164062]",0.6992105937038495,TP,IOU_GE_0.50,MATCHED,0.25
002_20200624_123144(0),1,1,"[165.0,154.0,178.0,165.0]",True,0.7345576286315918,"[164.3660430908203,153.6835479736328,174.84568786621094,164.57762145996094]",0.6805813394444102,TP,IOU_GE_0.50,MATCHED,0.25
002_20200624_123144(0),2,1,"[168.00000000000003,180.00000000000003,180.0,190.0]",True,0.6828305125236511,"[168.1356658935547,179.39230346679688,178.51295471191406,190.04446411132812]",0.8186069594091128,TP,IOU_GE_0.50,MATCHED,0.25
002_20200624_123148(2),0,1,"[156.0,138.0,166.99999999999997,148.00000000000003]",True,0.6840408444404602,"[155.67620849609375,138.447265625,166.1138916015625,149.1681671142578]",0.7711578274672034,TP,IOU_GE_0.50,MATCHED,0.25
002_20200624_123148(2),1,1,"[157.99999999999997,160.0,166.99999999999997,172.0]",True,0.6943840384483337,"[158.37423706054688,160.11813354492188,168.65838623046875,170.84800720214844]",0.735751660699822,TP,IOU_GE_0.50,MATCHED,0.25
002_20200624_123148(2),2,1,"[162.00000000000003,184.0,173.0,196.0]",True,0.6730114221572876,"[162.54844665527344,185.5098419189453,172.4342803955078,196.1525421142578]",0.7767620970510749,TP,IOU_GE_0.50,MATCHED,0.25
002_20200624_123152(7),0,1,"[157.0,111.99999999999999,166.99999999999997,122.0]",True,0.6494948267936707,"[157.1806182861328,110.63079833984375,167.52557373046875,121.6033935546875]",0.791025118527618,TP,IOU_GE_0.50,MATCHED,0.25
002_20200624_123152(7),1,1,"[157.0,136.0,169.0,144.0]",True,0.5942986011505127,"[157.2437744140625,133.38255310058594,167.50099182128906,143.8597869873047]",0.6562559130681364,TP,IOU_GE_0.50,MATCHED,0.25
002_20200624_123152(7),2,1,"[157.0,161.0,170.0,171.0]",True,0.7350209951400757,"[158.61415100097656,159.7363739013672,168.44351196289062,169.88385009765625]",0.6131314334326564,TP,IOU_GE_0.50,MATCHED,0.25
002_20200624_123157(4),0,1,"[155.00000000000003,93.0,167.0,103.00000000000001]",True,0.6514211297035217,"[156.65811157226562,92.64456939697266,166.6092529296875,103.17169189453125]",0.7945310372356789,TP,IOU_GE_0.50,MATCHED,0.25
002_20200624_123157(4),1,1,"[152.0,116.0,163.0,127.0]",True,0.6526280641555786,"[152.88710021972656,116.1070327758789,162.79457092285156,126.5034408569336]",0.8512570948824902,TP,IOU_GE_0.50,MATCHED,0.25
002_20200624_123157(4),2,1,"[146.0,148.0,160.0,159.0]",True,0.676403284072876,"[148.45680236816406,148.3691864013672,158.38302612304688,159.0533905029297]",0.6828697187631448,TP,IOU_GE_0.50,MATCHED,0.25
002_20200624_123201(7),0,1,"[154.0,129.0,165.0,136.0]",True,0.6514531970024109,"[155.2951202392578,127.77220916748047,165.28402709960938,138.51126098632812]",0.5839416865016414,TP,IOU_GE_0.50,MATCHED,0.25
002_20200624_123201(7),1,1,"[157.0,150.0,166.99999999999997,162.0]",True,0.6526454091072083,"[157.11488342285156,151.5387420654297,166.98728942871094,161.68919372558594]",0.8350781660992675,TP,IOU_GE_0.50,MATCHED,0.25
002_20200624_123201(7),2,1,"[160.0,182.00000000000003,172.0,194.00000000000003]",True,0.7281919717788696,"[160.84011840820312,184.0814971923828,170.7959747314453,194.53631591796875]",0.6612262618153223,TP,IOU_GE_0.50,MATCHED,0.25
002_20200624_123206(2),0,1,"[153.0,118.0,164.0,127.0]",True,0.6612904071807861,"[154.62464904785156,118.55706024169922,164.6923370361328,128.97354125976562]",0.6346945522033625,TP,IOU_GE_0.50,MATCHED,0.25
002_20200624_123206(2),1,1,"[156.0,143.0,166.99999999999997,155.0]",True,0.6376984715461731,"[156.21661376953125,142.56680297851562,166.1881103515625,152.9148712158203]",0.7252521870317772,TP,IOU_GE_0.50,MATCHED,0.25
002_20200624_123206(2),2,1,"[159.0,174.00000000000003,167.99999999999997,184.0]",True,0.7056963443756104,"[159.55276489257812,174.77618408203125,169.89268493652344,185.391845703125]",0.6394432237881581,TP,IOU_GE_0.50,MATCHED,0.25
002_20200624_162522(0),0,1,"[200.00000000000003,169.0,208.0,177.99999999999997]",True,0.6195115447044373,"[199.93043518066406,169.53053283691406,208.53358459472656,178.17343139648438]",0.8620277805470842,TP,IOU_GE_0.50,MATCHED,0.25
002_20200624_162522(0),1,1,"[203.99999999999997,193.0,210.0,201.00000000000003]",True,0.6821120977401733,"[203.1016082763672,192.39987182617188,211.67776489257812,201.70079040527344]",0.6017591344452051,TP,IOU_GE_0.50,MATCHED,0.25
002_20200624_162522(0),2,1,"[207.99999999999997,224.00000000000003,217.0,232.99999999999997]",True,0.6511833071708679,"[208.05126953125,224.9042205810547,216.2551727294922,233.56625366210938]",0.7754873080800888,TP,IOU_GE_0.50,MATCHED,0.25
002_20200624_162527(8),0,1,"[192.0,144.0,199.99999999999997,155.0]",True,0.6456897854804993,"[190.94369506835938,145.65309143066406,199.86279296875,154.88720703125]",0.7427410452207335,TP,IOU_GE_0.50,MATCHED,0.25
002_20200624_162527(8),1,1,"[196.00000000000003,169.0,206.0,176.0]",True,0.6316932439804077,"[196.283203125,168.30392456054688,204.93153381347656,177.17864990234375]",0.7021927434216432,TP,IOU_GE_0.50,MATCHED,0.25
002_20200624_162527(8),2,1,"[205.0,199.0,211.99999999999997,207.99999999999997]",True,0.6213239431381226,"[204.75613403320312,199.53501892089844,213.44085693359375,208.36300659179688]",0.7368747362427969,TP,IOU_GE_0.50,MATCHED,0.25
002_20200624_162531(7),0,1,"[193.0,154.0,203.0,164.0]",True,0.6698918342590332,"[193.92588806152344,155.44422912597656,202.58900451660156,164.4588623046875]",0.7128589839235837,TP,IOU_GE_0.50,MATCHED,0.25
002_20200624_162531(7),1,1,"[198.0,180.0,207.99999999999997,188.00000000000003]",True,0.6997647881507874,"[197.78778076171875,178.708984375,206.83010864257812,188.07958984375]",0.7507700578195733,TP,IOU_GE_0.50,MATCHED,0.25
002_20200624_162531(7),2,1,"[205.0,211.99999999999997,211.99999999999997,219.0]",True,0.6263784766197205,"[204.3021697998047,210.4785919189453,212.8038787841797,219.3142547607422]",0.6523050035010315,TP,IOU_GE_0.50,MATCHED,0.25
002_20200624_162536(8),0,1,"[208.0,144.0,216.0,153.0]",True,0.673018753528595,"[208.13424682617188,145.4064483642578,216.5471954345703,154.20846557617188]",0.6919332417715571,TP,IOU_GE_0.50,MATCHED,0.25
002_20200624_162536(8),1,1,"[211.00000000000003,165.99999999999997,219.0,174.99999999999997]",True,0.6252647638320923,"[210.21095275878906,167.1508026123047,219.1108856201172,176.4071807861328]",0.685612495266337,TP,IOU_GE_0.50,MATCHED,0.25
002_20200624_162536(8),2,1,"[216.0,193.0,222.00000000000003,201.00000000000003]",True,0.6171454191207886,"[214.06735229492188,192.7517547607422,222.74159240722656,201.607421875]",0.6248683309370805,TP,IOU_GE_0.50,MATCHED,0.25
002_20200624_162540(3),0,1,"[199.99999999999997,168.0,212.0,178.99999999999997]",True,0.6364575028419495,"[202.6023712158203,168.17971801757812,210.52796936035156,176.6286163330078]",0.5072922182735057,TP,IOU_GE_0.50,MATCHED,0.25
002_20200624_162540(3),1,1,"[203.0,190.0,214.0,198.99999999999997]",True,0.5833712816238403,"[204.2490997314453,189.88804626464844,213.01405334472656,198.92141723632812]",0.7821045760952524,TP,IOU_GE_0.50,MATCHED,0.25
002_20200624_162540(3),2,1,"[207.00000000000003,217.0,217.0,225.99999999999997]",True,0.6218163371086121,"[207.66685485839844,216.07659912109375,215.75265502929688,224.7368621826172]",0.6418488741113113,TP,IOU_GE_0.50,MATCHED,0.25
002_20200624_162543(7),0,1,"[204.0,180.00000000000003,215.0,190.0]",True,0.6491843461990356,"[205.22430419921875,180.08941650390625,213.83668518066406,188.9008331298828]",0.6898843360831981,TP,IOU_GE_0.50,MATCHED,0.25
002_20200624_162543(7),1,1,"[208.0,199.0,219.0,211.0]",True,0.6003521680831909,"[209.03228759765625,201.4733123779297,217.82362365722656,210.6739501953125]",0.6127719622348774,TP,IOU_GE_0.50,MATCHED,0.25
002_20200624_162543(7),2,1,"[214.99999999999997,226.0,224.0,236.0]",True,0.5610381960868835,"[215.60548400878906,226.90261840820312,223.73321533203125,235.0911865234375]",0.7394942395854718,TP,IOU_GE_0.50,MATCHED,0.25
002_20200624_162708(9),0,1,"[162.00000000000003,148.0,172.0,159.0]",True,0.6941890716552734,"[162.0921173095703,148.27626037597656,172.25140380859375,159.17738342285156]",0.9279592815569445,TP,IOU_GE_0.50,MATCHED,0.25
002_20200624_162708(9),1,1,"[164.0,171.00000000000003,173.99999999999997,180.0]",True,0.5953091979026794,"[164.03097534179688,170.79344177246094,174.49020385742188,181.55471801757812]",0.7951652763449906,TP,IOU_GE_0.50,MATCHED,0.25
002_20200624_162708(9),2,1,"[167.0,197.00000000000003,178.0,208.0]",True,0.6647016406059265,"[167.6200714111328,196.56533813476562,177.78660583496094,206.9569854736328]",0.807118791319165,TP,IOU_GE_0.50,MATCHED,0.25
002_20200624_162713(4),0,1,"[164.0,138.0,177.0,148.00000000000003]",True,0.6629565358161926,"[164.52272033691406,137.75979614257812,174.9459686279297,148.70135498046875]",0.745507654493787,TP,IOU_GE_0.50,MATCHED,0.25
002_20200624_162713(4),1,1,"[165.0,161.0,177.0,169.99999999999997]",True,0.6018218994140625,"[165.56610107421875,160.45114135742188,175.76272583007812,171.2454071044922]",0.726626489769514,TP,IOU_GE_0.50,MATCHED,0.25
002_20200624_162713(4),2,1,"[167.0,186.00000000000003,177.0,196.0]",True,0.6451046466827393,"[167.92401123046875,186.26934814453125,177.99644470214844,196.92803955078125]",0.7418730004100161,TP,IOU_GE_0.50,MATCHED,0.25
002_20200624_162717(9),0,1,"[159.0,121.0,169.0,131.0]",True,0.7152420282363892,"[159.5825653076172,121.00613403320312,170.42153930664062,132.18467712402344]",0.7407991922512775,TP,IOU_GE_0.50,MATCHED,0.25
002_20200624_162717(9),1,1,"[161.00000000000003,144.0,170.0,155.0]",True,0.6503028869628906,"[160.7233428955078,143.7841033935547,171.0303955078125,154.77195739746094]",0.8407944812302826,TP,IOU_GE_0.50,MATCHED,0.25
002_20200624_162717(9),2,1,"[164.0,170.0,171.99999999999997,180.0]",True,0.6514644622802734,"[163.1505889892578,169.8074188232422,172.9742889404297,180.35643005371094]",0.7719748346175559,TP,IOU_GE_0.50,MATCHED,0.25
002_20200624_162722(4),0,1,"[146.0,114.0,158.0,124.99999999999999]",True,0.5908843874931335,"[147.4253692626953,114.229248046875,157.7037353515625,124.91058349609375]",0.8317172429171599,TP,IOU_GE_0.50,MATCHED,0.25
002_20200624_162722(4),1,1,"[150.0,138.0,160.0,148.00000000000003]",True,0.6569762229919434,"[149.4008026123047,138.4031982421875,159.31932067871094,148.52066040039062]",0.8063474676177357,TP,IOU_GE_0.50,MATCHED,0.25
002_20200624_162722(4),2,1,"[154.0,169.0,165.0,181.0]",True,0.7014477252960205,"[153.52101135253906,170.35140991210938,163.49803161621094,180.6789093017578]",0.7162704639832459,TP,IOU_GE_0.50,MATCHED,0.25
002_20200624_203003(9),0,1,"[197.0,155.0,206.99999999999997,166.99999999999997]",True,0.6589650511741638,"[198.2796630859375,155.77194213867188,206.8732147216797,164.70481872558594]",0.6397094683779903,TP,IOU_GE_0.50,MATCHED,0.25
002_20200624_203003(9),1,1,"[202.0,179.0,211.00000000000003,190.0]",True,0.6491527557373047,"[202.90097045898438,179.49868774414062,211.3947296142578,188.66351318359375]",0.7233278863629533,TP,IOU_GE_0.50,MATCHED,0.25
002_20200624_203003(9),2,1,"[209.0,210.0,217.0,219.99999999999997]",True,0.6407280564308167,"[209.06549072265625,211.1757049560547,217.7721710205078,220.21780395507812]",0.7892715786314594,TP,IOU_GE_0.50,MATCHED,0.25
002_20200624_203021(9),0,1,"[190.0,143.0,199.99999999999997,154.0]",True,0.6842207312583923,"[190.3308563232422,145.46629333496094,199.18524169921875,154.66087341308594]",0.6522198166548248,TP,IOU_GE_0.50,MATCHED,0.25
002_20200624_203021(9),1,1,"[195.00000000000003,170.0,205.0,178.99999999999997]",True,0.6606048941612244,"[195.12905883789062,169.77308654785156,204.02090454101562,178.7490692138672]",0.8454394198936054,TP,IOU_GE_0.50,MATCHED,0.25
002_20200624_203021(9),2,1,"[201.0,199.0,210.99999999999997,208.99999999999997]",True,0.6553120613098145,"[202.2247772216797,199.9478302001953,210.9725341796875,209.017822265625]",0.7906291842840785,TP,IOU_GE_0.50,MATCHED,0.25
002_20200624_203026(4),0,1,"[195.99999999999997,158.0,205.0,168.0]",True,0.6598972082138062,"[196.56272888183594,158.66616821289062,205.6371307373047,168.07371520996094]",0.8151055564236032,TP,IOU_GE_0.50,MATCHED,0.25
002_20200624_203026(4),1,1,"[202.0,183.00000000000003,211.00000000000003,193.0]",True,0.6353859305381775,"[201.094482421875,182.3014678955078,209.9841766357422,191.6373748779297]",0.6629014981550133,TP,IOU_GE_0.50,MATCHED,0.25
002_20200624_203026(4),2,1,"[209.0,212.00000000000003,217.0,222.0]",True,0.6333889961242676,"[208.5937042236328,213.48548889160156,217.41075134277344,222.403076171875]",0.7525750004403382,TP,IOU_GE_0.50,MATCHED,0.25
002_20200625_003352(9),0,1,"[151.0,142.0,160.0,153.0]",True,0.6466673016548157,"[152.10977172851562,142.838623046875,162.2739715576172,153.48851013183594]",0.63094612303914,TP,IOU_GE_0.50,MATCHED,0.25
002_20200625_003352(9),1,1,"[154.0,169.0,164.0,177.00000000000003]",True,0.6440616250038147,"[154.06539916992188,167.273193359375,163.781005859375,177.2528076171875]",0.783254897723918,TP,IOU_GE_0.50,MATCHED,0.25
002_20200625_003352(9),2,1,"[156.0,201.00000000000003,166.99999999999997,210.0]",True,0.6812487840652466,"[157.05653381347656,199.86463928222656,166.89695739746094,209.89984130859375]",0.7949194549121494,TP,IOU_GE_0.50,MATCHED,0.25
002_20200625_003357(4),0,1,"[156.0,140.99999999999997,165.0,151.0]",True,0.6326435208320618,"[155.56298828125,141.75135803222656,166.078125,152.52845764160156]",0.6931577493682769,TP,IOU_GE_0.50,MATCHED,0.25
002_20200625_003357(4),1,1,"[158.0,167.0,167.99999999999997,175.99999999999997]",True,0.6852377653121948,"[157.51478576660156,165.39358520507812,167.52073669433594,176.02032470703125]",0.7744353725542613,TP,IOU_GE_0.50,MATCHED,0.25
002_20200625_003357(4),2,1,"[160.0,199.0,169.0,207.99999999999997]",True,0.6699469089508057,"[160.46359252929688,198.18215942382812,170.55638122558594,208.8496551513672]",0.6869603938623761,TP,IOU_GE_0.50,MATCHED,0.25
002_20200625_003401(8),0,1,"[153.0,143.0,164.0,152.0]",True,0.6628154516220093,"[154.25341796875,142.6546173095703,164.27650451660156,152.98526000976562]",0.7639339255563715,TP,IOU_GE_0.50,MATCHED,0.25
002_20200625_003401(8),1,1,"[155.00000000000003,166.0,166.0,177.0]",True,0.6858976483345032,"[155.6671142578125,166.7458038330078,165.8366241455078,177.2552947998047]",0.8437163109610569,TP,IOU_GE_0.50,MATCHED,0.25
002_20200625_003401(8),2,1,"[158.0,199.0,169.0,208.99999999999997]",True,0.6969018578529358,"[158.9400177001953,199.09437561035156,168.75,209.5748748779297]",0.8403183127760578,TP,IOU_GE_0.50,MATCHED,0.25
002_20200625_003406(3),0,1,"[149.0,145.0,160.0,154.0]",True,0.6772114038467407,"[150.47683715820312,143.39743041992188,160.76449584960938,154.0384521484375]",0.6981635445663943,TP,IOU_GE_0.50,MATCHED,0.25
002_20200625_003406(3),1,1,"[152.0,168.00000000000003,162.0,177.0]",True,0.6812229156494141,"[152.463623046875,166.9247589111328,162.4008026123047,177.4069061279297]",0.7922363769297703,TP,IOU_GE_0.50,MATCHED,0.25
002_20200625_003406(3),2,1,"[155.00000000000003,199.0,165.0,210.0]",True,0.6745339035987854,"[155.67724609375,199.98992919921875,165.8888702392578,210.4613037109375]",0.7549769391207585,TP,IOU_GE_0.50,MATCHED,0.25
002_20200625_003410(8),0,1,"[155.00000000000003,141.0,165.0,152.0]",True,0.5849495530128479,"[154.9310302734375,141.66079711914062,165.4834747314453,152.5156707763672]",0.8533975072731605,TP,IOU_GE_0.50,MATCHED,0.25
002_20200625_003410(8),1,1,"[156.0,165.99999999999997,166.99999999999997,174.99999999999997]",True,0.6773235201835632,"[156.82394409179688,165.16162109375,166.8941650390625,175.91732788085938]",0.7767544786755418,TP,IOU_GE_0.50,MATCHED,0.25
002_20200625_003410(8),2,1,"[159.0,197.00000000000003,169.0,208.0]",True,0.6645058989524841,"[160.0191192626953,198.20758056640625,169.72142028808594,208.56326293945312]",0.7177424640258833,TP,IOU_GE_0.50,MATCHED,0.25
002_20200625_003415(4),0,1,"[148.0,143.0,157.0,152.0]",True,0.6036425232887268,"[148.26182556152344,141.95668029785156,158.35166931152344,152.4664306640625]",0.7255064416589173,TP,IOU_GE_0.50,MATCHED,0.25
002_20200625_003415(4),1,1,"[149.0,167.0,160.0,175.99999999999997]",True,0.7005802392959595,"[150.14199829101562,165.70408630371094,160.10247802734375,176.3583221435547]",0.7622213102703522,TP,IOU_GE_0.50,MATCHED,0.25
002_20200625_003415(4),2,1,"[151.0,199.0,163.0,208.99999999999997]",True,0.7432841062545776,"[152.79965209960938,198.46621704101562,162.7236785888672,209.1420440673828]",0.7832268413770496,TP,IOU_GE_0.50,MATCHED,0.25
002_20200629_123442(5),0,1,"[151.0,140.99999999999997,159.0,151.0]",True,0.6045389175415039,"[150.42100524902344,142.2091522216797,160.54306030273438,152.65869140625]",0.6091851005833286,TP,IOU_GE_0.50,MATCHED,0.25
002_20200629_123442(5),1,1,"[151.99999999999997,165.99999999999997,160.99999999999997,175.99999999999997]",True,0.657048225402832,"[151.86351013183594,165.93655395507812,162.24734497070312,176.8172607421875]",0.7965767577092148,TP,IOU_GE_0.50,MATCHED,0.25
002_20200629_123442(5),2,1,"[154.0,197.00000000000003,165.0,207.0]",True,0.6970791816711426,"[154.74632263183594,197.99652099609375,164.66380310058594,208.8422393798828]",0.6961219885451089,TP,IOU_GE_0.50,MATCHED,0.25
002_20200629_123447(0),0,1,"[148.0,144.0,157.0,153.0]",True,0.6452986598014832,"[148.0191650390625,142.52952575683594,158.15771484375,153.1239776611328]",0.7512907663426008,TP,IOU_GE_0.50,MATCHED,0.25
002_20200629_123447(0),1,1,"[151.0,168.00000000000003,158.0,177.0]",True,0.7065397500991821,"[149.8925018310547,166.32606506347656,159.9398651123047,176.83384704589844]",0.5793306699969397,TP,IOU_GE_0.50,MATCHED,0.25
002_20200629_123447(0),2,1,"[151.99999999999997,199.0,160.99999999999997,208.99999999999997]",True,0.7365649342536926,"[152.3155059814453,198.51235961914062,162.76490783691406,209.65223693847656]",0.7263705000298649,TP,IOU_GE_0.50,MATCHED,0.25
002_20200629_123451(5),0,1,"[151.0,143.99999999999997,160.0,154.0]",True,0.6117523908615112,"[150.1634979248047,143.32650756835938,160.41049194335938,153.8861541748047]",0.8145747514420377,TP,IOU_GE_0.50,MATCHED,0.25
002_20200629_123451(5),1,1,"[151.99999999999997,168.00000000000003,160.99999999999997,177.0]",True,0.6564542055130005,"[151.91033935546875,167.03506469726562,161.94439697265625,177.4255828857422]",0.7769109122736134,TP,IOU_GE_0.50,MATCHED,0.25
002_20200629_123451(5),2,1,"[155.0,200.00000000000003,164.0,210.0]",True,0.683612585067749,"[154.76864624023438,199.75567626953125,164.82794189453125,210.22616577148438]",0.8544919014437358,TP,IOU_GE_0.50,MATCHED,0.25
002_20200629_123456(0),0,1,"[144.0,144.0,154.0,152.0]",True,0.6503366827964783,"[143.90029907226562,141.62118530273438,154.31069946289062,152.51829528808594]",0.7051982398288796,TP,IOU_GE_0.50,MATCHED,0.25
002_20200629_123456(0),1,1,"[147.0,166.99999999999997,154.0,175.0]",True,0.7062482237815857,"[146.1542205810547,165.50506591796875,155.99417114257812,176.11990356445312]",0.5361443757745454,TP,IOU_GE_0.50,MATCHED,0.25
002_20200629_123456(0),2,1,"[149.0,199.99999999999997,158.0,207.0]",True,0.71308833360672,"[148.7357635498047,198.36358642578125,158.47132873535156,208.85516357421875]",0.6167918151245302,TP,IOU_GE_0.50,MATCHED,0.25
002_20200629_123500(5),0,1,"[147.0,144.0,158.0,153.0]",True,0.6754958033561707,"[147.9922332763672,142.57740783691406,158.1480712890625,153.19595336914062]",0.7713423621947443,TP,IOU_GE_0.50,MATCHED,0.25
002_20200629_123500(5),1,1,"[150.0,167.0,159.0,175.99999999999997]",True,0.6691982746124268,"[150.01272583007812,166.57080078125,159.89361572265625,176.83619689941406]",0.7965418805106784,TP,IOU_GE_0.50,MATCHED,0.25
002_20200629_123500(5),2,1,"[151.99999999999997,200.00000000000003,160.99999999999997,208.99999999999997]",True,0.688188910484314,"[152.49169921875,198.94351196289062,162.76956176757812,209.85980224609375]",0.6566092607758295,TP,IOU_GE_0.50,MATCHED,0.25
002_20200629_123505(0),0,1,"[148.00000000000003,142.0,158.0,149.99999999999997]",True,0.6296247243881226,"[148.5748291015625,141.9708709716797,158.75770568847656,152.64425659179688]",0.6655935529618143,TP,IOU_GE_0.50,MATCHED,0.25
002_20200629_123505(0),1,1,"[151.0,166.99999999999997,158.0,175.0]",True,0.6422058939933777,"[150.4534912109375,165.77450561523438,160.31886291503906,176.3043975830078]",0.5390768207049352,TP,IOU_GE_0.50,MATCHED,0.25
002_20200629_123505(0),2,1,"[154.0,199.99999999999997,160.99999999999997,208.0]",True,0.7087742686271667,"[153.4927215576172,198.45860290527344,163.2538604736328,208.8997802734375]",0.5494625029695213,TP,IOU_GE_0.50,MATCHED,0.25
002_20200714_083054(2),0,1,"[192.99999999999997,137.0,202.0,147.0]",True,0.6741983890533447,"[193.42848205566406,136.4108428955078,202.120361328125,145.59146118164062]",0.7658664937907771,TP,IOU_GE_0.50,MATCHED,0.25
002_20200714_083054(2),1,1,"[195.0,160.0,203.0,169.0]",True,0.637782633304596,"[195.18873596191406,160.61880493164062,203.9254913330078,169.44068908691406]",0.7830420096061284,TP,IOU_GE_0.50,MATCHED,0.25
002_20200714_083054(2),2,1,"[198.0,193.0,206.0,201.99999999999997]",True,0.6867716312408447,"[198.8019561767578,192.48446655273438,207.2848663330078,201.6439208984375]",0.7112445378645403,TP,IOU_GE_0.50,MATCHED,0.25
002_20200714_083057(5),0,1,"[190.0,125.0,199.00000000000003,137.0]",True,0.6771373748779297,"[191.312744140625,127.59083557128906,199.9258270263672,136.64794921875]",0.5982227792913162,TP,IOU_GE_0.50,MATCHED,0.25
002_20200714_083057(5),1,1,"[192.00000000000003,151.0,202.0,160.0]",True,0.6441372036933899,"[194.00794982910156,150.58021545410156,202.49673461914062,159.5144500732422]",0.6958370612124075,TP,IOU_GE_0.50,MATCHED,0.25
002_20200714_083057(5),2,1,"[202.00000000000003,184.0,209.0,193.99999999999997]",False,0.10548859089612961,"[199.57949829101562,182.6527862548828,209.46844482421875,192.68045043945312]",0.5605463033010495,FN,NOT_MATCHED,LOW_CONFIDENCE,0.25
002_20200714_083101(7),0,1,"[192.99999999999997,123.0,202.0,136.0]",True,0.6910204291343689,"[194.1376495361328,124.27767944335938,202.8817901611328,133.36004638671875]",0.5712300669213101,TP,IOU_GE_0.50,MATCHED,0.25
002_20200714_083101(7),1,1,"[198.0,147.0,206.0,158.0]",True,0.6067551374435425,"[197.0608673095703,147.55885314941406,206.14718627929688,156.7475128173828]",0.7502338787653822,TP,IOU_GE_0.50,MATCHED,0.25
002_20200714_083101(7),2,1,"[202.0,179.0,211.00000000000003,190.0]",True,0.7032974362373352,"[203.22164916992188,180.34014892578125,211.65541076660156,189.27731323242188]",0.6629605923684195,TP,IOU_GE_0.50,MATCHED,0.25
002_20200714_083106(2),0,1,"[190.0,144.0,199.00000000000003,153.0]",True,0.6997723579406738,"[190.02708435058594,143.6540069580078,199.0780487060547,152.82594299316406]",0.9336718464359473,TP,IOU_GE_0.50,MATCHED,0.25
002_20200714_083106(2),1,1,"[194.0,166.99999999999997,202.0,174.0]",True,0.6255797147750854,"[194.73370361328125,166.22669982910156,203.04222106933594,174.96875]",0.6540371093165019,TP,IOU_GE_0.50,MATCHED,0.25
002_20200714_083106(2),2,1,"[202.0,199.0,211.00000000000003,207.00000000000003]",True,0.6656994819641113,"[201.92320251464844,198.91419982910156,210.78611755371094,208.0631103515625]",0.8489302234984258,TP,IOU_GE_0.50,MATCHED,0.25
002_20200714_083110(8),0,1,"[190.0,155.0,198.0,163.0]",True,0.6824753880500793,"[190.5528106689453,155.24293518066406,199.3529815673828,164.2861785888672]",0.6731826260891837,TP,IOU_GE_0.50,MATCHED,0.25
002_20200714_083110(8),1,1,"[197.0,176.0,203.99999999999997,184.99999999999997]",True,0.6591232419013977,"[196.1680450439453,177.49887084960938,205.2428436279297,186.93199157714844]",0.5464122502787712,TP,IOU_GE_0.50,MATCHED,0.25
002_20200714_083110(8),2,1,"[206.00000000000003,209.00000000000003,213.0,217.99999999999997]",True,0.6140199899673462,"[204.93894958496094,209.63101196289062,213.78639221191406,218.68136596679688]",0.6933745217262188,TP,IOU_GE_0.50,MATCHED,0.25
002_20200714_083115(1),0,1,"[195.00000000000003,164.0,202.0,176.0]",True,0.6572650074958801,"[194.3975372314453,165.8616485595703,203.2533416748047,174.80032348632812]",0.6220469177305671,TP,IOU_GE_0.50,MATCHED,0.25
002_20200714_083115(1),1,1,"[196.00000000000003,188.00000000000003,204.0,198.0]",True,0.6410303115844727,"[196.5747833251953,189.63328552246094,205.51348876953125,198.92715454101562]",0.6153973894531843,TP,IOU_GE_0.50,MATCHED,0.25
002_20200714_083115(1),2,1,"[200.00000000000003,222.00000000000003,208.0,231.0]",True,0.6035188436508179,"[200.5533905029297,223.05419921875,209.24435424804688,231.93348693847656]",0.6574342614015991,TP,IOU_GE_0.50,MATCHED,0.25
002_20200715_002443(4),0,1,"[188.99999999999997,137.0,198.0,145.0]",True,0.6848025321960449,"[189.5086212158203,137.32765197753906,198.33937072753906,146.4618682861328]",0.7444458753532924,TP,IOU_GE_0.50,MATCHED,0.25
002_20200715_002443(4),1,1,"[191.0,160.0,200.00000000000003,169.0]",True,0.5931608080863953,"[191.5871124267578,161.3971405029297,200.1649932861328,170.1996307373047]",0.6911470355051504,TP,IOU_GE_0.50,MATCHED,0.25
002_20200715_002443(4),2,1,"[195.0,194.00000000000003,204.0,202.99999999999997]",True,0.6462310552597046,"[195.84140014648438,193.93788146972656,204.4288330078125,202.83660888671875]",0.8449593576204656,TP,IOU_GE_0.50,MATCHED,0.25
002_20200715_002447(9),0,1,"[197.0,131.0,205.0,141.0]",True,0.661231517791748,"[196.49147033691406,131.24400329589844,205.47911071777344,140.6381072998047]",0.841784482339695,TP,IOU_GE_0.50,MATCHED,0.25
002_20200715_002447(9),1,1,"[200.00000000000003,155.0,208.0,164.0]",True,0.671302855014801,"[200.06362915039062,154.7373046875,208.8874969482422,163.8404998779297]",0.8539210156843173,TP,IOU_GE_0.50,MATCHED,0.25
002_20200715_002447(9),2,1,"[205.0,186.0,214.99999999999997,196.99999999999997]",True,0.6716439127922058,"[205.80941772460938,186.46383666992188,214.635009765625,195.83578491210938]",0.7519362892278257,TP,IOU_GE_0.50,MATCHED,0.25
002_20200715_002456(9),0,1,"[186.0,131.0,197.0,141.0]",True,0.7000253796577454,"[187.2834014892578,132.7237548828125,196.2495574951172,141.94552612304688]",0.6263295380732476,TP,IOU_GE_0.50,MATCHED,0.25
002_20200715_002456(9),1,1,"[189.00000000000003,155.0,200.00000000000003,166.0]",True,0.6761496067047119,"[190.2394256591797,156.75489807128906,198.82192993164062,165.36349487304688]",0.6106059407519008,TP,IOU_GE_0.50,MATCHED,0.25
002_20200715_002456(9),2,1,"[195.0,188.00000000000003,203.0,196.99999999999997]",True,0.6487036943435669,"[195.06419372558594,188.043701171875,203.5243377685547,197.05807495117188]",0.9208161961371323,TP,IOU_GE_0.50,MATCHED,0.25
002_20200901_043133(6),0,1,"[240.00000000000003,157.0,251.0,167.0]",True,0.689194917678833,"[240.21444702148438,156.85379028320312,249.5537567138672,166.95310974121094]",0.8346855721988783,TP,IOU_GE_0.50,MATCHED,0.25
002_20200901_043136(6),0,1,"[239.0,143.0,250.0,153.0]",True,0.6402897834777832,"[240.132080078125,143.130615234375,249.64613342285156,152.9169464111328]",0.84643342604395,TP,IOU_GE_0.50,MATCHED,0.25
002_20200901_043139(6),0,1,"[243.0,153.0,252.99999999999997,164.0]",True,0.6867636442184448,"[241.90289306640625,153.8676300048828,251.4794158935547,163.9267120361328]",0.704709495731358,TP,IOU_GE_0.50,MATCHED,0.25
002_20200901_043142(6),0,1,"[238.0,157.0,248.0,167.0]",True,0.6181872487068176,"[238.90335083007812,156.89443969726562,248.318603515625,166.88792419433594]",0.8636772251471706,TP,IOU_GE_0.50,MATCHED,0.25
002_20200901_043145(5),0,1,"[237.0,155.0,246.99999999999997,164.0]",True,0.6119813323020935,"[239.3146209716797,155.08029174804688,248.90025329589844,164.96978759765625]",0.5897105842398422,TP,IOU_GE_0.50,MATCHED,0.25
002_20200901_043148(6),0,1,"[239.0,154.0,248.0,165.0]",True,0.6711315512657166,"[237.89437866210938,154.71250915527344,247.61643981933594,164.7371368408203]",0.7846466224150557,TP,IOU_GE_0.50,MATCHED,0.25
002_20200905_043156(0),0,1,"[250.0,167.0,259.0,177.0]",True,0.6507465243339539,"[250.5345916748047,167.31204223632812,260.3663330078125,177.44375610351562]",0.7621990343893019,TP,IOU_GE_0.50,MATCHED,0.25
002_20200905_043200(0),0,1,"[252.0,171.00000000000003,261.0,181.0]",True,0.6701511740684509,"[252.49742126464844,171.4325714111328,261.9608154296875,181.3737335205078]",0.7918655976162237,TP,IOU_GE_0.50,MATCHED,0.25
002_20200905_043204(0),0,1,"[246.0,170.0,257.0,178.99999999999997]",True,0.7083985805511475,"[247.66690063476562,169.73196411132812,257.23248291015625,179.9019317626953]",0.7480858165720726,TP,IOU_GE_0.50,MATCHED,0.25
002_20200905_043208(0),0,1,"[240.00000000000003,171.0,250.0,179.0]",True,0.689280092716217,"[241.145263671875,169.1972198486328,250.91172790527344,179.1409454345703]",0.6665392405965416,TP,IOU_GE_0.50,MATCHED,0.25
002_20200905_043212(1),0,1,"[242.00000000000003,168.00000000000003,250.0,178.0]",True,0.7296732664108276,"[241.91525268554688,168.499755859375,251.78834533691406,178.712646484375]",0.7249959743812875,TP,IOU_GE_0.50,MATCHED,0.25
002_20200905_043216(0),0,1,"[250.0,171.00000000000003,260.0,181.0]",True,0.6755250692367554,"[251.0011444091797,170.72889709472656,260.5152587890625,180.6602783203125]",0.8082372411085247,TP,IOU_GE_0.50,MATCHED,0.25
002_20200905_204033(3),0,1,"[253.00000000000003,169.0,264.0,177.99999999999997]",True,0.7024654746055603,"[252.843994140625,167.75430297851562,262.098388671875,177.25086975097656]",0.671371292303837,TP,IOU_GE_0.50,MATCHED,0.25
002_20200905_204039(5),0,1,"[244.0,202.0,253.99999999999997,211.99999999999997]",True,0.6949809193611145,"[244.05789184570312,201.5974884033203,253.78280639648438,211.86685180664062]",0.9233975187562088,TP,IOU_GE_0.50,MATCHED,0.25
002_20200905_204042(9),0,1,"[248.00000000000003,163.00000000000003,256.0,171.00000000000003]",True,0.6389100551605225,"[248.04075622558594,160.64613342285156,257.7224426269531,171.11416625976562]",0.6262543694665694,TP,IOU_GE_0.50,MATCHED,0.25
002_20200905_204046(0),0,1,"[244.0,166.99999999999997,253.99999999999997,175.0]",True,0.6843116283416748,"[245.26226806640625,165.0489044189453,254.75132751464844,175.1700439453125]",0.6585925676570652,TP,IOU_GE_0.50,MATCHED,0.25
002_20200905_204049(1),0,1,"[249.00000000000003,158.0,256.0,168.0]",True,0.7291182279586792,"[248.20187377929688,158.03286743164062,258.3594055175781,168.8708953857422]",0.6324455413734299,TP,IOU_GE_0.50,MATCHED,0.25
002_20200905_204052(3),0,1,"[241.00000000000003,169.0,250.0,177.99999999999997]",True,0.7639599442481995,"[239.97718811035156,167.453857421875,249.75979614257812,177.409912109375]",0.7034391322376651,TP,IOU_GE_0.50,MATCHED,0.25
002_20200906_003114(8),0,1,"[244.0,143.0,256.0,154.0]",True,0.6807306408882141,"[245.90000915527344,144.47244262695312,254.8657989501953,153.51934814453125]",0.6144897967054875,TP,IOU_GE_0.50,MATCHED,0.25
002_20200906_003118(7),0,1,"[246.0,136.0,256.0,145.0]",True,0.6806918978691101,"[246.38792419433594,136.13768005371094,255.2737579345703,145.1024627685547]",0.8662270042721691,TP,IOU_GE_0.50,MATCHED,0.25
002_20200906_003122(7),0,1,"[248.00000000000003,153.0,258.0,163.0]",True,0.7054946422576904,"[250.2176971435547,153.55320739746094,258.66943359375,162.62974548339844]",0.6659025168085206,TP,IOU_GE_0.50,MATCHED,0.25
002_20200906_003126(8),0,1,"[243.0,143.99999999999997,250.99999999999997,154.0]",True,0.6304451823234558,"[243.6254425048828,144.93325805664062,252.319580078125,154.08218383789062]",0.7214508906417038,TP,IOU_GE_0.50,MATCHED,0.25
002_20200906_003132(7),0,1,"[245.0,153.0,255.0,161.0]",True,0.6421452760696411,"[247.99160766601562,152.4208526611328,256.7321472167969,161.53074645996094]",0.5414067884388373,TP,IOU_GE_0.50,MATCHED,0.25
001_20200622_203305(8),0,2,"[362.0,189.99999999999997,368.00000000000006,198.0]",False,0.5412253141403198,"[357.7063293457031,186.84051513671875,371.1913757324219,199.5337371826172]",0.28042512060338337,FN,NOT_MATCHED,LOCALIZATION_FAILURE,0.25
001_20200622_203305(8),1,2,"[363.0,218.0,371.0,228.0]",False,0.6254099607467651,"[360.7300720214844,219.17913818359375,373.6480407714844,232.46336364746094]",0.3897898330441141,FN,NOT_MATCHED,LOCALIZATION_FAILURE,0.25
001_20200622_203305(8),2,2,"[368.0,255.0,379.0,267.0]",True,0.6289740204811096,"[364.98968505859375,255.16180419921875,379.1242370605469,269.2169494628906]",0.6496616780718032,TP,IOU_GE_0.50,MATCHED,0.25
001_20200622_203309(1),0,2,"[369.0,173.0,379.0,184.0]",True,0.5981483459472656,"[367.5338439941406,171.19203186035156,380.919921875,184.43264770507812]",0.6206276959085599,TP,IOU_GE_0.50,MATCHED,0.25
001_20200622_203309(1),1,2,"[366.00000000000006,201.0,378.0,215.0]",True,0.57021564245224,"[365.01470947265625,203.961669921875,378.22894287109375,217.19679260253906]",0.6294666982622169,TP,IOU_GE_0.50,MATCHED,0.25
001_20200622_203309(1),2,2,"[368.00000000000006,241.0,376.0,254.99999999999997]",True,0.6212162375450134,"[364.39813232421875,240.9312744140625,379.08905029296875,255.4379425048828]",0.5255347210956282,TP,IOU_GE_0.50,MATCHED,0.25
001_20200622_203312(6),0,2,"[357.0,187.0,366.0,198.0]",True,0.5525627136230469,"[357.489013671875,186.73751831054688,371.1918029785156,199.68634033203125]",0.5121094821575909,TP,IOU_GE_0.50,MATCHED,0.25
001_20200622_203312(6),1,2,"[357.00000000000006,218.00000000000003,369.0,232.0]",False,0.11230934411287308,"[354.2020568847656,218.13925170898438,367.189453125,231.32888793945312]",0.6558938686159176,FN,NOT_MATCHED,LOW_CONFIDENCE,0.25
001_20200622_203312(6),2,2,"[356.0,256.0,369.0,268.0]",True,0.595368504524231,"[354.726318359375,256.671142578125,369.00439453125,270.7265319824219]",0.7032902377114049,TP,IOU_GE_0.50,MATCHED,0.25
001_20200622_203316(0),0,2,"[365.0,203.0,371.99999999999994,213.99999999999997]",False,0.6231271624565125,"[361.400634765625,202.69000244140625,374.28936767578125,215.85403442382812]",0.4538282980243899,FN,NOT_MATCHED,LOCALIZATION_FAILURE,0.25
001_20200622_203316(0),1,2,"[364.00000000000006,233.00000000000003,376.0,247.0]",True,0.5708234310150146,"[363.4674377441406,234.76365661621094,377.6036071777344,248.53326416015625]",0.680384679708856,TP,IOU_GE_0.50,MATCHED,0.25
001_20200622_203316(0),2,2,"[370.0,276.0,378.0,287.0]",False,0.6237558722496033,"[366.9182434082031,272.350341796875,380.2512512207031,286.1919250488281]",0.4268544246243973,FN,NOT_MATCHED,LOCALIZATION_FAILURE,0.25
001_20200622_203319(4),0,2,"[364.00000000000006,209.0,376.0,219.0]",True,0.6038399338722229,"[363.1366882324219,207.30206298828125,376.7572021484375,220.2416534423828]",0.6808747376121088,TP,IOU_GE_0.50,MATCHED,0.25
001_20200622_203319(4),1,2,"[369.0,237.99999999999997,380.00000000000006,249.00000000000003]",True,0.6056646704673767,"[366.4498291015625,238.4838409423828,379.6828918457031,252.2061004638672]",0.590518891772013,TP,IOU_GE_0.50,MATCHED,0.25
001_20200622_203319(4),2,2,"[374.0,276.0,384.00000000000006,286.0]",False,0.6438451409339905,"[370.8809814453125,274.5749206542969,385.1094970703125,289.1896057128906]",0.4808957555738896,FN,NOT_MATCHED,LOCALIZATION_FAILURE,0.25
001_20200623_203247(5),0,2,"[340.0,184.0,355.00000000000006,197.0]",True,0.5566337704658508,"[342.1755676269531,183.23585510253906,354.0769348144531,194.7935791015625]",0.6294066258597767,TP,IOU_GE_0.50,MATCHED,0.25
001_20200623_203247(5),1,2,"[343.0,215.0,360.0,228.0]",True,0.5926615595817566,"[343.1089782714844,215.44891357421875,356.8773193359375,228.0852813720703]",0.7778025164439429,TP,IOU_GE_0.50,MATCHED,0.25
001_20200623_203247(5),2,2,"[348.0,258.0,363.0,274.0]",True,0.6663557887077332,"[349.2845764160156,260.7871398925781,362.3330383300781,273.609619140625]",0.6971401337999851,TP,IOU_GE_0.50,MATCHED,0.25
001_20200624_003240(4),0,2,"[342.0,242.0,356.0,252.0]",True,0.5925666093826294,"[343.33660888671875,240.74046325683594,356.0008850097656,253.5047607421875]",0.7235533978404781,TP,IOU_GE_0.50,MATCHED,0.25
001_20200624_003240(4),1,2,"[342.0,194.0,353.00000000000006,207.0]",True,0.5289504528045654,"[339.02105712890625,194.77297973632812,351.80914306640625,207.68263244628906]",0.6374412888099151,TP,IOU_GE_0.50,MATCHED,0.25
001_20200624_003240(4),2,2,"[338.0,161.0,351.0,175.0]",True,0.5827828049659729,"[340.23065185546875,162.86863708496094,352.34283447265625,175.2493438720703]",0.6489818646697343,TP,IOU_GE_0.50,MATCHED,0.25
001_20200624_003244(2),0,2,"[348.0,167.0,362.0,182.0]",True,0.5772570967674255,"[350.8533630371094,168.3362274169922,363.2654113769531,180.4818878173828]",0.6007175470568278,TP,IOU_GE_0.50,MATCHED,0.25
001_20200624_003244(2),1,2,"[350.0,200.0,365.0,213.00000000000003]",True,0.5672510266304016,"[351.91607666015625,200.9386749267578,365.2032775878906,213.38255310058594]",0.7791718175716316,TP,IOU_GE_0.50,MATCHED,0.25
001_20200624_003244(2),2,2,"[356.0,246.0,368.0,259.0]",True,0.6601654887199402,"[355.37579345703125,246.5244140625,367.7569274902344,259.2901916503906]",0.8762955273738661,TP,IOU_GE_0.50,MATCHED,0.25
001_20200624_003247(7),0,2,"[339.0,151.0,357.0,165.0]",True,0.5509994029998779,"[342.751953125,151.2289581298828,355.83819580078125,163.12168884277344]",0.617583968994459,TP,IOU_GE_0.50,MATCHED,0.25
001_20200624_003247(7),1,2,"[345.0,184.00000000000003,358.0,200.0]",True,0.6168794631958008,"[344.6732482910156,183.3759307861328,357.55865478515625,196.6309356689453]",0.7204823288527424,TP,IOU_GE_0.50,MATCHED,0.25
001_20200624_003247(7),2,2,"[349.0,228.00000000000003,363.0,242.0]",True,0.6396285891532898,"[350.1009521484375,228.73391723632812,363.41571044921875,241.08364868164062]",0.7920085427702235,TP,IOU_GE_0.50,MATCHED,0.25
001_20200624_003251(1),0,2,"[345.0,186.00000000000003,358.0,198.0]",True,0.5807303190231323,"[347.311279296875,185.90817260742188,359.9511413574219,198.36941528320312]",0.6924101639116136,TP,IOU_GE_0.50,MATCHED,0.25
001_20200624_003251(1),1,2,"[346.00000000000006,219.00000000000003,362.0,231.0]",True,0.5693084597587585,"[347.4039001464844,219.82672119140625,360.02130126953125,232.57669067382812]",0.6653228239153613,TP,IOU_GE_0.50,MATCHED,0.25
001_20200624_003251(1),2,2,"[349.0,265.0,363.0,277.0]",True,0.6043736338615417,"[350.5743713378906,264.87689208984375,363.3836669921875,276.7715759277344]",0.8401773015912196,TP,IOU_GE_0.50,MATCHED,0.25
001_20200624_003254(3),0,2,"[339.0,175.0,353.0,188.0]",True,0.5928311944007874,"[341.0941467285156,175.18215942382812,352.6837158203125,186.83985900878906]",0.74235008127097,TP,IOU_GE_0.50,MATCHED,0.25
001_20200624_003254(3),1,2,"[342.99999999999994,207.0,357.0,223.0]",True,0.5929276943206787,"[342.067626953125,206.98861694335938,355.6082458496094,219.6562957763672]",0.6762900192656299,TP,IOU_GE_0.50,MATCHED,0.25
001_20200624_003254(3),2,2,"[351.0,252.99999999999997,364.0,266.0]",True,0.570039689540863,"[349.814453125,252.85885620117188,362.6609802246094,265.1667175292969]",0.7659135572905154,TP,IOU_GE_0.50,MATCHED,0.25
001_20200624_003303(5),0,2,"[349.0,227.0,366.0,243.00000000000003]",True,0.5782137513160706,"[348.0047912597656,228.42196655273438,361.7657165527344,241.7690887451172]",0.597250714482347,TP,IOU_GE_0.50,MATCHED,0.25
001_20200624_003303(5),1,2,"[346.00000000000006,194.00000000000003,362.0,209.0]",True,0.5186466574668884,"[349.6690673828125,196.5926971435547,362.09149169921875,208.4385986328125]",0.60589310459891,TP,IOU_GE_0.50,MATCHED,0.25
001_20200624_003303(5),2,2,"[349.0,272.0,364.00000000000006,288.0]",True,0.5382341742515564,"[349.7394104003906,274.6492919921875,362.42620849609375,287.0506591796875]",0.6555568400770401,TP,IOU_GE_0.50,MATCHED,0.25
001_20200624_162816(3),0,2,"[335.0,168.0,354.0,183.0]",True,0.5760742425918579,"[337.81304931640625,169.88832092285156,349.6757507324219,182.00535583496094]",0.5043535691571601,TP,IOU_GE_0.50,MATCHED,0.25
001_20200624_162816(3),1,2,"[342.0,201.00000000000003,357.99999999999994,217.0]",True,0.5621854066848755,"[344.7279357910156,202.47500610351562,357.18060302734375,215.0642852783203]",0.6123832199573404,TP,IOU_GE_0.50,MATCHED,0.25
001_20200624_162816(3),2,2,"[355.00000000000006,242.0,371.0,257.0]",True,0.6141807436943054,"[356.178955078125,244.07725524902344,369.61895751953125,257.06805419921875]",0.7209263613045633,TP,IOU_GE_0.50,MATCHED,0.25
001_20200624_162821(2),0,2,"[343.0,141.0,355.0,156.0]",False,0.0074149854481220245,"[341.70428466796875,144.68675231933594,356.9405212402344,157.6421661376953]",0.5618400511825757,FN,NOT_MATCHED,LOW_CONFIDENCE,0.25
001_20200624_162821(2),1,2,"[347.0,176.0,361.0,190.0]",True,0.6129868030548096,"[346.0572204589844,177.01968383789062,359.59429931640625,190.611083984375]",0.7550602105362468,TP,IOU_GE_0.50,MATCHED,0.25
001_20200624_162821(2),2,2,"[353.0,221.99999999999997,364.00000000000006,235.99999999999994]",True,0.5568124055862427,"[352.2671813964844,223.11474609375,365.0326843261719,235.0630340576172]",0.7506288855419291,TP,IOU_GE_0.50,MATCHED,0.25
001_20200624_162831(2),0,2,"[360.0,201.00000000000003,375.99999999999994,213.0]",True,0.6005514860153198,"[360.3817138671875,199.64157104492188,374.17279052734375,213.20309448242188]",0.7750151057662654,TP,IOU_GE_0.50,MATCHED,0.25
001_20200624_162831(2),1,2,"[364.0,228.99999999999997,378.0,247.0]",True,0.5650292038917542,"[365.1285095214844,232.52935791015625,377.7382507324219,244.98049926757812]",0.6230383741979788,TP,IOU_GE_0.50,MATCHED,0.25
001_20200624_162831(2),2,2,"[372.0,267.0,385.0,283.0]",True,0.5836126804351807,"[372.2548522949219,267.4385986328125,384.9396667480469,279.7561340332031]",0.7511810147776626,TP,IOU_GE_0.50,MATCHED,0.25
001_20200624_162835(8),0,2,"[358.0,141.0,369.99999999999994,153.00000000000003]",True,0.5634588599205017,"[357.2215881347656,140.29074096679688,370.14642333984375,153.1013946533203]",0.869693424866955,TP,IOU_GE_0.50,MATCHED,0.25
001_20200624_162835(8),1,2,"[360.0,172.00000000000003,371.99999999999994,184.0]",True,0.5826881527900696,"[361.23858642578125,173.05328369140625,373.81805419921875,186.19386291503906]",0.6151568693073323,TP,IOU_GE_0.50,MATCHED,0.25
001_20200624_162835(8),2,2,"[365.0,209.0,378.0,224.00000000000003]",True,0.6131395101547241,"[365.76708984375,209.39512634277344,378.4148864746094,222.13975524902344]",0.7784002629269521,TP,IOU_GE_0.50,MATCHED,0.25
001_20200625_003507(0),0,2,"[341.00000000000006,143.00000000000003,353.0,154.0]",True,0.5960143804550171,"[340.1742858886719,142.7585906982422,352.7471923828125,155.15843200683594]",0.8143227311243351,TP,IOU_GE_0.50,MATCHED,0.25
001_20200625_003507(0),1,2,"[342.0,175.0,353.00000000000006,188.0]",True,0.6052140593528748,"[340.8860778808594,175.25,354.3966369628906,188.97225952148438]",0.7454341242884587,TP,IOU_GE_0.50,MATCHED,0.25
001_20200625_003507(0),2,2,"[346.0,223.0,356.0,234.99999999999997]",True,0.5726004838943481,"[342.4466552734375,222.59915161132812,355.6913146972656,234.66220092773438]",0.6777978464693254,TP,IOU_GE_0.50,MATCHED,0.25
001_20200625_003511(4),0,2,"[348.00000000000006,145.0,360.0,157.00000000000003]",True,0.5595563650131226,"[347.3443603515625,144.79074096679688,359.4191589355469,157.09910583496094]",0.8807051951731156,TP,IOU_GE_0.50,MATCHED,0.25
001_20200625_003511(4),1,2,"[350.0,179.0,360.0,191.00000000000003]",True,0.5591257214546204,"[346.49151611328125,178.42724609375,359.46929931640625,191.26817321777344]",0.6567723945695384,TP,IOU_GE_0.50,MATCHED,0.25
001_20200625_003511(4),2,2,"[350.0,225.99999999999997,361.0,237.0]",True,0.5948381423950195,"[349.7600402832031,225.16055297851562,362.2675476074219,237.2354736328125]",0.8011804047918337,TP,IOU_GE_0.50,MATCHED,0.25
001_20200625_003515(9),0,2,"[342.99999999999994,154.0,357.0,167.00000000000003]",True,0.5934921503067017,"[346.82659912109375,154.5946044921875,359.321044921875,167.5175018310547]",0.580895804101287,TP,IOU_GE_0.50,MATCHED,0.25
001_20200625_003515(9),1,2,"[347.0,187.0,360.0,202.0]",True,0.5861583352088928,"[345.4631652832031,187.73410034179688,358.0175476074219,200.68258666992188]",0.663847253568912,TP,IOU_GE_0.50,MATCHED,0.25
001_20200625_003515(9),2,2,"[349.0,233.0,360.99999999999994,249.00000000000003]",True,0.6258278489112854,"[349.1123352050781,233.3733367919922,362.0992431640625,246.50738525390625]",0.7563216745611477,TP,IOU_GE_0.50,MATCHED,0.25
001_20200625_003520(4),0,2,"[340.0,152.0,354.0,163.0]",True,0.5558065176010132,"[342.0762023925781,153.80169677734375,354.7914123535156,166.20094299316406]",0.5430168134297474,TP,IOU_GE_0.50,MATCHED,0.25
001_20200625_003520(4),1,2,"[342.0,187.0,353.00000000000006,198.0]",True,0.5646764039993286,"[341.75164794921875,186.6176300048828,355.6968078613281,199.64219665527344]",0.6661907358733903,TP,IOU_GE_0.50,MATCHED,0.25
001_20200625_003520(4),2,2,"[346.0,233.0,355.0,244.00000000000003]",True,0.598578929901123,"[343.0272216796875,231.92318725585938,356.2674865722656,245.04844665527344]",0.5696795443100524,TP,IOU_GE_0.50,MATCHED,0.25
001_20200625_003524(9),0,2,"[345.0,150.0,357.0,163.0]",True,0.5336134433746338,"[347.3967590332031,149.58651733398438,359.56201171875,161.61949157714844]",0.5848277333511493,TP,IOU_GE_0.50,MATCHED,0.25
001_20200625_003524(9),1,2,"[346.0,183.0,356.0,194.0]",True,0.5853331089019775,"[345.5821533203125,182.61386108398438,358.6414794921875,196.18218994140625]",0.6207912043894983,TP,IOU_GE_0.50,MATCHED,0.25
001_20200625_003524(9),2,2,"[350.0,229.99999999999997,360.0,241.0]",True,0.6628297567367554,"[348.2392272949219,228.1329345703125,361.4007568359375,241.0084686279297]",0.6491141409130703,TP,IOU_GE_0.50,MATCHED,0.25
001_20200625_003529(2),0,2,"[341.0,146.0,350.0,159.0]",True,0.5104681849479675,"[341.4240417480469,147.5542449951172,353.1007385253906,159.2039794921875]",0.6338024535930689,TP,IOU_GE_0.50,MATCHED,0.25
001_20200625_003529(2),1,2,"[342.0,180.0,353.99999999999994,195.0]",True,0.5979905724525452,"[340.9541931152344,179.75387573242188,354.80340576171875,192.9261016845703]",0.7482124345360799,TP,IOU_GE_0.50,MATCHED,0.25
001_20200625_003529(2),2,2,"[344.99999999999994,226.0,356.0,237.99999999999997]",True,0.6007626056671143,"[343.6809997558594,225.9250946044922,356.0933532714844,238.3855743408203]",0.8534636558937793,TP,IOU_GE_0.50,MATCHED,0.25
001_20200629_082905(4),0,2,"[349.0,194.0,363.0,208.0]",True,0.5270625352859497,"[349.7625427246094,194.73902893066406,363.2786865234375,207.37803649902344]",0.8385443883409553,TP,IOU_GE_0.50,MATCHED,0.25
001_20200629_082905(4),1,2,"[344.99999999999994,228.0,356.0,239.00000000000003]",True,0.5379434823989868,"[342.64825439453125,225.70223999023438,356.78192138671875,239.87789916992188]",0.6039309026720948,TP,IOU_GE_0.50,MATCHED,0.25
001_20200629_082905(4),2,2,"[339.0,273.99999999999994,349.0,285.0]",True,0.5532278418540955,"[338.6929931640625,272.4264831542969,351.8865966796875,285.35711669921875]",0.6447768739814517,TP,IOU_GE_0.50,MATCHED,0.25
001_20200629_123107(1),0,2,"[339.99999999999994,160.99999999999997,351.0,173.0]",True,0.5551328659057617,"[342.6022033691406,161.78831481933594,354.8342590332031,173.6934814453125]",0.5131783490212465,TP,IOU_GE_0.50,MATCHED,0.25
001_20200629_123107(1),1,2,"[342.99999999999994,196.00000000000003,354.0,207.0]",True,0.5551092624664307,"[341.217041015625,194.40367126464844,355.0127868652344,207.45236206054688]",0.6721608991523087,TP,IOU_GE_0.50,MATCHED,0.25
001_20200629_123107(1),2,2,"[347.0,242.0,355.0,253.99999999999997]",True,0.601674497127533,"[343.9396057128906,240.4087371826172,356.7231750488281,253.52212524414062]",0.5376040557768167,TP,IOU_GE_0.50,MATCHED,0.25
001_20200629_123111(6),0,2,"[348.00000000000006,161.0,360.0,171.0]",True,0.5540334582328796,"[348.60931396484375,160.80484008789062,360.82598876953125,172.83883666992188]",0.7439613990082232,TP,IOU_GE_0.50,MATCHED,0.25
001_20200629_123111(6),1,2,"[348.99999999999994,196.0,360.0,205.0]",True,0.624337375164032,"[346.8807678222656,193.81878662109375,360.7960510253906,207.20266723632812]",0.53157076889645,TP,IOU_GE_0.50,MATCHED,0.25
001_20200629_123111(6),2,2,"[351.0,239.99999999999997,362.00000000000006,251.0]",True,0.5916075110435486,"[349.75628662109375,240.20240783691406,362.4198913574219,252.80174255371094]",0.7341692102087392,TP,IOU_GE_0.50,MATCHED,0.25
001_20200629_123116(1),0,2,"[339.0,144.0,354.0,159.0]",True,0.5671295523643494,"[340.07513427734375,144.95240783691406,352.2685241699219,157.31634521484375]",0.6700369291400744,TP,IOU_GE_0.50,MATCHED,0.25
001_20200629_123116(1),1,2,"[342.99999999999994,180.99999999999997,354.0,193.0]",True,0.5986506938934326,"[340.40972900390625,178.1724395751953,353.78643798828125,191.22744750976562]",0.561941533377221,TP,IOU_GE_0.50,MATCHED,0.25
001_20200629_123116(1),2,2,"[346.0,224.00000000000003,357.00000000000006,237.99999999999997]",True,0.6069110035896301,"[343.9142761230469,225.05624389648438,356.279052734375,237.20849609375]",0.6964943306840458,TP,IOU_GE_0.50,MATCHED,0.25
001_20200629_123120(6),0,2,"[342.0,142.0,356.0,155.00000000000003]",True,0.5110169649124146,"[343.91510009765625,142.27349853515625,356.1969909667969,153.85203552246094]",0.7593054158950103,TP,IOU_GE_0.50,MATCHED,0.25
001_20200629_123120(6),1,2,"[342.0,174.0,357.00000000000006,189.0]",True,0.5606910586357117,"[341.9442443847656,174.31060791015625,355.67022705078125,187.9456329345703]",0.8256276518672843,TP,IOU_GE_0.50,MATCHED,0.25
001_20200629_123120(6),2,2,"[342.99999999999994,223.00000000000003,354.0,232.0]",True,0.5776229500770569,"[341.7985534667969,221.88034057617188,354.45458984375,233.7821044921875]",0.6572432716551333,TP,IOU_GE_0.50,MATCHED,0.25
001_20200629_123125(2),0,2,"[342.0,148.00000000000003,356.0,159.0]",True,0.5810138583183289,"[344.8133544921875,147.59408569335938,356.8671569824219,160.00392150878906]",0.6816114888266569,TP,IOU_GE_0.50,MATCHED,0.25
001_20200629_123125(2),1,2,"[345.0,182.0,357.0,198.0]",True,0.5737121105194092,"[345.3822021484375,180.8765411376953,358.28826904296875,193.92686462402344]",0.6245430707230902,TP,IOU_GE_0.50,MATCHED,0.25
001_20200629_123125(2),2,2,"[350.0,226.0,361.0,239.99999999999997]",True,0.6790440678596497,"[349.7854919433594,226.43846130371094,363.4429626464844,240.1488494873047]",0.7766706923026414,TP,IOU_GE_0.50,MATCHED,0.25
001_20200728_014351(3),0,2,"[312.99999999999994,215.0,324.0,225.00000000000003]",True,0.6039345860481262,"[313.6039123535156,215.57717895507812,326.75982666015625,227.3746337890625]",0.585727444782333,TP,IOU_GE_0.50,MATCHED,0.25
001_20200728_014355(2),0,2,"[323.00000000000006,186.00000000000003,331.0,198.0]",True,0.5517810583114624,"[322.4090881347656,185.06512451171875,334.60247802734375,196.85687255859375]",0.5679528185526399,TP,IOU_GE_0.50,MATCHED,0.25
001_20200810_163112(8),0,2,"[314.0,222.0,328.0,233.00000000000003]",True,0.5403561592102051,"[313.80322265625,222.725830078125,327.22344970703125,235.08380126953125]",0.7384223315767722,TP,IOU_GE_0.50,MATCHED,0.25
001_20200810_163116(0),0,2,"[319.99999999999994,191.0,331.0,201.99999999999997]",False,0.005345121491700411,"[319.617919921875,189.45892333984375,334.2618408203125,202.65982055664062]",0.6259282404873038,FN,NOT_MATCHED,LOW_CONFIDENCE,0.25
001_20200814_033012(7),0,2,"[315.99999999999994,175.0,326.0,186.0]",True,0.5969040393829346,"[316.33642578125,175.0988311767578,327.9509582519531,187.15296936035156]",0.7282250558903599,TP,IOU_GE_0.50,MATCHED,0.25
001_20200814_033016(6),0,2,"[315.0,136.99999999999997,324.0,150.0]",True,0.5886633396148682,"[313.9890441894531,139.0540008544922,326.32965087890625,151.10792541503906]",0.589061999405161,TP,IOU_GE_0.50,MATCHED,0.25
001_20200814_203438(9),0,2,"[315.99999999999994,125.0,330.0,136.99999999999997]",True,0.6042470335960388,"[317.1584777832031,125.49075317382812,328.7397155761719,138.0992889404297]",0.7375117214337242,TP,IOU_GE_0.50,MATCHED,0.25
001_20200814_203442(4),0,2,"[323.0,160.0,332.0,172.00000000000003]",True,0.5485952496528625,"[321.58453369140625,158.14500427246094,334.7502136230469,170.15731811523438]",0.523170334707067,TP,IOU_GE_0.50,MATCHED,0.25
001_20200818_083145(2),0,2,"[324.0,142.0,337.0,153.0]",True,0.609030544757843,"[325.0485534667969,142.1931610107422,336.9235534667969,154.24620056152344]",0.8132593523837696,TP,IOU_GE_0.50,MATCHED,0.25
001_20200819_003039(4),0,2,"[316.0,169.0,328.0,182.0]",True,0.5824309587478638,"[316.68865966796875,170.71188354492188,328.47314453125,182.5987548828125]",0.7582307357228122,TP,IOU_GE_0.50,MATCHED,0.25
001_20200819_003044(1),0,2,"[326.0,160.0,335.0,169.0]",True,0.5606499314308167,"[326.0982360839844,158.8508758544922,337.80291748046875,171.1591339111328]",0.55272010744829,TP,IOU_GE_0.50,MATCHED,0.25
001_20200819_162723(4),0,2,"[313.0,159.0,322.0,169.0]",True,0.6054220199584961,"[313.2710876464844,157.09762573242188,326.2809753417969,169.2202911376953]",0.5441103959370556,TP,IOU_GE_0.50,MATCHED,0.25
001_20200821_163349(7),0,2,"[319.0,212.0,330.00000000000006,226.0]",True,0.5171663165092468,"[318.011962890625,214.4960174560547,329.51300048828125,225.92124938964844]",0.7266895778288185,TP,IOU_GE_0.50,MATCHED,0.25
001_20200821_163353(8),0,2,"[333.99999999999994,227.0,344.0,238.00000000000003]",True,0.5757442116737366,"[332.29583740234375,227.777587890625,343.6790771484375,239.70681762695312]",0.673773733004062,TP,IOU_GE_0.50,MATCHED,0.25
002_20200623_003346(4),0,2,"[192.00000000000003,151.0,202.0,160.0]",True,0.6608678102493286,"[193.29495239257812,151.44821166992188,201.7595977783203,159.96734619140625]",0.80123836353111,TP,IOU_GE_0.50,MATCHED,0.25
002_20200623_003346(4),1,2,"[196.00000000000003,175.0,203.0,183.00000000000003]",True,0.6096503138542175,"[195.710693359375,174.27349853515625,204.58001708984375,183.50929260253906]",0.6836334103216771,TP,IOU_GE_0.50,MATCHED,0.25
002_20200623_003346(4),2,2,"[199.0,208.0,210.0,215.00000000000003]",True,0.6416072249412537,"[200.1328582763672,206.7237548828125,208.56910705566406,215.2599334716797]",0.6564474660748866,TP,IOU_GE_0.50,MATCHED,0.25
002_20200623_003350(4),0,2,"[196.00000000000003,131.0,203.0,139.0]",True,0.6611109972000122,"[195.5613250732422,130.4808349609375,204.43154907226562,139.74700927734375]",0.6813228805415081,TP,IOU_GE_0.50,MATCHED,0.25
002_20200623_003350(4),1,2,"[196.00000000000003,153.0,204.0,162.0]",True,0.6257595419883728,"[196.38038635253906,154.6013641357422,204.86590576171875,163.3105926513672]",0.6296913900426421,TP,IOU_GE_0.50,MATCHED,0.25
002_20200623_003350(4),2,2,"[199.0,187.0,208.0,195.99999999999997]",True,0.6810799837112427,"[198.81439208984375,186.6487274169922,207.6063995361328,195.43902587890625]",0.8479347139191964,TP,IOU_GE_0.50,MATCHED,0.25
002_20200623_003354(3),0,2,"[188.0,123.0,195.99999999999997,134.0]",True,0.6456594467163086,"[187.46275329589844,124.0339126586914,196.2595977783203,132.9335479736328]",0.7487208499981105,TP,IOU_GE_0.50,MATCHED,0.25
002_20200623_003354(3),1,2,"[192.0,146.0,199.99999999999997,157.0]",True,0.6166637539863586,"[191.29443359375,147.83920288085938,200.3966827392578,156.997802734375]",0.7469163042224365,TP,IOU_GE_0.50,MATCHED,0.25
002_20200623_003354(3),2,2,"[198.0,178.0,207.00000000000003,186.99999999999997]",True,0.6236112713813782,"[198.646484375,178.65065002441406,207.1583251953125,187.10177612304688]",0.8384171459219713,TP,IOU_GE_0.50,MATCHED,0.25
002_20200623_003358(2),0,2,"[195.99999999999997,158.0,205.0,168.0]",True,0.6139096617698669,"[196.34848022460938,159.28627014160156,204.80758666992188,167.796630859375]",0.7998894133294597,TP,IOU_GE_0.50,MATCHED,0.25
002_20200623_003358(2),1,2,"[198.0,183.0,204.99999999999997,190.0]",True,0.5951669812202454,"[196.69171142578125,183.34645080566406,205.83432006835938,192.47422790527344]",0.5423445860568293,TP,IOU_GE_0.50,MATCHED,0.25
002_20200623_003358(2),2,2,"[200.00000000000003,213.0,206.99999999999997,222.99999999999997]",True,0.6550490856170654,"[198.9053955078125,214.94273376464844,207.24053955078125,223.77468872070312]",0.6466894836908212,TP,IOU_GE_0.50,MATCHED,0.25
002_20200623_003402(2),0,2,"[192.99999999999997,156.0,202.0,167.0]",True,0.6407923698425293,"[193.93016052246094,157.79437255859375,202.79736328125,166.93772888183594]",0.6941858834062106,TP,IOU_GE_0.50,MATCHED,0.25
002_20200623_003402(2),1,2,"[194.0,183.0,203.00000000000003,190.0]",True,0.6516727805137634,"[193.49569702148438,181.79583740234375,203.08767700195312,191.4922637939453]",0.6773616128178606,TP,IOU_GE_0.50,MATCHED,0.25
002_20200623_003402(2),2,2,"[196.00000000000003,214.99999999999997,204.0,223.0]",True,0.6056088805198669,"[195.348388671875,213.88002014160156,204.19647216796875,222.77052307128906]",0.7722285076813099,TP,IOU_GE_0.50,MATCHED,0.25
002_20200623_003410(2),0,2,"[204.0,114.0,212.0,123.0]",True,0.6285374760627747,"[203.92324829101562,115.0988998413086,212.93856811523438,124.19051361083984]",0.6964773079050646,TP,IOU_GE_0.50,MATCHED,0.25
002_20200623_003410(2),1,2,"[202.0,137.0,210.0,145.0]",True,0.6505609154701233,"[201.53414916992188,137.35316467285156,210.82843017578125,146.61505126953125]",0.6880680648912398,TP,IOU_GE_0.50,MATCHED,0.25
002_20200623_003410(2),2,2,"[201.0,170.0,207.99999999999997,178.99999999999997]",True,0.5709609389305115,"[200.25088500976562,169.86444091796875,208.92738342285156,178.3834228515625]",0.7501371580876728,TP,IOU_GE_0.50,MATCHED,0.25
002_20200623_163020(3),0,2,"[157.0,139.00000000000003,166.99999999999997,150.0]",True,0.7270935773849487,"[156.77951049804688,138.72389221191406,167.7322540283203,149.51576232910156]",0.8546415114923693,TP,IOU_GE_0.50,MATCHED,0.25
002_20200623_163020(3),1,2,"[160.0,160.0,169.0,170.0]",True,0.6108357310295105,"[159.77833557128906,160.2333984375,170.04522705078125,171.22702026367188]",0.76453613739096,TP,IOU_GE_0.50,MATCHED,0.25
002_20200623_163020(3),2,2,"[164.0,186.00000000000003,173.99999999999997,196.0]",True,0.6972241401672363,"[163.6512908935547,186.14691162109375,173.309326171875,196.76380920410156]",0.8277531871918699,TP,IOU_GE_0.50,MATCHED,0.25
002_20200623_163023(3),0,2,"[149.0,129.0,159.0,144.0]",True,0.6904812455177307,"[148.5040283203125,129.23764038085938,159.8819580078125,140.83218383789062]",0.6985655112097822,TP,IOU_GE_0.50,MATCHED,0.25
002_20200623_163023(3),1,2,"[155.00000000000003,149.0,167.0,164.0]",True,0.65013587474823,"[155.38018798828125,150.91017150878906,165.73692321777344,161.68797302246094]",0.620126870184,TP,IOU_GE_0.50,MATCHED,0.25
002_20200623_163023(3),2,2,"[163.0,172.99999999999997,174.99999999999997,187.0]",True,0.6475200653076172,"[162.94595336914062,174.47804260253906,173.7802734375,185.93508911132812]",0.7324793578490214,TP,IOU_GE_0.50,MATCHED,0.25
002_20200623_163026(3),0,2,"[157.0,127.00000000000001,169.0,141.0]",True,0.7078028917312622,"[157.29946899414062,128.12083435058594,168.16281127929688,139.17315673828125]",0.7146735782347006,TP,IOU_GE_0.50,MATCHED,0.25
002_20200623_163026(3),1,2,"[159.0,151.0,169.0,160.0]",True,0.7574006915092468,"[159.28221130371094,150.89451599121094,169.15695190429688,161.20770263671875]",0.8379013668028865,TP,IOU_GE_0.50,MATCHED,0.25
002_20200623_163026(3),2,2,"[160.0,177.00000000000003,175.00000000000003,187.0]",True,0.7068572044372559,"[161.09642028808594,176.39666748046875,172.3612518310547,187.9166259765625]",0.6740480841848082,TP,IOU_GE_0.50,MATCHED,0.25
002_20200623_163029(6),0,2,"[150.0,114.0,159.0,126.0]",True,0.6866208910942078,"[150.02536010742188,114.53173828125,160.7570037841797,126.0100326538086]",0.8024759750515652,TP,IOU_GE_0.50,MATCHED,0.25
002_20200623_163029(6),1,2,"[149.0,139.0,161.00000000000003,148.0]",True,0.7058089375495911,"[149.8375701904297,138.74208068847656,160.4533233642578,149.8195343017578]",0.7346331016152832,TP,IOU_GE_0.50,MATCHED,0.25
002_20200623_163029(6),2,2,"[150.0,172.0,161.00000000000003,180.99999999999997]",True,0.7450226545333862,"[150.1761016845703,171.04217529296875,160.4606170654297,181.59568786621094]",0.805035256099048,TP,IOU_GE_0.50,MATCHED,0.25
002_20200623_163032(5),0,2,"[147.0,160.0,157.0,170.0]",True,0.6131101250648499,"[146.28712463378906,160.3135986328125,156.58486938476562,171.10267639160156]",0.7850725054166909,TP,IOU_GE_0.50,MATCHED,0.25
002_20200623_163032(5),1,2,"[154.0,183.0,160.99999999999997,191.00000000000003]",False,0.6664173007011414,"[152.66213989257812,182.36305236816406,163.4284210205078,193.35475158691406]",0.47321388095318384,FN,NOT_MATCHED,LOCALIZATION_FAILURE,0.25
002_20200623_163032(5),2,2,"[162.00000000000003,213.00000000000003,173.0,222.0]",True,0.7411251068115234,"[162.3001708984375,212.15159606933594,172.7970733642578,222.86671447753906]",0.8074303605370639,TP,IOU_GE_0.50,MATCHED,0.25
002_20200623_163035(5),0,2,"[154.0,117.0,164.0,126.0]",True,0.6737128496170044,"[153.4850311279297,115.87983703613281,163.80259704589844,126.36302947998047]",0.802485489487669,TP,IOU_GE_0.50,MATCHED,0.25
002_20200623_163035(5),1,2,"[154.0,141.0,164.0,149.0]",True,0.6778060793876648,"[152.75035095214844,139.04676818847656,163.74256896972656,150.19749450683594]",0.6253721988573108,TP,IOU_GE_0.50,MATCHED,0.25
002_20200623_163035(5),2,2,"[154.0,171.00000000000003,165.0,181.0]",True,0.7316495776176453,"[154.73765563964844,171.60887145996094,164.87411499023438,182.16567993164062]",0.781448220636513,TP,IOU_GE_0.50,MATCHED,0.25
002_20200623_163039(5),0,2,"[206.00000000000003,143.0,213.0,154.0]",True,0.6247711777687073,"[205.6556396484375,143.18252563476562,214.8916778564453,152.26705932617188]",0.6534738184056829,TP,IOU_GE_0.50,MATCHED,0.25
002_20200623_163039(5),1,2,"[213.00000000000003,190.0,220.0,198.99999999999997]",True,0.5902301073074341,"[211.23861694335938,191.84474182128906,220.1722869873047,200.80712890625]",0.5386824968792617,TP,IOU_GE_0.50,MATCHED,0.25
002_20200623_163039(5),2,2,"[209.0,166.0,218.00000000000003,174.00000000000003]",True,0.5934954285621643,"[208.4995880126953,166.0792236328125,217.30160522460938,175.4090118408203]",0.7441245371215742,TP,IOU_GE_0.50,MATCHED,0.25
002_20200623_163043(7),0,2,"[201.0,136.0,207.99999999999997,146.0]",True,0.6164511442184448,"[200.11561584472656,136.98068237304688,209.1330108642578,146.1436309814453]",0.7054947691568345,TP,IOU_GE_0.50,MATCHED,0.25
002_20200623_163043(7),1,2,"[203.0,159.0,212.0,168.0]",True,0.5846260190010071,"[202.7461700439453,159.60487365722656,211.969482421875,168.8585968017578]",0.8270170697818284,TP,IOU_GE_0.50,MATCHED,0.25
002_20200623_163043(7),2,2,"[206.0,182.00000000000003,215.0,192.0]",False,0.6057958602905273,"[206.8127899169922,185.80979919433594,214.84889221191406,194.24652099609375]",0.46037556970386606,FN,NOT_MATCHED,LOCALIZATION_FAILURE,0.25
002_20200623_163047(6),0,2,"[207.99999999999997,137.0,217.0,147.0]",True,0.6765297055244446,"[207.76089477539062,137.2625732421875,216.86663818359375,146.35394287109375]",0.8745423358924423,TP,IOU_GE_0.50,MATCHED,0.25
002_20200623_163047(6),1,2,"[212.0,158.0,218.99999999999997,166.99999999999997]",True,0.5650505423545837,"[211.2972869873047,159.78704833984375,220.36959838867188,168.921142578125]",0.5293815911316069,TP,IOU_GE_0.50,MATCHED,0.25
002_20200623_163047(6),2,2,"[217.99999999999997,184.99999999999997,224.0,192.0]",True,0.6021922826766968,"[215.98072814941406,185.568603515625,224.3203582763672,194.22781372070312]",0.5102512474061355,TP,IOU_GE_0.50,MATCHED,0.25
002_20200623_163051(7),0,2,"[181.0,131.0,188.99999999999997,139.0]",True,0.6149781346321106,"[180.83892822265625,130.88070678710938,188.57302856445312,139.2873992919922]",0.885294601691188,TP,IOU_GE_0.50,MATCHED,0.25
002_20200623_163051(7),1,2,"[188.99999999999997,151.0,195.0,161.0]",True,0.5578669309616089,"[188.05905151367188,152.3699493408203,196.7338409423828,160.72360229492188]",0.6086874316954336,TP,IOU_GE_0.50,MATCHED,0.25
002_20200623_163051(7),2,2,"[200.00000000000003,181.0,206.99999999999997,189.99999999999997]",True,0.5944883227348328,"[199.74822998046875,181.07969665527344,207.89727783203125,189.29833984375]",0.7941418008535851,TP,IOU_GE_0.50,MATCHED,0.25
002_20200623_163055(6),0,2,"[201.0,143.99999999999997,207.99999999999997,154.0]",True,0.6848216652870178,"[200.89781188964844,144.9115753173828,209.69949340820312,154.08668518066406]",0.7300993214947732,TP,IOU_GE_0.50,MATCHED,0.25
002_20200623_163055(6),1,2,"[200.00000000000003,169.99999999999997,208.0,178.0]",True,0.6047012209892273,"[200.40061950683594,168.73544311523438,209.29440307617188,177.68600463867188]",0.6855865060511405,TP,IOU_GE_0.50,MATCHED,0.25
002_20200623_163055(6),2,2,"[201.0,201.0,207.00000000000003,209.00000000000003]",True,0.6161302328109741,"[200.97203063964844,200.7686309814453,209.62156677246094,209.23374938964844]",0.6555644322504821,TP,IOU_GE_0.50,MATCHED,0.25
002_20200623_163059(6),0,2,"[192.0,153.0,199.99999999999997,161.0]",True,0.6484256982803345,"[190.22792053222656,152.64581298828125,198.24856567382812,161.23117065429688]",0.6032046724260401,TP,IOU_GE_0.50,MATCHED,0.25
002_20200623_163059(6),1,2,"[195.0,174.0,203.0,186.0]",True,0.5920901894569397,"[195.24778747558594,175.80287170410156,203.3216094970703,184.23870849609375]",0.6624899422535357,TP,IOU_GE_0.50,MATCHED,0.25
002_20200623_163059(6),2,2,"[202.0,207.0,211.99999999999997,215.00000000000003]",True,0.6262944936752319,"[202.68544006347656,206.4439239501953,210.8507843017578,215.05133056640625]",0.7688676645574748,TP,IOU_GE_0.50,MATCHED,0.25
002_20200623_203040(4),0,2,"[192.0,178.0,199.99999999999997,187.99999999999997]",True,0.669434666633606,"[192.905517578125,179.7198944091797,200.88414001464844,187.97555541992188]",0.6709072774122357,TP,IOU_GE_0.50,MATCHED,0.25
002_20200623_203040(4),1,2,"[198.0,204.0,207.00000000000003,208.99999999999997]",False,0.662110447883606,"[197.1400604248047,202.5780487060547,205.48095703125,211.32078552246094]",0.4645548490380345,FN,NOT_MATCHED,LOCALIZATION_FAILURE,0.25
002_20200623_203040(4),2,2,"[204.0,233.00000000000003,210.99999999999997,242.0]",True,0.6428593397140503,"[203.207275390625,233.39105224609375,211.52609252929688,242.0554962158203]",0.8054855324540917,TP,IOU_GE_0.50,MATCHED,0.25
002_20200623_203044(0),0,2,"[190.0,144.0,198.0,153.0]",True,0.6630669236183167,"[190.99139404296875,144.79258728027344,199.64892578125,153.7584228515625]",0.6245694217715486,TP,IOU_GE_0.50,MATCHED,0.25
002_20200623_203044(0),1,2,"[191.0,167.0,200.00000000000003,177.0]",True,0.6295255422592163,"[191.88453674316406,168.01329040527344,200.4552001953125,176.7725372314453]",0.7563299849024654,TP,IOU_GE_0.50,MATCHED,0.25
002_20200623_203044(0),2,2,"[192.99999999999997,198.0,202.0,208.99999999999997]",True,0.6481258273124695,"[195.1191864013672,200.21067810058594,203.645263671875,208.6798858642578]",0.5160093394354092,TP,IOU_GE_0.50,MATCHED,0.25
002_20200623_203047(7),0,2,"[184.0,145.0,193.0,156.0]",True,0.6557363271713257,"[183.7098388671875,147.11489868164062,192.43753051757812,155.70187377929688]",0.7138803591211833,TP,IOU_GE_0.50,MATCHED,0.25
002_20200623_203047(7),1,2,"[190.0,167.0,199.00000000000003,178.0]",True,0.624146580696106,"[188.9190216064453,169.714599609375,197.7320556640625,178.3707275390625]",0.5759856041100995,TP,IOU_GE_0.50,MATCHED,0.25
002_20200623_203047(7),2,2,"[198.0,197.00000000000003,206.0,209.00000000000003]",True,0.6811883449554443,"[196.89601135253906,200.37930297851562,205.57220458984375,208.78372192382812]",0.6044923738021215,TP,IOU_GE_0.50,MATCHED,0.25
002_20200623_203051(2),0,2,"[192.0,133.0,203.0,142.0]",True,0.662680983543396,"[191.96688842773438,133.27655029296875,200.49708557128906,141.86257934570312]",0.7348213749891885,TP,IOU_GE_0.50,MATCHED,0.25
002_20200623_203051(2),1,2,"[195.99999999999997,153.0,205.0,166.0]",True,0.6456607580184937,"[195.29632568359375,156.11573791503906,203.92213439941406,164.642822265625]",0.5492077142456017,TP,IOU_GE_0.50,MATCHED,0.25
002_20200623_203051(2),2,2,"[200.00000000000003,187.0,208.0,196.99999999999997]",True,0.5952379703521729,"[199.91285705566406,187.90721130371094,208.7329864501953,196.65565490722656]",0.8028410052585065,TP,IOU_GE_0.50,MATCHED,0.25
002_20200623_203054(7),0,2,"[181.0,143.0,190.0,154.0]",True,0.6214162111282349,"[182.57843017578125,144.87782287597656,191.10134887695312,153.63217163085938]",0.5980307288618492,TP,IOU_GE_0.50,MATCHED,0.25
002_20200623_203054(7),1,2,"[189.00000000000003,164.0,197.0,175.0]",True,0.5941919088363647,"[188.55758666992188,167.87197875976562,196.572265625,176.23709106445312]",0.534046842402537,TP,IOU_GE_0.50,MATCHED,0.25
002_20200623_203054(7),2,2,"[198.0,193.99999999999997,207.00000000000003,208.0]",True,0.6105650663375854,"[198.40988159179688,196.85931396484375,206.38287353515625,205.38075256347656]",0.53921715311691,TP,IOU_GE_0.50,MATCHED,0.25
002_20200623_203058(3),0,2,"[195.0,145.0,204.0,155.0]",True,0.6265384554862976,"[195.48870849609375,146.38633728027344,204.01229858398438,154.9700164794922]",0.8108066814547716,TP,IOU_GE_0.50,MATCHED,0.25
002_20200623_203058(3),1,2,"[198.0,167.0,210.00000000000003,177.0]",True,0.5978530049324036,"[200.015869140625,168.99754333496094,208.44358825683594,177.30198669433594]",0.5503482355204824,TP,IOU_GE_0.50,MATCHED,0.25
002_20200623_203058(3),2,2,"[209.0,198.0,217.0,210.0]",True,0.6895490288734436,"[207.0232696533203,199.8795166015625,215.97906494140625,208.76014709472656]",0.545803432846395,TP,IOU_GE_0.50,MATCHED,0.25
002_20200624_003115(6),0,2,"[153.0,143.99999999999997,165.0,154.0]",True,0.7347649335861206,"[153.05943298339844,143.9248504638672,163.98199462890625,155.04824829101562]",0.8257753155881126,TP,IOU_GE_0.50,MATCHED,0.25
002_20200624_003115(6),1,2,"[155.00000000000003,169.0,167.0,178.99999999999997]",True,0.6977372169494629,"[154.98480224609375,167.52841186523438,165.29185485839844,178.4636688232422]",0.7198106644663428,TP,IOU_GE_0.50,MATCHED,0.25
002_20200624_003115(6),2,2,"[157.0,199.0,167.99999999999997,211.0]",True,0.7706714868545532,"[157.99835205078125,199.82745361328125,168.5787811279297,210.5081787109375]",0.7730746786544834,TP,IOU_GE_0.50,MATCHED,0.25
002_20200624_003118(6),0,2,"[145.0,140.0,156.0,149.0]",True,0.6801194548606873,"[145.32733154296875,140.90017700195312,155.47433471679688,151.11801147460938]",0.6821140969146552,TP,IOU_GE_0.50,MATCHED,0.25
002_20200624_003118(6),1,2,"[146.0,164.0,160.0,174.0]",True,0.6712833046913147,"[146.84959411621094,164.1689910888672,156.82794189453125,174.8462371826172]",0.6608363666083877,TP,IOU_GE_0.50,MATCHED,0.25
002_20200624_003118(6),2,2,"[148.0,196.0,160.0,208.0]",True,0.6981332898139954,"[148.48464965820312,196.60679626464844,159.31710815429688,207.22280883789062]",0.7985938582892737,TP,IOU_GE_0.50,MATCHED,0.25
002_20200624_003123(0),0,2,"[149.0,143.99999999999997,161.00000000000003,154.0]",True,0.6964518427848816,"[150.41705322265625,143.8577880859375,160.68431091308594,154.74635314941406]",0.7951525005790916,TP,IOU_GE_0.50,MATCHED,0.25
002_20200624_003123(0),1,2,"[151.0,167.0,162.0,179.0]",True,0.6811583042144775,"[151.68138122558594,167.55743408203125,162.2761688232422,178.51759338378906]",0.8375645432204395,TP,IOU_GE_0.50,MATCHED,0.25
002_20200624_003123(0),2,2,"[152.0,200.00000000000003,166.0,210.0]",True,0.7707061767578125,"[155.10789489746094,199.44082641601562,165.08291625976562,210.0633544921875]",0.6822405939562161,TP,IOU_GE_0.50,MATCHED,0.25
002_20200624_003127(5),0,2,"[149.0,144.0,159.0,156.0]",True,0.7197561860084534,"[150.55262756347656,143.6732940673828,161.3089599609375,155.1207275390625]",0.629666869576202,TP,IOU_GE_0.50,MATCHED,0.25
002_20200624_003127(5),1,2,"[152.0,166.0,165.0,178.0]",True,0.7308175563812256,"[152.1449432373047,166.45201110839844,162.37350463867188,176.8695068359375]",0.6830512480616259,TP,IOU_GE_0.50,MATCHED,0.25
002_20200624_003127(5),2,2,"[155.0,198.0,164.0,210.0]",True,0.7037340402603149,"[155.35379028320312,199.22039794921875,165.18284606933594,209.7494659423828]",0.7557767150414866,TP,IOU_GE_0.50,MATCHED,0.25
002_20200624_003132(0),0,2,"[143.0,143.0,154.0,155.0]",True,0.709862470626831,"[144.70382690429688,144.00938415527344,155.38861083984375,154.74856567382812]",0.6795423159546796,TP,IOU_GE_0.50,MATCHED,0.25
002_20200624_003132(0),1,2,"[145.0,168.0,158.0,182.00000000000003]",False,0.0034834542311728,"[144.56256103515625,168.01205444335938,158.01902770996094,181.7315216064453]",0.9473638801566933,FN,NOT_MATCHED,LOW_CONFIDENCE,0.25
002_20200624_003132(0),2,2,"[148.0,200.00000000000003,161.00000000000003,212.00000000000003]",True,0.7647931575775146,"[149.6592254638672,199.67233276367188,159.9877471923828,209.9820556640625]",0.6468633803199223,TP,IOU_GE_0.50,MATCHED,0.25
002_20200624_003136(5),0,2,"[141.0,142.0,155.0,157.0]",True,0.6958702802658081,"[142.53057861328125,143.4680633544922,153.34576416015625,154.90707397460938]",0.5891191539487668,TP,IOU_GE_0.50,MATCHED,0.25
002_20200624_003136(5),1,2,"[144.0,165.0,157.0,180.0]",True,0.7498500347137451,"[144.58009338378906,166.8402557373047,155.01930236816406,177.069091796875]",0.5475946527834122,TP,IOU_GE_0.50,MATCHED,0.25
002_20200624_003136(5),2,2,"[148.0,198.00000000000003,157.0,213.0]",True,0.7173260450363159,"[147.5247344970703,198.966064453125,157.4947052001953,209.59176635742188]",0.6581346220606099,TP,IOU_GE_0.50,MATCHED,0.25
002_20200624_043128(1),0,2,"[188.0,153.0,197.0,161.0]",True,0.638056218624115,"[187.08016967773438,152.1715850830078,195.87237548828125,160.77493286132812]",0.7081279543398546,TP,IOU_GE_0.50,MATCHED,0.25
002_20200624_043128(1),1,2,"[193.0,175.0,199.99999999999997,183.00000000000003]",True,0.6385133266448975,"[191.88441467285156,174.85928344726562,200.43397521972656,183.61900329589844]",0.7477458611543174,TP,IOU_GE_0.50,MATCHED,0.25
002_20200624_043128(1),2,2,"[199.0,205.0,210.0,213.99999999999997]",True,0.5988529920578003,"[199.95172119140625,205.65582275390625,208.37765502929688,214.1979217529297]",0.6984117294005069,TP,IOU_GE_0.50,MATCHED,0.25
002_20200624_043132(2),0,2,"[200.00000000000003,113.0,208.0,125.0]",True,0.6286656856536865,"[200.2650604248047,115.24349212646484,208.774658203125,123.82438659667969]",0.6466095640521893,TP,IOU_GE_0.50,MATCHED,0.25
002_20200624_043132(2),1,2,"[201.0,138.0,209.0,148.00000000000003]",True,0.5973532795906067,"[200.19761657714844,138.33265686035156,209.1615447998047,147.40255737304688]",0.8176354455461609,TP,IOU_GE_0.50,MATCHED,0.25
002_20200624_043132(2),2,2,"[203.0,171.00000000000003,209.0,180.0]",True,0.6090583205223083,"[202.6832275390625,171.3810577392578,210.66668701171875,179.68299865722656]",0.7068834229469009,TP,IOU_GE_0.50,MATCHED,0.25
002_20200624_043136(1),0,2,"[196.00000000000003,140.0,203.0,152.0]",True,0.6584192514419556,"[195.12481689453125,142.1398162841797,204.14154052734375,151.16937255859375]",0.6184015262877067,TP,IOU_GE_0.50,MATCHED,0.25
002_20200624_043136(1),1,2,"[198.0,164.0,204.0,175.0]",True,0.6023270487785339,"[197.7318572998047,165.92764282226562,205.95785522460938,174.64549255371094]",0.6124528744523194,TP,IOU_GE_0.50,MATCHED,0.25
002_20200624_043136(1),2,2,"[202.0,197.00000000000003,210.0,205.99999999999997]",True,0.6613573431968689,"[201.43551635742188,197.73561096191406,209.64242553710938,206.2916259765625]",0.7989021993098411,TP,IOU_GE_0.50,MATCHED,0.25
002_20200624_043136(9),0,2,"[149.0,144.0,160.0,155.0]",True,0.733624279499054,"[149.6145477294922,143.4119873046875,160.54901123046875,154.87623596191406]",0.846731407981921,TP,IOU_GE_0.50,MATCHED,0.25
002_20200624_043136(9),1,2,"[151.0,168.00000000000003,162.0,177.0]",True,0.7541888952255249,"[151.23121643066406,167.49900817871094,161.53067016601562,178.3131561279297]",0.7876559801426014,TP,IOU_GE_0.50,MATCHED,0.25
002_20200624_043136(9),2,2,"[153.0,198.0,166.0,211.0]",True,0.7779529094696045,"[154.6257781982422,199.6059112548828,164.80226135253906,210.2574462890625]",0.6413915197794827,TP,IOU_GE_0.50,MATCHED,0.25
002_20200624_043140(2),0,2,"[189.00000000000003,159.0,199.0,170.0]",True,0.6103740930557251,"[191.3546142578125,160.87278747558594,200.13092041015625,169.49815368652344]",0.5506615225411329,TP,IOU_GE_0.50,MATCHED,0.25
002_20200624_043140(2),1,2,"[194.0,182.00000000000003,203.00000000000003,194.00000000000003]",True,0.6126575469970703,"[194.94595336914062,184.01223754882812,203.38034057617188,192.71165466308594]",0.629469979357788,TP,IOU_GE_0.50,MATCHED,0.25
002_20200624_043140(2),2,2,"[199.99999999999997,213.0,209.0,225.0]",True,0.6263380646705627,"[200.09922790527344,215.2694854736328,208.48216247558594,223.84524536132812]",0.6656484632338894,TP,IOU_GE_0.50,MATCHED,0.25
002_20200624_043141(4),0,2,"[151.0,141.0,162.0,155.0]",True,0.652186930179596,"[151.2980194091797,143.18333435058594,161.8763427734375,154.3124542236328]",0.7644638232251798,TP,IOU_GE_0.50,MATCHED,0.25
002_20200624_043141(4),1,2,"[153.0,166.0,164.0,180.00000000000003]",True,0.7800127267837524,"[152.76522827148438,166.70822143554688,163.36427307128906,177.06849670410156]",0.6864101733497697,TP,IOU_GE_0.50,MATCHED,0.25
002_20200624_043141(4),2,2,"[155.0,198.0,164.0,212.00000000000003]",True,0.7415047883987427,"[155.64698791503906,198.51417541503906,165.6020965576172,209.34237670898438]",0.6309694401445612,TP,IOU_GE_0.50,MATCHED,0.25
002_20200624_043144(2),0,2,"[200.00000000000003,149.0,210.0,157.0]",True,0.5941797494888306,"[200.7952880859375,148.18789672851562,209.80972290039062,157.53822326660156]",0.7823974921868417,TP,IOU_GE_0.50,MATCHED,0.25
002_20200624_043144(2),1,2,"[198.0,170.0,207.00000000000003,181.0]",True,0.6043394207954407,"[196.8647918701172,171.9058837890625,205.91944885253906,181.1298370361328]",0.6517720854256979,TP,IOU_GE_0.50,MATCHED,0.25
002_20200624_043144(2),2,2,"[193.0,201.0,201.0,214.0]",True,0.6065396070480347,"[193.29518127441406,203.31825256347656,202.1642608642578,212.35667419433594]",0.6080817934587563,TP,IOU_GE_0.50,MATCHED,0.25
002_20200624_043145(8),0,2,"[153.0,143.0,164.0,154.0]",True,0.727734386920929,"[153.99472045898438,143.5337371826172,164.79595947265625,154.9243927001953]",0.751661013381614,TP,IOU_GE_0.50,MATCHED,0.25
002_20200624_043145(8),1,2,"[155.00000000000003,169.0,167.0,177.99999999999997]",True,0.689770519733429,"[155.57864379882812,167.45147705078125,165.67236328125,177.96807861328125]",0.7321929059825324,TP,IOU_GE_0.50,MATCHED,0.25
002_20200624_043145(8),2,2,"[160.0,199.0,169.0,210.0]",True,0.7496030926704407,"[159.38087463378906,199.40988159179688,169.61756896972656,210.267822265625]",0.8299584786164861,TP,IOU_GE_0.50,MATCHED,0.25
002_20200624_043148(1),0,2,"[198.0,121.00000000000001,206.0,132.0]",True,0.6555845141410828,"[198.01608276367188,123.02153015136719,206.8826446533203,132.12069702148438]",0.7390420670616162,TP,IOU_GE_0.50,MATCHED,0.25
002_20200624_043148(1),1,2,"[198.0,146.0,204.99999999999997,155.0]",True,0.6033803224563599,"[196.77284240722656,147.0754852294922,206.15843200683594,156.49632263183594]",0.5781392885322162,TP,IOU_GE_0.50,MATCHED,0.25
002_20200624_043148(1),2,2,"[199.0,178.99999999999997,208.0,186.0]",True,0.6174783706665039,"[198.5847625732422,179.4319610595703,206.7773895263672,188.03323364257812]",0.6200438024753689,TP,IOU_GE_0.50,MATCHED,0.25
002_20200624_043150(3),0,2,"[146.0,142.0,158.0,153.0]",True,0.6792513728141785,"[147.74984741210938,142.73388671875,157.98008728027344,153.02296447753906]",0.7942288750952056,TP,IOU_GE_0.50,MATCHED,0.25
002_20200624_043150(3),1,2,"[149.0,164.0,160.0,178.99999999999997]",True,0.740143895149231,"[149.6348114013672,165.85211181640625,160.13186645507812,176.66993713378906]",0.6737436289633085,TP,IOU_GE_0.50,MATCHED,0.25
002_20200624_043150(3),2,2,"[153.0,195.0,163.0,209.00000000000003]",True,0.7146039009094238,"[152.9016571044922,198.6214141845703,163.42147827148438,209.22052001953125]",0.7026095571931961,TP,IOU_GE_0.50,MATCHED,0.25
002_20200624_043154(8),0,2,"[150.0,143.0,164.0,155.0]",True,0.697761595249176,"[150.6801300048828,143.83056640625,161.06317138671875,154.87806701660156]",0.6827777143043932,TP,IOU_GE_0.50,MATCHED,0.25
002_20200624_043154(8),1,2,"[152.0,167.0,164.0,179.0]",True,0.707256019115448,"[152.03729248046875,167.68031311035156,162.9449005126953,178.8236083984375]",0.8440742860402679,TP,IOU_GE_0.50,MATCHED,0.25
002_20200624_043154(8),2,2,"[156.0,199.0,165.0,212.00000000000003]",True,0.765288233757019,"[155.51341247558594,199.44374084472656,165.77676391601562,210.2694854736328]",0.7455934125640581,TP,IOU_GE_0.50,MATCHED,0.25
002_20200624_043159(4),0,2,"[150.0,141.0,160.0,156.0]",True,0.7226019501686096,"[148.84959411621094,143.4474639892578,160.21156311035156,155.1510009765625]",0.7052878901621189,TP,IOU_GE_0.50,MATCHED,0.25
002_20200624_043159(4),1,2,"[153.0,166.0,160.99999999999997,178.0]",True,0.7332224249839783,"[151.50579833984375,167.22085571289062,161.3780975341797,177.4433135986328]",0.7102659237261315,TP,IOU_GE_0.50,MATCHED,0.25
002_20200624_043159(4),2,2,"[155.0,198.0,163.0,211.0]",True,0.726011335849762,"[154.9499053955078,199.24440002441406,164.9231719970703,209.8617706298828]",0.6797787205381306,TP,IOU_GE_0.50,MATCHED,0.25
002_20200624_203044(4),0,2,"[192.99999999999997,139.00000000000003,205.0,150.0]",True,0.6223865151405334,"[193.69345092773438,141.55868530273438,202.5821990966797,150.47511291503906]",0.5508073743121026,TP,IOU_GE_0.50,MATCHED,0.25
002_20200624_203044(4),1,2,"[192.99999999999997,167.0,205.0,175.99999999999997]",True,0.5981304049491882,"[194.9456787109375,165.6084747314453,203.61875915527344,174.77452087402344]",0.5615866820260019,TP,IOU_GE_0.50,MATCHED,0.25
002_20200624_203044(4),2,2,"[198.0,197.00000000000003,207.99999999999997,207.0]",True,0.6349083781242371,"[197.20826721191406,198.54759216308594,205.26283264160156,206.98631286621094]",0.5745061862496204,TP,IOU_GE_0.50,MATCHED,0.25
002_20200714_225756(0),0,2,"[188.0,146.0,195.99999999999997,156.0]",True,0.6255629658699036,"[187.1939239501953,146.0109100341797,195.848388671875,154.77880859375]",0.7903500410610748,TP,IOU_GE_0.50,MATCHED,0.25
002_20200714_225756(0),1,2,"[194.0,168.00000000000003,202.0,178.0]",True,0.6004647612571716,"[193.20294189453125,169.236572265625,201.6964874267578,177.65220642089844]",0.7470015413894927,TP,IOU_GE_0.50,MATCHED,0.25
002_20200714_225756(0),2,2,"[203.0,198.00000000000003,212.0,208.0]",True,0.6250126361846924,"[203.03936767578125,198.7743682861328,211.66064453125,207.5332489013672]",0.8390303858659357,TP,IOU_GE_0.50,MATCHED,0.25
002_20200714_225759(8),0,2,"[199.0,139.0,208.0,149.0]",True,0.6411538124084473,"[199.83633422851562,139.84727478027344,208.43511962890625,148.75872802734375]",0.7749470157565885,TP,IOU_GE_0.50,MATCHED,0.25
002_20200714_225759(8),1,2,"[201.0,162.0,210.00000000000003,171.0]",True,0.5837392210960388,"[200.87384033203125,163.5171661376953,209.54782104492188,172.42428588867188]",0.678293795165999,TP,IOU_GE_0.50,MATCHED,0.25
002_20200714_225759(8),2,2,"[205.0,196.0,214.00000000000003,205.99999999999997]",True,0.6179535388946533,"[204.89125061035156,196.0608673095703,213.57180786132812,204.57357788085938]",0.8025154340530831,TP,IOU_GE_0.50,MATCHED,0.25
002_20200714_225803(3),0,2,"[192.99999999999997,147.0,202.0,156.0]",True,0.6258454918861389,"[193.95140075683594,147.41650390625,203.09019470214844,156.70816040039062]",0.713472459947687,TP,IOU_GE_0.50,MATCHED,0.25
002_20200714_225803(3),1,2,"[195.0,171.0,203.0,179.0]",True,0.6178833246231079,"[194.8610382080078,171.4297332763672,203.38714599609375,180.25048828125]",0.7700738981662432,TP,IOU_GE_0.50,MATCHED,0.25
002_20200714_225803(3),2,2,"[197.0,202.0,203.99999999999997,214.0]",True,0.651556670665741,"[196.64633178710938,203.84072875976562,205.09909057617188,212.38369750976562]",0.6202700943237263,TP,IOU_GE_0.50,MATCHED,0.25
002_20200714_225807(3),0,2,"[206.99999999999997,140.0,216.0,149.0]",True,0.6434369683265686,"[208.582763671875,140.5727996826172,216.71104431152344,148.92649841308594]",0.7126922547552621,TP,IOU_GE_0.50,MATCHED,0.25
002_20200714_225807(3),1,2,"[211.00000000000003,162.0,221.0,171.0]",True,0.5313965082168579,"[211.5994110107422,163.1586456298828,219.75454711914062,171.60169982910156]",0.6737896034315022,TP,IOU_GE_0.50,MATCHED,0.25
002_20200714_225807(3),2,2,"[216.0,186.00000000000003,225.00000000000003,196.0]",True,0.5654590129852295,"[216.48623657226562,187.81849670410156,225.3905029296875,196.68170166015625]",0.701711738354203,TP,IOU_GE_0.50,MATCHED,0.25
002_20200714_225810(5),0,2,"[201.0,146.0,212.0,156.0]",True,0.5972863435745239,"[202.23793029785156,146.57566833496094,210.95205688476562,155.45590209960938]",0.7034861922412264,TP,IOU_GE_0.50,MATCHED,0.25
002_20200714_225810(5),1,2,"[202.0,169.0,210.0,177.00000000000003]",True,0.5854682922363281,"[201.2554931640625,169.51499938964844,210.07891845703125,178.2934112548828]",0.7340425750111829,TP,IOU_GE_0.50,MATCHED,0.25
002_20200714_225810(5),2,2,"[202.0,195.0,210.0,203.00000000000003]",True,0.5699281096458435,"[201.1818084716797,195.4548797607422,209.8758544921875,204.15135192871094]",0.7411056752496457,TP,IOU_GE_0.50,MATCHED,0.25
002_20200714_225817(4),0,2,"[201.0,99.0,210.00000000000003,109.00000000000001]",True,0.6186355948448181,"[201.1958770751953,98.57379150390625,210.39024353027344,107.72360229492188]",0.7891621743121173,TP,IOU_GE_0.50,MATCHED,0.25
002_20200714_225817(4),1,2,"[201.0,122.0,210.00000000000003,130.0]",True,0.5886857509613037,"[200.92279052734375,121.71135711669922,209.6737060546875,130.33091735839844]",0.889161792327976,TP,IOU_GE_0.50,MATCHED,0.25
002_20200714_225817(4),2,2,"[202.0,147.0,210.0,156.0]",True,0.5719620585441589,"[202.275634765625,147.489013671875,210.9493408203125,156.188232421875]",0.804552147517052,TP,IOU_GE_0.50,MATCHED,0.25
002_20200715_002509(0),0,2,"[207.99999999999997,129.0,217.0,137.0]",True,0.6345251798629761,"[207.69784545898438,128.97052001953125,216.81417846679688,138.0764617919922]",0.8344846581733799,TP,IOU_GE_0.50,MATCHED,0.25
002_20200715_002509(0),1,2,"[210.00000000000003,151.0,217.0,158.0]",True,0.5712355375289917,"[208.93569946289062,151.98155212402344,217.53707885742188,160.41836547851562]",0.5303325000518262,TP,IOU_GE_0.50,MATCHED,0.25
002_20200715_002509(0),2,2,"[212.0,178.0,221.99999999999997,184.0]",True,0.6377930045127869,"[212.30401611328125,176.9695587158203,220.8679962158203,185.7207794189453]",0.6149236490681474,TP,IOU_GE_0.50,MATCHED,0.25
002_20200715_002513(4),0,2,"[205.0,138.0,211.99999999999997,147.0]",True,0.6345129609107971,"[204.53041076660156,137.4613800048828,213.58712768554688,146.5589141845703]",0.7008823509554258,TP,IOU_GE_0.50,MATCHED,0.25
002_20200715_002513(4),1,2,"[207.99999999999997,160.0,217.0,169.0]",True,0.5895880460739136,"[207.72735595703125,159.8470916748047,216.6768798828125,168.85824584960938]",0.9065660218441214,TP,IOU_GE_0.50,MATCHED,0.25
002_20200715_002513(4),2,2,"[212.0,184.99999999999997,220.0,193.0]",True,0.6203790307044983,"[212.58790588378906,185.5344696044922,220.6653289794922,193.92202758789062]",0.7241441358132156,TP,IOU_GE_0.50,MATCHED,0.25
002_20200831_163149(1),0,2,"[253.00000000000003,120.0,260.0,129.0]",True,0.6368962526321411,"[251.38111877441406,119.01091003417969,261.3935852050781,129.85379028320312]",0.5803029991045955,TP,IOU_GE_0.50,MATCHED,0.25
002_20200831_163150(6),0,2,"[241.00000000000003,137.0,251.0,148.0]",True,0.7074047327041626,"[240.9315185546875,137.24012756347656,251.23733520507812,147.670654296875]",0.9215074224269787,TP,IOU_GE_0.50,MATCHED,0.25
002_20200901_083452(2),0,2,"[242.0,170.0,252.99999999999997,180.0]",True,0.7297184467315674,"[243.00924682617188,171.10037231445312,252.60675048828125,181.09510803222656]",0.7087710090280763,TP,IOU_GE_0.50,MATCHED,0.25
002_20200901_083456(7),0,2,"[237.0,180.00000000000003,248.0,189.0]",True,0.7087774276733398,"[236.95188903808594,179.61434936523438,247.3983154296875,190.27239990234375]",0.8015577889816059,TP,IOU_GE_0.50,MATCHED,0.25
002_20200901_083501(2),0,2,"[242.0,182.00000000000003,253.99999999999997,192.0]",True,0.6750571131706238,"[243.2249298095703,182.16339111328125,253.54957580566406,192.9881134033203]",0.7800154076424375,TP,IOU_GE_0.50,MATCHED,0.25
002_20200901_083505(8),0,2,"[236.0,187.0,246.99999999999997,196.99999999999997]",True,0.6181782484054565,"[236.64505004882812,187.43710327148438,247.15988159179688,198.1062774658203]",0.8040135604938597,TP,IOU_GE_0.50,MATCHED,0.25
002_20200901_083510(2),0,2,"[241.00000000000003,150.0,252.0,161.0]",True,0.6839544773101807,"[243.0216522216797,149.54795837402344,253.44053649902344,160.3509979248047]",0.6608900379914411,TP,IOU_GE_0.50,MATCHED,0.25
002_20200901_083514(7),0,2,"[246.0,168.00000000000003,256.0,178.0]",True,0.6029694676399231,"[245.6025848388672,168.32437133789062,255.9560546875,179.0457305908203]",0.8400562952291624,TP,IOU_GE_0.50,MATCHED,0.25
002_20200901_191340(2),0,2,"[243.0,150.0,252.99999999999997,159.0]",True,0.6734710335731506,"[243.2269744873047,148.5466766357422,253.57113647460938,159.54112243652344]",0.7597511865620256,TP,IOU_GE_0.50,MATCHED,0.25
002_20200901_191343(2),0,2,"[245.0,172.0,253.99999999999997,183.0]",True,0.6111052632331848,"[244.5237274169922,173.09765625,254.870361328125,183.65762329101562]",0.7480428682889902,TP,IOU_GE_0.50,MATCHED,0.25
002_20200901_191346(1),0,2,"[246.0,159.0,256.0,169.0]",True,0.6754013299942017,"[246.92779541015625,159.33233642578125,256.67132568359375,169.38755798339844]",0.7954107008658228,TP,IOU_GE_0.50,MATCHED,0.25
002_20200901_191348(8),0,2,"[242.0,138.0,251.99999999999997,148.00000000000003]",True,0.6478677988052368,"[242.56382751464844,137.36952209472656,252.3299560546875,147.71783447265625]",0.8384783037382736,TP,IOU_GE_0.50,MATCHED,0.25
002_20200901_191351(5),0,2,"[236.0,178.0,248.0,189.0]",True,0.7756733894348145,"[237.52090454101562,179.53848266601562,247.2944793701172,189.44557189941406]",0.6781780114179395,TP,IOU_GE_0.50,MATCHED,0.25
002_20200905_003315(2),0,2,"[246.0,168.0,256.0,180.0]",True,0.6413668990135193,"[245.0240478515625,168.619873046875,255.64453125,179.8033905029297]",0.8238943693638798,TP,IOU_GE_0.50,MATCHED,0.25
002_20200905_003319(2),0,2,"[246.0,162.0,256.0,171.0]",True,0.605957567691803,"[246.93943786621094,160.9197998046875,256.65509033203125,171.5889434814453]",0.7273494263639932,TP,IOU_GE_0.50,MATCHED,0.25
002_20200905_003323(3),0,2,"[245.0,161.0,255.0,171.0]",True,0.6831435561180115,"[244.8031768798828,161.3539581298828,255.059326171875,171.97972106933594]",0.8572812170548368,TP,IOU_GE_0.50,MATCHED,0.25
002_20200905_003327(3),0,2,"[242.0,162.0,251.99999999999997,172.99999999999997]",True,0.716185986995697,"[242.41412353515625,162.7137451171875,251.905029296875,172.73077392578125]",0.8642788766798695,TP,IOU_GE_0.50,MATCHED,0.25
002_20200905_003331(2),0,2,"[247.00000000000003,164.0,256.0,172.99999999999997]",True,0.6339858770370483,"[247.1206817626953,163.76431274414062,257.5214538574219,174.68014526367188]",0.697211712440459,TP,IOU_GE_0.50,MATCHED,0.25
002_20200905_003335(3),0,2,"[245.0,165.99999999999997,253.99999999999997,175.99999999999997]",True,0.6627969145774841,"[244.2640380859375,165.8880615234375,254.82444763183594,176.61325073242188]",0.7946150491739933,TP,IOU_GE_0.50,MATCHED,0.25
002_20200905_163922(9),0,2,"[245.0,153.0,257.0,163.0]",True,0.7421367764472961,"[247.179931640625,154.41551208496094,257.32769775390625,164.9011993408203]",0.5932207806828117,TP,IOU_GE_0.50,MATCHED,0.25
002_20200905_163926(4),0,2,"[242.00000000000003,138.0,251.0,148.00000000000003]",True,0.7188544869422913,"[241.82781982421875,137.9266815185547,251.95947265625,148.5373077392578]",0.8371845279045761,TP,IOU_GE_0.50,MATCHED,0.25
002_20200905_163929(7),0,2,"[242.00000000000003,127.99999999999999,251.0,138.0]",True,0.691853404045105,"[241.7924346923828,129.10147094726562,251.54644775390625,139.21595764160156]",0.7376504282697349,TP,IOU_GE_0.50,MATCHED,0.25
002_20200905_163932(9),0,2,"[247.00000000000003,148.0,257.0,160.0]",True,0.6602254509925842,"[247.1986541748047,148.44529724121094,256.7048645019531,159.06195068359375]",0.8410345049477982,TP,IOU_GE_0.50,MATCHED,0.25
002_20200905_163936(2),0,2,"[239.0,148.0,250.0,158.0]",True,0.6501621603965759,"[239.43972778320312,147.6195831298828,249.56219482421875,158.34312438964844]",0.8627787234526713,TP,IOU_GE_0.50,MATCHED,0.25
002_20200905_163939(7),0,2,"[249.0,126.0,259.0,135.0]",True,0.7354488968849182,"[250.29498291015625,125.7990951538086,260.7489013671875,136.86160278320312]",0.6154304233752,TP,IOU_GE_0.50,MATCHED,0.25
002_20200905_203836(3),0,2,"[250.0,132.0,260.0,141.0]",True,0.6092624664306641,"[251.6737060546875,133.1011962890625,259.9574890136719,142.0025634765625]",0.6656015811487106,TP,IOU_GE_0.50,MATCHED,0.25
002_20200905_203840(3),0,2,"[247.00000000000003,132.0,256.0,141.0]",True,0.5775269865989685,"[246.54444885253906,130.9519805908203,256.3662414550781,141.24732971191406]",0.8010381150318747,TP,IOU_GE_0.50,MATCHED,0.25
002_20200905_203844(2),0,2,"[243.0,188.00000000000003,253.99999999999997,196.99999999999997]",True,0.5982626676559448,"[244.24465942382812,188.77047729492188,253.5239715576172,197.91624450683594]",0.7103516727521152,TP,IOU_GE_0.50,MATCHED,0.25
002_20200905_203848(4),0,2,"[242.00000000000003,156.0,251.0,166.0]",True,0.5935938954353333,"[242.2549285888672,155.3570556640625,251.51693725585938,164.8916778564453]",0.7733195286258131,TP,IOU_GE_0.50,MATCHED,0.25
002_20200905_203856(3),0,2,"[239.0,235.0,251.0,245.0]",True,0.6157379150390625,"[241.17320251464844,234.7569580078125,250.67047119140625,244.33660888671875]",0.7249902923937026,TP,IOU_GE_0.50,MATCHED,0.25
002_20200905_203900(3),0,2,"[246.0,233.00000000000003,255.0,243.0]",True,0.6001535654067993,"[246.8666229248047,233.14059448242188,255.72735595703125,242.5459442138672]",0.7899260286462179,TP,IOU_GE_0.50,MATCHED,0.25
002_20200906_003059(0),0,2,"[243.0,155.0,250.99999999999997,165.0]",True,0.594406008720398,"[243.53872680664062,155.89083862304688,252.69473266601562,165.14273071289062]",0.7025307500061826,TP,IOU_GE_0.50,MATCHED,0.25
001_20200623_123214(3),0,3,"[351.0,202.0,364.0,211.0]",False,0.533182680606842,"[348.89996337890625,199.7644500732422,362.8924560546875,214.44180297851562]",0.497036231758801,FN,NOT_MATCHED,LOCALIZATION_FAILURE,0.25
001_20200623_123214(3),1,3,"[358.0,232.0,368.00000000000006,242.0]",False,0.5151481628417969,"[355.2484130859375,230.83419799804688,369.4405822753906,245.47853088378906]",0.4811512602871082,FN,NOT_MATCHED,LOCALIZATION_FAILURE,0.25
001_20200623_123214(3),2,3,"[366.00000000000006,267.0,378.0,282.0]",True,0.5246418118476868,"[362.80108642578125,267.8404235839844,376.4464416503906,282.075439453125]",0.6535619638472772,TP,IOU_GE_0.50,MATCHED,0.25
001_20200623_123223(3),0,3,"[362.99999999999994,194.0,373.0,203.0]",False,0.4944781959056854,"[360.7536926269531,190.0674285888672,374.1434631347656,204.20875549316406]",0.4753124761565648,FN,NOT_MATCHED,LOCALIZATION_FAILURE,0.25
001_20200623_123223(3),1,3,"[364.00000000000006,225.00000000000003,376.0,237.0]",True,0.5492982864379883,"[360.7663269042969,223.49305725097656,374.4626770019531,237.7804412841797]",0.5863280704519842,TP,IOU_GE_0.50,MATCHED,0.25
001_20200623_123223(3),2,3,"[365.0,260.0,373.0,273.99999999999994]",True,0.48782140016555786,"[362.594970703125,261.0093078613281,375.4814758300781,274.6947937011719]",0.5634880566203128,TP,IOU_GE_0.50,MATCHED,0.25
001_20200623_123232(3),0,3,"[360.0,144.0,370.0,153.00000000000003]",False,0.5519565343856812,"[356.579345703125,140.30413818359375,371.0963439941406,155.3251190185547]",0.41273128700942924,FN,NOT_MATCHED,LOCALIZATION_FAILURE,0.25
001_20200623_123232(3),1,3,"[362.99999999999994,175.0,373.0,184.0]",False,0.49146708846092224,"[360.1326599121094,173.34768676757812,374.6250915527344,188.3908233642578]",0.4128220155060325,FN,NOT_MATCHED,LOCALIZATION_FAILURE,0.25
001_20200623_123232(3),2,3,"[368.00000000000006,210.0,381.0,223.99999999999997]",True,0.5801727175712585,"[365.8581237792969,211.2919158935547,378.99578857421875,225.2654266357422]",0.6187256315322335,TP,IOU_GE_0.50,MATCHED,0.25
001_20200623_123236(9),0,3,"[345.0,169.0,358.0,178.0]",True,0.617304265499115,"[345.3323059082031,167.9867706298828,358.3463134765625,181.74078369140625]",0.6264740579390885,TP,IOU_GE_0.50,MATCHED,0.25
001_20200623_123236(9),1,3,"[349.0,203.0,362.0,211.0]",False,0.09302767366170883,"[348.64556884765625,201.27232360839844,362.02081298828125,214.40451049804688]",0.592099325779927,FN,NOT_MATCHED,LOW_CONFIDENCE,0.25
001_20200623_123236(9),2,3,"[358.0,247.0,372.0,258.99999999999994]",True,0.5329851508140564,"[358.414794921875,244.6864013671875,371.7541198730469,258.5646667480469]",0.7757387974725604,TP,IOU_GE_0.50,MATCHED,0.25
001_20200623_123241(3),0,3,"[342.99999999999994,190.0,358.0,201.0]",True,0.6141822338104248,"[343.6871643066406,188.84854125976562,356.51129150390625,201.76670837402344]",0.7440204526070003,TP,IOU_GE_0.50,MATCHED,0.25
001_20200623_123241(3),1,3,"[351.0,268.0,364.0,280.0]",True,0.5554227232933044,"[351.2978515625,268.1524658203125,363.8281555175781,280.99737548828125]",0.8810414196803151,TP,IOU_GE_0.50,MATCHED,0.25
001_20200623_123241(3),2,3,"[348.0,226.0,358.0,236.0]",True,0.5016384124755859,"[346.2635498046875,224.09510803222656,358.45361328125,236.6620330810547]",0.652777246456116,TP,IOU_GE_0.50,MATCHED,0.25
001_20200623_123245(8),0,3,"[340.0,166.0,353.0,180.0]",True,0.5416574478149414,"[340.152587890625,166.35536193847656,353.82720947265625,180.49954223632812]",0.875974507273646,TP,IOU_GE_0.50,MATCHED,0.25
001_20200623_123245(8),1,3,"[343.0,201.00000000000003,360.0,213.0]",True,0.5390961170196533,"[343.9219970703125,199.7510528564453,356.91650390625,213.57284545898438]",0.6849028167912744,TP,IOU_GE_0.50,MATCHED,0.25
001_20200623_123245(8),2,3,"[350.0,245.0,364.0,258.0]",True,0.522500216960907,"[349.126220703125,244.23658752441406,361.9841613769531,257.8070068359375]",0.7560413332142635,TP,IOU_GE_0.50,MATCHED,0.25
001_20200623_203217(4),0,3,"[346.0,199.99999999999997,361.0,212.0]",True,0.544674813747406,"[346.64654541015625,197.9493408203125,359.308349609375,211.727294921875]",0.7209413232145186,TP,IOU_GE_0.50,MATCHED,0.25
001_20200623_203217(4),1,3,"[346.99999999999994,232.0,362.0,245.0]",True,0.555912971496582,"[347.2732849121094,230.6051025390625,361.5754699707031,245.3302001953125]",0.8463884433677528,TP,IOU_GE_0.50,MATCHED,0.25
001_20200623_203217(4),2,3,"[351.0,277.00000000000006,362.00000000000006,289.0]",True,0.571395993232727,"[350.9097900390625,276.16064453125,363.6432189941406,289.5278625488281]",0.775510228511511,TP,IOU_GE_0.50,MATCHED,0.25
001_20200623_203222(0),0,3,"[342.99999999999994,236.0,358.0,249.00000000000003]",True,0.6017274856567383,"[343.8118591308594,234.61709594726562,356.9958801269531,248.50436401367188]",0.7731373114118497,TP,IOU_GE_0.50,MATCHED,0.25
001_20200623_203222(0),1,3,"[351.0,266.0,364.0,281.0]",True,0.5808299779891968,"[349.1319274902344,266.96051025390625,363.1665344238281,281.414306640625]",0.7523382232465349,TP,IOU_GE_0.50,MATCHED,0.25
001_20200623_203222(0),2,3,"[358.0,311.99999999999994,373.99999999999994,323.0]",True,0.5993491411209106,"[358.144287109375,311.7319641113281,371.3740234375,325.4510803222656]",0.6865354022127209,TP,IOU_GE_0.50,MATCHED,0.25
001_20200623_203226(3),0,3,"[339.0,208.0,350.00000000000006,218.99999999999997]",True,0.5161662697792053,"[337.73455810546875,206.14317321777344,350.1854553222656,219.61241149902344]",0.7215088895823331,TP,IOU_GE_0.50,MATCHED,0.25
001_20200623_203226(3),1,3,"[342.0,239.00000000000003,357.00000000000006,249.00000000000003]",True,0.5580125451087952,"[342.5051574707031,238.2465362548828,356.19561767578125,252.27157592773438]",0.6674865980747352,TP,IOU_GE_0.50,MATCHED,0.25
001_20200623_203226(3),2,3,"[349.0,282.0,363.0,296.0]",True,0.6025893092155457,"[349.9602966308594,282.968505859375,363.4200439453125,296.9349365234375]",0.7938361061886814,TP,IOU_GE_0.50,MATCHED,0.25
001_20200623_203230(9),0,3,"[339.00000000000006,186.00000000000003,355.0,198.0]",True,0.5567805767059326,"[339.0942687988281,184.71304321289062,351.708984375,198.46946716308594]",0.7068493505617209,TP,IOU_GE_0.50,MATCHED,0.25
001_20200623_203230(9),1,3,"[342.0,215.0,355.0,231.0]",True,0.5722169876098633,"[343.0465393066406,218.3080596923828,356.72528076171875,232.54441833496094]",0.6043776645089021,TP,IOU_GE_0.50,MATCHED,0.25
001_20200623_203230(9),2,3,"[349.0,261.0,363.0,276.0]",True,0.570777177810669,"[349.4889831542969,261.9024353027344,362.9171447753906,276.04864501953125]",0.8986541166740347,TP,IOU_GE_0.50,MATCHED,0.25
001_20200623_203235(3),0,3,"[342.0,177.0,355.0,190.0]",True,0.5998688340187073,"[341.5224914550781,176.21295166015625,354.84716796875,190.1448211669922]",0.8901460607340332,TP,IOU_GE_0.50,MATCHED,0.25
001_20200623_203235(3),1,3,"[346.0,208.0,357.00000000000006,223.0]",True,0.5251725316047668,"[344.4160461425781,210.19064331054688,357.15106201171875,223.32139587402344]",0.7364876891607082,TP,IOU_GE_0.50,MATCHED,0.25
001_20200623_203235(3),2,3,"[348.0,255.0,360.99999999999994,268.0]",True,0.4869297742843628,"[347.38372802734375,254.34793090820312,360.18548583984375,268.1528015136719]",0.8456934421149619,TP,IOU_GE_0.50,MATCHED,0.25
001_20200624_043349(7),0,3,"[335.99999999999994,152.0,351.0,167.0]",True,0.5597911477088928,"[338.81842041015625,153.14437866210938,353.1409606933594,167.9324188232422]",0.6297441135965334,TP,IOU_GE_0.50,MATCHED,0.25
001_20200624_043349(7),1,3,"[341.00000000000006,232.00000000000006,354.0,246.0]",True,0.5654815435409546,"[341.04736328125,231.7017364501953,354.74578857421875,245.9971466064453]",0.9225303408846148,TP,IOU_GE_0.50,MATCHED,0.25
001_20200624_043349(7),2,3,"[338.0,189.0,353.99999999999994,203.0]",True,0.5062749981880188,"[339.70587158203125,188.61341857910156,352.65765380859375,202.04600524902344]",0.7378336869032402,TP,IOU_GE_0.50,MATCHED,0.25
001_20200625_043323(7),0,3,"[342.99999999999994,154.0,357.0,168.0]",True,0.6543207764625549,"[342.29095458984375,154.2538604736328,356.4483947753906,168.75010681152344]",0.8544009453483095,TP,IOU_GE_0.50,MATCHED,0.25
001_20200625_043323(7),1,3,"[344.99999999999994,190.0,356.0,201.0]",True,0.5784077048301697,"[343.7710876464844,189.05947875976562,357.1283874511719,202.8883056640625]",0.6550604148436043,TP,IOU_GE_0.50,MATCHED,0.25
001_20200625_043323(7),2,3,"[348.0,233.00000000000003,358.0,247.0]",True,0.5135310292243958,"[346.9664306640625,234.06893920898438,359.8164367675781,247.9647674560547]",0.6832761613906788,TP,IOU_GE_0.50,MATCHED,0.25
001_20200625_043328(3),0,3,"[343.0,154.0,355.0,165.99999999999997]",True,0.6375437378883362,"[344.352294921875,153.2947540283203,357.5773620605469,167.0223388671875]",0.646047090616343,TP,IOU_GE_0.50,MATCHED,0.25
001_20200625_043328(3),1,3,"[345.0,189.0,357.0,198.0]",True,0.5124440789222717,"[344.9649963378906,187.9945831298828,357.5792541503906,200.87692260742188]",0.6646106754997799,TP,IOU_GE_0.50,MATCHED,0.25
001_20200625_043328(3),2,3,"[349.0,236.0,360.99999999999994,246.0]",True,0.4997556209564209,"[346.6484069824219,233.03924560546875,359.7854309082031,247.21917724609375]",0.5435443690379732,TP,IOU_GE_0.50,MATCHED,0.25
001_20200625_043337(3),0,3,"[348.99999999999994,148.00000000000003,360.0,159.0]",True,0.6444858312606812,"[349.8273620605469,147.5135955810547,363.7966003417969,161.9256134033203]",0.5317739910509688,TP,IOU_GE_0.50,MATCHED,0.25
001_20200625_043337(3),1,3,"[351.0,184.99999999999997,364.0,197.0]",True,0.6013277173042297,"[349.9267578125,182.95608520507812,363.69110107421875,197.29620361328125]",0.757341961476932,TP,IOU_GE_0.50,MATCHED,0.25
001_20200625_043337(3),2,3,"[353.0,230.00000000000003,364.99999999999994,242.0]",True,0.5839648842811584,"[353.1084899902344,227.3404083251953,366.2124328613281,241.45355224609375]",0.706659673588226,TP,IOU_GE_0.50,MATCHED,0.25
001_20200625_043341(7),0,3,"[341.0,162.0,356.0,172.99999999999997]",True,0.5776447653770447,"[344.6994934082031,161.2599334716797,358.5237121582031,175.74623107910156]",0.515884570177143,TP,IOU_GE_0.50,MATCHED,0.25
001_20200625_043341(7),1,3,"[346.0,197.0,357.00000000000006,211.0]",True,0.5485522150993347,"[343.67559814453125,197.36585998535156,357.2740478515625,211.68214416503906]",0.7547696259854558,TP,IOU_GE_0.50,MATCHED,0.25
001_20200625_043341(7),2,3,"[344.99999999999994,242.0,356.0,255.0]",True,0.5749199986457825,"[345.35650634765625,241.5441131591797,358.7590026855469,255.845458984375]",0.704837264127146,TP,IOU_GE_0.50,MATCHED,0.25
001_20200625_043346(2),0,3,"[340.0,155.00000000000003,350.00000000000006,166.0]",True,0.5926171541213989,"[339.4442443847656,153.4732666015625,354.12945556640625,168.43988037109375]",0.50048254734665,TP,IOU_GE_0.50,MATCHED,0.25
001_20200625_043346(2),1,3,"[342.0,193.0,353.00000000000006,201.00000000000003]",False,0.5486562252044678,"[339.8938293457031,189.2050018310547,354.6275939941406,204.28494262695312]",0.3960675914312418,FN,NOT_MATCHED,LOCALIZATION_FAILURE,0.25
001_20200625_043346(2),2,3,"[342.0,235.00000000000003,353.99999999999994,245.0]",True,0.5836200714111328,"[343.1857604980469,233.46270751953125,357.1290283203125,248.07720947265625]",0.5015147837332552,TP,IOU_GE_0.50,MATCHED,0.25
001_20200629_082825(1),0,3,"[343.0,186.0,356.0,196.99999999999997]",True,0.6096187829971313,"[342.70953369140625,184.53932189941406,356.1620788574219,198.52597045898438]",0.7600075665062174,TP,IOU_GE_0.50,MATCHED,0.25
001_20200629_082825(1),1,3,"[342.99999999999994,219.00000000000003,357.0,231.0]",True,0.5846023559570312,"[342.35528564453125,218.51876831054688,355.6117248535156,232.25112915039062]",0.7616484617566888,TP,IOU_GE_0.50,MATCHED,0.25
001_20200629_082825(1),2,3,"[342.0,263.0,356.0,277.0]",True,0.5107369422912598,"[341.89349365234375,263.61627197265625,354.8959045410156,277.61505126953125]",0.840196151442455,TP,IOU_GE_0.50,MATCHED,0.25
001_20200629_082828(0),0,3,"[349.0,201.0,364.00000000000006,216.0]",True,0.6061975359916687,"[348.6354675292969,200.8824462890625,362.11907958984375,214.6988525390625]",0.7760485623066673,TP,IOU_GE_0.50,MATCHED,0.25
001_20200629_082828(0),1,3,"[350.00000000000006,235.00000000000003,366.0,247.0]",True,0.5697072148323059,"[350.3958435058594,234.14166259765625,363.427734375,247.98069763183594]",0.7241075688611466,TP,IOU_GE_0.50,MATCHED,0.25
001_20200629_082828(0),2,3,"[356.0,281.0,370.0,292.99999999999994]",True,0.464874804019928,"[355.174560546875,280.5339660644531,367.96722412109375,294.2888488769531]",0.7167615579308078,TP,IOU_GE_0.50,MATCHED,0.25
001_20200629_082831(0),0,3,"[351.0,215.00000000000003,365.0,227.0]",True,0.5204333066940308,"[350.54876708984375,215.35816955566406,363.1454162597656,228.59487915039062]",0.7313150719172808,TP,IOU_GE_0.50,MATCHED,0.25
001_20200629_082831(0),1,3,"[350.0,261.0,364.0,273.0]",True,0.5367369651794434,"[350.17742919921875,260.89990234375,362.7721862792969,273.6832580566406]",0.8497235915509873,TP,IOU_GE_0.50,MATCHED,0.25
001_20200629_082831(0),2,3,"[353.0,182.0,364.00000000000006,192.0]",True,0.5740277767181396,"[352.4359436035156,181.68740844726562,365.14410400390625,194.84442138671875]",0.6578891069144259,TP,IOU_GE_0.50,MATCHED,0.25
001_20200629_082834(2),0,3,"[356.0,178.0,368.0,189.0]",True,0.5362346172332764,"[354.2572937011719,177.24566650390625,368.41998291015625,192.10203552246094]",0.6273581263682804,TP,IOU_GE_0.50,MATCHED,0.25
001_20200629_082834(2),1,3,"[350.0,212.0,364.0,226.0]",True,0.5451416969299316,"[350.8942565917969,210.94512939453125,364.1352844238281,224.7137451171875]",0.7871180283688256,TP,IOU_GE_0.50,MATCHED,0.25
001_20200629_082834(2),2,3,"[339.99999999999994,253.99999999999997,360.0,272.0]",False,0.15676799416542053,"[347.7804870605469,256.90338134765625,360.64801025390625,270.55072021484375]",0.4521261229900144,FN,NOT_MATCHED,NO_DETECTION,0.25
001_20200629_082837(2),0,3,"[339.00000000000006,162.00000000000003,355.0,174.0]",True,0.50774085521698,"[339.497314453125,161.132568359375,352.13763427734375,174.60548400878906]",0.7201841625696248,TP,IOU_GE_0.50,MATCHED,0.25
001_20200629_082837(2),1,3,"[338.0,197.0,355.0,211.0]",True,0.43547523021698,"[339.7798767089844,195.84930419921875,352.1795959472656,208.57081604003906]",0.5687391855859328,TP,IOU_GE_0.50,MATCHED,0.25
001_20200629_082837(2),2,3,"[342.0,240.0,356.0,253.99999999999997]",True,0.5237141251564026,"[342.3038330078125,240.84695434570312,355.1430969238281,254.54745483398438]",0.8317801565940559,TP,IOU_GE_0.50,MATCHED,0.25
001_20200629_082840(2),0,3,"[349.0,198.0,364.99999999999994,212.0]",True,0.6359248161315918,"[350.376953125,198.52333068847656,363.85992431640625,212.53842163085938]",0.7857213465671479,TP,IOU_GE_0.50,MATCHED,0.25
001_20200629_082840(2),1,3,"[350.00000000000006,231.0,362.0,246.0]",True,0.501884937286377,"[349.3584899902344,232.68344116210938,362.21441650390625,246.11878967285156]",0.8282938148249502,TP,IOU_GE_0.50,MATCHED,0.25
001_20200629_082840(2),2,3,"[351.0,280.0,364.0,291.00000000000006]",True,0.5295108556747437,"[350.3018493652344,278.3713073730469,362.9587707519531,291.9505615234375]",0.717558571782064,TP,IOU_GE_0.50,MATCHED,0.25
001_20200728_043138(3),0,3,"[328.0,179.0,339.00000000000006,191.00000000000003]",True,0.4283078908920288,"[329.99273681640625,179.34735107421875,341.27349853515625,190.98660278320312]",0.66159660586461,TP,IOU_GE_0.50,MATCHED,0.25
001_20200728_043141(5),0,3,"[313.0,213.0,323.00000000000006,222.0]",True,0.497882604598999,"[310.9205627441406,212.43487548828125,322.156005859375,224.81190490722656]",0.561881478613975,TP,IOU_GE_0.50,MATCHED,0.25
001_20200728_163910(5),0,3,"[324.0,190.0,335.99999999999994,199.0]",True,0.5680601596832275,"[322.7758483886719,188.712890625,335.0047302246094,200.85174560546875]",0.6292330455205375,TP,IOU_GE_0.50,MATCHED,0.25
001_20200728_163913(6),0,3,"[330.0,191.00000000000003,340.0,203.0]",True,0.45430025458335876,"[327.885009765625,190.93112182617188,339.6495361328125,203.5589141845703]",0.7579878059475913,TP,IOU_GE_0.50,MATCHED,0.25
001_20200810_085043(8),0,3,"[326.0,210.00000000000003,336.0,222.0]",True,0.44568878412246704,"[325.8234558105469,211.51748657226562,337.3477783203125,223.66067504882812]",0.6757815797147256,TP,IOU_GE_0.50,MATCHED,0.25
001_20200814_123136(2),0,3,"[326.0,159.0,337.99999999999994,169.0]",True,0.3730006515979767,"[328.06768798828125,158.82550048828125,339.4627990722656,170.52151489257812]",0.6451469287970947,TP,IOU_GE_0.50,MATCHED,0.25
001_20200814_123143(5),0,3,"[330.00000000000006,164.0,342.0,175.99999999999997]",True,0.38929563760757446,"[332.16943359375,166.40342712402344,343.77978515625,178.07200622558594]",0.5095684375104107,TP,IOU_GE_0.50,MATCHED,0.25
001_20200815_003529(0),0,3,"[319.00000000000006,194.0,331.0,206.00000000000003]",True,0.4474725127220154,"[320.73291015625,191.31338500976562,332.95513916015625,204.5130157470703]",0.5468241654018897,TP,IOU_GE_0.50,MATCHED,0.25
001_20200818_163230(6),0,3,"[331.0,173.0,340.0,187.0]",False,0.0038429489359259605,"[327.30804443359375,176.5374298095703,340.0341491699219,187.9723358154297]",0.5309192188264776,FN,NOT_MATCHED,LOW_CONFIDENCE,0.25
001_20200818_163233(9),0,3,"[317.0,215.0,328.99999999999994,228.0]",True,0.44165316224098206,"[315.99493408203125,216.32595825195312,327.21746826171875,227.76014709472656]",0.6975161943711893,TP,IOU_GE_0.50,MATCHED,0.25
001_20200819_043209(9),0,3,"[329.0,168.0,339.00000000000006,182.0]",True,0.44531798362731934,"[326.66357421875,169.4092559814453,338.7937316894531,182.72935485839844]",0.6917268955490634,TP,IOU_GE_0.50,MATCHED,0.25
001_20200819_043216(0),0,3,"[338.0,159.0,352.0,170.99999999999997]",False,0.09539751708507538,"[337.68890380859375,157.12567138671875,352.5552673339844,172.59469604492188]",0.7305359651683214,FN,NOT_MATCHED,LOW_CONFIDENCE,0.25
001_20200821_150525(5),0,3,"[319.00000000000006,231.0,331.0,242.00000000000003]",True,0.3685687184333801,"[316.3570251464844,229.69686889648438,327.4585876464844,241.3834686279297]",0.5050282349481241,TP,IOU_GE_0.50,MATCHED,0.25
001_20200821_150529(4),0,3,"[306.0,246.0,317.00000000000006,257.00000000000006]",True,0.42067164182662964,"[309.10736083984375,245.57711791992188,320.767822265625,257.05816650390625]",0.5166099146055637,TP,IOU_GE_0.50,MATCHED,0.25
001_20200826_043252(8),0,3,"[309.0,190.0,322.0,201.0]",True,0.4276885986328125,"[310.4508056640625,190.32701110839844,321.3907165527344,201.64891052246094]",0.7778967832720025,TP,IOU_GE_0.50,MATCHED,0.25
001_20200826_043255(8),0,3,"[327.0,226.0,339.0,237.99999999999997]",True,0.4808305501937866,"[325.0189208984375,226.29144287109375,336.21783447265625,238.17507934570312]",0.6380345080269111,TP,IOU_GE_0.50,MATCHED,0.25
001_20200922_163332(2),0,3,"[472.0,183.0,482.0,192.0]",False,0.46508046984672546,"[468.8290100097656,180.97222900390625,481.4544982910156,194.22789001464844]",0.49394045814657206,FN,NOT_MATCHED,LOCALIZATION_FAILURE,0.25
001_20200922_163335(3),0,3,"[475.0,165.0,488.0,175.0]",False,0.15581771731376648,"[473.1154479980469,163.76239013671875,487.14520263671875,178.10850524902344]",0.5788378927470007,FN,NOT_MATCHED,LOW_CONFIDENCE,0.25
002_20200622_203053(2),0,3,"[211.00000000000003,110.0,219.0,121.0]",True,0.5353499054908752,"[210.38711547851562,111.08271789550781,219.8680419921875,120.79298400878906]",0.7587613237973635,TP,IOU_GE_0.50,MATCHED,0.25
002_20200622_203053(2),1,3,"[214.0,135.0,221.99999999999997,143.0]",True,0.6215368509292603,"[212.74285888671875,134.6659393310547,221.6211395263672,144.0122528076172]",0.7088601450495959,TP,IOU_GE_0.50,MATCHED,0.25
002_20200622_203053(2),2,3,"[218.00000000000003,159.0,225.0,172.0]",False,0.4183562397956848,"[215.36570739746094,160.24842834472656,223.47225952148438,169.03903198242188]",0.4213885712544257,FN,NOT_MATCHED,LOCALIZATION_FAILURE,0.25
002_20200622_203057(3),0,3,"[203.00000000000003,111.0,210.0,121.99999999999999]",True,0.6102230548858643,"[200.65167236328125,111.41349029541016,209.8672332763672,120.80431365966797]",0.6510570145304176,TP,IOU_GE_0.50,MATCHED,0.25
002_20200622_203057(3),1,3,"[204.0,134.0,212.0,143.0]",True,0.6374633312225342,"[204.29452514648438,134.1573028564453,213.49252319335938,143.74473571777344]",0.7402352507978386,TP,IOU_GE_0.50,MATCHED,0.25
002_20200622_203057(3),2,3,"[209.0,158.0,215.99999999999997,169.99999999999997]",True,0.49086794257164,"[207.4598388671875,159.56671142578125,216.38941955566406,168.8797149658203]",0.639314525555443,TP,IOU_GE_0.50,MATCHED,0.25
002_20200622_203101(3),0,3,"[210.00000000000003,117.0,217.0,123.0]",False,0.13967151939868927,"[209.2883758544922,114.1007308959961,218.5345458984375,123.54318237304688]",0.48106377225933933,FN,NOT_MATCHED,NO_DETECTION,0.25
002_20200622_203101(3),1,3,"[210.00000000000003,137.0,217.0,145.0]",True,0.6199955940246582,"[209.53521728515625,137.30792236328125,218.46505737304688,146.45529174804688]",0.6422297463324314,TP,IOU_GE_0.50,MATCHED,0.25
002_20200622_203101(3),2,3,"[213.00000000000003,162.0,220.0,171.0]",True,0.3595675826072693,"[211.7239532470703,163.5207061767578,220.199951171875,172.34255981445312]",0.6129208198235994,TP,IOU_GE_0.50,MATCHED,0.25
002_20200622_203105(4),0,3,"[206.0,123.0,215.0,134.0]",True,0.6702163219451904,"[204.14634704589844,124.43572235107422,213.3627471923828,133.73422241210938]",0.5889947354333761,TP,IOU_GE_0.50,MATCHED,0.25
002_20200622_203105(4),1,3,"[208.0,147.0,214.99999999999997,156.0]",True,0.5773736238479614,"[206.71597290039062,147.4844970703125,215.470458984375,156.69679260253906]",0.7092841752981647,TP,IOU_GE_0.50,MATCHED,0.25
002_20200622_203105(4),2,3,"[210.99999999999997,173.0,217.0,181.99999999999997]",True,0.5319742560386658,"[209.4084014892578,173.53721618652344,217.69039916992188,182.4031524658203]",0.6624405269923312,TP,IOU_GE_0.50,MATCHED,0.25
002_20200622_203109(3),0,3,"[201.0,119.0,209.0,127.0]",True,0.6078132390975952,"[200.5758514404297,117.63101959228516,209.45016479492188,126.92955780029297]",0.7635433330774117,TP,IOU_GE_0.50,MATCHED,0.25
002_20200622_203109(3),1,3,"[203.99999999999997,140.0,210.0,150.0]",True,0.5455529093742371,"[202.88491821289062,141.18638610839844,211.4789276123047,150.0883026123047]",0.6323936050204207,TP,IOU_GE_0.50,MATCHED,0.25
002_20200622_203109(3),2,3,"[205.0,166.99999999999997,213.0,175.0]",True,0.46337658166885376,"[204.0121307373047,167.280029296875,212.29026794433594,176.0122833251953]",0.7034541789391764,TP,IOU_GE_0.50,MATCHED,0.25
002_20200623_043056(0),0,3,"[151.0,143.0,163.0,154.0]",True,0.6329001784324646,"[151.6160430908203,144.2762451171875,162.5786895751953,155.46900939941406]",0.7197504538324805,TP,IOU_GE_0.50,MATCHED,0.25
002_20200623_043056(0),1,3,"[153.0,166.0,165.0,179.0]",True,0.5721663236618042,"[153.55621337890625,167.7371063232422,164.42152404785156,178.29612731933594]",0.7354297659133012,TP,IOU_GE_0.50,MATCHED,0.25
002_20200623_043056(0),2,3,"[158.0,198.0,167.99999999999997,212.00000000000003]",True,0.610219419002533,"[157.3896026611328,200.32191467285156,167.5369873046875,210.1276397705078]",0.6405920258672035,TP,IOU_GE_0.50,MATCHED,0.25
002_20200623_043100(6),0,3,"[153.0,145.0,164.0,157.0]",True,0.6293101906776428,"[152.5853271484375,144.98158264160156,164.2848663330078,156.21766662597656]",0.8809937090994845,TP,IOU_GE_0.50,MATCHED,0.25
002_20200623_043100(6),1,3,"[154.99999999999997,166.99999999999997,167.99999999999997,180.0]",True,0.6087478399276733,"[155.2472381591797,168.63768005371094,166.1262969970703,179.91873168945312]",0.7261965946658064,TP,IOU_GE_0.50,MATCHED,0.25
002_20200623_043100(6),2,3,"[159.0,198.00000000000003,169.0,213.0]",True,0.6146334409713745,"[158.58685302734375,200.9199981689453,169.30706787109375,211.39096069335938]",0.6646485518690533,TP,IOU_GE_0.50,MATCHED,0.25
002_20200623_043105(0),0,3,"[148.0,143.0,161.00000000000003,157.0]",True,0.6050344705581665,"[148.78135681152344,144.82000732421875,160.35989379882812,156.04013061523438]",0.7138055633359501,TP,IOU_GE_0.50,MATCHED,0.25
002_20200623_043105(0),1,3,"[151.0,165.0,162.0,179.0]",True,0.5678181648254395,"[150.8648223876953,168.36854553222656,161.94972229003906,179.8021240234375]",0.7084066594068513,TP,IOU_GE_0.50,MATCHED,0.25
002_20200623_043105(0),2,3,"[155.00000000000003,198.0,165.0,212.00000000000003]",True,0.6204980611801147,"[153.95262145996094,200.2593536376953,164.8494110107422,210.7764434814453]",0.6859377136442282,TP,IOU_GE_0.50,MATCHED,0.25
002_20200623_043109(4),0,3,"[146.0,145.0,159.0,159.0]",True,0.607024073600769,"[147.62644958496094,145.5582733154297,159.27069091796875,156.690185546875]",0.68432572047444,TP,IOU_GE_0.50,MATCHED,0.25
002_20200623_043109(4),1,3,"[149.0,168.0,160.0,181.0]",True,0.5799522399902344,"[150.09654235839844,169.0453338623047,161.08847045898438,180.1806640625]",0.7109201338420384,TP,IOU_GE_0.50,MATCHED,0.25
002_20200623_043109(4),2,3,"[151.0,197.00000000000003,163.0,213.0]",True,0.5510984659194946,"[152.60841369628906,201.3980712890625,163.59429931640625,212.13534545898438]",0.5624390652050721,TP,IOU_GE_0.50,MATCHED,0.25
002_20200623_043115(4),0,3,"[143.0,146.0,155.0,156.0]",True,0.6290374398231506,"[142.76145935058594,145.2640838623047,154.12989807128906,156.33197021484375]",0.8273441997440572,TP,IOU_GE_0.50,MATCHED,0.25
002_20200623_043115(4),1,3,"[146.0,168.0,156.0,182.00000000000003]",True,0.5830199718475342,"[144.49363708496094,168.65769958496094,156.03533935546875,180.0421142578125]",0.7225842655909914,TP,IOU_GE_0.50,MATCHED,0.25
002_20200623_043115(4),2,3,"[148.0,196.0,159.0,214.0]",True,0.600710928440094,"[148.39964294433594,200.3944549560547,159.4973602294922,211.13064575195312]",0.5596911250134032,TP,IOU_GE_0.50,MATCHED,0.25
002_20200623_043120(0),0,3,"[151.0,143.99999999999997,164.0,157.0]",True,0.6460559964179993,"[151.48248291015625,144.93585205078125,162.41815185546875,155.87001037597656]",0.7075286132542501,TP,IOU_GE_0.50,MATCHED,0.25
002_20200623_043120(0),1,3,"[152.0,169.0,167.0,177.99999999999997]",True,0.5591036081314087,"[153.76219177246094,168.31211853027344,164.66964721679688,179.1462860107422]",0.6333111984255565,TP,IOU_GE_0.50,MATCHED,0.25
002_20200623_043120(0),2,3,"[157.0,200.00000000000003,166.99999999999997,212.00000000000003]",True,0.59233158826828,"[156.9788360595703,200.10755920410156,167.76734924316406,210.60794067382812]",0.8185537035082674,TP,IOU_GE_0.50,MATCHED,0.25
002_20200623_123032(7),0,3,"[212.0,142.0,221.99999999999997,152.0]",True,0.5839546918869019,"[211.39756774902344,141.59039306640625,221.11709594726562,151.30972290039062]",0.7745040384498877,TP,IOU_GE_0.50,MATCHED,0.25
002_20200623_123032(7),1,3,"[212.0,166.0,221.99999999999997,173.0]",True,0.547532320022583,"[212.08006286621094,165.54409790039062,221.11404418945312,175.1675567626953]",0.6748952123364477,TP,IOU_GE_0.50,MATCHED,0.25
002_20200623_123032(7),2,3,"[214.00000000000003,193.0,221.0,200.00000000000003]",True,0.44358769059181213,"[212.3805389404297,192.215576171875,220.58924865722656,201.1461181640625]",0.6054427656826182,TP,IOU_GE_0.50,MATCHED,0.25
002_20200623_123036(5),0,3,"[200.00000000000003,168.0,206.99999999999997,175.0]",True,0.5784565806388855,"[197.54396057128906,166.55198669433594,206.1361083984375,175.6299285888672]",0.5110609183832122,TP,IOU_GE_0.50,MATCHED,0.25
002_20200623_123036(5),1,3,"[202.0,188.00000000000003,211.00000000000003,196.99999999999997]",True,0.5419887900352478,"[202.1729736328125,189.46627807617188,211.1791534423828,198.7387237548828]",0.6785131499871363,TP,IOU_GE_0.50,MATCHED,0.25
002_20200623_123036(5),2,3,"[208.0,214.99999999999997,214.99999999999997,222.0]",True,0.4797810912132263,"[206.40585327148438,214.95062255859375,214.8561553955078,223.86221313476562]",0.6289016801231262,TP,IOU_GE_0.50,MATCHED,0.25
002_20200623_123040(5),0,3,"[203.0,165.99999999999997,212.0,174.99999999999997]",True,0.5767053961753845,"[202.82293701171875,165.10031127929688,212.08741760253906,174.65306091308594]",0.8499715157518714,TP,IOU_GE_0.50,MATCHED,0.25
002_20200623_123040(5),1,3,"[207.00000000000003,187.99999999999997,215.0,196.0]",True,0.5340420603752136,"[206.82330322265625,188.5846710205078,215.69696044921875,197.9134979248047]",0.6782971191299635,TP,IOU_GE_0.50,MATCHED,0.25
002_20200623_123040(5),2,3,"[212.0,214.0,220.0,221.00000000000003]",True,0.4620036780834198,"[211.1313934326172,213.58316040039062,219.9609375,223.08529663085938]",0.6620482058591877,TP,IOU_GE_0.50,MATCHED,0.25
002_20200623_123042(0),0,3,"[158.0,121.0,170.0,134.0]",True,0.6491152048110962,"[157.93963623046875,119.90584564208984,169.43344116210938,131.109375]",0.6831817201981683,TP,IOU_GE_0.50,MATCHED,0.25
002_20200623_123042(0),1,3,"[160.0,144.0,172.0,156.0]",True,0.6109153628349304,"[159.9600372314453,143.9441375732422,171.70086669921875,155.65609741210938]",0.9398074841197556,TP,IOU_GE_0.50,MATCHED,0.25
002_20200623_123042(0),2,3,"[163.0,168.00000000000003,172.99999999999997,184.0]",True,0.614517331123352,"[162.36302185058594,170.53773498535156,173.0763702392578,181.02500915527344]",0.626176650027536,TP,IOU_GE_0.50,MATCHED,0.25
002_20200623_123044(3),0,3,"[199.0,150.0,208.0,158.0]",True,0.6458916068077087,"[199.4943084716797,149.9524688720703,208.66665649414062,159.2431182861328]",0.7630857793097784,TP,IOU_GE_0.50,MATCHED,0.25
002_20200623_123044(3),1,3,"[200.00000000000003,172.0,208.0,184.0]",True,0.6255037784576416,"[200.07154846191406,173.4198455810547,209.18858337402344,182.90396118164062]",0.7009647139791664,TP,IOU_GE_0.50,MATCHED,0.25
002_20200623_123044(3),2,3,"[202.00000000000003,205.0,209.0,216.0]",True,0.5542485117912292,"[201.53468322753906,206.0279083251953,209.7080535888672,214.5128936767578]",0.6830451808461913,TP,IOU_GE_0.50,MATCHED,0.25
002_20200623_123046(4),0,3,"[169.00000000000003,173.0,177.0,181.99999999999997]",True,0.5977550745010376,"[166.4635009765625,172.08920288085938,177.29171752929688,182.7894744873047]",0.621413612060586,TP,IOU_GE_0.50,MATCHED,0.25
002_20200623_123046(4),1,3,"[163.0,146.0,173.99999999999997,156.0]",True,0.6271519064903259,"[162.93798828125,145.8761444091797,174.56439208984375,157.007080078125]",0.8499935097088664,TP,IOU_GE_0.50,MATCHED,0.25
002_20200623_123046(4),2,3,"[161.00000000000003,125.0,172.0,134.0]",True,0.5771616101264954,"[160.21058654785156,122.11886596679688,171.72409057617188,133.21453857421875]",0.6353353957274162,TP,IOU_GE_0.50,MATCHED,0.25
002_20200623_123048(4),0,3,"[195.99999999999997,170.0,205.0,178.99999999999997]",True,0.6701627969741821,"[196.32212829589844,171.24014282226562,205.17529296875,180.47378540039062]",0.7058014659477013,TP,IOU_GE_0.50,MATCHED,0.25
002_20200623_123048(4),1,3,"[200.00000000000003,194.00000000000003,208.0,205.0]",True,0.6351813077926636,"[199.58590698242188,194.5773468017578,209.20030212402344,204.22177124023438]",0.7449595548544141,TP,IOU_GE_0.50,MATCHED,0.25
002_20200623_123048(4),2,3,"[205.0,225.00000000000003,211.99999999999997,234.0]",True,0.5790180563926697,"[204.76490783691406,225.3448028564453,214.12559509277344,234.9064483642578]",0.6591408839399515,TP,IOU_GE_0.50,MATCHED,0.25
002_20200623_123051(1),0,3,"[165.0,141.0,176.0,153.0]",True,0.6157061457633972,"[164.00711059570312,140.90316772460938,175.3370361328125,152.01702880859375]",0.790660585068133,TP,IOU_GE_0.50,MATCHED,0.25
002_20200623_123051(1),1,3,"[166.0,163.0,177.0,175.0]",True,0.6083332300186157,"[165.86268615722656,164.02757263183594,176.65194702148438,174.6636505126953]",0.848902517712456,TP,IOU_GE_0.50,MATCHED,0.25
002_20200623_123051(1),2,3,"[167.0,190.0,178.0,201.0]",True,0.5526177287101746,"[167.79092407226562,190.57192993164062,178.1861114501953,201.24508666992188]",0.8483721996853218,TP,IOU_GE_0.50,MATCHED,0.25
002_20200623_123052(5),0,3,"[197.0,198.00000000000003,205.0,207.0]",True,0.6822603940963745,"[196.64292907714844,198.26023864746094,205.4727325439453,207.38404846191406]",0.8460219139679687,TP,IOU_GE_0.50,MATCHED,0.25
002_20200623_123052(5),1,3,"[203.0,253.0,210.99999999999997,262.0]",True,0.4932946562767029,"[202.2483673095703,253.18289184570312,211.6142120361328,262.7909851074219]",0.7713073778196763,TP,IOU_GE_0.50,MATCHED,0.25
002_20200623_123052(5),2,3,"[200.00000000000003,222.0,210.0,230.00000000000003]",True,0.5653563737869263,"[198.64016723632812,221.1439208984375,208.1532440185547,230.75521850585938]",0.6141395135899106,TP,IOU_GE_0.50,MATCHED,0.25
002_20200623_123055(5),0,3,"[141.0,127.99999999999999,157.0,138.0]",True,0.5774811506271362,"[142.09681701660156,128.428466796875,153.1853485107422,139.3592529296875]",0.6062315805920021,TP,IOU_GE_0.50,MATCHED,0.25
002_20200623_123055(5),1,3,"[148.0,181.0,160.0,195.99999999999997]",True,0.6437613368034363,"[147.91835021972656,184.51754760742188,158.74566650390625,194.91781616210938]",0.6179614287485042,TP,IOU_GE_0.50,MATCHED,0.25
002_20200623_123100(0),0,3,"[145.0,131.0,154.99999999999997,142.0]",True,0.5883998274803162,"[144.49468994140625,132.58851623535156,155.7507781982422,143.5339813232422]",0.6766553972001602,TP,IOU_GE_0.50,MATCHED,0.25
002_20200623_123100(0),1,3,"[146.0,156.0,156.0,166.0]",True,0.5970609784126282,"[144.38198852539062,155.7904815673828,155.23312377929688,166.3088836669922]",0.7580227439155741,TP,IOU_GE_0.50,MATCHED,0.25
002_20200623_123100(0),2,3,"[146.0,189.00000000000003,154.0,199.0]",True,0.6214516162872314,"[144.71141052246094,188.37664794921875,155.61032104492188,198.7110595703125]",0.6758731509184447,TP,IOU_GE_0.50,MATCHED,0.25
002_20200623_123104(5),0,3,"[152.0,126.0,162.0,135.0]",True,0.6148249506950378,"[151.0382843017578,125.2508544921875,162.2936553955078,136.08740234375]",0.7378901923135879,TP,IOU_GE_0.50,MATCHED,0.25
002_20200623_123104(5),1,3,"[154.0,148.0,164.0,159.0]",True,0.6266361474990845,"[153.58743286132812,149.02825927734375,164.87118530273438,160.0705108642578]",0.739301188967263,TP,IOU_GE_0.50,MATCHED,0.25
002_20200623_123104(5),2,3,"[157.99999999999997,182.00000000000003,166.99999999999997,192.0]",True,0.594795823097229,"[157.07241821289062,181.14239501953125,168.0902099609375,192.11805725097656]",0.744247212398588,TP,IOU_GE_0.50,MATCHED,0.25
002_20200623_203033(6),0,3,"[145.0,144.0,158.0,159.0]",True,0.6057077050209045,"[144.59039306640625,145.24160766601562,156.18032836914062,156.3676300048828]",0.6233426978156088,TP,IOU_GE_0.50,MATCHED,0.25
002_20200623_203033(6),1,3,"[147.0,166.99999999999997,158.0,180.0]",True,0.5917055010795593,"[147.26763916015625,168.361328125,158.43975830078125,179.88201904296875]",0.8350596712695144,TP,IOU_GE_0.50,MATCHED,0.25
002_20200623_203033(6),2,3,"[150.0,200.00000000000003,164.0,212.00000000000003]",True,0.6175423860549927,"[149.7576446533203,200.66810607910156,160.89309692382812,211.45541381835938]",0.6887297621097769,TP,IOU_GE_0.50,MATCHED,0.25
002_20200623_203038(0),0,3,"[147.0,146.0,158.0,156.0]",True,0.6128209233283997,"[146.74765014648438,145.6865234375,157.998291015625,156.5667266845703]",0.8983597968170715,TP,IOU_GE_0.50,MATCHED,0.25
002_20200623_203038(0),1,3,"[149.0,169.0,160.0,180.0]",True,0.5558807253837585,"[148.50933837890625,168.71514892578125,159.8773193359375,179.92703247070312]",0.9171075316138532,TP,IOU_GE_0.50,MATCHED,0.25
002_20200623_203038(0),2,3,"[152.0,200.00000000000003,163.0,212.00000000000003]",True,0.6181791424751282,"[151.3733367919922,201.05540466308594,162.25221252441406,211.64614868164062]",0.7831869696244954,TP,IOU_GE_0.50,MATCHED,0.25
002_20200623_203042(5),0,3,"[151.99999999999997,146.0,160.99999999999997,157.0]",True,0.6542831659317017,"[151.38885498046875,145.74354553222656,162.3091278076172,156.39097595214844]",0.7680958022963237,TP,IOU_GE_0.50,MATCHED,0.25
002_20200623_203042(5),1,3,"[153.0,168.00000000000003,163.0,178.0]",True,0.5203199982643127,"[152.63551330566406,168.61880493164062,164.0077362060547,179.8543701171875]",0.7002909044730636,TP,IOU_GE_0.50,MATCHED,0.25
002_20200623_203042(5),2,3,"[157.99999999999997,199.99999999999997,165.99999999999997,214.0]",True,0.6280759572982788,"[156.412109375,201.00404357910156,167.0020294189453,211.19210815429688]",0.5889638837685922,TP,IOU_GE_0.50,MATCHED,0.25
002_20200623_203047(0),0,3,"[146.0,145.0,160.0,159.0]",True,0.6231634616851807,"[146.7016143798828,145.52061462402344,157.88233947753906,156.38497924804688]",0.6197524194995283,TP,IOU_GE_0.50,MATCHED,0.25
002_20200623_203047(0),1,3,"[150.0,169.0,160.0,178.99999999999997]",True,0.5635864734649658,"[148.5007781982422,168.629150390625,160.01300048828125,179.977783203125]",0.7654155634473775,TP,IOU_GE_0.50,MATCHED,0.25
002_20200623_203047(0),2,3,"[153.0,201.00000000000003,164.0,211.0]",True,0.6248785257339478,"[152.21347045898438,200.86390686035156,163.19366455078125,211.36549377441406]",0.8262488279028735,TP,IOU_GE_0.50,MATCHED,0.25
002_20200623_203050(0),0,3,"[147.0,130.0,160.0,140.0]",True,0.554235577583313,"[146.60508728027344,130.9122772216797,157.53939819335938,141.76658630371094]",0.6263952480678497,TP,IOU_GE_0.50,MATCHED,0.25
002_20200623_203050(0),1,3,"[151.99999999999997,154.0,160.99999999999997,164.0]",True,0.6621989607810974,"[149.50660705566406,153.63685607910156,160.45555114746094,164.30726623535156]",0.6915236627914271,TP,IOU_GE_0.50,MATCHED,0.25
002_20200623_203050(0),2,3,"[156.0,185.00000000000003,165.0,196.0]",True,0.6962444186210632,"[153.5204315185547,185.42237854003906,164.50872802734375,196.4560546875]",0.6910523371556322,TP,IOU_GE_0.50,MATCHED,0.25
002_20200623_203054(6),0,3,"[148.0,144.0,157.0,156.0]",True,0.5977060198783875,"[146.9615936279297,145.096923828125,158.14122009277344,156.11029052734375]",0.7378152375269145,TP,IOU_GE_0.50,MATCHED,0.25
002_20200623_203054(6),1,3,"[150.0,168.00000000000003,158.0,178.0]",True,0.5549201369285583,"[149.1826629638672,168.2014617919922,160.0655517578125,178.95767211914062]",0.6605551888884875,TP,IOU_GE_0.50,MATCHED,0.25
002_20200623_203054(6),2,3,"[153.0,200.00000000000003,164.0,212.00000000000003]",True,0.6419357061386108,"[152.38372802734375,200.49635314941406,162.94073486328125,210.6346893310547]",0.7289981195320385,TP,IOU_GE_0.50,MATCHED,0.25
002_20200624_123122(6),0,3,"[194.0,147.0,205.0,156.0]",True,0.6325346827507019,"[194.58670043945312,145.92117309570312,204.22836303710938,155.51528930664062]",0.7504596150111861,TP,IOU_GE_0.50,MATCHED,0.25
002_20200624_123122(6),1,3,"[198.0,169.0,207.00000000000003,177.00000000000003]",True,0.5756329298019409,"[197.39390563964844,169.9615478515625,206.0541534423828,179.08778381347656]",0.6008559791300659,TP,IOU_GE_0.50,MATCHED,0.25
002_20200624_123122(6),2,3,"[201.0,201.0,207.99999999999997,211.99999999999997]",True,0.5767123699188232,"[201.71575927734375,201.80435180664062,210.28530883789062,210.89324951171875]",0.5841901704475322,TP,IOU_GE_0.50,MATCHED,0.25
002_20200624_123126(4),0,3,"[193.0,129.0,199.99999999999997,136.0]",True,0.6321872472763062,"[191.45559692382812,128.33384704589844,200.6444549560547,137.6373291015625]",0.5731773417489568,TP,IOU_GE_0.50,MATCHED,0.25
002_20200624_123126(4),1,3,"[199.0,184.99999999999997,205.0,192.0]",True,0.5992873311042786,"[197.04820251464844,184.5160675048828,205.9323272705078,193.87342834472656]",0.5052208494897013,TP,IOU_GE_0.50,MATCHED,0.25
002_20200624_123126(4),2,3,"[195.0,153.0,203.0,161.0]",True,0.5411149859428406,"[193.4871368408203,152.02841186523438,202.23974609375,161.34169006347656]",0.6611827740523508,TP,IOU_GE_0.50,MATCHED,0.25
002_20200624_123129(9),0,3,"[189.00000000000003,175.0,195.99999999999997,183.99999999999997]",True,0.6013704538345337,"[188.36383056640625,174.6795196533203,196.95932006835938,183.7711639404297]",0.7698925226754757,TP,IOU_GE_0.50,MATCHED,0.25
002_20200624_123129(9),1,3,"[191.00000000000003,198.00000000000003,198.0,208.0]",True,0.5965460538864136,"[190.68716430664062,198.5885009765625,199.87901306152344,207.95501708984375]",0.7242419357066137,TP,IOU_GE_0.50,MATCHED,0.25
002_20200624_123129(9),2,3,"[194.0,231.0,203.00000000000003,239.00000000000003]",True,0.4905809164047241,"[194.21234130859375,230.2271728515625,203.20046997070312,239.6338348388672]",0.8151153581623197,TP,IOU_GE_0.50,MATCHED,0.25
002_20200624_123133(0),0,3,"[203.0,169.0,212.0,178.99999999999997]",False,0.04618788883090019,"[200.98585510253906,168.29469299316406,210.21041870117188,177.81546020507812]",0.5562942243960701,FN,NOT_MATCHED,LOW_CONFIDENCE,0.25
002_20200624_123133(0),1,3,"[203.00000000000003,190.99999999999997,213.0,199.0]",True,0.5355956554412842,"[202.00782775878906,189.744873046875,211.38323974609375,199.31057739257812]",0.6535588055602739,TP,IOU_GE_0.50,MATCHED,0.25
002_20200624_123133(0),2,3,"[207.00000000000003,216.99999999999997,214.0,225.0]",False,0.04057833552360535,"[205.80484008789062,215.76046752929688,214.35142517089844,224.4686279296875]",0.6690208908098322,FN,NOT_MATCHED,LOW_CONFIDENCE,0.25
002_20200624_123136(5),0,3,"[207.99999999999997,154.0,217.0,163.0]",True,0.5321400165557861,"[206.7174835205078,153.52191162109375,214.9727020263672,162.23818969726562]",0.6014138398230988,TP,IOU_GE_0.50,MATCHED,0.25
002_20200624_123136(5),1,3,"[212.0,175.0,220.0,183.99999999999997]",True,0.5139163136482239,"[211.4242706298828,174.86837768554688,220.53465270996094,184.52560424804688]",0.8183582876772693,TP,IOU_GE_0.50,MATCHED,0.25
002_20200624_123136(5),2,3,"[217.99999999999997,201.00000000000003,227.0,210.0]",True,0.5224688649177551,"[216.82028198242188,200.71046447753906,226.1025390625,210.52163696289062]",0.7355025457515244,TP,IOU_GE_0.50,MATCHED,0.25
002_20200624_123143(7),0,3,"[201.0,168.00000000000003,212.0,178.0]",True,0.5985853672027588,"[201.49403381347656,167.4984130859375,209.98654174804688,176.31100463867188]",0.617726580612572,TP,IOU_GE_0.50,MATCHED,0.25
002_20200624_123143(7),1,3,"[203.00000000000003,189.0,213.0,199.99999999999997]",True,0.5635170936584473,"[202.75311279296875,189.56494140625,212.107421875,199.06417846679688]",0.7700687569743694,TP,IOU_GE_0.50,MATCHED,0.25
002_20200624_123143(7),2,3,"[205.0,216.0,214.00000000000003,225.99999999999997]",True,0.5150772929191589,"[204.96163940429688,216.11380004882812,213.2057342529297,224.83924865722656]",0.7925935647352588,TP,IOU_GE_0.50,MATCHED,0.25
002_20200624_203012(9),0,3,"[194.0,122.0,203.00000000000003,133.0]",True,0.5779657959938049,"[193.27847290039062,123.37954711914062,202.75624084472656,132.917236328125]",0.7887510574946112,TP,IOU_GE_0.50,MATCHED,0.25
002_20200624_203012(9),1,3,"[193.0,148.0,203.0,158.0]",True,0.5236119627952576,"[193.5590057373047,147.6028594970703,202.6777801513672,157.10406494140625]",0.80116546085794,TP,IOU_GE_0.50,MATCHED,0.25
002_20200624_203012(9),2,3,"[193.0,180.00000000000003,204.0,190.0]",True,0.5711047649383545,"[194.16131591796875,180.03536987304688,203.38829040527344,189.478759765625]",0.7921265237499051,TP,IOU_GE_0.50,MATCHED,0.25
002_20200624_203111(4),0,3,"[166.0,145.0,178.0,154.0]",True,0.6247340440750122,"[165.02752685546875,144.05599975585938,176.2847900390625,155.19798278808594]",0.6571045198893474,TP,IOU_GE_0.50,MATCHED,0.25
002_20200624_203111(4),1,3,"[168.00000000000003,166.0,177.0,177.0]",True,0.6345484256744385,"[167.2284393310547,167.28602600097656,178.23475646972656,177.91146850585938]",0.6802438017628052,TP,IOU_GE_0.50,MATCHED,0.25
002_20200624_203111(4),2,3,"[170.0,193.0,180.99999999999997,204.0]",True,0.5388543009757996,"[169.9586639404297,193.30844116210938,180.0625762939453,203.2724609375]",0.825814695438563,TP,IOU_GE_0.50,MATCHED,0.25
002_20200624_203114(3),0,3,"[153.0,134.0,160.99999999999997,144.0]",True,0.6115745306015015,"[149.82183837890625,134.6936492919922,160.73252868652344,145.35049438476562]",0.578879548099889,TP,IOU_GE_0.50,MATCHED,0.25
002_20200624_203114(3),1,3,"[157.99999999999997,156.0,165.99999999999997,166.0]",True,0.6140446066856384,"[155.88600158691406,156.06744384765625,166.3163604736328,166.5120391845703]",0.7257959276860937,TP,IOU_GE_0.50,MATCHED,0.25
002_20200624_203114(3),2,3,"[164.0,180.00000000000003,176.0,190.0]",False,0.17755669355392456,"[163.53244018554688,180.43907165527344,174.42507934570312,191.405517578125]",0.7130731442026433,FN,NOT_MATCHED,LOW_CONFIDENCE,0.25
002_20200624_203117(3),0,3,"[152.0,121.00000000000001,163.0,132.0]",True,0.5892051458358765,"[151.39639282226562,122.04525756835938,162.07559204101562,132.43719482421875]",0.7617080629902366,TP,IOU_GE_0.50,MATCHED,0.25
002_20200624_203117(3),1,3,"[157.99999999999997,142.0,166.99999999999997,153.0]",True,0.5367695093154907,"[156.74850463867188,143.03607177734375,168.48948669433594,154.46560668945312]",0.6248343250684296,TP,IOU_GE_0.50,MATCHED,0.25
002_20200624_203117(3),2,3,"[164.0,167.0,177.0,178.0]",True,0.5673373937606812,"[163.8128204345703,168.37258911132812,174.66542053222656,179.2003631591797]",0.6505794901182043,TP,IOU_GE_0.50,MATCHED,0.25
002_20200624_203120(3),0,3,"[161.00000000000003,125.0,172.0,133.0]",True,0.5704185366630554,"[159.39724731445312,123.21092987060547,170.31088256835938,134.41427612304688]",0.548577610087932,TP,IOU_GE_0.50,MATCHED,0.25
002_20200624_203120(3),1,3,"[165.0,146.0,176.0,153.0]",True,0.5665864944458008,"[164.4573211669922,144.7498321533203,176.6044464111328,156.3592071533203]",0.5460197804980972,TP,IOU_GE_0.50,MATCHED,0.25
002_20200624_203120(3),2,3,"[172.0,170.0,182.0,178.99999999999997]",True,0.6185662150382996,"[170.74713134765625,170.21702575683594,181.8510284423828,181.0890655517578]",0.6966252332499392,TP,IOU_GE_0.50,MATCHED,0.25
002_20200624_203123(3),0,3,"[153.0,134.0,164.0,147.0]",True,0.6662254333496094,"[152.36961364746094,136.35171508789062,162.69268798828125,147.05593872070312]",0.6867423516544889,TP,IOU_GE_0.50,MATCHED,0.25
002_20200624_203123(3),1,3,"[157.0,158.0,167.99999999999997,166.99999999999997]",True,0.60123211145401,"[156.43753051757812,157.8245086669922,168.02182006835938,168.84042358398438]",0.7757918581899161,TP,IOU_GE_0.50,MATCHED,0.25
002_20200624_203123(3),2,3,"[163.0,182.00000000000003,173.99999999999997,194.00000000000003]",True,0.6046009063720703,"[161.39169311523438,183.6304473876953,172.72744750976562,194.5157012939453]",0.652777204672832,TP,IOU_GE_0.50,MATCHED,0.25
002_20200624_203126(3),0,3,"[159.0,133.0,170.0,141.0]",True,0.5992414355278015,"[157.9459228515625,131.6748046875,168.97341918945312,142.7545623779297]",0.6118913882095922,TP,IOU_GE_0.50,MATCHED,0.25
002_20200624_203126(3),1,3,"[165.0,151.0,174.99999999999997,164.0]",True,0.6525575518608093,"[164.299560546875,153.10411071777344,175.31748962402344,164.15135192871094]",0.7632375164044656,TP,IOU_GE_0.50,MATCHED,0.25
002_20200624_203126(3),2,3,"[171.0,175.0,180.99999999999997,187.0]",True,0.5905177593231201,"[170.1361083984375,177.66477966308594,181.1726531982422,188.718994140625]",0.6280079231910369,TP,IOU_GE_0.50,MATCHED,0.25
002_20200625_003116(4),0,3,"[196.00000000000003,168.0,206.0,178.99999999999997]",True,0.6612861752510071,"[196.52734375,169.36773681640625,205.75241088867188,178.83160400390625]",0.7936800926923795,TP,IOU_GE_0.50,MATCHED,0.25
002_20200625_003116(4),1,3,"[201.0,195.00000000000003,207.99999999999997,204.0]",True,0.6384199857711792,"[199.43150329589844,193.84666442871094,209.0433349609375,203.55731201171875]",0.6211500906696088,TP,IOU_GE_0.50,MATCHED,0.25
002_20200625_003116(4),2,3,"[203.0,227.00000000000003,215.0,236.0]",True,0.5527552962303162,"[203.48684692382812,225.36325073242188,212.98931884765625,235.07330322265625]",0.6209176256282896,TP,IOU_GE_0.50,MATCHED,0.25
002_20200625_003120(7),0,3,"[193.0,112.00000000000001,207.00000000000003,123.0]",True,0.6450610160827637,"[194.2584991455078,111.80594635009766,204.03610229492188,121.68087005615234]",0.6071667516545826,TP,IOU_GE_0.50,MATCHED,0.25
002_20200625_003120(7),1,3,"[195.99999999999997,136.0,205.0,147.0]",True,0.6536316275596619,"[195.9396209716797,136.30487060546875,205.18115234375,145.8816680908203]",0.850740722465153,TP,IOU_GE_0.50,MATCHED,0.25
002_20200625_003120(7),2,3,"[197.0,166.0,208.0,178.0]",True,0.5222892761230469,"[198.15707397460938,169.00901794433594,206.8506622314453,178.10658264160156]",0.5880230479320661,TP,IOU_GE_0.50,MATCHED,0.25
002_20200625_003125(4),0,3,"[198.0,135.0,207.99999999999997,146.0]",True,0.6087775826454163,"[198.75030517578125,135.50428771972656,208.3302001953125,145.31520080566406]",0.8013802566050445,TP,IOU_GE_0.50,MATCHED,0.25
002_20200625_003125(4),1,3,"[201.0,160.0,210.00000000000003,170.0]",True,0.5255595445632935,"[201.5815887451172,160.33509826660156,210.5697784423828,169.7266845703125]",0.8291694214837323,TP,IOU_GE_0.50,MATCHED,0.25
002_20200625_003125(4),2,3,"[205.0,191.00000000000003,214.99999999999997,201.0]",True,0.5720661878585815,"[205.40774536132812,192.33749389648438,214.0022430419922,201.4104766845703]",0.7191291536506004,TP,IOU_GE_0.50,MATCHED,0.25
002_20200625_003130(0),0,3,"[194.0,113.0,203.99999999999997,122.0]",True,0.5838828682899475,"[193.33213806152344,112.0330810546875,203.00335693359375,121.87165069580078]",0.7587141709057914,TP,IOU_GE_0.50,MATCHED,0.25
002_20200625_003130(0),1,3,"[195.99999999999997,136.0,205.0,146.0]",True,0.6164529323577881,"[194.55575561523438,136.37005615234375,204.166259765625,146.09181213378906]",0.750456703041419,TP,IOU_GE_0.50,MATCHED,0.25
002_20200625_003130(0),2,3,"[199.0,169.0,208.0,177.99999999999997]",True,0.5243688821792603,"[197.4849853515625,168.9189910888672,206.8413543701172,178.5618438720703]",0.701165023922231,TP,IOU_GE_0.50,MATCHED,0.25
002_20200625_003134(4),0,3,"[198.0,132.0,207.99999999999997,144.0]",True,0.612450897693634,"[198.16574096679688,133.76272583007812,207.53729248046875,143.25784301757812]",0.7415331654250643,TP,IOU_GE_0.50,MATCHED,0.25
002_20200625_003134(4),1,3,"[199.99999999999997,157.0,209.0,168.0]",True,0.5559348464012146,"[198.8167724609375,157.84744262695312,208.04632568359375,167.35528564453125]",0.6939069562433338,TP,IOU_GE_0.50,MATCHED,0.25
002_20200625_003134(4),2,3,"[201.0,189.0,210.99999999999997,199.99999999999997]",True,0.5605599284172058,"[202.18458557128906,190.66839599609375,210.73590087890625,199.64450073242188]",0.6977954712230751,TP,IOU_GE_0.50,MATCHED,0.25
002_20200625_003139(0),0,3,"[198.0,162.0,207.99999999999997,172.0]",True,0.5551203489303589,"[197.84364318847656,162.93028259277344,207.8681182861328,172.87930297851562]",0.8119285322183816,TP,IOU_GE_0.50,MATCHED,0.25
002_20200625_003139(0),1,3,"[199.0,189.00000000000003,210.0,198.0]",True,0.5985260009765625,"[200.4805450439453,188.07681274414062,209.6863250732422,197.83802795410156]",0.7568554077229491,TP,IOU_GE_0.50,MATCHED,0.25
002_20200625_003139(0),2,3,"[204.0,219.99999999999997,214.0,228.0]",True,0.5638775825500488,"[203.312744140625,219.15933227539062,212.738037109375,228.88658142089844]",0.686831947694919,TP,IOU_GE_0.50,MATCHED,0.25
002_20200629_082823(5),0,3,"[150.0,144.0,160.0,153.0]",True,0.6333673000335693,"[149.45120239257812,144.15846252441406,161.26409912109375,155.74560546875]",0.63855174991501,TP,IOU_GE_0.50,MATCHED,0.25
002_20200629_082823(5),1,3,"[151.0,168.00000000000003,162.0,178.0]",True,0.551681637763977,"[151.4899444580078,168.26022338867188,162.65725708007812,179.31387329101562]",0.7809757530882901,TP,IOU_GE_0.50,MATCHED,0.25
002_20200629_082823(5),2,3,"[154.0,201.00000000000003,164.0,211.0]",True,0.5747278928756714,"[153.28150939941406,200.4868621826172,164.56349182128906,211.38259887695312]",0.8135007950327302,TP,IOU_GE_0.50,MATCHED,0.25
002_20200629_082828(5),0,3,"[153.0,155.0,164.0,166.0]",True,0.6423606276512146,"[152.25509643554688,156.41224670410156,163.7239532470703,167.6703643798828]",0.6980260102152169,TP,IOU_GE_0.50,MATCHED,0.25
002_20200629_082828(5),1,3,"[156.0,181.0,165.0,190.99999999999997]",True,0.5857015252113342,"[154.64276123046875,180.7455291748047,165.66397094726562,191.71324157714844]",0.7445556939815205,TP,IOU_GE_0.50,MATCHED,0.25
002_20200629_082828(5),2,3,"[160.0,213.0,169.0,223.99999999999997]",True,0.6465447545051575,"[158.10671997070312,213.1649627685547,168.9891357421875,223.72329711914062]",0.7976333604368797,TP,IOU_GE_0.50,MATCHED,0.25
002_20200629_082831(3),0,3,"[149.0,142.0,159.0,152.0]",True,0.6191281080245972,"[149.101318359375,141.89797973632812,160.97804260253906,153.2120819091797]",0.7311362050660666,TP,IOU_GE_0.50,MATCHED,0.25
002_20200629_082831(3),1,3,"[151.0,168.00000000000003,162.0,177.0]",True,0.5959779024124146,"[150.5760040283203,165.1953125,162.04150390625,176.59194946289062]",0.6992731189655047,TP,IOU_GE_0.50,MATCHED,0.25
002_20200629_082831(3),2,3,"[154.0,199.0,163.0,211.0]",True,0.6043049693107605,"[152.39889526367188,197.96739196777344,163.19595336914062,209.0826416015625]",0.6610690607383838,TP,IOU_GE_0.50,MATCHED,0.25
002_20200629_082834(2),0,3,"[145.0,138.0,156.0,148.00000000000003]",True,0.6261036396026611,"[144.4043426513672,137.93035888671875,156.0939483642578,149.04275512695312]",0.8468082949503027,TP,IOU_GE_0.50,MATCHED,0.25
002_20200629_082834(2),1,3,"[146.0,162.0,155.0,171.0]",True,0.6326220035552979,"[144.9532012939453,160.89590454101562,156.60946655273438,172.29295349121094]",0.6097238500776743,TP,IOU_GE_0.50,MATCHED,0.25
002_20200629_082834(2),2,3,"[148.0,194.00000000000003,156.0,205.0]",True,0.6549111008644104,"[146.22984313964844,194.19300842285156,157.15969848632812,205.2533721923828]",0.7061532989190722,TP,IOU_GE_0.50,MATCHED,0.25
002_20200629_082837(0),0,3,"[149.0,142.0,158.0,152.0]",True,0.6192992925643921,"[146.15655517578125,140.89321899414062,157.75244140625,152.1185302734375]",0.6598493844300299,TP,IOU_GE_0.50,MATCHED,0.25
002_20200629_082837(0),1,3,"[150.0,166.0,158.0,174.00000000000003]",True,0.5479574799537659,"[148.68080139160156,164.2896728515625,159.77015686035156,175.21290588378906]",0.5283509226574942,TP,IOU_GE_0.50,MATCHED,0.25
002_20200629_082837(0),2,3,"[154.0,198.00000000000003,162.0,208.0]",True,0.595104455947876,"[152.28713989257812,197.0596160888672,163.4714813232422,207.8065185546875]",0.6443979384279865,TP,IOU_GE_0.50,MATCHED,0.25
002_20200629_082839(9),0,3,"[154.0,142.0,165.0,152.0]",True,0.6109978556632996,"[152.60084533691406,140.78945922851562,164.62973022460938,152.29315185546875]",0.7481547848376728,TP,IOU_GE_0.50,MATCHED,0.25
002_20200629_082839(9),1,3,"[153.0,166.0,164.0,173.0]",True,0.5146359205245972,"[152.6811065673828,164.04763793945312,164.1167755126953,175.16510009765625]",0.6056524675492354,TP,IOU_GE_0.50,MATCHED,0.25
002_20200629_082839(9),2,3,"[154.0,198.00000000000003,162.0,208.0]",True,0.5733135938644409,"[152.46499633789062,197.2377471923828,163.56768798828125,207.97021484375]",0.6680347453979452,TP,IOU_GE_0.50,MATCHED,0.25
002_20200714_123109(8),0,3,"[192.99999999999997,168.0,202.0,175.0]",True,0.561253547668457,"[193.42379760742188,167.08177185058594,203.039794921875,176.7506103515625]",0.6257254276016692,TP,IOU_GE_0.50,MATCHED,0.25
002_20200714_123109(8),1,3,"[199.0,190.0,206.99999999999997,198.99999999999997]",True,0.5587838888168335,"[198.85353088378906,190.41098022460938,208.43832397460938,200.14273071289062]",0.7115663286654358,TP,IOU_GE_0.50,MATCHED,0.25
002_20200714_123109(8),2,3,"[206.00000000000003,222.0,216.0,230.00000000000003]",True,0.5213890671730042,"[205.89125061035156,221.11370849609375,214.9938507080078,230.4489288330078]",0.7734652069248152,TP,IOU_GE_0.50,MATCHED,0.25
002_20200714_123113(1),0,3,"[200.00000000000003,92.0,208.0,99.99999999999999]",True,0.584503710269928,"[198.86924743652344,90.11013793945312,208.4163055419922,99.8815689086914]",0.6690929115373351,TP,IOU_GE_0.50,MATCHED,0.25
002_20200714_123113(1),1,3,"[199.0,116.0,210.0,124.0]",True,0.6075488328933716,"[200.2405548095703,114.35330200195312,209.3040771484375,123.75299835205078]",0.6827257992839993,TP,IOU_GE_0.50,MATCHED,0.25
002_20200714_123113(1),2,3,"[202.0,148.0,211.99999999999997,156.0]",True,0.5473932027816772,"[201.92529296875,146.58724975585938,211.1948699951172,156.1964111328125]",0.7701387833911733,TP,IOU_GE_0.50,MATCHED,0.25
002_20200714_123117(3),0,3,"[200.00000000000003,143.0,208.0,151.0]",True,0.643640398979187,"[199.67662048339844,142.35984802246094,209.1467742919922,151.94830322265625]",0.7048136362560719,TP,IOU_GE_0.50,MATCHED,0.25
002_20200714_123117(3),1,3,"[201.0,165.99999999999997,210.99999999999997,174.99999999999997]",True,0.5221326947212219,"[201.41787719726562,167.13294982910156,209.9026336669922,176.06309509277344]",0.6741055890224781,TP,IOU_GE_0.50,MATCHED,0.25
002_20200714_123117(3),2,3,"[204.0,198.00000000000003,212.0,208.0]",True,0.5713880062103271,"[203.58108520507812,198.73533630371094,212.6328887939453,208.0426788330078]",0.8223293833460288,TP,IOU_GE_0.50,MATCHED,0.25
002_20200714_123120(4),0,3,"[197.0,141.0,206.99999999999997,149.0]",True,0.5495530366897583,"[197.93898010253906,139.3453369140625,207.5542449951172,149.16259765625]",0.7113139652108135,TP,IOU_GE_0.50,MATCHED,0.25
002_20200714_123120(4),1,3,"[201.0,164.0,209.0,174.0]",True,0.567216157913208,"[200.92698669433594,163.7506561279297,209.70750427246094,172.8711700439453]",0.7963931651703859,TP,IOU_GE_0.50,MATCHED,0.25
002_20200714_123120(4),2,3,"[205.0,195.00000000000003,214.00000000000003,204.0]",True,0.5810607671737671,"[204.62892150878906,195.31829833984375,213.5496063232422,204.59182739257812]",0.8293208993846519,TP,IOU_GE_0.50,MATCHED,0.25
002_20200714_123123(5),0,3,"[195.0,164.0,204.0,172.99999999999997]",True,0.6041104197502136,"[195.7735137939453,164.6709442138672,205.19723510742188,174.32386779785156]",0.6623533371108007,TP,IOU_GE_0.50,MATCHED,0.25
002_20200714_123123(5),1,3,"[198.0,189.00000000000003,206.0,198.0]",True,0.617431104183197,"[196.54299926757812,188.88259887695312,205.45037841796875,198.22756958007812]",0.7603651865743724,TP,IOU_GE_0.50,MATCHED,0.25
002_20200714_123123(5),2,3,"[199.0,222.0,208.0,230.00000000000003]",True,0.4668181836605072,"[197.90687561035156,220.11471557617188,207.2874298095703,229.69117736816406]",0.6497962687402453,TP,IOU_GE_0.50,MATCHED,0.25
002_20200714_123126(4),0,3,"[192.0,149.0,201.0,159.0]",True,0.6385298371315002,"[191.84263610839844,150.0955810546875,200.81504821777344,159.2799530029297]",0.8358034460417929,TP,IOU_GE_0.50,MATCHED,0.25
002_20200714_123126(4),1,3,"[193.0,173.0,204.0,181.99999999999997]",True,0.6004483103752136,"[194.63612365722656,173.6573028564453,203.82945251464844,183.30963134765625]",0.6907172824616591,TP,IOU_GE_0.50,MATCHED,0.25
002_20200714_123126(4),2,3,"[199.00000000000003,206.00000000000003,209.0,214.99999999999997]",True,0.5297628045082092,"[198.4925537109375,205.5097198486328,207.6968231201172,215.0579071044922]",0.7857574783164438,TP,IOU_GE_0.50,MATCHED,0.25
002_20200831_203101(4),0,3,"[248.00000000000003,156.0,257.0,165.0]",True,0.5548756718635559,"[246.34686279296875,155.31076049804688,256.668212890625,165.50180053710938]",0.7212066522389857,TP,IOU_GE_0.50,MATCHED,0.25
002_20200831_203105(9),0,3,"[243.0,153.0,251.99999999999997,164.0]",True,0.5324575901031494,"[240.078857421875,153.6800994873047,251.073486328125,164.19700622558594]",0.634501280032269,TP,IOU_GE_0.50,MATCHED,0.25
002_20200901_083204(5),0,3,"[243.0,162.99999999999997,252.99999999999997,171.99999999999997]",True,0.48511430621147156,"[243.76333618164062,162.97634887695312,254.3726348876953,173.254150390625]",0.7171923474401918,TP,IOU_GE_0.50,MATCHED,0.25
002_20200901_123049(7),0,3,"[246.0,144.0,260.0,153.0]",True,0.4246370494365692,"[244.9191131591797,143.00735473632812,256.5738525390625,154.5260772705078]",0.5764654867015397,TP,IOU_GE_0.50,MATCHED,0.25
002_20200901_123052(7),0,3,"[241.00000000000003,155.0,251.0,165.0]",True,0.43616604804992676,"[239.7744903564453,155.66705322265625,251.21168518066406,166.9173126220703]",0.6895827503382643,TP,IOU_GE_0.50,MATCHED,0.25
002_20200901_123100(3),0,3,"[251.0,168.0,260.0,180.0]",True,0.565582275390625,"[252.67684936523438,169.50558471679688,262.4046630859375,179.8573455810547]",0.570442317867157,TP,IOU_GE_0.50,MATCHED,0.25
002_20200901_123104(8),0,3,"[245.0,164.0,255.0,175.0]",True,0.5566509366035461,"[244.8041229248047,164.6386260986328,255.82012939453125,175.67239379882812]",0.8098979316427288,TP,IOU_GE_0.50,MATCHED,0.25
002_20200901_123109(2),0,3,"[249.0,173.0,260.0,184.0]",True,0.5618162751197815,"[248.46865844726562,172.8925323486328,259.3704528808594,183.74240112304688]",0.8711606397512498,TP,IOU_GE_0.50,MATCHED,0.25
002_20200905_083407(3),0,3,"[240.00000000000003,150.0,250.0,159.0]",True,0.4467540979385376,"[239.7620849609375,150.90005493164062,251.2765350341797,161.7202911376953]",0.6063304271363541,TP,IOU_GE_0.50,MATCHED,0.25
002_20200905_083410(5),0,3,"[245.0,157.0,255.0,168.0]",True,0.5400251150131226,"[245.2087860107422,156.27783203125,255.97430419921875,167.20175170898438]",0.7821181599713656,TP,IOU_GE_0.50,MATCHED,0.25
002_20200905_083413(6),0,3,"[247.00000000000003,140.0,255.0,149.0]",True,0.49851396679878235,"[247.1985626220703,139.27442932128906,258.07293701171875,150.23410034179688]",0.5804322788280594,TP,IOU_GE_0.50,MATCHED,0.25
002_20200905_083416(3),0,3,"[246.0,122.0,255.0,131.0]",True,0.4643745720386505,"[243.47781372070312,120.87812042236328,254.84193420410156,131.9228515625]",0.6269084629105783,TP,IOU_GE_0.50,MATCHED,0.25
002_20200905_083419(3),0,3,"[244.0,179.0,251.99999999999997,191.00000000000003]",True,0.5474125742912292,"[242.69686889648438,181.0225067138672,252.8907012939453,191.52093505859375]",0.6478929992340597,TP,IOU_GE_0.50,MATCHED,0.25
002_20200905_083422(4),0,3,"[244.0,173.0,253.99999999999997,184.0]",True,0.5254192352294922,"[241.4864501953125,173.50477600097656,252.7779083251953,184.75396728515625]",0.6358188151176228,TP,IOU_GE_0.50,MATCHED,0.25
002_20200905_163920(4),0,3,"[238.0,157.0,246.99999999999997,168.0]",True,0.450581431388855,"[236.48345947265625,157.58348083496094,246.15701293945312,167.67564392089844]",0.7201940363833521,TP,IOU_GE_0.50,MATCHED,0.25
002_20200905_163924(2),0,3,"[237.0,146.0,245.99999999999997,155.0]",True,0.5789968967437744,"[235.02203369140625,146.15333557128906,244.22933959960938,155.59959411621094]",0.6148445029085473,TP,IOU_GE_0.50,MATCHED,0.25
002_20200905_163928(3),0,3,"[242.00000000000003,138.0,251.0,148.00000000000003]",True,0.5236870050430298,"[240.34339904785156,138.72129821777344,249.1964111328125,147.74737548828125]",0.6189018459743765,TP,IOU_GE_0.50,MATCHED,0.25
002_20200905_163932(3),0,3,"[241.00000000000003,132.0,251.0,144.0]",True,0.5319291353225708,"[241.921630859375,132.9696044921875,251.09487915039062,142.3422088623047]",0.7038504408497556,TP,IOU_GE_0.50,MATCHED,0.25
002_20200905_163936(3),0,3,"[247.00000000000003,135.0,257.0,145.00000000000003]",True,0.5070106983184814,"[248.77500915527344,135.15017700195312,257.74139404296875,144.36134338378906]",0.709186508218918,TP,IOU_GE_0.50,MATCHED,0.25
002_20200905_163940(2),0,3,"[246.0,166.0,253.99999999999997,174.00000000000003]",True,0.43488991260528564,"[246.78233337402344,165.4092254638672,255.91497802734375,174.99029541015625]",0.615847286350125,TP,IOU_GE_0.50,MATCHED,0.25
002_20200907_204635(5),0,3,"[239.0,109.99999999999999,250.0,120.0]",True,0.48038727045059204,"[241.27110290527344,110.77660369873047,250.40464782714844,119.80584716796875]",0.6934693918811897,TP,IOU_GE_0.50,MATCHED,0.25
002_20200907_204640(0),0,3,"[248.00000000000003,172.0,258.0,181.99999999999997]",True,0.5693252086639404,"[250.8875732421875,173.54879760742188,259.5167236328125,182.38267517089844]",0.5176403956524231,TP,IOU_GE_0.50,MATCHED,0.25
002_20200907_204644(5),0,3,"[246.0,140.0,256.0,151.0]",False,0.005897514522075653,"[245.71630859375,139.59970092773438,257.5052490234375,152.2592010498047]",0.7370574744016274,FN,NOT_MATCHED,LOW_CONFIDENCE,0.25
002_20200907_204649(0),0,3,"[238.0,105.0,248.0,115.00000000000001]",True,0.4709545075893402,"[237.8577423095703,106.22388458251953,247.26919555664062,115.7814712524414]",0.7490340296671778,TP,IOU_GE_0.50,MATCHED,0.25
002_20200907_204653(4),0,3,"[243.0,122.0,252.99999999999997,134.0]",True,0.5726035237312317,"[243.34324645996094,123.38167572021484,252.19776916503906,132.6846160888672]",0.6864424726518357,TP,IOU_GE_0.50,MATCHED,0.25
001_20200623_043227(1),0,4,"[341.00000000000006,148.0,354.0,161.0]",True,0.5874885320663452,"[340.2871398925781,149.03514099121094,352.44757080078125,161.66502380371094]",0.7379126184416163,TP,IOU_GE_0.50,MATCHED,0.25
001_20200623_043227(1),1,4,"[342.0,179.99999999999997,356.0,194.0]",True,0.6154589653015137,"[342.55023193359375,181.91073608398438,355.0265197753906,193.85122680664062]",0.7600663225926747,TP,IOU_GE_0.50,MATCHED,0.25
001_20200623_043227(1),2,4,"[346.00000000000006,229.00000000000003,358.0,237.99999999999997]",True,0.6153546571731567,"[345.19708251953125,227.15567016601562,357.677978515625,239.71469116210938]",0.6583427587243551,TP,IOU_GE_0.50,MATCHED,0.25
001_20200623_043231(6),0,4,"[350.00000000000006,150.0,362.0,163.0]",True,0.5903715491294861,"[349.248779296875,151.05213928222656,361.6629943847656,162.98976135253906]",0.8439733607878467,TP,IOU_GE_0.50,MATCHED,0.25
001_20200623_043231(6),1,4,"[351.0,184.00000000000003,362.99999999999994,195.0]",True,0.635704517364502,"[349.962646484375,183.596923828125,363.0499267578125,196.667236328125]",0.7716823313761513,TP,IOU_GE_0.50,MATCHED,0.25
001_20200623_043231(6),2,4,"[351.0,228.99999999999997,365.0,240.0]",True,0.6023430228233337,"[351.7679748535156,228.8516845703125,364.56805419921875,241.68707275390625]",0.7932751267249644,TP,IOU_GE_0.50,MATCHED,0.25
001_20200623_043236(1),0,4,"[348.0,142.0,360.99999999999994,153.0]",True,0.6081616878509521,"[346.0285949707031,142.24490356445312,358.60443115234375,155.04116821289062]",0.6006765120400277,TP,IOU_GE_0.50,MATCHED,0.25
001_20200623_043236(1),1,4,"[348.0,175.0,360.99999999999994,187.0]",True,0.6468383073806763,"[346.28155517578125,175.60946655273438,358.699951171875,188.26803588867188]",0.6370349705529651,TP,IOU_GE_0.50,MATCHED,0.25
001_20200623_043236(1),2,4,"[350.00000000000006,219.0,362.0,233.0]",True,0.6362127661705017,"[349.2746887207031,220.7532501220703,362.0399169921875,233.6019287109375]",0.7941463190820225,TP,IOU_GE_0.50,MATCHED,0.25
001_20200623_043240(6),0,4,"[346.00000000000006,150.0,358.0,164.0]",True,0.5930536985397339,"[345.45452880859375,152.89710998535156,357.8302917480469,165.06243896484375]",0.7016402813021478,TP,IOU_GE_0.50,MATCHED,0.25
001_20200623_043240(6),1,4,"[351.0,232.0,362.00000000000006,242.0]",True,0.6033467650413513,"[349.8261413574219,231.43386840820312,362.8314514160156,243.7794189453125]",0.6851119029599819,TP,IOU_GE_0.50,MATCHED,0.25
001_20200623_043240(6),2,4,"[349.0,186.00000000000003,360.99999999999994,198.0]",True,0.6270591020584106,"[347.0182189941406,184.62686157226562,359.77838134765625,197.54002380371094]",0.6745589301557201,TP,IOU_GE_0.50,MATCHED,0.25
001_20200623_043245(2),0,4,"[350.0,155.99999999999997,361.0,168.0]",True,0.6199042201042175,"[350.1702575683594,155.6383056640625,362.7504577636719,168.28115844726562]",0.8067212307884382,TP,IOU_GE_0.50,MATCHED,0.25
001_20200623_043245(2),1,4,"[351.0,191.0,362.99999999999994,201.0]",True,0.6062241792678833,"[350.32818603515625,189.39468383789062,362.8006896972656,201.298583984375]",0.7842837656851065,TP,IOU_GE_0.50,MATCHED,0.25
001_20200623_043245(2),2,4,"[355.0,236.0,364.0,249.00000000000003]",True,0.6208515167236328,"[352.58258056640625,234.50424194335938,364.9930114746094,246.93301391601562]",0.5692654271514533,TP,IOU_GE_0.50,MATCHED,0.25
001_20200623_043249(6),0,4,"[345.0,154.0,358.0,169.0]",True,0.6049109697341919,"[344.24969482421875,155.4183349609375,356.5743713378906,167.64947509765625]",0.6933577091730407,TP,IOU_GE_0.50,MATCHED,0.25
001_20200623_043249(6),1,4,"[346.0,191.00000000000003,357.00000000000006,203.0]",True,0.5958756804466248,"[344.0376892089844,189.0279541015625,356.3619689941406,200.580078125]",0.5669143038336065,TP,IOU_GE_0.50,MATCHED,0.25
001_20200623_043249(6),2,4,"[347.0,236.0,360.0,244.99999999999997]",True,0.6362226605415344,"[346.33685302734375,234.23251342773438,358.8909606933594,246.87042236328125]",0.6346019100633494,TP,IOU_GE_0.50,MATCHED,0.25
001_20200623_163159(5),0,4,"[364.0,157.00000000000003,379.0,169.0]",True,0.63841712474823,"[364.9404296875,155.1589813232422,378.0074462890625,168.12451171875]",0.712371782714721,TP,IOU_GE_0.50,MATCHED,0.25
001_20200623_163159(5),1,4,"[364.0,188.0,378.0,199.99999999999997]",True,0.6151917576789856,"[365.2890930175781,186.5906982421875,378.1480407714844,199.07687377929688]",0.7498702469109707,TP,IOU_GE_0.50,MATCHED,0.25
001_20200623_163159(5),2,4,"[365.0,226.0,380.99999999999994,237.99999999999997]",True,0.6010663509368896,"[366.8288269042969,225.24026489257812,378.4890441894531,236.2382354736328]",0.5943484860100008,TP,IOU_GE_0.50,MATCHED,0.25
001_20200623_163209(3),0,4,"[365.0,158.0,377.0,169.0]",True,0.6233961582183838,"[364.58489990234375,156.38043212890625,377.79345703125,169.45851135253906]",0.764142910857292,TP,IOU_GE_0.50,MATCHED,0.25
001_20200623_163209(3),1,4,"[364.0,188.0,378.0,203.0]",True,0.5888257026672363,"[366.1349792480469,189.994140625,378.0386047363281,201.32962036132812]",0.6391239030268698,TP,IOU_GE_0.50,MATCHED,0.25
001_20200623_163209(3),2,4,"[369.0,226.0,384.00000000000006,239.99999999999997]",True,0.6005521416664124,"[369.58221435546875,225.40541076660156,380.8362731933594,236.874267578125]",0.5647642999402681,TP,IOU_GE_0.50,MATCHED,0.25
001_20200623_163212(9),0,4,"[360.99999999999994,140.0,372.0,152.00000000000003]",True,0.6600319743156433,"[360.40570068359375,137.64857482910156,373.646484375,151.07733154296875]",0.648291343063998,TP,IOU_GE_0.50,MATCHED,0.25
001_20200623_163212(9),1,4,"[360.0,171.0,375.99999999999994,184.00000000000003]",True,0.6501476168632507,"[361.10400390625,170.14613342285156,373.616455078125,182.66648864746094]",0.66752205774968,TP,IOU_GE_0.50,MATCHED,0.25
001_20200623_163212(9),2,4,"[362.99999999999994,208.0,374.0,218.99999999999997]",True,0.6053004264831543,"[361.5575256347656,206.84519958496094,373.9197692871094,219.1229705810547]",0.7868127774608322,TP,IOU_GE_0.50,MATCHED,0.25
001_20200623_163216(2),0,4,"[335.0,159.0,349.0,173.0]",True,0.5935101509094238,"[336.4662780761719,160.69985961914062,348.7828369140625,172.52720642089844]",0.7432255754081,TP,IOU_GE_0.50,MATCHED,0.25
001_20200623_163216(2),1,4,"[339.0,192.0,354.0,207.0]",True,0.6358528733253479,"[338.66510009765625,192.53311157226562,351.431640625,205.5993194580078]",0.7081581839074689,TP,IOU_GE_0.50,MATCHED,0.25
001_20200623_163216(2),2,4,"[342.99999999999994,239.99999999999997,358.0,251.0]",True,0.569259524345398,"[344.3331604003906,237.95787048339844,357.39678955078125,251.3271942138672]",0.7333425797291815,TP,IOU_GE_0.50,MATCHED,0.25
001_20200623_163219(5),0,4,"[342.99999999999994,194.0,357.0,208.0]",True,0.589661717414856,"[343.5189514160156,196.2626495361328,356.3318786621094,208.69482421875]",0.733957112076521,TP,IOU_GE_0.50,MATCHED,0.25
001_20200623_163219(5),1,4,"[347.0,230.00000000000003,364.0,243.00000000000003]",True,0.6209224462509155,"[349.24591064453125,228.1245880126953,361.935791015625,240.82456970214844]",0.561124158011287,TP,IOU_GE_0.50,MATCHED,0.25
001_20200623_163219(5),2,4,"[358.0,273.0,371.0,285.0]",True,0.6036028265953064,"[356.7076110839844,273.07843017578125,369.52459716796875,285.50762939453125]",0.772236088235996,TP,IOU_GE_0.50,MATCHED,0.25
001_20200623_163222(9),0,4,"[346.0,201.0,360.0,215.0]",True,0.6150415539741516,"[345.430908203125,200.84408569335938,357.93731689453125,213.42013549804688]",0.7231706617139823,TP,IOU_GE_0.50,MATCHED,0.25
001_20200623_163222(9),1,4,"[351.0,246.0,371.99999999999994,261.0]",True,0.582676112651825,"[351.5533142089844,246.20217895507812,364.7340393066406,259.27294921875]",0.5469277132066012,TP,IOU_GE_0.50,MATCHED,0.25
001_20200623_163222(9),2,4,"[340.0,167.0,357.0,181.0]",True,0.6139897704124451,"[341.0167236328125,168.9179229736328,352.64398193359375,180.8930206298828]",0.5850317379256257,TP,IOU_GE_0.50,MATCHED,0.25
001_20200624_123313(4),0,4,"[353.00000000000006,193.0,369.0,207.0]",True,0.6636155247688293,"[352.33154296875,190.9023895263672,365.9123840332031,204.63946533203125]",0.5774561743680572,TP,IOU_GE_0.50,MATCHED,0.25
001_20200624_123313(4),1,4,"[355.0,220.00000000000003,369.0,235.00000000000003]",True,0.6238384246826172,"[357.6405029296875,221.441162109375,370.21435546875,233.8599395751953]",0.6267574122934437,TP,IOU_GE_0.50,MATCHED,0.25
001_20200624_123313(4),2,4,"[362.99999999999994,259.0,378.0,273.0]",True,0.6272094249725342,"[362.82403564453125,259.299560546875,375.255615234375,271.47222900390625]",0.7032250666822429,TP,IOU_GE_0.50,MATCHED,0.25
001_20200624_123317(8),0,4,"[355.0,152.0,369.0,165.00000000000003]",True,0.616182804107666,"[355.5594787597656,148.7008056640625,367.7808837890625,161.23390197753906]",0.5076055007788638,TP,IOU_GE_0.50,MATCHED,0.25
001_20200624_123317(8),1,4,"[354.0,180.0,369.99999999999994,196.0]",True,0.610317587852478,"[355.4263000488281,181.56329345703125,367.5315856933594,193.66989135742188]",0.5724758819051223,TP,IOU_GE_0.50,MATCHED,0.25
001_20200624_123317(8),2,4,"[357.0,216.0,371.0,231.0]",True,0.6025417447090149,"[357.1888122558594,217.7233123779297,369.5149841308594,229.216552734375]",0.6746078858772914,TP,IOU_GE_0.50,MATCHED,0.25
001_20200624_123322(3),0,4,"[358.0,144.0,372.0,158.0]",True,0.6014035940170288,"[357.6426086425781,143.42752075195312,370.4201354980469,155.8403778076172]",0.7085596924219999,TP,IOU_GE_0.50,MATCHED,0.25
001_20200624_123322(3),1,4,"[362.0,174.0,376.0,189.99999999999997]",True,0.6134857535362244,"[361.1995849609375,175.44229125976562,373.1369934082031,187.4270477294922]",0.5713967451906311,TP,IOU_GE_0.50,MATCHED,0.25
001_20200624_123322(3),2,4,"[365.0,211.0,383.0,227.0]",False,0.01669384352862835,"[365.32025146484375,211.70445251464844,380.1230773925781,226.27352905273438]",0.7488316108372399,FN,NOT_MATCHED,LOW_CONFIDENCE,0.25
001_20200624_123326(6),0,4,"[345.0,129.0,358.0,143.0]",True,0.5838525295257568,"[346.36077880859375,130.36537170410156,358.5419006347656,142.40960693359375]",0.7435841150634078,TP,IOU_GE_0.50,MATCHED,0.25
001_20200624_123326(6),1,4,"[349.0,162.0,362.0,177.0]",True,0.6173734068870544,"[348.53558349609375,162.5109100341797,360.3471984863281,174.71046447753906]",0.6898577253487016,TP,IOU_GE_0.50,MATCHED,0.25
001_20200624_123326(6),2,4,"[355.0,208.99999999999997,369.0,222.0]",True,0.5880868434906006,"[352.7751159667969,209.3522186279297,364.7065734863281,221.2003173828125]",0.5519489576697149,TP,IOU_GE_0.50,MATCHED,0.25
001_20200624_123331(2),0,4,"[348.0,123.99999999999999,360.99999999999994,138.99999999999997]",True,0.590587317943573,"[349.6794738769531,125.91839599609375,361.9439697265625,138.0625762939453]",0.6658724251868438,TP,IOU_GE_0.50,MATCHED,0.25
001_20200624_123331(2),1,4,"[350.0,159.0,364.0,170.99999999999997]",True,0.5906134247779846,"[350.7522888183594,158.63026428222656,363.70220947265625,170.84361267089844]",0.8876415118916708,TP,IOU_GE_0.50,MATCHED,0.25
001_20200624_123331(2),2,4,"[356.0,203.0,369.0,220.00000000000003]",True,0.613502025604248,"[356.1043395996094,204.64686584472656,367.9158630371094,216.56021118164062]",0.6367183604795998,TP,IOU_GE_0.50,MATCHED,0.25
001_20200624_123335(6),0,4,"[339.00000000000006,115.00000000000001,355.0,131.99999999999997]",False,0.022413861006498337,"[340.63995361328125,118.42301177978516,355.0420227050781,132.6932373046875]",0.6900124267520282,FN,NOT_MATCHED,LOW_CONFIDENCE,0.25
001_20200624_123335(6),1,4,"[339.00000000000006,151.0,355.0,165.0]",True,0.6146854162216187,"[340.81231689453125,151.05972290039062,353.32183837890625,163.58453369140625]",0.6994615610622427,TP,IOU_GE_0.50,MATCHED,0.25
001_20200624_123335(6),2,4,"[342.0,197.0,353.99999999999994,208.0]",True,0.6145105957984924,"[342.0715026855469,197.43695068359375,354.5398864746094,209.8614959716797]",0.783041427885748,TP,IOU_GE_0.50,MATCHED,0.25
001_20200624_203149(7),0,4,"[366.0,224.00000000000003,377.00000000000006,236.0]",True,0.6033860445022583,"[365.0892333984375,225.5950927734375,377.18310546875,236.98324584960938]",0.7371150350616884,TP,IOU_GE_0.50,MATCHED,0.25
001_20200624_203149(7),1,4,"[368.0,254.00000000000003,378.0,269.0]",True,0.6098940372467041,"[366.23431396484375,256.2852783203125,378.84014892578125,268.9093322753906]",0.6902305174220887,TP,IOU_GE_0.50,MATCHED,0.25
001_20200624_203149(7),2,4,"[370.0,293.0,379.0,306.99999999999994]",True,0.6374906301498413,"[368.32525634765625,291.64776611328125,380.9710693359375,304.5068664550781]",0.5596362604829095,TP,IOU_GE_0.50,MATCHED,0.25
001_20200624_203154(3),0,4,"[362.0,199.99999999999997,376.0,212.0]",True,0.6102606654167175,"[360.9186096191406,200.652587890625,374.2003173828125,214.16433715820312]",0.662347937771659,TP,IOU_GE_0.50,MATCHED,0.25
001_20200624_203154(3),1,4,"[364.0,231.0,377.0,244.99999999999997]",True,0.6292060613632202,"[363.46685791015625,233.2574005126953,375.6487121582031,245.53880310058594]",0.7021008438793571,TP,IOU_GE_0.50,MATCHED,0.25
001_20200624_203154(3),2,4,"[368.00000000000006,268.0,380.0,285.0]",True,0.6280911564826965,"[367.0376281738281,269.8133239746094,379.2302551269531,282.0909423828125]",0.6388822926724708,TP,IOU_GE_0.50,MATCHED,0.25
001_20200624_203203(1),0,4,"[357.0,192.0,371.0,205.0]",True,0.6137431263923645,"[358.80242919921875,191.43698120117188,371.5040588378906,204.04176330566406]",0.7523793564460982,TP,IOU_GE_0.50,MATCHED,0.25
001_20200624_203203(1),1,4,"[360.0,224.00000000000003,371.99999999999994,236.0]",True,0.5985216498374939,"[358.5487060546875,224.88560485839844,370.9927978515625,236.54209899902344]",0.7321494058986194,TP,IOU_GE_0.50,MATCHED,0.25
001_20200624_203203(1),2,4,"[362.0,259.0,373.00000000000006,276.0]",True,0.6106893420219421,"[360.6943054199219,259.8671875,373.2356262207031,272.1390380859375]",0.6555639422105672,TP,IOU_GE_0.50,MATCHED,0.25
001_20200624_203207(8),0,4,"[356.0,209.0,370.0,220.0]",True,0.6033750772476196,"[356.7389221191406,209.0972900390625,369.7242126464844,221.5501708984375]",0.8130438658687488,TP,IOU_GE_0.50,MATCHED,0.25
001_20200624_203207(8),1,4,"[364.00000000000006,239.00000000000003,376.0,252.99999999999997]",True,0.6355029940605164,"[361.7592468261719,240.0357208251953,374.9898681640625,253.46595764160156]",0.701109456367492,TP,IOU_GE_0.50,MATCHED,0.25
001_20200624_203207(8),2,4,"[373.0,277.0,383.0,288.0]",True,0.6466554999351501,"[370.18585205078125,275.17230224609375,383.51654052734375,288.40216064453125]",0.6237131631575162,TP,IOU_GE_0.50,MATCHED,0.25
001_20200624_203212(2),0,4,"[362.99999999999994,209.0,373.0,220.0]",True,0.5806552767753601,"[359.2274169921875,208.9700927734375,371.82818603515625,221.72296142578125]",0.5594350863381691,TP,IOU_GE_0.50,MATCHED,0.25
001_20200624_203212(2),1,4,"[366.0,239.99999999999997,377.00000000000006,251.0]",True,0.6247293949127197,"[364.9948425292969,240.18557739257812,377.25970458984375,252.0406951904297]",0.806812543321423,TP,IOU_GE_0.50,MATCHED,0.25
001_20200624_203212(2),2,4,"[373.0,278.0,384.00000000000006,288.0]",True,0.6234644651412964,"[371.4095764160156,275.5470886230469,384.48724365234375,288.3429870605469]",0.6573423579232274,TP,IOU_GE_0.50,MATCHED,0.25
001_20200624_203225(8),0,4,"[363.0,177.00000000000003,376.0,188.0]",True,0.6218428015708923,"[361.7755432128906,174.26565551757812,373.9727783203125,186.65707397460938]",0.5631157465073312,TP,IOU_GE_0.50,MATCHED,0.25
001_20200624_203225(8),1,4,"[361.0,208.99999999999997,374.0,217.0]",True,0.6184530258178711,"[362.2803955078125,206.0195770263672,374.0359802246094,218.20297241210938]",0.6109286385437338,TP,IOU_GE_0.50,MATCHED,0.25
001_20200624_203225(8),2,4,"[366.0,245.0,377.00000000000006,257.0]",True,0.6265524625778198,"[364.6200866699219,242.09982299804688,377.3669738769531,254.70730590820312]",0.5743171004309683,TP,IOU_GE_0.50,MATCHED,0.25
001_20200625_043359(8),0,4,"[349.0,151.0,363.0,161.0]",True,0.5796536207199097,"[347.91827392578125,151.0874481201172,359.78125,162.8539581298828]",0.618759243591591,TP,IOU_GE_0.50,MATCHED,0.25
001_20200625_043359(8),1,4,"[349.0,186.0,362.0,196.99999999999997]",True,0.6099848747253418,"[348.96856689453125,185.32913208007812,361.7095031738281,198.13885498046875]",0.8401546791515924,TP,IOU_GE_0.50,MATCHED,0.25
001_20200625_043359(8),2,4,"[351.0,231.0,361.0,242.00000000000003]",True,0.6252664923667908,"[349.220703125,231.46368408203125,362.4400634765625,244.5203857421875]",0.5944724529088118,TP,IOU_GE_0.50,MATCHED,0.25
001_20200728_083108(2),0,4,"[322.0,188.0,331.0,199.0]",True,0.6120995879173279,"[321.1109313964844,187.8341522216797,333.537109375,199.27706909179688]",0.6962430644420577,TP,IOU_GE_0.50,MATCHED,0.25
001_20200728_083116(1),0,4,"[326.0,203.0,333.99999999999994,213.99999999999997]",True,0.6075640320777893,"[324.1219787597656,203.83554077148438,336.20587158203125,215.62684631347656]",0.5451237561402591,TP,IOU_GE_0.50,MATCHED,0.25
001_20200810_123047(8),0,4,"[323.0,191.0,332.0,201.0]",True,0.6231298446655273,"[321.9897155761719,189.67535400390625,334.5013732910156,201.77146911621094]",0.5946778239135975,TP,IOU_GE_0.50,MATCHED,0.25
001_20200810_123051(3),0,4,"[326.0,226.0,337.00000000000006,236.0]",True,0.6113942265510559,"[326.1709289550781,225.5974884033203,337.4630432128906,237.31396484375]",0.8080607525431125,TP,IOU_GE_0.50,MATCHED,0.25
001_20200811_003323(2),0,4,"[323.00000000000006,208.99999999999997,335.0,221.0]",True,0.6132928729057312,"[321.2381896972656,210.07028198242188,333.34393310546875,221.13604736328125]",0.6855923887195756,TP,IOU_GE_0.50,MATCHED,0.25
001_20200811_003327(0),0,4,"[322.0,194.00000000000003,331.0,205.0]",True,0.5953142046928406,"[320.8897399902344,191.97962951660156,333.0998229980469,204.27113342285156]",0.5901439754043464,TP,IOU_GE_0.50,MATCHED,0.25
001_20200814_043321(6),0,4,"[323.00000000000006,187.0,336.0,201.0]",True,0.576917827129364,"[324.11407470703125,187.26234436035156,335.8292541503906,198.7872772216797]",0.7418497612259823,TP,IOU_GE_0.50,MATCHED,0.25
001_20200814_083045(8),0,4,"[324.0,165.0,337.0,178.0]",True,0.609698474407196,"[323.5511779785156,164.9144744873047,335.9694519042969,177.3097381591797]",0.8391330322711046,TP,IOU_GE_0.50,MATCHED,0.25
001_20200814_083051(9),0,4,"[317.0,148.00000000000003,330.0,159.0]",True,0.6275277733802795,"[317.74114990234375,146.9027099609375,329.66900634765625,159.06536865234375]",0.8364127749455118,TP,IOU_GE_0.50,MATCHED,0.25
001_20200815_003438(6),0,4,"[315.0,154.0,326.00000000000006,165.0]",True,0.6210861206054688,"[313.64361572265625,153.25436401367188,324.8576965332031,163.9564666748047]",0.6869901901501353,TP,IOU_GE_0.50,MATCHED,0.25
001_20200818_203601(4),0,4,"[327.0,180.0,336.0,190.0]",True,0.5888145565986633,"[326.9544982910156,177.6764373779297,338.8463134765625,190.0419921875]",0.6120413319206697,TP,IOU_GE_0.50,MATCHED,0.25
001_20200818_203607(4),0,4,"[322.0,182.0,335.0,192.0]",True,0.5970959067344666,"[322.71728515625,179.8460693359375,334.83465576171875,191.50762939453125]",0.7380364290905594,TP,IOU_GE_0.50,MATCHED,0.25
001_20200819_083353(5),0,4,"[314.0,170.0,324.0,184.0]",True,0.6202217936515808,"[314.5135192871094,170.6137237548828,327.041015625,182.9318084716797]",0.6584898578307917,TP,IOU_GE_0.50,MATCHED,0.25
001_20200819_083401(0),0,4,"[306.0,138.00000000000003,319.0,150.0]",True,0.5949574112892151,"[307.0023498535156,137.8397674560547,318.8616638183594,148.6490478515625]",0.7998112951760935,TP,IOU_GE_0.50,MATCHED,0.25
001_20200826_023328(3),0,4,"[315.99999999999994,201.0,326.0,211.0]",True,0.5826088786125183,"[316.4608459472656,201.28158569335938,328.5711975097656,213.0990753173828]",0.6163577826165718,TP,IOU_GE_0.50,MATCHED,0.25
001_20200826_023332(5),0,4,"[317.0,173.0,328.99999999999994,184.0]",True,0.5874565243721008,"[315.4007568359375,170.8213653564453,328.3896484375,183.7912139892578]",0.6922224824044975,TP,IOU_GE_0.50,MATCHED,0.25
001_20200831_123316(5),0,4,"[470.99999999999994,108.0,482.0,120.0]",True,0.6109542846679688,"[472.1869812011719,106.22591400146484,484.5176086425781,118.49250030517578]",0.5710920589650111,TP,IOU_GE_0.50,MATCHED,0.25
002_20200622_203136(3),0,4,"[162.0,141.0,178.0,155.0]",False,0.005828861612826586,"[164.4591064453125,140.8904571533203,177.61036682128906,152.64979553222656]",0.6796001978457623,FN,NOT_MATCHED,LOW_CONFIDENCE,0.25
002_20200622_203136(3),1,4,"[164.0,162.0,177.0,176.0]",True,0.695794403553009,"[165.369384765625,163.40565490722656,175.1967010498047,173.34539794921875]",0.5367087838303932,TP,IOU_GE_0.50,MATCHED,0.25
002_20200622_203136(3),2,4,"[165.0,189.0,178.0,202.0]",True,0.6515495777130127,"[167.18197631835938,189.49710083007812,177.5437469482422,200.0017547607422]",0.6440639915730054,TP,IOU_GE_0.50,MATCHED,0.25
002_20200622_203140(8),0,4,"[157.0,143.99999999999997,170.0,157.0]",True,0.6759113073348999,"[157.82723999023438,144.12954711914062,168.58164978027344,155.30227661132812]",0.7109829078830721,TP,IOU_GE_0.50,MATCHED,0.25
002_20200622_203140(8),1,4,"[158.0,166.0,172.0,179.0]",True,0.6747187376022339,"[159.6588592529297,167.0076446533203,169.757568359375,177.24276733398438]",0.5679204759385007,TP,IOU_GE_0.50,MATCHED,0.25
002_20200622_203140(8),2,4,"[160.0,190.0,174.00000000000003,204.00000000000003]",True,0.672235906124115,"[162.25607299804688,192.96685791015625,172.25372314453125,203.17904663085938]",0.5209076023442003,TP,IOU_GE_0.50,MATCHED,0.25
002_20200622_203145(3),0,4,"[156.0,147.0,166.99999999999997,156.0]",True,0.6959732174873352,"[156.53965759277344,145.18243408203125,166.74639892578125,155.59828186035156]",0.746570607053228,TP,IOU_GE_0.50,MATCHED,0.25
002_20200622_203145(3),1,4,"[157.99999999999997,168.00000000000003,166.99999999999997,178.0]",True,0.6758926510810852,"[157.8998565673828,168.00918579101562,167.58816528320312,177.7010040283203]",0.9023015956448937,TP,IOU_GE_0.50,MATCHED,0.25
002_20200622_203145(3),2,4,"[160.0,194.00000000000003,171.0,204.0]",True,0.6556999683380127,"[160.29965209960938,193.50526428222656,170.40093994140625,203.9824981689453]",0.8768548493644879,TP,IOU_GE_0.50,MATCHED,0.25
002_20200622_203149(8),0,4,"[156.0,144.0,166.99999999999997,153.0]",True,0.6649793982505798,"[155.05825805664062,143.6066131591797,165.60794067382812,154.39804077148438]",0.6842468186536365,TP,IOU_GE_0.50,MATCHED,0.25
002_20200622_203149(8),1,4,"[159.0,192.00000000000003,169.0,201.0]",True,0.6548332571983337,"[159.07872009277344,192.23049926757812,169.28775024414062,202.5218505859375]",0.8051511714623486,TP,IOU_GE_0.50,MATCHED,0.25
002_20200622_203149(8),2,4,"[155.00000000000003,166.99999999999997,167.0,175.0]",True,0.6582626104354858,"[156.6494140625,165.99267578125,166.64187622070312,176.09715270996094]",0.683076514581715,TP,IOU_GE_0.50,MATCHED,0.25
002_20200622_203154(3),0,4,"[155.00000000000003,146.0,165.0,156.0]",True,0.6740825176239014,"[155.75611877441406,144.78536987304688,166.33970642089844,155.64891052246094]",0.709111700597838,TP,IOU_GE_0.50,MATCHED,0.25
002_20200622_203154(3),1,4,"[157.99999999999997,168.0,166.99999999999997,178.99999999999997]",True,0.6942516565322876,"[157.05690002441406,167.2578125,167.23265075683594,177.56932067871094]",0.7310811824975451,TP,IOU_GE_0.50,MATCHED,0.25
002_20200622_203154(3),2,4,"[159.0,193.0,169.0,202.99999999999997]",True,0.6529127359390259,"[159.4946746826172,193.45034790039062,169.73257446289062,203.86280822753906]",0.7836760431457851,TP,IOU_GE_0.50,MATCHED,0.25
002_20200622_203158(8),0,4,"[162.00000000000003,143.99999999999997,173.0,154.0]",True,0.6774275302886963,"[162.23681640625,144.20022583007812,172.9290771484375,155.31874084472656]",0.8443309398888613,TP,IOU_GE_0.50,MATCHED,0.25
002_20200622_203158(8),1,4,"[164.0,166.0,173.99999999999997,177.0]",True,0.6619864702224731,"[164.20021057128906,167.2145538330078,174.01080322265625,177.12203979492188]",0.8615698986352477,TP,IOU_GE_0.50,MATCHED,0.25
002_20200622_203158(8),2,4,"[166.0,194.00000000000003,178.0,204.0]",True,0.6561158299446106,"[166.50779724121094,193.25296020507812,176.7060546875,203.61245727539062]",0.7681512539099765,TP,IOU_GE_0.50,MATCHED,0.25
002_20200623_003351(2),0,4,"[151.0,146.0,162.0,157.0]",True,0.6455300450325012,"[151.8984832763672,146.70736694335938,161.64410400390625,156.52296447753906]",0.7905709982006849,TP,IOU_GE_0.50,MATCHED,0.25
002_20200623_003351(2),1,4,"[153.0,169.0,164.0,180.0]",True,0.7272352576255798,"[153.1875,169.27484130859375,163.5316619873047,179.9541015625]",0.9129586609172796,TP,IOU_GE_0.50,MATCHED,0.25
002_20200623_003351(2),2,4,"[154.99999999999997,202.99999999999997,169.0,211.0]",True,0.71976238489151,"[156.1435089111328,201.538818359375,166.3507080078125,212.1766357421875]",0.5877829988590676,TP,IOU_GE_0.50,MATCHED,0.25
002_20200623_003355(7),0,4,"[143.0,146.99999999999997,155.0,160.0]",True,0.6745448112487793,"[144.48973083496094,147.9757843017578,154.8230743408203,158.45831298828125]",0.6943562162043034,TP,IOU_GE_0.50,MATCHED,0.25
002_20200623_003355(7),1,4,"[146.0,171.00000000000003,157.0,181.0]",True,0.6936175227165222,"[146.57061767578125,171.22300720214844,157.14791870117188,181.97035217285156]",0.8377953635169282,TP,IOU_GE_0.50,MATCHED,0.25
002_20200623_003355(7),2,4,"[149.0,202.99999999999997,160.0,214.99999999999997]",True,0.6819570064544678,"[150.1956329345703,203.16921997070312,160.63009643554688,213.94784545898438]",0.7614122246960991,TP,IOU_GE_0.50,MATCHED,0.25
002_20200623_003400(2),0,4,"[151.0,148.0,162.0,158.0]",True,0.6488334536552429,"[151.33290100097656,147.6048583984375,161.5811309814453,158.10435485839844]",0.8902295904635567,TP,IOU_GE_0.50,MATCHED,0.25
002_20200623_003400(2),1,4,"[153.0,173.0,164.0,183.0]",True,0.6792547702789307,"[152.31787109375,170.6532440185547,162.92881774902344,181.59036254882812]",0.6059357466898984,TP,IOU_GE_0.50,MATCHED,0.25
002_20200623_003400(2),2,4,"[155.00000000000003,202.0,166.0,213.0]",True,0.6530669927597046,"[155.77398681640625,202.35516357421875,166.30653381347656,213.181640625]",0.8627164930203977,TP,IOU_GE_0.50,MATCHED,0.25
002_20200623_003404(7),0,4,"[147.0,145.0,158.0,156.0]",True,0.6488245129585266,"[147.24038696289062,146.02410888671875,157.48316955566406,156.40823364257812]",0.8162621946731935,TP,IOU_GE_0.50,MATCHED,0.25
002_20200623_003404(7),1,4,"[147.0,170.0,159.0,180.0]",True,0.7237169742584229,"[148.53993225097656,169.10707092285156,158.82786560058594,179.86021423339844]",0.785231501957162,TP,IOU_GE_0.50,MATCHED,0.25
002_20200623_003404(7),2,4,"[151.0,203.00000000000003,162.0,211.99999999999997]",True,0.6861250996589661,"[151.3201141357422,201.613525390625,161.53762817382812,212.1074676513672]",0.8047794907285272,TP,IOU_GE_0.50,MATCHED,0.25
002_20200623_003409(2),0,4,"[148.00000000000003,146.0,158.0,156.0]",True,0.6491669416427612,"[147.59999084472656,145.5569305419922,157.89602661132812,156.01336669921875]",0.9104015955949707,TP,IOU_GE_0.50,MATCHED,0.25
002_20200623_003409(2),1,4,"[150.0,171.0,158.0,179.0]",True,0.6829178929328918,"[148.43478393554688,168.9427032470703,158.7738800048828,179.46226501464844]",0.5884367053889287,TP,IOU_GE_0.50,MATCHED,0.25
002_20200623_003409(2),2,4,"[151.0,202.0,160.0,211.99999999999997]",True,0.6965308785438538,"[151.51559448242188,201.21548461914062,161.8187255859375,211.82911682128906]",0.7191671451014063,TP,IOU_GE_0.50,MATCHED,0.25
002_20200623_003413(7),0,4,"[154.0,146.0,164.0,155.0]",True,0.7004797458648682,"[153.37973022460938,145.65509033203125,164.03366088867188,156.39166259765625]",0.7868047838037275,TP,IOU_GE_0.50,MATCHED,0.25
002_20200623_003413(7),1,4,"[155.00000000000003,170.0,166.0,180.0]",True,0.7143644094467163,"[155.49749755859375,169.03756713867188,165.7742156982422,179.8667755126953]",0.8457546092115064,TP,IOU_GE_0.50,MATCHED,0.25
002_20200623_003413(7),2,4,"[158.0,201.00000000000003,169.0,211.0]",True,0.695570170879364,"[158.43212890625,201.5954132080078,168.60316467285156,211.91969299316406]",0.8014327466130041,TP,IOU_GE_0.50,MATCHED,0.25
002_20200623_043039(3),0,4,"[188.0,148.0,195.99999999999997,157.0]",True,0.6130737066268921,"[187.21725463867188,147.29208374023438,196.57705688476562,156.9965057373047]",0.7921252635296442,TP,IOU_GE_0.50,MATCHED,0.25
002_20200623_043039(3),1,4,"[192.0,171.00000000000003,203.0,180.0]",True,0.6226224899291992,"[192.876708984375,170.32635498046875,201.44520568847656,179.23974609375]",0.6738647055178624,TP,IOU_GE_0.50,MATCHED,0.25
002_20200623_043039(3),2,4,"[202.0,201.0,208.0,208.0]",False,0.6220067143440247,"[200.934326171875,200.63522338867188,210.1920166015625,210.2183074951172]",0.4734142610697046,FN,NOT_MATCHED,LOCALIZATION_FAILURE,0.25
002_20200623_043043(2),0,4,"[202.0,127.0,210.0,134.0]",True,0.6008325815200806,"[201.36801147460938,126.50735473632812,210.19976806640625,135.74429321289062]",0.6864562837777984,TP,IOU_GE_0.50,MATCHED,0.25
002_20200623_043043(2),1,4,"[205.0,149.99999999999997,211.99999999999997,160.0]",True,0.6463117599487305,"[202.58523559570312,150.4825897216797,211.7873992919922,159.67457580566406]",0.6767034847404775,TP,IOU_GE_0.50,MATCHED,0.25
002_20200623_043043(2),2,4,"[207.00000000000003,181.99999999999997,215.0,190.0]",True,0.6533571481704712,"[206.3935089111328,182.396240234375,215.41648864746094,191.61175537109375]",0.7046934909827962,TP,IOU_GE_0.50,MATCHED,0.25
002_20200623_043047(2),0,4,"[194.0,133.0,203.00000000000003,141.0]",True,0.6715519428253174,"[193.88197326660156,132.43516540527344,202.9752960205078,141.60275268554688]",0.859276113346294,TP,IOU_GE_0.50,MATCHED,0.25
002_20200623_043047(2),1,4,"[196.00000000000003,156.0,203.0,164.0]",True,0.6462077498435974,"[195.7724151611328,156.33023071289062,204.7921600341797,165.5381317138672]",0.6289308126753332,TP,IOU_GE_0.50,MATCHED,0.25
002_20200623_043047(2),2,4,"[200.00000000000003,187.99999999999997,206.99999999999997,196.0]",True,0.6195847988128662,"[198.27630615234375,188.00718688964844,207.58071899414062,197.28756713867188]",0.6475748906291154,TP,IOU_GE_0.50,MATCHED,0.25
002_20200623_043051(3),0,4,"[194.0,140.0,200.00000000000003,149.0]",True,0.6111286282539368,"[192.28146362304688,140.55245971679688,201.4252166748047,149.8009490966797]",0.5767507999362059,TP,IOU_GE_0.50,MATCHED,0.25
002_20200623_043051(3),1,4,"[194.0,163.0,203.00000000000003,174.0]",True,0.655487596988678,"[193.51913452148438,164.49754333496094,202.78111267089844,174.0489501953125]",0.8021525998402042,TP,IOU_GE_0.50,MATCHED,0.25
002_20200623_043051(3),2,4,"[196.00000000000003,195.0,204.0,205.99999999999997]",True,0.6249315142631531,"[196.09417724609375,196.3347625732422,205.27484130859375,205.8506622314453]",0.7513239577687001,TP,IOU_GE_0.50,MATCHED,0.25
002_20200623_043055(3),0,4,"[198.0,149.0,206.0,159.0]",True,0.6535463929176331,"[198.65084838867188,149.94496154785156,207.66461181640625,159.0089111328125]",0.6993635294914269,TP,IOU_GE_0.50,MATCHED,0.25
002_20200623_043055(3),1,4,"[199.00000000000003,174.00000000000003,209.0,183.0]",True,0.6294378638267517,"[199.1416015625,173.7100830078125,208.09829711914062,182.8568878173828]",0.8567092485055273,TP,IOU_GE_0.50,MATCHED,0.25
002_20200623_043055(3),2,4,"[201.0,205.0,207.99999999999997,214.99999999999997]",True,0.6116577386856079,"[200.28012084960938,206.08016967773438,209.0104217529297,215.03257751464844]",0.728417828857464,TP,IOU_GE_0.50,MATCHED,0.25
002_20200623_043059(4),0,4,"[193.0,164.0,203.0,176.0]",True,0.6658140420913696,"[192.62918090820312,166.4624481201172,201.9807586669922,176.12786865234375]",0.6867052729714589,TP,IOU_GE_0.50,MATCHED,0.25
002_20200623_043059(4),1,4,"[196.00000000000003,190.0,204.0,199.99999999999997]",True,0.661139190196991,"[196.09181213378906,190.51905822753906,205.21075439453125,199.839111328125]",0.8074196184744652,TP,IOU_GE_0.50,MATCHED,0.25
002_20200623_043059(4),2,4,"[199.99999999999997,223.0,209.0,231.99999999999997]",True,0.6278674602508545,"[200.7114715576172,221.9092559814453,209.76185607910156,231.09295654296875]",0.6912670285165068,TP,IOU_GE_0.50,MATCHED,0.25
002_20200624_003107(0),0,4,"[195.00000000000003,158.0,202.0,166.99999999999997]",True,0.6274586915969849,"[193.91290283203125,158.35313415527344,203.21009826660156,167.5691375732422]",0.6866100970189458,TP,IOU_GE_0.50,MATCHED,0.25
002_20200624_003107(0),1,4,"[195.99999999999997,182.00000000000003,202.0,190.99999999999997]",True,0.6387778520584106,"[195.02206420898438,182.20945739746094,203.82643127441406,191.1453857421875]",0.659852084129116,TP,IOU_GE_0.50,MATCHED,0.25
002_20200624_003107(0),2,4,"[196.00000000000003,213.00000000000003,204.0,222.0]",True,0.6267011165618896,"[195.98812866210938,213.9250946044922,205.23338317871094,223.4389190673828]",0.6774357088248018,TP,IOU_GE_0.50,MATCHED,0.25
002_20200624_003111(0),0,4,"[200.00000000000003,132.0,210.0,141.0]",True,0.6229032278060913,"[200.85755920410156,132.2896728515625,209.66427612304688,141.1665496826172]",0.8386586438581017,TP,IOU_GE_0.50,MATCHED,0.25
002_20200624_003111(0),1,4,"[202.00000000000003,156.0,209.0,166.0]",True,0.6483026146888733,"[200.6201171875,155.9405517578125,209.40280151367188,164.86569213867188]",0.7188939265334272,TP,IOU_GE_0.50,MATCHED,0.25
002_20200624_003111(0),2,4,"[201.0,189.00000000000003,210.00000000000003,198.0]",True,0.6033695936203003,"[200.96128845214844,188.0140380859375,209.82415771484375,197.19122314453125]",0.8026229115122712,TP,IOU_GE_0.50,MATCHED,0.25
002_20200624_003115(1),0,4,"[194.0,108.99999999999999,203.00000000000003,118.0]",True,0.6265043020248413,"[194.57008361816406,109.07994842529297,203.5121612548828,118.06562042236328]",0.872787856519111,TP,IOU_GE_0.50,MATCHED,0.25
002_20200624_003115(1),1,4,"[197.0,132.0,205.0,142.00000000000003]",True,0.6334660053253174,"[196.65599060058594,132.34445190429688,205.50201416015625,141.2708740234375]",0.8156456368003379,TP,IOU_GE_0.50,MATCHED,0.25
002_20200624_003115(1),2,4,"[200.00000000000003,164.0,206.99999999999997,172.99999999999997]",True,0.6328387260437012,"[200.39474487304688,164.50823974609375,209.5616455078125,173.83642578125]",0.6069038507189489,TP,IOU_GE_0.50,MATCHED,0.25
002_20200624_003119(1),0,4,"[203.00000000000003,122.0,213.0,131.0]",True,0.6249902844429016,"[203.514404296875,120.99785614013672,212.66615295410156,130.38734436035156]",0.7740023000114465,TP,IOU_GE_0.50,MATCHED,0.25
002_20200624_003119(1),1,4,"[203.00000000000003,145.0,210.0,153.0]",True,0.6322713494300842,"[201.93121337890625,144.42745971679688,210.61337280273438,153.52880859375]",0.7086870690701185,TP,IOU_GE_0.50,MATCHED,0.25
002_20200624_003119(1),2,4,"[200.00000000000003,178.0,208.0,185.00000000000003]",True,0.6332897543907166,"[200.24783325195312,176.8599090576172,209.30612182617188,186.027099609375]",0.6401165159537249,TP,IOU_GE_0.50,MATCHED,0.25
002_20200624_003123(1),0,4,"[196.00000000000003,120.0,203.0,127.99999999999999]",True,0.6417281031608582,"[194.89822387695312,120.27423095703125,203.93743896484375,129.42564392089844]",0.6389368171990327,TP,IOU_GE_0.50,MATCHED,0.25
002_20200624_003123(1),1,4,"[193.0,146.0,204.0,153.0]",True,0.6589711308479309,"[193.52752685546875,143.5959930419922,202.52622985839844,153.0336151123047]",0.6366871457030264,TP,IOU_GE_0.50,MATCHED,0.25
002_20200624_003123(1),2,4,"[192.99999999999997,176.0,202.0,184.99999999999997]",True,0.6383000016212463,"[192.93182373046875,176.1824188232422,202.01568603515625,185.28944396972656]",0.9406118695307049,TP,IOU_GE_0.50,MATCHED,0.25
002_20200624_003127(0),0,4,"[203.0,120.0,210.99999999999997,131.0]",True,0.6974626779556274,"[201.85043334960938,120.20252227783203,211.31753540039062,129.8840789794922]",0.7578233842237154,TP,IOU_GE_0.50,MATCHED,0.25
002_20200624_003127(0),1,4,"[203.00000000000003,143.0,213.0,155.0]",True,0.6341018080711365,"[202.5367889404297,143.8214569091797,211.75851440429688,153.4409942626953]",0.6769696949659852,TP,IOU_GE_0.50,MATCHED,0.25
002_20200624_003127(0),2,4,"[203.99999999999997,177.0,213.0,185.00000000000003]",True,0.6390865445137024,"[204.09481811523438,176.57679748535156,213.14639282226562,185.66941833496094]",0.8576995809947824,TP,IOU_GE_0.50,MATCHED,0.25
002_20200624_083032(4),0,4,"[155.00000000000003,140.0,165.0,153.0]",True,0.6823520064353943,"[154.9641876220703,140.92393493652344,165.44139099121094,151.7558135986328]",0.8013581473232518,TP,IOU_GE_0.50,MATCHED,0.25
002_20200624_083032(4),1,4,"[157.0,162.0,166.99999999999997,176.0]",True,0.6759138107299805,"[157.01718139648438,163.8409423828125,166.62051391601562,173.50860595703125]",0.6631556285013065,TP,IOU_GE_0.50,MATCHED,0.25
002_20200624_083032(4),2,4,"[159.0,189.00000000000003,170.0,199.0]",True,0.6533194184303284,"[159.8931884765625,189.26246643066406,170.31105041503906,199.85833740234375]",0.8068761723339437,TP,IOU_GE_0.50,MATCHED,0.25
002_20200624_083036(9),0,4,"[158.0,148.0,169.0,159.0]",True,0.6597535610198975,"[156.10946655273438,148.18540954589844,167.06393432617188,159.33700561523438]",0.6753804728182036,TP,IOU_GE_0.50,MATCHED,0.25
002_20200624_083036(9),1,4,"[157.0,171.00000000000003,170.0,180.0]",True,0.6756675839424133,"[158.9492645263672,170.71875,169.05323791503906,181.01478576660156]",0.698994450071119,TP,IOU_GE_0.50,MATCHED,0.25
002_20200624_083036(9),2,4,"[161.00000000000003,197.00000000000003,172.0,208.0]",True,0.6731770038604736,"[161.62213134765625,196.70384216308594,171.94381713867188,206.99366760253906]",0.8314857135432181,TP,IOU_GE_0.50,MATCHED,0.25
002_20200624_083041(3),0,4,"[159.0,148.0,167.99999999999997,158.0]",True,0.6948315501213074,"[157.42745971679688,147.79055786132812,168.33880615234375,159.10003662109375]",0.7293257970528308,TP,IOU_GE_0.50,MATCHED,0.25
002_20200624_083041(3),1,4,"[159.0,171.0,171.0,179.0]",True,0.6784698963165283,"[159.31578063964844,170.49623107910156,169.5203094482422,180.8755645751953]",0.6787183732903315,TP,IOU_GE_0.50,MATCHED,0.25
002_20200624_083041(3),2,4,"[161.00000000000003,196.0,172.0,205.99999999999997]",True,0.7266895174980164,"[161.34469604492188,196.6817626953125,171.77333068847656,207.2174835205078]",0.7920058130593624,TP,IOU_GE_0.50,MATCHED,0.25
002_20200624_083045(8),0,4,"[150.0,131.0,160.0,142.0]",True,0.6542633771896362,"[150.45462036132812,131.54872131347656,160.9811553955078,142.3533477783203]",0.8046972627721843,TP,IOU_GE_0.50,MATCHED,0.25
002_20200624_083045(8),1,4,"[155.0,155.0,164.0,166.99999999999997]",True,0.7005860209465027,"[152.99440002441406,155.25291442871094,163.4176788330078,165.78305053710938]",0.6864918298215233,TP,IOU_GE_0.50,MATCHED,0.25
002_20200624_083045(8),2,4,"[158.0,184.99999999999997,167.99999999999997,198.0]",True,0.6718642115592957,"[157.69903564453125,187.4964599609375,168.413330078125,198.18359375]",0.7531055285871459,TP,IOU_GE_0.50,MATCHED,0.25
002_20200624_083050(4),0,4,"[150.0,146.0,160.0,156.0]",True,0.698986828327179,"[148.52635192871094,146.28082275390625,159.14996337890625,157.20237731933594]",0.6997069188789392,TP,IOU_GE_0.50,MATCHED,0.25
002_20200624_083050(4),1,4,"[151.0,170.0,160.0,180.0]",True,0.673754096031189,"[150.8019256591797,169.9215850830078,160.7978057861328,180.2150115966797]",0.8747047838749126,TP,IOU_GE_0.50,MATCHED,0.25
002_20200624_083050(4),2,4,"[153.0,202.0,164.0,213.0]",True,0.7424209713935852,"[153.158447265625,202.39691162109375,163.61398315429688,213.22842407226562]",0.8984723397077761,TP,IOU_GE_0.50,MATCHED,0.25
002_20200624_083054(9),0,4,"[147.0,135.0,160.0,146.0]",True,0.6489256024360657,"[148.6646270751953,136.431884765625,158.45913696289062,146.45651245117188]",0.6354795087718917,TP,IOU_GE_0.50,MATCHED,0.25
002_20200624_083054(9),1,4,"[150.0,160.0,158.0,169.0]",True,0.6726944446563721,"[148.13345336914062,160.45751953125,158.1968994140625,170.8365478515625]",0.632138645063129,TP,IOU_GE_0.50,MATCHED,0.25
002_20200624_083054(9),2,4,"[150.0,193.0,160.0,202.99999999999997]",True,0.6997493505477905,"[150.7050018310547,193.18528747558594,160.69166564941406,203.4202423095703]",0.8219802081861431,TP,IOU_GE_0.50,MATCHED,0.25
002_20200624_203017(4),0,4,"[194.0,127.99999999999999,206.99999999999997,141.0]",False,0.12386184930801392,"[195.40667724609375,127.19270324707031,205.78274536132812,138.16212463378906]",0.5944578797273267,FN,NOT_MATCHED,LOW_CONFIDENCE,0.25
002_20200624_203017(4),1,4,"[195.99999999999997,153.0,205.0,161.0]",True,0.6117204427719116,"[196.4542694091797,152.43312072753906,205.1470489501953,161.4073486328125]",0.8373535120710759,TP,IOU_GE_0.50,MATCHED,0.25
002_20200624_203017(4),2,4,"[197.0,185.00000000000003,208.0,193.99999999999997]",True,0.6397890448570251,"[198.17274475097656,184.25987243652344,207.20071411132812,193.23348999023438]",0.7033534716509285,TP,IOU_GE_0.50,MATCHED,0.25
002_20200625_042934(9),0,4,"[183.0,148.0,192.99999999999997,158.0]",True,0.6078705191612244,"[183.24400329589844,149.31704711914062,192.83778381347656,159.0135498046875]",0.7592004983594604,TP,IOU_GE_0.50,MATCHED,0.25
002_20200625_042934(9),1,4,"[189.00000000000003,172.0,199.0,181.99999999999997]",True,0.6550331115722656,"[189.13259887695312,172.2947235107422,198.4339141845703,181.54824829101562]",0.8606995168817279,TP,IOU_GE_0.50,MATCHED,0.25
002_20200625_042934(9),2,4,"[197.0,202.0,208.0,211.99999999999997]",True,0.6327050924301147,"[198.099609375,202.7636260986328,207.50526428222656,212.0109100341797]",0.7890288955290444,TP,IOU_GE_0.50,MATCHED,0.25
002_20200625_042939(2),0,4,"[193.0,133.0,203.0,143.0]",True,0.6853451132774353,"[193.0506591796875,133.26153564453125,202.69473266601562,143.1467742919922]",0.9260760335686127,TP,IOU_GE_0.50,MATCHED,0.25
002_20200625_042939(2),1,4,"[195.0,159.0,204.0,169.0]",True,0.6388399004936218,"[195.9034423828125,157.520751953125,204.71463012695312,166.6575164794922]",0.5713914000588887,TP,IOU_GE_0.50,MATCHED,0.25
002_20200625_042939(2),2,4,"[199.0,189.0,208.0,199.99999999999997]",True,0.6287508010864258,"[198.87112426757812,190.41285705566406,208.09735107421875,199.7219696044922]",0.828655442133972,TP,IOU_GE_0.50,MATCHED,0.25
002_20200625_042943(7),0,4,"[199.00000000000003,119.0,209.0,130.0]",True,0.6493393778800964,"[200.4308319091797,120.57984924316406,209.48594665527344,129.90664672851562]",0.6978195428548002,TP,IOU_GE_0.50,MATCHED,0.25
002_20200625_042943(7),1,4,"[203.00000000000003,146.0,213.0,154.0]",True,0.6497600674629211,"[202.2329864501953,144.3042755126953,211.60342407226562,153.60398864746094]",0.6431284423410242,TP,IOU_GE_0.50,MATCHED,0.25
002_20200625_042943(7),2,4,"[207.00000000000003,177.00000000000003,217.0,186.0]",True,0.6331205368041992,"[208.2473602294922,176.69659423828125,217.4433135986328,185.91400146484375]",0.8064873826069626,TP,IOU_GE_0.50,MATCHED,0.25
002_20200625_042948(3),0,4,"[192.0,126.0,199.99999999999997,134.0]",True,0.6261983513832092,"[191.6517333984375,125.12448120117188,200.7266387939453,134.48414611816406]",0.7534901281100915,TP,IOU_GE_0.50,MATCHED,0.25
002_20200625_042948(3),1,4,"[192.99999999999997,148.0,205.0,157.0]",True,0.6421864628791809,"[195.36203002929688,148.81370544433594,204.2631378173828,157.96437072753906]",0.6250181015802528,TP,IOU_GE_0.50,MATCHED,0.25
002_20200625_042948(3),2,4,"[199.0,181.0,210.0,190.99999999999997]",True,0.6375585198402405,"[200.6105499267578,181.1161651611328,209.8246612548828,190.39137268066406]",0.7769344970583938,TP,IOU_GE_0.50,MATCHED,0.25
002_20200625_042952(8),0,4,"[203.99999999999997,126.0,213.0,135.0]",True,0.6312869191169739,"[203.91644287109375,126.1019515991211,213.05943298339844,135.43186950683594]",0.9288052532594712,TP,IOU_GE_0.50,MATCHED,0.25
002_20200625_042952(8),1,4,"[202.0,150.0,210.0,159.0]",True,0.6355063319206238,"[201.4450225830078,150.01341247558594,210.54916381835938,159.165283203125]",0.8617414939632422,TP,IOU_GE_0.50,MATCHED,0.25
002_20200625_042952(8),2,4,"[197.0,182.00000000000003,208.0,193.0]",True,0.6183322072029114,"[199.00111389160156,182.60862731933594,207.9829864501953,191.81314086914062]",0.6832542782495478,TP,IOU_GE_0.50,MATCHED,0.25
002_20200625_042957(3),0,4,"[202.0,174.00000000000003,211.99999999999997,183.0]",True,0.6235835552215576,"[201.07252502441406,173.77000427246094,210.5468292236328,183.75779724121094]",0.7141804167613851,TP,IOU_GE_0.50,MATCHED,0.25
002_20200625_042957(3),1,4,"[203.0,199.99999999999997,214.0,208.0]",True,0.6487684845924377,"[203.96969604492188,198.82351684570312,213.23069763183594,208.18243408203125]",0.7365716638327042,TP,IOU_GE_0.50,MATCHED,0.25
002_20200625_042957(3),2,4,"[207.00000000000003,230.00000000000003,217.0,240.0]",True,0.6362414360046387,"[208.03753662109375,230.7347412109375,217.37034606933594,240.22364807128906]",0.7869657975878903,TP,IOU_GE_0.50,MATCHED,0.25
002_20200629_082630(7),0,4,"[184.0,132.0,195.0,145.00000000000003]",True,0.6679707765579224,"[184.320556640625,133.8327178955078,193.44671630859375,143.173583984375]",0.596127520028787,TP,IOU_GE_0.50,MATCHED,0.25
002_20200629_082630(7),1,4,"[190.0,155.0,199.00000000000003,166.99999999999997]",True,0.6312956213951111,"[190.2409210205078,156.80987548828125,199.33563232421875,166.0752410888672]",0.7304135284907204,TP,IOU_GE_0.50,MATCHED,0.25
002_20200629_082630(7),2,4,"[197.0,187.0,206.99999999999997,195.00000000000003]",True,0.6322597861289978,"[197.72959899902344,187.24127197265625,207.33486938476562,196.7607879638672]",0.7227996551293833,TP,IOU_GE_0.50,MATCHED,0.25
002_20200629_082639(2),0,4,"[198.0,162.0,207.00000000000003,172.99999999999997]",True,0.6773154139518738,"[197.78749084472656,163.4340057373047,207.07354736328125,172.77471923828125]",0.8268396871585192,TP,IOU_GE_0.50,MATCHED,0.25
002_20200629_082639(2),1,4,"[197.0,189.0,208.0,196.0]",True,0.6264870762825012,"[198.44540405273438,187.1793212890625,207.5665283203125,196.6042022705078]",0.6441625262638954,TP,IOU_GE_0.50,MATCHED,0.25
002_20200629_082639(2),2,4,"[199.0,220.99999999999997,208.0,229.0]",True,0.6212685108184814,"[199.67852783203125,220.7481689453125,208.69256591796875,229.8852081298828]",0.7583084322092968,TP,IOU_GE_0.50,MATCHED,0.25
002_20200629_082642(2),0,4,"[188.0,164.0,197.0,172.99999999999997]",True,0.6380093097686768,"[188.2843017578125,164.04696655273438,197.50546264648438,173.47116088867188]",0.8682749897819184,TP,IOU_GE_0.50,MATCHED,0.25
002_20200629_082642(2),1,4,"[192.00000000000003,186.00000000000003,202.0,196.0]",True,0.6393463015556335,"[192.71893310546875,187.35093688964844,201.5257110595703,196.4266815185547]",0.7341179123295192,TP,IOU_GE_0.50,MATCHED,0.25
002_20200629_082642(2),2,4,"[198.0,217.0,207.99999999999997,228.0]",True,0.6339778304100037,"[198.19534301757812,219.23809814453125,207.69053649902344,228.66397094726562]",0.7153285561263686,TP,IOU_GE_0.50,MATCHED,0.25
002_20200629_082645(4),0,4,"[195.0,140.0,207.00000000000003,150.0]",True,0.6162094473838806,"[196.31275939941406,141.00454711914062,205.03199768066406,149.81051635742188]",0.63984453404943,TP,IOU_GE_0.50,MATCHED,0.25
002_20200629_082645(4),1,4,"[199.0,166.0,210.0,172.0]",True,0.6437458395957947,"[200.17086791992188,164.037841796875,208.99691772460938,172.95640563964844]",0.5771213052271924,TP,IOU_GE_0.50,MATCHED,0.25
002_20200629_082645(4),2,4,"[205.0,196.99999999999997,214.99999999999997,205.0]",True,0.6323340535163879,"[205.55604553222656,196.0989990234375,214.7999267578125,205.7064208984375]",0.7795906825293312,TP,IOU_GE_0.50,MATCHED,0.25
002_20200629_163656(7),0,4,"[151.99999999999997,143.0,160.99999999999997,152.0]",True,0.6837577223777771,"[151.79698181152344,142.99810791015625,161.72357177734375,153.34524536132812]",0.7886144265509343,TP,IOU_GE_0.50,MATCHED,0.25
002_20200629_163656(7),1,4,"[154.0,167.0,163.0,175.99999999999997]",True,0.6769989728927612,"[152.46563720703125,167.0345916748047,162.52174377441406,177.24896240234375]",0.7119254569128992,TP,IOU_GE_0.50,MATCHED,0.25
002_20200629_163656(7),2,4,"[156.0,200.00000000000003,164.0,208.99999999999997]",True,0.677079439163208,"[155.58091735839844,199.8466339111328,165.6166229248047,210.04446411132812]",0.7035205839538267,TP,IOU_GE_0.50,MATCHED,0.25
002_20200629_163659(7),0,4,"[141.99999999999997,140.0,152.0,147.0]",True,0.6848529577255249,"[143.1227264404297,139.03282165527344,152.60948181152344,148.75697326660156]",0.6207280081187528,TP,IOU_GE_0.50,MATCHED,0.25
002_20200629_163659(7),1,4,"[148.0,163.99999999999997,155.0,171.0]",False,0.6758801341056824,"[147.1767120361328,162.02212524414062,156.99124145507812,172.01214599609375]",0.499758521955573,FN,NOT_MATCHED,LOCALIZATION_FAILURE,0.25
002_20200629_163659(7),2,4,"[154.0,193.0,162.0,201.99999999999997]",True,0.6728724241256714,"[152.977294921875,193.68072509765625,163.4168243408203,204.2134552001953]",0.5767134366551359,TP,IOU_GE_0.50,MATCHED,0.25
002_20200629_163702(8),0,4,"[147.0,143.0,158.0,153.0]",True,0.6484059691429138,"[147.34649658203125,143.1555633544922,157.3692626953125,153.44883728027344]",0.8617441060329489,TP,IOU_GE_0.50,MATCHED,0.25
002_20200629_163702(8),1,4,"[149.0,167.0,158.0,177.0]",True,0.6853801012039185,"[148.39195251464844,167.1405487060547,158.6192169189453,177.6016082763672]",0.8197010152123301,TP,IOU_GE_0.50,MATCHED,0.25
002_20200629_163702(8),2,4,"[151.99999999999997,200.00000000000003,160.99999999999997,208.99999999999997]",True,0.6853500604629517,"[151.7711181640625,200.34262084960938,161.7064971923828,210.41493225097656]",0.7553273584127437,TP,IOU_GE_0.50,MATCHED,0.25
002_20200629_163705(8),0,4,"[152.0,143.0,163.0,152.0]",True,0.6832126975059509,"[153.08758544921875,142.3358154296875,162.8263702392578,152.03575134277344]",0.8283116736682546,TP,IOU_GE_0.50,MATCHED,0.25
002_20200629_163705(8),1,4,"[156.0,165.0,165.0,175.99999999999997]",True,0.6636427640914917,"[155.5729217529297,165.35935974121094,165.1161651611328,175.48219299316406]",0.8718299471823218,TP,IOU_GE_0.50,MATCHED,0.25
002_20200629_163705(8),2,4,"[160.0,197.00000000000003,167.99999999999997,209.00000000000003]",True,0.6367544531822205,"[159.23678588867188,198.27244567871094,169.164306640625,208.32266235351562]",0.6968912089636743,TP,IOU_GE_0.50,MATCHED,0.25
002_20200629_163708(9),0,4,"[154.0,136.0,163.0,145.0]",True,0.6724892258644104,"[153.14625549316406,135.99880981445312,163.5940399169922,146.4575958251953]",0.7412753159924496,TP,IOU_GE_0.50,MATCHED,0.25
002_20200629_163708(9),1,4,"[153.0,162.0,164.0,169.0]",True,0.6897755861282349,"[152.7824249267578,160.3806915283203,162.7250518798828,170.4661865234375]",0.6233953312844743,TP,IOU_GE_0.50,MATCHED,0.25
002_20200629_163708(9),2,4,"[154.0,193.0,163.0,201.99999999999997]",True,0.6697393655776978,"[153.58407592773438,193.11460876464844,164.0298614501953,203.6444854736328]",0.720279362897376,TP,IOU_GE_0.50,MATCHED,0.25
002_20200629_163711(8),0,4,"[153.0,142.0,162.0,152.0]",True,0.671422004699707,"[152.91470336914062,142.99310302734375,162.33401489257812,152.53578186035156]",0.8202721153431964,TP,IOU_GE_0.50,MATCHED,0.25
002_20200629_163711(8),1,4,"[156.0,165.99999999999997,164.0,175.99999999999997]",True,0.6644185185432434,"[154.81568908691406,166.4348602294922,164.60963439941406,176.4018096923828]",0.756925573002066,TP,IOU_GE_0.50,MATCHED,0.25
002_20200629_163711(8),2,4,"[158.99999999999997,200.00000000000003,165.0,210.0]",True,0.7238187789916992,"[157.63926696777344,199.1746063232422,167.6707305908203,209.49847412109375]",0.534760462714366,TP,IOU_GE_0.50,MATCHED,0.25
002_20200714_042641(8),0,4,"[187.0,115.00000000000001,195.0,126.0]",True,0.6071109771728516,"[187.7012176513672,116.10381317138672,196.8378143310547,125.51101684570312]",0.652122556535807,TP,IOU_GE_0.50,MATCHED,0.25
002_20200714_042641(8),1,4,"[190.0,139.00000000000003,198.0,150.0]",True,0.6061162948608398,"[191.06964111328125,139.75253295898438,199.547119140625,148.3970489501953]",0.5909754118209162,TP,IOU_GE_0.50,MATCHED,0.25
002_20200714_042641(8),2,4,"[195.0,172.0,203.0,181.99999999999997]",True,0.639782190322876,"[195.50921630859375,172.34486389160156,204.0792999267578,180.82850646972656]",0.7127826512173291,TP,IOU_GE_0.50,MATCHED,0.25
002_20200714_163046(2),0,4,"[202.0,133.0,211.99999999999997,142.0]",True,0.6399000287055969,"[202.449951171875,132.54612731933594,211.8927459716797,141.9609832763672]",0.8974490583011462,TP,IOU_GE_0.50,MATCHED,0.25
002_20200714_163046(2),1,4,"[202.0,155.0,211.99999999999997,164.0]",True,0.6557494401931763,"[202.7349090576172,154.92762756347656,211.38226318359375,163.64598083496094]",0.8249839805501762,TP,IOU_GE_0.50,MATCHED,0.25
002_20200714_163046(2),2,4,"[204.0,180.00000000000003,214.0,190.0]",True,0.6243076324462891,"[204.61532592773438,180.35659790039062,212.97872924804688,188.56578063964844]",0.6865670617856104,TP,IOU_GE_0.50,MATCHED,0.25
002_20200714_163049(8),0,4,"[203.99999999999997,133.0,216.0,143.0]",True,0.6365821361541748,"[205.52859497070312,133.302734375,215.1819305419922,143.21084594726562]",0.7670805746449538,TP,IOU_GE_0.50,MATCHED,0.25
002_20200714_163049(8),1,4,"[209.0,157.0,218.00000000000003,167.0]",True,0.6269850730895996,"[209.18507385253906,156.00453186035156,217.65240478515625,164.43975830078125]",0.6400036814550093,TP,IOU_GE_0.50,MATCHED,0.25
002_20200714_163049(8),2,4,"[212.0,179.0,221.99999999999997,190.0]",True,0.6263576745986938,"[213.1637420654297,180.49029541015625,221.71983337402344,189.0003204345703]",0.6619322831573153,TP,IOU_GE_0.50,MATCHED,0.25
002_20200714_163053(5),0,4,"[195.0,148.0,203.0,158.0]",True,0.63788902759552,"[194.53567504882812,147.71475219726562,204.7035675048828,157.983642578125]",0.763977546865859,TP,IOU_GE_0.50,MATCHED,0.25
002_20200714_163053(5),1,4,"[199.99999999999997,169.0,209.0,177.00000000000003]",True,0.6049966216087341,"[201.00564575195312,168.98448181152344,209.5806427001953,177.62033081054688]",0.7790103116795283,TP,IOU_GE_0.50,MATCHED,0.25
002_20200714_163053(5),2,4,"[208.0,192.00000000000003,216.0,201.0]",True,0.6160303354263306,"[207.929443359375,192.396240234375,216.97674560546875,201.4400177001953]",0.8098446081472096,TP,IOU_GE_0.50,MATCHED,0.25
002_20200714_163056(8),0,4,"[207.00000000000003,148.0,217.0,157.0]",True,0.6579620242118835,"[206.24110412597656,147.12110900878906,216.38865661621094,157.57272338867188]",0.7574185157947647,TP,IOU_GE_0.50,MATCHED,0.25
002_20200714_163056(8),1,4,"[209.0,169.0,220.0,178.99999999999997]",True,0.613459587097168,"[209.9958953857422,169.66213989257812,218.4571075439453,178.21896362304688]",0.6581918271258492,TP,IOU_GE_0.50,MATCHED,0.25
002_20200714_163056(8),2,4,"[213.0,194.00000000000003,222.99999999999997,202.99999999999997]",True,0.6405811905860901,"[213.471435546875,194.8740234375,222.40960693359375,203.76589965820312]",0.749969687800633,TP,IOU_GE_0.50,MATCHED,0.25
002_20200714_163100(2),0,4,"[201.0,150.0,209.0,159.0]",True,0.6315741539001465,"[200.85011291503906,149.8640899658203,210.20997619628906,159.23812866210938]",0.8206089501482581,TP,IOU_GE_0.50,MATCHED,0.25
002_20200714_163100(2),1,4,"[203.99999999999997,170.0,213.0,178.99999999999997]",True,0.6232906579971313,"[204.79757690429688,171.59640502929688,213.6831817626953,180.57339477539062]",0.6070400768243741,TP,IOU_GE_0.50,MATCHED,0.25
002_20200714_163100(2),2,4,"[210.0,197.00000000000003,217.99999999999997,205.99999999999997]",True,0.6135473251342773,"[209.70497131347656,196.42840576171875,218.76759338378906,205.7672882080078]",0.8108806822556396,TP,IOU_GE_0.50,MATCHED,0.25
002_20200714_163103(5),0,4,"[199.99999999999997,138.0,209.0,147.0]",True,0.6352683901786804,"[200.57469177246094,138.0142822265625,210.0361328125,147.8911895751953]",0.766717154857006,TP,IOU_GE_0.50,MATCHED,0.25
002_20200714_163103(5),1,4,"[202.0,160.0,210.0,170.0]",True,0.6264612674713135,"[202.7049102783203,160.62054443359375,211.28074645996094,169.42323303222656]",0.7035562645752809,TP,IOU_GE_0.50,MATCHED,0.25
002_20200714_163103(5),2,4,"[206.0,185.00000000000003,215.0,195.0]",True,0.6544281840324402,"[206.22048950195312,185.86561584472656,215.09925842285156,194.80723571777344]",0.8637383434960666,TP,IOU_GE_0.50,MATCHED,0.25
002_20200901_003133(6),0,4,"[245.0,155.0,253.99999999999997,163.0]",True,0.733768105506897,"[244.43064880371094,154.56658935546875,253.70513916015625,163.93109130859375]",0.780643593093185,TP,IOU_GE_0.50,MATCHED,0.25
002_20200901_003136(6),0,4,"[236.0,156.0,246.99999999999997,165.0]",True,0.7391125559806824,"[237.51991271972656,155.5848846435547,246.26937866210938,164.37033081054688]",0.7135776119580464,TP,IOU_GE_0.50,MATCHED,0.25
002_20200901_003139(6),0,4,"[246.0,148.0,256.0,157.0]",True,0.6843447685241699,"[246.68722534179688,147.191162109375,255.50869750976562,156.20948791503906]",0.7455568443568583,TP,IOU_GE_0.50,MATCHED,0.25
002_20200901_003142(6),0,4,"[245.0,156.0,255.0,164.0]",True,0.6868740320205688,"[245.37828063964844,155.94432067871094,254.64227294921875,165.44924926757812]",0.7889146182011064,TP,IOU_GE_0.50,MATCHED,0.25
002_20200901_003148(6),0,4,"[245.0,154.0,256.0,165.0]",True,0.7237863540649414,"[247.62368774414062,155.3802490234375,256.29925537109375,164.22592163085938]",0.5992385333832672,TP,IOU_GE_0.50,MATCHED,0.25
002_20200904_230054(2),0,4,"[236.0,138.0,245.99999999999997,149.0]",True,0.6880045533180237,"[237.07252502441406,139.02996826171875,246.26197814941406,148.32073974609375]",0.7377051900123763,TP,IOU_GE_0.50,MATCHED,0.25
002_20200904_230057(6),0,4,"[246.0,165.99999999999997,256.0,174.99999999999997]",True,0.6581948399543762,"[246.9442901611328,165.54409790039062,256.18853759765625,175.2775115966797]",0.8276210698573495,TP,IOU_GE_0.50,MATCHED,0.25
002_20200904_230105(4),0,4,"[243.0,142.0,252.99999999999997,151.0]",True,0.6802535057067871,"[242.85643005371094,142.36557006835938,252.6508331298828,152.4060821533203]",0.7935277341799274,TP,IOU_GE_0.50,MATCHED,0.25
002_20200905_123055(0),0,4,"[248.00000000000003,137.0,257.0,145.0]",True,0.7002968192100525,"[248.82861328125,136.01724243164062,258.7801208496094,146.19593811035156]",0.6057238393085407,TP,IOU_GE_0.50,MATCHED,0.25
002_20200905_123058(4),0,4,"[237.0,149.0,244.99999999999997,159.0]",True,0.6923655867576599,"[235.8821563720703,148.78431701660156,245.36074829101562,158.6921844482422]",0.8045379985149451,TP,IOU_GE_0.50,MATCHED,0.25
002_20200905_123102(0),0,4,"[244.0,153.0,253.99999999999997,160.0]",True,0.7176621556282043,"[244.13890075683594,151.51907348632812,254.01736450195312,161.81687927246094]",0.6721372634681648,TP,IOU_GE_0.50,MATCHED,0.25
002_20200905_123103(4),0,4,"[241.00000000000003,146.0,252.0,155.0]",True,0.6091234683990479,"[243.6756591796875,146.2651824951172,252.75784301757812,155.49440002441406]",0.6603550577061235,TP,IOU_GE_0.50,MATCHED,0.25
002_20200905_123105(0),0,4,"[237.0,154.0,244.99999999999997,166.0]",True,0.729705274105072,"[236.3689727783203,155.0646514892578,245.59312438964844,164.363525390625]",0.6927617114203942,TP,IOU_GE_0.50,MATCHED,0.25
002_20200905_123107(5),0,4,"[237.0,141.0,249.0,152.0]",True,0.6357674598693848,"[239.9947967529297,140.8817901611328,249.04190063476562,150.47628784179688]",0.6393805620702762,TP,IOU_GE_0.50,MATCHED,0.25
002_20200905_123108(4),0,4,"[247.00000000000003,156.0,257.0,169.0]",True,0.6866976022720337,"[247.81471252441406,158.16058349609375,257.27911376953125,167.76145935058594]",0.6646591783128774,TP,IOU_GE_0.50,MATCHED,0.25
002_20200905_123111(6),0,4,"[247.00000000000003,120.0,257.0,131.0]",True,0.6335355639457703,"[247.872802734375,121.19815063476562,257.1025695800781,130.59764099121094]",0.773141955860901,TP,IOU_GE_0.50,MATCHED,0.25
002_20200905_123112(0),0,4,"[240.00000000000003,141.0,248.0,152.0]",True,0.7207024097442627,"[240.55784606933594,141.56434631347656,249.94410705566406,151.01629638671875]",0.6612688014967499,TP,IOU_GE_0.50,MATCHED,0.25
002_20200906_003114(0),0,4,"[245.0,153.0,255.0,165.0]",True,0.7007176876068115,"[245.62860107421875,155.17247009277344,254.77328491210938,164.3433074951172]",0.6988700714427978,TP,IOU_GE_0.50,MATCHED,0.25
002_20200906_003117(3),0,4,"[245.0,164.0,256.0,176.0]",True,0.6580995321273804,"[247.36941528320312,166.13320922851562,256.2283630371094,175.3453826904297]",0.5928727670056593,TP,IOU_GE_0.50,MATCHED,0.25
002_20200906_003120(8),0,4,"[248.00000000000003,180.00000000000003,258.0,189.0]",True,0.7613065242767334,"[248.46238708496094,179.8094940185547,258.3138122558594,189.87750244140625]",0.8305957913628893,TP,IOU_GE_0.50,MATCHED,0.25
002_20200906_003124(0),0,4,"[246.0,150.0,258.0,159.0]",True,0.6731083989143372,"[247.53298950195312,150.64901733398438,256.4644470214844,159.69786071777344]",0.6529330710129502,TP,IOU_GE_0.50,MATCHED,0.25
002_20200906_003127(3),0,4,"[248.00000000000003,161.0,257.0,173.0]",True,0.699635922908783,"[248.14833068847656,163.5270233154297,257.193603515625,172.69541931152344]",0.7392902260286557,TP,IOU_GE_0.50,MATCHED,0.25
002_20200906_003130(7),0,4,"[241.00000000000003,146.0,251.0,157.0]",True,0.7002089619636536,"[242.66653442382812,146.94195556640625,251.9600830078125,156.4113311767578]",0.6626231998605169,TP,IOU_GE_0.50,MATCHED,0.25
002_20200907_184813(1),0,4,"[251.0,105.0,258.0,114.0]",True,0.6104681491851807,"[250.4210662841797,104.61581420898438,259.70672607421875,114.08055114746094]",0.7168350527082465,TP,IOU_GE_0.50,MATCHED,0.25
002_20200907_184815(7),0,4,"[239.0,238.0,248.0,246.99999999999997]",True,0.5966537594795227,"[239.4875030517578,238.57754516601562,249.58717346191406,249.0332794189453]",0.6239689428757658,TP,IOU_GE_0.50,MATCHED,0.25
002_20200907_184818(2),0,4,"[238.0,159.0,245.99999999999997,170.0]",True,0.6111286282539368,"[238.9895477294922,159.66690063476562,248.73019409179688,169.91847229003906]",0.6196129794701954,TP,IOU_GE_0.50,MATCHED,0.25
002_20200907_184823(7),0,4,"[248.00000000000003,183.0,256.0,195.0]",True,0.6424227952957153,"[248.65713500976562,184.0665283203125,258.9019470214844,194.53289794921875]",0.6081459666324303,TP,IOU_GE_0.50,MATCHED,0.25
002_20200907_184826(3),0,4,"[244.0,189.0,253.99999999999997,196.0]",True,0.6260933876037598,"[244.37538146972656,186.946044921875,254.09170532226562,196.78750610351562]",0.6857200076631446,TP,IOU_GE_0.50,MATCHED,0.25
002_20200907_184828(8),0,4,"[239.0,170.0,249.0,180.0]",True,0.6259379982948303,"[241.34793090820312,170.8138885498047,250.69955444335938,180.1367645263672]",0.6013516780892395,TP,IOU_GE_0.50,MATCHED,0.25
