stem,fold_id,width,height,gt_boxes_json,prediction_boxes_json,prediction_count_at_floor,confidence_floor
001_20200623_043227(1),4,576,444,"[[341.00000000000006,148.0,354.0,161.0],[342.0,179.99999999999997,356.0,194.0],[346.00000000000006,229.00000000000003,358.0,237.99999999999997]]","[{""bbox"":[342.45867919921875,181.33192443847656,355.7969055175781,194.76995849609375],""confidence"":0.6348767280578613},{""bbox"":[341.41387939453125,148.6859588623047,353.9252014160156,161.64663696289062],""confidence"":0.6251234412193298},{""bbox"":[346.62225341796875,226.63624572753906,358.2020263671875,239.9607391357422],""confidence"":0.6134539246559143},{""bbox"":[336.9223937988281,148.2642059326172,351.0535583496094,161.51651000976562],""confidence"":0.06530453264713287},{""bbox"":[342.7020263671875,148.51060485839844,356.8349914550781,162.26828002929688],""confidence"":0.0208368469029665},{""bbox"":[341.796630859375,182.1298065185547,356.9487609863281,197.80389404296875],""confidence"":0.01979011669754982},{""bbox"":[547.229736328125,436.6363220214844,560.95654296875,444.0],""confidence"":0.006911168806254864},{""bbox"":[346.5946960449219,227.1360626220703,361.23760986328125,244.4629364013672],""confidence"":0.006693630944937468},{""bbox"":[336.9826965332031,181.35369873046875,349.7333068847656,192.39573669433594],""confidence"":0.004989972338080406},{""bbox"":[341.8399658203125,226.96517944335938,356.4009704589844,239.1699981689453],""confidence"":0.0019786562770605087},{""bbox"":[345.99847412109375,187.5667724609375,357.8287048339844,201.845703125],""confidence"":0.0014813302550464869}]",11,0.001
001_20200623_043231(6),4,576,444,"[[350.00000000000006,150.0,362.0,163.0],[351.0,184.00000000000003,362.99999999999994,195.0],[351.0,228.99999999999997,365.0,240.0]]","[{""bbox"":[349.9579772949219,183.67843627929688,363.1547546386719,197.12493896484375],""confidence"":0.6443319320678711},{""bbox"":[348.74066162109375,150.6840057373047,361.5634460449219,163.423095703125],""confidence"":0.6287542581558228},{""bbox"":[353.68701171875,228.99295043945312,365.0824890136719,241.11585998535156],""confidence"":0.6046171188354492},{""bbox"":[351.2738342285156,227.4390106201172,365.2341613769531,242.5570831298828],""confidence"":0.17472469806671143},{""bbox"":[348.69482421875,181.89596557617188,362.400390625,195.7613067626953],""confidence"":0.10592444241046906},{""bbox"":[350.96484375,186.24874877929688,364.3858337402344,201.2574920654297],""confidence"":0.02320781722664833},{""bbox"":[352.63238525390625,225.4326934814453,366.2229309082031,241.2615203857422],""confidence"":0.020376870408654213},{""bbox"":[547.259765625,436.6743469238281,560.9232177734375,444.0],""confidence"":0.006720554083585739},{""bbox"":[355.1393127441406,226.12229919433594,369.8768005371094,241.76239013671875],""confidence"":0.006587343756109476},{""bbox"":[347.364013671875,146.33302307128906,362.0540466308594,163.2421417236328],""confidence"":0.005382905248552561},{""bbox"":[348.85968017578125,229.4354248046875,362.7935791015625,241.7227020263672],""confidence"":0.0033455260563641787},{""bbox"":[447.7718505859375,193.427490234375,458.2418212890625,204.22792053222656],""confidence"":0.0026944996789097786},{""bbox"":[354.83502197265625,180.85440063476562,370.3144836425781,197.68446350097656],""confidence"":0.002409673761576414},{""bbox"":[347.25201416015625,150.43260192871094,363.9031982421875,168.8247528076172],""confidence"":0.0016681365668773651}]",14,0.001
001_20200623_043236(1),4,576,444,"[[348.0,142.0,360.99999999999994,153.0],[348.0,175.0,360.99999999999994,187.0],[350.00000000000006,219.0,362.0,233.0]]","[{""bbox"":[349.7149658203125,221.07611083984375,361.8944091796875,233.44117736816406],""confidence"":0.6368283629417419},{""bbox"":[347.94012451171875,175.83457946777344,360.7473449707031,189.3579864501953],""confidence"":0.6188454031944275},{""bbox"":[347.60552978515625,142.5226593017578,359.5668029785156,154.99989318847656],""confidence"":0.6054145097732544},{""bbox"":[348.0318908691406,218.19589233398438,361.3315124511719,232.9343719482422],""confidence"":0.03847404196858406},{""bbox"":[346.3951110839844,139.08375549316406,360.0450744628906,154.73910522460938],""confidence"":0.03838690370321274},{""bbox"":[345.7572021484375,142.49349975585938,362.2172546386719,159.28038024902344],""confidence"":0.03288217633962631},{""bbox"":[354.98980712890625,174.04885864257812,369.71441650390625,189.19241333007812],""confidence"":0.007548337336629629},{""bbox"":[349.8954772949219,218.22247314453125,364.3725891113281,234.13644409179688],""confidence"":0.007435755804181099},{""bbox"":[547.2349243164062,436.6659851074219,560.9078369140625,444.0],""confidence"":0.006370168644934893},{""bbox"":[349.4941101074219,176.50611877441406,363.9434509277344,188.97109985351562],""confidence"":0.005555485840886831},{""bbox"":[349.537109375,142.33111572265625,364.0550537109375,155.10519409179688],""confidence"":0.00409295316785574},{""bbox"":[354.8031921386719,218.6316375732422,369.617431640625,234.55911254882812],""confidence"":0.0024441666901111603},{""bbox"":[347.1439514160156,168.45083618164062,362.5562438964844,184.50196838378906],""confidence"":0.002091002883389592},{""bbox"":[349.24169921875,213.3925323486328,362.4739685058594,228.4587860107422],""confidence"":0.001753349439240992}]",14,0.001
001_20200623_043240(6),4,576,444,"[[346.00000000000006,150.0,358.0,164.0],[351.0,232.0,362.00000000000006,242.0],[349.0,186.00000000000003,360.99999999999994,198.0]]","[{""bbox"":[350.5392761230469,230.70494079589844,363.0330505371094,242.6169891357422],""confidence"":0.6331703662872314},{""bbox"":[347.38861083984375,184.76141357421875,360.4014892578125,198.02911376953125],""confidence"":0.6149841547012329},{""bbox"":[346.6285705566406,152.1986541748047,359.0797119140625,165.19338989257812],""confidence"":0.596489667892456},{""bbox"":[350.6612854003906,229.78936767578125,364.6441345214844,244.86119079589844],""confidence"":0.11755694448947906},{""bbox"":[348.3815612792969,186.23533630371094,361.0408935546875,201.3106689453125],""confidence"":0.07684414833784103},{""bbox"":[346.0001525878906,153.41995239257812,360.48358154296875,168.86326599121094],""confidence"":0.018362293019890785},{""bbox"":[349.52099609375,185.8728485107422,363.98895263671875,198.19281005859375],""confidence"":0.009779793210327625},{""bbox"":[547.3259887695312,436.7054443359375,560.9342041015625,444.0],""confidence"":0.006570845376700163},{""bbox"":[448.3638916015625,193.83633422851562,458.6151428222656,204.30313110351562],""confidence"":0.002138853305950761},{""bbox"":[460.9568786621094,193.0188446044922,472.2007141113281,204.27841186523438],""confidence"":0.001318671740591526}]",10,0.001
001_20200623_043245(2),4,576,444,"[[350.0,155.99999999999997,361.0,168.0],[351.0,191.0,362.99999999999994,201.0],[355.0,236.0,364.0,249.00000000000003]]","[{""bbox"":[349.1180419921875,155.29998779296875,362.25689697265625,168.72572326660156],""confidence"":0.6335373520851135},{""bbox"":[350.1623229980469,189.037353515625,363.0900573730469,202.023193359375],""confidence"":0.6146135926246643},{""bbox"":[354.24200439453125,234.7813720703125,365.7315979003906,247.4187774658203],""confidence"":0.6131795644760132},{""bbox"":[351.35687255859375,234.3862762451172,364.4945983886719,246.50660705566406],""confidence"":0.15415702760219574},{""bbox"":[355.4571533203125,187.13133239746094,369.7637634277344,202.5102081298828],""confidence"":0.027104932814836502},{""bbox"":[356.0011901855469,233.53582763671875,369.6263122558594,247.9371337890625],""confidence"":0.02055378630757332},{""bbox"":[349.58929443359375,189.9020233154297,364.0093994140625,204.91748046875],""confidence"":0.010392540134489536},{""bbox"":[348.10235595703125,155.71043395996094,365.1097412109375,173.15682983398438],""confidence"":0.008573289029300213},{""bbox"":[547.5612182617188,436.86566162109375,560.8439331054688,444.0],""confidence"":0.005661078728735447},{""bbox"":[349.8614196777344,183.40525817871094,364.2566833496094,198.6251678466797],""confidence"":0.004033699631690979},{""bbox"":[350.88616943359375,227.68812561035156,363.97198486328125,242.3177490234375],""confidence"":0.0011258674785494804}]",11,0.001
001_20200623_043249(6),4,576,444,"[[345.0,154.0,358.0,169.0],[346.0,191.00000000000003,357.00000000000006,203.0],[347.0,236.0,360.0,244.99999999999997]]","[{""bbox"":[344.4422607421875,154.74188232421875,356.6282958984375,167.79995727539062],""confidence"":0.6378278136253357},{""bbox"":[347.628173828125,233.60385131835938,359.4681396484375,246.7444305419922],""confidence"":0.6232151985168457},{""bbox"":[345.5234069824219,188.46095275878906,357.8589782714844,201.4794158935547],""confidence"":0.6153551340103149},{""bbox"":[341.5124816894531,152.90826416015625,355.64923095703125,166.95648193359375],""confidence"":0.021217258647084236},{""bbox"":[345.0521545410156,183.96322631835938,358.76995849609375,198.7801055908203],""confidence"":0.016741052269935608},{""bbox"":[341.747802734375,188.34642028808594,355.9131774902344,201.0790252685547],""confidence"":0.010669561102986336},{""bbox"":[347.50726318359375,227.60572814941406,359.99774169921875,242.08944702148438],""confidence"":0.0066793509759008884},{""bbox"":[345.6789855957031,189.55068969726562,360.2183532714844,204.8654022216797],""confidence"":0.006006236653774977},{""bbox"":[547.6587524414062,436.9165954589844,560.8447875976562,444.0],""confidence"":0.005160567816346884},{""bbox"":[349.6286315917969,233.751953125,364.0008239746094,246.37271118164062],""confidence"":0.002472164575010538},{""bbox"":[356.5229797363281,188.72071838378906,370.0052795410156,202.7625732421875],""confidence"":0.0014719758182764053}]",11,0.001
001_20200623_163159(5),4,576,444,"[[364.0,157.00000000000003,379.0,169.0],[364.0,188.0,378.0,199.99999999999997],[365.0,226.0,380.99999999999994,237.99999999999997]]","[{""bbox"":[364.5020446777344,154.64390563964844,377.7487487792969,168.2411651611328],""confidence"":0.6469208002090454},{""bbox"":[364.6505432128906,187.42916870117188,377.5580749511719,200.05410766601562],""confidence"":0.607079803943634},{""bbox"":[368.8341369628906,224.35621643066406,380.2716979980469,236.42843627929688],""confidence"":0.5653166770935059},{""bbox"":[365.5462646484375,224.644287109375,377.1090393066406,234.71473693847656],""confidence"":0.07800073176622391},{""bbox"":[362.53692626953125,152.5576934814453,377.0204772949219,167.57913208007812],""confidence"":0.0777580514550209},{""bbox"":[364.1684265136719,183.579833984375,378.5341491699219,198.67031860351562],""confidence"":0.028407244011759758},{""bbox"":[371.2181701660156,223.66241455078125,384.26434326171875,236.7194366455078],""confidence"":0.025945549830794334},{""bbox"":[547.3347778320312,436.73175048828125,560.8965454101562,444.0],""confidence"":0.006180969066917896},{""bbox"":[369.2318420410156,186.55816650390625,383.9565124511719,202.686767578125],""confidence"":0.0033793591428548098},{""bbox"":[364.38299560546875,189.19198608398438,378.34320068359375,204.65370178222656],""confidence"":0.003234865376725793},{""bbox"":[363.223876953125,156.49293518066406,379.984619140625,173.73426818847656],""confidence"":0.0027741086669266224},{""bbox"":[368.7074279785156,225.38616943359375,382.8693542480469,240.7711944580078],""confidence"":0.0015346813015639782}]",12,0.001
001_20200623_163209(3),4,576,444,"[[365.0,158.0,377.0,169.0],[364.0,188.0,378.0,203.0],[369.0,226.0,384.00000000000006,239.99999999999997]]","[{""bbox"":[364.2453308105469,155.93490600585938,377.2202453613281,168.8936767578125],""confidence"":0.6421912908554077},{""bbox"":[370.60345458984375,224.70883178710938,382.48443603515625,236.6558074951172],""confidence"":0.6169202923774719},{""bbox"":[366.1893615722656,189.2593231201172,378.24652099609375,201.71018981933594],""confidence"":0.6121074557304382},{""bbox"":[363.2957763671875,188.70632934570312,376.8619689941406,201.0764923095703],""confidence"":0.04918278381228447},{""bbox"":[365.7036437988281,224.75205993652344,377.72259521484375,235.06141662597656],""confidence"":0.04894375801086426},{""bbox"":[371.9054260253906,225.14979553222656,385.5562744140625,236.88516235351562],""confidence"":0.035811152309179306},{""bbox"":[362.428955078125,153.03990173339844,376.6671142578125,168.24476623535156],""confidence"":0.028274012729525566},{""bbox"":[369.4687805175781,187.13758850097656,384.01531982421875,202.83837890625],""confidence"":0.019039861857891083},{""bbox"":[367.5103454589844,190.27304077148438,379.594970703125,204.65672302246094],""confidence"":0.013051281683146954},{""bbox"":[364.918701171875,183.48277282714844,379.20758056640625,198.5728759765625],""confidence"":0.008502558805048466},{""bbox"":[547.3060913085938,436.6661682128906,560.9708862304688,444.0],""confidence"":0.00703427055850625},{""bbox"":[363.3232727050781,156.85006713867188,379.3916015625,173.58999633789062],""confidence"":0.006076934281736612},{""bbox"":[370.15228271484375,225.64662170410156,384.11810302734375,240.72079467773438],""confidence"":0.0035129752941429615},{""bbox"":[362.60650634765625,190.45486450195312,375.931640625,204.75872802734375],""confidence"":0.001275544287636876},{""bbox"":[312.5644226074219,116.8172378540039,326.4868469238281,130.92945861816406],""confidence"":0.0011167093180119991}]",15,0.001
001_20200623_163212(9),4,576,444,"[[360.99999999999994,140.0,372.0,152.00000000000003],[360.0,171.0,375.99999999999994,184.00000000000003],[362.99999999999994,208.0,374.0,218.99999999999997]]","[{""bbox"":[363.5200500488281,207.1114501953125,375.3569641113281,219.16323852539062],""confidence"":0.6274698376655579},{""bbox"":[360.0880126953125,170.53895568847656,372.17474365234375,183.32659912109375],""confidence"":0.6178007125854492},{""bbox"":[359.9169921875,137.54849243164062,373.04290771484375,151.68081665039062],""confidence"":0.5978522896766663},{""bbox"":[360.6571960449219,172.31033325195312,373.6041259765625,187.25921630859375],""confidence"":0.058700207620859146},{""bbox"":[358.4061584472656,167.8415985107422,372.8072509765625,182.621826171875],""confidence"":0.05849802866578102},{""bbox"":[359.21722412109375,138.82093811035156,374.27703857421875,154.6068572998047],""confidence"":0.0517258420586586},{""bbox"":[365.03668212890625,207.95797729492188,378.40264892578125,219.46499633789062],""confidence"":0.02197892591357231},{""bbox"":[362.7732238769531,203.9447021484375,375.3089294433594,217.64706420898438],""confidence"":0.020160295069217682},{""bbox"":[370.22528076171875,206.15750122070312,384.2051086425781,220.20571899414062],""confidence"":0.012561221607029438},{""bbox"":[356.1756896972656,170.71188354492188,370.6745910644531,183.5475311279297],""confidence"":0.007058543618768454},{""bbox"":[356.0684814453125,137.83729553222656,371.06158447265625,151.43572998046875],""confidence"":0.006391857285052538},{""bbox"":[547.2137451171875,436.6594543457031,560.8834838867188,444.0],""confidence"":0.006287607830017805},{""bbox"":[308.99609375,98.18830108642578,322.91314697265625,113.01072692871094],""confidence"":0.0014138119295239449},{""bbox"":[356.04400634765625,167.548095703125,370.37945556640625,181.60964965820312],""confidence"":0.001057516667060554}]",14,0.001
001_20200623_163216(2),4,576,444,"[[335.0,159.0,349.0,173.0],[339.0,192.0,354.0,207.0],[342.99999999999994,239.99999999999997,358.0,251.0]]","[{""bbox"":[337.0410461425781,160.23223876953125,349.3655090332031,172.79856872558594],""confidence"":0.6303676962852478},{""bbox"":[340.9800720214844,192.63621520996094,353.1299743652344,205.08258056640625],""confidence"":0.6240125298500061},{""bbox"":[345.8446960449219,238.26332092285156,357.5955810546875,250.4902801513672],""confidence"":0.6098852157592773},{""bbox"":[336.3736267089844,158.16810607910156,351.6256103515625,173.90853881835938],""confidence"":0.1956905871629715},{""bbox"":[341.5278625488281,190.53318786621094,355.53717041015625,204.85781860351562],""confidence"":0.10858765244483948},{""bbox"":[337.16253662109375,192.66830444335938,350.0322570800781,203.79800415039062],""confidence"":0.07565026730298996},{""bbox"":[339.74755859375,189.6133575439453,353.1197204589844,204.20858764648438],""confidence"":0.019452808424830437},{""bbox"":[336.7009582519531,161.0798797607422,350.1733703613281,175.90879821777344],""confidence"":0.018068082630634308},{""bbox"":[547.1984252929688,436.6303405761719,560.9723510742188,444.0],""confidence"":0.0071020410396158695},{""bbox"":[341.6557312011719,238.71197509765625,355.4906921386719,250.3558349609375],""confidence"":0.004192484077066183},{""bbox"":[344.92840576171875,238.92971801757812,359.5794982910156,255.13687133789062],""confidence"":0.0019448689417913556},{""bbox"":[333.9357604980469,160.94854736328125,348.01263427734375,176.00997924804688],""confidence"":0.001846990780904889}]",12,0.001
001_20200623_163219(5),4,576,444,"[[342.99999999999994,194.0,357.0,208.0],[347.0,230.00000000000003,364.0,243.00000000000003],[358.0,273.0,371.0,285.0]]","[{""bbox"":[357.48541259765625,272.6487731933594,370.17523193359375,284.7852478027344],""confidence"":0.6395538449287415},{""bbox"":[348.97711181640625,227.81155395507812,362.7645568847656,241.63674926757812],""confidence"":0.6390137076377869},{""bbox"":[344.1751708984375,195.9627685546875,356.54974365234375,208.52096557617188],""confidence"":0.6252057552337646},{""bbox"":[356.5735778808594,269.37493896484375,370.9628601074219,284.708984375],""confidence"":0.14859580993652344},{""bbox"":[350.27484130859375,228.00315856933594,364.7065734863281,244.2720947265625],""confidence"":0.057406675070524216},{""bbox"":[341.4302978515625,195.94093322753906,354.817138671875,208.61514282226562],""confidence"":0.026732882484793663},{""bbox"":[343.7235107421875,196.76641845703125,357.63922119140625,211.948974609375],""confidence"":0.01284635066986084},{""bbox"":[351.2132873535156,270.2546081542969,364.33673095703125,284.1488952636719],""confidence"":0.010044239461421967},{""bbox"":[357.9520263671875,270.74908447265625,372.3203430175781,287.84930419921875],""confidence"":0.007416417822241783},{""bbox"":[547.8496704101562,436.99908447265625,560.8646240234375,444.0],""confidence"":0.005101448856294155},{""bbox"":[405.3735656738281,220.65261840820312,416.4068298339844,231.9065704345703],""confidence"":0.001841571182012558},{""bbox"":[457.26470947265625,210.91375732421875,467.9194641113281,223.09573364257812],""confidence"":0.0012820996344089508},{""bbox"":[451.09515380859375,213.95318603515625,461.7109069824219,225.08755493164062],""confidence"":0.00105661794077605}]",13,0.001
001_20200623_163222(9),4,576,444,"[[346.0,201.0,360.0,215.0],[351.0,246.0,371.99999999999994,261.0],[340.0,167.0,357.0,181.0]]","[{""bbox"":[341.4197692871094,168.14671325683594,354.0155944824219,181.5444793701172],""confidence"":0.6255515813827515},{""bbox"":[353.4862060546875,245.9698486328125,364.8962707519531,258.02239990234375],""confidence"":0.6106480360031128},{""bbox"":[346.2108459472656,200.989013671875,359.3934631347656,214.45985412597656],""confidence"":0.5824955701828003},{""bbox"":[344.89752197265625,198.36622619628906,359.0222473144531,213.45677185058594],""confidence"":0.11376528441905975},{""bbox"":[351.00762939453125,242.05874633789062,364.2485656738281,256.64593505859375],""confidence"":0.09004820883274078},{""bbox"":[337.0294494628906,167.27700805664062,350.8535461425781,180.1048583984375],""confidence"":0.039315082132816315},{""bbox"":[342.51422119140625,167.19351196289062,356.8714599609375,181.23336791992188],""confidence"":0.03389758616685867},{""bbox"":[547.5883178710938,436.70697021484375,561.1066284179688,444.0],""confidence"":0.008998864330351353},{""bbox"":[352.373291015625,246.2825469970703,366.3653564453125,262.3955383300781],""confidence"":0.0042654285207390785},{""bbox"":[419.05804443359375,194.16519165039062,429.4497985839844,204.54737854003906],""confidence"":0.003644461277872324},{""bbox"":[344.82989501953125,201.807861328125,361.0625305175781,219.31182861328125],""confidence"":0.0032825241796672344},{""bbox"":[341.6707763671875,202.0935516357422,356.53594970703125,215.29275512695312],""confidence"":0.0030022854916751385},{""bbox"":[348.9339599609375,246.45407104492188,362.7769470214844,257.77886962890625],""confidence"":0.0026333341374993324},{""bbox"":[355.7868957519531,240.9216766357422,370.0097961425781,255.9644317626953],""confidence"":0.00226046540774405}]",14,0.001
001_20200624_123313(4),4,576,444,"[[353.00000000000006,193.0,369.0,207.0],[355.0,220.00000000000003,369.0,235.00000000000003],[362.99999999999994,259.0,378.0,273.0]]","[{""bbox"":[363.53411865234375,258.40106201171875,376.20733642578125,270.7908020019531],""confidence"":0.6331380605697632},{""bbox"":[356.9048767089844,221.89393615722656,370.2811584472656,234.87005615234375],""confidence"":0.6290307641029358},{""bbox"":[353.5545349121094,190.953369140625,365.66168212890625,204.13409423828125],""confidence"":0.5930444002151489},{""bbox"":[356.3482971191406,218.88697814941406,371.0408630371094,233.8018035888672],""confidence"":0.31135445833206177},{""bbox"":[351.67474365234375,221.66943359375,365.39288330078125,233.51577758789062],""confidence"":0.019622817635536194},{""bbox"":[362.0635070800781,254.47769165039062,375.849365234375,270.11199951171875],""confidence"":0.008129144087433815},{""bbox"":[547.680419921875,436.9136657714844,560.8591918945312,444.0],""confidence"":0.0056507219560444355},{""bbox"":[494.5437316894531,237.84481811523438,504.636962890625,247.5460205078125],""confidence"":0.003574331756681204},{""bbox"":[493.07958984375,238.98272705078125,502.93902587890625,248.36099243164062],""confidence"":0.0021912604570388794},{""bbox"":[354.7552795410156,188.6919708251953,370.1326904296875,205.7032470703125],""confidence"":0.002009487012401223},{""bbox"":[349.0357971191406,192.41896057128906,372.59454345703125,218.92974853515625],""confidence"":0.0016507382970303297},{""bbox"":[355.00372314453125,222.8190460205078,370.1470031738281,240.72335815429688],""confidence"":0.001302447635680437},{""bbox"":[349.01019287109375,192.05792236328125,363.2961730957031,203.9315185546875],""confidence"":0.0012710612500086427}]",13,0.001
001_20200624_123317(8),4,576,444,"[[355.0,152.0,369.0,165.00000000000003],[354.0,180.0,369.99999999999994,196.0],[357.0,216.0,371.0,231.0]]","[{""bbox"":[357.75750732421875,217.0358123779297,370.1683349609375,228.7977752685547],""confidence"":0.6281728744506836},{""bbox"":[354.5400695800781,148.33929443359375,366.8166809082031,161.4832000732422],""confidence"":0.6198126673698425},{""bbox"":[356.1308898925781,181.6842041015625,368.169921875,193.95164489746094],""confidence"":0.6173909902572632},{""bbox"":[351.22845458984375,147.55184936523438,365.5541687011719,161.2938232421875],""confidence"":0.1679317057132721},{""bbox"":[358.32293701171875,215.50132751464844,371.2726135253906,230.51129150390625],""confidence"":0.15989533066749573},{""bbox"":[351.4879455566406,181.1780548095703,364.1893615722656,191.79238891601562],""confidence"":0.04330408200621605},{""bbox"":[357.424560546875,182.18113708496094,371.1564025878906,194.14810180664062],""confidence"":0.04102995619177818},{""bbox"":[357.32318115234375,212.9211883544922,371.39422607421875,227.8340301513672],""confidence"":0.03573816642165184},{""bbox"":[354.99639892578125,146.3716278076172,369.7130432128906,162.34393310546875],""confidence"":0.029295628890395164},{""bbox"":[356.026123046875,182.81529235839844,369.2330017089844,197.47116088867188],""confidence"":0.011958067305386066},{""bbox"":[547.1315307617188,436.65362548828125,560.881591796875,444.0],""confidence"":0.006046419031918049},{""bbox"":[356.5834045410156,148.1094207763672,371.20111083984375,161.09976196289062],""confidence"":0.0043102651834487915},{""bbox"":[351.3469543457031,219.1204376220703,364.3536376953125,231.43589782714844],""confidence"":0.002482697134837508},{""bbox"":[492.21307373046875,223.91806030273438,503.0167236328125,233.79312133789062],""confidence"":0.002455728128552437},{""bbox"":[489.844970703125,223.97584533691406,500.7900085449219,234.49267578125],""confidence"":0.0022334738168865442},{""bbox"":[357.0199890136719,217.69369506835938,371.5967712402344,233.49851989746094],""confidence"":0.0019267878960818052},{""bbox"":[488.34716796875,224.04478454589844,498.0647888183594,233.4301300048828],""confidence"":0.0013771429657936096},{""bbox"":[415.85174560546875,217.44793701171875,426.45013427734375,226.6561279296875],""confidence"":0.0012320915702730417}]",18,0.001
001_20200624_123322(3),4,576,444,"[[358.0,144.0,372.0,158.0],[362.0,174.0,376.0,189.99999999999997],[365.0,211.0,383.0,227.0]]","[{""bbox"":[357.470703125,143.10667419433594,370.6542663574219,155.96665954589844],""confidence"":0.6313928365707397},{""bbox"":[362.2025146484375,175.35939025878906,374.1759033203125,188.39627075195312],""confidence"":0.6066126823425293},{""bbox"":[367.77294921875,211.18679809570312,378.8194274902344,222.9459686279297],""confidence"":0.5975604057312012},{""bbox"":[365.4954528808594,210.86959838867188,377.2943420410156,221.48606872558594],""confidence"":0.18015053868293762},{""bbox"":[370.60491943359375,209.1851806640625,384.5306396484375,223.5438690185547],""confidence"":0.030075985938310623},{""bbox"":[357.38909912109375,139.01956176757812,372.111083984375,156.19015502929688],""confidence"":0.010298643261194229},{""bbox"":[363.95208740234375,175.16952514648438,378.31201171875,187.49343872070312],""confidence"":0.007937051355838776},{""bbox"":[547.21923828125,436.65875244140625,560.93017578125,444.0],""confidence"":0.006998216267675161},{""bbox"":[367.03729248046875,211.96043395996094,379.9435119628906,226.33285522460938],""confidence"":0.005284333135932684},{""bbox"":[360.1061096191406,169.1544647216797,374.0834655761719,184.23428344726562],""confidence"":0.004676102194935083},{""bbox"":[363.28765869140625,211.69590759277344,376.614501953125,222.74452209472656],""confidence"":0.004552043508738279},{""bbox"":[356.5187072753906,141.90460205078125,372.9732360839844,159.2732696533203],""confidence"":0.002551362616941333},{""bbox"":[355.02252197265625,138.85812377929688,369.7578125,155.1254119873047],""confidence"":0.0019778767600655556},{""bbox"":[421.574462890625,202.41726684570312,432.8234558105469,211.9559326171875],""confidence"":0.0012975909048691392},{""bbox"":[416.4041748046875,202.9107666015625,426.7369384765625,212.3106689453125],""confidence"":0.0012576249428093433},{""bbox"":[365.3042297363281,217.59783935546875,377.62091064453125,230.73672485351562],""confidence"":0.0011522509157657623},{""bbox"":[351.4312438964844,140.68026733398438,365.4225769042969,155.01614379882812],""confidence"":0.0010138520738109946}]",17,0.001
001_20200624_123326(6),4,576,444,"[[345.0,129.0,358.0,143.0],[349.0,162.0,362.0,177.0],[355.0,208.99999999999997,369.0,222.0]]","[{""bbox"":[349.3357238769531,162.51690673828125,361.74609375,175.43682861328125],""confidence"":0.6419321894645691},{""bbox"":[346.26251220703125,129.29161071777344,357.80035400390625,141.22732543945312],""confidence"":0.5883270502090454},{""bbox"":[354.44183349609375,209.42550659179688,365.52264404296875,220.93423461914062],""confidence"":0.5792558193206787},{""bbox"":[351.2967224121094,208.70814514160156,363.98419189453125,219.73385620117188],""confidence"":0.18785619735717773},{""bbox"":[346.73760986328125,126.80315399169922,359.6162109375,140.95816040039062],""confidence"":0.12149373441934586},{""bbox"":[356.0329284667969,207.6746063232422,369.8062744140625,222.0177001953125],""confidence"":0.03489091992378235},{""bbox"":[345.9238586425781,128.73617553710938,361.0841064453125,144.8751678466797],""confidence"":0.026159603148698807},{""bbox"":[355.120361328125,160.08563232421875,369.73095703125,175.1324462890625],""confidence"":0.023234834894537926},{""bbox"":[350.7690124511719,162.7626190185547,364.2962951660156,176.39813232421875],""confidence"":0.013769924640655518},{""bbox"":[547.2138671875,436.64373779296875,560.9490966796875,444.0],""confidence"":0.00665208138525486},{""bbox"":[352.97015380859375,203.9761505126953,366.4453430175781,220.81874084472656],""confidence"":0.0029748373199254274},{""bbox"":[341.5556335449219,129.34255981445312,355.5609436035156,141.71876525878906],""confidence"":0.001334484084509313},{""bbox"":[348.84002685546875,209.5431671142578,362.5753479003906,220.73899841308594],""confidence"":0.001215409836731851},{""bbox"":[344.69818115234375,124.68411254882812,358.7030029296875,141.10081481933594],""confidence"":0.001195966498926282}]",14,0.001
001_20200624_123331(2),4,576,444,"[[348.0,123.99999999999999,360.99999999999994,138.99999999999997],[350.0,159.0,364.0,170.99999999999997],[356.0,203.0,369.0,220.00000000000003]]","[{""bbox"":[349.3239440917969,124.79164123535156,362.1340637207031,138.07257080078125],""confidence"":0.6365032196044922},{""bbox"":[356.62322998046875,204.8508758544922,368.20184326171875,217.376220703125],""confidence"":0.625786304473877},{""bbox"":[352.4482727050781,158.461181640625,365.1968078613281,171.4939422607422],""confidence"":0.6071223020553589},{""bbox"":[357.07672119140625,202.57362365722656,370.4318542480469,217.28965759277344],""confidence"":0.13297787308692932},{""bbox"":[351.1295166015625,155.42376708984375,365.3805847167969,170.67724609375],""confidence"":0.041225627064704895},{""bbox"":[477.63812255859375,207.7908172607422,487.9712219238281,218.422119140625],""confidence"":0.013335921801626682},{""bbox"":[351.18450927734375,205.33128356933594,363.9857177734375,217.44052124023438],""confidence"":0.0131382429972291},{""bbox"":[355.25885009765625,156.54103088378906,369.8410949707031,173.09011840820312],""confidence"":0.01275427546352148},{""bbox"":[348.9364929199219,158.6590118408203,363.3531799316406,171.4834442138672],""confidence"":0.012296991422772408},{""bbox"":[547.09619140625,436.60638427734375,560.9375,444.0],""confidence"":0.006784161552786827},{""bbox"":[350.7660217285156,125.68201446533203,364.4140625,140.0947265625],""confidence"":0.006127655040472746},{""bbox"":[488.89544677734375,206.81976318359375,500.39373779296875,218.49142456054688],""confidence"":0.0021169802639633417},{""bbox"":[356.919189453125,197.901611328125,370.7169189453125,212.84861755371094],""confidence"":0.0019212361657992005},{""bbox"":[351.2910461425781,159.0756072998047,367.75494384765625,176.18115234375],""confidence"":0.0017003080574795604},{""bbox"":[358.71563720703125,205.53469848632812,371.5731506347656,219.1805877685547],""confidence"":0.0013236462837085128}]",15,0.001
001_20200624_123335(6),4,576,444,"[[339.00000000000006,115.00000000000001,355.0,131.99999999999997],[339.00000000000006,151.0,355.0,165.0],[342.0,197.0,353.99999999999994,208.0]]","[{""bbox"":[343.1533508300781,196.80284118652344,356.0423889160156,210.2146759033203],""confidence"":0.6544744968414307},{""bbox"":[341.36212158203125,117.33189392089844,353.6341857910156,130.30125427246094],""confidence"":0.6201031804084778},{""bbox"":[341.3274841308594,151.04588317871094,354.4780578613281,164.1964111328125],""confidence"":0.6200982928276062},{""bbox"":[337.24383544921875,150.264404296875,350.8062438964844,162.0127410888672],""confidence"":0.05284133926033974},{""bbox"":[341.2597351074219,115.87905883789062,355.9018249511719,131.79559326171875],""confidence"":0.04832124710083008},{""bbox"":[342.73040771484375,117.494384765625,356.7381896972656,130.0089569091797],""confidence"":0.03836846351623535},{""bbox"":[336.77374267578125,118.06501007080078,350.8566589355469,131.6160430908203],""confidence"":0.023312512785196304},{""bbox"":[340.843017578125,197.07406616210938,355.12127685546875,212.17861938476562],""confidence"":0.010711939074099064},{""bbox"":[461.1922607421875,163.67613220214844,472.53179931640625,175.17601013183594],""confidence"":0.00949168298393488},{""bbox"":[547.0693359375,436.5968933105469,560.9398193359375,444.0],""confidence"":0.006254412699490786},{""bbox"":[435.7603759765625,208.58216857910156,445.7671813964844,218.59817504882812],""confidence"":0.005485709756612778},{""bbox"":[336.93646240234375,196.26316833496094,350.2059631347656,208.45326232910156],""confidence"":0.004010017029941082},{""bbox"":[339.22808837890625,146.43646240234375,354.69415283203125,163.14999389648438],""confidence"":0.0037789412308484316},{""bbox"":[479.498046875,211.53860473632812,489.3069763183594,221.88926696777344],""confidence"":0.0035950641613453627},{""bbox"":[445.994873046875,208.86219787597656,456.9878845214844,219.78712463378906],""confidence"":0.0021552161779254675},{""bbox"":[339.7606201171875,150.30636596679688,357.0325622558594,168.98150634765625],""confidence"":0.0015947821084409952},{""bbox"":[479.43939208984375,209.5614013671875,490.12689208984375,219.98818969726562],""confidence"":0.0015881245490163565},{""bbox"":[345.0853271484375,199.7480010986328,358.5616149902344,216.03199768066406],""confidence"":0.0013515532482415438},{""bbox"":[438.07080078125,207.60055541992188,447.5505676269531,217.5885009765625],""confidence"":0.0013005604268983006},{""bbox"":[474.34930419921875,164.1436767578125,486.0205383300781,175.43711853027344],""confidence"":0.0011693582637235522}]",20,0.001
001_20200624_203149(7),4,576,444,"[[366.0,224.00000000000003,377.00000000000006,236.0],[368.0,254.00000000000003,378.0,269.0],[370.0,293.0,379.0,306.99999999999994]]","[{""bbox"":[364.9817810058594,224.71295166015625,377.53350830078125,237.05355834960938],""confidence"":0.6451310515403748},{""bbox"":[369.5636291503906,291.55303955078125,381.6259765625,304.7373962402344],""confidence"":0.6313657164573669},{""bbox"":[367.3026428222656,256.1248779296875,379.4362487792969,269.3119812011719],""confidence"":0.6202715039253235},{""bbox"":[365.88348388671875,292.1584777832031,378.4054870605469,303.5693359375],""confidence"":0.1120937168598175},{""bbox"":[370.4634704589844,290.0466613769531,384.13311767578125,304.30999755859375],""confidence"":0.08698564767837524},{""bbox"":[365.8322448730469,259.604736328125,380.1034240722656,274.06549072265625],""confidence"":0.012979033403098583},{""bbox"":[364.2296142578125,225.7034454345703,378.5796203613281,240.8228302001953],""confidence"":0.012815161608159542},{""bbox"":[363.3929443359375,256.26275634765625,377.88775634765625,269.17486572265625],""confidence"":0.010664236731827259},{""bbox"":[369.3059387207031,253.29615783691406,384.56671142578125,269.7309265136719],""confidence"":0.005131043493747711},{""bbox"":[548.34716796875,437.1384582519531,560.6033325195312,444.0],""confidence"":0.002911912277340889},{""bbox"":[501.0169372558594,296.2677001953125,511.5520324707031,306.1903381347656],""confidence"":0.002659065881744027},{""bbox"":[369.5884094238281,222.86056518554688,384.11419677734375,238.1669464111328],""confidence"":0.0018878281116485596}]",12,0.001
001_20200624_203154(3),4,576,444,"[[362.0,199.99999999999997,376.0,212.0],[364.0,231.0,377.0,244.99999999999997],[368.00000000000006,268.0,380.0,285.0]]","[{""bbox"":[361.2915954589844,200.41012573242188,374.0592346191406,213.7558135986328],""confidence"":0.625971257686615},{""bbox"":[363.34698486328125,233.24435424804688,375.38665771484375,246.14356994628906],""confidence"":0.6207684278488159},{""bbox"":[367.72216796875,269.2161865234375,379.79901123046875,282.8410949707031],""confidence"":0.6106319427490234},{""bbox"":[369.27752685546875,267.3930358886719,384.2660827636719,283.4787902832031],""confidence"":0.017257895320653915},{""bbox"":[359.78350830078125,196.58462524414062,374.6059265136719,213.46951293945312],""confidence"":0.01685810647904873},{""bbox"":[364.66033935546875,232.47349548339844,378.371826171875,245.45692443847656],""confidence"":0.015782494097948074},{""bbox"":[359.80584716796875,200.6580810546875,375.716796875,217.1437225341797],""confidence"":0.015176486223936081},{""bbox"":[363.36920166015625,268.2225341796875,377.4258728027344,281.28204345703125],""confidence"":0.009000527672469616},{""bbox"":[365.6554870605469,272.8922119140625,379.4047546386719,287.8454895019531],""confidence"":0.005718186032027006},{""bbox"":[548.0415649414062,437.03424072265625,560.7611694335938,444.0],""confidence"":0.004678352735936642},{""bbox"":[361.8189392089844,226.46551513671875,376.4134521484375,241.92019653320312],""confidence"":0.004373490810394287},{""bbox"":[369.5169982910156,231.3280029296875,384.1469421386719,246.5826416015625],""confidence"":0.003128706943243742},{""bbox"":[363.4952697753906,199.7132568359375,378.5703125,213.30691528320312],""confidence"":0.0015301884850487113}]",13,0.001
001_20200624_203203(1),4,576,444,"[[357.0,192.0,371.0,205.0],[360.0,224.00000000000003,371.99999999999994,236.0],[362.0,259.0,373.00000000000006,276.0]]","[{""bbox"":[360.2966613769531,191.2511444091797,371.5880126953125,203.952880859375],""confidence"":0.6229914426803589},{""bbox"":[360.3918151855469,224.90936279296875,371.9776611328125,237.15164184570312],""confidence"":0.5893028378486633},{""bbox"":[362.6088562011719,260.3370666503906,373.3223876953125,270.8955993652344],""confidence"":0.4536449909210205},{""bbox"":[362.8121643066406,262.5262145996094,373.02691650390625,274.3888244628906],""confidence"":0.09421727061271667},{""bbox"":[360.4029541015625,226.02496337890625,373.0580139160156,240.66073608398438],""confidence"":0.009485430084168911},{""bbox"":[356.1675720214844,191.40676879882812,370.01715087890625,203.31951904296875],""confidence"":0.009315903298556805},{""bbox"":[362.06024169921875,256.1662292480469,373.2528381347656,269.09185791015625],""confidence"":0.007659402675926685},{""bbox"":[356.1603698730469,224.5438690185547,369.9593200683594,236.3568115234375],""confidence"":0.0049497587606310844},{""bbox"":[499.9041748046875,201.0658416748047,511.3120422363281,211.71400451660156],""confidence"":0.004473923705518246},{""bbox"":[499.9837646484375,202.78427124023438,510.8768310546875,214.40328979492188],""confidence"":0.0040894001722335815},{""bbox"":[548.3578491210938,437.17938232421875,560.8501586914062,444.0],""confidence"":0.0034117393661290407},{""bbox"":[496.7562561035156,201.47848510742188,506.6419677734375,211.5417938232422],""confidence"":0.002948000794276595},{""bbox"":[500.6219177246094,266.83355712890625,511.953857421875,277.065185546875],""confidence"":0.0012884358875453472},{""bbox"":[372.578125,262.2591247558594,384.736572265625,275.16229248046875],""confidence"":0.0012763001723214984}]",14,0.001
001_20200624_203207(8),4,576,444,"[[356.0,209.0,370.0,220.0],[364.00000000000006,239.00000000000003,376.0,252.99999999999997],[373.0,277.0,383.0,288.0]]","[{""bbox"":[363.0177001953125,239.76058959960938,375.7672424316406,253.2395477294922],""confidence"":0.6333929896354675},{""bbox"":[370.6694641113281,274.19403076171875,383.68157958984375,287.3903503417969],""confidence"":0.6302205324172974},{""bbox"":[356.8591003417969,208.73773193359375,369.5931396484375,221.17799377441406],""confidence"":0.616745114326477},{""bbox"":[361.8158264160156,238.5154266357422,374.2655944824219,251.17507934570312],""confidence"":0.2932516932487488},{""bbox"":[356.1929626464844,205.92196655273438,370.8848571777344,221.41334533691406],""confidence"":0.2779003083705902},{""bbox"":[365.711181640625,276.2676086425781,378.5050964355469,288.69110107421875],""confidence"":0.04422256350517273},{""bbox"":[369.3041687011719,275.8922424316406,383.3201599121094,291.220703125],""confidence"":0.015247547067701817},{""bbox"":[351.38165283203125,208.14547729492188,365.31329345703125,220.80931091308594],""confidence"":0.005292622838169336},{""bbox"":[547.8738403320312,437.04248046875,560.7435302734375,444.0],""confidence"":0.004841964226216078},{""bbox"":[355.2945556640625,208.30747985839844,371.6012268066406,226.45309448242188],""confidence"":0.004790308885276318},{""bbox"":[365.43194580078125,270.6432800292969,379.0772705078125,285.26959228515625],""confidence"":0.004759821575134993},{""bbox"":[371.03057861328125,269.791259765625,385.79083251953125,285.3960266113281],""confidence"":0.001995806349441409},{""bbox"":[354.7771301269531,203.8376922607422,368.7505187988281,219.7122802734375],""confidence"":0.0019503977382555604},{""bbox"":[420.2572937011719,259.8094177246094,431.75439453125,270.5257873535156],""confidence"":0.0019196612993255258},{""bbox"":[363.0405578613281,244.9268798828125,376.3648376464844,259.6202087402344],""confidence"":0.0016535682370886207}]",15,0.001
001_20200624_203212(2),4,576,444,"[[362.99999999999994,209.0,373.0,220.0],[366.0,239.99999999999997,377.00000000000006,251.0],[373.0,278.0,384.00000000000006,288.0]]","[{""bbox"":[371.7143249511719,275.0981140136719,384.4991760253906,287.9720458984375],""confidence"":0.6349079012870789},{""bbox"":[364.2293395996094,239.84095764160156,377.0806579589844,253.1195831298828],""confidence"":0.6259672045707703},{""bbox"":[359.366943359375,208.77017211914062,371.50927734375,220.9243927001953],""confidence"":0.5876711010932922},{""bbox"":[359.2916564941406,206.4036865234375,374.017822265625,221.32350158691406],""confidence"":0.4062715470790863},{""bbox"":[362.599365234375,240.86166381835938,376.0254211425781,255.29830932617188],""confidence"":0.04937421530485153},{""bbox"":[371.53155517578125,276.3833312988281,385.12506103515625,291.1769714355469],""confidence"":0.02147064171731472},{""bbox"":[356.07879638671875,209.1680908203125,370.0021667480469,221.2003173828125],""confidence"":0.020966745913028717},{""bbox"":[365.4923400878906,278.0461120605469,377.4564514160156,289.36553955078125],""confidence"":0.013635456562042236},{""bbox"":[491.65576171875,249.8968048095703,502.1650390625,260.6319274902344],""confidence"":0.006039722356945276},{""bbox"":[495.4471435546875,214.2134552001953,506.0936584472656,225.18032836914062],""confidence"":0.005701547954231501},{""bbox"":[365.3736267089844,240.33856201171875,378.8877258300781,255.19140625],""confidence"":0.00568824727088213},{""bbox"":[357.9770202636719,207.54104614257812,373.8956604003906,226.57908630371094],""confidence"":0.004807308781892061},{""bbox"":[548.0135498046875,437.1325378417969,560.7570190429688,444.0],""confidence"":0.003833262948319316},{""bbox"":[497.37396240234375,213.61788940429688,508.9682922363281,224.78504943847656],""confidence"":0.003492568153887987},{""bbox"":[364.6249084472656,245.0318603515625,377.84979248046875,259.4065856933594],""confidence"":0.0025351245421916246},{""bbox"":[371.9681701660156,269.8711242675781,386.4842224121094,285.4059143066406],""confidence"":0.0019205287098884583},{""bbox"":[369.5438232421875,236.3618927001953,384.8090515136719,252.50904846191406],""confidence"":0.0014394809259101748}]",17,0.001
001_20200624_203225(8),4,576,444,"[[363.0,177.00000000000003,376.0,188.0],[361.0,208.99999999999997,374.0,217.0],[366.0,245.0,377.00000000000006,257.0]]","[{""bbox"":[364.3448486328125,242.21255493164062,376.54547119140625,254.7384490966797],""confidence"":0.646847665309906},{""bbox"":[363.0021057128906,206.28956604003906,374.6014709472656,218.69296264648438],""confidence"":0.6178646087646484},{""bbox"":[361.9342956542969,174.12396240234375,373.8685302734375,186.6884765625],""confidence"":0.6009467840194702},{""bbox"":[361.03619384765625,173.29652404785156,375.72039794921875,188.67161560058594],""confidence"":0.25082388520240784},{""bbox"":[362.6900329589844,203.86097717285156,374.9266052246094,216.96502685546875],""confidence"":0.060050010681152344},{""bbox"":[362.9801940917969,239.78591918945312,375.94439697265625,253.11810302734375],""confidence"":0.034035857766866684},{""bbox"":[364.658203125,244.7043914794922,376.9066162109375,259.02655029296875],""confidence"":0.025954969227313995},{""bbox"":[362.02850341796875,170.28591918945312,375.21380615234375,184.8953094482422],""confidence"":0.016987452283501625},{""bbox"":[364.8017272949219,207.16644287109375,378.3813781738281,218.819091796875],""confidence"":0.012686319649219513},{""bbox"":[364.2774658203125,173.71861267089844,378.5047607421875,186.7847137451172],""confidence"":0.003951522056013346},{""bbox"":[547.9624633789062,437.10369873046875,560.7197875976562,444.0],""confidence"":0.0037520062178373337},{""bbox"":[370.8248291015625,205.61373901367188,384.59429931640625,219.38751220703125],""confidence"":0.003371257334947586},{""bbox"":[364.6908874511719,239.9003448486328,378.6450500488281,253.9683380126953],""confidence"":0.003084771102294326},{""bbox"":[499.9891052246094,250.8876495361328,510.4847717285156,261.3079528808594],""confidence"":0.0022545261308550835},{""bbox"":[491.5218200683594,251.33258056640625,501.8588562011719,261.5562438964844],""confidence"":0.0012108703376725316}]",15,0.001
001_20200625_043359(8),4,576,444,"[[349.0,151.0,363.0,161.0],[349.0,186.0,362.0,196.99999999999997],[351.0,231.0,361.0,242.00000000000003]]","[{""bbox"":[348.5758972167969,184.78256225585938,362.13128662109375,198.46197509765625],""confidence"":0.6395725607872009},{""bbox"":[348.40203857421875,150.0301513671875,360.86053466796875,162.59010314941406],""confidence"":0.6348084807395935},{""bbox"":[350.5924987792969,230.9153594970703,363.31622314453125,243.327880859375],""confidence"":0.6323679685592651},{""bbox"":[349.74420166015625,185.48390197753906,363.5599365234375,201.2262725830078],""confidence"":0.10910586267709732},{""bbox"":[349.74993896484375,150.1525115966797,363.9582214355469,162.8892822265625],""confidence"":0.026775645092129707},{""bbox"":[347.24945068359375,146.301025390625,361.3041076660156,162.32701110839844],""confidence"":0.012453815899789333},{""bbox"":[547.3796997070312,436.7439880371094,560.9094848632812,444.0],""confidence"":0.006207280792295933},{""bbox"":[349.4359130859375,230.57638549804688,364.838134765625,247.92225646972656],""confidence"":0.002128722844645381},{""bbox"":[403.34356689453125,192.42379760742188,414.4999694824219,203.8649139404297],""confidence"":0.001823515398427844},{""bbox"":[347.0396423339844,151.24850463867188,362.24591064453125,168.7616424560547],""confidence"":0.0013812719844281673},{""bbox"":[349.6004943847656,225.56576538085938,364.1991271972656,242.8926239013672],""confidence"":0.001126777264289558}]",11,0.001
001_20200728_083108(2),4,576,444,"[[322.0,188.0,331.0,199.0]]","[{""bbox"":[321.1300048828125,187.69482421875,332.52325439453125,198.77491760253906],""confidence"":0.42666029930114746},{""bbox"":[321.8514709472656,184.1721649169922,334.00006103515625,196.83082580566406],""confidence"":0.009526479989290237},{""bbox"":[322.76715087890625,186.8777313232422,335.59210205078125,199.33859252929688],""confidence"":0.009523240849375725},{""bbox"":[547.1567993164062,436.6291809082031,560.9788208007812,444.0],""confidence"":0.006466917227953672},{""bbox"":[321.6750793457031,189.0548095703125,333.8270263671875,202.21011352539062],""confidence"":0.0045668878592550755},{""bbox"":[457.17657470703125,164.21871948242188,468.19061279296875,175.2783660888672],""confidence"":0.0020399526692926884},{""bbox"":[329.29052734375,183.66871643066406,341.69671630859375,196.71090698242188],""confidence"":0.0017492548795416951},{""bbox"":[461.2125244140625,166.17886352539062,471.7791748046875,176.58917236328125],""confidence"":0.0016988031566143036},{""bbox"":[450.1017150878906,167.05511474609375,459.7896728515625,176.4681854248047],""confidence"":0.0010331642115488648}]",9,0.001
001_20200728_083116(1),4,576,444,"[[326.0,203.0,333.99999999999994,213.99999999999997]]","[{""bbox"":[324.8368835449219,203.32281494140625,336.905029296875,216.15220642089844],""confidence"":0.5823530554771423},{""bbox"":[322.2838134765625,203.895751953125,335.41302490234375,216.98052978515625],""confidence"":0.04085720703005791},{""bbox"":[324.8203430175781,204.5334014892578,338.1243591308594,219.37191772460938],""confidence"":0.022437287494540215},{""bbox"":[548.1095581054688,437.122802734375,560.8837890625,444.0],""confidence"":0.004457420203834772},{""bbox"":[327.5975036621094,203.1383819580078,341.1170959472656,217.97998046875],""confidence"":0.0025409816298633814},{""bbox"":[322.1012878417969,198.88180541992188,335.3226623535156,213.0699920654297],""confidence"":0.0023318345192819834}]",6,0.001
001_20200810_123047(8),4,576,444,"[[323.0,191.0,332.0,201.0]]","[{""bbox"":[322.6594543457031,189.18238830566406,335.1594543457031,202.40318298339844],""confidence"":0.6296349763870239},{""bbox"":[319.84454345703125,188.41554260253906,333.6842956542969,201.7288360595703],""confidence"":0.010889013297855854},{""bbox"":[323.0231018066406,189.97865295410156,336.54638671875,204.91896057128906],""confidence"":0.010320323519408703},{""bbox"":[322.25799560546875,184.59815979003906,336.3676452636719,199.77993774414062],""confidence"":0.008058913983404636},{""bbox"":[547.1986694335938,436.6210632324219,561.0148315429688,444.0],""confidence"":0.006894540041685104},{""bbox"":[326.6578674316406,186.260986328125,341.21649169921875,202.56756591796875],""confidence"":0.002129608066752553}]",6,0.001
001_20200810_123051(3),4,576,444,"[[326.0,226.0,337.00000000000006,236.0]]","[{""bbox"":[326.88641357421875,225.42764282226562,339.4925537109375,238.84271240234375],""confidence"":0.6377161145210266},{""bbox"":[322.4956970214844,224.9618682861328,335.8587951660156,237.0259552001953],""confidence"":0.023381009697914124},{""bbox"":[328.13079833984375,224.52450561523438,342.5144958496094,238.5966796875],""confidence"":0.015144732780754566},{""bbox"":[547.7938232421875,436.9186706542969,560.884765625,444.0],""confidence"":0.005730846896767616}]",4,0.001
001_20200811_003323(2),4,576,444,"[[323.00000000000006,208.99999999999997,335.0,221.0]]","[{""bbox"":[321.9291076660156,210.46217346191406,333.364501953125,221.69140625],""confidence"":0.5266209244728088},{""bbox"":[547.4789428710938,436.89385986328125,560.8226928710938,444.0],""confidence"":0.005655219312757254},{""bbox"":[460.7441711425781,193.195556640625,471.8020324707031,204.5093994140625],""confidence"":0.005002215504646301},{""bbox"":[328.7477722167969,209.18545532226562,341.3566589355469,221.85531616210938],""confidence"":0.0034596500918269157},{""bbox"":[450.4023742675781,194.40213012695312,460.44244384765625,204.11492919921875],""confidence"":0.001560916774906218},{""bbox"":[458.05780029296875,188.3760223388672,469.58642578125,199.21893310546875],""confidence"":0.0014944999711588025},{""bbox"":[457.51837158203125,192.20602416992188,467.5968017578125,202.840576171875],""confidence"":0.0012707205023616552}]",7,0.001
001_20200811_003327(0),4,576,444,"[[322.0,194.00000000000003,331.0,205.0]]","[{""bbox"":[321.20001220703125,192.3174285888672,333.5606689453125,204.71275329589844],""confidence"":0.64346843957901},{""bbox"":[321.4668884277344,190.15975952148438,335.23126220703125,203.74105834960938],""confidence"":0.39150792360305786},{""bbox"":[319.23199462890625,189.35940551757812,332.9232482910156,204.36915588378906],""confidence"":0.015498649328947067},{""bbox"":[547.2426147460938,436.6402893066406,560.9812622070312,444.0],""confidence"":0.00782468356192112},{""bbox"":[326.0288391113281,189.33969116210938,340.86614990234375,205.43487548828125],""confidence"":0.002410557586699724}]",5,0.001
001_20200814_043321(6),4,576,444,"[[323.00000000000006,187.0,336.0,201.0]]","[{""bbox"":[325.73870849609375,187.0897216796875,336.6753234863281,198.3135223388672],""confidence"":0.5929953455924988},{""bbox"":[322.288818359375,184.28900146484375,335.6834716796875,197.84678649902344],""confidence"":0.02089560776948929},{""bbox"":[322.3331604003906,188.0876922607422,335.6042785644531,201.99429321289062],""confidence"":0.009070041589438915},{""bbox"":[547.15185546875,436.591552734375,560.9511108398438,444.0],""confidence"":0.007156429812312126},{""bbox"":[324.8846130371094,182.369140625,337.38446044921875,197.866455078125],""confidence"":0.0053352839313447475},{""bbox"":[328.59283447265625,183.843994140625,341.5727844238281,197.42013549804688],""confidence"":0.004161544144153595},{""bbox"":[448.8164367675781,168.68528747558594,458.5440673828125,178.72421264648438],""confidence"":0.0014016651548445225}]",7,0.001
001_20200814_083045(8),4,576,444,"[[324.0,165.0,337.0,178.0]]","[{""bbox"":[324.8462829589844,165.1954803466797,336.1268005371094,176.85614013671875],""confidence"":0.5842927098274231},{""bbox"":[322.39068603515625,164.1948699951172,335.6120300292969,176.1321258544922],""confidence"":0.1396322250366211},{""bbox"":[326.99615478515625,163.95045471191406,340.8328857421875,178.31227111816406],""confidence"":0.014441295526921749},{""bbox"":[547.1485595703125,436.5751953125,561.0031127929688,444.0],""confidence"":0.006448808126151562},{""bbox"":[323.3680725097656,160.69970703125,337.400390625,177.18809509277344],""confidence"":0.0036839221138507128},{""bbox"":[462.2706298828125,180.33677673339844,472.5032958984375,190.6038360595703],""confidence"":0.0027805124409496784},{""bbox"":[448.7942810058594,180.319580078125,458.7173767089844,190.44227600097656],""confidence"":0.001104231458157301}]",7,0.001
001_20200814_083051(9),4,576,444,"[[317.0,148.00000000000003,330.0,159.0]]","[{""bbox"":[319.1446533203125,146.7276611328125,330.5120849609375,159.33062744140625],""confidence"":0.6003171801567078},{""bbox"":[546.998046875,436.5913391113281,560.8922729492188,444.0],""confidence"":0.006044559180736542},{""bbox"":[320.0480041503906,141.49972534179688,332.9351806640625,156.00013732910156],""confidence"":0.0030377861112356186},{""bbox"":[321.13812255859375,146.99819946289062,335.1696472167969,159.04251098632812],""confidence"":0.0020205997861921787}]",4,0.001
001_20200815_003438(6),4,576,444,"[[315.0,154.0,326.00000000000006,165.0]]","[{""bbox"":[314.0224304199219,153.07447814941406,325.8811340332031,165.0772705078125],""confidence"":0.5850715041160583},{""bbox"":[316.20123291015625,152.31956481933594,327.8246765136719,164.1165008544922],""confidence"":0.16566137969493866},{""bbox"":[546.9967651367188,436.53326416015625,560.9796752929688,444.0],""confidence"":0.0061891525983810425},{""bbox"":[314.1064758300781,154.14059448242188,327.09375,168.7183074951172],""confidence"":0.004254796542227268},{""bbox"":[311.639892578125,154.22109985351562,324.996337890625,168.80264282226562],""confidence"":0.001818642602302134},{""bbox"":[433.27587890625,133.87486267089844,444.24029541015625,145.72268676757812],""confidence"":0.0016696539241820574}]",6,0.001
001_20200818_203601(4),4,576,444,"[[327.0,180.0,336.0,190.0]]","[{""bbox"":[327.5592346191406,177.32122802734375,340.0948486328125,190.27366638183594],""confidence"":0.6363396644592285},{""bbox"":[322.4010925292969,177.4390869140625,335.3733825683594,189.36474609375],""confidence"":0.01593872718513012},{""bbox"":[328.1955261230469,174.979736328125,342.6119689941406,190.2445831298828],""confidence"":0.007306114304810762},{""bbox"":[547.2600708007812,436.6434631347656,560.9622192382812,444.0],""confidence"":0.006519070360809565},{""bbox"":[464.1697692871094,185.54962158203125,474.7665100097656,196.3817138671875],""confidence"":0.0014997976832091808}]",5,0.001
001_20200818_203607(4),4,576,444,"[[322.0,182.0,335.0,192.0]]","[{""bbox"":[323.0782470703125,180.5355224609375,334.8795471191406,192.0089874267578],""confidence"":0.5662347674369812},{""bbox"":[320.0105895996094,180.54722595214844,333.3463439941406,192.0650177001953],""confidence"":0.021204277873039246},{""bbox"":[326.95074462890625,179.8484344482422,340.89703369140625,194.24085998535156],""confidence"":0.006601747125387192},{""bbox"":[547.55859375,436.87396240234375,560.867431640625,444.0],""confidence"":0.00567081943154335},{""bbox"":[449.424072265625,210.05133056640625,459.3655090332031,220.0225830078125],""confidence"":0.001682490692473948}]",5,0.001
001_20200819_083353(5),4,576,444,"[[314.0,170.0,324.0,184.0]]","[{""bbox"":[314.0030822753906,170.27333068847656,326.62664794921875,183.0583953857422],""confidence"":0.6480005383491516},{""bbox"":[312.068359375,167.62977600097656,325.97686767578125,182.61314392089844],""confidence"":0.01143330056220293},{""bbox"":[547.0896606445312,436.5676574707031,560.9862670898438,444.0],""confidence"":0.007387157995253801},{""bbox"":[315.3302001953125,170.66738891601562,328.89886474609375,187.2409210205078],""confidence"":0.003348516533151269},{""bbox"":[307.9803161621094,168.9896697998047,321.36883544921875,181.86695861816406],""confidence"":0.0012213041773065925}]",5,0.001
001_20200819_083401(0),4,576,444,"[[306.0,138.00000000000003,319.0,150.0]]","[{""bbox"":[307.418212890625,136.70631408691406,320.1553955078125,149.34365844726562],""confidence"":0.6017935276031494},{""bbox"":[546.9818115234375,436.533935546875,560.9656372070312,444.0],""confidence"":0.0064970762468874454},{""bbox"":[311.7394714355469,133.8918914794922,326.5030212402344,149.75714111328125],""confidence"":0.004735829308629036},{""bbox"":[307.72637939453125,131.85093688964844,321.9781188964844,148.7895965576172],""confidence"":0.002193799475207925},{""bbox"":[306.9647521972656,137.8406982421875,321.5492248535156,154.3192138671875],""confidence"":0.002155544236302376},{""bbox"":[304.4790344238281,138.849609375,318.6745910644531,154.40487670898438],""confidence"":0.0012960662133991718}]",6,0.001
001_20200826_023328(3),4,576,444,"[[315.99999999999994,201.0,326.0,211.0]]","[{""bbox"":[317.61700439453125,201.53640747070312,328.60174560546875,212.7638397216797],""confidence"":0.5918416380882263},{""bbox"":[317.90911865234375,198.64068603515625,330.38189697265625,212.37030029296875],""confidence"":0.11345560848712921},{""bbox"":[317.783203125,200.149658203125,330.858154296875,216.0040283203125],""confidence"":0.033380769193172455},{""bbox"":[448.5125732421875,192.7041778564453,459.0812683105469,203.88572692871094],""confidence"":0.030752720311284065},{""bbox"":[547.5771484375,436.893310546875,560.8986206054688,444.0],""confidence"":0.005473179277032614},{""bbox"":[451.4795837402344,188.97154235839844,461.78924560546875,200.2588348388672],""confidence"":0.0031309861224144697},{""bbox"":[312.8231201171875,201.73526000976562,326.5864562988281,213.4070281982422],""confidence"":0.002377165714278817},{""bbox"":[450.1455993652344,192.0909423828125,460.2433776855469,202.9366455078125],""confidence"":0.0022337522823363543},{""bbox"":[315.951904296875,196.7355194091797,329.7306823730469,213.18804931640625],""confidence"":0.0019237633096054196}]",9,0.001
001_20200826_023332(5),4,576,444,"[[317.0,173.0,328.99999999999994,184.0]]","[{""bbox"":[315.9012145996094,171.6191864013672,328.0519714355469,183.79730224609375],""confidence"":0.6207011342048645},{""bbox"":[317.0059814453125,169.6669158935547,330.83172607421875,184.20489501953125],""confidence"":0.15694507956504822},{""bbox"":[312.8272705078125,171.5509033203125,326.70367431640625,184.11761474609375],""confidence"":0.04466523975133896},{""bbox"":[448.5125427246094,163.85032653808594,459.6314697265625,175.2721405029297],""confidence"":0.03070691041648388},{""bbox"":[315.26983642578125,167.8814697265625,329.5655212402344,185.00772094726562],""confidence"":0.00739738903939724},{""bbox"":[547.0625610351562,436.5847473144531,560.9435424804688,444.0],""confidence"":0.007097187917679548},{""bbox"":[454.54925537109375,163.76695251464844,466.25531005859375,175.09951782226562],""confidence"":0.0035327442456036806},{""bbox"":[450.911865234375,164.47203063964844,461.4126892089844,175.34706115722656],""confidence"":0.0014655077829957008}]",8,0.001
001_20200831_123316(5),4,576,444,"[[470.99999999999994,108.0,482.0,120.0]]","[{""bbox"":[470.78167724609375,104.90512084960938,484.2070617675781,118.63935089111328],""confidence"":0.630262553691864},{""bbox"":[465.5072021484375,105.47792053222656,478.73583984375,117.85489654541016],""confidence"":0.012482544407248497},{""bbox"":[471.6916198730469,102.26117706298828,486.86077880859375,118.78121185302734],""confidence"":0.007133100181818008},{""bbox"":[547.0662841796875,436.58001708984375,560.9690551757812,444.0],""confidence"":0.006989281624555588}]",4,0.001
002_20200622_203136(3),4,316,332,"[[162.0,141.0,178.0,155.0],[164.0,162.0,177.0,176.0],[165.0,189.0,178.0,202.0]]","[{""bbox"":[167.01853942871094,189.1185760498047,176.9971923828125,199.1693878173828],""confidence"":0.6375757455825806},{""bbox"":[164.81021118164062,140.53292846679688,174.7737274169922,151.0705108642578],""confidence"":0.6359160542488098},{""bbox"":[165.1260528564453,162.96795654296875,175.12155151367188,173.30667114257812],""confidence"":0.6349624991416931},{""bbox"":[282.7428283691406,117.03931427001953,291.76611328125,126.50153350830078],""confidence"":0.005908306688070297},{""bbox"":[164.83872985839844,164.3183135986328,176.38922119140625,176.84347534179688],""confidence"":0.0038404068909585476},{""bbox"":[163.02777099609375,141.0093231201172,173.7868194580078,152.6407012939453],""confidence"":0.003522330429404974},{""bbox"":[166.7318878173828,189.7880096435547,177.8811492919922,201.76104736328125],""confidence"":0.002815486863255501},{""bbox"":[161.47474670410156,141.19476318359375,170.28228759765625,150.77011108398438],""confidence"":0.002766293240711093},{""bbox"":[161.4707489013672,164.91734313964844,170.1577911376953,173.79734802246094],""confidence"":0.002497382229194045},{""bbox"":[165.05581665039062,159.9574432373047,175.3991241455078,169.81463623046875],""confidence"":0.0021805157884955406},{""bbox"":[281.04705810546875,115.550048828125,290.01007080078125,125.18896484375],""confidence"":0.0018019576091319323},{""bbox"":[171.1905975341797,188.7985382080078,180.24298095703125,199.29385375976562],""confidence"":0.001614115317352116},{""bbox"":[167.3480224609375,185.4421844482422,176.82269287109375,194.92327880859375],""confidence"":0.0013534828322008252},{""bbox"":[168.195068359375,194.35391235351562,177.15921020507812,203.8759765625],""confidence"":0.001159237464889884}]",14,0.001
002_20200622_203140(8),4,316,332,"[[157.0,143.99999999999997,170.0,157.0],[158.0,166.0,172.0,179.0],[160.0,190.0,174.00000000000003,204.00000000000003]]","[{""bbox"":[159.5630340576172,166.75926208496094,169.5670166015625,177.28768920898438],""confidence"":0.638850212097168},{""bbox"":[162.38052368164062,192.94676208496094,172.57330322265625,203.1407470703125],""confidence"":0.6328874826431274},{""bbox"":[157.9179229736328,144.05615234375,168.4329833984375,155.01190185546875],""confidence"":0.6253393888473511},{""bbox"":[161.52822875976562,192.88873291015625,170.31283569335938,202.7574462890625],""confidence"":0.12662889063358307},{""bbox"":[160.43084716796875,168.8912811279297,170.0664825439453,178.83282470703125],""confidence"":0.037806589156389236},{""bbox"":[161.36265563964844,195.14578247070312,170.09902954101562,204.09909057617188],""confidence"":0.013473027385771275},{""bbox"":[274.9542541503906,113.86705017089844,283.55889892578125,122.96601104736328],""confidence"":0.006728729233145714},{""bbox"":[159.0936737060547,142.27865600585938,170.10589599609375,154.63734436035156],""confidence"":0.0042287493124604225},{""bbox"":[161.8096923828125,193.6121826171875,173.56155395507812,205.94276428222656],""confidence"":0.0017670406959950924},{""bbox"":[274.68310546875,112.45748901367188,282.6024475097656,121.23106384277344],""confidence"":0.0012092774268239737},{""bbox"":[158.1576385498047,168.44895935058594,170.95301818847656,181.04112243652344],""confidence"":0.0011294359574094415}]",11,0.001
002_20200622_203145(3),4,316,332,"[[156.0,147.0,166.99999999999997,156.0],[157.99999999999997,168.00000000000003,166.99999999999997,178.0],[160.0,194.00000000000003,171.0,204.0]]","[{""bbox"":[156.26251220703125,144.7274169921875,166.5743865966797,155.68557739257812],""confidence"":0.6455734968185425},{""bbox"":[160.56387329101562,193.4374542236328,170.3244171142578,203.58689880371094],""confidence"":0.631281852722168},{""bbox"":[157.7521209716797,167.93727111816406,167.8251953125,177.88458251953125],""confidence"":0.6174326539039612},{""bbox"":[156.54110717773438,143.37925720214844,167.32752990722656,153.1809844970703],""confidence"":0.07570728659629822},{""bbox"":[159.47653198242188,192.14590454101562,169.12387084960938,202.90774536132812],""confidence"":0.024869587272405624},{""bbox"":[160.4573516845703,193.62213134765625,171.70913696289062,205.98704528808594],""confidence"":0.014001932926476002},{""bbox"":[154.86338806152344,145.3233642578125,165.6294403076172,156.91070556640625],""confidence"":0.01057226862758398},{""bbox"":[156.97268676757812,169.15489196777344,167.8549346923828,181.00148010253906],""confidence"":0.010068276897072792},{""bbox"":[274.201416015625,115.31842041015625,282.75103759765625,124.7639389038086],""confidence"":0.00804360955953598},{""bbox"":[155.33802795410156,142.47555541992188,166.79612731933594,154.86561584472656],""confidence"":0.0039214990101754665},{""bbox"":[155.5894775390625,167.87718200683594,166.46762084960938,178.8013916015625],""confidence"":0.003512491239234805},{""bbox"":[162.90115356445312,193.27743530273438,172.27810668945312,204.1519012451172],""confidence"":0.0020911521278321743}]",12,0.001
002_20200622_203149(8),4,316,332,"[[156.0,144.0,166.99999999999997,153.0],[159.0,192.00000000000003,169.0,201.0],[155.00000000000003,166.99999999999997,167.0,175.0]]","[{""bbox"":[159.0546875,192.19061279296875,168.8818817138672,202.18629455566406],""confidence"":0.6365399956703186},{""bbox"":[154.41152954101562,142.87823486328125,165.23890686035156,153.70233154296875],""confidence"":0.6325847506523132},{""bbox"":[156.3633575439453,165.66317749023438,166.52505493164062,176.43832397460938],""confidence"":0.6102742552757263},{""bbox"":[155.37033081054688,141.57318115234375,166.14588928222656,152.5477294921875],""confidence"":0.31112203001976013},{""bbox"":[159.75648498535156,193.47434997558594,169.58657836914062,203.67640686035156],""confidence"":0.020678680390119553},{""bbox"":[154.9525604248047,166.31478881835938,165.4102020263672,177.64085388183594],""confidence"":0.01722828671336174},{""bbox"":[153.2305450439453,142.1230926513672,162.25526428222656,152.87155151367188],""confidence"":0.017134418711066246},{""bbox"":[154.85400390625,143.62472534179688,166.2121124267578,156.2661895751953],""confidence"":0.011483781039714813},{""bbox"":[157.15338134765625,168.51988220214844,167.59239196777344,178.92945861816406],""confidence"":0.004137768410146236},{""bbox"":[155.90090942382812,163.59423828125,166.49569702148438,175.03941345214844],""confidence"":0.0038618994876742363},{""bbox"":[257.8811340332031,191.9337615966797,265.106201171875,199.21539306640625],""confidence"":0.0029923736583441496},{""bbox"":[153.25633239746094,166.7528076171875,161.88746643066406,176.02243041992188],""confidence"":0.0019779284484684467}]",12,0.001
002_20200622_203154(3),4,316,332,"[[155.00000000000003,146.0,165.0,156.0],[157.99999999999997,168.0,166.99999999999997,178.99999999999997],[159.0,193.0,169.0,202.99999999999997]]","[{""bbox"":[156.14987182617188,144.65457153320312,166.1759796142578,155.28469848632812],""confidence"":0.636657178401947},{""bbox"":[156.99288940429688,167.20889282226562,167.54824829101562,177.67039489746094],""confidence"":0.630974531173706},{""bbox"":[159.8664093017578,193.18161010742188,169.54534912109375,203.23233032226562],""confidence"":0.6278892755508423},{""bbox"":[156.39022827148438,143.2647705078125,166.7940673828125,153.02464294433594],""confidence"":0.11712224036455154},{""bbox"":[154.6397705078125,145.2378387451172,165.46728515625,156.84576416015625],""confidence"":0.00809477549046278},{""bbox"":[155.3027801513672,167.30697631835938,166.0569610595703,178.4751434326172],""confidence"":0.006436498835682869},{""bbox"":[156.70436096191406,168.8964080810547,167.91378784179688,180.98533630371094],""confidence"":0.00443348940461874},{""bbox"":[155.7466278076172,142.41397094726562,167.5244140625,154.84434509277344],""confidence"":0.0038460937794297934},{""bbox"":[159.8513641357422,193.58114624023438,171.04193115234375,205.96585083007812],""confidence"":0.0035715103149414062},{""bbox"":[274.1844177246094,115.84535217285156,282.5090026855469,125.1242446899414],""confidence"":0.0027490584179759026},{""bbox"":[272.5450134277344,116.53031158447266,282.44012451171875,126.70743560791016],""confidence"":0.0017233751714229584},{""bbox"":[154.0498504638672,141.86134338378906,165.2708282470703,154.19749450683594],""confidence"":0.0017057574586942792}]",12,0.001
002_20200622_203158(8),4,316,332,"[[162.00000000000003,143.99999999999997,173.0,154.0],[164.0,166.0,173.99999999999997,177.0],[166.0,194.00000000000003,178.0,204.0]]","[{""bbox"":[163.91595458984375,166.7305450439453,173.91555786132812,177.24301147460938],""confidence"":0.6407177448272705},{""bbox"":[166.41256713867188,192.9545440673828,176.72125244140625,203.2120819091797],""confidence"":0.6293994188308716},{""bbox"":[162.38491821289062,144.1388397216797,172.65406799316406,154.94627380371094],""confidence"":0.6274220943450928},{""bbox"":[161.43661499023438,143.18795776367188,170.5679931640625,153.7079620361328],""confidence"":0.07221044600009918},{""bbox"":[164.80703735351562,168.61813354492188,174.9989776611328,178.92942810058594],""confidence"":0.029756659641861916},{""bbox"":[163.4248046875,142.41738891601562,173.15846252441406,152.71615600585938],""confidence"":0.01622244156897068},{""bbox"":[279.4008483886719,114.55448150634766,287.95855712890625,123.63963317871094],""confidence"":0.010387775488197803},{""bbox"":[161.6093292236328,167.11337280273438,170.29464721679688,176.6657257080078],""confidence"":0.005516321863979101},{""bbox"":[265.7638854980469,192.0260467529297,273.1532287597656,199.50941467285156],""confidence"":0.0032241360750049353},{""bbox"":[166.1839599609375,194.06918334960938,176.89678955078125,205.97586059570312],""confidence"":0.003036610782146454},{""bbox"":[162.86224365234375,168.55657958984375,175.23460388183594,181.0316619873047],""confidence"":0.0015532455872744322}]",11,0.001
002_20200623_003351(2),4,316,332,"[[151.0,146.0,162.0,157.0],[153.0,169.0,164.0,180.0],[154.99999999999997,202.99999999999997,169.0,211.0]]","[{""bbox"":[156.2331085205078,201.3689422607422,166.36477661132812,211.82272338867188],""confidence"":0.6334961652755737},{""bbox"":[151.05577087402344,145.93252563476562,161.2998809814453,156.61351013183594],""confidence"":0.6257376670837402},{""bbox"":[152.81581115722656,169.22373962402344,162.80523681640625,179.50830078125],""confidence"":0.59147047996521},{""bbox"":[154.6747589111328,168.6962127685547,164.3265380859375,179.16714477539062],""confidence"":0.11308035999536514},{""bbox"":[151.9972686767578,144.2429962158203,161.8480682373047,153.80055236816406],""confidence"":0.02837182767689228},{""bbox"":[155.7125701904297,201.6894989013672,167.48727416992188,214.43161010742188],""confidence"":0.020933600142598152},{""bbox"":[249.05465698242188,173.94241333007812,256.6976623535156,181.3752899169922],""confidence"":0.0022535170428454876},{""bbox"":[151.27410888671875,167.29843139648438,160.84710693359375,178.054443359375],""confidence"":0.002153055276721716},{""bbox"":[148.8583984375,147.75538635253906,162.82911682128906,160.68081665039062],""confidence"":0.001810921006835997},{""bbox"":[154.3976593017578,145.41693115234375,163.77511596679688,156.34011840820312],""confidence"":0.0015274223405867815},{""bbox"":[153.3112030029297,201.03436279296875,162.05650329589844,210.81167602539062],""confidence"":0.001067560981027782}]",11,0.001
002_20200623_003355(7),4,316,332,"[[143.0,146.99999999999997,155.0,160.0],[146.0,171.00000000000003,157.0,181.0],[149.0,202.99999999999997,160.0,214.99999999999997]]","[{""bbox"":[150.1691436767578,203.0455322265625,160.1743927001953,213.4718475341797],""confidence"":0.6266118288040161},{""bbox"":[146.25137329101562,171.32083129882812,156.5448760986328,181.87168884277344],""confidence"":0.6198481917381287},{""bbox"":[144.12037658691406,147.33241271972656,155.114501953125,157.81591796875],""confidence"":0.6166517734527588},{""bbox"":[150.52264404296875,202.09201049804688,160.909423828125,211.6162567138672],""confidence"":0.2653431296348572},{""bbox"":[144.89682006835938,172.4340057373047,153.63836669921875,181.23223876953125],""confidence"":0.06427580118179321},{""bbox"":[143.60385131835938,148.1720428466797,155.54383850097656,160.42181396484375],""confidence"":0.025786777958273888},{""bbox"":[142.48695373535156,147.56813049316406,153.79095458984375,158.77552795410156],""confidence"":0.017787452787160873},{""bbox"":[149.32388305664062,200.63473510742188,159.82496643066406,212.59042358398438],""confidence"":0.006721983198076487},{""bbox"":[146.05032348632812,146.0951385498047,157.0814208984375,158.210693359375],""confidence"":0.002093700924888253}]",9,0.001
002_20200623_003400(2),4,316,332,"[[151.0,148.0,162.0,158.0],[153.0,173.0,164.0,183.0],[155.00000000000003,202.0,166.0,213.0]]","[{""bbox"":[155.95822143554688,202.58865356445312,165.7969207763672,213.15281677246094],""confidence"":0.6206813454627991},{""bbox"":[150.66656494140625,146.9187469482422,161.34251403808594,157.66001892089844],""confidence"":0.6168326139450073},{""bbox"":[152.59307861328125,171.03451538085938,162.51455688476562,181.30154418945312],""confidence"":0.608871579170227},{""bbox"":[156.24658203125,201.5359344482422,166.57373046875,211.2517852783203],""confidence"":0.17474325001239777},{""bbox"":[154.60516357421875,170.6523895263672,163.81076049804688,180.8267059326172],""confidence"":0.08787788450717926},{""bbox"":[149.9713592529297,148.21774291992188,161.7451171875,160.4775848388672],""confidence"":0.020342186093330383},{""bbox"":[151.27627563476562,171.9112091064453,161.28025817871094,182.10769653320312],""confidence"":0.010997159406542778},{""bbox"":[154.7864990234375,200.46449279785156,165.02996826171875,212.04530334472656],""confidence"":0.006427201442420483},{""bbox"":[154.3873291015625,146.12200927734375,163.74769592285156,157.59982299804688],""confidence"":0.0035268887877464294},{""bbox"":[152.6126251220703,168.66305541992188,161.92276000976562,178.62252807617188],""confidence"":0.0030388087034225464},{""bbox"":[152.94085693359375,204.80809020996094,161.50111389160156,213.27874755859375],""confidence"":0.0023789089173078537},{""bbox"":[151.92623901367188,144.24095153808594,161.82398986816406,153.8153533935547],""confidence"":0.0020793748553842306}]",12,0.001
002_20200623_003404(7),4,316,332,"[[147.0,145.0,158.0,156.0],[147.0,170.0,159.0,180.0],[151.0,203.00000000000003,162.0,211.99999999999997]]","[{""bbox"":[151.65020751953125,201.45614624023438,161.5336151123047,211.69366455078125],""confidence"":0.6340765357017517},{""bbox"":[147.02598571777344,145.3567657470703,157.42169189453125,156.31333923339844],""confidence"":0.6300342679023743},{""bbox"":[148.22996520996094,169.16339111328125,158.04344177246094,179.41622924804688],""confidence"":0.6097320318222046},{""bbox"":[151.41659545898438,201.679931640625,162.77122497558594,214.28463745117188],""confidence"":0.0137477433308959},{""bbox"":[144.68167114257812,147.15313720703125,153.68080139160156,156.60655212402344],""confidence"":0.008068113587796688},{""bbox"":[148.05032348632812,143.6090545654297,158.5332794189453,153.23956298828125],""confidence"":0.005963928997516632},{""bbox"":[147.11448669433594,167.3300018310547,156.79241943359375,178.36590576171875],""confidence"":0.004695456475019455},{""bbox"":[146.7994842529297,170.41555786132812,156.98545837402344,181.61427307128906],""confidence"":0.0018028334015980363},{""bbox"":[150.3560028076172,202.5102996826172,160.62310791015625,214.30299377441406],""confidence"":0.0017284521600231528},{""bbox"":[150.04283142089844,169.6742401123047,160.7452850341797,179.35035705566406],""confidence"":0.0015202261274680495},{""bbox"":[144.9360809326172,147.74920654296875,159.17599487304688,160.68896484375],""confidence"":0.0010507627157494426}]",11,0.001
002_20200623_003409(2),4,316,332,"[[148.00000000000003,146.0,158.0,156.0],[150.0,171.0,158.0,179.0],[151.0,202.0,160.0,211.99999999999997]]","[{""bbox"":[151.73390197753906,201.20050048828125,161.53114318847656,211.38014221191406],""confidence"":0.6357389092445374},{""bbox"":[147.44322204589844,144.8511505126953,157.93234252929688,155.9098663330078],""confidence"":0.6128419637680054},{""bbox"":[148.52899169921875,168.7220916748047,158.22801208496094,178.77427673339844],""confidence"":0.6090373992919922},{""bbox"":[146.0683135986328,145.60552978515625,157.10260009765625,157.05172729492188],""confidence"":0.04277687519788742},{""bbox"":[148.2715606689453,143.50514221191406,159.146240234375,153.26869201660156],""confidence"":0.03089527226984501},{""bbox"":[148.1945037841797,169.77542114257812,159.19444274902344,181.18504333496094],""confidence"":0.013534236699342728},{""bbox"":[151.63162231445312,201.77777099609375,162.87979125976562,214.24105834960938],""confidence"":0.00621552299708128},{""bbox"":[147.17881774902344,167.1620330810547,156.64996337890625,177.48326110839844],""confidence"":0.0034543604124337435},{""bbox"":[151.31805419921875,169.6731719970703,160.75674438476562,178.5800018310547],""confidence"":0.00338750914670527},{""bbox"":[144.60992431640625,147.34970092773438,153.55348205566406,156.5953826904297],""confidence"":0.002331050345674157},{""bbox"":[249.0041961669922,175.85960388183594,256.2274169921875,183.23866271972656],""confidence"":0.002121807774528861},{""bbox"":[146.6611785888672,142.38429260253906,158.4462127685547,154.8498992919922],""confidence"":0.0015691821463406086}]",12,0.001
002_20200623_003413(7),4,316,332,"[[154.0,146.0,164.0,155.0],[155.00000000000003,170.0,166.0,180.0],[158.0,201.00000000000003,169.0,211.0]]","[{""bbox"":[153.427978515625,145.39537048339844,164.3005828857422,156.48570251464844],""confidence"":0.6422392725944519},{""bbox"":[158.0237274169922,201.4257049560547,168.4330291748047,211.6287078857422],""confidence"":0.6354531645774841},{""bbox"":[155.21678161621094,169.28359985351562,164.9742431640625,179.54896545410156],""confidence"":0.6167212724685669},{""bbox"":[155.7045135498047,168.0958709716797,165.39488220214844,177.9505615234375],""confidence"":0.0678262785077095},{""bbox"":[155.6676025390625,169.90591430664062,166.2060089111328,181.1877899169922],""confidence"":0.04409564658999443},{""bbox"":[158.89085388183594,200.39248657226562,169.8033905029297,212.4473419189453],""confidence"":0.023740416392683983},{""bbox"":[153.01820373535156,144.0170440673828,162.23678588867188,154.09144592285156],""confidence"":0.010452481918036938},{""bbox"":[153.10728454589844,171.7744903564453,161.48419189453125,179.85501098632812],""confidence"":0.010336109437048435},{""bbox"":[157.7459259033203,201.95199584960938,169.09738159179688,214.24293518066406],""confidence"":0.008270174264907837},{""bbox"":[151.39389038085938,147.92276000976562,164.66526794433594,160.67323303222656],""confidence"":0.0017397385090589523},{""bbox"":[152.32769775390625,142.2199249267578,164.16737365722656,154.8704071044922],""confidence"":0.0016964385285973549},{""bbox"":[151.07920837402344,145.5565948486328,162.7894287109375,157.67173767089844],""confidence"":0.001426699454896152},{""bbox"":[153.24166870117188,168.52200317382812,161.9842071533203,178.2515411376953],""confidence"":0.0011329709086567163}]",13,0.001
002_20200623_043039(3),4,352,332,"[[188.0,148.0,195.99999999999997,157.0],[192.0,171.00000000000003,203.0,180.0],[202.0,201.0,208.0,208.0]]","[{""bbox"":[187.10484313964844,147.19686889648438,196.41348266601562,156.9993896484375],""confidence"":0.6320362091064453},{""bbox"":[200.77713012695312,200.97743225097656,209.51268005371094,209.96917724609375],""confidence"":0.626610279083252},{""bbox"":[192.43064880371094,170.26861572265625,201.2714080810547,179.62277221679688],""confidence"":0.6162340044975281},{""bbox"":[187.6309051513672,145.2284698486328,197.85679626464844,156.78102111816406],""confidence"":0.565700352191925},{""bbox"":[191.69369506835938,168.49415588378906,202.02761840820312,178.7819061279297],""confidence"":0.16085883975028992},{""bbox"":[200.58518981933594,198.71560668945312,210.83348083496094,210.77517700195312],""confidence"":0.030310822650790215},{""bbox"":[191.63243103027344,169.7703094482422,203.05319213867188,182.0386199951172],""confidence"":0.02520175836980343},{""bbox"":[9.820625305175781,0.0,19.295562744140625,0.8536619544029236],""confidence"":0.0084751071408391},{""bbox"":[199.75758361816406,200.6932830810547,210.9622802734375,212.73602294921875],""confidence"":0.005766125861555338},{""bbox"":[197.04888916015625,201.58766174316406,205.76805114746094,209.9290313720703],""confidence"":0.005718945059925318},{""bbox"":[189.6054229736328,144.99026489257812,199.39500427246094,156.71401977539062],""confidence"":0.004053808283060789},{""bbox"":[339.9316711425781,329.40814208984375,349.3908386230469,332.0],""confidence"":0.0032770484685897827},{""bbox"":[185.95095825195312,147.15762329101562,197.79180908203125,159.9021453857422],""confidence"":0.0032443625386804342},{""bbox"":[190.48406982421875,170.60052490234375,200.6132049560547,182.18138122558594],""confidence"":0.002258255612105131},{""bbox"":[333.79022216796875,0.0,343.04248046875,0.15426789224147797],""confidence"":0.0020385172683745623},{""bbox"":[187.9851531982422,173.17108154296875,196.00335693359375,180.8961944580078],""confidence"":0.0011532629141584039},{""bbox"":[2.893841505050659,0.0,11.759515762329102,0.8571521043777466],""confidence"":0.0010556826600804925}]",17,0.001
002_20200623_043043(2),4,352,332,"[[202.0,127.0,210.0,134.0],[205.0,149.99999999999997,211.99999999999997,160.0],[207.00000000000003,181.99999999999997,215.0,190.0]]","[{""bbox"":[206.7928466796875,182.22714233398438,216.32823181152344,192.10653686523438],""confidence"":0.6340119242668152},{""bbox"":[203.1421356201172,150.57125854492188,212.7335662841797,160.10482788085938],""confidence"":0.6176662445068359},{""bbox"":[201.25042724609375,126.4288558959961,210.20188903808594,136.0592498779297],""confidence"":0.6175522804260254},{""bbox"":[9.820637702941895,0.0,19.295499801635742,0.8535780310630798],""confidence"":0.008474891074001789},{""bbox"":[204.27682495117188,182.7234649658203,214.19456481933594,192.34994506835938],""confidence"":0.0059814127162098885},{""bbox"":[339.9231262207031,329.3898620605469,349.400634765625,332.0],""confidence"":0.003243042854592204},{""bbox"":[208.5436553955078,180.67498779296875,218.55438232421875,192.3286895751953],""confidence"":0.002788133453577757},{""bbox"":[333.7861022949219,0.0,343.0425109863281,0.13980579376220703],""confidence"":0.0020911588799208403},{""bbox"":[205.4259033203125,178.29026794433594,214.38717651367188,188.17926025390625],""confidence"":0.0019502873765304685},{""bbox"":[204.97900390625,182.0930633544922,217.83807373046875,195.3729248046875],""confidence"":0.0016942837974056602},{""bbox"":[204.1614227294922,180.8784637451172,213.7870330810547,191.03057861328125],""confidence"":0.0016929269768297672},{""bbox"":[199.3551025390625,127.15836334228516,209.03958129882812,137.995849609375],""confidence"":0.0013115516630932689},{""bbox"":[2.8938405513763428,0.0,11.75951099395752,0.857138454914093],""confidence"":0.0010556923225522041},{""bbox"":[199.9860382080078,149.8739471435547,209.48292541503906,159.36892700195312],""confidence"":0.0010356411803513765}]",14,0.001
002_20200623_043047(2),4,352,332,"[[194.0,133.0,203.00000000000003,141.0],[196.00000000000003,156.0,203.0,164.0],[200.00000000000003,187.99999999999997,206.99999999999997,196.0]]","[{""bbox"":[194.3524932861328,132.22219848632812,203.85838317871094,141.94192504882812],""confidence"":0.6581027507781982},{""bbox"":[195.86207580566406,156.17201232910156,204.63189697265625,165.24398803710938],""confidence"":0.6313217282295227},{""bbox"":[198.8880157470703,188.1795654296875,208.0672149658203,197.73387145996094],""confidence"":0.62024986743927},{""bbox"":[196.34288024902344,155.15719604492188,205.6511993408203,164.19613647460938],""confidence"":0.556800127029419},{""bbox"":[196.9920196533203,188.46466064453125,206.14187622070312,197.8472900390625],""confidence"":0.07056184858083725},{""bbox"":[195.21861267089844,154.70596313476562,204.0388946533203,164.4845733642578],""confidence"":0.0668557733297348},{""bbox"":[9.820630073547363,0.0,19.295486450195312,0.8535475730895996],""confidence"":0.008474289439618587},{""bbox"":[198.5668487548828,154.45455932617188,208.07012939453125,165.3311004638672],""confidence"":0.007453443948179483},{""bbox"":[197.74517822265625,185.6305389404297,207.58261108398438,197.34925842285156],""confidence"":0.005797401536256075},{""bbox"":[199.60472106933594,186.45652770996094,208.96620178222656,196.13027954101562],""confidence"":0.0048544448800385},{""bbox"":[339.9296875,329.4026184082031,349.39501953125,332.0],""confidence"":0.003242065431550145},{""bbox"":[193.46670532226562,133.1575927734375,205.05020141601562,144.6824493408203],""confidence"":0.0031098080798983574},{""bbox"":[333.7924499511719,0.0,343.03802490234375,0.1255430281162262],""confidence"":0.0020992285571992397},{""bbox"":[196.31675720214844,161.3358154296875,205.2255859375,171.11428833007812],""confidence"":0.0010788439540192485},{""bbox"":[199.51055908203125,188.28057861328125,209.60491943359375,199.6378173828125],""confidence"":0.0010784110054373741},{""bbox"":[2.893836259841919,0.0,11.759503364562988,0.8571279644966125],""confidence"":0.0010556967463344336}]",16,0.001
002_20200623_043051(3),4,352,332,"[[194.0,140.0,200.00000000000003,149.0],[194.0,163.0,203.00000000000003,174.0],[196.00000000000003,195.0,204.0,205.99999999999997]]","[{""bbox"":[192.30604553222656,140.26608276367188,201.46560668945312,150.04690551757812],""confidence"":0.6371827125549316},{""bbox"":[196.35789489746094,196.6946563720703,205.08189392089844,205.86875915527344],""confidence"":0.6283944845199585},{""bbox"":[193.9463348388672,164.38352966308594,203.3776397705078,173.96563720703125],""confidence"":0.619665265083313},{""bbox"":[9.820633888244629,0.0,19.295515060424805,0.8535937666893005],""confidence"":0.008474758826196194},{""bbox"":[195.7146759033203,195.86517333984375,206.43865966796875,208.34742736816406],""confidence"":0.008194859139621258},{""bbox"":[194.73773193359375,194.33973693847656,204.2306365966797,205.2659149169922],""confidence"":0.005670198239386082},{""bbox"":[195.3639678955078,163.52711486816406,204.92807006835938,173.87567138671875],""confidence"":0.004947476089000702},{""bbox"":[190.67506408691406,141.03273010253906,200.08497619628906,151.23797607421875],""confidence"":0.004499797709286213},{""bbox"":[191.1650848388672,163.3049774169922,200.42015075683594,172.7283935546875],""confidence"":0.0033735744655132294},{""bbox"":[339.92962646484375,329.3946838378906,349.401123046875,332.0],""confidence"":0.0031738532707095146},{""bbox"":[333.84014892578125,0.0,343.01287841796875,0.09557189792394638],""confidence"":0.0019458760507404804},{""bbox"":[188.29685974121094,140.7119903564453,197.0632781982422,149.22315979003906],""confidence"":0.00129908777307719},{""bbox"":[2.893838405609131,0.0,11.759510040283203,0.857138454914093],""confidence"":0.0010556923225522041}]",13,0.001
002_20200623_043055(3),4,352,332,"[[198.0,149.0,206.0,159.0],[199.00000000000003,174.00000000000003,209.0,183.0],[201.0,205.0,207.99999999999997,214.99999999999997]]","[{""bbox"":[200.1219940185547,206.1829376220703,209.0306854248047,215.5101776123047],""confidence"":0.6421722173690796},{""bbox"":[199.12840270996094,149.80377197265625,208.1208953857422,159.1563262939453],""confidence"":0.6336183547973633},{""bbox"":[199.4078369140625,173.58824157714844,208.48008728027344,183.0621795654297],""confidence"":0.6311477422714233},{""bbox"":[197.18772888183594,149.1074676513672,206.40505981445312,158.8896484375],""confidence"":0.16284890472888947},{""bbox"":[197.24017333984375,173.65431213378906,206.13290405273438,182.1036834716797],""confidence"":0.0882224440574646},{""bbox"":[200.33383178710938,204.40721130371094,209.65567016601562,213.87464904785156],""confidence"":0.04257722571492195},{""bbox"":[9.820635795593262,0.0,19.295499801635742,0.8535864353179932],""confidence"":0.008475234732031822},{""bbox"":[196.93898010253906,207.24632263183594,205.61550903320312,215.8353729248047],""confidence"":0.007155867759138346},{""bbox"":[339.9499206542969,329.2094421386719,349.5212707519531,332.0],""confidence"":0.0023755512665957212},{""bbox"":[198.62135314941406,203.21241760253906,208.19210815429688,214.50762939453125],""confidence"":0.0023173189256340265},{""bbox"":[333.905517578125,0.0,342.9863586425781,0.07864456623792648],""confidence"":0.0018204889493063092},{""bbox"":[197.1009063720703,204.5972442626953,206.0727081298828,214.37217712402344],""confidence"":0.0014500576071441174},{""bbox"":[196.80332946777344,152.91517639160156,206.1826629638672,162.9273681640625],""confidence"":0.0010978124337270856},{""bbox"":[2.893841505050659,0.0,11.759512901306152,0.8571437001228333],""confidence"":0.0010556932538747787}]",14,0.001
002_20200623_043059(4),4,352,332,"[[193.0,164.0,203.0,176.0],[196.00000000000003,190.0,204.0,199.99999999999997],[199.99999999999997,223.0,209.0,231.99999999999997]]","[{""bbox"":[200.64341735839844,221.99864196777344,209.728759765625,231.52525329589844],""confidence"":0.6451692581176758},{""bbox"":[195.9661407470703,190.47486877441406,205.03717041015625,199.77880859375],""confidence"":0.6434540152549744},{""bbox"":[192.69451904296875,166.5530242919922,201.79248046875,176.35171508789062],""confidence"":0.623349130153656},{""bbox"":[196.62115478515625,189.32737731933594,206.10060119628906,198.6109161376953],""confidence"":0.5670467615127563},{""bbox"":[198.48306274414062,188.64488220214844,208.10336303710938,199.48187255859375],""confidence"":0.043453704565763474},{""bbox"":[199.38900756835938,220.49136352539062,209.07069396972656,231.15203857421875],""confidence"":0.02003060095012188},{""bbox"":[9.820633888244629,0.0,19.295499801635742,0.8535906076431274],""confidence"":0.008475315757095814},{""bbox"":[190.7949676513672,167.68418884277344,200.1399383544922,177.66958618164062],""confidence"":0.004550865851342678},{""bbox"":[195.8791961669922,187.16029357910156,205.57220458984375,197.07801818847656],""confidence"":0.0043136063031852245},{""bbox"":[197.12611389160156,221.46966552734375,205.96383666992188,230.8711700439453],""confidence"":0.003751950804144144},{""bbox"":[339.9443054199219,329.29107666015625,349.4560546875,332.0],""confidence"":0.002692735753953457},{""bbox"":[192.3495330810547,163.53208923339844,203.23593139648438,176.18154907226562],""confidence"":0.002493816427886486},{""bbox"":[333.94195556640625,0.0,342.97003173828125,0.031171226873993874],""confidence"":0.0018681412329897285},{""bbox"":[194.97845458984375,165.6932830810547,205.10679626464844,175.8682098388672],""confidence"":0.0014076975639909506},{""bbox"":[188.31582641601562,167.11135864257812,197.10360717773438,175.65328979492188],""confidence"":0.0013066036626696587},{""bbox"":[2.8938424587249756,0.0,11.759514808654785,0.8571447730064392],""confidence"":0.0010556943016126752}]",16,0.001
002_20200624_003107(0),4,352,332,"[[195.00000000000003,158.0,202.0,166.99999999999997],[195.99999999999997,182.00000000000003,202.0,190.99999999999997],[196.00000000000003,213.00000000000003,204.0,222.0]]","[{""bbox"":[196.02313232421875,214.2232666015625,204.88490295410156,223.60455322265625],""confidence"":0.6333935856819153},{""bbox"":[195.10411071777344,182.06028747558594,204.13638305664062,191.34950256347656],""confidence"":0.6318458914756775},{""bbox"":[194.55145263671875,158.05482482910156,203.86212158203125,167.75653076171875],""confidence"":0.6296436190605164},{""bbox"":[194.65672302246094,211.93792724609375,204.1811065673828,223.01661682128906],""confidence"":0.010937719605863094},{""bbox"":[195.44544982910156,213.4469757080078,206.19863891601562,225.97564697265625],""confidence"":0.00915562640875578},{""bbox"":[195.4368438720703,158.51817321777344,205.0111541748047,168.87364196777344],""confidence"":0.008550327271223068},{""bbox"":[9.820640563964844,0.0,19.29550552368164,0.8535926938056946],""confidence"":0.008475251495838165},{""bbox"":[339.9935302734375,329.2914123535156,349.44854736328125,332.0],""confidence"":0.0025390281807631254},{""bbox"":[333.9530029296875,0.0,342.9648742675781,0.01506948471069336],""confidence"":0.0018804159481078386},{""bbox"":[198.68551635742188,181.16604614257812,208.08358764648438,191.61489868164062],""confidence"":0.0016892134444788098},{""bbox"":[194.05694580078125,160.64364624023438,204.4964141845703,171.31922912597656],""confidence"":0.0015090866945683956},{""bbox"":[194.96788024902344,177.98733520507812,204.50144958496094,187.7789764404297],""confidence"":0.0012257564812898636},{""bbox"":[2.893841505050659,0.0,11.759515762329102,0.8571468591690063],""confidence"":0.001055691740475595}]",13,0.001
002_20200624_003111(0),4,352,332,"[[200.00000000000003,132.0,210.0,141.0],[202.00000000000003,156.0,209.0,166.0],[201.0,189.00000000000003,210.00000000000003,198.0]]","[{""bbox"":[200.71258544921875,131.94337463378906,209.81837463378906,141.5294952392578],""confidence"":0.6464543342590332},{""bbox"":[200.42327880859375,155.8248291015625,209.41065979003906,165.13925170898438],""confidence"":0.6400555968284607},{""bbox"":[200.8536376953125,188.0699920654297,209.74339294433594,197.4285125732422],""confidence"":0.6311838626861572},{""bbox"":[200.52621459960938,187.6027374267578,210.94281005859375,199.59471130371094],""confidence"":0.02862258441746235},{""bbox"":[199.45639038085938,132.5563507080078,208.77906799316406,142.48574829101562],""confidence"":0.013199560344219208},{""bbox"":[9.820637702941895,0.0,19.295507431030273,0.8535885214805603],""confidence"":0.008475030772387981},{""bbox"":[197.12547302246094,156.5409698486328,205.84152221679688,164.7778778076172],""confidence"":0.006242241244763136},{""bbox"":[339.9272766113281,329.3883056640625,349.40576171875,332.0],""confidence"":0.0031499145552515984},{""bbox"":[197.13096618652344,131.98622131347656,206.0664520263672,140.9599151611328],""confidence"":0.002076322678476572},{""bbox"":[333.82208251953125,0.0,343.0238342285156,0.11101694405078888],""confidence"":0.002019730629399419},{""bbox"":[199.17901611328125,185.5301513671875,208.64859008789062,196.25558471679688],""confidence"":0.001911059720441699},{""bbox"":[200.8065948486328,133.8138885498047,211.64654541015625,144.88552856445312],""confidence"":0.0017123610014095902},{""bbox"":[199.09397888183594,188.5026397705078,208.92173767089844,199.5631866455078],""confidence"":0.0011420686496421695},{""bbox"":[2.893841505050659,0.0,11.759512901306152,0.8571437001228333],""confidence"":0.0010556923225522041}]",14,0.001
002_20200624_003115(1),4,352,332,"[[194.0,108.99999999999999,203.00000000000003,118.0],[197.0,132.0,205.0,142.00000000000003],[200.00000000000003,164.0,206.99999999999997,172.99999999999997]]","[{""bbox"":[200.19277954101562,164.68800354003906,209.23690795898438,174.1201171875],""confidence"":0.6438813805580139},{""bbox"":[196.5714874267578,132.43211364746094,205.50025939941406,141.7692108154297],""confidence"":0.6367560029029846},{""bbox"":[194.37196350097656,109.03211975097656,203.27273559570312,118.25934600830078],""confidence"":0.6065635681152344},{""bbox"":[193.8228302001953,109.92169952392578,203.58050537109375,120.27183532714844],""confidence"":0.023858627304434776},{""bbox"":[198.75466918945312,130.93748474121094,208.240234375,141.83201599121094],""confidence"":0.009178685955703259},{""bbox"":[196.85984802246094,134.4607696533203,205.95889282226562,144.4716796875],""confidence"":0.008832084946334362},{""bbox"":[9.820631980895996,0.0,19.295494079589844,0.8535518050193787],""confidence"":0.008474201895296574},{""bbox"":[196.9887237548828,165.09542846679688,205.8375701904297,173.62774658203125],""confidence"":0.006834297440946102},{""bbox"":[339.9769592285156,329.492919921875,349.3368835449219,332.0],""confidence"":0.003584598656743765},{""bbox"":[333.70880126953125,0.0,343.0910339355469,0.26290035247802734],""confidence"":0.002125456463545561},{""bbox"":[193.5937957763672,106.3905258178711,204.06236267089844,118.47639465332031],""confidence"":0.001615065266378224},{""bbox"":[2.893836259841919,0.0,11.759502410888672,0.8571258783340454],""confidence"":0.0010556967463344336}]",12,0.001
002_20200624_003119(1),4,352,332,"[[203.00000000000003,122.0,213.0,131.0],[203.00000000000003,145.0,210.0,153.0],[200.00000000000003,178.0,208.0,185.00000000000003]]","[{""bbox"":[199.9907684326172,176.9404754638672,208.88633728027344,186.02333068847656],""confidence"":0.6568659543991089},{""bbox"":[203.4010009765625,120.95890045166016,212.8643035888672,130.735595703125],""confidence"":0.6406955718994141},{""bbox"":[201.05844116210938,144.30224609375,210.08872985839844,154.0662841796875],""confidence"":0.6352003216743469},{""bbox"":[201.2287139892578,142.60365295410156,210.2299346923828,151.9537811279297],""confidence"":0.048435453325510025},{""bbox"":[197.1542510986328,176.4070587158203,206.1217041015625,185.65367126464844],""confidence"":0.010297996923327446},{""bbox"":[200.68511962890625,178.23158264160156,210.0005340576172,188.72035217285156],""confidence"":0.009612012654542923},{""bbox"":[9.820635795593262,0.0,19.29550552368164,0.8535906076431274],""confidence"":0.008475122973322868},{""bbox"":[202.23312377929688,121.15734100341797,213.54653930664062,133.5192108154297],""confidence"":0.005195436999201775},{""bbox"":[204.26019287109375,119.2330322265625,214.2686004638672,131.1382598876953],""confidence"":0.0037899338640272617},{""bbox"":[339.9273986816406,329.3822021484375,349.4095153808594,332.0],""confidence"":0.0031196926720440388},{""bbox"":[333.8319396972656,0.0,343.0194091796875,0.10058002918958664],""confidence"":0.002029037568718195},{""bbox"":[199.720703125,141.56040954589844,208.6537322998047,151.40435791015625],""confidence"":0.0015266299014911056},{""bbox"":[2.893841505050659,0.0,11.759512901306152,0.8571426868438721],""confidence"":0.0010556911583989859}]",13,0.001
002_20200624_003123(1),4,352,332,"[[196.00000000000003,120.0,203.0,127.99999999999999],[193.0,146.0,204.0,153.0],[192.99999999999997,176.0,202.0,184.99999999999997]]","[{""bbox"":[194.61070251464844,119.89118957519531,204.13465881347656,129.4811553955078],""confidence"":0.6378198266029358},{""bbox"":[193.1186981201172,175.9413604736328,202.06100463867188,185.44456481933594],""confidence"":0.6342595219612122},{""bbox"":[193.4000701904297,143.3975372314453,202.56878662109375,153.1750030517578],""confidence"":0.6107341647148132},{""bbox"":[192.90269470214844,143.57937622070312,204.10499572753906,155.70338439941406],""confidence"":0.02345738559961319},{""bbox"":[194.90426635742188,144.03564453125,204.93841552734375,153.96942138671875],""confidence"":0.020593643188476562},{""bbox"":[191.150146484375,175.6120147705078,200.8303985595703,185.1934356689453],""confidence"":0.013040721416473389},{""bbox"":[9.820633888244629,0.0,19.295495986938477,0.8535654544830322],""confidence"":0.008474490605294704},{""bbox"":[193.34823608398438,177.81959533691406,203.03916931152344,188.5392303466797],""confidence"":0.00664264801889658},{""bbox"":[191.1701202392578,143.08937072753906,201.24366760253906,153.03736877441406],""confidence"":0.006508436519652605},{""bbox"":[195.11898803710938,116.72892761230469,205.0269775390625,126.45429992675781],""confidence"":0.003297276794910431},{""bbox"":[339.92694091796875,329.3917236328125,349.4022216796875,332.0],""confidence"":0.003186556976288557},{""bbox"":[333.8153991699219,0.0,343.02728271484375,0.10864296555519104],""confidence"":0.0020686856005340815},{""bbox"":[191.06341552734375,141.37728881835938,200.2299346923828,150.95462036132812],""confidence"":0.00196214416064322},{""bbox"":[2.893838405609131,0.0,11.759504318237305,0.8571321964263916],""confidence"":0.0010556956985965371},{""bbox"":[192.27342224121094,172.4474334716797,202.05392456054688,184.0094451904297],""confidence"":0.0010205655125901103}]",15,0.001
002_20200624_003127(0),4,352,332,"[[203.0,120.0,210.99999999999997,131.0],[203.00000000000003,143.0,213.0,155.0],[203.99999999999997,177.0,213.0,185.00000000000003]]","[{""bbox"":[202.3406219482422,120.08109283447266,212.1678466796875,129.9176483154297],""confidence"":0.64613276720047},{""bbox"":[204.17532348632812,176.24969482421875,213.12933349609375,185.50563049316406],""confidence"":0.6410222053527832},{""bbox"":[202.65855407714844,144.15679931640625,212.10617065429688,153.95655822753906],""confidence"":0.6063798666000366},{""bbox"":[202.28663635253906,142.9578094482422,211.5557403564453,152.42579650878906],""confidence"":0.15789073705673218},{""bbox"":[203.9113311767578,144.77027893066406,213.6630859375,154.129150390625],""confidence"":0.024140991270542145},{""bbox"":[204.31626892089844,177.78273010253906,214.04266357421875,188.46437072753906],""confidence"":0.009023732505738735},{""bbox"":[9.820637702941895,0.0,19.295507431030273,0.8535864353179932],""confidence"":0.008474927395582199},{""bbox"":[203.94700622558594,118.9387435913086,214.09280395507812,130.3951873779297],""confidence"":0.006482247728854418},{""bbox"":[200.01754760742188,143.62274169921875,210.11839294433594,153.48219299316406],""confidence"":0.00361012015491724},{""bbox"":[339.9219665527344,329.3883056640625,349.40155029296875,332.0],""confidence"":0.0032483297400176525},{""bbox"":[199.99435424804688,120.16358947753906,210.36956787109375,130.32887268066406],""confidence"":0.002766877179965377},{""bbox"":[333.8009033203125,0.0,343.03521728515625,0.1319148987531662],""confidence"":0.0020558065734803677},{""bbox"":[202.90884399414062,116.65361785888672,213.14468383789062,126.37389373779297],""confidence"":0.0014597629196941853},{""bbox"":[201.45997619628906,120.84669494628906,213.09518432617188,133.51173400878906],""confidence"":0.0013204519636929035},{""bbox"":[2.8938405513763428,0.0,11.75951099395752,0.8571405410766602],""confidence"":0.0010556923225522041}]",15,0.001
002_20200624_083032(4),4,316,332,"[[155.00000000000003,140.0,165.0,153.0],[157.0,162.0,166.99999999999997,176.0],[159.0,189.00000000000003,170.0,199.0]]","[{""bbox"":[156.73484802246094,163.92767333984375,166.21128845214844,173.686279296875],""confidence"":0.6370586156845093},{""bbox"":[154.4668426513672,140.53890991210938,164.83139038085938,151.45555114746094],""confidence"":0.6338313221931458},{""bbox"":[160.23226928710938,189.02732849121094,169.85865783691406,199.06448364257812],""confidence"":0.631924033164978},{""bbox"":[153.24880981445312,140.40109252929688,162.24461364746094,151.02349853515625],""confidence"":0.07197067141532898},{""bbox"":[162.88699340820312,188.44085693359375,171.95802307128906,199.02444458007812],""confidence"":0.018656419590115547},{""bbox"":[156.0465850830078,164.957275390625,167.071533203125,176.83555603027344],""confidence"":0.012319250963628292},{""bbox"":[153.62884521484375,138.24246215820312,164.44996643066406,150.3988037109375],""confidence"":0.010792755521833897},{""bbox"":[155.33462524414062,162.94244384765625,165.05416870117188,173.40469360351562],""confidence"":0.006488865707069635},{""bbox"":[159.63082885742188,189.67950439453125,171.0718536376953,201.75],""confidence"":0.004414381925016642},{""bbox"":[271.1385498046875,106.6513671875,279.08734130859375,115.18689727783203],""confidence"":0.003970324993133545},{""bbox"":[153.13076782226562,165.5017852783203,161.62257385253906,173.90345764160156],""confidence"":0.003966924734413624},{""bbox"":[160.2700653076172,185.6184844970703,169.33375549316406,195.0914306640625],""confidence"":0.001669799443334341},{""bbox"":[160.6305694580078,194.74778747558594,169.34632873535156,203.98789978027344],""confidence"":0.0010574799962341785}]",13,0.001
002_20200624_083036(9),4,316,332,"[[158.0,148.0,169.0,159.0],[157.0,171.00000000000003,170.0,180.0],[161.00000000000003,197.00000000000003,172.0,208.0]]","[{""bbox"":[155.99652099609375,146.96920776367188,168.49728393554688,159.25477600097656],""confidence"":0.6646912097930908},{""bbox"":[158.31153869628906,170.36129760742188,168.8572235107422,181.21360778808594],""confidence"":0.6142554879188538},{""bbox"":[161.74913024902344,196.78860473632812,172.2669219970703,207.07220458984375],""confidence"":0.61213219165802},{""bbox"":[161.4806365966797,197.12623596191406,170.2430877685547,205.9263153076172],""confidence"":0.21801482141017914},{""bbox"":[158.45010375976562,168.56190490722656,168.85740661621094,178.33956909179688],""confidence"":0.013538815081119537},{""bbox"":[154.65966796875,145.49710083007812,166.3347625732422,158.10951232910156],""confidence"":0.0026295685674995184},{""bbox"":[153.1846923828125,149.10696411132812,162.04510498046875,158.88255310058594],""confidence"":0.001991668716073036},{""bbox"":[274.667236328125,114.46095275878906,282.9777526855469,123.54395294189453],""confidence"":0.001989186042919755},{""bbox"":[156.925048828125,173.45578002929688,168.1742706298828,185.30648803710938],""confidence"":0.0019309829222038388},{""bbox"":[159.76708984375,196.7218780517578,170.45570373535156,207.5301513671875],""confidence"":0.0016269293846562505},{""bbox"":[162.84017944335938,170.6222381591797,171.9159698486328,180.6063995361328],""confidence"":0.0014977689133957028},{""bbox"":[154.9563446044922,149.4938201904297,165.76695251464844,161.21153259277344],""confidence"":0.001384217757731676}]",12,0.001
002_20200624_083041(3),4,316,332,"[[159.0,148.0,167.99999999999997,158.0],[159.0,171.0,171.0,179.0],[161.00000000000003,196.0,172.0,205.99999999999997]]","[{""bbox"":[156.91604614257812,146.88108825683594,169.5581817626953,159.37652587890625],""confidence"":0.7264184355735779},{""bbox"":[161.6251983642578,196.7979278564453,172.1577606201172,207.1428985595703],""confidence"":0.6239557266235352},{""bbox"":[158.7543487548828,170.27474975585938,169.10015869140625,180.99024963378906],""confidence"":0.6171916127204895},{""bbox"":[157.0498809814453,148.8292694091797,168.44332885742188,160.59970092773438],""confidence"":0.06904605031013489},{""bbox"":[158.94004821777344,168.61880493164062,169.16490173339844,178.35891723632812],""confidence"":0.014572660438716412},{""bbox"":[159.81895446777344,195.77352905273438,169.8158416748047,206.26165771484375],""confidence"":0.0023911588359624147},{""bbox"":[162.82749938964844,170.43423461914062,171.9014129638672,180.46177673339844],""confidence"":0.002092814538627863},{""bbox"":[155.57949829101562,148.10617065429688,166.97921752929688,159.89588928222656],""confidence"":0.0019313734956085682},{""bbox"":[161.10655212402344,193.82968139648438,169.93038940429688,203.4457244873047],""confidence"":0.0017873188480734825},{""bbox"":[258.3235168457031,198.95025634765625,264.74835205078125,205.4632568359375],""confidence"":0.0015665696701034904}]",10,0.001
002_20200624_083045(8),4,316,332,"[[150.0,131.0,160.0,142.0],[155.0,155.0,164.0,166.99999999999997],[158.0,184.99999999999997,167.99999999999997,198.0]]","[{""bbox"":[157.91946411132812,187.05238342285156,168.52452087402344,197.8225860595703],""confidence"":0.6499007344245911},{""bbox"":[149.96287536621094,129.86036682128906,161.7515869140625,141.8956756591797],""confidence"":0.6481741666793823},{""bbox"":[153.2859649658203,155.3109130859375,163.87847900390625,165.6597900390625],""confidence"":0.5997779369354248},{""bbox"":[153.1099090576172,155.0940704345703,162.08607482910156,164.3030548095703],""confidence"":0.3658458888530731},{""bbox"":[154.62335205078125,154.09848022460938,164.02688598632812,164.48431396484375],""confidence"":0.2757498025894165},{""bbox"":[158.6784210205078,185.5632781982422,169.31178283691406,195.08651733398438],""confidence"":0.14694558084011078},{""bbox"":[149.8740234375,131.69232177734375,160.97512817382812,143.76658630371094],""confidence"":0.021683475002646446},{""bbox"":[151.338134765625,154.30662536621094,161.4585418701172,164.9945068359375],""confidence"":0.006020744796842337},{""bbox"":[157.3866729736328,184.04562377929688,168.1209716796875,196.13328552246094],""confidence"":0.0022718559484928846},{""bbox"":[248.03480529785156,150.20932006835938,257.1188049316406,159.37380981445312],""confidence"":0.002197591820731759},{""bbox"":[152.59677124023438,156.31602478027344,164.57713317871094,168.74354553222656],""confidence"":0.0011650720844045281},{""bbox"":[152.58509826660156,152.22482299804688,161.88055419921875,162.09747314453125],""confidence"":0.001010493841022253}]",12,0.001
002_20200624_083050(4),4,316,332,"[[150.0,146.0,160.0,156.0],[151.0,170.0,160.0,180.0],[153.0,202.0,164.0,213.0]]","[{""bbox"":[153.3784942626953,202.4735107421875,163.7867431640625,213.29339599609375],""confidence"":0.6436349153518677},{""bbox"":[148.18008422851562,145.3871307373047,159.50535583496094,156.9659881591797],""confidence"":0.6401429772377014},{""bbox"":[150.40269470214844,169.81080627441406,160.50328063964844,180.38255310058594],""confidence"":0.6177196502685547},{""bbox"":[149.237548828125,143.76141357421875,160.66099548339844,153.49127197265625],""confidence"":0.034125249832868576},{""bbox"":[146.6805877685547,146.09547424316406,158.15451049804688,158.01419067382812],""confidence"":0.007996693253517151},{""bbox"":[247.8197784423828,174.75938415527344,256.6045227050781,183.62220764160156],""confidence"":0.00747443363070488},{""bbox"":[147.4109344482422,147.64073181152344,160.56085205078125,160.68585205078125],""confidence"":0.005917451810091734},{""bbox"":[149.90049743652344,167.6322479248047,159.89295959472656,179.3203887939453],""confidence"":0.004189703613519669},{""bbox"":[147.29920959472656,142.23306274414062,159.3416290283203,154.8915252685547],""confidence"":0.0016633992781862617},{""bbox"":[154.55453491210938,169.7841796875,163.7540740966797,179.85035705566406],""confidence"":0.001507630106061697},{""bbox"":[155.16815185546875,200.64077758789062,165.44056701660156,212.50347900390625],""confidence"":0.0014584228629246354}]",11,0.001
002_20200624_083054(9),4,316,332,"[[147.0,135.0,160.0,146.0],[150.0,160.0,158.0,169.0],[150.0,193.0,160.0,202.99999999999997]]","[{""bbox"":[150.46182250976562,192.97117614746094,160.49667358398438,203.13296508789062],""confidence"":0.6453552842140198},{""bbox"":[148.47860717773438,160.0080108642578,158.3697509765625,170.2210235595703],""confidence"":0.6222186088562012},{""bbox"":[148.30393981933594,135.91827392578125,159.21865844726562,146.610595703125],""confidence"":0.6009026169776917},{""bbox"":[148.85284423828125,161.50540161132812,159.3940887451172,172.80055236816406],""confidence"":0.012858432717621326},{""bbox"":[146.5167236328125,136.2401123046875,157.45330810546875,146.97161865234375],""confidence"":0.0061639747582376},{""bbox"":[146.9825439453125,158.61871337890625,156.86083984375,169.3402099609375],""confidence"":0.004487455822527409},{""bbox"":[150.20469665527344,136.14581298828125,160.8687744140625,146.88284301757812],""confidence"":0.003742203116416931},{""bbox"":[149.8007049560547,193.56600952148438,161.50497436523438,205.9204559326172],""confidence"":0.0027490153443068266},{""bbox"":[241.4865264892578,174.08599853515625,248.25718688964844,180.90206909179688],""confidence"":0.001657425076700747},{""bbox"":[248.97518920898438,174.1520538330078,256.0455017089844,181.0850067138672],""confidence"":0.001182390726171434}]",10,0.001
002_20200624_203017(4),4,352,332,"[[194.0,127.99999999999999,206.99999999999997,141.0],[195.99999999999997,153.0,205.0,161.0],[197.0,185.00000000000003,208.0,193.99999999999997]]","[{""bbox"":[195.6251983642578,127.20529174804688,205.0623016357422,137.21946716308594],""confidence"":0.6529484391212463},{""bbox"":[196.2532196044922,152.04833984375,205.18380737304688,161.37432861328125],""confidence"":0.6286243200302124},{""bbox"":[198.47366333007812,184.2007293701172,208.0246124267578,194.06600952148438],""confidence"":0.6247416734695435},{""bbox"":[196.1635284423828,125.92227935791016,206.40542602539062,136.30526733398438],""confidence"":0.4835023880004883},{""bbox"":[197.14361572265625,183.78533935546875,206.3961944580078,193.62020874023438],""confidence"":0.22266845405101776},{""bbox"":[195.22998046875,150.22311401367188,204.44227600097656,160.43772888183594],""confidence"":0.02783747762441635},{""bbox"":[9.82065486907959,0.0,19.295499801635742,0.853534996509552],""confidence"":0.008474186062812805},{""bbox"":[339.92962646484375,329.40386962890625,349.3945617675781,332.0],""confidence"":0.003246217966079712},{""bbox"":[195.85023498535156,151.77525329589844,207.12152099609375,164.39920043945312],""confidence"":0.0028931153938174248},{""bbox"":[333.8079833984375,0.0,343.0313415527344,0.113800048828125],""confidence"":0.002086347434669733},{""bbox"":[199.41160583496094,184.3079071044922,209.54408264160156,195.34671020507812],""confidence"":0.0020324846263974905},{""bbox"":[197.3728485107422,181.22906494140625,207.43807983398438,193.15208435058594],""confidence"":0.0019928207620978355},{""bbox"":[196.7120819091797,188.1482696533203,205.6658935546875,197.62852478027344],""confidence"":0.0015558663289994001},{""bbox"":[195.5596466064453,184.57557678222656,205.61097717285156,194.1246795654297],""confidence"":0.0013878978788852692},{""bbox"":[2.8938393592834473,0.0,11.75951099395752,0.8571332097053528],""confidence"":0.001055699773132801}]",15,0.001
002_20200625_042934(9),4,352,332,"[[183.0,148.0,192.99999999999997,158.0],[189.00000000000003,172.0,199.0,181.99999999999997],[197.0,202.0,208.0,211.99999999999997]]","[{""bbox"":[198.71974182128906,202.7184295654297,208.07830810546875,212.27142333984375],""confidence"":0.6606463193893433},{""bbox"":[189.60987854003906,172.26890563964844,199.49853515625,182.0941162109375],""confidence"":0.6563898921012878},{""bbox"":[183.43711853027344,148.98837280273438,192.7754364013672,158.8982391357422],""confidence"":0.6368093490600586},{""bbox"":[197.04714965820312,202.36492919921875,206.35049438476562,212.50320434570312],""confidence"":0.30496591329574585},{""bbox"":[188.22955322265625,171.99923706054688,197.46067810058594,181.09786987304688],""confidence"":0.30030474066734314},{""bbox"":[181.8432159423828,149.79820251464844,191.5752716064453,160.24241638183594],""confidence"":0.00979975238442421},{""bbox"":[9.820609092712402,0.0,19.295604705810547,0.8537238240242004],""confidence"":0.00847505871206522},{""bbox"":[196.7620391845703,205.01522827148438,206.0662384033203,215.0617218017578],""confidence"":0.005164515692740679},{""bbox"":[339.9317321777344,329.4105224609375,349.3890075683594,332.0],""confidence"":0.0033030579797923565},{""bbox"":[183.34471130371094,145.9412384033203,194.39512634277344,158.6144256591797],""confidence"":0.00314198131673038},{""bbox"":[187.8126220703125,169.4969024658203,197.28863525390625,179.61224365234375],""confidence"":0.002597241895273328},{""bbox"":[333.77325439453125,0.0,343.0534362792969,0.19210682809352875],""confidence"":0.00200445088557899},{""bbox"":[179.52288818359375,149.54148864746094,188.44229125976562,158.4547576904297],""confidence"":0.0017253089463338256},{""bbox"":[186.81500244140625,172.68646240234375,197.26158142089844,182.6702880859375],""confidence"":0.0015075161354616284},{""bbox"":[2.8938424587249756,0.0,11.75951862335205,0.8571615219116211],""confidence"":0.001055672182701528}]",15,0.001
002_20200625_042939(2),4,352,332,"[[193.0,133.0,203.0,143.0],[195.0,159.0,204.0,169.0],[199.0,189.0,208.0,199.99999999999997]]","[{""bbox"":[199.148681640625,190.35072326660156,208.3367462158203,199.65936279296875],""confidence"":0.6394029855728149},{""bbox"":[194.01190185546875,133.25851440429688,203.39097595214844,142.67384338378906],""confidence"":0.6364939212799072},{""bbox"":[195.8218231201172,157.6611785888672,204.67083740234375,167.02984619140625],""confidence"":0.6333646178245544},{""bbox"":[196.35067749023438,156.69200134277344,205.6640167236328,166.0180206298828],""confidence"":0.5207762122154236},{""bbox"":[197.04295349121094,189.8848419189453,206.2696990966797,199.18917846679688],""confidence"":0.12683962285518646},{""bbox"":[193.52220153808594,133.4139404296875,204.53009033203125,144.62046813964844],""confidence"":0.017348622903227806},{""bbox"":[9.820633888244629,0.0,19.295495986938477,0.8535696268081665],""confidence"":0.008474578149616718},{""bbox"":[195.25338745117188,132.06878662109375,205.2158966064453,143.1508026123047],""confidence"":0.0071811918169260025},{""bbox"":[198.63504028320312,155.9608917236328,208.12159729003906,166.97149658203125],""confidence"":0.006997211836278439},{""bbox"":[339.9234313964844,329.35198974609375,349.4389953613281,332.0],""confidence"":0.0029542557895183563},{""bbox"":[196.4603729248047,160.62205505371094,205.62574768066406,170.90655517578125],""confidence"":0.0029404545202851295},{""bbox"":[195.40777587890625,154.9806671142578,204.51776123046875,166.05499267578125],""confidence"":0.002735748654231429},{""bbox"":[196.96429443359375,187.19752502441406,205.96583557128906,197.14862060546875],""confidence"":0.0021632048301398754},{""bbox"":[333.7945251464844,0.0,343.0382385253906,0.12499437481164932],""confidence"":0.0021085015032440424},{""bbox"":[2.893838405609131,0.0,11.759506225585938,0.8571342825889587],""confidence"":0.0010556952329352498}]",15,0.001
002_20200625_042943(7),4,352,332,"[[199.00000000000003,119.0,209.0,130.0],[203.00000000000003,146.0,213.0,154.0],[207.00000000000003,177.00000000000003,217.0,186.0]]","[{""bbox"":[199.89198303222656,120.32984924316406,209.32943725585938,130.34547424316406],""confidence"":0.6438961029052734},{""bbox"":[208.3316650390625,176.54104614257812,217.46212768554688,185.88966369628906],""confidence"":0.6379380822181702},{""bbox"":[202.8580780029297,144.1271209716797,212.5922088623047,154.1849365234375],""confidence"":0.6133643984794617},{""bbox"":[205.9896697998047,176.21937561035156,215.0858917236328,185.8064422607422],""confidence"":0.05230481177568436},{""bbox"":[197.09144592285156,120.3037338256836,206.346923828125,129.7427215576172],""confidence"":0.030957892537117004},{""bbox"":[9.820635795593262,0.0,19.295501708984375,0.8535748720169067],""confidence"":0.008474722504615784},{""bbox"":[339.928955078125,329.4053649902344,349.3912048339844,332.0],""confidence"":0.003302899422124028},{""bbox"":[333.7264099121094,0.0,343.08123779296875,0.25131264328956604],""confidence"":0.00206098728813231},{""bbox"":[202.95628356933594,141.7271270751953,211.62408447265625,152.35980224609375],""confidence"":0.0019192099571228027},{""bbox"":[209.0001220703125,177.12149047851562,218.83985900878906,188.5660858154297],""confidence"":0.0013502950314432383},{""bbox"":[203.7465057373047,144.17393493652344,214.0509490966797,155.71034240722656],""confidence"":0.001193433883599937},{""bbox"":[2.8938393592834473,0.0,11.759507179260254,0.8571363687515259],""confidence"":0.001055693719536066}]",12,0.001
002_20200625_042948(3),4,352,332,"[[192.0,126.0,199.99999999999997,134.0],[192.99999999999997,148.0,205.0,157.0],[199.0,181.0,210.0,190.99999999999997]]","[{""bbox"":[200.7401123046875,180.8927001953125,209.64434814453125,190.14407348632812],""confidence"":0.659191370010376},{""bbox"":[191.2008056640625,124.84968566894531,200.5480499267578,134.76048278808594],""confidence"":0.6412470936775208},{""bbox"":[194.98175048828125,148.5650634765625,204.33067321777344,158.54425048828125],""confidence"":0.6195629835128784},{""bbox"":[200.3657684326172,179.05313110351562,210.49209594726562,189.2657928466797],""confidence"":0.3659077286720276},{""bbox"":[190.8516082763672,123.67813110351562,202.61846923828125,135.8320770263672],""confidence"":0.015367679297924042},{""bbox"":[9.820619583129883,0.0,19.29551887512207,0.8535696268081665],""confidence"":0.008473925292491913},{""bbox"":[188.42938232421875,124.12970733642578,197.71351623535156,134.46731567382812],""confidence"":0.0064895544201135635},{""bbox"":[194.2157440185547,146.1685791015625,204.00775146484375,157.6553955078125],""confidence"":0.004242599941790104},{""bbox"":[339.92803955078125,329.4037170410156,349.39202880859375,332.0],""confidence"":0.003304128535091877},{""bbox"":[195.5428009033203,151.1623992919922,205.26454162597656,162.01560974121094],""confidence"":0.0028812589589506388},{""bbox"":[198.54446411132812,146.79641723632812,208.15127563476562,158.10696411132812],""confidence"":0.0022811756934970617},{""bbox"":[196.89112854003906,181.85801696777344,205.54603576660156,190.192138671875],""confidence"":0.0020444297697395086},{""bbox"":[333.7392272949219,0.0,343.0743103027344,0.24061661958694458],""confidence"":0.0020277779549360275},{""bbox"":[189.74749755859375,124.944091796875,202.14187622070312,137.89541625976562],""confidence"":0.0013875880977138877},{""bbox"":[2.8938353061676025,0.0,11.759501457214355,0.8571237921714783],""confidence"":0.0010556967463344336}]",15,0.001
002_20200625_042952(8),4,352,332,"[[203.99999999999997,126.0,213.0,135.0],[202.0,150.0,210.0,159.0],[197.0,182.00000000000003,208.0,193.0]]","[{""bbox"":[200.89599609375,149.75714111328125,210.4520721435547,159.652099609375],""confidence"":0.6588245034217834},{""bbox"":[203.62823486328125,125.605712890625,213.3678741455078,135.81985473632812],""confidence"":0.6511460542678833},{""bbox"":[198.98744201660156,182.6388397216797,208.19407653808594,192.25572204589844],""confidence"":0.6464512944221497},{""bbox"":[198.34124755859375,180.9474334716797,207.660400390625,191.48873901367188],""confidence"":0.10288377106189728},{""bbox"":[197.00535583496094,182.34487915039062,206.04067993164062,191.2960662841797],""confidence"":0.07683539390563965},{""bbox"":[201.49034118652344,150.88589477539062,211.75570678710938,162.0640106201172],""confidence"":0.020254094153642654},{""bbox"":[202.5900421142578,125.51915740966797,214.05352783203125,138.0032958984375],""confidence"":0.010306311771273613},{""bbox"":[9.820633888244629,0.0,19.295499801635742,0.8535906076431274],""confidence"":0.008475199341773987},{""bbox"":[197.43186950683594,182.50221252441406,209.63339233398438,195.37216186523438],""confidence"":0.0029297962319105864},{""bbox"":[339.9283447265625,329.3115234375,349.4471130371094,332.0],""confidence"":0.0028221523389220238},{""bbox"":[200.19520568847656,180.7729949951172,209.79176330566406,191.97152709960938],""confidence"":0.002809976926073432},{""bbox"":[333.8343505859375,0.0,343.017578125,0.08922939747571945],""confidence"":0.0020551446359604597},{""bbox"":[197.2307586669922,149.7616424560547,206.44064331054688,159.9964599609375],""confidence"":0.001552427769638598},{""bbox"":[2.8938424587249756,0.0,11.759512901306152,0.8571426868438721],""confidence"":0.0010556911583989859}]",14,0.001
002_20200625_042957(3),4,352,332,"[[202.0,174.00000000000003,211.99999999999997,183.0],[203.0,199.99999999999997,214.0,208.0],[207.00000000000003,230.00000000000003,217.0,240.0]]","[{""bbox"":[203.88095092773438,198.81173706054688,213.2100067138672,208.30186462402344],""confidence"":0.6286196112632751},{""bbox"":[208.28553771972656,230.8858642578125,217.30047607421875,240.22801208496094],""confidence"":0.627635657787323},{""bbox"":[201.14236450195312,174.02793884277344,210.38453674316406,183.7415313720703],""confidence"":0.6230915784835815},{""bbox"":[200.82606506347656,172.26722717285156,211.427734375,184.48606872558594],""confidence"":0.04907212406396866},{""bbox"":[205.97506713867188,230.42044067382812,215.02664184570312,240.27052307128906],""confidence"":0.0441834032535553},{""bbox"":[203.84890747070312,195.92628479003906,213.19931030273438,205.57693481445312],""confidence"":0.009797406382858753},{""bbox"":[9.820633888244629,0.0,19.295503616333008,0.8535969257354736],""confidence"":0.008475291542708874},{""bbox"":[207.4694061279297,197.6569061279297,216.9237518310547,208.10040283203125],""confidence"":0.005092507228255272},{""bbox"":[205.6476287841797,232.6061248779297,214.63058471679688,241.83306884765625],""confidence"":0.004820462316274643},{""bbox"":[199.3888702392578,172.13499450683594,209.4219970703125,183.3457794189453],""confidence"":0.0030431486666202545},{""bbox"":[340.00128173828125,329.29296875,349.452880859375,332.0],""confidence"":0.002524393144994974},{""bbox"":[333.97332763671875,0.0,342.9547424316406,0.0],""confidence"":0.0019077511969953775},{""bbox"":[197.0403289794922,174.94947814941406,205.77842712402344,183.24923706054688],""confidence"":0.0015060806181281805},{""bbox"":[206.8701629638672,231.171875,217.68785095214844,243.54502868652344],""confidence"":0.0012114264536648989},{""bbox"":[2.8938424587249756,0.0,11.759514808654785,0.8571457862854004],""confidence"":0.001055691740475595}]",15,0.001
002_20200629_082630(7),4,352,332,"[[184.0,132.0,195.0,145.00000000000003],[190.0,155.0,199.00000000000003,166.99999999999997],[197.0,187.0,206.99999999999997,195.00000000000003]]","[{""bbox"":[190.50906372070312,156.4903106689453,199.58456420898438,165.94732666015625],""confidence"":0.6275123953819275},{""bbox"":[198.65829467773438,187.25746154785156,208.01272583007812,196.9123077392578],""confidence"":0.6261526942253113},{""bbox"":[184.5442352294922,133.35365295410156,194.4661865234375,143.2562713623047],""confidence"":0.6231601238250732},{""bbox"":[197.0338134765625,186.56741333007812,206.47854614257812,197.0943145751953],""confidence"":0.1883237659931183},{""bbox"":[188.22393798828125,156.57228088378906,196.7500762939453,164.55789184570312],""confidence"":0.10638231039047241},{""bbox"":[199.33782958984375,185.74362182617188,209.0684356689453,195.9357452392578],""confidence"":0.02478138916194439},{""bbox"":[190.252685546875,154.85305786132812,198.82623291015625,164.84262084960938],""confidence"":0.01595200225710869},{""bbox"":[185.84031677246094,132.78451538085938,196.1792755126953,142.7530059814453],""confidence"":0.014213410206139088},{""bbox"":[191.08180236816406,154.74900817871094,200.7120361328125,165.72315979003906],""confidence"":0.011645769700407982},{""bbox"":[197.76242065429688,187.17318725585938,208.69967651367188,199.5329132080078],""confidence"":0.008804002776741982},{""bbox"":[9.820508003234863,0.0,19.296358108520508,0.8545997738838196],""confidence"":0.008476469665765762},{""bbox"":[189.42135620117188,156.3646240234375,200.18536376953125,168.7879638671875],""confidence"":0.007090775761753321},{""bbox"":[182.33486938476562,134.40492248535156,191.9412078857422,143.673828125],""confidence"":0.004326486960053444},{""bbox"":[339.9294128417969,329.40765380859375,349.3896484375,332.0],""confidence"":0.0033252553548663855},{""bbox"":[333.7074279785156,0.0,343.0921630859375,0.265032023191452],""confidence"":0.002128126099705696},{""bbox"":[184.1368408203125,134.2892303466797,195.1082000732422,146.6285858154297],""confidence"":0.0017737214220687747},{""bbox"":[2.89385724067688,0.0,11.75956916809082,0.8572811484336853],""confidence"":0.0010555107146501541}]",17,0.001
002_20200629_082639(2),4,352,332,"[[198.0,162.0,207.00000000000003,172.99999999999997],[197.0,189.0,208.0,196.0],[199.0,220.99999999999997,208.0,229.0]]","[{""bbox"":[199.72532653808594,220.42059326171875,208.91543579101562,229.89889526367188],""confidence"":0.6470160484313965},{""bbox"":[198.38702392578125,163.24972534179688,208.04808044433594,172.91433715820312],""confidence"":0.6468498110771179},{""bbox"":[198.92433166503906,187.2169952392578,208.11334228515625,196.76808166503906],""confidence"":0.6354462504386902},{""bbox"":[197.0407257080078,162.56971740722656,206.4635009765625,172.28025817871094],""confidence"":0.302848756313324},{""bbox"":[197.22276306152344,186.6275177001953,206.12118530273438,196.279541015625],""confidence"":0.04789666086435318},{""bbox"":[197.17393493652344,189.09263610839844,205.73867797851562,197.6655731201172],""confidence"":0.03632276505231857},{""bbox"":[197.19105529785156,219.966064453125,206.29598999023438,229.5176239013672],""confidence"":0.021246474236249924},{""bbox"":[9.820633888244629,0.0,19.295461654663086,0.8535717129707336],""confidence"":0.008474289439618587},{""bbox"":[196.9833221435547,160.73876953125,206.27853393554688,170.82809448242188],""confidence"":0.004924176260828972},{""bbox"":[200.58929443359375,221.72265625,210.2000274658203,232.6273193359375],""confidence"":0.003449195297434926},{""bbox"":[198.30447387695312,187.4604034423828,209.05384826660156,199.4696044921875],""confidence"":0.003279286902397871},{""bbox"":[339.9777526855469,329.30377197265625,349.4561767578125,332.0],""confidence"":0.0026151572819799185},{""bbox"":[333.9544677734375,0.0,342.9626159667969,0.011011791415512562],""confidence"":0.0018733781762421131},{""bbox"":[199.83554077148438,185.60215759277344,209.4124755859375,196.40138244628906],""confidence"":0.0012779246317222714},{""bbox"":[2.8938183784484863,0.0,11.75944709777832,0.8570660948753357],""confidence"":0.0010555696208029985}]",15,0.001
002_20200629_082642(2),4,352,332,"[[188.0,164.0,197.0,172.99999999999997],[192.00000000000003,186.00000000000003,202.0,196.0],[198.0,217.0,207.99999999999997,228.0]]","[{""bbox"":[198.8488311767578,219.1317901611328,208.2512664794922,229.01133728027344],""confidence"":0.6355891823768616},{""bbox"":[188.58387756347656,163.78721618652344,197.8618927001953,173.33453369140625],""confidence"":0.6241062879562378},{""bbox"":[192.46566772460938,187.38694763183594,201.27606201171875,196.63539123535156],""confidence"":0.6206847429275513},{""bbox"":[197.16683959960938,218.9225311279297,206.33106994628906,228.41017150878906],""confidence"":0.18698650598526},{""bbox"":[189.789306640625,162.13999938964844,199.50460815429688,173.19334411621094],""confidence"":0.033762723207473755},{""bbox"":[186.6228485107422,164.3228759765625,196.2987060546875,174.0756378173828],""confidence"":0.008743912912905216},{""bbox"":[9.820627212524414,0.0,19.295509338378906,0.8536074161529541],""confidence"":0.008475244045257568},{""bbox"":[191.66244506835938,187.22918701171875,203.00350952148438,199.53280639648438],""confidence"":0.007032792549580336},{""bbox"":[188.1012420654297,160.76072692871094,197.49085998535156,170.8872528076172],""confidence"":0.0035280068404972553},{""bbox"":[191.10714721679688,185.55978393554688,199.96405029296875,195.04653930664062],""confidence"":0.0032505549024790525},{""bbox"":[339.9413757324219,329.2925109863281,349.455322265625,332.0],""confidence"":0.002710444387048483},{""bbox"":[197.72134399414062,216.41725158691406,208.69992065429688,228.8270263671875],""confidence"":0.0018840753473341465},{""bbox"":[333.9039611816406,0.0,342.9896240234375,0.0871501937508583],""confidence"":0.001832301844842732},{""bbox"":[190.60769653320312,188.49447631835938,200.3352813720703,199.6171417236328],""confidence"":0.0012715685879811645},{""bbox"":[187.18772888183594,164.52914428710938,199.87484741210938,177.69598388671875],""confidence"":0.001061636139638722},{""bbox"":[2.8938424587249756,0.0,11.759514808654785,0.8571468591690063],""confidence"":0.001055691740475595}]",16,0.001
002_20200629_082645(4),4,352,332,"[[195.0,140.0,207.00000000000003,150.0],[199.0,166.0,210.0,172.0],[205.0,196.99999999999997,214.99999999999997,205.0]]","[{""bbox"":[196.2709503173828,140.5880584716797,205.21237182617188,150.0416259765625],""confidence"":0.6349191665649414},{""bbox"":[200.11830139160156,163.87338256835938,209.0994415283203,173.0556640625],""confidence"":0.628084659576416},{""bbox"":[205.58636474609375,196.33676147460938,214.4164581298828,205.6450958251953],""confidence"":0.6248932480812073},{""bbox"":[197.0658416748047,164.9346466064453,205.34698486328125,172.57737731933594],""confidence"":0.028621284291148186},{""bbox"":[195.04653930664062,141.24664306640625,204.3584442138672,151.2515106201172],""confidence"":0.018426137045025826},{""bbox"":[9.820635795593262,0.0,19.295501708984375,0.8535842895507812],""confidence"":0.008475027047097683},{""bbox"":[204.60694885253906,195.8898468017578,216.0653076171875,208.29002380371094],""confidence"":0.0055389110930264},{""bbox"":[198.6754913330078,138.8162841796875,208.20118713378906,149.95506286621094],""confidence"":0.004211268853396177},{""bbox"":[203.83644104003906,194.27745056152344,213.37368774414062,204.97555541992188],""confidence"":0.0033599678426980972},{""bbox"":[339.93267822265625,329.4049377441406,349.39404296875,332.0],""confidence"":0.003224837826564908},{""bbox"":[196.41751098632812,142.8753204345703,206.2538604736328,153.66578674316406],""confidence"":0.002516569336876273},{""bbox"":[333.7742004394531,0.0,343.0480651855469,0.14460305869579315],""confidence"":0.002131045563146472},{""bbox"":[2.8938405513763428,0.0,11.759511947631836,0.857139527797699],""confidence"":0.0010556927882134914}]",13,0.001
002_20200629_163656(7),4,316,332,"[[151.99999999999997,143.0,160.99999999999997,152.0],[154.0,167.0,163.0,175.99999999999997],[156.0,200.00000000000003,164.0,208.99999999999997]]","[{""bbox"":[155.64910888671875,199.8533172607422,165.29031372070312,209.96397399902344],""confidence"":0.6586011052131653},{""bbox"":[151.2903289794922,142.377685546875,161.619873046875,153.0907745361328],""confidence"":0.6313266754150391},{""bbox"":[152.6860809326172,166.76220703125,162.57550048828125,177.02793884277344],""confidence"":0.6095409393310547},{""bbox"":[154.67279052734375,165.5649871826172,163.78675842285156,176.42823791503906],""confidence"":0.01995987258851528},{""bbox"":[152.9432830810547,169.48117065429688,161.85081481933594,178.91213989257812],""confidence"":0.015753338113427162},{""bbox"":[153.30941772460938,199.64817810058594,162.15936279296875,209.76918029785156],""confidence"":0.01133010908961296},{""bbox"":[151.4788818359375,143.61070251464844,162.8639678955078,156.18577575683594],""confidence"":0.007355561479926109},{""bbox"":[156.42308044433594,200.51998901367188,167.27940368652344,211.9860076904297],""confidence"":0.0065681179985404015},{""bbox"":[151.36044311523438,167.68016052246094,161.1674346923828,177.78463745117188],""confidence"":0.006463676691055298},{""bbox"":[149.5964813232422,144.3022003173828,160.79148864746094,156.45388793945312],""confidence"":0.0012202906655147672}]",10,0.001
002_20200629_163659(7),4,316,332,"[[141.99999999999997,140.0,152.0,147.0],[148.0,163.99999999999997,155.0,171.0],[154.0,193.0,162.0,201.99999999999997]]","[{""bbox"":[152.91986083984375,193.3927459716797,163.57266235351562,203.76190185546875],""confidence"":0.6420367360115051},{""bbox"":[142.45013427734375,138.50228881835938,152.47080993652344,148.89027404785156],""confidence"":0.6362793445587158},{""bbox"":[147.05087280273438,161.69183349609375,156.9980010986328,172.08709716796875],""confidence"":0.6160224676132202},{""bbox"":[143.2055206298828,135.9998321533203,153.441650390625,145.4635009765625],""confidence"":0.012455083429813385},{""bbox"":[144.70626831054688,164.31533813476562,152.85252380371094,172.06492614746094],""confidence"":0.01045215129852295},{""bbox"":[147.708740234375,159.88018798828125,157.49777221679688,169.7332763671875],""confidence"":0.008197181858122349},{""bbox"":[154.90380859375,191.9724578857422,164.12872314453125,202.25991821289062],""confidence"":0.003415851853787899},{""bbox"":[141.00343322753906,139.49832153320312,153.91038513183594,152.20132446289062],""confidence"":0.0028938623145222664}]",8,0.001
002_20200629_163702(8),4,316,332,"[[147.0,143.0,158.0,153.0],[149.0,167.0,158.0,177.0],[151.99999999999997,200.00000000000003,160.99999999999997,208.99999999999997]]","[{""bbox"":[151.74545288085938,199.9346923828125,161.52293395996094,210.2163543701172],""confidence"":0.6603597402572632},{""bbox"":[146.38189697265625,142.58279418945312,156.98648071289062,153.34103393554688],""confidence"":0.6271661520004272},{""bbox"":[148.22265625,167.03485107421875,158.0404052734375,177.2085418701172],""confidence"":0.6118807792663574},{""bbox"":[147.35995483398438,143.85975646972656,158.11819458007812,154.40420532226562],""confidence"":0.06449275463819504},{""bbox"":[149.0402069091797,168.23463439941406,159.25503540039062,178.78382873535156],""confidence"":0.020532933995127678},{""bbox"":[152.25816345214844,201.57061767578125,161.9838409423828,211.998046875],""confidence"":0.015249695628881454},{""bbox"":[145.9117889404297,144.37901306152344,157.19390869140625,156.25453186035156],""confidence"":0.014948644675314426},{""bbox"":[144.84371948242188,142.42185974121094,153.72430419921875,152.360107421875],""confidence"":0.002581219654530287},{""bbox"":[145.02061462402344,167.54537963867188,153.56802368164062,176.73007202148438],""confidence"":0.001251164241693914},{""bbox"":[150.62767028808594,167.72402954101562,160.7852783203125,177.19287109375],""confidence"":0.001237812452018261}]",10,0.001
002_20200629_163705(8),4,316,332,"[[152.0,143.0,163.0,152.0],[156.0,165.0,165.0,175.99999999999997],[160.0,197.00000000000003,167.99999999999997,209.00000000000003]]","[{""bbox"":[159.28871154785156,196.2886505126953,170.34776306152344,208.32603454589844],""confidence"":0.6810473203659058},{""bbox"":[152.63609313964844,141.1185302734375,162.7526397705078,151.7227020263672],""confidence"":0.6217990517616272},{""bbox"":[155.32069396972656,165.2688446044922,164.80081176757812,175.1690216064453],""confidence"":0.6168449521064758},{""bbox"":[154.71896362304688,166.26510620117188,165.10577392578125,177.043701171875],""confidence"":0.03276726230978966},{""bbox"":[153.2090606689453,166.32510375976562,161.62362670898438,174.7371368408203],""confidence"":0.024192625656723976},{""bbox"":[158.30615234375,198.04257202148438,169.46279907226562,210.19580078125],""confidence"":0.01826835237443447},{""bbox"":[154.59408569335938,139.96714782714844,163.8558807373047,151.2868194580078],""confidence"":0.01465106476098299},{""bbox"":[154.90953063964844,163.47799682617188,164.11146545410156,174.3013916015625],""confidence"":0.0075162919238209724},{""bbox"":[150.9333953857422,141.8746795654297,161.17771911621094,152.75320434570312],""confidence"":0.006333511788398027},{""bbox"":[152.64761352539062,144.1008758544922,162.11012268066406,154.20631408691406],""confidence"":0.00490764481946826},{""bbox"":[159.71934509277344,194.1280975341797,169.5625457763672,203.5453643798828],""confidence"":0.003099461318925023},{""bbox"":[159.72193908691406,201.89849853515625,169.49017333984375,212.04515075683594],""confidence"":0.0017134512308984995},{""bbox"":[152.08740234375,138.5254364013672,163.58856201171875,150.67813110351562],""confidence"":0.001373623963445425}]",13,0.001
002_20200629_163708(9),4,316,332,"[[154.0,136.0,163.0,145.0],[153.0,162.0,164.0,169.0],[154.0,193.0,163.0,201.99999999999997]]","[{""bbox"":[153.4127197265625,193.18382263183594,163.8404083251953,203.4307098388672],""confidence"":0.6335130333900452},{""bbox"":[153.03805541992188,135.6298828125,164.0666961669922,146.4434356689453],""confidence"":0.6291622519493103},{""bbox"":[152.7178955078125,159.92501831054688,162.45521545410156,169.9771270751953],""confidence"":0.6241101026535034},{""bbox"":[152.89744567871094,137.07383728027344,162.11419677734375,146.62283325195312],""confidence"":0.11043164879083633},{""bbox"":[153.03062438964844,134.9292449951172,162.1394500732422,145.17176818847656],""confidence"":0.08624622225761414},{""bbox"":[153.0627899169922,162.0907440185547,161.64569091796875,170.85684204101562],""confidence"":0.07360179722309113},{""bbox"":[153.01925659179688,194.83526611328125,161.91265869140625,204.06094360351562],""confidence"":0.04026255011558533},{""bbox"":[155.0518341064453,192.20318603515625,164.14369201660156,202.1457977294922],""confidence"":0.009295298717916012},{""bbox"":[153.2451629638672,161.42422485351562,163.74459838867188,172.76913452148438],""confidence"":0.0069587621837854385},{""bbox"":[151.17037963867188,158.5233154296875,160.88783264160156,168.9844970703125],""confidence"":0.00622861972078681},{""bbox"":[155.17848205566406,161.55978393554688,164.07447814941406,171.26571655273438],""confidence"":0.003935240674763918},{""bbox"":[154.99337768554688,158.38661193847656,163.95333862304688,168.5124969482422],""confidence"":0.003491886192932725},{""bbox"":[151.63182067871094,192.87863159179688,162.30584716796875,203.7074432373047],""confidence"":0.002448960207402706},{""bbox"":[132.1905975341797,100.0361557006836,140.5171356201172,108.85289001464844],""confidence"":0.002414003713056445},{""bbox"":[154.85386657714844,136.2541046142578,165.30775451660156,148.2222137451172],""confidence"":0.0022916169837117195},{""bbox"":[249.88058471679688,208.510009765625,256.83538818359375,215.61767578125],""confidence"":0.0018574268324300647},{""bbox"":[155.09005737304688,134.24964904785156,164.29090881347656,144.207275390625],""confidence"":0.0010637625819072127}]",17,0.001
002_20200629_163711(8),4,316,332,"[[153.0,142.0,162.0,152.0],[156.0,165.99999999999997,164.0,175.99999999999997],[158.99999999999997,200.00000000000003,165.0,210.0]]","[{""bbox"":[157.08509826660156,198.107666015625,169.1182403564453,209.93125915527344],""confidence"":0.6731348037719727},{""bbox"":[154.45265197753906,165.9708251953125,164.6477508544922,176.5895233154297],""confidence"":0.6267521977424622},{""bbox"":[152.37686157226562,141.907470703125,162.47662353515625,152.4097137451172],""confidence"":0.6244691014289856},{""bbox"":[153.2980194091797,166.2551727294922,162.1261749267578,176.1686553955078],""confidence"":0.1176471933722496},{""bbox"":[152.4224090576172,144.07530212402344,162.1398162841797,154.25608825683594],""confidence"":0.018078971654176712},{""bbox"":[150.72056579589844,142.39154052734375,161.41339111328125,153.25119018554688],""confidence"":0.01754198782145977},{""bbox"":[157.26744079589844,196.5732879638672,167.7226104736328,208.50416564941406],""confidence"":0.005571390967816114},{""bbox"":[157.9608917236328,200.8900909423828,168.86453247070312,211.955322265625],""confidence"":0.004634167533367872},{""bbox"":[154.02198791503906,163.5546417236328,163.65533447265625,174.96176147460938],""confidence"":0.0034199142828583717},{""bbox"":[151.77528381347656,143.59901428222656,164.15733337402344,156.3108673095703],""confidence"":0.0030968249775469303},{""bbox"":[156.00643920898438,167.84719848632812,165.9740753173828,178.84786987304688],""confidence"":0.002277821535244584},{""bbox"":[155.7754669189453,199.3468780517578,166.52528381347656,210.2218017578125],""confidence"":0.0019456465961411595},{""bbox"":[154.6234588623047,140.4766082763672,163.88543701171875,151.68336486816406],""confidence"":0.0017656669951975346},{""bbox"":[154.36070251464844,142.3746795654297,164.98451232910156,152.44110107421875],""confidence"":0.0013264112640172243}]",14,0.001
002_20200714_042641(8),4,352,332,"[[187.0,115.00000000000001,195.0,126.0],[190.0,139.00000000000003,198.0,150.0],[195.0,172.0,203.0,181.99999999999997]]","[{""bbox"":[187.54295349121094,116.07320404052734,196.65084838867188,125.5084228515625],""confidence"":0.6345585584640503},{""bbox"":[195.67543029785156,172.37156677246094,204.17330932617188,181.14231872558594],""confidence"":0.634183406829834},{""bbox"":[191.0719757080078,139.61441040039062,199.9849395751953,148.92111206054688],""confidence"":0.6334713697433472},{""bbox"":[195.5351104736328,170.6112823486328,205.4008026123047,180.42266845703125],""confidence"":0.4484744071960449},{""bbox"":[188.33583068847656,139.8586883544922,196.74151611328125,147.60226440429688],""confidence"":0.0467698872089386},{""bbox"":[9.820525169372559,0.0,19.295961380004883,0.8540343642234802],""confidence"":0.008475692011415958},{""bbox"":[190.43917846679688,137.35719299316406,199.8344268798828,148.21694946289062],""confidence"":0.008272352628409863},{""bbox"":[189.88827514648438,139.00997924804688,200.9560546875,151.18081665039062],""confidence"":0.006421899888664484},{""bbox"":[339.9337158203125,329.4147644042969,349.3853454589844,332.0],""confidence"":0.0033391406759619713},{""bbox"":[333.7154235839844,0.0,343.0878601074219,0.26241570711135864],""confidence"":0.0020910424645990133},{""bbox"":[2.893843650817871,0.0,11.759514808654785,0.8571426868438721],""confidence"":0.0010557188652455807}]",11,0.001
002_20200714_163046(2),4,352,332,"[[202.0,133.0,211.99999999999997,142.0],[202.0,155.0,211.99999999999997,164.0],[204.0,180.00000000000003,214.0,190.0]]","[{""bbox"":[202.45985412597656,132.35765075683594,212.2583770751953,142.0326690673828],""confidence"":0.6352969408035278},{""bbox"":[203.42068481445312,155.0755615234375,212.1150665283203,164.08705139160156],""confidence"":0.6261301636695862},{""bbox"":[204.4644012451172,180.43612670898438,212.7537078857422,189.0898895263672],""confidence"":0.6216115355491638},{""bbox"":[204.45091247558594,178.4235382080078,212.21629333496094,187.37493896484375],""confidence"":0.07892020046710968},{""bbox"":[203.59117126464844,181.1332550048828,212.32215881347656,190.64016723632812],""confidence"":0.015509151853621006},{""bbox"":[203.8328399658203,131.72833251953125,213.90203857421875,142.54080200195312],""confidence"":0.010337564162909985},{""bbox"":[9.820621490478516,0.0,19.295515060424805,0.853559136390686],""confidence"":0.00847376137971878},{""bbox"":[205.3031768798828,181.2543487548828,213.93775939941406,190.69296264648438],""confidence"":0.008454588241875172},{""bbox"":[201.66390991210938,133.97817993164062,213.04042053222656,144.96595764160156],""confidence"":0.003616872476413846},{""bbox"":[339.9283447265625,329.3941955566406,349.4013366699219,332.0],""confidence"":0.003180005121976137},{""bbox"":[333.871826171875,0.0,342.99932861328125,0.06610536575317383],""confidence"":0.0019527747062966228},{""bbox"":[202.49185180664062,151.10696411132812,211.67027282714844,160.6814422607422],""confidence"":0.00175559357739985},{""bbox"":[199.9339599609375,132.49803161621094,209.95574951171875,142.03562927246094],""confidence"":0.0013641872210428119},{""bbox"":[2.8938353061676025,0.0,11.759500503540039,0.8571217060089111],""confidence"":0.0010556988418102264}]",14,0.001
002_20200714_163049(8),4,352,332,"[[203.99999999999997,133.0,216.0,143.0],[209.0,157.0,218.00000000000003,167.0],[212.0,179.0,221.99999999999997,190.0]]","[{""bbox"":[205.69273376464844,133.3375701904297,215.15097045898438,143.09429931640625],""confidence"":0.6351141333580017},{""bbox"":[208.70481872558594,155.92962646484375,217.42457580566406,164.9026336669922],""confidence"":0.626762866973877},{""bbox"":[213.22198486328125,180.6052703857422,221.7883758544922,189.64132690429688],""confidence"":0.6199789643287659},{""bbox"":[212.94544982910156,178.4024658203125,221.66685485839844,187.873046875],""confidence"":0.10304738581180573},{""bbox"":[205.90211486816406,156.4362030029297,214.1385498046875,163.8914794921875],""confidence"":0.04656102880835533},{""bbox"":[9.820630073547363,0.0,19.29551124572754,0.8535842895507812],""confidence"":0.008474514819681644},{""bbox"":[204.02056884765625,132.1790313720703,214.11517333984375,142.89456176757812],""confidence"":0.007001862861216068},{""bbox"":[339.9315490722656,329.4110107421875,349.3879089355469,332.0],""confidence"":0.003321502823382616},{""bbox"":[207.6695098876953,131.97476196289062,217.08035278320312,142.4337615966797],""confidence"":0.0033002649433910847},{""bbox"":[207.30535888671875,156.50709533691406,217.4504852294922,168.60755920410156],""confidence"":0.002360755344852805},{""bbox"":[333.80194091796875,0.0,343.03619384765625,0.14290885627269745],""confidence"":0.00202436582185328},{""bbox"":[2.893838405609131,0.0,11.759506225585938,0.8571363687515259],""confidence"":0.001055691740475595}]",12,0.001
002_20200714_163053(5),4,352,332,"[[195.0,148.0,203.0,158.0],[199.99999999999997,169.0,209.0,177.00000000000003],[208.0,192.00000000000003,216.0,201.0]]","[{""bbox"":[194.33963012695312,147.41993713378906,204.24951171875,157.468994140625],""confidence"":0.637133777141571},{""bbox"":[200.7097930908203,168.98928833007812,209.37705993652344,177.8319854736328],""confidence"":0.6327664852142334},{""bbox"":[208.16305541992188,192.48374938964844,217.26605224609375,201.75587463378906],""confidence"":0.6229218244552612},{""bbox"":[199.161865234375,169.16461181640625,208.60572814941406,179.0254364013672],""confidence"":0.16814984381198883},{""bbox"":[205.739990234375,192.7470245361328,214.27220153808594,201.0124053955078],""confidence"":0.11962371319532394},{""bbox"":[207.40834045410156,193.2764892578125,217.17581176757812,203.9838409423828],""confidence"":0.048509381711483},{""bbox"":[201.05064392089844,169.47093200683594,210.25918579101562,179.72946166992188],""confidence"":0.009356411173939705},{""bbox"":[195.30616760253906,145.47402954101562,205.83753967285156,157.83319091796875],""confidence"":0.009227849543094635},{""bbox"":[9.820569038391113,0.0,19.295730590820312,0.8539105653762817],""confidence"":0.00847489945590496},{""bbox"":[207.3687744140625,190.08445739746094,217.33221435546875,201.37106323242188],""confidence"":0.006564821116626263},{""bbox"":[199.707275390625,167.89427185058594,208.3895721435547,177.16038513183594],""confidence"":0.005260942503809929},{""bbox"":[197.01934814453125,168.3896484375,205.74508666992188,177.3933563232422],""confidence"":0.003963056951761246},{""bbox"":[193.43057250976562,147.47955322265625,205.06436157226562,160.0034942626953],""confidence"":0.0038380566984415054},{""bbox"":[339.9302062988281,329.4075622558594,349.3896484375,332.0],""confidence"":0.003313641296699643},{""bbox"":[199.27906799316406,169.10435485839844,210.84396362304688,181.85043334960938],""confidence"":0.003267988096922636},{""bbox"":[333.744873046875,0.0,343.0704345703125,0.2309444546699524],""confidence"":0.0020263378974050283},{""bbox"":[2.8938424587249756,0.0,11.759526252746582,0.8571898937225342],""confidence"":0.0010556423803791404}]",17,0.001
002_20200714_163056(8),4,352,332,"[[207.00000000000003,148.0,217.0,157.0],[209.0,169.0,220.0,178.99999999999997],[213.0,194.00000000000003,222.99999999999997,202.99999999999997]]","[{""bbox"":[209.86343383789062,170.26861572265625,218.0043487548828,178.39279174804688],""confidence"":0.6369935274124146},{""bbox"":[206.8681182861328,146.93687438964844,216.8389434814453,157.0977783203125],""confidence"":0.6349611878395081},{""bbox"":[213.81602478027344,194.96009826660156,222.18653869628906,203.5919189453125],""confidence"":0.6198911070823669},{""bbox"":[205.88717651367188,146.50161743164062,215.1974639892578,156.1291046142578],""confidence"":0.24486275017261505},{""bbox"":[209.63815307617188,168.09153747558594,218.37652587890625,177.96951293945312],""confidence"":0.025258295238018036},{""bbox"":[214.03981018066406,195.7751007080078,223.0909423828125,206.01937866210938],""confidence"":0.013993136584758759},{""bbox"":[209.23883056640625,170.3521270751953,218.79571533203125,181.72756958007812],""confidence"":0.00882792379707098},{""bbox"":[9.820717811584473,0.0,19.29560089111328,0.8536136746406555],""confidence"":0.008474779315292835},{""bbox"":[208.339599609375,145.52293395996094,218.44651794433594,157.45724487304688],""confidence"":0.00426863320171833},{""bbox"":[208.14566040039062,171.2953338623047,217.1644744873047,181.76412963867188],""confidence"":0.0037436436396092176},{""bbox"":[339.9242858886719,329.3759460449219,349.4117736816406,332.0],""confidence"":0.0031205080449581146},{""bbox"":[206.55010986328125,147.6632080078125,217.30116271972656,159.8475341796875],""confidence"":0.0024042397271841764},{""bbox"":[333.8439636230469,0.0,343.01409912109375,0.08285541832447052],""confidence"":0.0020439433865249157},{""bbox"":[205.89724731445312,173.15553283691406,213.75535583496094,180.5044708251953],""confidence"":0.0017972267232835293},{""bbox"":[216.54953002929688,193.21043395996094,225.92843627929688,203.6089630126953],""confidence"":0.0017130717169493437},{""bbox"":[2.8938510417938232,0.0,11.759554862976074,0.8571993112564087],""confidence"":0.0010556685738265514},{""bbox"":[204.3192596435547,147.6070556640625,214.18959045410156,157.15403747558594],""confidence"":0.0010404057102277875}]",17,0.001
002_20200714_163100(2),4,352,332,"[[201.0,150.0,209.0,159.0],[203.99999999999997,170.0,213.0,178.99999999999997],[210.0,197.00000000000003,217.99999999999997,205.99999999999997]]","[{""bbox"":[200.9490966796875,149.76036071777344,209.81617736816406,159.04617309570312],""confidence"":0.6519513130187988},{""bbox"":[204.70010375976562,171.7358856201172,213.53790283203125,181.10723876953125],""confidence"":0.6211092472076416},{""bbox"":[209.8880157470703,196.9326629638672,218.24034118652344,205.5059356689453],""confidence"":0.6194395422935486},{""bbox"":[204.35394287109375,169.43792724609375,213.14346313476562,178.88819885253906],""confidence"":0.033919453620910645},{""bbox"":[199.582763671875,150.2281494140625,208.84974670410156,160.0832977294922],""confidence"":0.0128663694486022},{""bbox"":[209.58380126953125,194.54287719726562,218.26068115234375,204.847900390625],""confidence"":0.010205026715993881},{""bbox"":[9.820625305175781,0.0,19.29554557800293,0.8536462187767029],""confidence"":0.008475091308355331},{""bbox"":[209.2388458251953,197.0307159423828,219.28256225585938,208.2189178466797],""confidence"":0.008112410083413124},{""bbox"":[339.92852783203125,329.3977355957031,349.39752197265625,332.0],""confidence"":0.0032245866023004055},{""bbox"":[207.74090576171875,169.9617462158203,217.0032196044922,180.4423065185547],""confidence"":0.003091093385592103},{""bbox"":[197.15670776367188,149.60275268554688,206.01478576660156,158.32286071777344],""confidence"":0.0029221614822745323},{""bbox"":[208.23695373535156,197.84786987304688,217.50538635253906,208.27114868164062],""confidence"":0.0029100580140948296},{""bbox"":[205.90887451171875,195.6342010498047,214.37741088867188,204.83428955078125],""confidence"":0.0025345180183649063},{""bbox"":[333.8015441894531,0.0,343.03485107421875,0.11661777645349503],""confidence"":0.002107195556163788},{""bbox"":[205.75047302246094,199.41796875,213.77499389648438,207.0893096923828],""confidence"":0.0018131714314222336},{""bbox"":[2.8938424587249756,0.0,11.759515762329102,0.8571500182151794],""confidence"":0.0010556867346167564}]",16,0.001
002_20200714_163103(5),4,352,332,"[[199.99999999999997,138.0,209.0,147.0],[202.0,160.0,210.0,170.0],[206.0,185.00000000000003,215.0,195.0]]","[{""bbox"":[200.48684692382812,137.7714385986328,209.96905517578125,147.6776885986328],""confidence"":0.6519553661346436},{""bbox"":[203.35897827148438,160.26934814453125,211.97743225097656,169.21490478515625],""confidence"":0.618420422077179},{""bbox"":[207.06600952148438,186.1598358154297,215.0328826904297,194.8442840576172],""confidence"":0.6038830280303955},{""bbox"":[208.05711364746094,185.1257781982422,217.11663818359375,194.90858459472656],""confidence"":0.01353249792009592},{""bbox"":[205.8009490966797,188.245361328125,214.3749542236328,197.46490478515625],""confidence"":0.010801994241774082},{""bbox"":[9.820606231689453,0.0,19.295740127563477,0.8538633584976196],""confidence"":0.008475171402096748},{""bbox"":[204.38491821289062,185.3282470703125,213.17713928222656,193.9150848388672],""confidence"":0.006931032985448837},{""bbox"":[202.74302673339844,161.51278686523438,212.2108917236328,172.92608642578125],""confidence"":0.00494861276820302},{""bbox"":[196.98614501953125,138.58795166015625,205.93458557128906,147.29287719726562],""confidence"":0.0037560309283435345},{""bbox"":[339.9222412109375,329.3825988769531,349.40582275390625,332.0],""confidence"":0.0031945034861564636},{""bbox"":[204.3115692138672,186.97056579589844,213.1855010986328,195.5013427734375],""confidence"":0.0029390850104391575},{""bbox"":[333.8047790527344,0.0,343.033203125,0.11552887409925461],""confidence"":0.0020954301580786705},{""bbox"":[204.22792053222656,159.00767517089844,213.75738525390625,168.92828369140625],""confidence"":0.0018270357977598906},{""bbox"":[2.8938446044921875,0.0,11.759525299072266,0.8571762442588806],""confidence"":0.0010556444758549333},{""bbox"":[200.0542755126953,160.89259338378906,209.60617065429688,169.77725219726562],""confidence"":0.0010334138059988618}]",15,0.001
002_20200901_003133(6),4,316,332,"[[245.0,155.0,253.99999999999997,163.0]]","[{""bbox"":[243.7356414794922,153.86972045898438,253.66082763671875,164.27455139160156],""confidence"":0.6320171356201172},{""bbox"":[245.6722412109375,152.62203979492188,255.26869201660156,163.45062255859375],""confidence"":0.07421582192182541},{""bbox"":[243.7883758544922,151.12957763671875,254.3433837890625,162.8593292236328],""confidence"":0.004115980118513107}]",3,0.001
002_20200901_003136(6),4,316,332,"[[236.0,156.0,246.99999999999997,165.0]]","[{""bbox"":[237.08999633789062,155.20944213867188,246.97854614257812,165.00389099121094],""confidence"":0.6312407851219177},{""bbox"":[235.74984741210938,154.7476806640625,245.1568145751953,164.92372131347656],""confidence"":0.29968929290771484},{""bbox"":[234.45094299316406,156.03033447265625,243.96331787109375,165.3902587890625],""confidence"":0.0011005375999957323}]",3,0.001
002_20200901_003139(6),4,316,332,"[[246.0,148.0,256.0,157.0]]","[{""bbox"":[245.4946746826172,146.6896514892578,255.8447265625,157.22689819335938],""confidence"":0.616611897945404},{""bbox"":[243.7633514404297,146.9175262451172,253.36680603027344,157.16021728515625],""confidence"":0.05521872639656067},{""bbox"":[149.82212829589844,157.0977325439453,156.75540161132812,164.34059143066406],""confidence"":0.008121101185679436},{""bbox"":[244.3824920654297,147.7986602783203,256.84185791015625,160.41488647460938],""confidence"":0.0023135121446102858},{""bbox"":[123.32402038574219,103.3995132446289,131.5936737060547,111.94861602783203],""confidence"":0.0012430980568751693}]",5,0.001
002_20200901_003142(6),4,316,332,"[[245.0,156.0,255.0,164.0]]","[{""bbox"":[245.5025634765625,155.55914306640625,255.33753967285156,165.3984832763672],""confidence"":0.6203157305717468},{""bbox"":[243.78268432617188,155.39035034179688,253.17147827148438,165.077880859375],""confidence"":0.08502460271120071},{""bbox"":[244.48443603515625,156.14996337890625,256.4585876464844,168.6180419921875],""confidence"":0.0020418744534254074}]",3,0.001
002_20200901_003148(6),4,316,332,"[[245.0,154.0,256.0,165.0]]","[{""bbox"":[246.67137145996094,154.95791625976562,256.2924499511719,165.00274658203125],""confidence"":0.6376761794090271},{""bbox"":[244.0499725341797,155.2091522216797,253.3701171875,165.24879455566406],""confidence"":0.06173567473888397},{""bbox"":[247.80242919921875,152.30532836914062,258.4217224121094,161.683349609375],""confidence"":0.0011496531078591943}]",3,0.001
002_20200904_230054(2),4,316,332,"[[236.0,138.0,245.99999999999997,149.0]]","[{""bbox"":[236.58770751953125,138.29180908203125,246.813720703125,148.2060546875],""confidence"":0.6067319512367249},{""bbox"":[238.0463409423828,137.8997344970703,248.24453735351562,149.11891174316406],""confidence"":0.018759505823254585},{""bbox"":[233.9579620361328,139.2449188232422,244.4029998779297,149.8676300048828],""confidence"":0.014851812273263931},{""bbox"":[115.9716567993164,109.65638732910156,123.896728515625,118.02651977539062],""confidence"":0.0013087490806356072}]",4,0.001
002_20200904_230057(6),4,316,332,"[[246.0,165.99999999999997,256.0,174.99999999999997]]","[{""bbox"":[246.14102172851562,165.09133911132812,256.1605224609375,175.52212524414062],""confidence"":0.6324313879013062},{""bbox"":[247.07382202148438,163.2465362548828,257.34033203125,174.72508239746094],""confidence"":0.009894383139908314},{""bbox"":[243.6475067138672,165.45936584472656,253.02293395996094,175.3970489501953],""confidence"":0.00899109523743391},{""bbox"":[149.13278198242188,158.45704650878906,156.659912109375,166.2567901611328],""confidence"":0.0015564754139631987}]",4,0.001
002_20200904_230105(4),4,316,332,"[[243.0,142.0,252.99999999999997,151.0]]","[{""bbox"":[242.74920654296875,142.1239776611328,252.5699920654297,152.1372833251953],""confidence"":0.5978608131408691},{""bbox"":[242.0304412841797,144.75613403320312,251.94577026367188,154.1569366455078],""confidence"":0.00664785411208868},{""bbox"":[141.5828857421875,157.99484252929688,149.0083465576172,165.7334747314453],""confidence"":0.005784725304692984},{""bbox"":[243.4734649658203,144.1973114013672,254.29261779785156,156.55833435058594],""confidence"":0.0010662823915481567},{""bbox"":[123.87364959716797,106.6578369140625,131.96775817871094,115.12286376953125],""confidence"":0.0010476969182491302}]",5,0.001
002_20200905_123055(0),4,316,332,"[[248.00000000000003,137.0,257.0,145.0]]","[{""bbox"":[248.5948944091797,135.85166931152344,258.8942565917969,146.12306213378906],""confidence"":0.6299293637275696},{""bbox"":[250.94351196289062,134.1112823486328,260.54644775390625,145.20887756347656],""confidence"":0.002816105494275689},{""bbox"":[247.14598083496094,136.41000366210938,257.373046875,145.89923095703125],""confidence"":0.00203182315453887}]",3,0.001
002_20200905_123058(4),4,316,332,"[[237.0,149.0,244.99999999999997,159.0]]","[{""bbox"":[235.2965850830078,148.1679229736328,246.0712890625,159.4444122314453],""confidence"":0.6298277378082275},{""bbox"":[237.4962615966797,147.24249267578125,246.9688262939453,159.08078002929688],""confidence"":0.04962775111198425},{""bbox"":[234.250244140625,149.87692260742188,243.9703369140625,160.6572723388672],""confidence"":0.005521404091268778},{""bbox"":[235.1923828125,152.52206420898438,244.75453186035156,162.2900390625],""confidence"":0.0026737649459391832},{""bbox"":[238.1108856201172,145.9934844970703,248.36537170410156,158.07089233398438],""confidence"":0.002229931764304638}]",5,0.001
002_20200905_123102(0),4,316,332,"[[244.0,153.0,253.99999999999997,160.0]]","[{""bbox"":[243.7780303955078,151.32420349121094,254.5716552734375,161.7144012451172],""confidence"":0.6362037062644958},{""bbox"":[245.89047241210938,149.67083740234375,256.4414978027344,161.5801239013672],""confidence"":0.010213092900812626},{""bbox"":[243.15118408203125,152.05780029296875,255.3452911376953,164.55941772460938],""confidence"":0.0015695954207330942},{""bbox"":[150.0775909423828,158.6134490966797,156.8745574951172,165.6949462890625],""confidence"":0.0015642265789210796}]",4,0.001
002_20200905_123103(4),4,316,332,"[[241.00000000000003,146.0,252.0,155.0]]","[{""bbox"":[243.1342315673828,145.4907989501953,252.5609893798828,155.54644775390625],""confidence"":0.6403661966323853},{""bbox"":[243.95626831054688,144.3856201171875,253.3225860595703,153.95938110351562],""confidence"":0.1216505840420723},{""bbox"":[242.0635986328125,142.82659912109375,251.40261840820312,153.8726348876953],""confidence"":0.0029947173316031694},{""bbox"":[245.73135375976562,144.35960388183594,255.04617309570312,155.13975524902344],""confidence"":0.001666240394115448}]",4,0.001
002_20200905_123105(0),4,316,332,"[[237.0,154.0,244.99999999999997,166.0]]","[{""bbox"":[235.6872100830078,154.76560974121094,245.6804962158203,165.0747528076172],""confidence"":0.6232796907424927},{""bbox"":[237.38284301757812,153.36715698242188,246.98231506347656,164.34738159179688],""confidence"":0.12737751007080078},{""bbox"":[235.92117309570312,152.68505859375,245.25454711914062,162.4398651123047],""confidence"":0.00797513872385025},{""bbox"":[234.70370483398438,156.11697387695312,247.0555419921875,168.64089965820312],""confidence"":0.0026776320300996304}]",4,0.001
002_20200905_123107(5),4,316,332,"[[237.0,141.0,249.0,152.0]]","[{""bbox"":[239.31207275390625,140.98953247070312,248.78819274902344,151.1714630126953],""confidence"":0.6454823017120361},{""bbox"":[239.7947540283203,138.74490356445312,249.18601989746094,150.07986450195312],""confidence"":0.015396681614220142},{""bbox"":[238.23008728027344,141.55287170410156,247.60519409179688,152.11643981933594],""confidence"":0.010843697004020214},{""bbox"":[236.15927124023438,141.50180053710938,244.94081115722656,150.93104553222656],""confidence"":0.003693405305966735},{""bbox"":[240.17050170898438,142.8463134765625,250.5977783203125,153.89463806152344],""confidence"":0.002728631254285574},{""bbox"":[238.42633056640625,138.74017333984375,247.2146453857422,149.02578735351562],""confidence"":0.001113369595259428}]",6,0.001
002_20200905_123108(4),4,316,332,"[[247.00000000000003,156.0,257.0,169.0]]","[{""bbox"":[247.3927764892578,157.4628448486328,257.40728759765625,168.1098175048828],""confidence"":0.6181737780570984},{""bbox"":[247.76620483398438,155.21824645996094,257.9339294433594,166.6156768798828],""confidence"":0.015291843563318253},{""bbox"":[247.99612426757812,159.386474609375,259.2436218261719,170.52833557128906],""confidence"":0.0033048668410629034},{""bbox"":[244.22369384765625,158.15707397460938,253.2628173828125,168.13319396972656],""confidence"":0.0020125522278249264}]",4,0.001
002_20200905_123111(6),4,316,332,"[[247.00000000000003,120.0,257.0,131.0]]","[{""bbox"":[247.58506774902344,121.1198959350586,256.8150329589844,130.823974609375],""confidence"":0.6651604175567627},{""bbox"":[247.34326171875,119.83555603027344,257.99884033203125,129.8567657470703],""confidence"":0.4492395222187042},{""bbox"":[244.253173828125,122.39581298828125,252.8107147216797,130.74880981445312],""confidence"":0.003277996787801385}]",3,0.001
002_20200905_123112(0),4,316,332,"[[240.00000000000003,141.0,248.0,152.0]]","[{""bbox"":[239.94850158691406,140.9322967529297,249.97579956054688,151.44723510742188],""confidence"":0.6071894764900208},{""bbox"":[241.7310333251953,140.1005401611328,252.3797149658203,151.20040893554688],""confidence"":0.00646632257848978},{""bbox"":[240.27694702148438,143.65829467773438,251.12527465820312,153.97952270507812],""confidence"":0.005614735651761293},{""bbox"":[238.4048309326172,141.68255615234375,248.8872528076172,152.3551788330078],""confidence"":0.005248221103101969},{""bbox"":[239.91732788085938,138.47120666503906,250.8232879638672,150.1109161376953],""confidence"":0.004127757623791695}]",5,0.001
002_20200906_003114(0),4,316,332,"[[245.0,153.0,255.0,165.0]]","[{""bbox"":[245.22630310058594,154.4366912841797,255.57522583007812,165.04283142089844],""confidence"":0.6918306946754456},{""bbox"":[244.0961456298828,154.25958251953125,253.53736877441406,164.41439819335938],""confidence"":0.26106497645378113},{""bbox"":[245.1615447998047,151.16534423828125,256.001953125,163.04574584960938],""confidence"":0.001994103193283081},{""bbox"":[244.38629150390625,152.7061767578125,253.53831481933594,162.468017578125],""confidence"":0.0016885452205315232}]",4,0.001
002_20200906_003117(3),4,316,332,"[[245.0,164.0,256.0,176.0]]","[{""bbox"":[246.55715942382812,165.8237762451172,256.0296630859375,175.8958282470703],""confidence"":0.6322965621948242},{""bbox"":[244.397705078125,166.23387145996094,253.2437744140625,175.79171752929688],""confidence"":0.012097478844225407},{""bbox"":[247.4400177001953,163.51808166503906,257.2469482421875,175.11314392089844],""confidence"":0.0028049598913639784},{""bbox"":[248.0386505126953,168.20399475097656,257.88958740234375,178.86477661132812],""confidence"":0.0017723535420373082}]",4,0.001
002_20200906_003120(8),4,316,332,"[[248.00000000000003,180.00000000000003,258.0,189.0]]","[{""bbox"":[248.13658142089844,179.91419982910156,258.46868896484375,190.03431701660156],""confidence"":0.7264847159385681},{""bbox"":[247.4381866455078,178.39183044433594,259.49755859375,188.99815368652344],""confidence"":0.7162117958068848},{""bbox"":[249.21791076660156,177.48443603515625,260.223876953125,186.76519775390625],""confidence"":0.0040869321674108505},{""bbox"":[244.04296875,181.20677185058594,252.82272338867188,189.836181640625],""confidence"":0.002669951878488064},{""bbox"":[250.050048828125,179.05316162109375,260.3193664550781,189.8440704345703],""confidence"":0.002184493001550436}]",5,0.001
002_20200906_003124(0),4,316,332,"[[246.0,150.0,258.0,159.0]]","[{""bbox"":[246.73367309570312,150.41453552246094,256.4793701171875,160.7101287841797],""confidence"":0.6501456499099731},{""bbox"":[247.187744140625,150.39764404296875,258.6566467285156,162.1634521484375],""confidence"":0.017794644460082054},{""bbox"":[244.37684631347656,150.7714080810547,253.48504638671875,161.21986389160156],""confidence"":0.005931839346885681},{""bbox"":[111.88734436035156,118.003173828125,120.89154052734375,127.185546875],""confidence"":0.003641299204900861},{""bbox"":[116.10504913330078,116.94098663330078,123.59334564208984,124.79825592041016],""confidence"":0.0023741156328469515},{""bbox"":[113.13554382324219,117.20393371582031,122.75896453857422,126.47148895263672],""confidence"":0.0022733015939593315},{""bbox"":[247.51856994628906,146.8253631591797,257.97088623046875,158.7616424560547],""confidence"":0.0011517517268657684}]",7,0.001
002_20200906_003127(3),4,316,332,"[[248.00000000000003,161.0,257.0,173.0]]","[{""bbox"":[247.54745483398438,163.1855926513672,257.1813049316406,173.25399780273438],""confidence"":0.6413699388504028},{""bbox"":[244.11936950683594,164.52880859375,252.97694396972656,173.41104125976562],""confidence"":0.0062264334410429},{""bbox"":[248.5563507080078,160.62127685546875,259.2253723144531,170.0174560546875],""confidence"":0.001819445169530809},{""bbox"":[116.23326873779297,115.48957061767578,124.66691589355469,124.4968032836914],""confidence"":0.001224531908519566}]",4,0.001
002_20200906_003130(7),4,316,332,"[[241.00000000000003,146.0,251.0,157.0]]","[{""bbox"":[241.0890655517578,145.58584594726562,253.13766479492188,157.14398193359375],""confidence"":0.6511241793632507},{""bbox"":[242.7165985107422,144.2769012451172,253.20855712890625,153.78948974609375],""confidence"":0.008462673984467983},{""bbox"":[240.83421325683594,148.3457794189453,251.46368408203125,160.27212524414062],""confidence"":0.0048999483697116375},{""bbox"":[107.57799530029297,115.00352478027344,116.02651977539062,123.86434173583984],""confidence"":0.002450357424095273},{""bbox"":[108.9726333618164,114.34752655029297,118.02653503417969,123.23855590820312],""confidence"":0.0013219518586993217}]",5,0.001
002_20200907_184813(1),4,316,332,"[[251.0,105.0,258.0,114.0]]","[{""bbox"":[250.1312255859375,104.64277648925781,259.6310119628906,114.3172836303711],""confidence"":0.6508704423904419},{""bbox"":[250.50486755371094,103.48090362548828,260.9061584472656,113.26419067382812],""confidence"":0.5094537138938904}]",2,0.001
002_20200907_184815(7),4,316,332,"[[239.0,238.0,248.0,246.99999999999997]]","[{""bbox"":[239.62290954589844,238.46600341796875,249.22320556640625,248.44427490234375],""confidence"":0.6496233344078064},{""bbox"":[239.4948272705078,239.35000610351562,250.81277465820312,251.70587158203125],""confidence"":0.002370596630498767}]",2,0.001
002_20200907_184818(2),4,316,332,"[[238.0,159.0,245.99999999999997,170.0]]","[{""bbox"":[238.67926025390625,159.38790893554688,248.1043701171875,169.15977478027344],""confidence"":0.6453644037246704},{""bbox"":[239.25502014160156,159.73184204101562,249.67352294921875,170.59555053710938],""confidence"":0.00971241109073162},{""bbox"":[235.92794799804688,159.51426696777344,244.7659454345703,168.89039611816406],""confidence"":0.0012378207175061107}]",3,0.001
002_20200907_184823(7),4,316,332,"[[248.00000000000003,183.0,256.0,195.0]]","[{""bbox"":[248.91558837890625,184.27667236328125,258.0852966308594,193.7185821533203],""confidence"":0.6199353933334351},{""bbox"":[249.31187438964844,185.23245239257812,258.9576416015625,195.44729614257812],""confidence"":0.018484413623809814},{""bbox"":[251.107421875,183.30958557128906,260.3244934082031,193.47567749023438],""confidence"":0.00681980000808835},{""bbox"":[247.09405517578125,184.25994873046875,256.7870788574219,194.10897827148438],""confidence"":0.001672358368523419}]",4,0.001
002_20200907_184826(3),4,316,332,"[[244.0,189.0,253.99999999999997,196.0]]","[{""bbox"":[244.5518341064453,186.57498168945312,253.7991485595703,196.5881805419922],""confidence"":0.6163185834884644},{""bbox"":[246.13108825683594,185.6737518310547,255.29786682128906,196.05287170410156],""confidence"":0.011858522891998291},{""bbox"":[244.83360290527344,184.39845275878906,254.1853485107422,195.5684814453125],""confidence"":0.006309023592621088},{""bbox"":[248.07766723632812,184.01055908203125,256.8606262207031,194.19151306152344],""confidence"":0.0015183230862021446}]",4,0.001
002_20200907_184828(8),4,316,332,"[[239.0,170.0,249.0,180.0]]","[{""bbox"":[241.3284912109375,170.73106384277344,250.62936401367188,180.27012634277344],""confidence"":0.6327924728393555},{""bbox"":[241.80995178222656,169.11953735351562,251.60552978515625,178.29627990722656],""confidence"":0.07351068407297134}]",2,0.001
