stem,fold_id,width,height,gt_boxes_json,prediction_boxes_json,prediction_count_at_floor,confidence_floor
001_20200622_203305(8),2,576,444,"[[362.0,189.99999999999997,368.00000000000006,198.0],[363.0,218.0,371.0,228.0],[368.0,255.0,379.0,267.0]]","[{""bbox"":[361.18572998046875,220.03359985351562,372.943115234375,232.5056610107422],""confidence"":0.5852446556091309},{""bbox"":[365.9877014160156,256.374267578125,378.0351867675781,268.3795471191406],""confidence"":0.5596224069595337},{""bbox"":[356.8959655761719,186.66737365722656,370.0306701660156,199.16036987304688],""confidence"":0.5459359288215637},{""bbox"":[363.1632080078125,256.558349609375,376.4289855957031,268.4541931152344],""confidence"":0.10043781250715256},{""bbox"":[366.84808349609375,254.34544372558594,379.68341064453125,268.0817565917969],""confidence"":0.0315975584089756},{""bbox"":[355.78338623046875,220.7476043701172,369.89739990234375,234.2841339111328],""confidence"":0.0310318972915411},{""bbox"":[356.57098388671875,182.43035888671875,371.63763427734375,198.71044921875],""confidence"":0.007766994182020426},{""bbox"":[354.2662353515625,187.69833374023438,372.4666748046875,204.73060607910156],""confidence"":0.005166635382920504},{""bbox"":[505.12225341796875,245.21170043945312,516.7216186523438,255.92776489257812],""confidence"":0.004646745976060629},{""bbox"":[352.9710693359375,186.6088409423828,368.9170837402344,200.99038696289062],""confidence"":0.0034120541531592607},{""bbox"":[364.2018737792969,220.09475708007812,378.2145080566406,232.1697235107422],""confidence"":0.0033809863962233067},{""bbox"":[502.5583190917969,245.81947326660156,514.1300048828125,256.8565673828125],""confidence"":0.002144982572644949},{""bbox"":[353.1871337890625,204.12179565429688,369.6145324707031,217.59014892578125],""confidence"":0.0016556736081838608},{""bbox"":[466.18994140625,247.15682983398438,477.9867248535156,259.3199157714844],""confidence"":0.00147721404209733},{""bbox"":[354.7751159667969,218.33200073242188,368.7846984863281,232.16061401367188],""confidence"":0.0013163704425096512}]",15,0.001
001_20200622_203309(1),2,576,444,"[[369.0,173.0,379.0,184.0],[366.00000000000006,201.0,378.0,215.0],[368.00000000000006,241.0,376.0,254.99999999999997]]","[{""bbox"":[364.5355224609375,241.95713806152344,376.6841125488281,253.88385009765625],""confidence"":0.4692085385322571},{""bbox"":[365.24920654296875,171.977783203125,377.5950927734375,183.5514373779297],""confidence"":0.42189282178878784},{""bbox"":[363.74554443359375,205.63125610351562,375.985595703125,217.7220458984375],""confidence"":0.4146490693092346},{""bbox"":[362.7554626464844,241.697998046875,374.57489013671875,253.25303649902344],""confidence"":0.17592722177505493},{""bbox"":[362.5625915527344,172.21917724609375,374.7999572753906,183.34222412109375],""confidence"":0.07737395167350769},{""bbox"":[361.7838439941406,206.4515838623047,374.18695068359375,219.31008911132812],""confidence"":0.06902027875185013},{""bbox"":[366.18731689453125,242.98631286621094,378.6977844238281,254.35777282714844],""confidence"":0.05500784143805504},{""bbox"":[499.3962707519531,263.1285400390625,511.4144287109375,275.46356201171875],""confidence"":0.04056055098772049},{""bbox"":[365.5575256347656,206.2230682373047,378.7008056640625,218.09742736816406],""confidence"":0.03913530707359314},{""bbox"":[361.3559265136719,203.91827392578125,374.6970520019531,217.01507568359375],""confidence"":0.027420300990343094},{""bbox"":[366.4607849121094,203.98040771484375,379.1988830566406,216.9418487548828],""confidence"":0.0037966480012983084},{""bbox"":[364.586669921875,168.03912353515625,378.88763427734375,182.72125244140625],""confidence"":0.0031825394835323095},{""bbox"":[502.54913330078125,263.6967468261719,515.5576171875,275.6069641113281],""confidence"":0.0030498511623591185},{""bbox"":[366.9343566894531,240.02484130859375,379.7222900390625,253.59130859375],""confidence"":0.0017514143837615848},{""bbox"":[497.81011962890625,264.3517150878906,509.46002197265625,276.6656799316406],""confidence"":0.0016942716902121902},{""bbox"":[496.85009765625,260.42950439453125,512.8804321289062,274.1507568359375],""confidence"":0.0011924487771466374},{""bbox"":[497.4868469238281,262.83154296875,508.4138488769531,274.63818359375],""confidence"":0.001048655598424375}]",17,0.001
001_20200622_203312(6),2,576,444,"[[357.0,187.0,366.0,198.0],[357.00000000000006,218.00000000000003,369.0,232.0],[356.0,256.0,369.0,268.0]]","[{""bbox"":[354.92138671875,220.4622802734375,366.74774169921875,232.75038146972656],""confidence"":0.58278489112854},{""bbox"":[356.58221435546875,258.3536682128906,369.07708740234375,270.13995361328125],""confidence"":0.577983021736145},{""bbox"":[355.4264831542969,186.86180114746094,367.25482177734375,198.38706970214844],""confidence"":0.5669525265693665},{""bbox"":[357.7463073730469,259.4844055175781,371.2276306152344,270.5921936035156],""confidence"":0.07213626801967621},{""bbox"":[357.1186828613281,186.85565185546875,371.1399230957031,199.19517517089844],""confidence"":0.027394918724894524},{""bbox"":[357.09552001953125,221.7096710205078,371.0450134277344,233.0819549560547],""confidence"":0.02534588985145092},{""bbox"":[348.58026123046875,220.56689453125,363.0044250488281,234.2327880859375],""confidence"":0.010683340020477772},{""bbox"":[356.4822692871094,254.47381591796875,370.5585021972656,269.20159912109375],""confidence"":0.006301566492766142},{""bbox"":[352.68023681640625,182.41600036621094,368.0790100097656,198.00680541992188],""confidence"":0.0059666321612894535},{""bbox"":[492.5837707519531,275.1109924316406,503.59765625,286.1703796386719],""confidence"":0.004004971589893103},{""bbox"":[353.0197448730469,186.83233642578125,368.9239807128906,201.0441436767578],""confidence"":0.0034397721756249666},{""bbox"":[352.9091796875,215.60360717773438,368.6296691894531,229.98855590820312],""confidence"":0.003122256137430668},{""bbox"":[352.9951477050781,208.7242431640625,369.7043762207031,221.63681030273438],""confidence"":0.00254416698589921},{""bbox"":[348.5728454589844,186.3721466064453,362.8792419433594,199.0011444091797],""confidence"":0.002504656556993723},{""bbox"":[353.5881652832031,254.4464874267578,368.283203125,269.1060791015625],""confidence"":0.00235375901684165},{""bbox"":[352.4931335449219,189.1940155029297,370.09857177734375,204.6455078125],""confidence"":0.0021822741255164146},{""bbox"":[353.29925537109375,231.77542114257812,369.3335876464844,245.10601806640625],""confidence"":0.0013730614446103573}]",17,0.001
001_20200622_203316(0),2,576,444,"[[365.0,203.0,371.99999999999994,213.99999999999997],[364.00000000000006,233.00000000000003,376.0,247.0],[370.0,276.0,378.0,287.0]]","[{""bbox"":[361.201171875,203.5701446533203,373.4848327636719,215.9594268798828],""confidence"":0.5979896783828735},{""bbox"":[363.8211364746094,236.0439453125,376.7322692871094,248.33731079101562],""confidence"":0.5434080362319946},{""bbox"":[366.408447265625,275.0364685058594,378.14788818359375,286.29205322265625],""confidence"":0.47119376063346863},{""bbox"":[500.396484375,269.9344482421875,512.3151245117188,282.0840148925781],""confidence"":0.13765999674797058},{""bbox"":[500.56488037109375,271.7159729003906,511.42730712890625,283.7641906738281],""confidence"":0.05614452436566353},{""bbox"":[359.507568359375,204.71115112304688,374.011962890625,219.0597381591797],""confidence"":0.042886681854724884},{""bbox"":[363.38153076171875,232.7942657470703,377.7393798828125,247.6777801513672],""confidence"":0.0388711653649807},{""bbox"":[363.0458679199219,274.878173828125,376.2065124511719,286.76641845703125],""confidence"":0.0305822491645813},{""bbox"":[502.7284851074219,269.54388427734375,515.5060424804688,281.5528259277344],""confidence"":0.018332529813051224},{""bbox"":[498.33209228515625,270.3689880371094,508.9103698730469,281.9117126464844],""confidence"":0.017729155719280243},{""bbox"":[363.34295654296875,202.9225616455078,378.1866455078125,216.30731201171875],""confidence"":0.005368866957724094},{""bbox"":[364.6825866699219,276.7681579589844,379.6623229980469,290.976318359375],""confidence"":0.003765186993405223},{""bbox"":[356.04742431640625,203.5124969482422,370.22662353515625,215.49407958984375],""confidence"":0.0030150022357702255},{""bbox"":[359.6709289550781,237.20547485351562,379.3022766113281,255.07078552246094],""confidence"":0.001912860432639718},{""bbox"":[496.8773193359375,268.20465087890625,513.4168090820312,279.5390930175781],""confidence"":0.0015797679079696536},{""bbox"":[496.84930419921875,273.3616943359375,512.5635986328125,287.581298828125],""confidence"":0.0011839314829558134}]",16,0.001
001_20200622_203319(4),2,576,444,"[[364.00000000000006,209.0,376.0,219.0],[369.0,237.99999999999997,380.00000000000006,249.00000000000003],[374.0,276.0,384.00000000000006,286.0]]","[{""bbox"":[361.61700439453125,207.3087158203125,374.0847473144531,219.87255859375],""confidence"":0.6062642335891724},{""bbox"":[372.7960205078125,276.5832824707031,384.92431640625,288.5170593261719],""confidence"":0.5176059007644653},{""bbox"":[365.693359375,239.7177734375,378.26434326171875,252.17318725585938],""confidence"":0.283387690782547},{""bbox"":[370.2008056640625,276.5833435058594,383.1478576660156,288.7345886230469],""confidence"":0.14490973949432373},{""bbox"":[367.31451416015625,239.13401794433594,379.7289123535156,251.10977172851562],""confidence"":0.04409556835889816},{""bbox"":[362.7694091796875,240.0150604248047,375.8446960449219,252.5944061279297],""confidence"":0.025030722841620445},{""bbox"":[374.0845947265625,277.95281982421875,386.4427490234375,290.8997802734375],""confidence"":0.024267854169011116},{""bbox"":[364.5506896972656,241.07798767089844,378.38226318359375,255.01602172851562],""confidence"":0.015274927951395512},{""bbox"":[361.4565124511719,203.96435546875,375.5804138183594,219.4588165283203],""confidence"":0.010209690779447556},{""bbox"":[502.7774353027344,189.21836853027344,514.3904418945312,200.74044799804688],""confidence"":0.0085383215919137},{""bbox"":[504.9508972167969,189.60479736328125,516.7409057617188,201.15109252929688],""confidence"":0.008408579044044018},{""bbox"":[363.4136047363281,206.6131591796875,378.2814025878906,220.017578125],""confidence"":0.008315404877066612},{""bbox"":[507.88629150390625,257.2431335449219,519.257568359375,268.56256103515625],""confidence"":0.004977369215339422},{""bbox"":[427.8275451660156,268.47625732421875,438.8912048339844,280.475830078125],""confidence"":0.004882240202277899},{""bbox"":[356.52154541015625,208.77247619628906,377.21044921875,226.7615966796875],""confidence"":0.003947545308619738},{""bbox"":[424.0972900390625,268.6753845214844,436.177978515625,281.26483154296875],""confidence"":0.0036247253883630037},{""bbox"":[361.34686279296875,241.3497314453125,375.8990173339844,255.31544494628906],""confidence"":0.0027773806359618902},{""bbox"":[355.8545837402344,207.64154052734375,370.607666015625,221.05941772460938],""confidence"":0.0024172968696802855},{""bbox"":[511.6405944824219,256.68438720703125,523.3131103515625,267.83392333984375],""confidence"":0.001469420618377626}]",19,0.001
001_20200623_203247(5),2,576,444,"[[340.0,184.0,355.00000000000006,197.0],[343.0,215.0,360.0,228.0],[348.0,258.0,363.0,274.0]]","[{""bbox"":[341.0600280761719,183.0639190673828,353.1328430175781,195.30422973632812],""confidence"":0.6050745844841003},{""bbox"":[349.3970947265625,261.07513427734375,362.07257080078125,272.8980712890625],""confidence"":0.588138997554779},{""bbox"":[343.38299560546875,215.00375366210938,356.8683776855469,227.78118896484375],""confidence"":0.5362692475318909},{""bbox"":[480.0713195800781,212.745849609375,492.3070068359375,224.99081420898438],""confidence"":0.07065077871084213},{""bbox"":[339.68780517578125,183.75286865234375,353.95684814453125,197.71560668945312],""confidence"":0.05700277164578438},{""bbox"":[342.4549865722656,182.762939453125,356.6504211425781,195.52345275878906],""confidence"":0.027741914615035057},{""bbox"":[348.3229675292969,262.03961181640625,362.83642578125,276.55035400390625],""confidence"":0.024094337597489357},{""bbox"":[342.30584716796875,211.27911376953125,358.8091735839844,229.0302734375],""confidence"":0.014312205836176872},{""bbox"":[480.5936279296875,213.28831481933594,494.30126953125,226.70718383789062],""confidence"":0.013965274207293987},{""bbox"":[481.1470947265625,210.90524291992188,494.49945068359375,224.3576202392578],""confidence"":0.0054040695540606976},{""bbox"":[339.3449401855469,211.6712646484375,360.6314697265625,233.9168243408203],""confidence"":0.004935441538691521},{""bbox"":[338.703369140625,188.81488037109375,354.72930908203125,201.63201904296875],""confidence"":0.0034788819029927254},{""bbox"":[338.4322509765625,215.070556640625,353.6596374511719,229.54669189453125],""confidence"":0.003161314409226179},{""bbox"":[338.4280090332031,211.45132446289062,354.9781494140625,226.48765563964844],""confidence"":0.002800445072352886},{""bbox"":[485.4084167480469,256.6242370605469,496.6317443847656,268.0765075683594],""confidence"":0.0021849710028618574}]",15,0.001
001_20200624_003240(4),2,576,444,"[[342.0,242.0,356.0,252.0],[342.0,194.0,353.00000000000006,207.0],[338.0,161.0,351.0,175.0]]","[{""bbox"":[342.7183837890625,241.20196533203125,355.45098876953125,253.6324462890625],""confidence"":0.5643863081932068},{""bbox"":[338.513916015625,163.24508666992188,350.6917724609375,175.40419006347656],""confidence"":0.5360360741615295},{""bbox"":[339.52520751953125,196.02130126953125,351.7621154785156,208.44210815429688],""confidence"":0.42477595806121826},{""bbox"":[334.4994201660156,163.69522094726562,348.0306091308594,174.577880859375],""confidence"":0.0261441171169281},{""bbox"":[338.1282043457031,196.85060119628906,353.48486328125,211.98756408691406],""confidence"":0.009524868801236153},{""bbox"":[479.3289794921875,250.83230590820312,491.4161376953125,262.5784606933594],""confidence"":0.003728491486981511},{""bbox"":[333.0208740234375,160.6085205078125,347.23089599609375,174.11407470703125],""confidence"":0.0025517423637211323},{""bbox"":[482.7091369628906,251.00331115722656,494.8250732421875,262.2335510253906],""confidence"":0.002078901045024395},{""bbox"":[334.2118835449219,195.8711395263672,347.9081115722656,208.156494140625],""confidence"":0.001694604754447937},{""bbox"":[338.5430908203125,160.7891082763672,354.7853698730469,173.50035095214844],""confidence"":0.0016193096525967121},{""bbox"":[338.4626159667969,242.40914916992188,354.983642578125,255.05462646484375],""confidence"":0.0013793074758723378},{""bbox"":[338.50634765625,245.41802978515625,354.5279235839844,259.1216735839844],""confidence"":0.0012536358553916216}]",12,0.001
001_20200624_003244(2),2,576,444,"[[348.0,167.0,362.0,182.0],[350.0,200.0,365.0,213.00000000000003],[356.0,246.0,368.0,259.0]]","[{""bbox"":[355.10577392578125,247.28048706054688,367.40594482421875,259.6762390136719],""confidence"":0.6084595322608948},{""bbox"":[350.38970947265625,168.5185089111328,362.57012939453125,180.20916748046875],""confidence"":0.5287610292434692},{""bbox"":[353.0199890136719,201.7890167236328,365.31610107421875,213.6373291015625],""confidence"":0.5217565298080444},{""bbox"":[352.4449768066406,167.82557678222656,364.5232238769531,179.97975158691406],""confidence"":0.054591599851846695},{""bbox"":[356.3974609375,246.82708740234375,370.98223876953125,259.9979248046875],""confidence"":0.04397841915488243},{""bbox"":[354.2503356933594,248.25164794921875,368.6751708984375,262.345947265625],""confidence"":0.04187890887260437},{""bbox"":[349.82000732421875,169.4755401611328,363.0391845703125,183.04177856445312],""confidence"":0.040882233530282974},{""bbox"":[348.87237548828125,201.56236267089844,362.6259460449219,213.5643768310547],""confidence"":0.03250052034854889},{""bbox"":[348.0380859375,167.5537567138672,361.2275390625,179.8218536376953],""confidence"":0.02667437307536602},{""bbox"":[349.8287658691406,200.56744384765625,368.1452941894531,219.3974609375],""confidence"":0.006548313423991203},{""bbox"":[350.8819274902344,196.86000061035156,367.0921630859375,213.43496704101562],""confidence"":0.004838535096496344},{""bbox"":[493.24359130859375,250.44715881347656,504.88604736328125,261.9896545410156],""confidence"":0.0034721551928669214},{""bbox"":[352.84368896484375,244.1470184326172,369.03375244140625,258.7552185058594],""confidence"":0.002014575991779566},{""bbox"":[497.11517333984375,250.44619750976562,509.1039123535156,261.7203674316406],""confidence"":0.0019584880210459232},{""bbox"":[352.91986083984375,202.51718139648438,369.1254577636719,216.224609375],""confidence"":0.0015900135040283203},{""bbox"":[352.84674072265625,198.90411376953125,369.4344482421875,212.45794677734375],""confidence"":0.0012714662589132786},{""bbox"":[356.637939453125,201.77120971679688,371.15704345703125,214.87823486328125],""confidence"":0.0011042156256735325}]",17,0.001
001_20200624_003247(7),2,576,444,"[[339.0,151.0,357.0,165.0],[345.0,184.00000000000003,358.0,200.0],[349.0,228.00000000000003,363.0,242.0]]","[{""bbox"":[349.3045654296875,228.79574584960938,361.8486633300781,240.84796142578125],""confidence"":0.5845065116882324},{""bbox"":[342.1905517578125,150.91847229003906,354.72705078125,162.59226989746094],""confidence"":0.543378472328186},{""bbox"":[343.7602233886719,183.78878784179688,356.3031005859375,196.16433715820312],""confidence"":0.5405501127243042},{""bbox"":[341.2198486328125,183.96441650390625,355.9700927734375,198.39373779296875],""confidence"":0.038936082273721695},{""bbox"":[349.22607421875,225.6229248046875,363.2785949707031,240.5276336669922],""confidence"":0.024165721610188484},{""bbox"":[341.04791259765625,182.1828155517578,354.9342041015625,195.671875],""confidence"":0.01566929556429386},{""bbox"":[491.5641784667969,224.81227111816406,502.6201477050781,236.01541137695312],""confidence"":0.007911354303359985},{""bbox"":[339.4802551269531,152.65994262695312,357.1031494140625,168.7636260986328],""confidence"":0.0040485672652721405},{""bbox"":[341.9997863769531,146.44302368164062,356.3310546875,161.42381286621094],""confidence"":0.0039741359651088715},{""bbox"":[487.9726867675781,225.00344848632812,499.4529724121094,236.82034301757812],""confidence"":0.002231976017355919},{""bbox"":[338.7572021484375,165.7071075439453,354.8877868652344,174.94859313964844],""confidence"":0.0014518802054226398},{""bbox"":[414.318359375,181.99264526367188,425.5443115234375,193.3539276123047],""confidence"":0.0013801699969917536},{""bbox"":[338.5808410644531,182.75523376464844,354.83642578125,193.12039184570312],""confidence"":0.0013489029370248318},{""bbox"":[338.56939697265625,152.65052795410156,354.8513488769531,162.38699340820312],""confidence"":0.0011886219726875424},{""bbox"":[338.59808349609375,146.3341522216797,354.0552978515625,161.10186767578125],""confidence"":0.0011668024817481637}]",15,0.001
001_20200624_003251(1),2,576,444,"[[345.0,186.00000000000003,358.0,198.0],[346.00000000000006,219.00000000000003,362.0,231.0],[349.0,265.0,363.0,277.0]]","[{""bbox"":[347.0840759277344,219.23118591308594,359.3203125,232.11215209960938],""confidence"":0.6082773208618164},{""bbox"":[349.7176513671875,264.4233093261719,362.3763732910156,276.5022888183594],""confidence"":0.5752689242362976},{""bbox"":[346.2333068847656,186.05279541015625,358.2707824707031,197.82289123535156],""confidence"":0.5524991750717163},{""bbox"":[345.8691101074219,218.8914794921875,361.14068603515625,233.93765258789062],""confidence"":0.1291903704404831},{""bbox"":[344.73101806640625,182.42088317871094,359.5041198730469,197.42514038085938],""confidence"":0.026242369785904884},{""bbox"":[347.6338806152344,261.5100402832031,361.95489501953125,275.96221923828125],""confidence"":0.02056271955370903},{""bbox"":[341.66461181640625,186.168701171875,355.434814453125,197.55450439453125],""confidence"":0.012571812607347965},{""bbox"":[348.97955322265625,219.45849609375,363.7510070800781,232.49420166015625],""confidence"":0.008204709738492966},{""bbox"":[341.7383728027344,218.7799530029297,356.2416076660156,231.26502990722656],""confidence"":0.003777294885367155},{""bbox"":[350.6459655761719,261.5451965332031,364.7923889160156,276.4873046875],""confidence"":0.0030866411980241537},{""bbox"":[491.6383972167969,191.60040283203125,503.529541015625,203.5562744140625],""confidence"":0.0028537833131849766},{""bbox"":[338.6575622558594,189.8240203857422,354.6883850097656,201.7418212890625],""confidence"":0.002172420034185052},{""bbox"":[342.38861083984375,188.2112579345703,361.1989440917969,204.93141174316406],""confidence"":0.0015537330182269216},{""bbox"":[338.6396179199219,210.1547393798828,355.07196044921875,220.98556518554688],""confidence"":0.0011624009348452091},{""bbox"":[338.51556396484375,218.9973907470703,354.5228576660156,231.73922729492188],""confidence"":0.0011184903560206294},{""bbox"":[492.9093322753906,189.47262573242188,504.5599060058594,201.94815063476562],""confidence"":0.0011086995946243405},{""bbox"":[349.5141296386719,187.54254150390625,363.7731628417969,198.50294494628906],""confidence"":0.0010211889166384935},{""bbox"":[341.0892333984375,218.18161010742188,357.92303466796875,234.30886840820312],""confidence"":0.0010011723497882485}]",18,0.001
001_20200624_003254(3),2,576,444,"[[339.0,175.0,353.0,188.0],[342.99999999999994,207.0,357.0,223.0],[351.0,252.99999999999997,364.0,266.0]]","[{""bbox"":[349.8207702636719,252.98464965820312,362.2397155761719,264.4254150390625],""confidence"":0.5838739275932312},{""bbox"":[343.0447692871094,208.3107452392578,356.1075134277344,220.7441864013672],""confidence"":0.531491219997406},{""bbox"":[340.7027282714844,175.35035705566406,352.3783264160156,187.01724243164062],""confidence"":0.4286985993385315},{""bbox"":[338.4142761230469,176.75636291503906,352.24749755859375,190.36550903320312],""confidence"":0.021501412615180016},{""bbox"":[342.4083251953125,204.05593872070312,357.96112060546875,220.60519409179688],""confidence"":0.009086092934012413},{""bbox"":[339.6784362792969,206.31878662109375,359.4718017578125,226.59889221191406],""confidence"":0.006231761537492275},{""bbox"":[343.61175537109375,175.06906127929688,356.87493896484375,186.95582580566406],""confidence"":0.005303139798343182},{""bbox"":[347.7854919433594,253.7910919189453,364.26422119140625,269.4373779296875],""confidence"":0.0051037827506661415},{""bbox"":[334.0854187011719,175.9837188720703,346.8772277832031,186.5553741455078],""confidence"":0.0023055574856698513},{""bbox"":[338.5518493652344,207.24636840820312,354.69366455078125,218.4499969482422],""confidence"":0.002017885446548462},{""bbox"":[339.6294860839844,203.92129516601562,355.234619140625,219.8868408203125],""confidence"":0.0015622690552845597},{""bbox"":[338.6669616699219,178.9292449951172,354.95428466796875,189.00738525390625],""confidence"":0.0014128785114735365},{""bbox"":[338.6783447265625,197.82992553710938,355.3412780761719,208.98204040527344],""confidence"":0.0013294446980580688}]",13,0.001
001_20200624_003303(5),2,576,444,"[[349.0,227.0,366.0,243.00000000000003],[346.00000000000006,194.00000000000003,362.0,209.0],[349.0,272.0,364.00000000000006,288.0]]","[{""bbox"":[348.6419372558594,196.37319946289062,360.4883728027344,207.64088439941406],""confidence"":0.5951750874519348},{""bbox"":[349.4350280761719,275.01025390625,361.665283203125,286.35321044921875],""confidence"":0.5825072526931763},{""bbox"":[348.3948669433594,228.84921264648438,360.4604797363281,240.80552673339844],""confidence"":0.571516215801239},{""bbox"":[491.5748291015625,213.01528930664062,503.78021240234375,225.3362274169922],""confidence"":0.0843392163515091},{""bbox"":[349.804443359375,196.1966094970703,363.8952331542969,208.77728271484375],""confidence"":0.05947989970445633},{""bbox"":[349.9925537109375,230.5473175048828,363.8736572265625,241.51393127441406],""confidence"":0.05827886238694191},{""bbox"":[350.49993896484375,275.3564758300781,364.0580749511719,287.33465576171875],""confidence"":0.04554954916238785},{""bbox"":[347.0028381347656,225.62989807128906,361.584228515625,240.23995971679688],""confidence"":0.032408732920885086},{""bbox"":[484.88299560546875,294.0766906738281,495.8614196777344,305.87738037109375],""confidence"":0.028767434880137444},{""bbox"":[347.35028076171875,197.4821014404297,362.0127258300781,211.8043212890625],""confidence"":0.011595766060054302},{""bbox"":[483.1289367675781,247.63482666015625,496.2004699707031,260.7367858886719],""confidence"":0.009907175786793232},{""bbox"":[348.04962158203125,276.36993408203125,363.3048400878906,290.9669189453125],""confidence"":0.004375397227704525},{""bbox"":[480.8937683105469,246.63026428222656,493.2230529785156,259.3686218261719],""confidence"":0.0025631592143326998},{""bbox"":[415.48699951171875,239.02337646484375,427.4303283691406,250.54222106933594],""confidence"":0.0019306191243231297},{""bbox"":[482.2295837402344,293.0690612792969,493.54791259765625,304.8561096191406],""confidence"":0.0018092566169798374},{""bbox"":[417.5804748535156,283.9247131347656,428.8121337890625,295.7660217285156],""confidence"":0.0015039952704682946},{""bbox"":[488.6622009277344,294.0650939941406,501.375244140625,306.2994689941406],""confidence"":0.0012282740790396929},{""bbox"":[420.53387451171875,283.06719970703125,432.0455322265625,295.9341125488281],""confidence"":0.0012187614338472486}]",18,0.001
001_20200624_162816(3),2,576,444,"[[335.0,168.0,354.0,183.0],[342.0,201.00000000000003,357.99999999999994,217.0],[355.00000000000006,242.0,371.0,257.0]]","[{""bbox"":[355.8492431640625,244.78460693359375,367.8926696777344,256.50933837890625],""confidence"":0.5716995596885681},{""bbox"":[336.8070373535156,169.754150390625,349.1803894042969,182.0543212890625],""confidence"":0.5343981385231018},{""bbox"":[343.558349609375,202.28659057617188,356.877685546875,215.29417419433594],""confidence"":0.48005637526512146},{""bbox"":[334.2992858886719,170.1477813720703,347.5158386230469,182.02883911132812],""confidence"":0.10736498236656189},{""bbox"":[357.2493896484375,243.788818359375,371.1111145019531,255.861572265625],""confidence"":0.07740915566682816},{""bbox"":[337.83819580078125,167.77664184570312,350.92510986328125,181.55831909179688],""confidence"":0.07620817422866821},{""bbox"":[341.35626220703125,202.8324432373047,355.1717834472656,215.90374755859375],""confidence"":0.05864400416612625},{""bbox"":[342.0057067871094,202.55023193359375,358.7972717285156,219.3851318359375],""confidence"":0.012281063944101334},{""bbox"":[352.9852294921875,246.41668701171875,369.6692810058594,262.4426574707031],""confidence"":0.004946914967149496},{""bbox"":[352.8175048828125,244.03704833984375,368.7083435058594,258.62579345703125],""confidence"":0.0029598637484014034},{""bbox"":[356.06103515625,240.0375518798828,371.27166748046875,256.666015625],""confidence"":0.0011999872513115406},{""bbox"":[348.73101806640625,244.93429565429688,363.1755065917969,257.6976623535156],""confidence"":0.0011433047475293279},{""bbox"":[338.6190185546875,177.77056884765625,354.7730712890625,188.49871826171875],""confidence"":0.001068826881237328}]",13,0.001
001_20200624_162821(2),2,576,444,"[[343.0,141.0,355.0,156.0],[347.0,176.0,361.0,190.0],[353.0,221.99999999999997,364.00000000000006,235.99999999999994]]","[{""bbox"":[347.31298828125,177.08477783203125,359.7096252441406,189.9326171875],""confidence"":0.5893877148628235},{""bbox"":[351.6103820800781,222.9900665283203,363.919677734375,234.76905822753906],""confidence"":0.5390461683273315},{""bbox"":[344.4884033203125,143.62124633789062,356.8724060058594,155.65899658203125],""confidence"":0.5148791074752808},{""bbox"":[487.9544677734375,220.46385192871094,499.4748229980469,232.0238800048828],""confidence"":0.07804062217473984},{""bbox"":[348.7737731933594,222.14376831054688,362.9328918457031,235.14564514160156],""confidence"":0.07232978940010071},{""bbox"":[341.5946044921875,143.98712158203125,355.01702880859375,155.51907348632812],""confidence"":0.057168442755937576},{""bbox"":[348.5918884277344,176.84597778320312,363.9767150878906,191.22158813476562],""confidence"":0.016314785927534103},{""bbox"":[488.6323547363281,220.90701293945312,501.4007873535156,233.5628204345703],""confidence"":0.011580942198634148},{""bbox"":[350.3946838378906,218.494384765625,365.813232421875,234.1837921142578],""confidence"":0.007062196731567383},{""bbox"":[489.7642822265625,218.29574584960938,501.8829650878906,231.49868774414062],""confidence"":0.006346904207020998},{""bbox"":[343.0311279296875,139.27554321289062,358.2422180175781,154.63946533203125],""confidence"":0.00585257587954402},{""bbox"":[341.8206481933594,144.5635528564453,359.8567810058594,161.63050842285156],""confidence"":0.0044237407855689526},{""bbox"":[484.49407958984375,174.71063232421875,495.78363037109375,186.67874145507812],""confidence"":0.0033595638815313578},{""bbox"":[435.12890625,221.55496215820312,445.8078308105469,232.45306396484375],""confidence"":0.0028916806913912296},{""bbox"":[341.7170715332031,177.1878204345703,356.1949462890625,189.63412475585938],""confidence"":0.0027176965959370136},{""bbox"":[338.5334777832031,144.5370635986328,354.5545654296875,158.19619750976562],""confidence"":0.0023821634240448475},{""bbox"":[481.0614013671875,174.86756896972656,492.9139099121094,187.24102783203125],""confidence"":0.0020591747015714645},{""bbox"":[482.4289855957031,215.914794921875,498.4701232910156,230.2963409423828],""confidence"":0.0017462066607549787},{""bbox"":[348.26202392578125,222.91302490234375,367.4192199707031,240.79103088378906],""confidence"":0.001737202168442309}]",19,0.001
001_20200624_162831(2),2,576,444,"[[360.0,201.00000000000003,375.99999999999994,213.0],[364.0,228.99999999999997,378.0,247.0],[372.0,267.0,385.0,283.0]]","[{""bbox"":[359.4240417480469,200.34881591796875,371.7402038574219,212.6876678466797],""confidence"":0.5538816452026367},{""bbox"":[364.0899658203125,232.40066528320312,376.6536560058594,244.31094360351562],""confidence"":0.5251052975654602},{""bbox"":[371.71673583984375,268.5206298828125,383.5989990234375,279.6872863769531],""confidence"":0.3563748002052307},{""bbox"":[355.9237365722656,200.7277069091797,369.39361572265625,212.67210388183594],""confidence"":0.03867923840880394},{""bbox"":[373.4221496582031,267.5413513183594,385.91436767578125,278.773681640625],""confidence"":0.033314477652311325},{""bbox"":[365.58685302734375,231.87936401367188,378.7403564453125,243.6163330078125],""confidence"":0.03222134709358215},{""bbox"":[362.94427490234375,233.5186767578125,377.1782531738281,247.80364990234375],""confidence"":0.018377920612692833},{""bbox"":[507.764892578125,238.7503204345703,519.44970703125,249.7566375732422],""confidence"":0.007893631234765053},{""bbox"":[358.3692321777344,196.7974853515625,373.59368896484375,213.0258331298828],""confidence"":0.00789156649261713},{""bbox"":[370.647216796875,270.177001953125,383.9197998046875,283.71209716796875],""confidence"":0.00646154535934329},{""bbox"":[356.2196044921875,201.8304901123047,375.4412841796875,219.5609893798828],""confidence"":0.002166443271562457},{""bbox"":[501.13726806640625,173.11195373535156,512.2103881835938,183.51947021484375],""confidence"":0.0017062495462596416},{""bbox"":[352.97247314453125,206.59506225585938,369.32012939453125,217.8056182861328],""confidence"":0.0012849137419834733}]",13,0.001
001_20200624_162835(8),2,576,444,"[[358.0,141.0,369.99999999999994,153.00000000000003],[360.0,172.00000000000003,371.99999999999994,184.0],[365.0,209.0,378.0,224.00000000000003]]","[{""bbox"":[360.7583312988281,172.67706298828125,373.6841125488281,185.6124725341797],""confidence"":0.6015103459358215},{""bbox"":[355.8051452636719,140.10147094726562,368.2215576171875,152.71363830566406],""confidence"":0.578788161277771},{""bbox"":[365.3052673339844,211.27224731445312,376.90374755859375,222.2093505859375],""confidence"":0.3911803662776947},{""bbox"":[354.689697265625,141.51947021484375,367.9093322753906,154.60427856445312],""confidence"":0.11726036667823792},{""bbox"":[362.9275817871094,211.37535095214844,375.27899169921875,222.8302459716797],""confidence"":0.11254612356424332},{""bbox"":[366.76812744140625,210.59449768066406,378.8828430175781,221.658447265625],""confidence"":0.04150013253092766},{""bbox"":[357.1090087890625,139.55519104003906,371.1643371582031,152.49081420898438],""confidence"":0.04074894264340401},{""bbox"":[499.4833984375,129.99205017089844,510.502685546875,140.42807006835938],""confidence"":0.0126078762114048},{""bbox"":[363.2506103515625,172.5479736328125,378.1933288574219,186.09762573242188],""confidence"":0.01202946063131094},{""bbox"":[358.92144775390625,173.72921752929688,376.0450744628906,190.4197540283203],""confidence"":0.010676388628780842},{""bbox"":[364.43994140625,212.83045959472656,377.48907470703125,226.09695434570312],""confidence"":0.0077800871804356575},{""bbox"":[496.8858947753906,130.61134338378906,507.8922119140625,141.20790100097656],""confidence"":0.003046189434826374},{""bbox"":[361.5504150390625,212.8875732421875,375.685302734375,226.3274688720703],""confidence"":0.002577165374532342},{""bbox"":[356.0616149902344,172.7741241455078,371.1983642578125,186.4386444091797],""confidence"":0.0024285537656396627},{""bbox"":[353.0339050292969,146.8799285888672,369.0349426269531,158.7645721435547],""confidence"":0.0019457029411569238},{""bbox"":[359.78302001953125,167.98414611816406,375.94927978515625,184.90374755859375],""confidence"":0.0019437639275565743},{""bbox"":[353.01190185546875,167.96726989746094,369.3789978027344,179.19622802734375],""confidence"":0.0010324070462957025}]",17,0.001
001_20200625_003507(0),2,576,444,"[[341.00000000000006,143.00000000000003,353.0,154.0],[342.0,175.0,353.00000000000006,188.0],[346.0,223.0,356.0,234.99999999999997]]","[{""bbox"":[340.8077697753906,176.13124084472656,353.5068359375,189.09088134765625],""confidence"":0.5988823175430298},{""bbox"":[342.4303283691406,222.970703125,355.1783142089844,234.7773895263672],""confidence"":0.5714166760444641},{""bbox"":[340.00982666015625,143.4257354736328,351.5324401855469,154.81515502929688],""confidence"":0.5565836429595947},{""bbox"":[341.4399108886719,176.13653564453125,356.9293212890625,190.91546630859375],""confidence"":0.01727675460278988},{""bbox"":[337.5381774902344,139.2562713623047,352.5195007324219,154.1330108642578],""confidence"":0.007998740300536156},{""bbox"":[479.02783203125,229.27471923828125,490.572509765625,240.64776611328125],""confidence"":0.006403846200555563},{""bbox"":[334.308349609375,143.62814331054688,347.5547790527344,154.05081176757812],""confidence"":0.004521109629422426},{""bbox"":[342.0841064453125,218.4821014404297,357.11248779296875,234.42623901367188],""confidence"":0.004430857487022877},{""bbox"":[475.8873596191406,186.19056701660156,488.60589599609375,198.93069458007812],""confidence"":0.004267842974513769},{""bbox"":[342.60205078125,143.2984619140625,356.63909912109375,155.3521728515625],""confidence"":0.003740179119631648},{""bbox"":[338.5748291015625,143.9529266357422,354.5238037109375,157.96971130371094],""confidence"":0.0028702865820378065},{""bbox"":[485.30499267578125,150.22763061523438,496.78460693359375,161.37855529785156],""confidence"":0.002388906432315707},{""bbox"":[338.45916748046875,172.37477111816406,354.3471374511719,186.9564208984375],""confidence"":0.0023287846706807613},{""bbox"":[338.51629638671875,166.7079620361328,355.16644287109375,180.044921875],""confidence"":0.0021316376514732838},{""bbox"":[339.13128662109375,218.43653869628906,354.6590881347656,234.00306701660156],""confidence"":0.001972829457372427},{""bbox"":[336.5740051269531,146.0863800048828,354.80108642578125,161.54727172851562],""confidence"":0.0016708330949768424},{""bbox"":[338.1490173339844,222.8849639892578,358.5110778808594,240.83871459960938],""confidence"":0.0015987844672054052},{""bbox"":[482.5036315917969,229.20001220703125,494.62091064453125,240.48681640625],""confidence"":0.0010363798355683684}]",18,0.001
001_20200625_003511(4),2,576,444,"[[348.00000000000006,145.0,360.0,157.00000000000003],[350.0,179.0,360.0,191.00000000000003],[350.0,225.99999999999997,361.0,237.0]]","[{""bbox"":[347.5092468261719,145.13543701171875,359.31927490234375,156.6382293701172],""confidence"":0.5970580577850342},{""bbox"":[347.5333557128906,179.25633239746094,359.5371398925781,191.29888916015625],""confidence"":0.5878424644470215},{""bbox"":[349.58740234375,225.22268676757812,361.6934509277344,236.31689453125],""confidence"":0.5748211145401001},{""bbox"":[350.74017333984375,225.21038818359375,364.06439208984375,237.44332885742188],""confidence"":0.12671439349651337},{""bbox"":[349.572021484375,145.0801239013672,363.8267822265625,157.6090850830078],""confidence"":0.015983425080776215},{""bbox"":[348.9884033203125,178.7849578857422,363.901123046875,192.49908447265625],""confidence"":0.015184571035206318},{""bbox"":[346.0454406738281,175.28488159179688,361.2096252441406,190.57290649414062],""confidence"":0.011045939289033413},{""bbox"":[348.28973388671875,226.0391387939453,363.0902404785156,240.53659057617188],""confidence"":0.009556316770613194},{""bbox"":[479.7235107421875,189.35325622558594,491.6955261230469,201.88504028320312],""confidence"":0.009245937690138817},{""bbox"":[345.4201354980469,146.67379760742188,361.1083984375,161.39071655273438],""confidence"":0.006625603884458542},{""bbox"":[490.77496337890625,235.58163452148438,502.4705810546875,247.14398193359375],""confidence"":0.005043042358011007},{""bbox"":[342.31256103515625,178.81170654296875,362.76446533203125,197.6515655517578],""confidence"":0.0033447486348450184},{""bbox"":[478.66748046875,190.89524841308594,492.43402099609375,205.0868377685547],""confidence"":0.0019730303902179003},{""bbox"":[341.67523193359375,178.94212341308594,355.7736511230469,190.89051818847656],""confidence"":0.0019401255995035172},{""bbox"":[341.4985656738281,144.69532775878906,355.354736328125,156.34039306640625],""confidence"":0.0012989615788683295},{""bbox"":[487.3851318359375,236.27476501464844,498.3154296875,248.20899963378906],""confidence"":0.001214891904965043}]",16,0.001
001_20200625_003515(9),2,576,444,"[[342.99999999999994,154.0,357.0,167.00000000000003],[347.0,187.0,360.0,202.0],[349.0,233.0,360.99999999999994,249.00000000000003]]","[{""bbox"":[346.9136962890625,188.3560791015625,359.7094421386719,201.0135498046875],""confidence"":0.5854694247245789},{""bbox"":[345.8280944824219,154.78408813476562,358.01507568359375,167.2658233642578],""confidence"":0.5231515169143677},{""bbox"":[348.5731201171875,233.9554443359375,360.82598876953125,246.42152404785156],""confidence"":0.41638848185539246},{""bbox"":[341.6509704589844,155.13125610351562,355.02581787109375,165.96517944335938],""confidence"":0.017830457538366318},{""bbox"":[344.66473388671875,188.79977416992188,361.2201232910156,204.80685424804688],""confidence"":0.015411153435707092},{""bbox"":[486.65948486328125,164.11778259277344,498.86859130859375,176.03118896484375],""confidence"":0.006821570452302694},{""bbox"":[349.3408203125,188.3296661376953,363.91961669921875,201.73089599609375],""confidence"":0.0058278776705265045},{""bbox"":[486.716064453125,244.8620147705078,498.3492736816406,255.93194580078125],""confidence"":0.003034084104001522},{""bbox"":[350.9259338378906,234.5178680419922,364.17138671875,246.61231994628906],""confidence"":0.0027498833369463682},{""bbox"":[341.5382995605469,187.76809692382812,355.9835510253906,200.83534240722656],""confidence"":0.0027440832927823067},{""bbox"":[341.031494140625,155.80763244628906,355.7542724609375,169.2503204345703],""confidence"":0.002701060613617301},{""bbox"":[490.05596923828125,164.10214233398438,502.0583190917969,175.43563842773438],""confidence"":0.0025064118672162294}]",12,0.001
001_20200625_003520(4),2,576,444,"[[340.0,152.0,354.0,163.0],[342.0,187.0,353.00000000000006,198.0],[346.0,233.0,355.0,244.00000000000003]]","[{""bbox"":[341.92022705078125,153.66395568847656,354.3349304199219,165.49794006347656],""confidence"":0.5828593969345093},{""bbox"":[343.8799743652344,232.68374633789062,356.34515380859375,244.6042938232422],""confidence"":0.5678417086601257},{""bbox"":[341.85797119140625,187.14891052246094,354.18939208984375,198.79122924804688],""confidence"":0.5676557421684265},{""bbox"":[341.3033447265625,231.9849853515625,354.8616943359375,244.8650360107422],""confidence"":0.1008724793791771},{""bbox"":[342.86187744140625,186.9029998779297,356.979248046875,199.9933319091797],""confidence"":0.07787603884935379},{""bbox"":[340.8050231933594,154.4427490234375,354.8497009277344,168.62730407714844],""confidence"":0.04233860969543457},{""bbox"":[343.48321533203125,233.82659912109375,357.3887634277344,247.8092803955078],""confidence"":0.038688961416482925},{""bbox"":[481.8522644042969,244.9302978515625,494.1570739746094,256.3929748535156],""confidence"":0.030174456536769867},{""bbox"":[480.37115478515625,245.09689331054688,491.562255859375,256.165283203125],""confidence"":0.023836737498641014},{""bbox"":[472.6694030761719,199.57118225097656,485.29949951171875,212.080810546875],""confidence"":0.007870608940720558},{""bbox"":[338.6278991699219,186.83106994628906,357.3957824707031,204.809326171875],""confidence"":0.004124338272958994},{""bbox"":[341.28271484375,182.45486450195312,356.2556457519531,198.02276611328125],""confidence"":0.0034607534762471914},{""bbox"":[338.6570129394531,159.42672729492188,354.46392822265625,172.49595642089844],""confidence"":0.0030792802572250366},{""bbox"":[338.5058898925781,153.04969787597656,354.82696533203125,163.3731689453125],""confidence"":0.0026229373179376125},{""bbox"":[338.515625,180.87428283691406,354.7134094238281,192.4737548828125],""confidence"":0.0024170430842787027},{""bbox"":[338.51617431640625,187.2909393310547,354.4613952636719,201.38270568847656],""confidence"":0.0019777948036789894},{""bbox"":[473.9174499511719,199.85855102539062,488.2379150390625,214.04959106445312],""confidence"":0.0010721198050305247}]",17,0.001
001_20200625_003524(9),2,576,444,"[[345.0,150.0,357.0,163.0],[346.0,183.0,356.0,194.0],[350.0,229.99999999999997,360.0,241.0]]","[{""bbox"":[348.4303894042969,228.52841186523438,360.66510009765625,240.75851440429688],""confidence"":0.5940060615539551},{""bbox"":[345.6790466308594,182.8582305908203,357.9251708984375,195.3231964111328],""confidence"":0.5464465022087097},{""bbox"":[344.40704345703125,149.55746459960938,356.5862731933594,161.31748962402344],""confidence"":0.5246351361274719},{""bbox"":[344.5688171386719,183.17086791992188,358.92047119140625,197.7216033935547],""confidence"":0.09056065231561661},{""bbox"":[349.89837646484375,229.49681091308594,363.9000549316406,241.0234375],""confidence"":0.08646845817565918},{""bbox"":[341.6162414550781,149.72227478027344,354.93255615234375,160.9910125732422],""confidence"":0.06857646256685257},{""bbox"":[343.5553894042969,146.4237823486328,357.73779296875,161.02700805664062],""confidence"":0.043064773082733154},{""bbox"":[348.3843078613281,225.5939178466797,362.3082580566406,240.4701690673828],""confidence"":0.03547724336385727},{""bbox"":[341.59912109375,182.67037963867188,355.6297607421875,195.22825622558594],""confidence"":0.016296057030558586},{""bbox"":[339.9400939941406,146.2768096923828,354.4618225097656,160.39105224609375],""confidence"":0.0033333059400320053},{""bbox"":[491.5960388183594,158.1293182373047,502.9865417480469,168.9791717529297],""confidence"":0.002901486586779356},{""bbox"":[338.6826171875,162.51060485839844,354.6965026855469,173.55062866210938],""confidence"":0.001718495856039226},{""bbox"":[340.74737548828125,151.3802490234375,360.64483642578125,169.11587524414062],""confidence"":0.0010262361029163003}]",13,0.001
001_20200625_003529(2),2,576,444,"[[341.0,146.0,350.0,159.0],[342.0,180.0,353.99999999999994,195.0],[344.99999999999994,226.0,356.0,237.99999999999997]]","[{""bbox"":[340.77349853515625,146.83509826660156,352.99078369140625,159.2793731689453],""confidence"":0.596087634563446},{""bbox"":[343.1452941894531,226.02369689941406,355.9960021972656,238.3234405517578],""confidence"":0.5527440905570984},{""bbox"":[341.6694641113281,180.71026611328125,353.7472229003906,192.24375915527344],""confidence"":0.5253700017929077},{""bbox"":[339.6057434082031,147.6050262451172,354.10614013671875,161.67428588867188],""confidence"":0.05114876478910446},{""bbox"":[341.988525390625,146.49005126953125,356.6143798828125,159.81539916992188],""confidence"":0.04384348541498184},{""bbox"":[341.2619934082031,226.5517578125,356.197998046875,241.04547119140625],""confidence"":0.030314860865473747},{""bbox"":[483.303955078125,234.00559997558594,495.20587158203125,246.13340759277344],""confidence"":0.025036772713065147},{""bbox"":[343.3216552734375,181.54159545898438,356.7822570800781,192.78466796875],""confidence"":0.01465122401714325},{""bbox"":[339.0420227050781,181.11505126953125,356.21441650390625,197.56680297851562],""confidence"":0.005643569864332676},{""bbox"":[338.51025390625,143.2953338623047,354.3971252441406,157.76026916503906],""confidence"":0.00352130807004869},{""bbox"":[338.45037841796875,227.42591857910156,354.88568115234375,239.8901824951172],""confidence"":0.0017945364816114306},{""bbox"":[481.3326110839844,235.80496215820312,492.53570556640625,247.7742462158203],""confidence"":0.001680125598795712},{""bbox"":[338.6669616699219,159.2861328125,354.8134460449219,173.28012084960938],""confidence"":0.001655943924561143},{""bbox"":[338.4878234863281,230.72903442382812,354.4447937011719,244.64695739746094],""confidence"":0.0013867616653442383},{""bbox"":[481.0787048339844,232.7181396484375,493.117431640625,245.78384399414062],""confidence"":0.001018735347315669}]",15,0.001
001_20200629_082905(4),2,576,444,"[[349.0,194.0,363.0,208.0],[344.99999999999994,228.0,356.0,239.00000000000003],[339.0,273.99999999999994,349.0,285.0]]","[{""bbox"":[343.6733703613281,226.64393615722656,356.351806640625,239.14373779296875],""confidence"":0.5272868275642395},{""bbox"":[348.6254577636719,194.9335479736328,360.5000305175781,206.0738983154297],""confidence"":0.4578899145126343},{""bbox"":[336.69329833984375,271.77215576171875,349.1004943847656,283.73614501953125],""confidence"":0.3329704999923706},{""bbox"":[337.94500732421875,273.4010925292969,350.4482116699219,284.6355895996094],""confidence"":0.12653294205665588},{""bbox"":[341.28369140625,226.09439086914062,354.54449462890625,238.77108764648438],""confidence"":0.11524241417646408},{""bbox"":[344.0216979980469,227.15013122558594,358.40753173828125,241.56495666503906],""confidence"":0.09994611144065857},{""bbox"":[333.9566345214844,271.2906188964844,346.2502136230469,282.66815185546875],""confidence"":0.05197232589125633},{""bbox"":[335.9132080078125,268.7395935058594,349.64447021484375,282.9174499511719],""confidence"":0.01585674099624157},{""bbox"":[350.21478271484375,195.52688598632812,364.06463623046875,207.94374084472656],""confidence"":0.011291949078440666},{""bbox"":[465.25616455078125,324.50408935546875,478.27801513671875,337.2574768066406],""confidence"":0.00574348121881485},{""bbox"":[468.4541015625,325.5901794433594,480.5118103027344,337.7179260253906],""confidence"":0.004258869681507349},{""bbox"":[332.1744689941406,268.6148376464844,346.1271057128906,281.9287414550781],""confidence"":0.002897381316870451},{""bbox"":[346.935791015625,197.30938720703125,362.5843811035156,211.8887939453125],""confidence"":0.002390108071267605},{""bbox"":[472.4182434082031,281.0112609863281,485.8830871582031,294.4443664550781],""confidence"":0.0010949276620522141},{""bbox"":[465.61077880859375,326.6796569824219,481.0051574707031,341.80487060546875],""confidence"":0.001034257817082107}]",15,0.001
001_20200629_123107(1),2,576,444,"[[339.99999999999994,160.99999999999997,351.0,173.0],[342.99999999999994,196.00000000000003,354.0,207.0],[347.0,242.0,355.0,253.99999999999997]]","[{""bbox"":[341.82904052734375,161.40919494628906,354.2032775878906,173.56085205078125],""confidence"":0.5863410830497742},{""bbox"":[342.288330078125,194.7560577392578,355.09014892578125,206.9547882080078],""confidence"":0.5454028844833374},{""bbox"":[344.06353759765625,240.87562561035156,356.5156555175781,253.01858520507812],""confidence"":0.5245851874351501},{""bbox"":[343.92413330078125,195.95669555664062,356.8658142089844,206.93138122558594],""confidence"":0.12276116013526917},{""bbox"":[341.374267578125,239.49948120117188,355.516845703125,253.25540161132812],""confidence"":0.05538773909211159},{""bbox"":[340.2637023925781,162.40945434570312,354.6666259765625,176.13401794433594],""confidence"":0.019842492416501045},{""bbox"":[343.4731750488281,160.66514587402344,356.87353515625,173.300537109375],""confidence"":0.010588083416223526},{""bbox"":[482.67938232421875,253.38339233398438,494.6968688964844,264.8833312988281],""confidence"":0.008810850791633129},{""bbox"":[339.7099914550781,194.10926818847656,357.99365234375,212.14024353027344],""confidence"":0.005543215200304985},{""bbox"":[342.7236633300781,162.2192840576172,357.03411865234375,175.89671325683594],""confidence"":0.005533839575946331},{""bbox"":[480.4602355957031,253.20877075195312,492.2454833984375,264.8420715332031],""confidence"":0.0037988347467035055},{""bbox"":[338.7841491699219,181.40745544433594,355.3118896484375,191.8622589111328],""confidence"":0.0012496833223849535},{""bbox"":[338.5806579589844,193.31756591796875,354.6958923339844,204.46731567382812],""confidence"":0.00112733559217304},{""bbox"":[338.4800720214844,242.56394958496094,354.88507080078125,254.8553466796875],""confidence"":0.0011245324276387691}]",14,0.001
001_20200629_123111(6),2,576,444,"[[348.00000000000006,161.0,360.0,171.0],[348.99999999999994,196.0,360.0,205.0],[351.0,239.99999999999997,362.00000000000006,251.0]]","[{""bbox"":[348.770263671875,160.90853881835938,360.8542175292969,172.5526123046875],""confidence"":0.590626060962677},{""bbox"":[347.5395202636719,194.3748321533203,359.23468017578125,205.88729858398438],""confidence"":0.5798158645629883},{""bbox"":[349.66436767578125,240.13092041015625,361.9067687988281,251.67919921875],""confidence"":0.5693469643592834},{""bbox"":[349.8684387207031,160.79251098632812,363.9200744628906,173.4688720703125],""confidence"":0.066194087266922},{""bbox"":[350.994873046875,239.73336791992188,364.2506408691406,252.2646026611328],""confidence"":0.048155151307582855},{""bbox"":[347.82110595703125,161.8260040283203,361.5211486816406,175.77796936035156],""confidence"":0.023096483200788498},{""bbox"":[349.1485595703125,241.128662109375,362.6263732910156,254.927001953125],""confidence"":0.0173339806497097},{""bbox"":[348.9725036621094,193.8555908203125,363.8777770996094,207.59327697753906],""confidence"":0.011178726330399513},{""bbox"":[479.6351623535156,210.1786346435547,492.5495910644531,223.1402587890625],""confidence"":0.0062159267254173756},{""bbox"":[345.51678466796875,189.67889404296875,361.2767639160156,205.27151489257812],""confidence"":0.004441673401743174},{""bbox"":[342.84283447265625,193.8096466064453,362.3558044433594,212.0867156982422],""confidence"":0.004425473976880312},{""bbox"":[485.787841796875,254.00637817382812,496.90887451171875,266.0973815917969],""confidence"":0.00230257585644722},{""bbox"":[481.80902099609375,211.0034637451172,495.0162353515625,223.83445739746094],""confidence"":0.0023014280013740063},{""bbox"":[479.7620544433594,212.3443145751953,493.39739990234375,226.35952758789062],""confidence"":0.0022694545332342386},{""bbox"":[341.5809631347656,194.33523559570312,355.2370910644531,205.68048095703125],""confidence"":0.0022206297144293785}]",15,0.001
001_20200629_123116(1),2,576,444,"[[339.0,144.0,354.0,159.0],[342.99999999999994,180.99999999999997,354.0,193.0],[346.0,224.00000000000003,357.00000000000006,237.99999999999997]]","[{""bbox"":[344.125732421875,225.11573791503906,356.4717712402344,236.64170837402344],""confidence"":0.5748597979545593},{""bbox"":[341.5256652832031,179.0072479248047,354.2125549316406,191.27589416503906],""confidence"":0.554600715637207},{""bbox"":[339.58837890625,145.05284118652344,351.43701171875,156.52438354492188],""confidence"":0.5096362829208374},{""bbox"":[341.9128112792969,178.11026000976562,356.8968505859375,192.36073303222656],""confidence"":0.16988608241081238},{""bbox"":[341.5625305175781,224.7350616455078,355.21533203125,237.39625549316406],""confidence"":0.07327752560377121},{""bbox"":[341.2313232421875,175.25735473632812,355.6983947753906,190.49363708496094],""confidence"":0.02019411511719227},{""bbox"":[342.77069091796875,225.743408203125,357.87896728515625,240.59808349609375],""confidence"":0.01643183082342148},{""bbox"":[338.0995178222656,146.9598388671875,353.2607421875,161.38519287109375],""confidence"":0.005011021159589291},{""bbox"":[336.0433349609375,176.4723358154297,357.92047119140625,197.8130645751953],""confidence"":0.004640308674424887},{""bbox"":[334.33575439453125,145.1376495361328,347.9495849609375,156.52862548828125],""confidence"":0.003985458053648472},{""bbox"":[338.4927978515625,173.3561553955078,354.3634948730469,187.25621032714844],""confidence"":0.003171556396409869},{""bbox"":[484.03057861328125,230.31594848632812,495.7807922363281,241.79347229003906],""confidence"":0.002678031800314784},{""bbox"":[400.52008056640625,229.1146240234375,410.8031921386719,240.63169860839844],""confidence"":0.0025396852288395166},{""bbox"":[338.5544738769531,168.3641815185547,355.35870361328125,181.16648864746094],""confidence"":0.0023546123411506414},{""bbox"":[338.6147766113281,145.9333953857422,354.8207092285156,158.72752380371094],""confidence"":0.0023192279040813446},{""bbox"":[342.8031005859375,145.1638641357422,356.70672607421875,157.264892578125],""confidence"":0.002164269331842661},{""bbox"":[338.77532958984375,187.144287109375,354.5118103027344,201.13571166992188],""confidence"":0.0010331090306863189},{""bbox"":[338.478759765625,224.63401794433594,354.70062255859375,235.69015502929688],""confidence"":0.0010247158352285624}]",18,0.001
001_20200629_123120(6),2,576,444,"[[342.0,142.0,356.0,155.00000000000003],[342.0,174.0,357.00000000000006,189.0],[342.99999999999994,223.00000000000003,354.0,232.0]]","[{""bbox"":[341.88177490234375,221.67788696289062,353.8498840332031,233.23704528808594],""confidence"":0.6023971438407898},{""bbox"":[343.22235107421875,176.0906219482422,355.7134704589844,188.291259765625],""confidence"":0.4863205850124359},{""bbox"":[344.8885192871094,141.50909423828125,356.86175537109375,153.45343017578125],""confidence"":0.47124484181404114},{""bbox"":[343.3890686035156,223.21142578125,356.714599609375,233.65908813476562],""confidence"":0.1063728854060173},{""bbox"":[340.8658142089844,174.8375701904297,354.1367492675781,187.5179901123047],""confidence"":0.041601136326789856},{""bbox"":[345.074951171875,176.82345581054688,358.7142639160156,190.81103515625],""confidence"":0.02976982854306698},{""bbox"":[345.08197021484375,175.1161651611328,357.7093200683594,188.13473510742188],""confidence"":0.026586467400193214},{""bbox"":[341.7096862792969,218.45521545410156,355.4211120605469,232.86917114257812],""confidence"":0.02604384906589985},{""bbox"":[341.4267578125,141.44180297851562,354.4479064941406,152.6422576904297],""confidence"":0.021254174411296844},{""bbox"":[480.1796569824219,166.81967163085938,492.1839599609375,178.43304443359375],""confidence"":0.011381528340280056},{""bbox"":[340.6617431640625,175.9407958984375,355.45440673828125,190.8378143310547],""confidence"":0.009336565621197224},{""bbox"":[346.0977478027344,139.196044921875,358.6969299316406,152.87973022460938],""confidence"":0.006666688248515129},{""bbox"":[476.99041748046875,246.7917022705078,488.83941650390625,258.5423583984375],""confidence"":0.004019411280751228},{""bbox"":[484.0060729980469,166.9829559326172,495.0600891113281,177.6971435546875],""confidence"":0.003385962685570121},{""bbox"":[339.8561096191406,138.8788604736328,353.7760009765625,151.7908172607422],""confidence"":0.0015809391625225544}]",15,0.001
001_20200629_123125(2),2,576,444,"[[342.0,148.00000000000003,356.0,159.0],[345.0,182.0,357.0,198.0],[350.0,226.0,361.0,239.99999999999997]]","[{""bbox"":[348.5429992675781,226.62355041503906,361.0203857421875,239.3356170654297],""confidence"":0.6095062494277954},{""bbox"":[346.4842529296875,181.86761474609375,359.1210632324219,194.43218994140625],""confidence"":0.5735685229301453},{""bbox"":[344.2113342285156,147.14401245117188,356.5823669433594,159.3057098388672],""confidence"":0.5384940505027771},{""bbox"":[344.7456359863281,181.55433654785156,360.9365234375,197.7809295654297],""confidence"":0.024921903386712074},{""bbox"":[341.1228332519531,145.97190856933594,354.697998046875,158.58493041992188],""confidence"":0.02188468538224697},{""bbox"":[350.01513671875,227.4719696044922,364.0126647949219,240.66390991210938],""confidence"":0.010449799709022045},{""bbox"":[341.0294494628906,147.8411407470703,355.8993835449219,162.0048370361328],""confidence"":0.0072465683333575726},{""bbox"":[341.62261962890625,181.71864318847656,356.0252380371094,194.58522033691406],""confidence"":0.006263167597353458},{""bbox"":[349.35784912109375,181.9152374267578,363.8768310546875,194.98622131347656],""confidence"":0.0027680564671754837},{""bbox"":[486.1648864746094,153.06430053710938,496.9336853027344,163.9589385986328],""confidence"":0.0025321829598397017},{""bbox"":[486.3879089355469,232.3279266357422,497.7499694824219,244.479248046875],""confidence"":0.002042974578216672},{""bbox"":[338.59857177734375,148.7708740234375,354.88787841796875,159.7899169921875],""confidence"":0.0016821158351376653}]",12,0.001
001_20200728_014351(3),2,576,444,"[[312.99999999999994,215.0,324.0,225.00000000000003]]","[{""bbox"":[312.7463684082031,215.08966064453125,325.82415771484375,227.8707275390625],""confidence"":0.5844166278839111},{""bbox"":[312.7555847167969,211.2080841064453,327.3180847167969,227.0445556640625],""confidence"":0.007448739837855101},{""bbox"":[309.75927734375,215.85986328125,325.9661865234375,229.99937438964844],""confidence"":0.002463721903041005},{""bbox"":[309.5937194824219,217.24974060058594,327.6586608886719,233.42117309570312],""confidence"":0.0021221681963652372}]",4,0.001
001_20200728_014355(2),2,576,444,"[[323.00000000000006,186.00000000000003,331.0,198.0]]","[{""bbox"":[322.1285400390625,184.45204162597656,334.83477783203125,196.9980926513672],""confidence"":0.5455541014671326},{""bbox"":[319.8167724609375,184.92922973632812,334.01519775390625,198.4239501953125],""confidence"":0.05871720239520073},{""bbox"":[319.12353515625,182.10574340820312,333.4627380371094,196.51925659179688],""confidence"":0.011940152384340763},{""bbox"":[460.91326904296875,193.25291442871094,474.0892639160156,205.89004516601562],""confidence"":0.008224288932979107},{""bbox"":[458.8738098144531,193.39743041992188,472.2496643066406,207.07223510742188],""confidence"":0.0014253916451707482}]",5,0.001
001_20200810_163112(8),2,576,444,"[[314.0,222.0,328.0,233.00000000000003]]","[{""bbox"":[314.1691589355469,222.5828399658203,326.8203430175781,234.26515197753906],""confidence"":0.5481283664703369},{""bbox"":[313.55804443359375,218.45367431640625,328.1177673339844,233.52484130859375],""confidence"":0.01117335632443428},{""bbox"":[310.73828125,218.3835906982422,325.5768127441406,233.04539489746094],""confidence"":0.0037497023586183786},{""bbox"":[313.35516357421875,224.5037078857422,330.76190185546875,240.75233459472656],""confidence"":0.001621548435650766},{""bbox"":[453.1497802734375,284.118896484375,466.6741027832031,297.4331359863281],""confidence"":0.001133147394284606},{""bbox"":[449.90533447265625,284.7717590332031,463.7644348144531,298.9894104003906],""confidence"":0.001006413483992219}]",6,0.001
001_20200810_163116(0),2,576,444,"[[319.99999999999994,191.0,331.0,201.99999999999997]]","[{""bbox"":[322.2798156738281,192.20953369140625,334.5180358886719,204.18475341796875],""confidence"":0.5062251687049866},{""bbox"":[319.8946228027344,192.90760803222656,333.6539001464844,205.54232788085938],""confidence"":0.06641669571399689},{""bbox"":[324.15203857421875,189.6103973388672,337.05072021484375,203.78067016601562],""confidence"":0.019992409273982048},{""bbox"":[462.1826171875,187.18434143066406,474.96038818359375,199.62515258789062],""confidence"":0.010600673966109753},{""bbox"":[318.71612548828125,189.49000549316406,332.9825744628906,203.7164306640625],""confidence"":0.0031291444320231676},{""bbox"":[460.6112365722656,187.81033325195312,473.21563720703125,200.45010375976562],""confidence"":0.0023311113473027945}]",6,0.001
001_20200814_033012(7),2,576,444,"[[315.99999999999994,175.0,326.0,186.0]]","[{""bbox"":[317.9724426269531,174.7804718017578,330.2587890625,186.9403533935547],""confidence"":0.5181227326393127},{""bbox"":[316.73712158203125,176.18858337402344,331.13372802734375,190.30953979492188],""confidence"":0.019431237131357193},{""bbox"":[312.70257568359375,174.90750122070312,326.33880615234375,186.8308563232422],""confidence"":0.0030725086107850075},{""bbox"":[321.0726318359375,174.43206787109375,335.1067810058594,186.91143798828125],""confidence"":0.0013773915125057101}]",4,0.001
001_20200814_033016(6),2,576,444,"[[315.0,136.99999999999997,324.0,150.0]]","[{""bbox"":[313.7662353515625,139.0196990966797,325.8816223144531,150.3444061279297],""confidence"":0.5603939890861511},{""bbox"":[315.2448425292969,138.68777465820312,328.23822021484375,150.646728515625],""confidence"":0.044134676456451416},{""bbox"":[312.66802978515625,140.16140747070312,326.7323913574219,154.1283721923828],""confidence"":0.010192382149398327},{""bbox"":[448.6495056152344,124.39630889892578,460.31005859375,136.90325927734375],""confidence"":0.003814541269093752},{""bbox"":[444.5516052246094,125.94347381591797,456.8171691894531,138.5474853515625],""confidence"":0.0029829295817762613},{""bbox"":[443.908447265625,127.52967834472656,455.09197998046875,139.82028198242188],""confidence"":0.0017813710728660226},{""bbox"":[363.2337646484375,136.0863037109375,373.42510986328125,147.21627807617188],""confidence"":0.0012850759085267782}]",7,0.001
001_20200814_203438(9),2,576,444,"[[315.99999999999994,125.0,330.0,136.99999999999997]]","[{""bbox"":[317.8538513183594,125.21842956542969,330.11865234375,137.83567810058594],""confidence"":0.5765841007232666},{""bbox"":[312.8587646484375,125.34252166748047,326.77008056640625,136.90013122558594],""confidence"":0.004145452287048101},{""bbox"":[320.67938232421875,125.09928131103516,335.0093994140625,137.8118438720703],""confidence"":0.0021381513215601444},{""bbox"":[455.593017578125,122.95004272460938,467.50811767578125,134.698486328125],""confidence"":0.0011652496177703142}]",4,0.001
001_20200814_203442(4),2,576,444,"[[323.0,160.0,332.0,172.00000000000003]]","[{""bbox"":[321.1717224121094,158.60711669921875,333.7307434082031,170.08255004882812],""confidence"":0.5286657214164734},{""bbox"":[322.3086853027344,159.8402557373047,335.3119201660156,170.90281677246094],""confidence"":0.1124659925699234},{""bbox"":[319.5223388671875,160.5149383544922,336.3883361816406,175.84535217285156],""confidence"":0.0015971396351233125},{""bbox"":[320.61767578125,153.65110778808594,335.3473815917969,168.65191650390625],""confidence"":0.0014953326899558306}]",4,0.001
001_20200818_083145(2),2,576,444,"[[324.0,142.0,337.0,153.0]]","[{""bbox"":[323.8613586425781,141.96759033203125,336.0298156738281,154.23309326171875],""confidence"":0.5242921710014343},{""bbox"":[323.1156005859375,139.17457580566406,337.1689147949219,153.68421936035156],""confidence"":0.030919784680008888},{""bbox"":[319.9458312988281,142.1436767578125,333.6501159667969,154.16848754882812],""confidence"":0.02063974179327488}]",3,0.001
001_20200819_003039(4),2,576,444,"[[316.0,169.0,328.0,182.0]]","[{""bbox"":[315.8811950683594,170.3456573486328,328.116455078125,182.66896057128906],""confidence"":0.400662899017334},{""bbox"":[312.476318359375,170.4946746826172,325.48919677734375,182.43911743164062],""confidence"":0.03010980412364006},{""bbox"":[317.5455017089844,167.97955322265625,330.0238342285156,181.89598083496094],""confidence"":0.005517179612070322},{""bbox"":[310.9065856933594,167.83140563964844,324.75244140625,181.189453125],""confidence"":0.0012063431786373258}]",4,0.001
001_20200819_003044(1),2,576,444,"[[326.0,160.0,335.0,169.0]]","[{""bbox"":[325.23126220703125,159.26077270507812,337.377685546875,171.18385314941406],""confidence"":0.6070336699485779},{""bbox"":[323.3567810058594,160.8112335205078,339.4232177734375,175.90115356445312],""confidence"":0.005449336022138596},{""bbox"":[327.87042236328125,159.18162536621094,342.2059326171875,171.69142150878906],""confidence"":0.005194348283112049},{""bbox"":[320.0054931640625,159.0073699951172,334.2652587890625,171.5174560546875],""confidence"":0.0029608067125082016},{""bbox"":[324.0948181152344,158.6109619140625,340.4872741699219,172.824462890625],""confidence"":0.0010813396656885743}]",5,0.001
001_20200819_162723(4),2,576,444,"[[313.0,159.0,322.0,169.0]]","[{""bbox"":[315.2544250488281,157.50732421875,327.7304992675781,169.51104736328125],""confidence"":0.5150913596153259},{""bbox"":[312.66265869140625,157.0960235595703,326.9296569824219,170.4996795654297],""confidence"":0.07194111496210098},{""bbox"":[314.5414123535156,153.67222595214844,329.24090576171875,168.90377807617188],""confidence"":0.014682750217616558},{""bbox"":[312.52362060546875,159.591552734375,330.53350830078125,175.87684631347656],""confidence"":0.0018498834688216448},{""bbox"":[310.78326416015625,153.54750061035156,325.6986389160156,168.22091674804688],""confidence"":0.001653621788136661},{""bbox"":[309.743896484375,160.6365966796875,326.06500244140625,173.3437042236328],""confidence"":0.0015935859410092235},{""bbox"":[322.2084655761719,157.83480834960938,335.1473083496094,169.086669921875],""confidence"":0.001560584525577724},{""bbox"":[456.1409606933594,146.49774169921875,468.8500671386719,159.12306213378906],""confidence"":0.0010694442316889763}]",8,0.001
001_20200821_163349(7),2,576,444,"[[319.0,212.0,330.00000000000006,226.0]]","[{""bbox"":[318.4411315917969,213.26890563964844,330.3030700683594,225.66983032226562],""confidence"":0.5399868488311768},{""bbox"":[312.6806945800781,214.2538299560547,326.0672607421875,225.6905975341797],""confidence"":0.006763584911823273},{""bbox"":[451.0956115722656,187.6506805419922,463.18792724609375,199.33607482910156],""confidence"":0.001808183966204524},{""bbox"":[321.8966064453125,213.71478271484375,335.2371826171875,226.23239135742188],""confidence"":0.0013862645719200373},{""bbox"":[348.43994140625,209.62396240234375,359.43756103515625,220.39947509765625],""confidence"":0.0012462455779314041}]",5,0.001
001_20200821_163353(8),2,576,444,"[[333.99999999999994,227.0,344.0,238.00000000000003]]","[{""bbox"":[331.6424560546875,227.30332946777344,344.2831115722656,240.20742797851562],""confidence"":0.59333336353302},{""bbox"":[327.1712951660156,226.65963745117188,341.34576416015625,239.51089477539062],""confidence"":0.020485565066337585},{""bbox"":[335.010498046875,228.302490234375,349.4718933105469,240.64117431640625],""confidence"":0.0019119341159239411},{""bbox"":[469.6488037109375,238.80885314941406,481.6511535644531,250.93121337890625],""confidence"":0.0012901643058285117}]",4,0.001
002_20200623_003346(4),2,352,332,"[[192.00000000000003,151.0,202.0,160.0],[196.00000000000003,175.0,203.0,183.00000000000003],[199.0,208.0,210.0,215.00000000000003]]","[{""bbox"":[199.71463012695312,206.2220916748047,208.96018981933594,215.6649169921875],""confidence"":0.6440209150314331},{""bbox"":[195.30709838867188,174.63381958007812,204.54954528808594,184.193359375],""confidence"":0.6174477338790894},{""bbox"":[192.20193481445312,150.8944091796875,201.64593505859375,160.14833068847656],""confidence"":0.603436291217804},{""bbox"":[190.87669372558594,149.94113159179688,200.41500854492188,160.30775451660156],""confidence"":0.03052356466650963},{""bbox"":[194.2576904296875,174.02452087402344,205.73155212402344,186.34130859375],""confidence"":0.029108379036188126},{""bbox"":[194.57508850097656,172.45225524902344,204.01881408691406,182.99659729003906],""confidence"":0.009470743127167225},{""bbox"":[189.26368713378906,152.86669921875,198.85316467285156,161.7647247314453],""confidence"":0.0032425574027001858},{""bbox"":[190.0751495361328,150.68264770507812,203.29197692871094,164.39739990234375],""confidence"":0.0025874795392155647},{""bbox"":[198.0333709716797,205.86280822753906,207.84176635742188,214.755126953125],""confidence"":0.002483769552782178},{""bbox"":[199.8384246826172,203.20611572265625,209.9018096923828,215.07376098632812],""confidence"":0.0016437176382169127},{""bbox"":[194.12962341308594,150.87637329101562,204.78587341308594,160.69459533691406],""confidence"":0.0014651581877842546}]",11,0.001
002_20200623_003350(4),2,352,332,"[[196.00000000000003,131.0,203.0,139.0],[196.00000000000003,153.0,204.0,162.0],[199.0,187.0,208.0,195.99999999999997]]","[{""bbox"":[198.2647705078125,186.47329711914062,207.6265106201172,195.81101989746094],""confidence"":0.650236964225769},{""bbox"":[195.07098388671875,130.6307830810547,204.39251708984375,140.1524200439453],""confidence"":0.6188884377479553},{""bbox"":[196.259765625,154.35926818847656,205.28099060058594,163.47071838378906],""confidence"":0.5973326563835144},{""bbox"":[194.0177459716797,130.55929565429688,205.3411407470703,142.3266143798828],""confidence"":0.023571280762553215},{""bbox"":[194.61817932128906,128.31173706054688,205.23403930664062,140.70970153808594],""confidence"":0.015218879096210003},{""bbox"":[195.47369384765625,185.67694091796875,205.91465759277344,195.74215698242188],""confidence"":0.002471644664183259},{""bbox"":[199.59683227539062,185.34481811523438,209.3717498779297,196.20993041992188],""confidence"":0.001791887334547937},{""bbox"":[195.89707946777344,187.48837280273438,209.0441131591797,199.44342041015625],""confidence"":0.0016599827213212848}]",8,0.001
002_20200623_003354(3),2,352,332,"[[188.0,123.0,195.99999999999997,134.0],[192.0,146.0,199.99999999999997,157.0],[198.0,178.0,207.00000000000003,186.99999999999997]]","[{""bbox"":[198.21609497070312,178.1277313232422,207.80419921875,187.76092529296875],""confidence"":0.6484404802322388},{""bbox"":[191.2932891845703,147.3820037841797,200.40084838867188,156.90643310546875],""confidence"":0.5863568186759949},{""bbox"":[187.26321411132812,123.81808471679688,196.43812561035156,133.12242126464844],""confidence"":0.5660874247550964},{""bbox"":[189.2209014892578,145.89686584472656,202.28749084472656,159.94781494140625],""confidence"":0.007667641621083021},{""bbox"":[196.10714721679688,178.88975524902344,208.5722198486328,190.6313018798828],""confidence"":0.004995245486497879},{""bbox"":[195.45578002929688,177.66598510742188,205.84019470214844,187.80862426757812],""confidence"":0.004682733677327633},{""bbox"":[189.22718811035156,144.64173889160156,198.8292999267578,153.35440063476562],""confidence"":0.0038671931251883507},{""bbox"":[189.256103515625,141.7174530029297,199.52597045898438,150.10279846191406],""confidence"":0.002990703796967864},{""bbox"":[189.38169860839844,127.39288330078125,199.2175750732422,135.69970703125],""confidence"":0.0029276462737470865},{""bbox"":[199.3845672607422,176.47886657714844,209.57655334472656,188.0619659423828],""confidence"":0.0019703046418726444},{""bbox"":[189.2929229736328,152.82736206054688,198.69261169433594,161.7617645263672],""confidence"":0.001750294235534966},{""bbox"":[189.2592010498047,125.80939483642578,199.44195556640625,133.33621215820312],""confidence"":0.0016482098726555705},{""bbox"":[184.60958862304688,124.61604309082031,198.23818969726562,137.9871063232422],""confidence"":0.0010967007838189602}]",13,0.001
002_20200623_003358(2),2,352,332,"[[195.99999999999997,158.0,205.0,168.0],[198.0,183.0,204.99999999999997,190.0],[200.00000000000003,213.0,206.99999999999997,222.99999999999997]]","[{""bbox"":[198.64871215820312,214.51473999023438,207.69662475585938,223.65628051757812],""confidence"":0.6625878214836121},{""bbox"":[196.5426025390625,182.51698303222656,205.82574462890625,192.2711639404297],""confidence"":0.6201081871986389},{""bbox"":[196.0426788330078,158.5028533935547,205.1627197265625,167.7412109375],""confidence"":0.5848445892333984},{""bbox"":[199.63966369628906,215.140380859375,209.34603881835938,224.53488159179688],""confidence"":0.038923487067222595},{""bbox"":[198.0030517578125,215.92352294921875,208.111328125,225.76263427734375],""confidence"":0.027323391288518906},{""bbox"":[195.58583068847656,182.2930450439453,207.37393188476562,195.1897735595703],""confidence"":0.010166442953050137},{""bbox"":[195.02474975585938,180.96456909179688,204.44891357421875,191.40225219726562],""confidence"":0.0076468405313789845},{""bbox"":[198.0183868408203,211.97653198242188,208.08572387695312,223.49658203125],""confidence"":0.005033650901168585},{""bbox"":[195.38967895507812,213.8321533203125,205.3400421142578,223.88633728027344],""confidence"":0.0025442892219871283},{""bbox"":[195.89295959472656,154.77284240722656,206.54212951660156,167.11399841308594],""confidence"":0.001046538702212274}]",10,0.001
002_20200623_003402(2),2,352,332,"[[192.99999999999997,156.0,202.0,167.0],[194.0,183.0,203.00000000000003,190.0],[196.00000000000003,214.99999999999997,204.0,223.0]]","[{""bbox"":[194.86502075195312,213.94155883789062,204.20144653320312,223.4539337158203],""confidence"":0.6662775874137878},{""bbox"":[193.79678344726562,181.80831909179688,203.33436584472656,191.3397674560547],""confidence"":0.6328837275505066},{""bbox"":[192.99578857421875,157.63540649414062,202.12872314453125,166.5622100830078],""confidence"":0.5979268550872803},{""bbox"":[191.0260009765625,157.11044311523438,200.32618713378906,166.44728088378906],""confidence"":0.024783669039607048},{""bbox"":[191.70175170898438,157.8572540283203,202.6887969970703,168.7332763671875],""confidence"":0.020030716434121132},{""bbox"":[192.4425811767578,154.76541137695312,202.9825897216797,166.80606079101562],""confidence"":0.004933685529977083},{""bbox"":[193.99705505371094,214.9305877685547,205.0990447998047,225.75833129882812],""confidence"":0.004728532861918211},{""bbox"":[191.02017211914062,180.9295196533203,201.95706176757812,191.40940856933594],""confidence"":0.004176024813205004},{""bbox"":[191.8909454345703,182.1392364501953,205.16043090820312,195.10296630859375],""confidence"":0.0030056629329919815},{""bbox"":[194.64810180664062,157.59751892089844,204.99293518066406,167.46945190429688],""confidence"":0.002327690366655588},{""bbox"":[195.59677124023438,181.0868377685547,204.9023895263672,191.0694122314453],""confidence"":0.0019143585814163089},{""bbox"":[190.94674682617188,212.7877655029297,201.07192993164062,222.9206085205078],""confidence"":0.0010255288798362017}]",12,0.001
002_20200623_003410(2),2,352,332,"[[204.0,114.0,212.0,123.0],[202.0,137.0,210.0,145.0],[201.0,170.0,207.99999999999997,178.99999999999997]]","[{""bbox"":[202.6008758544922,114.39461517333984,211.91201782226562,123.64558410644531],""confidence"":0.6202912330627441},{""bbox"":[200.33935546875,169.97396850585938,208.8912353515625,178.49212646484375],""confidence"":0.611336886882782},{""bbox"":[201.8083038330078,137.388671875,211.0316925048828,146.35487365722656],""confidence"":0.6081509590148926},{""bbox"":[199.68833923339844,167.94833374023438,209.8051300048828,179.41285705566406],""confidence"":0.03654569387435913},{""bbox"":[203.33242797851562,114.4764175415039,213.8679656982422,124.5921630859375],""confidence"":0.019200220704078674},{""bbox"":[199.81982421875,136.59246826171875,209.95260620117188,146.10450744628906],""confidence"":0.01862681470811367},{""bbox"":[198.3566131591797,168.859130859375,211.15921020507812,182.0161590576172],""confidence"":0.0030143875628709793},{""bbox"":[198.10328674316406,170.72677612304688,207.93675231933594,179.51426696777344],""confidence"":0.00294683501124382},{""bbox"":[199.8219451904297,114.52617645263672,209.41941833496094,123.7624740600586],""confidence"":0.0026789745315909386},{""bbox"":[203.04983520507812,137.84178161621094,213.6072235107422,147.52224731445312],""confidence"":0.0017832255689427257},{""bbox"":[198.13900756835938,138.91311645507812,208.10850524902344,145.4932861328125],""confidence"":0.0014619114808738232},{""bbox"":[201.91868591308594,110.65168762207031,212.2405242919922,122.3590087890625],""confidence"":0.0011299594771116972}]",12,0.001
002_20200623_163020(3),2,316,332,"[[157.0,139.00000000000003,166.99999999999997,150.0],[160.0,160.0,169.0,170.0],[164.0,186.00000000000003,173.99999999999997,196.0]]","[{""bbox"":[155.548828125,138.07850646972656,166.75970458984375,149.02207946777344],""confidence"":0.6390774846076965},{""bbox"":[163.1601104736328,186.2265625,173.63731384277344,197.2685546875],""confidence"":0.5916088223457336},{""bbox"":[159.26382446289062,160.9453582763672,169.3076934814453,171.3262481689453],""confidence"":0.5901872515678406},{""bbox"":[157.4353485107422,159.53164672851562,171.0415802001953,173.3553009033203],""confidence"":0.1579042375087738},{""bbox"":[153.36099243164062,137.43104553222656,168.39173889160156,152.35400390625],""confidence"":0.014830157160758972},{""bbox"":[154.07244873046875,137.6455535888672,163.42782592773438,145.9188995361328],""confidence"":0.0035418386105448008},{""bbox"":[162.39166259765625,186.85401916503906,171.6656494140625,195.28274536132812],""confidence"":0.003105230163782835},{""bbox"":[154.87379455566406,134.17514038085938,167.64889526367188,147.5597381591797],""confidence"":0.0028469122480601072},{""bbox"":[162.43043518066406,162.31077575683594,171.72560119628906,170.52149963378906],""confidence"":0.002755620749667287},{""bbox"":[162.35574340820312,159.52137756347656,172.0126495361328,168.8621063232422],""confidence"":0.002067169174551964},{""bbox"":[159.4524688720703,185.8421630859375,171.3126983642578,198.47091674804688],""confidence"":0.0018146832007914782},{""bbox"":[162.63987731933594,171.43972778320312,171.8770751953125,179.81260681152344],""confidence"":0.0018031569197773933},{""bbox"":[154.14471435546875,145.11363220214844,163.30667114257812,153.98716735839844],""confidence"":0.0016064797528088093},{""bbox"":[160.29278564453125,186.97738647460938,175.55303955078125,202.05947875976562],""confidence"":0.0015647195978090167},{""bbox"":[157.18267822265625,138.76522827148438,169.04129028320312,149.40518188476562],""confidence"":0.0014874032931402326}]",15,0.001
002_20200623_163023(3),2,316,332,"[[149.0,129.0,159.0,144.0],[155.00000000000003,149.0,167.0,164.0],[163.0,172.99999999999997,174.99999999999997,187.0]]","[{""bbox"":[162.61679077148438,175.44454956054688,173.4315185546875,186.68934631347656],""confidence"":0.5868157148361206},{""bbox"":[146.84861755371094,129.64637756347656,158.59780883789062,141.09768676757812],""confidence"":0.5846659541130066},{""bbox"":[154.74632263183594,151.3215789794922,165.17755126953125,162.1280059814453],""confidence"":0.5613077878952026},{""bbox"":[162.21180725097656,174.21780395507812,175.31265258789062,187.54339599609375],""confidence"":0.2427479475736618},{""bbox"":[154.28952026367188,149.8477325439453,166.85894775390625,162.73805236816406],""confidence"":0.14590656757354736},{""bbox"":[160.4263153076172,174.99105834960938,174.64236450195312,189.60838317871094],""confidence"":0.020960649475455284},{""bbox"":[145.39537048339844,129.37411499023438,159.17169189453125,144.0233612060547],""confidence"":0.018609004095196724},{""bbox"":[159.64247131347656,175.9345245361328,171.60398864746094,187.8606414794922],""confidence"":0.00506875105202198},{""bbox"":[154.06407165527344,153.46827697753906,163.04983520507812,161.9239044189453],""confidence"":0.00317401927895844},{""bbox"":[162.37152099609375,178.4232940673828,170.9473876953125,186.75442504882812],""confidence"":0.003054781584069133},{""bbox"":[162.63113403320312,171.51185607910156,174.60537719726562,184.3914337158203],""confidence"":0.002585597336292267},{""bbox"":[145.78683471679688,130.31698608398438,155.20228576660156,138.1660919189453],""confidence"":0.0019584898836910725},{""bbox"":[151.3668212890625,151.4172821044922,163.07684326171875,163.19186401367188],""confidence"":0.0011600643629208207},{""bbox"":[162.41123962402344,161.48324584960938,171.96682739257812,171.8196563720703],""confidence"":0.0011125198798254132},{""bbox"":[154.1054229736328,160.93551635742188,163.1212615966797,170.49087524414062],""confidence"":0.0010942874941974878}]",15,0.001
002_20200623_163026(3),2,316,332,"[[157.0,127.00000000000001,169.0,141.0],[159.0,151.0,169.0,160.0],[160.0,177.00000000000003,175.00000000000003,187.0]]","[{""bbox"":[161.17259216308594,177.00241088867188,171.65682983398438,187.20233154296875],""confidence"":0.6880321502685547},{""bbox"":[157.07467651367188,127.8604507446289,167.93385314941406,138.69296264648438],""confidence"":0.6669337749481201},{""bbox"":[158.67518615722656,151.30194091796875,168.69627380371094,161.6082305908203],""confidence"":0.6034083962440491},{""bbox"":[160.45272827148438,175.69923400878906,172.46890258789062,188.77230834960938],""confidence"":0.10920820385217667},{""bbox"":[156.2240753173828,125.76344299316406,169.0940399169922,139.19125366210938],""confidence"":0.026506999507546425},{""bbox"":[156.8406982421875,149.86392211914062,170.92945861816406,164.67501831054688],""confidence"":0.02029420994222164},{""bbox"":[155.28822326660156,127.21185302734375,167.490478515625,140.11180114746094],""confidence"":0.009365896694362164},{""bbox"":[159.1058807373047,175.43505859375,170.18560791015625,188.0580596923828],""confidence"":0.00689808651804924},{""bbox"":[161.67344665527344,178.11602783203125,173.48187255859375,189.68360900878906],""confidence"":0.006067969370633364},{""bbox"":[154.3529510498047,128.91348266601562,169.85836791992188,144.10345458984375],""confidence"":0.0027024082373827696},{""bbox"":[162.4601287841797,154.3418426513672,171.82435607910156,162.30755615234375],""confidence"":0.002680172212421894},{""bbox"":[162.36451721191406,152.68820190429688,171.93333435058594,161.1143341064453],""confidence"":0.002541719004511833},{""bbox"":[162.36923217773438,178.4033660888672,170.97007751464844,186.75503540039062],""confidence"":0.0024388465099036694},{""bbox"":[162.6029510498047,163.3889617919922,171.96331787109375,172.17491149902344],""confidence"":0.0023921371903270483},{""bbox"":[155.4232177734375,150.7229461669922,167.5911102294922,163.29820251464844],""confidence"":0.001608791179023683}]",15,0.001
002_20200623_163029(6),2,316,332,"[[150.0,114.0,159.0,126.0],[149.0,139.0,161.00000000000003,148.0],[150.0,172.0,161.00000000000003,180.99999999999997]]","[{""bbox"":[149.92471313476562,115.3713607788086,160.01544189453125,125.44985961914062],""confidence"":0.6354749798774719},{""bbox"":[150.10549926757812,139.0946044921875,159.98631286621094,149.0654754638672],""confidence"":0.6194502115249634},{""bbox"":[149.56529235839844,170.9612274169922,159.71888732910156,181.13311767578125],""confidence"":0.6188114881515503},{""bbox"":[148.71160888671875,113.43165588378906,160.87095642089844,126.50057983398438],""confidence"":0.03255750983953476},{""bbox"":[147.87326049804688,137.2537078857422,162.5401153564453,152.41128540039062],""confidence"":0.018849579617381096},{""bbox"":[147.1528778076172,115.36680603027344,158.1408233642578,125.77839660644531],""confidence"":0.010985564440488815},{""bbox"":[150.14610290527344,115.51187896728516,161.6948699951172,127.540771484375],""confidence"":0.010312080383300781},{""bbox"":[148.34909057617188,171.17135620117188,162.08013916015625,185.2853546142578],""confidence"":0.0021394446957856417},{""bbox"":[147.16653442382812,138.2318572998047,159.1868133544922,150.25198364257812],""confidence"":0.0018444291781634092},{""bbox"":[148.70999145507812,166.85971069335938,160.289794921875,179.8211669921875],""confidence"":0.0016857536975294352}]",10,0.001
002_20200623_163032(5),2,316,332,"[[147.0,160.0,157.0,170.0],[154.0,183.0,160.99999999999997,191.00000000000003],[162.00000000000003,213.00000000000003,173.0,222.0]]","[{""bbox"":[162.05929565429688,212.671630859375,172.27210998535156,222.99087524414062],""confidence"":0.6244487166404724},{""bbox"":[152.4379119873047,182.7749481201172,163.02659606933594,193.16964721679688],""confidence"":0.603473424911499},{""bbox"":[145.9655303955078,161.21017456054688,155.79461669921875,171.1519775390625],""confidence"":0.5868746638298035},{""bbox"":[144.70266723632812,161.8939971923828,155.27621459960938,172.95042419433594],""confidence"":0.07021725922822952},{""bbox"":[161.83045959472656,211.5139923095703,173.9661102294922,224.0761260986328],""confidence"":0.06887267529964447},{""bbox"":[143.0386505126953,161.7991180419922,153.4836883544922,171.9855499267578],""confidence"":0.00795583613216877},{""bbox"":[159.44284057617188,211.9761962890625,170.3743896484375,223.57177734375],""confidence"":0.005772000644356012},{""bbox"":[153.4790802001953,183.79266357421875,165.04263305664062,194.5701446533203],""confidence"":0.0053679426200687885},{""bbox"":[149.92898559570312,182.85504150390625,165.1457977294922,198.16822814941406],""confidence"":0.004412734881043434},{""bbox"":[160.9336700439453,212.9503631591797,173.99595642089844,226.54151916503906],""confidence"":0.0038424180820584297},{""bbox"":[161.476806640625,208.83309936523438,173.7426300048828,222.0283660888672],""confidence"":0.0034725365694612265},{""bbox"":[162.37466430664062,211.64747619628906,171.30223083496094,220.02833557128906],""confidence"":0.0034074990544468164},{""bbox"":[154.07691955566406,186.7061004638672,163.08335876464844,195.15077209472656],""confidence"":0.002720827469602227},{""bbox"":[162.327880859375,209.4681396484375,172.00796508789062,219.4474334716797],""confidence"":0.0022602041717618704},{""bbox"":[147.09083557128906,159.02574157714844,157.6732177734375,170.86585998535156],""confidence"":0.002090051770210266}]",15,0.001
002_20200623_163035(5),2,316,332,"[[154.0,117.0,164.0,126.0],[154.0,141.0,164.0,149.0],[154.0,171.00000000000003,165.0,181.0]]","[{""bbox"":[153.6074981689453,139.6458282470703,163.53884887695312,149.49903869628906],""confidence"":0.6346229314804077},{""bbox"":[152.97042846679688,115.8453140258789,163.17803955078125,125.9581527709961],""confidence"":0.6167126893997192},{""bbox"":[154.12100219726562,171.6309051513672,164.2796173095703,181.97215270996094],""confidence"":0.6119508147239685},{""bbox"":[151.60389709472656,137.84007263183594,165.83120727539062,152.55538940429688],""confidence"":0.03794410824775696},{""bbox"":[151.3049774169922,138.9485321044922,163.04283142089844,150.5204315185547],""confidence"":0.021539343520998955},{""bbox"":[150.9235076904297,115.36651611328125,162.5823516845703,127.51512908935547],""confidence"":0.02137700654566288},{""bbox"":[153.9451446533203,115.9784164428711,165.04647827148438,127.0934829711914],""confidence"":0.010318322107195854},{""bbox"":[152.0218505859375,113.37590789794922,164.30474853515625,126.56075286865234],""confidence"":0.008228388614952564},{""bbox"":[152.3377227783203,170.6549835205078,166.4542236328125,185.33560180664062],""confidence"":0.0065005142241716385},{""bbox"":[154.04595947265625,170.18704223632812,163.11996459960938,178.68199157714844],""confidence"":0.0028691128827631474},{""bbox"":[154.04298400878906,138.04898071289062,163.26210021972656,146.8295135498047],""confidence"":0.0025616686325520277},{""bbox"":[154.05332946777344,117.81047821044922,163.57244873046875,125.83370971679688],""confidence"":0.002226982032880187},{""bbox"":[154.09909057617188,120.48578643798828,163.21311950683594,128.90850830078125],""confidence"":0.0020965831354260445},{""bbox"":[155.0653076171875,138.5109405517578,165.1290740966797,150.0991668701172],""confidence"":0.002095209900289774},{""bbox"":[154.06932067871094,134.07740783691406,163.5626983642578,143.11683654785156],""confidence"":0.0018054008251056075},{""bbox"":[153.19497680664062,167.01214599609375,165.8491973876953,180.4096221923828],""confidence"":0.0016781912418082356}]",16,0.001
002_20200623_163039(5),2,352,332,"[[206.00000000000003,143.0,213.0,154.0],[213.00000000000003,190.0,220.0,198.99999999999997],[209.0,166.0,218.00000000000003,174.00000000000003]]","[{""bbox"":[211.25546264648438,191.88343811035156,220.5103302001953,201.18905639648438],""confidence"":0.6445000171661377},{""bbox"":[205.24745178222656,142.59527587890625,214.2701873779297,151.85702514648438],""confidence"":0.6240228414535522},{""bbox"":[207.82049560546875,165.96836853027344,217.01449584960938,175.28565979003906],""confidence"":0.6222031116485596},{""bbox"":[204.45091247558594,141.2959442138672,214.9222869873047,152.70188903808594],""confidence"":0.12630440294742584},{""bbox"":[206.51332092285156,166.03506469726562,217.84828186035156,177.5611572265625],""confidence"":0.03544778749346733},{""bbox"":[212.69273376464844,191.57505798339844,222.48974609375,200.9200897216797],""confidence"":0.014007234945893288},{""bbox"":[208.69935607910156,191.7952880859375,218.3984832763672,201.40899658203125],""confidence"":0.008168532513082027},{""bbox"":[208.09756469726562,163.64236450195312,217.44749450683594,174.14083862304688],""confidence"":0.007169777061790228},{""bbox"":[210.4509735107422,193.3692169189453,221.00254821777344,203.8157958984375],""confidence"":0.005933540873229504},{""bbox"":[204.06967163085938,142.76300048828125,216.3837890625,155.64620971679688],""confidence"":0.0035065445117652416},{""bbox"":[206.9847412109375,145.5505828857422,216.9425048828125,153.46798706054688],""confidence"":0.0027302317321300507},{""bbox"":[206.8764190673828,166.40658569335938,216.8185577392578,173.4411163330078],""confidence"":0.0020273071713745594},{""bbox"":[206.9843292236328,158.70872497558594,217.20008850097656,165.77191162109375],""confidence"":0.0016109294956550002},{""bbox"":[206.85084533691406,143.7308349609375,216.9915313720703,151.9137725830078],""confidence"":0.0014655070845037699}]",14,0.001
002_20200623_163043(7),2,352,332,"[[201.0,136.0,207.99999999999997,146.0],[203.0,159.0,212.0,168.0],[206.0,182.00000000000003,215.0,192.0]]","[{""bbox"":[202.2738037109375,159.1153106689453,211.70986938476562,168.4344940185547],""confidence"":0.6489153504371643},{""bbox"":[206.22601318359375,185.47169494628906,215.37574768066406,194.52621459960938],""confidence"":0.6337740421295166},{""bbox"":[199.53921508789062,136.1546173095703,208.81878662109375,145.60861206054688],""confidence"":0.6063759922981262},{""bbox"":[204.22018432617188,185.35752868652344,214.23419189453125,194.90594482421875],""confidence"":0.025197962298989296},{""bbox"":[202.9425506591797,158.7703094482422,213.73080444335938,169.0922393798828],""confidence"":0.013068010099232197},{""bbox"":[198.1202850341797,135.57225036621094,207.98355102539062,144.33474731445312],""confidence"":0.0034441917669028044},{""bbox"":[199.8671112060547,158.77423095703125,210.28018188476562,168.71209716796875],""confidence"":0.0031887630466371775},{""bbox"":[207.80882263183594,185.1193084716797,218.03350830078125,194.6828155517578],""confidence"":0.0027650962583720684},{""bbox"":[199.34445190429688,132.71514892578125,210.31491088867188,145.39431762695312],""confidence"":0.0016743377782404423},{""bbox"":[206.91664123535156,189.044189453125,216.84231567382812,197.42323303222656],""confidence"":0.0014146583853289485},{""bbox"":[198.24630737304688,144.6265869140625,208.0974884033203,153.48446655273438],""confidence"":0.0012519528390839696}]",11,0.001
002_20200623_163047(6),2,352,332,"[[207.99999999999997,137.0,217.0,147.0],[212.0,158.0,218.99999999999997,166.99999999999997],[217.99999999999997,184.99999999999997,224.0,192.0]]","[{""bbox"":[206.72779846191406,136.63998413085938,216.17306518554688,146.0220184326172],""confidence"":0.6412222981452942},{""bbox"":[210.74334716796875,159.348876953125,220.20335388183594,168.6740264892578],""confidence"":0.6344407200813293},{""bbox"":[215.4768524169922,185.4053955078125,224.34738159179688,194.25863647460938],""confidence"":0.6209390759468079},{""bbox"":[213.10557556152344,185.43011474609375,223.01905822753906,194.7780303955078],""confidence"":0.014731762930750847},{""bbox"":[216.78997802734375,184.94602966308594,226.80783081054688,194.2860870361328],""confidence"":0.01125058438628912},{""bbox"":[204.14987182617188,135.81344604492188,213.91653442382812,145.90452575683594],""confidence"":0.010664050467312336},{""bbox"":[207.9097442626953,137.5366973876953,218.05352783203125,146.98081970214844],""confidence"":0.010639834217727184},{""bbox"":[208.6419219970703,159.17572021484375,218.66827392578125,168.73382568359375],""confidence"":0.009247854351997375},{""bbox"":[211.74630737304688,158.91250610351562,222.5336151123047,169.30661010742188],""confidence"":0.00367133691906929},{""bbox"":[206.8804168701172,135.4376983642578,216.66859436035156,144.28086853027344],""confidence"":0.0035227155312895775},{""bbox"":[215.67385864257812,188.2469482421875,225.38099670410156,197.074951171875],""confidence"":0.0023505431599915028},{""bbox"":[208.90115356445312,160.86920166015625,221.58795166015625,173.09146118164062],""confidence"":0.0013946752296760678},{""bbox"":[207.000244140625,144.36550903320312,216.78321838378906,153.3677978515625],""confidence"":0.0013890715781599283}]",13,0.001
002_20200623_163051(7),2,352,332,"[[181.0,131.0,188.99999999999997,139.0],[188.99999999999997,151.0,195.0,161.0],[200.00000000000003,181.0,206.99999999999997,189.99999999999997]]","[{""bbox"":[198.5077362060547,180.32745361328125,207.8077850341797,189.6565399169922],""confidence"":0.6488684415817261},{""bbox"":[179.1358642578125,129.91465759277344,189.62652587890625,140.28668212890625],""confidence"":0.6332700848579407},{""bbox"":[187.34500122070312,151.6626739501953,196.19830322265625,160.66610717773438],""confidence"":0.5678600668907166},{""bbox"":[177.8224334716797,130.74522399902344,187.40147399902344,140.38519287109375],""confidence"":0.04708786681294441},{""bbox"":[198.6177520751953,179.2550048828125,209.80535888671875,190.74562072753906],""confidence"":0.024194559082388878},{""bbox"":[177.9036102294922,130.99215698242188,189.4548797607422,142.37135314941406],""confidence"":0.01672798953950405},{""bbox"":[186.1111602783203,150.38331604003906,195.32513427734375,160.14305114746094],""confidence"":0.014107178896665573},{""bbox"":[180.26043701171875,128.81358337402344,191.8949737548828,140.66273498535156],""confidence"":0.005412477534264326},{""bbox"":[195.4488983154297,180.6959228515625,205.098876953125,189.7576904296875],""confidence"":0.0053350310772657394},{""bbox"":[185.5928497314453,151.3008575439453,197.9490509033203,164.31887817382812],""confidence"":0.004292638506740332},{""bbox"":[180.5013427734375,129.67308044433594,190.53408813476562,136.64405822753906],""confidence"":0.002671173308044672},{""bbox"":[197.9834442138672,177.5779571533203,208.20201110839844,187.3184051513672],""confidence"":0.0012014684034511447}]",12,0.001
002_20200623_163055(6),2,352,332,"[[201.0,143.99999999999997,207.99999999999997,154.0],[200.00000000000003,169.99999999999997,208.0,178.0],[201.0,201.0,207.00000000000003,209.00000000000003]]","[{""bbox"":[200.28677368164062,200.28932189941406,209.36976623535156,209.6927947998047],""confidence"":0.6430174112319946},{""bbox"":[201.06008911132812,144.49749755859375,210.18919372558594,153.723388671875],""confidence"":0.6054208874702454},{""bbox"":[200.7598419189453,168.77435302734375,209.57823181152344,177.75982666015625],""confidence"":0.6033257842063904},{""bbox"":[200.19056701660156,144.94239807128906,210.73019409179688,155.57252502441406],""confidence"":0.038697436451911926},{""bbox"":[199.15109252929688,200.548095703125,210.9852294921875,212.66421508789062],""confidence"":0.002937176963314414},{""bbox"":[200.71299743652344,141.5753173828125,211.4312744140625,153.9867401123047],""confidence"":0.0028979226481169462},{""bbox"":[198.22161865234375,146.78121948242188,208.24822998046875,153.81829833984375],""confidence"":0.0023234167601913214},{""bbox"":[198.05923461914062,169.34716796875,208.1651153564453,177.34791564941406],""confidence"":0.002074037678539753},{""bbox"":[198.08677673339844,199.16925048828125,208.0478057861328,206.71697998046875],""confidence"":0.0017424062825739384},{""bbox"":[198.1616668701172,172.7437286376953,208.14395141601562,180.16009521484375],""confidence"":0.0013966185506433249},{""bbox"":[198.95645141601562,169.09425354003906,211.69654846191406,181.94842529296875],""confidence"":0.001261059776879847},{""bbox"":[198.38265991210938,157.3817596435547,208.44224548339844,164.0285186767578],""confidence"":0.0012604995863512158}]",12,0.001
002_20200623_163059(6),2,352,332,"[[192.0,153.0,199.99999999999997,161.0],[195.0,174.0,203.0,186.0],[202.0,207.0,211.99999999999997,215.00000000000003]]","[{""bbox"":[202.01498413085938,205.5546112060547,211.56068420410156,215.1338653564453],""confidence"":0.6575970649719238},{""bbox"":[189.04783630371094,152.35614013671875,198.65484619140625,161.87875366210938],""confidence"":0.6337097883224487},{""bbox"":[194.07974243164062,174.8783416748047,203.64096069335938,184.5401611328125],""confidence"":0.6125430464744568},{""bbox"":[193.52218627929688,175.58834838867188,204.34043884277344,186.38478088378906],""confidence"":0.09711778163909912},{""bbox"":[201.2942657470703,207.16819763183594,211.55520629882812,217.03314208984375],""confidence"":0.06087341532111168},{""bbox"":[188.33680725097656,150.273193359375,199.3997039794922,162.70411682128906],""confidence"":0.023318331688642502},{""bbox"":[199.8402099609375,205.71632385253906,209.6859588623047,215.58966064453125],""confidence"":0.01933007501065731},{""bbox"":[187.30886840820312,153.03086853027344,199.02517700195312,164.275634765625],""confidence"":0.015162551775574684},{""bbox"":[203.09397888183594,205.20506286621094,213.68309020996094,215.2151641845703],""confidence"":0.015051786787807941},{""bbox"":[186.71035766601562,152.38340759277344,196.334716796875,161.9325408935547],""confidence"":0.011783970519900322},{""bbox"":[191.17752075195312,175.3260040283203,200.34376525878906,184.19972229003906],""confidence"":0.004066320136189461},{""bbox"":[194.33547973632812,172.4853973388672,204.2393341064453,183.7549591064453],""confidence"":0.00226927874609828},{""bbox"":[189.3045654296875,161.13345336914062,198.90573120117188,170.72216796875],""confidence"":0.0010620057582855225}]",13,0.001
002_20200623_203040(4),2,352,332,"[[192.0,178.0,199.99999999999997,187.99999999999997],[198.0,204.0,207.00000000000003,208.99999999999997],[204.0,233.00000000000003,210.99999999999997,242.0]]","[{""bbox"":[202.55764770507812,232.79209899902344,211.8316192626953,242.07838439941406],""confidence"":0.6549012064933777},{""bbox"":[192.0651092529297,179.1859893798828,201.24282836914062,188.46018981933594],""confidence"":0.6278995275497437},{""bbox"":[196.38568115234375,201.33441162109375,206.4119110107422,211.3165283203125],""confidence"":0.5940380096435547},{""bbox"":[191.34695434570312,179.5587158203125,202.09742736816406,190.75564575195312],""confidence"":0.02927948534488678},{""bbox"":[195.11337280273438,202.12173461914062,206.1168670654297,213.23019409179688],""confidence"":0.018074946478009224},{""bbox"":[203.23681640625,232.64752197265625,213.78497314453125,243.10020446777344],""confidence"":0.016272788867354393},{""bbox"":[199.8748016357422,232.5654754638672,209.40147399902344,242.12442016601562],""confidence"":0.005284250248223543},{""bbox"":[192.284423828125,176.7832794189453,202.3385009765625,188.40048217773438],""confidence"":0.004439198412001133},{""bbox"":[189.29412841796875,179.8259735107422,199.2898712158203,188.48695373535156],""confidence"":0.0026435982435941696},{""bbox"":[194.90081787109375,179.02125549316406,204.92543029785156,188.41302490234375],""confidence"":0.0012873250525444746},{""bbox"":[202.17613220214844,229.64039611816406,212.11688232421875,240.95379638671875],""confidence"":0.0012433064403012395},{""bbox"":[196.5314483642578,198.82850646972656,206.60166931152344,210.31556701660156],""confidence"":0.0012088888324797153}]",12,0.001
002_20200623_203044(0),2,352,332,"[[190.0,144.0,198.0,153.0],[191.0,167.0,200.00000000000003,177.0],[192.99999999999997,198.0,202.0,208.99999999999997]]","[{""bbox"":[194.34715270996094,199.75587463378906,203.88255310058594,209.41404724121094],""confidence"":0.655678391456604},{""bbox"":[189.89358520507812,144.3408660888672,198.99851989746094,153.50462341308594],""confidence"":0.6296069025993347},{""bbox"":[191.71783447265625,167.9545440673828,200.6180419921875,176.89761352539062],""confidence"":0.5581104159355164},{""bbox"":[190.93359375,144.84304809570312,200.53602600097656,154.08099365234375],""confidence"":0.06397879868745804},{""bbox"":[188.75,144.4539031982422,199.9689483642578,155.58795166015625],""confidence"":0.045092999935150146},{""bbox"":[189.22373962402344,166.4213409423828,199.12330627441406,175.42041015625],""confidence"":0.0032021987717598677},{""bbox"":[189.1626739501953,141.59713745117188,199.47080993652344,153.65577697753906],""confidence"":0.002912286203354597},{""bbox"":[189.27842712402344,170.51336669921875,198.84312438964844,179.38365173339844],""confidence"":0.0028292883653193712},{""bbox"":[192.70559692382812,200.7118377685547,205.1851348876953,212.62570190429688],""confidence"":0.0026524311397224665},{""bbox"":[189.38192749023438,152.89598083496094,199.2665557861328,162.3167724609375],""confidence"":0.0026016379706561565},{""bbox"":[186.65121459960938,144.20347595214844,195.89366149902344,153.3120880126953],""confidence"":0.0023904682602733374}]",11,0.001
002_20200623_203047(7),2,352,332,"[[184.0,145.0,193.0,156.0],[190.0,167.0,199.00000000000003,178.0],[198.0,197.00000000000003,206.0,209.00000000000003]]","[{""bbox"":[188.76808166503906,169.08676147460938,198.0550079345703,178.3070526123047],""confidence"":0.6146479249000549},{""bbox"":[195.99057006835938,199.40614318847656,206.11367797851562,209.41372680664062],""confidence"":0.5982455015182495},{""bbox"":[183.33554077148438,146.73126220703125,193.0260009765625,156.2932891845703],""confidence"":0.596519947052002},{""bbox"":[182.08837890625,147.33343505859375,191.6812744140625,156.77911376953125],""confidence"":0.11428673565387726},{""bbox"":[186.72447204589844,169.27197265625,196.25103759765625,178.39276123046875],""confidence"":0.024991106241941452},{""bbox"":[190.23057556152344,168.9339141845703,200.48446655273438,178.59385681152344],""confidence"":0.005708756390959024},{""bbox"":[187.4581298828125,169.12156677246094,199.4130401611328,181.97727966308594],""confidence"":0.004831555765122175},{""bbox"":[181.7666473388672,147.01400756835938,194.15499877929688,159.99761962890625],""confidence"":0.004158863332122564},{""bbox"":[194.39012145996094,199.38787841796875,207.22109985351562,212.7503204345703],""confidence"":0.003565032035112381},{""bbox"":[189.22891235351562,170.4665069580078,198.8497772216797,179.43011474609375],""confidence"":0.0027007381431758404},{""bbox"":[180.51992797851562,147.7957763671875,190.56109619140625,154.38552856445312],""confidence"":0.002395014511421323},{""bbox"":[189.1787872314453,163.3970489501953,199.25328063964844,175.15968322753906],""confidence"":0.0020398234482854605},{""bbox"":[186.40713500976562,167.89398193359375,195.35940551757812,177.28265380859375],""confidence"":0.0016607053112238646},{""bbox"":[185.2901153564453,146.32469177246094,196.0940704345703,156.6942901611328],""confidence"":0.0016367587959393859},{""bbox"":[198.03756713867188,198.1771697998047,208.0294189453125,206.63653564453125],""confidence"":0.001265444210730493}]",15,0.001
002_20200623_203051(2),2,352,332,"[[192.0,133.0,203.0,142.0],[195.99999999999997,153.0,205.0,166.0],[200.00000000000003,187.0,208.0,196.99999999999997]]","[{""bbox"":[199.58287048339844,187.7101287841797,208.82362365722656,197.1545867919922],""confidence"":0.6391661167144775},{""bbox"":[194.81846618652344,155.46875,203.7835693359375,164.54666137695312],""confidence"":0.5913211107254028},{""bbox"":[191.55516052246094,132.91412353515625,200.49305725097656,141.96072387695312],""confidence"":0.5640271902084351},{""bbox"":[199.20272827148438,185.53993225097656,209.65846252441406,197.82228088378906],""confidence"":0.018898267298936844},{""bbox"":[198.1398162841797,187.6530303955078,209.808349609375,199.4632568359375],""confidence"":0.008756395429372787},{""bbox"":[189.23025512695312,134.60574340820312,199.5206298828125,142.9452667236328],""confidence"":0.0033317001070827246},{""bbox"":[191.67237854003906,155.0465087890625,205.9477081298828,168.75119018554688],""confidence"":0.0019032194977626204},{""bbox"":[188.6873016357422,133.22775268554688,202.58895874023438,146.85284423828125],""confidence"":0.0015316170174628496},{""bbox"":[191.14035034179688,154.78524780273438,201.3275604248047,164.4044647216797],""confidence"":0.00118879578076303},{""bbox"":[195.4125518798828,187.01832580566406,205.22889709472656,196.8151397705078],""confidence"":0.001035568187944591}]",10,0.001
002_20200623_203054(7),2,352,332,"[[181.0,143.0,190.0,154.0],[189.00000000000003,164.0,197.0,175.0],[198.0,193.99999999999997,207.00000000000003,208.0]]","[{""bbox"":[197.59767150878906,196.53025817871094,207.33090209960938,206.1004638671875],""confidence"":0.6442843675613403},{""bbox"":[181.4786834716797,144.45590209960938,190.78451538085938,153.89512634277344],""confidence"":0.6224205493927002},{""bbox"":[188.00552368164062,166.89039611816406,197.12452697753906,176.08241271972656],""confidence"":0.5848939418792725},{""bbox"":[180.5724639892578,145.53785705566406,190.66729736328125,155.77825927734375],""confidence"":0.06307124346494675},{""bbox"":[186.644775390625,167.13575744628906,195.41888427734375,175.7711944580078],""confidence"":0.06298484653234482},{""bbox"":[195.4871063232422,196.72137451171875,205.1614532470703,206.248291015625],""confidence"":0.025066228583455086},{""bbox"":[197.10369873046875,194.28407287597656,207.99661254882812,206.61866760253906],""confidence"":0.016976546496152878},{""bbox"":[196.70114135742188,196.9834442138672,207.86219787597656,208.33998107910156],""confidence"":0.01535214576870203},{""bbox"":[198.9554901123047,195.99037170410156,209.21588134765625,205.4824676513672],""confidence"":0.011668513529002666},{""bbox"":[186.30152893066406,167.3688507080078,196.72164916992188,177.92762756347656],""confidence"":0.004823912866413593},{""bbox"":[181.5795135498047,141.54769897460938,192.08319091796875,153.80453491210938],""confidence"":0.002552744932472706},{""bbox"":[177.86900329589844,145.2571563720703,187.33985900878906,154.19757080078125],""confidence"":0.0015375401126220822}]",12,0.001
002_20200623_203058(3),2,352,332,"[[195.0,145.0,204.0,155.0],[198.0,167.0,210.00000000000003,177.0],[209.0,198.0,217.0,210.0]]","[{""bbox"":[206.67584228515625,199.7182159423828,216.07398986816406,209.11366271972656],""confidence"":0.6488312482833862},{""bbox"":[195.03616333007812,146.07333374023438,204.30560302734375,155.47703552246094],""confidence"":0.6247045993804932},{""bbox"":[199.98806762695312,168.7308349609375,208.95558166503906,177.8733367919922],""confidence"":0.5537949800491333},{""bbox"":[204.27061462402344,199.51031494140625,214.50772094726562,209.37796020507812],""confidence"":0.01505501102656126},{""bbox"":[198.04965209960938,170.46917724609375,207.61610412597656,179.37303161621094],""confidence"":0.003207300091162324},{""bbox"":[197.03982543945312,168.2606964111328,210.88388061523438,181.9530487060547],""confidence"":0.0025109187699854374},{""bbox"":[206.84396362304688,197.6641387939453,216.73158264160156,206.27017211914062],""confidence"":0.0024842952843755484},{""bbox"":[207.99069213867188,198.3603515625,218.32037353515625,209.77781677246094],""confidence"":0.0020034334156662226},{""bbox"":[192.7559814453125,146.96212768554688,206.24234008789062,160.0600128173828],""confidence"":0.001965341391041875},{""bbox"":[204.17266845703125,200.76885986328125,217.18898010253906,212.65512084960938],""confidence"":0.0018688784912228584},{""bbox"":[198.21514892578125,158.26803588867188,208.36993408203125,164.84498596191406],""confidence"":0.0013112175511196256}]",11,0.001
002_20200624_003115(6),2,316,332,"[[153.0,143.99999999999997,165.0,154.0],[155.00000000000003,169.0,167.0,178.99999999999997],[157.0,199.0,167.99999999999997,211.0]]","[{""bbox"":[157.4801483154297,199.62289428710938,167.87698364257812,209.96316528320312],""confidence"":0.6515969038009644},{""bbox"":[153.3610076904297,144.57537841796875,163.663818359375,154.65213012695312],""confidence"":0.6370241641998291},{""bbox"":[155.0897979736328,168.07261657714844,164.65203857421875,178.01881408691406],""confidence"":0.5762928128242493},{""bbox"":[152.18701171875,143.96360778808594,164.35699462890625,156.43760681152344],""confidence"":0.09578576683998108},{""bbox"":[152.79164123535156,166.27452087402344,167.3135986328125,181.43458557128906],""confidence"":0.014635632745921612},{""bbox"":[157.05580139160156,196.4440155029297,168.89102172851562,209.5428924560547],""confidence"":0.006422008387744427},{""bbox"":[155.32843017578125,198.51870727539062,166.92991638183594,210.86965942382812],""confidence"":0.004569498356431723},{""bbox"":[154.02822875976562,165.9261016845703,163.26937866210938,177.0061798095703],""confidence"":0.0025189656298607588},{""bbox"":[154.03854370117188,170.08404541015625,163.13807678222656,178.6131591796875],""confidence"":0.00211299117654562},{""bbox"":[154.09620666503906,152.85182189941406,162.8682861328125,162.018798828125],""confidence"":0.0020832365844398737},{""bbox"":[155.2612762451172,199.904052734375,169.730224609375,214.2989959716797],""confidence"":0.002068933565169573}]",11,0.001
002_20200624_003118(6),2,316,332,"[[145.0,140.0,156.0,149.0],[146.0,164.0,160.0,174.0],[148.0,196.0,160.0,208.0]]","[{""bbox"":[148.1064910888672,196.29942321777344,158.5983123779297,206.4320068359375],""confidence"":0.6534297466278076},{""bbox"":[145.35031127929688,141.0312042236328,155.33798217773438,151.0388946533203],""confidence"":0.6173339486122131},{""bbox"":[146.57150268554688,164.23397827148438,156.05999755859375,173.9932098388672],""confidence"":0.6010034680366516},{""bbox"":[144.8940887451172,162.79583740234375,159.20828247070312,177.40582275390625],""confidence"":0.021688848733901978},{""bbox"":[143.04783630371094,141.31710815429688,154.20187377929688,151.9459686279297],""confidence"":0.018054921180009842},{""bbox"":[145.9695587158203,141.67564392089844,157.03585815429688,152.6536865234375],""confidence"":0.01776372455060482},{""bbox"":[144.74578857421875,138.52659606933594,156.0166015625,151.2388916015625],""confidence"":0.006271370220929384},{""bbox"":[147.49261474609375,192.3233642578125,159.4378662109375,205.46755981445312],""confidence"":0.0031718944665044546},{""bbox"":[145.75079345703125,161.95066833496094,154.65304565429688,170.52410888671875],""confidence"":0.0029892639722675085},{""bbox"":[145.7964324951172,145.14146423339844,154.65354919433594,153.60177612304688],""confidence"":0.0029494180344045162},{""bbox"":[146.26385498046875,196.41064453125,159.8965606689453,210.02638244628906],""confidence"":0.0028456076979637146},{""bbox"":[149.14756774902344,196.82395935058594,160.7047576904297,207.2408905029297],""confidence"":0.002710465108975768},{""bbox"":[145.7640380859375,157.67613220214844,155.15618896484375,167.5262451171875],""confidence"":0.002477067057043314},{""bbox"":[145.7574462890625,195.2740936279297,154.9220428466797,203.81634521484375],""confidence"":0.0019721058197319508}]",14,0.001
002_20200624_003123(0),2,316,332,"[[149.0,143.99999999999997,161.00000000000003,154.0],[151.0,167.0,162.0,179.0],[152.0,200.00000000000003,166.0,210.0]]","[{""bbox"":[150.28005981445312,144.7119598388672,160.08682250976562,154.56234741210938],""confidence"":0.6178880929946899},{""bbox"":[151.7727813720703,167.9989471435547,162.11270141601562,178.2428741455078],""confidence"":0.617770791053772},{""bbox"":[154.78683471679688,199.7534942626953,164.5858612060547,209.9182586669922],""confidence"":0.5995723605155945},{""bbox"":[148.9181365966797,144.27203369140625,160.3642578125,156.4207305908203],""confidence"":0.10027740150690079},{""bbox"":[149.66070556640625,166.6752166748047,164.2443389892578,181.4896697998047],""confidence"":0.015213103964924812},{""bbox"":[147.22384643554688,144.78973388671875,158.61012268066406,155.63333129882812],""confidence"":0.005908348597586155},{""bbox"":[153.9420166015625,196.55087280273438,166.2735595703125,209.82586669921875],""confidence"":0.0042461492121219635},{""bbox"":[154.03646850585938,201.93304443359375,163.7783966064453,210.56324768066406],""confidence"":0.003507366171106696},{""bbox"":[150.7888946533203,142.60597229003906,161.38906860351562,154.88006591796875],""confidence"":0.0026504413690418005},{""bbox"":[154.0668182373047,203.2965850830078,162.7940673828125,211.6751708984375],""confidence"":0.0024769268929958344},{""bbox"":[154.02854919433594,168.64678955078125,163.5931854248047,177.63143920898438],""confidence"":0.0023752034176141024},{""bbox"":[154.0487518310547,191.28724670410156,163.6002655029297,200.977783203125],""confidence"":0.001427752198651433},{""bbox"":[152.24974060058594,199.78854370117188,167.01718139648438,214.2723846435547],""confidence"":0.0014103490393608809},{""bbox"":[154.11610412597656,147.13778686523438,163.6114044189453,154.6569366455078],""confidence"":0.0011449040612205863},{""bbox"":[154.1837615966797,158.15444946289062,163.72377014160156,165.4185333251953],""confidence"":0.0010733563685789704}]",15,0.001
002_20200624_003127(5),2,316,332,"[[149.0,144.0,159.0,156.0],[152.0,166.0,165.0,178.0],[155.0,198.0,164.0,210.0]]","[{""bbox"":[152.4561004638672,167.53024291992188,162.27264404296875,177.068603515625],""confidence"":0.6099798083305359},{""bbox"":[150.84494018554688,144.75387573242188,160.36434936523438,154.48202514648438],""confidence"":0.6065002679824829},{""bbox"":[155.00753784179688,199.5695343017578,164.71566772460938,209.68685913085938],""confidence"":0.5796483755111694},{""bbox"":[149.7635498046875,143.60487365722656,161.727783203125,156.29893493652344],""confidence"":0.08875790983438492},{""bbox"":[150.01150512695312,166.3000030517578,165.07421875,181.42486572265625],""confidence"":0.006179212126880884},{""bbox"":[154.0067901611328,196.50038146972656,166.37705993652344,209.732177734375],""confidence"":0.004285022616386414},{""bbox"":[154.05589294433594,202.30213928222656,163.77093505859375,210.4220733642578],""confidence"":0.0032306769862771034},{""bbox"":[154.11155700683594,145.55105590820312,163.4098663330078,153.8432159423828],""confidence"":0.0026091868057847023},{""bbox"":[154.050537109375,170.09915161132812,163.2012939453125,178.63966369628906],""confidence"":0.00195896252989769},{""bbox"":[147.15834045410156,143.6934051513672,158.21875,155.09292602539062],""confidence"":0.0019056693417951465},{""bbox"":[154.1840362548828,156.1153564453125,163.6548309326172,164.05604553222656],""confidence"":0.0018502699676901102},{""bbox"":[153.58004760742188,167.7808074951172,165.06837463378906,178.39859008789062],""confidence"":0.0016730782808735967}]",12,0.001
002_20200624_003132(0),2,316,332,"[[143.0,143.0,154.0,155.0],[145.0,168.0,158.0,182.00000000000003],[148.0,200.00000000000003,161.00000000000003,212.00000000000003]]","[{""bbox"":[149.46493530273438,199.5223846435547,159.49374389648438,209.46038818359375],""confidence"":0.6606181263923645},{""bbox"":[144.68565368652344,144.634033203125,154.82028198242188,154.5472412109375],""confidence"":0.6500681638717651},{""bbox"":[146.82757568359375,167.78138732910156,156.27978515625,177.5579071044922],""confidence"":0.579772412776947},{""bbox"":[143.60092163085938,143.9722137451172,155.2184295654297,156.3934783935547],""confidence"":0.08944885432720184},{""bbox"":[144.07696533203125,165.99734497070312,159.05282592773438,181.34910583496094],""confidence"":0.008118133060634136},{""bbox"":[148.94314575195312,196.52890014648438,160.7299041748047,209.603271484375],""confidence"":0.007027094252407551},{""bbox"":[147.14859008789062,198.57476806640625,158.3273162841797,210.3589630126953],""confidence"":0.004375862888991833},{""bbox"":[145.1468048095703,144.85971069335938,157.0169677734375,156.8438262939453],""confidence"":0.0027303239330649376},{""bbox"":[145.73861694335938,165.49179077148438,154.9088134765625,176.9909210205078],""confidence"":0.002718432107940316},{""bbox"":[145.76364135742188,170.09812927246094,154.46524047851562,178.468505859375],""confidence"":0.002659519901499152},{""bbox"":[145.7948760986328,152.9252166748047,154.54713439941406,161.97238159179688],""confidence"":0.0023275187704712152},{""bbox"":[142.08786010742188,141.99436950683594,152.77662658691406,154.44168090820312],""confidence"":0.00203101709485054},{""bbox"":[145.41775512695312,163.29330444335938,158.10337829589844,176.54286193847656],""confidence"":0.0010398522717878222}]",13,0.001
002_20200624_003136(5),2,316,332,"[[141.0,142.0,155.0,157.0],[144.0,165.0,157.0,180.0],[148.0,198.00000000000003,157.0,213.0]]","[{""bbox"":[144.39370727539062,167.4364776611328,154.38226318359375,177.09426879882812],""confidence"":0.6390194296836853},{""bbox"":[147.64590454101562,199.16891479492188,157.30369567871094,209.37496948242188],""confidence"":0.6386151909828186},{""bbox"":[142.25453186035156,144.50709533691406,152.0876007080078,154.53207397460938],""confidence"":0.608704686164856},{""bbox"":[141.20445251464844,143.5953826904297,153.28292846679688,156.30865478515625],""confidence"":0.09469994157552719},{""bbox"":[142.9595184326172,166.74298095703125,154.94186401367188,178.32937622070312],""confidence"":0.03470739349722862},{""bbox"":[144.95965576171875,167.58860778808594,156.7008819580078,178.34976196289062],""confidence"":0.011846940033137798},{""bbox"":[146.3236083984375,196.59573364257812,158.74476623535156,209.8657989501953],""confidence"":0.011363353580236435},{""bbox"":[141.74835205078125,166.16461181640625,156.9835205078125,181.4302520751953],""confidence"":0.007787595968693495},{""bbox"":[145.74966430664062,201.24496459960938,155.41441345214844,209.47732543945312],""confidence"":0.0037609178107231855},{""bbox"":[145.81639099121094,145.62872314453125,155.12557983398438,153.8673095703125],""confidence"":0.0027638133615255356},{""bbox"":[145.7738494873047,203.3101348876953,154.47120666503906,211.67274475097656],""confidence"":0.002707084873691201},{""bbox"":[145.76416015625,170.08367919921875,154.48077392578125,178.47149658203125],""confidence"":0.0025672647170722485},{""bbox"":[145.86642456054688,155.9818115234375,155.39608764648438,164.12835693359375],""confidence"":0.002466140314936638},{""bbox"":[145.75181579589844,189.94314575195312,155.1540985107422,200.3697509765625],""confidence"":0.001980097498744726},{""bbox"":[138.7937469482422,143.40391540527344,150.14076232910156,155.27108764648438],""confidence"":0.0016535799950361252},{""bbox"":[143.40264892578125,163.500732421875,155.395263671875,176.55795288085938],""confidence"":0.0015539719024673104}]",16,0.001
002_20200624_043128(1),2,352,332,"[[188.0,153.0,197.0,161.0],[193.0,175.0,199.99999999999997,183.00000000000003],[199.0,205.0,210.0,213.99999999999997]]","[{""bbox"":[199.16552734375,205.32862854003906,208.35997009277344,214.58721923828125],""confidence"":0.6400305032730103},{""bbox"":[191.4232940673828,174.73245239257812,200.4758758544922,184.09521484375],""confidence"":0.6022456884384155},{""bbox"":[186.8384552001953,152.1298828125,195.9224853515625,161.5009002685547],""confidence"":0.6007896065711975},{""bbox"":[186.5063934326172,150.30690002441406,196.81228637695312,162.24168395996094],""confidence"":0.04587168246507645},{""bbox"":[190.40457153320312,173.87310791015625,201.88897705078125,186.3742218017578],""confidence"":0.029390765354037285},{""bbox"":[197.98416137695312,206.10400390625,209.01571655273438,217.04983520507812],""confidence"":0.02801097370684147},{""bbox"":[198.96055603027344,203.14707946777344,209.5409393310547,215.64276123046875],""confidence"":0.00923281628638506},{""bbox"":[184.9731903076172,151.96669006347656,197.04002380371094,164.3343048095703],""confidence"":0.008667697198688984},{""bbox"":[191.64666748046875,172.38763427734375,201.35989379882812,183.48629760742188],""confidence"":0.004193658474832773},{""bbox"":[189.32025146484375,153.35916137695312,199.1588897705078,161.96913146972656],""confidence"":0.0031541381031274796},{""bbox"":[189.24061584472656,173.09088134765625,198.9944305419922,181.1376495361328],""confidence"":0.003024234203621745},{""bbox"":[190.28285217285156,172.47105407714844,199.64173889160156,182.850830078125],""confidence"":0.0030035204254090786},{""bbox"":[195.45652770996094,205.20590209960938,205.24896240234375,214.89767456054688],""confidence"":0.002379409270361066},{""bbox"":[189.33175659179688,165.61407470703125,199.46353149414062,173.1435089111328],""confidence"":0.002252783626317978}]",14,0.001
002_20200624_043132(2),2,352,332,"[[200.00000000000003,113.0,208.0,125.0],[201.0,138.0,209.0,148.00000000000003],[203.0,171.00000000000003,209.0,180.0]]","[{""bbox"":[199.47755432128906,114.83885192871094,208.5946502685547,124.03767395019531],""confidence"":0.6193472146987915},{""bbox"":[202.01116943359375,171.01690673828125,210.61129760742188,179.687255859375],""confidence"":0.6178150773048401},{""bbox"":[200.4543914794922,138.14120483398438,209.44473266601562,147.4708709716797],""confidence"":0.6103503108024597},{""bbox"":[201.3500518798828,172.23358154296875,211.23626708984375,181.7830810546875],""confidence"":0.017729148268699646},{""bbox"":[199.8157501220703,170.74273681640625,208.98756408691406,179.76605224609375],""confidence"":0.016988271847367287},{""bbox"":[198.19522094726562,118.30559539794922,207.97329711914062,126.76795196533203],""confidence"":0.0030541368760168552},{""bbox"":[198.05642700195312,116.9810791015625,208.25157165527344,124.54670715332031],""confidence"":0.002735925605520606},{""bbox"":[198.8112335205078,138.11993408203125,211.38934326171875,151.1222686767578],""confidence"":0.002697603777050972},{""bbox"":[198.06422424316406,136.7931671142578,207.85223388671875,144.9932098388672],""confidence"":0.0024193848948925734},{""bbox"":[198.12562561035156,132.18601989746094,208.28533935546875,139.50698852539062],""confidence"":0.002106207190081477},{""bbox"":[204.00428771972656,171.28880310058594,213.68453979492188,180.4626007080078],""confidence"":0.0019775209948420525},{""bbox"":[201.41305541992188,168.02272033691406,211.53343200683594,179.43048095703125],""confidence"":0.0014052230399101973}]",12,0.001
002_20200624_043136(1),2,352,332,"[[196.00000000000003,140.0,203.0,152.0],[198.0,164.0,204.0,175.0],[202.0,197.00000000000003,210.0,205.99999999999997]]","[{""bbox"":[200.82057189941406,197.02908325195312,210.009033203125,206.32460021972656],""confidence"":0.6180040240287781},{""bbox"":[197.1128692626953,165.77508544921875,206.69154357910156,175.31643676757812],""confidence"":0.6071867346763611},{""bbox"":[194.84661865234375,141.8740692138672,204.00315856933594,151.12484741210938],""confidence"":0.6019172072410583},{""bbox"":[200.429931640625,197.70828247070312,210.6969451904297,208.2703399658203],""confidence"":0.044816866517066956},{""bbox"":[195.44271850585938,165.70074462890625,205.02455139160156,175.46240234375],""confidence"":0.03993365913629532},{""bbox"":[196.4740753173828,166.29556274414062,207.33482360839844,177.5139923095703],""confidence"":0.01575520820915699},{""bbox"":[200.56382751464844,194.42233276367188,210.98153686523438,206.62411499023438],""confidence"":0.003993571735918522},{""bbox"":[198.03695678710938,197.13478088378906,207.8745880126953,205.99876403808594],""confidence"":0.002334940480068326},{""bbox"":[192.1842498779297,142.12631225585938,206.1256561279297,155.58486938476562],""confidence"":0.00217151059769094},{""bbox"":[198.90982055664062,165.57574462890625,209.32664489746094,175.4287567138672],""confidence"":0.001248747925274074},{""bbox"":[194.9687957763672,167.12091064453125,205.5811309814453,177.60414123535156],""confidence"":0.0012209760025143623}]",11,0.001
002_20200624_043136(9),2,316,332,"[[149.0,144.0,160.0,155.0],[151.0,168.00000000000003,162.0,177.0],[153.0,198.0,166.0,211.0]]","[{""bbox"":[153.8706817626953,199.68955993652344,163.95191955566406,209.86654663085938],""confidence"":0.6219484210014343},{""bbox"":[149.92477416992188,144.09873962402344,159.72744750976562,153.8773956298828],""confidence"":0.6190078258514404},{""bbox"":[151.72079467773438,168.25453186035156,160.99478149414062,178.0109100341797],""confidence"":0.5961282253265381},{""bbox"":[149.27174377441406,142.58412170410156,160.44525146484375,154.84902954101562],""confidence"":0.10165967047214508},{""bbox"":[149.2791290283203,166.66061401367188,164.0140838623047,181.54811096191406],""confidence"":0.01711985655128956},{""bbox"":[147.2111358642578,144.27645874023438,158.768798828125,155.21127319335938],""confidence"":0.010671019554138184},{""bbox"":[153.4646759033203,196.32867431640625,164.88778686523438,209.24081420898438],""confidence"":0.004045448265969753},{""bbox"":[154.0404815673828,202.16571044921875,163.7933807373047,210.4602508544922],""confidence"":0.0033277820330113173},{""bbox"":[154.03102111816406,168.72262573242188,163.6077423095703,177.76116943359375],""confidence"":0.0024935200344771147},{""bbox"":[154.06021118164062,203.2709197998047,162.94024658203125,211.7118682861328],""confidence"":0.0021173106506466866},{""bbox"":[151.48095703125,199.9116973876953,166.1243133544922,214.29689025878906],""confidence"":0.001543452381156385},{""bbox"":[154.0609130859375,191.61122131347656,163.5725555419922,201.21548461914062],""confidence"":0.0011951670749112964}]",12,0.001
002_20200624_043140(2),2,352,332,"[[189.00000000000003,159.0,199.0,170.0],[194.0,182.00000000000003,203.00000000000003,194.00000000000003],[199.99999999999997,213.0,209.0,225.0]]","[{""bbox"":[199.80026245117188,214.8740997314453,208.93521118164062,224.17649841308594],""confidence"":0.6468199491500854},{""bbox"":[190.58334350585938,160.51332092285156,199.8395538330078,169.98020935058594],""confidence"":0.6341668367385864},{""bbox"":[194.2405548095703,183.3257598876953,203.78350830078125,192.96072387695312],""confidence"":0.6152684092521667},{""bbox"":[193.36146545410156,183.86083984375,204.5492401123047,195.1191864013672],""confidence"":0.053175851702690125},{""bbox"":[199.07479858398438,215.9711456298828,208.98069763183594,226.02694702148438],""confidence"":0.03767399862408638},{""bbox"":[189.0529327392578,161.2181396484375,201.03759765625,173.13075256347656],""confidence"":0.007276908028870821},{""bbox"":[189.33079528808594,161.93167114257812,199.17674255371094,170.7129364013672],""confidence"":0.0030074079986661673},{""bbox"":[191.1526641845703,183.50955200195312,200.82452392578125,193.10641479492188],""confidence"":0.002536928979679942},{""bbox"":[198.03018188476562,214.7018280029297,207.87948608398438,223.5992431640625],""confidence"":0.002181808929890394},{""bbox"":[199.87710571289062,212.0075225830078,209.95118713378906,223.8615264892578],""confidence"":0.001964804483577609},{""bbox"":[198.53536987304688,211.96298217773438,208.2952423095703,223.19430541992188],""confidence"":0.0011892584152519703}]",11,0.001
002_20200624_043141(4),2,316,332,"[[151.0,141.0,162.0,155.0],[153.0,166.0,164.0,180.00000000000003],[155.0,198.0,164.0,212.00000000000003]]","[{""bbox"":[152.8382110595703,167.41314697265625,162.6955108642578,176.94789123535156],""confidence"":0.6335599422454834},{""bbox"":[155.9004669189453,198.93179321289062,165.5496826171875,209.15025329589844],""confidence"":0.6283069849014282},{""bbox"":[150.69491577148438,143.7513427734375,160.6405792236328,154.04415893554688],""confidence"":0.6236956715583801},{""bbox"":[151.36961364746094,166.65281677246094,161.47882080078125,177.18731689453125],""confidence"":0.05376844108104706},{""bbox"":[149.96009826660156,143.55850219726562,161.64283752441406,156.228271484375],""confidence"":0.04178953543305397},{""bbox"":[154.75144958496094,196.6025390625,167.078857421875,209.8379669189453],""confidence"":0.013714834116399288},{""bbox"":[153.2974395751953,167.47108459472656,165.06468200683594,178.3241729736328],""confidence"":0.013494694605469704},{""bbox"":[150.1810302734375,166.13833618164062,165.4485626220703,181.45033264160156],""confidence"":0.006917465012520552},{""bbox"":[154.05223083496094,201.36781311035156,163.6962127685547,209.45870971679688],""confidence"":0.0036128705833107233},{""bbox"":[154.0608367919922,170.06956481933594,162.8526153564453,178.48678588867188],""confidence"":0.002458535833284259},{""bbox"":[154.072998046875,203.31092834472656,162.8576202392578,211.69334411621094],""confidence"":0.0024442505091428757},{""bbox"":[154.1533203125,159.08908081054688,163.82000732421875,166.6234893798828],""confidence"":0.002173906657844782},{""bbox"":[154.14346313476562,147.3999786376953,163.59805297851562,154.63290405273438],""confidence"":0.0015389990294352174},{""bbox"":[154.05126953125,190.69920349121094,163.505615234375,200.8021697998047],""confidence"":0.0015142332995310426},{""bbox"":[152.13784790039062,163.59988403320312,163.46771240234375,176.2935791015625],""confidence"":0.00132850743830204},{""bbox"":[147.095458984375,144.1747589111328,158.08741760253906,154.88177490234375],""confidence"":0.0011726231314241886}]",16,0.001
002_20200624_043144(2),2,352,332,"[[200.00000000000003,149.0,210.0,157.0],[198.0,170.0,207.00000000000003,181.0],[193.0,201.0,201.0,214.0]]","[{""bbox"":[193.25399780273438,203.20274353027344,202.636962890625,212.34898376464844],""confidence"":0.661442756652832},{""bbox"":[197.19517517089844,171.75294494628906,206.58438110351562,180.96128845214844],""confidence"":0.6122521758079529},{""bbox"":[200.26739501953125,148.17669677734375,209.18606567382812,157.20765686035156],""confidence"":0.5829761624336243},{""bbox"":[195.38055419921875,170.9815216064453,204.72276306152344,180.3720703125],""confidence"":0.0326547808945179},{""bbox"":[190.82626342773438,201.77284240722656,200.5098114013672,211.7042694091797],""confidence"":0.006595323793590069},{""bbox"":[199.74697875976562,149.29408264160156,210.2799072265625,159.8695068359375],""confidence"":0.006305738352239132},{""bbox"":[194.16912841796875,203.82542419433594,204.87615966796875,213.94725036621094],""confidence"":0.004653488285839558},{""bbox"":[198.71409606933594,145.71434020996094,208.45443725585938,156.54830932617188],""confidence"":0.002574595157057047},{""bbox"":[198.06800842285156,171.45091247558594,208.073486328125,179.94894409179688],""confidence"":0.0017195794498547912},{""bbox"":[198.03585815429688,169.68679809570312,208.1693572998047,178.0789337158203],""confidence"":0.0014249647501856089},{""bbox"":[198.90463256835938,172.65892028808594,209.29762268066406,182.3975830078125],""confidence"":0.0013356177369132638},{""bbox"":[195.1173553466797,171.85032653808594,205.56265258789062,182.168701171875],""confidence"":0.0010990189621225}]",12,0.001
002_20200624_043145(8),2,316,332,"[[153.0,143.0,164.0,154.0],[155.00000000000003,169.0,167.0,177.99999999999997],[160.0,199.0,169.0,210.0]]","[{""bbox"":[154.28292846679688,144.55667114257812,164.15342712402344,154.47763061523438],""confidence"":0.6273714900016785},{""bbox"":[156.099609375,167.9313507080078,166.22772216796875,177.9644012451172],""confidence"":0.599993109703064},{""bbox"":[159.08340454101562,199.71470642089844,168.97430419921875,210.05772399902344],""confidence"":0.5907766819000244},{""bbox"":[153.22265625,143.91311645507812,165.12477111816406,156.3343048095703],""confidence"":0.08005451411008835},{""bbox"":[153.79364013671875,166.45147705078125,168.74925231933594,181.51039123535156],""confidence"":0.014140423387289047},{""bbox"":[151.24887084960938,144.80776977539062,162.62464904785156,155.6138458251953],""confidence"":0.012795867398381233},{""bbox"":[158.07525634765625,196.50889587402344,170.6837615966797,209.8646240234375],""confidence"":0.004743385128676891},{""bbox"":[155.02769470214844,142.61495971679688,165.46253967285156,154.66856384277344],""confidence"":0.0038183247670531273},{""bbox"":[154.0363311767578,166.57186889648438,163.31044006347656,177.09767150878906],""confidence"":0.0025558893103152514},{""bbox"":[162.38034057617188,202.69479370117188,172.00369262695312,210.3316650390625],""confidence"":0.0020812954753637314},{""bbox"":[154.10693359375,153.04603576660156,162.96780395507812,162.09420776367188],""confidence"":0.0020665591582655907},{""bbox"":[154.04861450195312,170.13101196289062,163.1339569091797,178.62844848632812],""confidence"":0.0020407845731824636},{""bbox"":[156.60281372070312,199.5343780517578,171.41607666015625,214.3427734375],""confidence"":0.0019404477206990123},{""bbox"":[162.38096618652344,203.72193908691406,171.72935485839844,212.13079833984375],""confidence"":0.0010257628746330738}]",14,0.001
002_20200624_043148(1),2,352,332,"[[198.0,121.00000000000001,206.0,132.0],[198.0,146.0,204.99999999999997,155.0],[199.0,178.99999999999997,208.0,186.0]]","[{""bbox"":[197.58352661132812,179.12533569335938,207.01385498046875,188.41136169433594],""confidence"":0.6501367688179016},{""bbox"":[197.02052307128906,146.738037109375,206.4606170654297,156.05117797851562],""confidence"":0.6185495853424072},{""bbox"":[196.99551391601562,122.86803436279297,205.95925903320312,131.9118194580078],""confidence"":0.5947586297988892},{""bbox"":[195.3337860107422,122.47297668457031,204.6290740966797,131.9220733642578],""confidence"":0.027390535920858383},{""bbox"":[195.3087158203125,145.5414581298828,204.58554077148438,155.35528564453125],""confidence"":0.01971171423792839},{""bbox"":[195.39088439941406,178.25341796875,205.30239868164062,188.1770782470703],""confidence"":0.013856465928256512},{""bbox"":[196.6248321533203,180.23326110839844,207.5250701904297,190.62338256835938],""confidence"":0.00919339805841446},{""bbox"":[198.8480987548828,179.03604125976562,209.37339782714844,189.0814666748047],""confidence"":0.004651474766433239},{""bbox"":[195.12086486816406,124.03032684326172,204.87933349609375,133.77401733398438],""confidence"":0.002155129797756672},{""bbox"":[195.54800415039062,147.75155639648438,208.0733184814453,159.8020782470703],""confidence"":0.002141923876479268},{""bbox"":[198.78921508789062,146.90570068359375,209.47601318359375,157.15750122070312],""confidence"":0.0016301327850669622},{""bbox"":[196.6503448486328,119.56275177001953,207.20367431640625,131.6376495361328],""confidence"":0.0013806616188958287},{""bbox"":[198.0592803955078,145.64476013183594,208.04690551757812,153.89755249023438],""confidence"":0.0012800649274140596},{""bbox"":[199.16647338867188,123.0864028930664,209.37974548339844,132.77206420898438],""confidence"":0.0011289890389889479}]",14,0.001
002_20200624_043150(3),2,316,332,"[[146.0,142.0,158.0,153.0],[149.0,164.0,160.0,178.99999999999997],[153.0,195.0,163.0,209.00000000000003]]","[{""bbox"":[149.61666870117188,166.34222412109375,159.7122802734375,176.43125915527344],""confidence"":0.6589702367782593},{""bbox"":[152.80712890625,198.47019958496094,163.14328002929688,208.67054748535156],""confidence"":0.6454628109931946},{""bbox"":[148.0457000732422,143.08229064941406,158.29270935058594,153.21697998046875],""confidence"":0.6142204999923706},{""bbox"":[152.05799865722656,196.48873901367188,164.07542419433594,209.53680419921875],""confidence"":0.027398474514484406},{""bbox"":[146.43441772460938,142.20437622070312,159.17608642578125,156.31617736816406],""confidence"":0.01200068835169077},{""bbox"":[149.3606414794922,163.56455993652344,160.4633331298828,176.20758056640625],""confidence"":0.006013383623212576},{""bbox"":[153.37210083007812,198.40078735351562,165.01414489746094,210.26156616210938],""confidence"":0.004529276397079229},{""bbox"":[147.2385711669922,165.57595825195312,158.25067138671875,177.15797424316406],""confidence"":0.004173497203737497},{""bbox"":[146.83531188964844,165.63446044921875,162.83094787597656,181.5897979736328],""confidence"":0.003933490253984928},{""bbox"":[151.2245635986328,199.01649475097656,162.81065368652344,210.50067138671875],""confidence"":0.0036797586362808943},{""bbox"":[145.7770538330078,145.2984161376953,154.88478088378906,153.72569274902344],""confidence"":0.0024421734269708395},{""bbox"":[154.06251525878906,201.8402099609375,163.7467498779297,209.251708984375],""confidence"":0.0024031216744333506},{""bbox"":[149.36679077148438,143.04689025878906,160.68272399902344,154.4250030517578],""confidence"":0.0018884086748585105},{""bbox"":[150.08428955078125,195.7138214111328,161.38856506347656,208.55711364746094],""confidence"":0.0013566826237365603}]",14,0.001
002_20200624_043154(8),2,316,332,"[[150.0,143.0,164.0,155.0],[152.0,167.0,164.0,179.0],[156.0,199.0,165.0,212.00000000000003]]","[{""bbox"":[152.1408233642578,168.1385498046875,162.15072631835938,178.1182861328125],""confidence"":0.6393247246742249},{""bbox"":[155.77499389648438,199.80686950683594,165.49974060058594,210.03622436523438],""confidence"":0.6147699356079102},{""bbox"":[150.23565673828125,144.5457763671875,160.1703338623047,154.6361083984375],""confidence"":0.6086815595626831},{""bbox"":[149.38612365722656,144.0906982421875,161.21678161621094,156.336669921875],""confidence"":0.12080053985118866},{""bbox"":[149.55601501464844,166.423828125,164.5521240234375,181.49234008789062],""confidence"":0.017928238958120346},{""bbox"":[154.7885284423828,196.58856201171875,167.0337371826172,209.8633575439453],""confidence"":0.006448457483202219},{""bbox"":[154.03688049316406,201.92050170898438,163.7549285888672,210.72145080566406],""confidence"":0.003605192294344306},{""bbox"":[147.28573608398438,144.78271484375,158.7697296142578,155.72291564941406],""confidence"":0.003563362406566739},{""bbox"":[154.06698608398438,203.30953979492188,162.74305725097656,211.66900634765625],""confidence"":0.002643351908773184},{""bbox"":[154.01425170898438,168.00880432128906,163.54251098632812,177.8274383544922],""confidence"":0.002602098509669304},{""bbox"":[154.05450439453125,170.07383728027344,162.84982299804688,178.48399353027344],""confidence"":0.0023867005947977304},{""bbox"":[154.10546875,145.82164001464844,163.4622802734375,153.99420166015625],""confidence"":0.002327987225726247},{""bbox"":[152.84271240234375,199.24484252929688,167.94566345214844,214.4042205810547],""confidence"":0.0022920086048543453},{""bbox"":[154.18789672851562,155.81700134277344,163.64317321777344,163.92481994628906],""confidence"":0.0021003345027565956},{""bbox"":[154.04119873046875,189.13803100585938,163.38784790039062,199.84349060058594],""confidence"":0.0016503218794241548},{""bbox"":[152.99429321289062,168.17970275878906,164.9944610595703,179.05572509765625],""confidence"":0.001411575824022293}]",16,0.001
002_20200624_043159(4),2,316,332,"[[150.0,141.0,160.0,156.0],[153.0,166.0,160.99999999999997,178.0],[155.0,198.0,163.0,211.0]]","[{""bbox"":[149.73960876464844,144.2352294921875,159.70123291015625,154.09812927246094],""confidence"":0.6271857619285583},{""bbox"":[154.3591766357422,199.49290466308594,164.12515258789062,209.45013427734375],""confidence"":0.5993198156356812},{""bbox"":[151.50387573242188,167.86717224121094,160.9031219482422,177.68682861328125],""confidence"":0.5616363286972046},{""bbox"":[149.01715087890625,142.61224365234375,160.28298950195312,155.1280975341797],""confidence"":0.07783614844083786},{""bbox"":[149.3841552734375,166.65509033203125,163.97390747070312,181.48892211914062],""confidence"":0.009769768454134464},{""bbox"":[147.31654357910156,144.24742126464844,158.79879760742188,155.16688537597656],""confidence"":0.009665102697908878},{""bbox"":[153.48280334472656,196.36720275878906,164.94818115234375,209.31211853027344],""confidence"":0.0037904977798461914},{""bbox"":[154.0517120361328,202.15830993652344,163.77523803710938,210.19212341308594],""confidence"":0.003222524421289563},{""bbox"":[154.0648956298828,203.2967987060547,163.01490783691406,211.74624633789062],""confidence"":0.0019931660499423742},{""bbox"":[154.03965759277344,168.7550048828125,163.6048126220703,177.50062561035156],""confidence"":0.0012529863743111491},{""bbox"":[151.13604736328125,198.21881103515625,162.37449645996094,210.24061584472656],""confidence"":0.0012315501226112247}]",11,0.001
002_20200624_203044(4),2,352,332,"[[192.99999999999997,139.00000000000003,205.0,150.0],[192.99999999999997,167.0,205.0,175.99999999999997],[198.0,197.00000000000003,207.99999999999997,207.0]]","[{""bbox"":[194.50718688964844,165.655517578125,203.81239318847656,175.07594299316406],""confidence"":0.6373570561408997},{""bbox"":[192.74981689453125,141.08847045898438,202.2825927734375,150.4598846435547],""confidence"":0.6313204169273376},{""bbox"":[196.6295623779297,197.91909790039062,205.74021911621094,207.12892150878906],""confidence"":0.6312631368637085},{""bbox"":[190.9849853515625,140.306640625,200.62841796875,150.3649444580078],""confidence"":0.019080791622400284},{""bbox"":[193.3548126220703,165.89439392089844,204.83139038085938,177.46560668945312],""confidence"":0.012171781621873379},{""bbox"":[195.25184631347656,198.636962890625,205.2432861328125,208.56349182128906],""confidence"":0.00820191204547882},{""bbox"":[194.23280334472656,141.0832977294922,204.86317443847656,151.02374267578125],""confidence"":0.004516856279224157},{""bbox"":[191.0462188720703,164.99588012695312,201.10775756835938,175.16079711914062],""confidence"":0.0019213559571653605},{""bbox"":[196.23825073242188,194.415283203125,206.3336181640625,206.03306579589844],""confidence"":0.0010015835287049413}]",9,0.001
002_20200714_225756(0),2,352,332,"[[188.0,146.0,195.99999999999997,156.0],[194.0,168.00000000000003,202.0,178.0],[203.0,198.00000000000003,212.0,208.0]]","[{""bbox"":[202.062255859375,198.38296508789062,211.4950408935547,207.72520446777344],""confidence"":0.6503814458847046},{""bbox"":[193.17770385742188,168.27418518066406,202.54246520996094,177.45755004882812],""confidence"":0.6068042516708374},{""bbox"":[186.60267639160156,145.54771423339844,195.88453674316406,154.96209716796875],""confidence"":0.5837033987045288},{""bbox"":[199.8463897705078,198.57452392578125,209.9944610595703,208.12071228027344],""confidence"":0.01577039621770382},{""bbox"":[191.15826416015625,168.52520751953125,200.90036010742188,177.67193603515625],""confidence"":0.01489667035639286},{""bbox"":[203.10533142089844,197.7067108154297,213.69248962402344,207.78453063964844],""confidence"":0.013789319433271885},{""bbox"":[194.5454559326172,168.53952026367188,204.856201171875,178.1599884033203],""confidence"":0.007075430825352669},{""bbox"":[189.3098602294922,146.51719665527344,199.35873413085938,153.91702270507812],""confidence"":0.001845065620727837},{""bbox"":[190.48423767089844,168.9576416015625,204.2333526611328,181.96192932128906],""confidence"":0.0013003096682950854},{""bbox"":[189.24156188964844,168.62489318847656,199.29014587402344,176.9283905029297],""confidence"":0.001237383927218616},{""bbox"":[182.26498413085938,145.86209106445312,191.78256225585938,154.91098022460938],""confidence"":0.0011294123250991106},{""bbox"":[189.2849578857422,172.18394470214844,199.18226623535156,180.05702209472656],""confidence"":0.0011017979122698307}]",12,0.001
002_20200714_225759(8),2,352,332,"[[199.0,139.0,208.0,149.0],[201.0,162.0,210.00000000000003,171.0],[205.0,196.0,214.00000000000003,205.99999999999997]]","[{""bbox"":[199.19554138183594,139.3192901611328,208.5668182373047,148.8445587158203],""confidence"":0.6311672329902649},{""bbox"":[204.4972686767578,195.7372283935547,213.6160430908203,205.194580078125],""confidence"":0.623515248298645},{""bbox"":[201.39971923828125,163.0439453125,210.51718139648438,172.25564575195312],""confidence"":0.5907663106918335},{""bbox"":[199.75094604492188,162.55764770507812,208.8472900390625,171.80264282226562],""confidence"":0.0327254980802536},{""bbox"":[197.9252471923828,139.3917694091797,209.45550537109375,151.1292266845703],""confidence"":0.02193293161690235},{""bbox"":[198.8014678955078,137.10855102539062,209.3238525390625,149.26280212402344],""confidence"":0.016823241487145424},{""bbox"":[199.5889129638672,163.3354949951172,209.93128967285156,173.65162658691406],""confidence"":0.004280530847609043},{""bbox"":[202.73556518554688,195.6812744140625,215.22853088378906,208.28387451171875],""confidence"":0.0029734387062489986},{""bbox"":[198.13995361328125,140.9491729736328,208.2605743408203,146.67710876464844],""confidence"":0.0028817642014473677},{""bbox"":[198.26231384277344,145.19439697265625,207.99400329589844,153.28138732910156],""confidence"":0.0020300177857279778},{""bbox"":[206.82884216308594,196.30810546875,217.01861572265625,204.45188903808594],""confidence"":0.0011914444621652365},{""bbox"":[206.85853576660156,197.7701873779297,216.82029724121094,206.32264709472656],""confidence"":0.0010510890278965235},{""bbox"":[198.1181640625,159.58792114257812,208.10987854003906,166.6090087890625],""confidence"":0.001003779238089919}]",13,0.001
002_20200714_225803(3),2,352,332,"[[192.99999999999997,147.0,202.0,156.0],[195.0,171.0,203.0,179.0],[197.0,202.0,203.99999999999997,214.0]]","[{""bbox"":[194.69558715820312,170.89846801757812,203.74867248535156,180.01161193847656],""confidence"":0.6328644156455994},{""bbox"":[193.77444458007812,147.3575439453125,203.19970703125,156.77561950683594],""confidence"":0.6323539614677429},{""bbox"":[196.50277709960938,203.43353271484375,205.57569885253906,212.63502502441406],""confidence"":0.6183373928070068},{""bbox"":[193.7338104248047,170.6358642578125,204.82659912109375,181.97508239746094],""confidence"":0.06176334246993065},{""bbox"":[191.58587646484375,148.06466674804688,203.91941833496094,159.82191467285156],""confidence"":0.007087148260325193},{""bbox"":[191.11947631835938,147.0084686279297,201.18991088867188,157.04116821289062],""confidence"":0.0032109362073242664},{""bbox"":[193.91078186035156,168.1144561767578,203.63380432128906,178.7230987548828],""confidence"":0.0014860067749395967},{""bbox"":[198.03619384765625,204.9074249267578,208.2376708984375,212.62294006347656],""confidence"":0.0013244041474536061},{""bbox"":[195.1895751953125,145.79306030273438,205.0338592529297,157.03414916992188],""confidence"":0.0012846714816987514},{""bbox"":[191.12545776367188,170.67416381835938,200.4477996826172,179.74586486816406],""confidence"":0.0012736782664433122}]",10,0.001
002_20200714_225807(3),2,352,332,"[[206.99999999999997,140.0,216.0,149.0],[211.00000000000003,162.0,221.0,171.0],[216.0,186.00000000000003,225.00000000000003,196.0]]","[{""bbox"":[207.18907165527344,139.5518341064453,216.26881408691406,148.71168518066406],""confidence"":0.6531267166137695},{""bbox"":[215.96507263183594,187.6608123779297,225.160888671875,196.9205780029297],""confidence"":0.6265718936920166},{""bbox"":[210.94046020507812,162.5970001220703,220.2433624267578,172.09312438964844],""confidence"":0.20752666890621185},{""bbox"":[205.99473571777344,140.7501678466797,216.8096466064453,151.09765625],""confidence"":0.030387215316295624},{""bbox"":[217.2838134765625,187.2579345703125,226.93399047851562,196.56077575683594],""confidence"":0.026145312935113907},{""bbox"":[207.85836791992188,139.2759552001953,218.2474365234375,149.47740173339844],""confidence"":0.025383494794368744},{""bbox"":[216.3607940673828,185.6275177001953,225.60719299316406,195.94297790527344],""confidence"":0.010927810333669186},{""bbox"":[215.06495666503906,189.1378631591797,225.45167541503906,199.4586944580078],""confidence"":0.008055153302848339},{""bbox"":[204.1854248046875,139.32289123535156,213.6793670654297,148.7646026611328],""confidence"":0.006524112541228533},{""bbox"":[213.14138793945312,187.9027557373047,222.36383056640625,196.77810668945312],""confidence"":0.004909997805953026},{""bbox"":[206.4145965576172,137.1516876220703,216.79820251464844,149.11929321289062],""confidence"":0.004387399647384882},{""bbox"":[206.88868713378906,142.0188446044922,217.02146911621094,148.29161071777344],""confidence"":0.0019046919187530875}]",12,0.001
002_20200714_225810(5),2,352,332,"[[201.0,146.0,212.0,156.0],[202.0,169.0,210.0,177.00000000000003],[202.0,195.0,210.0,203.00000000000003]]","[{""bbox"":[201.22848510742188,169.24038696289062,209.7136993408203,177.7686309814453],""confidence"":0.5711002945899963},{""bbox"":[202.0922088623047,146.52122497558594,211.12222290039062,155.43016052246094],""confidence"":0.5511113405227661},{""bbox"":[201.3050994873047,195.34332275390625,210.22535705566406,204.44256591796875],""confidence"":0.5204644203186035},{""bbox"":[199.55752563476562,169.18075561523438,208.99118041992188,178.62472534179688],""confidence"":0.045087024569511414},{""bbox"":[199.67759704589844,145.8417510986328,208.8187255859375,154.68626403808594],""confidence"":0.020669247955083847},{""bbox"":[199.4402313232422,167.8112030029297,208.35328674316406,177.0625],""confidence"":0.004230315797030926},{""bbox"":[199.41763305664062,193.96612548828125,208.45175170898438,203.45091247558594],""confidence"":0.0032633845694363117},{""bbox"":[203.63119506835938,146.70028686523438,213.70851135253906,156.1288299560547],""confidence"":0.001879073679447174},{""bbox"":[198.09681701660156,169.48158264160156,208.1669464111328,176.3909454345703],""confidence"":0.00146199157461524},{""bbox"":[198.1739959716797,173.97193908691406,208.0876922607422,180.47325134277344],""confidence"":0.0011413933243602514}]",10,0.001
002_20200714_225817(4),2,352,332,"[[201.0,99.0,210.00000000000003,109.00000000000001],[201.0,122.0,210.00000000000003,130.0],[202.0,147.0,210.0,156.0]]","[{""bbox"":[200.5413360595703,98.03043365478516,209.7326202392578,107.44159698486328],""confidence"":0.6149044632911682},{""bbox"":[200.74537658691406,121.00946807861328,209.36349487304688,129.72813415527344],""confidence"":0.6009202003479004},{""bbox"":[202.03640747070312,147.25062561035156,210.93215942382812,156.4718475341797],""confidence"":0.4977153539657593},{""bbox"":[199.47665405273438,119.47706604003906,208.6077117919922,129.1222381591797],""confidence"":0.014416584745049477},{""bbox"":[199.75038146972656,146.9322509765625,209.1726837158203,156.27577209472656],""confidence"":0.007437571883201599},{""bbox"":[198.1663360595703,100.83963775634766,207.99081420898438,109.22654724121094],""confidence"":0.0032116095535457134},{""bbox"":[199.1092987060547,121.00514221191406,211.14532470703125,133.46446228027344],""confidence"":0.0030288053676486015},{""bbox"":[199.04058837890625,99.19737243652344,211.319580078125,111.54400634765625],""confidence"":0.0026154001243412495},{""bbox"":[198.0759735107422,118.95445251464844,207.84793090820312,127.26873779296875],""confidence"":0.0024666166864335537},{""bbox"":[198.14938354492188,114.59587860107422,208.4103240966797,122.05867767333984],""confidence"":0.0021569794043898582},{""bbox"":[201.47064208984375,150.0758819580078,212.07640075683594,159.71571350097656],""confidence"":0.001117128413170576}]",11,0.001
002_20200715_002509(0),2,352,332,"[[207.99999999999997,129.0,217.0,137.0],[210.00000000000003,151.0,217.0,158.0],[212.0,178.0,221.99999999999997,184.0]]","[{""bbox"":[207.0389862060547,128.32566833496094,216.427490234375,137.66566467285156],""confidence"":0.6585693359375},{""bbox"":[211.84881591796875,177.2843475341797,220.49594116210938,185.92747497558594],""confidence"":0.5997663140296936},{""bbox"":[208.9923553466797,151.6265869140625,217.596435546875,160.30003356933594],""confidence"":0.5612550377845764},{""bbox"":[208.0212860107422,128.81727600097656,218.0762481689453,138.29885864257812],""confidence"":0.022676168009638786},{""bbox"":[208.03611755371094,150.3202362060547,216.8148651123047,159.40390014648438],""confidence"":0.014680888503789902},{""bbox"":[212.88754272460938,177.07122802734375,222.5440216064453,186.21861267089844],""confidence"":0.011800001375377178},{""bbox"":[209.91856384277344,150.40281677246094,218.48895263671875,159.35447692871094],""confidence"":0.00787163246423006},{""bbox"":[204.25778198242188,127.659423828125,214.61761474609375,137.57972717285156],""confidence"":0.001965705305337906},{""bbox"":[207.07839965820312,137.7613067626953,217.02505493164062,145.3358917236328],""confidence"":0.0015824844595044851},{""bbox"":[208.639404296875,176.90670776367188,218.13526916503906,185.89450073242188],""confidence"":0.0014961744891479611},{""bbox"":[207.2637481689453,152.995849609375,219.0778350830078,164.2081298828125],""confidence"":0.001078692963346839}]",11,0.001
002_20200715_002513(4),2,352,332,"[[205.0,138.0,211.99999999999997,147.0],[207.99999999999997,160.0,217.0,169.0],[212.0,184.99999999999997,220.0,193.0]]","[{""bbox"":[211.80438232421875,185.1988067626953,220.512939453125,193.9156951904297],""confidence"":0.6455309391021729},{""bbox"":[208.02816772460938,159.46505737304688,217.041748046875,168.5472412109375],""confidence"":0.6307178139686584},{""bbox"":[203.7252197265625,137.0231475830078,212.7801513671875,146.14830017089844],""confidence"":0.6284136176109314},{""bbox"":[212.8517303466797,184.81051635742188,222.5122528076172,194.05584716796875],""confidence"":0.025094157084822655},{""bbox"":[209.08299255371094,158.8689727783203,218.1642303466797,167.86158752441406],""confidence"":0.022150414064526558},{""bbox"":[208.69082641601562,185.0416717529297,218.3927001953125,194.14016723632812],""confidence"":0.002773761749267578},{""bbox"":[206.9165496826172,162.3037109375,216.7737274169922,170.86643981933594],""confidence"":0.002060305792838335},{""bbox"":[199.8441162109375,136.60000610351562,209.3868408203125,145.7323455810547],""confidence"":0.0012553551932796836}]",8,0.001
002_20200831_163149(1),2,316,332,"[[253.00000000000003,120.0,260.0,129.0]]","[{""bbox"":[251.50892639160156,120.00873565673828,260.766845703125,129.64988708496094],""confidence"":0.5798835158348083},{""bbox"":[250.48345947265625,121.32688903808594,260.0569152832031,131.2377166748047],""confidence"":0.0219743512570858},{""bbox"":[252.2078399658203,117.91337585449219,261.9418640136719,128.95260620117188],""confidence"":0.010499514639377594},{""bbox"":[253.76535034179688,120.30696105957031,262.9012451171875,128.73631286621094],""confidence"":0.0029048603028059006},{""bbox"":[254.70372009277344,119.50532531738281,264.4281311035156,129.0688934326172],""confidence"":0.0013743221061304212},{""bbox"":[250.32293701171875,117.92550659179688,259.5700378417969,128.7574920654297],""confidence"":0.0013536813203245401}]",6,0.001
002_20200831_163150(6),2,316,332,"[[241.00000000000003,137.0,251.0,148.0]]","[{""bbox"":[240.75286865234375,137.7159423828125,250.46337890625,147.3065185546875],""confidence"":0.6186908483505249},{""bbox"":[238.50057983398438,138.20404052734375,250.43910217285156,150.01402282714844],""confidence"":0.009745165705680847},{""bbox"":[238.76144409179688,138.04360961914062,247.9524688720703,147.85116577148438],""confidence"":0.0067224097438156605},{""bbox"":[241.9553680419922,134.67208862304688,251.3357696533203,145.5377197265625],""confidence"":0.0023485939018428326},{""bbox"":[237.08306884765625,139.275634765625,246.61737060546875,147.19863891601562],""confidence"":0.0012604448711499572}]",5,0.001
002_20200901_083452(2),2,316,332,"[[242.0,170.0,252.99999999999997,180.0]]","[{""bbox"":[243.0112762451172,171.41500854492188,252.04745483398438,180.7235107421875],""confidence"":0.557670533657074},{""bbox"":[245.38699340820312,170.122802734375,254.43997192382812,178.528564453125],""confidence"":0.003098462475463748},{""bbox"":[243.3851776123047,167.89968872070312,253.24012756347656,179.1377410888672],""confidence"":0.0011825923575088382}]",3,0.001
002_20200901_083456(7),2,316,332,"[[237.0,180.00000000000003,248.0,189.0]]","[{""bbox"":[236.75941467285156,180.5182342529297,246.08299255371094,189.77774047851562],""confidence"":0.596769392490387},{""bbox"":[238.9254150390625,180.04054260253906,247.704833984375,189.20655822753906],""confidence"":0.014806127175688744},{""bbox"":[234.372314453125,179.56298828125,245.63046264648438,190.18177795410156],""confidence"":0.008315864950418472},{""bbox"":[234.5686798095703,180.31735229492188,247.42471313476562,193.3983154296875],""confidence"":0.004032485652714968},{""bbox"":[237.09530639648438,178.46250915527344,246.083984375,186.83070373535156],""confidence"":0.003471714910119772}]",5,0.001
002_20200901_083501(2),2,316,332,"[[242.0,182.00000000000003,253.99999999999997,192.0]]","[{""bbox"":[242.90098571777344,183.0822296142578,252.08746337890625,192.61923217773438],""confidence"":0.525804340839386},{""bbox"":[245.4163055419922,184.764892578125,255.01698303222656,190.73318481445312],""confidence"":0.0032464524265378714},{""bbox"":[243.06350708007812,180.30897521972656,252.73033142089844,191.71253967285156],""confidence"":0.0032279675360769033},{""bbox"":[245.43226623535156,186.844482421875,254.58346557617188,195.2366180419922],""confidence"":0.0014128340408205986},{""bbox"":[238.61599731445312,182.1827850341797,249.22203063964844,192.13885498046875],""confidence"":0.0010707072215154767}]",5,0.001
002_20200901_083505(8),2,316,332,"[[236.0,187.0,246.99999999999997,196.99999999999997]]","[{""bbox"":[237.33645629882812,188.59771728515625,246.28514099121094,197.4955291748047],""confidence"":0.5447193384170532},{""bbox"":[238.33877563476562,188.90283203125,248.10232543945312,198.43612670898438],""confidence"":0.06364346295595169},{""bbox"":[234.35183715820312,186.93797302246094,244.9127655029297,197.00723266601562],""confidence"":0.0062555777840316296},{""bbox"":[237.0958251953125,187.2670135498047,246.48765563964844,195.5167694091797],""confidence"":0.002888790797442198},{""bbox"":[234.9066925048828,188.14877319335938,248.64520263671875,201.85182189941406],""confidence"":0.0017676666611805558}]",5,0.001
002_20200901_083510(2),2,316,332,"[[241.00000000000003,150.0,252.0,161.0]]","[{""bbox"":[243.11280822753906,150.9854736328125,252.29295349121094,160.47567749023438],""confidence"":0.5573354959487915},{""bbox"":[245.38693237304688,152.33287048339844,255.36976623535156,160.32916259765625],""confidence"":0.003221853170543909},{""bbox"":[245.3816375732422,153.49159240722656,254.07745361328125,161.86117553710938],""confidence"":0.002579863416031003},{""bbox"":[239.9346160888672,149.7694091796875,254.4595489501953,164.518310546875],""confidence"":0.0020344743970781565},{""bbox"":[243.41461181640625,147.09446716308594,253.54632568359375,158.91763305664062],""confidence"":0.0013310587964951992}]",5,0.001
002_20200901_083514(7),2,316,332,"[[246.0,168.00000000000003,256.0,178.0]]","[{""bbox"":[246.36024475097656,169.17364501953125,255.4160919189453,178.41897583007812],""confidence"":0.5764372944831848},{""bbox"":[244.24029541015625,167.2472686767578,257.30889892578125,181.22608947753906],""confidence"":0.02021809294819832},{""bbox"":[246.86325073242188,167.6461181640625,256.6212158203125,179.05899047851562],""confidence"":0.009296718053519726},{""bbox"":[245.37660217285156,170.1089630126953,254.07725524902344,178.4580535888672],""confidence"":0.0031284852884709835}]",4,0.001
002_20200901_191340(2),2,316,332,"[[243.0,150.0,252.99999999999997,159.0]]","[{""bbox"":[243.3938751220703,149.39698791503906,253.55419921875,159.37559509277344],""confidence"":0.5312800407409668},{""bbox"":[242.37815856933594,150.94570922851562,252.24339294433594,160.69830322265625],""confidence"":0.13721168041229248},{""bbox"":[243.95045471191406,147.072021484375,253.75706481933594,158.4860382080078],""confidence"":0.0069490280002355576},{""bbox"":[245.4373321533203,150.18405151367188,255.20480346679688,156.20692443847656],""confidence"":0.0036969520151615143},{""bbox"":[245.54345703125,149.1644744873047,256.1092834472656,159.99559020996094],""confidence"":0.0030803869012743235},{""bbox"":[245.41018676757812,153.47683715820312,254.25926208496094,161.88926696777344],""confidence"":0.002616178710013628}]",6,0.001
002_20200901_191343(2),2,316,332,"[[245.0,172.0,253.99999999999997,183.0]]","[{""bbox"":[245.18214416503906,174.5387420654297,254.25804138183594,183.61940002441406],""confidence"":0.5709229707717896},{""bbox"":[246.49664306640625,174.58499145507812,256.18719482421875,183.93959045410156],""confidence"":0.030185120180249214},{""bbox"":[242.6767578125,173.86898803710938,252.56309509277344,183.47007751464844],""confidence"":0.017929112538695335},{""bbox"":[245.44241333007812,176.7568359375,255.19374084472656,182.801513671875],""confidence"":0.0033862958662211895},{""bbox"":[244.39456176757812,171.90379333496094,254.67254638671875,183.76931762695312],""confidence"":0.0033076307736337185},{""bbox"":[245.4241943359375,178.5386199951172,254.5237274169922,186.89581298828125],""confidence"":0.002086382359266281}]",6,0.001
002_20200901_191346(1),2,316,332,"[[246.0,159.0,256.0,169.0]]","[{""bbox"":[247.22421264648438,159.69898986816406,255.96139526367188,168.67633056640625],""confidence"":0.5459205508232117},{""bbox"":[245.35498046875,160.66897583007812,255.32420349121094,169.71107482910156],""confidence"":0.003167815739288926},{""bbox"":[243.86636352539062,158.32821655273438,258.1253356933594,172.77029418945312],""confidence"":0.002206717850640416}]",3,0.001
002_20200901_191348(8),2,316,332,"[[242.0,138.0,251.99999999999997,148.00000000000003]]","[{""bbox"":[241.2471923828125,137.8588104248047,250.8761749267578,147.66615295410156],""confidence"":0.5883541107177734},{""bbox"":[242.49237060546875,137.26693725585938,252.39111328125,146.9085235595703],""confidence"":0.2262023687362671},{""bbox"":[238.5247344970703,138.36424255371094,250.07794189453125,149.6806182861328],""confidence"":0.0051719811744987965},{""bbox"":[245.40760803222656,137.01348876953125,254.56149291992188,145.38978576660156],""confidence"":0.0026926000136882067},{""bbox"":[242.79153442382812,134.69308471679688,252.16880798339844,145.5816192626953],""confidence"":0.0026157060638070107},{""bbox"":[238.75111389160156,138.09007263183594,247.73748779296875,147.59820556640625],""confidence"":0.0025761642027646303}]",6,0.001
002_20200901_191351(5),2,316,332,"[[236.0,178.0,248.0,189.0]]","[{""bbox"":[237.4215087890625,179.6477508544922,246.34271240234375,188.45120239257812],""confidence"":0.6271868348121643},{""bbox"":[234.5500946044922,179.8430938720703,245.6647186279297,190.23788452148438],""confidence"":0.0052256276831030846},{""bbox"":[237.07281494140625,178.43223571777344,245.58880615234375,186.75173950195312],""confidence"":0.003240072401240468},{""bbox"":[237.07237243652344,186.35208129882812,245.5843048095703,195.05665588378906],""confidence"":0.0011718006571754813}]",4,0.001
002_20200905_003315(2),2,316,332,"[[246.0,168.0,256.0,180.0]]","[{""bbox"":[244.81776428222656,169.17703247070312,254.4303436279297,178.90586853027344],""confidence"":0.6093103289604187},{""bbox"":[243.27215576171875,169.6519317626953,254.14039611816406,181.17657470703125],""confidence"":0.0848146453499794},{""bbox"":[247.04791259765625,167.61390686035156,256.2035827636719,177.74647521972656],""confidence"":0.004299787804484367},{""bbox"":[242.2602081298828,171.1802520751953,252.42095947265625,181.36148071289062],""confidence"":0.0018630666891112924},{""bbox"":[245.59716796875,169.96470642089844,256.55670166015625,181.27484130859375],""confidence"":0.0010522226803004742}]",5,0.001
002_20200905_003319(2),2,316,332,"[[246.0,162.0,256.0,171.0]]","[{""bbox"":[246.4261016845703,161.56051635742188,255.41896057128906,170.80734252929688],""confidence"":0.6116846799850464},{""bbox"":[244.3462677001953,161.6342010498047,254.98558044433594,172.87161254882812],""confidence"":0.06245460733771324},{""bbox"":[246.9763641357422,159.5471649169922,255.8619842529297,169.7008514404297],""confidence"":0.025010261684656143},{""bbox"":[242.72720336914062,161.88760375976562,252.90835571289062,172.49575805664062],""confidence"":0.004525730386376381}]",4,0.001
002_20200905_003323(3),2,316,332,"[[245.0,161.0,255.0,171.0]]","[{""bbox"":[243.8564910888672,161.39512634277344,253.93157958984375,171.81353759765625],""confidence"":0.5971062183380127},{""bbox"":[242.61907958984375,162.00616455078125,252.50848388671875,172.26084899902344],""confidence"":0.05854826420545578},{""bbox"":[245.2860870361328,159.5367889404297,254.06956481933594,169.2021484375],""confidence"":0.022872403264045715},{""bbox"":[245.69703674316406,161.08055114746094,256.0878601074219,171.5533905029297],""confidence"":0.011060820892453194},{""bbox"":[245.3912353515625,161.7786865234375,254.205810546875,170.1717071533203],""confidence"":0.0029085446149110794}]",5,0.001
002_20200905_003327(3),2,316,332,"[[242.0,162.0,251.99999999999997,172.99999999999997]]","[{""bbox"":[242.6078338623047,163.30027770996094,251.47914123535156,172.31033325195312],""confidence"":0.5524284243583679},{""bbox"":[245.38990783691406,161.8634033203125,254.48098754882812,170.25901794433594],""confidence"":0.0029276437126100063},{""bbox"":[238.62554931640625,163.32139587402344,249.98751831054688,174.40911865234375],""confidence"":0.0018790962640196085},{""bbox"":[238.7321319580078,163.0593719482422,247.6769256591797,172.561767578125],""confidence"":0.0011036657961085439}]",4,0.001
002_20200905_003331(2),2,316,332,"[[247.00000000000003,164.0,256.0,172.99999999999997]]","[{""bbox"":[247.13755798339844,164.28216552734375,256.23602294921875,173.84725952148438],""confidence"":0.567568838596344},{""bbox"":[244.9134979248047,163.19439697265625,257.5195617675781,176.86801147460938],""confidence"":0.007270710077136755},{""bbox"":[245.43353271484375,162.355712890625,254.81448364257812,170.501953125],""confidence"":0.0036563181784003973},{""bbox"":[245.42196655273438,170.05938720703125,254.441162109375,178.56411743164062],""confidence"":0.0010242897551506758}]",4,0.001
002_20200905_003335(3),2,316,332,"[[245.0,165.99999999999997,253.99999999999997,175.99999999999997]]","[{""bbox"":[243.57406616210938,166.64151000976562,252.4401092529297,175.70346069335938],""confidence"":0.5672840476036072},{""bbox"":[241.71311950683594,166.63230895996094,252.20394897460938,177.1137237548828],""confidence"":0.18224522471427917},{""bbox"":[244.0315704345703,163.73512268066406,253.48995971679688,174.43484497070312],""confidence"":0.0032885391265153885},{""bbox"":[245.59500122070312,167.63584899902344,255.28622436523438,172.68182373046875],""confidence"":0.0028471897821873426},{""bbox"":[247.15187072753906,166.62351989746094,256.10784912109375,175.1649169921875],""confidence"":0.0025862676557153463}]",5,0.001
002_20200905_163922(9),2,316,332,"[[245.0,153.0,257.0,163.0]]","[{""bbox"":[246.49942016601562,155.23231506347656,255.6665802001953,164.59695434570312],""confidence"":0.5754290223121643},{""bbox"":[245.3741455078125,153.53578186035156,254.12596130371094,161.8750457763672],""confidence"":0.0033910321071743965},{""bbox"":[243.52621459960938,154.1847686767578,257.6940002441406,168.56765747070312],""confidence"":0.002055721590295434},{""bbox"":[242.84295654296875,155.4964599609375,253.49961853027344,165.32693481445312],""confidence"":0.0019583855755627155},{""bbox"":[245.37542724609375,161.64454650878906,253.9916229248047,170.1645965576172],""confidence"":0.0014997113030403852}]",5,0.001
002_20200905_163926(4),2,316,332,"[[242.00000000000003,138.0,251.0,148.00000000000003]]","[{""bbox"":[241.5032958984375,138.3135986328125,251.09701538085938,148.01800537109375],""confidence"":0.6025515794754028},{""bbox"":[238.43234252929688,138.4149627685547,250.32711791992188,150.29209899902344],""confidence"":0.0032766384538263083},{""bbox"":[238.76785278320312,137.84963989257812,252.6044464111328,152.0767364501953],""confidence"":0.002150134649127722},{""bbox"":[245.38153076171875,137.13780212402344,254.58309936523438,145.5106964111328],""confidence"":0.0017963338177651167},{""bbox"":[238.5059051513672,137.9571990966797,248.32989501953125,148.78712463378906],""confidence"":0.0014976812526583672}]",5,0.001
002_20200905_163929(7),2,316,332,"[[242.00000000000003,127.99999999999999,251.0,138.0]]","[{""bbox"":[241.03152465820312,129.39126586914062,250.59324645996094,138.89439392089844],""confidence"":0.6141793727874756},{""bbox"":[238.5205078125,129.68685913085938,250.2993621826172,141.18252563476562],""confidence"":0.004710256587713957},{""bbox"":[242.41839599609375,126.39164733886719,251.62367248535156,137.0383758544922],""confidence"":0.0017383296508342028},{""bbox"":[245.36219787597656,128.69740295410156,254.6122589111328,137.1853485107422],""confidence"":0.0011580080026760697}]",4,0.001
002_20200905_163932(9),2,316,332,"[[247.00000000000003,148.0,257.0,160.0]]","[{""bbox"":[247.1744842529297,149.12657165527344,256.838134765625,159.30494689941406],""confidence"":0.5395500063896179},{""bbox"":[246.54922485351562,151.3891143798828,255.56246948242188,160.4832305908203],""confidence"":0.1772320419549942},{""bbox"":[247.86843872070312,147.06707763671875,257.3049621582031,157.9669189453125],""confidence"":0.01687154732644558},{""bbox"":[245.38169860839844,151.61569213867188,255.0626678466797,158.9237823486328],""confidence"":0.003618503687903285},{""bbox"":[245.38449096679688,153.52017211914062,254.14190673828125,161.8741912841797],""confidence"":0.0025873626582324505},{""bbox"":[246.45155334472656,147.055908203125,255.27989196777344,157.1950225830078],""confidence"":0.0010826245415955782}]",6,0.001
002_20200905_163936(2),2,316,332,"[[239.0,148.0,250.0,158.0]]","[{""bbox"":[238.8964080810547,148.5999755859375,248.6692657470703,158.8260955810547],""confidence"":0.5748640298843384},{""bbox"":[239.42953491210938,146.80419921875,249.4282989501953,157.9420623779297],""confidence"":0.060155414044857025},{""bbox"":[238.88592529296875,150.61253356933594,247.93511962890625,160.06002807617188],""confidence"":0.05274972319602966},{""bbox"":[237.1016082763672,151.1157989501953,246.69448852539062,157.61175537109375],""confidence"":0.0027863362338393927},{""bbox"":[238.09835815429688,146.94252014160156,247.26820373535156,157.64573669433594],""confidence"":0.0027787850704044104},{""bbox"":[237.1012725830078,153.75799560546875,246.22784423828125,162.08901977539062],""confidence"":0.001351127284578979},{""bbox"":[241.1857452392578,147.91726684570312,252.05593872070312,159.0902862548828],""confidence"":0.0011465990683063865}]",7,0.001
002_20200905_163939(7),2,316,332,"[[249.0,126.0,259.0,135.0]]","[{""bbox"":[250.697021484375,126.5289535522461,259.99310302734375,136.17620849609375],""confidence"":0.5743879675865173},{""bbox"":[248.32693481445312,125.6936264038086,261.5845642089844,139.43983459472656],""confidence"":0.003600148018449545},{""bbox"":[253.71688842773438,127.91756439208984,263.6044921875,135.71994018554688],""confidence"":0.003037921851500869}]",3,0.001
002_20200905_203836(3),2,316,332,"[[250.0,132.0,260.0,141.0]]","[{""bbox"":[250.97906494140625,132.15138244628906,260.38128662109375,141.934326171875],""confidence"":0.6006516814231873},{""bbox"":[250.46754455566406,133.98757934570312,259.9333190917969,143.63157653808594],""confidence"":0.03514785319566727},{""bbox"":[251.00775146484375,130.2528533935547,261.7493896484375,142.7413330078125],""confidence"":0.016387714073061943},{""bbox"":[253.75804138183594,130.35455322265625,263.1940612792969,137.6732940673828],""confidence"":0.0028167548589408398},{""bbox"":[128.42169189453125,53.24232482910156,134.58750915527344,60.34127426147461],""confidence"":0.001250570290721953}]",5,0.001
002_20200905_203840(3),2,316,332,"[[247.00000000000003,132.0,256.0,141.0]]","[{""bbox"":[245.92660522460938,130.16831970214844,256.44287109375,141.03736877441406],""confidence"":0.6487160921096802},{""bbox"":[245.58883666992188,133.21786499023438,256.07269287109375,143.5198211669922],""confidence"":0.004298187792301178},{""bbox"":[245.52430725097656,131.32980346679688,255.0296173095703,137.9138641357422],""confidence"":0.0017293633427470922}]",3,0.001
002_20200905_203844(2),2,316,332,"[[243.0,188.00000000000003,253.99999999999997,196.99999999999997]]","[{""bbox"":[244.29684448242188,187.9913787841797,254.4301300048828,198.34959411621094],""confidence"":0.6149550676345825},{""bbox"":[242.68824768066406,188.4973907470703,253.9353485107422,199.9677734375],""confidence"":0.006019278429448605},{""bbox"":[245.35496520996094,184.16921997070312,254.4520263671875,194.1477508544922],""confidence"":0.0027460232377052307},{""bbox"":[245.4151153564453,187.19027709960938,256.2718200683594,198.06309509277344],""confidence"":0.002300088293850422},{""bbox"":[245.5084228515625,187.85012817382812,254.92703247070312,195.54019165039062],""confidence"":0.0018331600585952401},{""bbox"":[245.4840087890625,186.3460693359375,255.1634521484375,193.5330352783203],""confidence"":0.0016367899952456355},{""bbox"":[243.4404754638672,190.9367218017578,254.17288208007812,201.6799774169922],""confidence"":0.0012554001295939088}]",7,0.001
002_20200905_203848(4),2,316,332,"[[242.00000000000003,156.0,251.0,166.0]]","[{""bbox"":[241.36070251464844,154.59716796875,251.48182678222656,165.01708984375],""confidence"":0.6252814531326294},{""bbox"":[239.38131713867188,156.50140380859375,251.97645568847656,168.43006896972656],""confidence"":0.002244137227535248},{""bbox"":[243.19500732421875,151.12916564941406,252.66712951660156,161.95249938964844],""confidence"":0.0016261310083791614}]",3,0.001
002_20200905_203856(3),2,316,332,"[[239.0,235.0,251.0,245.0]]","[{""bbox"":[240.8251495361328,234.24998474121094,250.64157104492188,244.00181579589844],""confidence"":0.5814359784126282},{""bbox"":[242.2989044189453,233.62106323242188,252.1081085205078,244.09767150878906],""confidence"":0.028613688424229622},{""bbox"":[239.14297485351562,235.46133422851562,251.35577392578125,247.27676391601562],""confidence"":0.002951045287773013},{""bbox"":[238.47145080566406,232.6144256591797,249.89869689941406,243.63392639160156],""confidence"":0.0018038144335150719},{""bbox"":[238.7663116455078,234.65272521972656,248.3458709716797,243.72425842285156],""confidence"":0.001647362601943314},{""bbox"":[245.4790802001953,235.0660400390625,255.27609252929688,241.24209594726562],""confidence"":0.0011367942206561565}]",6,0.001
002_20200905_203900(3),2,316,332,"[[246.0,233.00000000000003,255.0,243.0]]","[{""bbox"":[245.64991760253906,232.18203735351562,255.55194091796875,242.37289428710938],""confidence"":0.5902589559555054},{""bbox"":[246.56703186035156,229.92254638671875,256.9778747558594,242.123046875],""confidence"":0.008043015375733376},{""bbox"":[245.40380859375,234.3208465576172,255.3011474609375,241.0663604736328],""confidence"":0.0036290038842707872},{""bbox"":[245.39645385742188,236.4943084716797,254.2292938232422,244.8775177001953],""confidence"":0.0028820412699133158}]",4,0.001
002_20200906_003059(0),2,316,332,"[[243.0,155.0,250.99999999999997,165.0]]","[{""bbox"":[243.57431030273438,155.5051727294922,253.42271423339844,165.7359619140625],""confidence"":0.6578078866004944},{""bbox"":[242.5908660888672,157.68075561523438,253.3604278564453,168.42050170898438],""confidence"":0.0028723899740725756},{""bbox"":[245.7890625,154.9539031982422,256.19097900390625,165.41140747070312],""confidence"":0.0024218824692070484},{""bbox"":[245.44107055664062,154.0416259765625,254.697265625,162.14239501953125],""confidence"":0.0023531937040388584}]",4,0.001
